time_h,centre_C_kg_per_kg,surface_C_kg_per_kg
0.0,2.55,2.55
0.016666666666666666,2.55,2.3270855075611743
0.027777777777777776,2.55,2.26691810978415
0.03333333333333333,2.55,2.2420962174503494
0.05,2.55,2.179837863792437
0.06666666666666667,2.55,2.1292866858945283
0.08333333333333333,2.55,2.08635656399775
0.1,2.55,2.048875357941723
0.11666666666666667,2.55,2.015462737563446
0.13333333333333333,2.5500000000000003,1.9852256035743543
0.15,2.5499999999999976,1.9576421816350673
0.16666666666666666,2.5499999999999616,1.932333679543201
0.18333333333333332,2.5499999999993657,1.9089927695619293
0.2,2.549999999993363,1.8873219812831223
0.21666666666666667,2.549999999951076,1.867090373200556
0.23333333333333334,2.5499999997263263,1.8481241842613463
0.25,2.5499999987728046,1.8302412200402693
0.26666666666666666,2.5499999954035846,1.8134090841342294
0.2833333333333333,2.5499999851613335,1.797491426227665
0.3,2.549999957689331,1.7824863938304396
0.31666666666666665,2.5499998913659123,1.768308671846577
0.3333333333333333,2.5499997449316547,1.75483808047043
0.35,2.5499994454137034,1.7419706184240111
0.36666666666666664,2.5499988718338513,1.729738428626205
0.38333333333333336,2.5499978344758394,1.7181343896990164
0.4,2.549996049826139,1.7069977008543635
0.4166666666666667,2.5499931115553625,1.696250112215254
0.43333333333333335,2.549988458211594,1.6859257757419372
0.45,2.5499813387951225,1.6760019607019454
0.4666666666666667,2.5499707776715006,1.6664391930834626
0.48333333333333334,2.549955539953265,1.6573276524081602
0.5,2.549934098712396,1.648617763296951
0.5166666666666667,2.5499046049609277,1.640244383943005
0.5333333333333333,2.549864860096562,1.6321075787373802
0.55,2.5498122923584394,1.6241802185117686
0.5666666666666667,2.5497439396972377,1.6165266401277532
0.5833333333333334,2.5496564422710577,1.6090910983556457
0.6,2.5495460424833682,1.6018523248711327
0.6166666666666667,2.5494085894787646,1.5948758497063464
0.6333333333333333,2.549239552575476,1.5881033382220027
0.65,2.5490340415143176,1.5815258104093795
0.6666666666666666,2.5487868274876786,1.575144839237342
0.6833333333333333,2.548492371316921,1.5689496870947
0.7,2.5481448547144043,1.5629293997126792
0.7166666666666667,2.547738217632956,1.5569909990415367
0.7333333333333333,2.547266197896278,1.5512065047531243
0.75,2.546722381235233,1.5455906749477963
0.7666666666666667,2.5461002661543533,1.5400416794523804
0.7833333333333333,2.545393302773966,1.534553202445668
0.8,2.544594934802478,1.529201873456921
0.8166666666666667,2.543698681005056,1.523941447333264
0.8333333333333334,2.5426982001528713,1.518709216739108
0.85,2.541587315861685,1.5135729731950105
0.8666666666666667,2.540360078888896,1.508577260646832
0.8833333333333333,2.5390108312648882,1.5037347247255275
0.9,2.537534221350406,1.4989467122522955
0.9166666666666666,2.535925158391591,1.4942311236714823
0.9333333333333333,2.534178822863077,1.489538639544481
0.95,2.532290738846728,1.4848823474306536
0.9666666666666667,2.5302568286337657,1.4802431312441215
0.9833333333333333,2.528073479931895,1.4756175058986687
1.0,2.525737581666651,1.4710935709908923
1.0166666666666666,2.523246564969559,1.4666569487321486
1.0333333333333334,2.5205983778518903,1.4622500025083658
1.05,2.517791348614384,1.4579176451637879
1.0666666666666667,2.5148241720117928,1.4536131959830598
1.0833333333333333,2.511695948711878,1.449315099171241
1.1,2.508406165870898,1.445048479425492
1.1166666666666667,2.5049547342984004,1.4407767045402655
1.1333333333333333,2.501342036129848,1.4364794802280028
1.15,2.497568923799101,1.432242156986101
1.1666666666666667,2.493636754283581,1.4280465521092676
1.1833333333333333,2.4895473786337106,1.4238677455589674
1.2,2.4853029642451343,1.4197797062584112
1.2166666666666666,2.480905921326236,1.415682764081405
1.2333333333333334,2.476358842679126,1.4115238199740097
1.25,2.471664421951071,1.4073973065726555
1.2666666666666666,2.466825689546597,1.4033186456460207
1.2833333333333334,2.461846140384872,1.399283692633835
1.3,2.4567295095900694,1.3952954403044602
1.3166666666666667,2.4514795771205233,1.3913261549730098
1.3333333333333333,2.446100066143822,1.3873595188418548
1.35,2.4405946949366712,1.3833602946576644
1.3666666666666667,2.434967237122567,1.3793958589068593
1.3833333333333333,2.429221622076475,1.3754187190764136
1.4,2.4233620168523404,1.3713722246522437
1.4166666666666667,2.4173927086382037,1.3673382682610218
1.4333333333333333,2.4113182528530537,1.3633806655585525
1.45,2.4051435243594597,1.359460023296308
1.4666666666666666,2.3988733605218884,1.3554811958126265
1.4833333333333334,2.3925121905591222,1.3515285501042422
1.5,2.3860642375382324,1.3475672694956466
1.5166666666666666,2.3795338409745685,1.343644133506707
1.5333333333333334,2.372925347429603,1.3397522891051976
1.55,2.3662430412767814,1.3358144549641617
1.5666666666666667,2.3594909914185673,1.33187954454132
1.5833333333333333,2.35267313330905,1.327965145454976
1.6,2.3457934619693495,1.3240689246956785
1.6166666666666667,2.338855973083035,1.3201118661300772
1.6333333333333333,2.3318644846649446,1.3161596006581286
1.65,2.324822781438442,1.3122798531466853
1.6666666666666667,2.3177348085381237,1.308480784994749
1.6833333333333333,2.3106043846669224,1.3046461636846645
1.7,2.3034346702990542,1.3007432753112003
1.7166666666666666,2.2962283508968824,1.2968787476320758
1.7333333333333334,2.288988239823342,1.2930571589989648
1.75,2.281717453009586,1.2892117595154255
1.7666666666666666,2.2744189308197393,1.2853204815787582
1.7833333333333334,2.2670953727682757,1.2814033556695066
1.8,2.2597495323044208,1.2774540938116328
1.8166666666666667,2.252384381784777,1.2735844487479862
1.8333333333333333,2.2450030944893835,1.2697320312200968
1.85,2.2376087520106425,1.2658254173600059
1.8666666666666667,2.230203872848048,1.261913823162717
1.8833333333333333,2.2227907251218557,1.2580372654237284
1.9,2.2153717476503876,1.2541488516859172
1.9166666666666667,2.207949333234676,1.250297068298099
1.9333333333333333,2.2005255965342045,1.2464908889864972
1.95,2.1931024844194247,1.2426599959752902
1.9666666666666666,2.1856815714239914,1.238802281566601
1.9833333333333334,2.1782641380719507,1.2349494798290928
2.0,2.170851534319539,1.231092609907377
2.0166666666666666,2.163445332275049,1.2272404427075043
2.033333333333333,2.156047127228397,1.2233483320392236
2.05,2.1486584005162936,1.2194606214148924
2.066666666666667,2.141280625362367,1.2155668354871034
2.0833333333333335,2.133915483653299,1.2116950442662673
2.1,2.126564671030787,1.2078460775184008
2.1166666666666667,2.1192297590800866,1.2039603247386894
2.1333333333333333,2.1119120095199118,1.2000756499608072
2.15,2.1046124806518316,1.196233796242064
2.1666666666666665,2.0973322932322676,1.1923825357412408
2.183333333333333,2.090072513588009,1.1885702205040831
2.2,2.0828338884139312,1.184788137398083
2.216666666666667,2.075616962949656,1.1809540120636617
2.2333333333333334,2.068421975974094,1.1771286094287314
2.25,2.0612491483066497,1.1732960460902286
2.2666666666666666,2.0540989955989586,1.1694929671696737
2.283333333333333,2.0469721863825714,1.1657205242990618
2.3,2.039869462787809,1.1619458546964851
2.316666666666667,2.0327912150848926,1.1581331301233535
2.3333333333333335,2.025737632442112,1.1543151805982343
2.35,2.018709005107746,1.15053219124504
2.3666666666666667,2.011705945043919,1.1467827505834192
2.3833333333333333,2.004729079104424,1.1430360064493363
2.4,1.99777871549813,1.1392704085389387
2.4166666666666665,1.9908548262598793,1.1354798486035595
2.433333333333333,1.9839574473976345,1.131690862725374
2.45,1.9770869240603413,1.1279128674496677
2.466666666666667,1.9702438238016287,1.124165882513393
2.4833333333333334,1.963428670627269,1.1203801740292123
2.5,1.9566417548017259,1.1166476186266852
2.5166666666666666,1.94988331543609,1.1130026280931835
2.533333333333333,1.9431536402938663,1.1092956337280464
2.55,1.936452547131736,1.1055541738306809
2.566666666666667,1.9297795645028397,1.1018260912984077
2.5833333333333335,1.9231346284992885,1.0981283758875484
2.6,1.9165179470937677,1.094431636921403
2.6166666666666667,1.9099297914423292,1.0907448310724024
2.6333333333333333,1.9033702565676307,1.0870982741780815
2.65,1.896839336447123,1.0834585709015174
2.6666666666666665,1.8903368731828538,1.0797855739780438
2.683333333333333,1.8838625360980288,1.0761346954561348
2.7,1.8774161052312466,1.0724765210680514
2.716666666666667,1.8709976834332236,1.0687808371307932
2.7333333333333334,1.8646073150738984,1.0651248093640813
2.75,1.858245198636008,1.0614828861316286
2.7666666666666666,1.8519117508427103,1.0578849974698648
2.783333333333333,1.8456071272904426,1.054307601532515
2.8,1.83933117450322,1.0507119352254206
2.816666666666667,1.8330834449317581,1.0471328724256788
2.8333333333333335,1.826863464580441,1.043550122491597
2.85,1.820671027843374,1.039933476379011
2.8666666666666667,1.8145059615873596,1.0363442104269123
2.8833333333333333,1.8083682744512715,1.0327811448992028
2.9,1.8022581265495272,1.0292163160548176
2.9166666666666665,1.7961756115266914,1.0255964754709308
2.933333333333333,1.790120580786375,1.0220300973404541
2.95,1.7840930996531872,1.018531231307954
2.966666666666667,1.7780934826347319,1.0150808935125137
2.9833333333333334,1.7721216916034965,1.0116068934138231
3.0,1.7661771002440243,1.0081231118401026
3.0166666666666666,1.7602589417042953,1.0046584448883753
3.033333333333333,1.7543666692129443,1.0011759870872081
3.05,1.7484998838484265,0.9976749041645855
3.066666666666667,1.7426583384113659,0.9942120121271051
3.0833333333333335,1.7368421299681105,0.9907656159292257
3.1,1.7310515506267774,0.9873098769902157
3.1166666666666667,1.7252866623061167,0.9838064603860034
3.1333333333333333,1.7195473961569891,0.9803665104822773
3.15,1.7138338928687833,0.9769479715431988
3.1666666666666665,1.7081464132959898,0.9735492175144662
3.183333333333333,1.7024849428319508,0.9701481671984744
3.2,1.6968492912795237,0.9667024230595221
3.216666666666667,1.6912391248679017,0.9633006081153042
3.2333333333333334,1.6856543478448203,0.9599102931623105
3.25,1.6800950479472916,0.9564869780348151
3.2666666666666666,1.6745610695697224,0.9531222232238125
3.283333333333333,1.669052346447636,0.949820935689829
3.3,1.6635689063564625,0.9464853407639401
3.316666666666667,1.6581104525505062,0.9431255662688
3.3333333333333335,1.652676475597121,0.9398063571225899
3.35,1.6472667802150505,0.9365556900106404
3.3666666666666667,1.6418813091457933,0.9332747042491513
3.3833333333333333,1.6365196734690686,0.9299449721650815
3.4,1.6311812931929577,0.926609360062687
3.4166666666666665,1.6258659455349864,0.9233034650559678
3.433333333333333,1.620573910838151,0.9200066973476075
3.45,1.6153056347899823,0.9167423923380373
3.466666666666667,1.6100613692237966,0.9134979570598394
3.4833333333333334,1.6048410740529424,0.9102425691624478
3.5,1.5996444198614048,0.9070576844587935
3.5166666666666666,1.5944711151197248,0.9038783307439978
3.533333333333333,1.589320810668126,0.9006546839722526
3.55,1.5841930021602197,0.8974632321781332
3.566666666666667,1.5790873103189416,0.8943200580700135
3.5833333333333335,1.5740035754948511,0.8911977305064042
3.6,1.5689414885988573,0.8880247282845424
3.6166666666666667,1.5639006204170012,0.8848294513765504
3.6333333333333333,1.5588807273064047,0.8817069371997323
3.65,1.5538819872432124,0.8786033871910892
3.6666666666666665,1.5489046222310272,0.8754553331022156
3.683333333333333,1.5439484337974678,0.8723493263626889
3.7,1.539013209942031,0.869264158497854
3.716666666666667,1.5340989210488665,0.8662247356305682
3.7333333333333334,1.5292054523361387,0.8631654348518832
3.75,1.5243324498557074,0.8601161878870884
3.7666666666666666,1.5194794785451522,0.8570594977708168
3.783333333333333,1.514646336699626,0.8539752871297983
3.8,1.509832930704433,0.8509554531681723
3.816666666666667,1.5050394055419445,0.8479110052194172
3.8333333333333335,1.5002658361172845,0.8448493356259166
3.85,1.4955121573923194,0.8418177391167945
3.8666666666666667,1.4907785050840547,0.8388561881527308
3.8833333333333333,1.4860650651976037,0.8359129606396088
3.9,1.481371677633919,0.8329762742433126
3.9166666666666665,1.4766977914158763,0.8300614039584104
3.933333333333333,1.4720428551825235,0.8271246413094108
3.95,1.4674063894752154,0.8241990729891722
3.966666666666667,1.462788093914471,0.8212428614122774
3.9833333333333334,1.4581879306988188,0.8182586232449086
4.0,1.4536060026247801,0.8153461606670128
4.016666666666667,1.4490427039420655,0.8124534935440887
4.033333333333333,1.4444983868967254,0.8095661744639986
4.05,1.4399730005955937,0.8066881950647621
4.066666666666666,1.435466338958465,0.8038198978542187
4.083333333333333,1.4309782057748204,0.8009614008248375
4.1,1.426508434611685,0.7981127586444166
4.116666666666666,1.422056883022674,0.7952740019935719
4.133333333333334,1.4176234252826707,0.7924451488919289
4.15,1.4132079469821044,0.7896262084237703
4.166666666666667,1.4088103414189914,0.7868171826645937
4.183333333333334,1.4044305071931475,0.784018068035436
4.2,1.4000683465949484,0.7812288564430647
4.216666666666667,1.395723764591888,0.7784495362155397
4.233333333333333,1.3913966681450507,0.7756800928673968
4.25,1.3870869657415024,0.7729205097134634
4.266666666666667,1.3827945671027453,0.770170768344569
4.283333333333333,1.378519383016578,0.7674308489805498
4.3,1.3742613252213798,0.7647007307420053
4.316666666666666,1.3700203063315906,0.7619803918575672
4.333333333333333,1.3657962397962808,0.7592698098216484
4.35,1.3615890398773995,0.7565689615153818
4.366666666666666,1.3573986216407885,0.7538778232921092
4.383333333333334,1.3532249009501602,0.751196371042193
4.4,1.349067794460386,0.7485245802479624
4.416666666666667,1.3449272196097084,0.7458624260276222
4.433333333333334,1.3408030946136378,0.743209883169651
4.45,1.3366953384589122,0.7405669261711537
4.466666666666667,1.3326038708973271,0.7379335292482169
4.483333333333333,1.3285286124388187,0.7353096663785408
4.5,1.3244694843398706,0.7326953112819399
4.516666666666667,1.3204264085985247,0.7300904374761378
4.533333333333333,1.316399307935678,0.7274950182554112
4.55,1.3123881057914657,0.7249090267293032
4.566666666666666,1.3083927263077806,0.7223324358242463
4.583333333333333,1.3044130943213827,0.7197652182982941
4.6,1.3004491353508052,0.7172073467546493
4.616666666666666,1.2965007755868367,0.7146587936422109
4.633333333333334,1.2925679418799148,0.7121195312797051
4.65,1.2886505617297939,0.709589531844715
4.666666666666667,1.2847485632743645,0.7070687674013136
4.683333333333334,1.2808618752774077,0.7045572098917963
4.7,1.2769904271187604,0.7020548311563831
4.716666666666667,1.2731341487831802,0.699561602933525
4.733333333333333,1.2692929708488003,0.6970774968718711
4.75,1.2654668244796212,0.6946024845332394
4.766666666666667,1.2616556414114781,0.6921365374037427
4.783333333333333,1.2578593539467509,0.6896796268938752
4.8,1.2540778949400375,0.6872317243514784
4.816666666666666,1.2503111977924597,0.6847928010601536
4.833333333333333,1.2465591964388234,0.6823628282515183
4.85,1.242821825341079,0.6799417771052332
4.866666666666666,1.2390990194765061,0.6775296187585117
4.883333333333334,1.2353907143316942,0.6751263243078149
4.9,1.2316968458905184,0.6727318648168308
4.916666666666667,1.228017350629387,0.6703462113178069
4.933333333333334,1.2243521655048832,0.6679693348196811
4.95,1.2207012279496163,0.6656012063084172
4.966666666666667,1.2170644758603295,0.6632417967551538
4.983333333333333,1.2134418475935251,0.6608910771164712
5.0,1.2098332819544937,0.6585490183416928
5.016666666666667,1.2062387181927838,0.6562155913736716
5.033333333333333,1.2026580959917967,0.6538907671551416
5.05,1.1990913554646752,0.6515745166296519
5.066666666666666,1.1955384371440072,0.6492668107474967
5.083333333333333,1.1919992819782894,0.646967620466345
5.1,1.1884738313218042,0.6446769167570123
5.116666666666666,1.184962026931316,0.6423946706038651
5.133333333333334,1.1814638109564406,0.6401208530102529
5.15,1.1779791259363115,0.6378554349989711
5.166666666666667,1.174507914790528,0.6355983876171865
5.183333333333334,1.1710501208159012,0.6333496819369888
5.2,1.167605687677783,0.6311092890599116
5.216666666666667,1.1641745594071002,0.6288771801174176
5.233333333333333,1.1607566803919191,0.6266533262751667
5.25,1.1573519953747486,0.6244376987333784
5.266666666666667,1.1539604494444156,0.622230268730863
5.283333333333333,1.150581988033482,0.6200310075453339
5.3,1.1472165569105333,0.617839886497146
5.316666666666666,1.143864102177645,0.6156568769496152
5.333333333333333,1.140524570263071,0.6134819503124626
5.35,1.137197907918828,0.6113150780421153
5.366666666666666,1.1338840622136852,0.609156231644915
5.383333333333334,1.1305829805309273,0.6070053826773626
5.4,1.1272946105616093,0.6048625027491263
5.416666666666667,1.1240189003024512,0.6027275635232379
5.433333333333334,1.1207557980494027,0.6006005367188972
5.45,1.1175052523956122,0.5984813941116467
5.466666666666667,1.1142672122253119,0.5963701075359685
5.483333333333333,1.1110416267118586,0.5942666488854416
5.5,1.107828445311912,0.5921709901151502
5.516666666666667,1.104627617763574,0.5900831032418133
5.533333333333333,1.101439094080819,0.5880029603460267
5.55,1.098262824551737,0.5859305335723588
5.566666666666666,1.0950987597332096,0.5838657951314391
5.583333333333333,1.0919468504492313,0.5818087173000278
5.6,1.08880704778584,0.5797592724229538
5.616666666666666,1.0856793030894984,0.577717432913166
5.633333333333334,1.0825635679622694,0.5756831712535271
5.65,1.0794597942602622,0.5736564599968453
5.666666666666667,1.0763679340890322,0.5716372717675366
5.683333333333334,1.073287939802099,0.5696255792616359
5.7,1.070219763996552,0.5676213552483377
5.716666666666667,1.0671633595116334,0.5656245725699869
5.733333333333333,1.0641186794245483,0.5636352041435053
5.75,1.0610856770491008,0.5616532229603666
5.766666666666667,1.0580643059317032,0.5596786020879121
5.783333333333333,1.0550545198500598,0.5577113146693111
5.8,1.052056272809364,0.5557513339247758
5.816666666666666,1.0490695190410344,0.5537986331515065
5.833333333333333,1.046094212999084,0.5518531857248112
5.85,1.0431303093589046,0.5499149650980379
5.866666666666666,1.0401777630138047,0.5479839448036051
5.883333333333334,1.0372365290738383,0.5460600984529185
5.9,1.034306562862501,0.5441433997373213
5.916666666666667,1.0313878199155964,0.5422338224279987
5.933333333333334,1.0284802559780892,0.5403313403768485
5.95,1.02558382700301,0.5384359275163784
5.966666666666667,1.0226984891484483,0.5365475578605002
5.983333333333333,1.0198241987764947,0.5346662055044147
6.0,1.0169609124503725,0.5327918446253417
6.016666666666667,1.0141085869334145,0.5309244494823921
6.033333333333333,1.011267179186322,0.5290639944172357
6.05,1.0084366463661754,0.5272104538539686
6.066666666666666,1.0056169458238158,0.5253638022997145
6.083333333333333,1.0028080351028852,0.5235240143444837
6.1,1.0000098719373247,0.5216910646617228
6.116666666666666,0.9972224142504456,0.5198649280081594
6.133333333333334,0.9944456201525357,0.5180455792243045
6.15,0.9916794479399598,0.516232993234297
6.166666666666667,0.9889238560928701,0.5144271450463461
6.183333333333334,0.9861788032743302,0.5126280097525697
6.2,0.9834442483281266,0.5108355625293964
6.216666666666667,0.9807201502779191,0.5090497786373873
6.233333333333333,0.9780064683251437,0.5072706334216035
6.25,0.975303161848186,0.5054981023114331
6.266666666666667,0.9726101904003749,0.5037321608209019
6.283333333333333,0.9699275137091761,0.5019727845485025
6.3,0.9672550916742712,0.500219949177468
6.316666666666666,0.9645928843667737,0.49847363047557464
6.333333333333333,0.9619408520273856,0.49673380429540426
6.35,0.9592989550656337,0.49500044657415115
6.366666666666666,0.9566671540581024,0.4932735333338294
6.383333333333334,0.9540454097476878,0.49155304068110434
6.4,0.9514336830419031,0.48983894480744855
6.416666666666667,0.9488319350121525,0.4881312219889322
6.433333333333334,0.9462401268921015,0.4864298485864043
6.45,0.943658220076968,0.484734801045265
6.466666666666667,0.9410861761219587,0.48304605589560745
6.483333333333333,0.9385239567415753,0.4813635897520623
6.5,0.935971523808112,0.47968737931383626
6.516666666666667,0.9334288393509783,0.47801740136451565
6.533333333333333,0.9308958655552528,0.47635363277216675
6.55,0.9283725647610203,0.4746960504890421
6.566666666666666,0.9258588994619812,0.47304463155172094
6.583333333333333,0.9233548323048038,0.4713993530809586
6.6,0.9208603260877839,0.4697601922816096
6.616666666666666,0.9183753437602113,0.46812712644252163
6.633333333333334,0.9158998484210782,0.4665001329364888
6.65,0.9134338033184574,0.4648791892198223
6.666666666666667,0.9109771718482589,0.4632642728326405
6.683333333333334,0.9085299175536216,0.46165536139877283
6.7,0.9060920041237116,0.46005243262542217
6.716666666666667,0.9036633953931249,0.45845546430300665
6.733333333333333,0.9012440553407298,0.45686443430526613
6.75,0.8988339480890811,0.45527932058894743
6.766666666666667,0.896433037903301,0.4537001011937698
6.783333333333333,0.8940412891905036,0.45212675424224064
6.8,0.8916586664987146,0.45055925793955665
6.816666666666666,0.889285134516305,0.4489975905733937
6.833333333333333,0.8869206580709467,0.4474417305138451
6.85,0.8845652021290591,0.4458916562131954
6.866666666666666,0.8822187317947952,0.44434734620583444
6.883333333333334,0.8798812123094962,0.44280877910804145
6.9,0.877552609050714,0.4412759336178866
6.916666666666667,0.8752328875316742,0.4397487885150117
6.933333333333334,0.8729220134003267,0.4382273226605254
6.95,0.8706199524388196,0.4367115149967835
6.966666666666667,0.8683266705625781,0.4352013445472734
6.983333333333333,0.8660421338197853,0.43369679041639425
7.0,0.8637663083904916,0.43219783178933396
7.016666666666667,0.8614991605861042,0.4307044479318494
7.033333333333333,0.8592406568485194,0.4292166181901346
7.05,0.8569907637496196,0.4277343219906015
7.066666666666666,0.8547494479904333,0.42625753883974105
7.083333333333333,0.852516676400641,0.4247862483239042
7.1,0.8502924159377552,0.4233204301091561
7.116666666666666,0.8480766336866342,0.4218600639410573
7.133333333333334,0.8458692968586864,0.42040512964451193
7.15,0.8436703727913903,0.4189556071235489
7.166666666666667,0.8414798289475203,0.41751147636116454
7.183333333333334,0.8392976329146735,0.41607271741910495
7.2,0.8371237524045162,0.4146393104377026
7.216666666666667,0.834958155252317,0.41321123563565876
7.233333333333333,0.8328008094162124,0.4117884733098761
7.25,0.8306516829767473,0.4103710038352418
7.266666666666667,0.8285107441361584,0.4089588076644548
7.283333333333333,0.8263779612179221,0.40755186532780996
7.3,0.8242533026660538,0.4061501574330216
7.316666666666666,0.8221367370446625,0.4047536646650083
7.333333333333333,0.8200282330372681,0.4033623677857124
7.35,0.8179277594463605,0.4019762476338845
7.366666666666666,0.8158352851927332,0.4005952851249013
7.383333333333334,0.8137507793150486,0.3992194612505506
7.4,0.8116742109691867,0.39784875707884526
7.416666666666667,0.8096055494278167,0.39648315375380927
7.433333333333334,0.8075447640797594,0.39512263249528906
7.45,0.8054918244295634,0.39376717459873994
7.466666666666667,0.8034467000968826,0.3924167614350352
7.483333333333333,0.8014093608160593,0.39107137445025375
7.5,0.7993797764355133,0.38973099516548637
7.516666666666667,0.7973579169173288,0.38839560517662464
7.533333333333333,0.7953437523366588,0.3870651861541648
7.55,0.7933372528813154,0.38573971984299715
7.566666666666666,0.7913383888511869,0.38441918806220904
7.583333333333333,0.7893471306578348,0.38310357270487433
7.6,0.7873634488239201,0.3817928557378551
7.616666666666666,0.7853873139828057,0.38048701920159256
7.633333333333334,0.783418696877995,0.37918604520990645
7.65,0.7814575683627366,0.37788991594978666
7.666666666666667,0.7795038993994753,0.37659861368119213
7.683333333333334,0.7775576610594646,0.37531212073684295
7.7,0.7756188245222233,0.37403041952201815
7.716666666666667,0.7736873610751516,0.3727534925143496
7.733333333333333,0.7717632421130016,0.3714813222636178
7.75,0.769846439137497,0.3702138913915461
7.766666666666667,0.7679369237568112,0.36895118259159704
7.783333333333333,0.7660346676851936,0.36769317862876694
7.8,0.7641396427424553,0.3664398623393812
7.816666666666666,0.7622518208535985,0.36519121663089094
7.833333333333333,0.7603711740483138,0.3639472244816668
7.85,0.758497674460612,0.3627078689407956
7.866666666666666,0.7566312943283304,0.3614731331278752
7.883333333333334,0.754772005992769,0.3602430002328114
7.9,0.7529197818982033,0.35901745351561215
7.916666666666667,0.7510745945915266,0.3577964763061868
7.933333333333334,0.7492364167217697,0.3565800520041386
7.95,0.7474052210397455,0.355368164078564
7.966666666666667,0.7455809803975787,0.35416079606784673
7.983333333333333,0.7437636677483546,0.35295793157945665
8.0,0.7419532561456539,0.3517595542897442
8.016666666666667,0.7401497187432055,0.350565647943742
8.033333333333333,0.7383530287944299,0.3493761963549567
8.05,0.7365631596520944,0.3481911834051707
8.066666666666666,0.7347800847678637,0.3470105930442363
8.083333333333334,0.7330037776919592,0.3458344092898761
8.1,0.7312342120727154,0.34466261622747824
8.116666666666667,0.7294713616562433,0.34349519800990014
8.133333333333333,0.7277152002859927,0.34233213885726066
8.15,0.7259657019024194,0.3411734230567443
8.166666666666666,0.7242228405425535,0.3400190349623956
8.183333333333334,0.7224865903396706,0.33886895899491903
8.2,0.7207569255228653,0.3377231796414782
8.216666666666667,0.7190338204167264,0.3365816814554997
8.233333333333333,0.7173172494409161,0.33544444905646637
8.25,0.7156071871098469,0.33431146712972576
8.266666666666667,0.7139036080322684,0.3331827204262825
8.283333333333333,0.7122064869109481,0.33205819376259793
8.3,0.7105157985422619,0.3309378720203938
8.316666666666666,0.708831517815878,0.3298217401464537
8.333333333333334,0.7071536197143544,0.32870978315241994
8.35,0.7054820793128238,0.32760198611460994
8.366666666666667,0.7038168717785978,0.3264983341738009
8.383333333333333,0.7021579723708544,0.3253988125350325
8.4,0.7005053564402473,0.3243034064674143
8.416666666666666,0.6988589994285971,0.3232121013039136
8.433333333333334,0.6972188768685045,0.3221248824411687
8.45,0.6955849643830443,0.3210417353393142
8.466666666666667,0.6939572376853842,0.31996264552174997
8.483333333333333,0.6923356725784815,0.31888759857496607
8.5,0.6907202449547061,0.31781658014833625
8.516666666666667,0.6891109307955411,0.31674957595387293
8.533333333333333,0.6875077061712098,0.31568657176608755
8.55,0.6859105472403787,0.31462755342180354
8.566666666666666,0.6843194302497888,0.3135725068199162
8.583333333333334,0.6827343315339627,0.31252141792128113
8.6,0.6811552275148389,0.3114742727484412
8.616666666666667,0.6795820947014822,0.31043105738533466
8.633333333333333,0.6780149096897228,0.3093917579772555
8.65,0.6764536491618686,0.3083563607306799
8.666666666666666,0.6748982898863488,0.30732485191294356
8.683333333333334,0.6733488087174275,0.30629721785208636
8.7,0.671805182594853,0.30527344493669156
8.716666666666667,0.6702673885435748,0.3042535196156566
8.733333333333333,0.668735403673395,0.3032374283980064
8.75,0.6672092051786884,0.3022251578527051
8.766666666666667,0.6656887703380583,0.3012166946084475
8.783333333333333,0.6641740765140577,0.3002120253534653
8.8,0.6626651011528499,0.2992111368353349
8.816666666666666,0.6611618217839346,0.2982140158607781
8.833333333333334,0.6596642160198083,0.297220649295466
8.85,0.658172261555693,0.29623102406382285
8.866666666666667,0.6566859361692032,0.2952451271488292
8.883333333333333,0.6552052177200769,0.2942629455918239
8.9,0.6537300841498439,0.29328446649230905
8.916666666666666,0.6522605134815576,0.2923096770077515
8.933333333333334,0.650796483819471,0.29133856435338706
8.95,0.6493379733487714,0.2903711158020208
8.966666666666667,0.6478849603352567,0.28940731868383246
8.983333333333333,0.6464374231250702,0.28844716038617574
9.0,0.6449953401443849,0.2874906283533835
9.016666666666667,0.6435586898991419,0.2865377100865657
9.033333333333333,0.6421274509747332,0.2855883931434151
9.05,0.6407016020357439,0.2846426651380047
9.066666666666666,0.639281121825639,0.28370051374059263
9.083333333333334,0.6378659891665085,0.282761926677419
9.1,0.6364561829587562,0.28182689173051056
9.116666666666667,0.6350516821808463,0.2808953967374752
9.133333333333333,0.6336524658889974,0.2799674295913082
9.15,0.6322585132169302,0.27904297824018587
9.166666666666666,0.6308698033755642,0.2781220306872699
9.183333333333334,0.6294863156527686,0.27720457499049994
9.2,0.6281080294130612,0.2762905992623987
9.216666666666667,0.6267349240973604,0.27538009166986205
9.233333333333333,0.6253669792226892,0.2744730404339647
9.25,0.6240041743819295,0.2735694338297487
9.266666666666667,0.6226464892435267,0.27266926018602816
9.283333333333333,0.6212939035512475,0.27177250788517615
9.3,0.619946397123887,0.2708791653629295
9.316666666666666,0.6186039498550288,0.26998922110817425
9.333333333333334,0.6172665417127546,0.26910266366274926
9.35,0.6159341527394078,0.2682194816212299
9.366666666666667,0.6146067630513045,0.2673396636307316
9.383333333333333,0.613284352838497,0.2664631983906913
9.4,0.6119669023644916,0.26559007465267087
9.416666666666666,0.6106543919660123,0.2647202812201359
9.433333333333334,0.6093468020527204,0.26385380694825894
9.45,0.6080441131069821,0.262990640743696
9.466666666666667,0.6067463056835894,0.26213077156438885
9.483333333333333,0.6054533604095291,0.26127418841934
9.5,0.6041652579837072,0.26042088036841404
9.516666666666667,0.60288197917672,0.2595708365221095
9.533333333333333,0.6016035048305807,0.25872404604136
9.55,0.6003298158584928,0.25788049813730424
9.566666666666666,0.599060893244579,0.25704018207108514
9.583333333333334,0.5977967180436546,0.2562030871536182
9.6,0.5965372713809612,0.2553692027453895
9.616666666666667,0.595282534451943,0.2545385182562206
9.633333333333333,0.5940324885219802,0.2537110231450666
9.65,0.5927871149261674,0.2528867069197783
9.666666666666666,0.5915463950690507,0.25206555913689843
9.683333333333334,0.5903103104244081,0.2512475694014215
9.7,0.5890788425349877,0.250432727366589
9.716666666666667,0.5878519730122895,0.24962102273364564
9.733333333333333,0.5866296835363076,0.24881244525163385
9.75,0.5854119558553138,0.24800698471714708
9.766666666666667,0.584198771785601,0.24720463097412274
9.783333333333333,0.582990113211267,0.24640537391359316
9.8,0.581785962083963,0.24560920347347637
9.816666666666666,0.5805863004226801,0.2448161096383236
9.833333333333334,0.5793911103134961,0.24402608243910928
9.85,0.578200373909365,0.24323911195297446
9.866666666666667,0.5770140734298675,0.24245518830301585
9.883333333333333,0.5758321911610012,0.2416743016580274
9.9,0.5746547094549326,0.24089644223228568
9.916666666666666,0.5734816107297916,0.2401216002852888
9.933333333333334,0.5723128774694237,0.23934976612154021
9.95,0.571148492223183,0.2385809300902812
9.966666666666667,0.5699884376056908,0.23781508258527612
9.983333333333333,0.5688326962966314,0.23705221404454277
10.0,0.5676812510405087,0.2362923149501325
10.016666666666667,0.566534084646445,0.23553537582786194
10.033333333333333,0.5653911799879409,0.2347813872470874
10.05,0.5642525200026739,0.23403033982042656
10.066666666666666,0.5631180876922616,0.23328222420353986
10.083333333333334,0.5619878661220612,0.2325370310948427
10.1,0.5608618384209348,0.23179475123528637
10.116666666666667,0.5597399877810506,0.2310553754080829
10.133333333333333,0.55862229745765,0.23031889443846507
10.15,0.5575087507688506,0.22958529919341122
10.166666666666666,0.5563993310954152,0.2288545805814062
10.183333333333334,0.5552940218805551,0.2281267295521115
10.2,0.5541928066297022,0.22740173709618502
10.216666666666667,0.5530956689103148,0.22667959424502454
10.233333333333333,0.5520025923516497,0.22596029207045454
10.25,0.5509135606445693,0.22524382168442142
10.266666666666667,0.5498285575413168,0.2245301742388128
10.283333333333333,0.5487475668553247,0.22381934092513608
10.3,0.5476705724609912,0.22311131297426154
10.316666666666666,0.5465975582934903,0.22240608165613387
10.333333333333334,0.5455285083485502,0.22170363827952122
10.35,0.5444634066822636,0.22100397419170303
10.366666666666667,0.5434022374108696,0.2203070807782295
10.383333333333333,0.5423449847105658,0.2196129494626049
10.4,0.5412916328172903,0.21892157170603826
10.416666666666666,0.5402421660265344,0.21823293900712756
10.433333333333334,0.5391965686931278,0.21754704290160595
10.45,0.5381548252310544,0.21686387496202186
10.466666666666667,0.5371169201132366,0.21618342679748298
10.483333333333333,0.5360828378713512,0.21550569005333153
10.5,0.5350525630956183,0.21483065641088597
10.516666666666667,0.5340260804346194,0.21415831758711273
10.533333333333333,0.5330033745950853,0.21348866533436403
10.55,0.5319844303417142,0.2128216914400465
10.566666666666666,0.5309692324969638,0.21215738772635565
10.583333333333334,0.5299577659408731,0.2114957460499413
10.6,0.5289500156108516,0.21083675830163837
10.616666666666667,0.5279459665015023,0.2101804164061287
10.633333333333333,0.5269456036644151,0.20952671232166872
10.65,0.5259489122079914,0.2088756380397483
10.666666666666666,0.5249558772972374,0.20822718558481448
10.683333333333334,0.5239664841535892,0.2075813470139273
10.7,0.5229807180547099,0.2069381144164801
10.716666666666667,0.5219985643343148,0.20629747991385236
10.733333333333333,0.5210200083819692,0.20565943565912634
10.75,0.5200450356429157,0.2050239738367371
10.766666666666667,0.5190736316178738,0.20439108666218556
10.783333333333333,0.5181057818628692,0.20376076638168575
10.8,0.5171414719890329,0.20313300527187428
10.816666666666666,0.516180687662431,0.20250779563945498
10.833333333333334,0.5152234146038677,0.2018851298209048
10.85,0.5142696385887168,0.20126500018211624
10.866666666666667,0.5133193454467243,0.20064739911809926
10.883333333333333,0.51237252106184,0.2000323190526219
10.9,0.5114291513720234,0.1994197524379084
10.916666666666666,0.5104892223690765,0.19880969175427737
10.933333333333334,0.5095527200984505,0.19820212950983682
10.95,0.5086196306590804,0.19759705824012072
10.966666666666667,0.5076899402031925,0.19699447050778
10.983333333333333,0.5067636349361386,0.19639435890221776
11.0,0.5058407011162075,0.19579671603927676
11.016666666666667,0.5049211250544595,0.19520153456087289
11.033333333333333,0.5040048931145382,0.19460880713467948
11.05,0.5030919917125082,0.1940185264537599
11.066666666666666,0.5021824073166665,0.19343068523624785
11.083333333333334,0.50127612644738,0.19284527622498032
11.1,0.5003731356769008,0.19226229218717347
11.116666666666667,0.49947342162920555,0.19168172591405438
11.133333333333333,0.49857697097980924,0.19110357022053495
11.15,0.4976837704556051,0.19052781794484305
11.166666666666666,0.4967938068346824,0.18995446194819274
11.183333333333334,0.4959070669461676,0.18938349511441727
11.2,0.4950235376700412,0.18881491034963427
11.216666666666667,0.4941432059369797,0.18824870058187881
11.233333333333333,0.4932660587281755,0.18768485876076704
11.25,0.49239208307517973,0.18712337785712838
11.266666666666667,0.4915212660597224,0.186564250862667
11.283333333333333,0.49065359481355697,0.18600747078959795
11.3,0.4897890565182814,0.18545303067030233
11.316666666666666,0.48892763840518283,0.1849009235569662
11.333333333333334,0.4880693277550611,0.18435114252123339
11.35,0.4872141118980749,0.18380368065384123
11.366666666666667,0.486361978213565,0.18325853106427623
11.383333333333333,0.4855129141299015,0.18271568688041376
11.4,0.48466690712430904,0.18217514124816675
11.416666666666666,0.4838239447227152,0.18163688733113736
11.433333333333334,0.4829840144995764,0.1811009183102555
11.45,0.48214710407772593,0.18056722738342484
11.466666666666667,0.4813132011282026,0.18003580776517306
11.483333333333333,0.48048229337010023,0.17950665268628843
11.5,0.47965436857039623,0.17897975539347535
11.516666666666667,0.4788294145438023,0.1784551091490191
11.533333333333333,0.4780074191525943,0.17793270723041063
11.55,0.4771883703064628,0.1774125429300401
11.566666666666666,0.4763722559623453,0.17689460955480418
11.583333333333334,0.47555906412427845,0.17637890042571214
11.6,0.47474878284322963,0.17586540887761185
11.616666666666667,0.47394140021695014,0.17535412825887528
11.633333333333333,0.47313690438980893,0.17484505193096486
11.65,0.47233528355264653,0.17433817326816103
11.666666666666666,0.47153652594260914,0.1738334856571842
11.683333333333334,0.4707406198430028,0.17333098249682377
11.7,0.46994755358312995,0.17283065719764235
11.716666666666667,0.46915731553814616,0.17233250318167131
11.733333333333333,0.4683698941288946,0.1718365138819985
11.75,0.4675852778217618,0.17134268274249095
11.766666666666667,0.4668034551285172,0.1708510032174331
11.783333333333333,0.46602441460617133,0.1703614687712194
11.8,0.46524814485681226,0.16987407287800113
11.816666666666666,0.4644746345274636,0.16938880902139705
11.833333333333334,0.4637038723099257,0.16890567069412823
11.85,0.46293584694063433,0.16842465139774423
11.866666666666667,0.4621705472005007,0.1679457446422587
11.883333333333333,0.46140796191477085,0.16746894394588346
11.9,0.46064807995286844,0.1669942428346669
11.916666666666666,0.45989089022825475,0.1665216348422355
11.933333333333334,0.4591363816982713,0.16605111350943616
11.95,0.45838454336400086,0.16558267238408808
11.966666666666667,0.45763536427011164,0.1651163050206261
11.983333333333333,0.4568888335047191,0.16465200497986468
12.0,0.45614494019923063,0.164189765828643
12.016666666666667,0.45540367352820815,0.16372958113959987
12.033333333333333,0.45466502270921394,0.16327144449082268
12.05,0.45392897700267437,0.1628153494656333
12.066666666666666,0.45319552571172633,0.16236128965224075
12.083333333333334,0.4524646581820812,0.16190925864353894
12.1,0.4517363638018729,0.1614592500367633
12.116666666666667,0.45101063200152186,0.16101125743330083
12.133333333333333,0.45028745225358463,0.16056527443835106
12.15,0.4495668140726201,0.16012129466074873
12.166666666666666,0.4488487070150377,0.15967931171262964
12.183333333333334,0.4481331206789633,0.15923931920926676
12.2,0.4474200447040911,0.15880131076874077
12.216666666666667,0.44670946877155004,0.15836528001178904
12.233333333333333,0.44600138260375505,0.15793122056148295
12.25,0.4452957759642755,0.15749912604309008
12.266666666666667,0.44459263865768667,0.15706899008375738
12.283333333333333,0.4438919605294379,0.156640806312388
12.3,0.4431937314657066,0.15621456835933054
12.316666666666666,0.4424979413932675,0.1557902698562698
12.333333333333334,0.4418045802793457,0.15536790443592347
12.35,0.44111363813148746,0.15494746573194715
12.366666666666667,0.4404251049974143,0.1545289473786386
12.383333333333333,0.43973897096489406,0.15411234301085766
12.4,0.4390552261615965,0.15369764626373816
12.416666666666666,0.43837386075496493,0.15328485077262247
12.433333333333334,0.43769486495207205,0.15287395017278202
12.45,0.4370182289994921,0.1524649380993659
12.466666666666667,0.4363439431831583,0.1520578081871311
12.483333333333333,0.43567199782823585,0.15165255407040698
12.5,0.43500238329897967,0.15124916938283314
12.516666666666667,0.434335089998608,0.1508476477573399
12.533333333333333,0.4336701083691612,0.15044798282589586
12.55,0.43300742889137567,0.15005016821950146
12.566666666666666,0.4323470420845438,0.14965419756794893
12.583333333333334,0.4316889385063886,0.14926006449983054
12.6,0.4310331087529245,0.14886776264230842
12.616666666666667,0.43037954345833224,0.14847728562114093
12.633333333333333,0.4297282332948207,0.14808862706046028
12.65,0.4290791689725026,0.14770178058281158
12.666666666666666,0.42843234123925683,0.147316739808946
12.683333333333334,0.4277877408806049,0.14693349835787017
12.7,0.4271453587195738,0.14655204984665385
12.716666666666667,0.42650518561657397,0.14617238789050124
12.733333333333333,0.4258672124692622,0.1457945061025611
12.75,0.4252314302124197,0.14541839809401677
12.766666666666667,0.4245978298178169,0.14504405747390842
12.783333333333333,0.42396640229409205,0.14467147784921622
12.8,0.42333713868661593,0.14430065282472096
12.816666666666666,0.42271003007737157,0.14393157600312464
12.833333333333334,0.42208506758481984,0.1435642409848811
12.85,0.4214622423637796,0.14319864136832813
12.866666666666667,0.420841545605294,0.1428347707495594
12.883333333333333,0.4202229685365116,0.14247262272253797
12.9,0.4196065024205529,0.14211219087900226
12.916666666666666,0.4189921385563924,0.1417534688086387
12.933333333333334,0.4183798682787259,0.14139645009893523
12.95,0.41776968295785283,0.14104112833534685
12.966666666666667,0.4171615739995447,0.14068749710122694
12.983333333333333,0.41655553284492763,0.14033554997798825
13.0,0.4159515509703519,0.13998528054502632
13.016666666666667,0.4153496198872751,0.13963668237991622
13.033333333333333,0.4147497311421319,0.13928974905833855
13.05,0.41415187631621814,0.13894447415428068
13.066666666666666,0.41355604702556154,0.13860085123999027
13.083333333333334,0.41296223492080564,0.13825887388618133
13.1,0.4123704316870819,0.1379185356620007
13.116666666666667,0.41178062904389445,0.13757983013524977
13.133333333333333,0.4111928187449922,0.13724275087236049
13.15,0.4106069925782542,0.13690729143862668
13.166666666666666,0.41002314236556275,0.1365734453981971
13.183333333333334,0.40944125996268943,0.13624120631431455
13.2,0.4088613372591687,0.13591056774932306
13.216666666666667,0.40828336617818484,0.13558152326491626
13.233333333333333,0.40770733867644576,0.1352540664221582
13.25,0.4071332467440701,0.1349281907817393
13.266666666666667,0.40656108240446254,0.1346038899040119
13.283333333333333,0.4059908377142024,0.13428115734925386
13.3,0.4054225047629181,0.13395998667771747
13.316666666666666,0.4048560756731751,0.13364037144990032
13.333333333333334,0.40429154260035377,0.13332230522660765
13.35,0.40372889773253745,0.13300578156922865
13.366666666666667,0.4031681332903895,0.13269079403981338
13.383333333333333,0.4026092415270427,0.13237733620135445
13.4,0.40205221472797725,0.13206540161787692
13.416666666666666,0.4014970452109103,0.13175498385472523
13.433333333333334,0.40094372532567457,0.13144607647866588
13.45,0.40039224745410895,0.13113867305817797
13.466666666666667,0.39984260400993704,0.13083276716356942
13.483333333333333,0.3992947874386595,0.1305283523672709
13.5,0.39874879021743237,0.13022542224396416
13.516666666666667,0.3982046048549587,0.1299239703708798
13.533333333333333,0.39766222389136946,0.12962399032793673
13.55,0.3971216398981163,0.12932547569804176
13.566666666666666,0.39658284547785116,0.1290284200672418
13.583333333333334,0.3960458332643196,0.12873281702502407
13.6,0.3955105959222424,0.1284386601644801
13.616666666666667,0.39497712614720887,0.12814594308260813
13.633333333333333,0.39444541666555877,0.1278546593804863
13.65,0.39391546023427665,0.12756480266357534
13.666666666666666,0.3933872496408742,0.12727636654190305
13.683333333333334,0.3928607777032843,0.12698934463036457
13.7,0.39233603726974525,0.12670373054891865
13.716666666666667,0.39181302121869543,0.12641951792288894
13.733333333333333,0.3912917224586569,0.12613670038316657
13.75,0.3907721339281313,0.12585527156651216
13.766666666666667,0.3902542485954842,0.1255752251157665
13.783333333333333,0.38973805945884105,0.125296554680145
13.8,0.38922355954597243,0.1250192539154633
13.816666666666666,0.3887107419141913,0.12474331648442888
13.833333333333334,0.3881995996502377,0.12446873605687127
13.85,0.3876901258701765,0.1241955063100408
13.866666666666667,0.3871823137192834,0.12392362092883642
13.883333333333333,0.3866761563719428,0.12365307360609393
13.9,0.3861716470315344,0.1233838580428329
13.916666666666666,0.38566877893033247,0.1231159679485248
13.933333333333334,0.3851675453293921,0.12284939704135756
13.95,0.3846679395184481,0.12258413904852243
13.966666666666667,0.3841699548158033,0.12232018770645248
13.983333333333333,0.3836735845682286,0.12205753676112359
14.0,0.38317882215085036,0.12179617996829187
14.016666666666667,0.3826856609670507,0.12153611109372482
14.033333333333333,0.3821940944483568,0.12127732391351946
14.05,0.38170411605434107,0.12101981221434069
14.066666666666666,0.3812157192725111,0.12076356979368734
14.083333333333334,0.3807288976182102,0.12050859046022745
14.1,0.38024364463450816,0.12025486803397821
14.116666666666667,0.3797599538921024,0.12000239634650554
14.133333333333333,0.3792778189892087,0.11975116924131245
14.15,0.37879723355146316,0.11950118057406929
14.166666666666666,0.37831819123181376,0.11925242421282975
14.183333333333334,0.3778406857104232,0.11900489403828794
14.2,0.3773647106945601,0.11875858394407222
14.216666666666667,0.37689025991850206,0.11851348783696376
14.233333333333333,0.37641732714342846,0.11826959963717147
14.25,0.3759459061573246,0.1180269132785565
14.266666666666667,0.37547599077487354,0.11778542270890854
14.283333333333333,0.3750075748373604,0.11754512189015208
14.3,0.3745406522125666,0.11730600479863215
14.316666666666666,0.3740752167946737,0.11706806542531677
14.333333333333334,0.3736112625041578,0.11683129777607128
14.35,0.3731487832876951,0.11659569587185649
14.366666666666667,0.37268777311805573,0.11636125374900377
14.383333333333333,0.37222822599400945,0.1161279654593994
14.4,0.3717701359402211,0.11589582507076232
14.416666666666666,0.3713134970071569,0.11566482666682094
14.433333333333334,0.37085830327097946,0.11543496434758496
14.45,0.3704045488334556,0.11520623222951486
14.466666666666667,0.3699522278218513,0.11497862444579168
14.483333333333333,0.36950133438883903,0.11475213514647628
14.5,0.36905186271239493,0.11452675849877703
14.516666666666667,0.368603806995707,0.11430248868720107
14.533333333333333,0.3681571614670712,0.11407931991381683
14.55,0.3677119203798001,0.1138572463983967
14.566666666666666,0.3672680780121209,0.1136362623786762
14.583333333333334,0.36682562866708346,0.11341636211048664
14.6,0.3663845666724591,0.11319753986801075
14.616666666666667,0.36594488638065037,0.11297978994390741
14.633333333333333,0.36550658216858894,0.11276310664956095
14.65,0.3650696484376449,0.11254748431519758
14.666666666666666,0.3646340796135271,0.11233291729012984
14.683333333333334,0.3641998701461934,0.11211939994286307
14.7,0.36376701450974985,0.11190692666133564
14.716666666666667,0.36333550720236146,0.11169549185301762
14.733333333333333,0.36290534274615305,0.11148508994514349
14.75,0.3624765156871197,0.11127571538480302
14.766666666666667,0.3620490205950283,0.11106736263916801
14.783333333333333,0.3616228520633293,0.11086002619557317
14.8,0.3611980047090576,0.11065370056173816
14.816666666666666,0.3607744731727447,0.110448380265841
14.833333333333334,0.3603522521183209,0.11024405985673165
14.85,0.3599313362330282,0.11004073390399897
14.866666666666667,0.3595117202273223,0.1098383969981766
14.883333333333333,0.3590933988347859,0.10963704375079926
14.9,0.3586763668120316,0.10943666879460509
14.916666666666666,0.35826061893861544,0.10923726678358377
14.933333333333334,0.35784615001694087,0.10903883239317019
14.95,0.35743295487217225,0.10884136032028918
14.966666666666667,0.35702102835213917,0.10864484528353775
14.983333333333333,0.35661036532725093,0.10844928202321925
15.0,0.3562009606904012,0.10825466530152385
15.016666666666667,0.3557928093568827,0.1080609899025507
15.033333333333333,0.35538590626429273,0.10786825063248297
15.05,0.35498024637244846,0.10767644231961189
15.066666666666666,0.35457582466329257,0.10748555981449294
15.083333333333334,0.35417263614080896,0.10729559798996445
15.1,0.35377067583092925,0.10710655174130015
15.116666666666667,0.35336993878144896,0.10691841598620382
15.133333333333333,0.3529704200619344,0.10673118566497115
15.15,0.3525721147636391,0.10654485574048736
15.166666666666666,0.35217501799941126,0.10635942119836189
15.183333333333334,0.3517791249036116,0.10617487704694677
15.2,0.3513844306320202,0.1059912183174432
15.216666666666667,0.35099093036175477,0.10580844006387753
15.233333333333333,0.3505986192911789,0.10562653736325017
15.25,0.35020749263982004,0.1054455053154697
15.266666666666667,0.34981754564827844,0.10526533904351285
15.283333333333333,0.34942877357814606,0.10508603369348565
15.3,0.3490411717119157,0.10490758443460356
15.316666666666666,0.34865473535289987,0.10472998645911281
15.333333333333334,0.3482694598251412,0.10455323498252962
15.35,0.3478853404733315,0.1043773252435934
15.366666666666667,0.34750237266272216,0.10420225250428312
15.383333333333333,0.34712055177904494,0.10402801204980888
15.4,0.34673987322842215,0.10385459918871433
15.416666666666666,0.34636033243728714,0.10368200925281469
15.433333333333334,0.3459819248522961,0.10351023759727987
15.45,0.34560464594024864,0.10333927960059051
15.466666666666667,0.3452284911879998,0.1031691306646007
15.483333333333333,0.3448534561023822,0.1029997862144843
15.5,0.3444795362101175,0.10283124169880294
15.516666666666667,0.3441067270577386,0.10266349258944633
15.533333333333333,0.34373502421150265,0.10249653438168738
15.55,0.3433644232573136,0.10233036259412293
15.566666666666666,0.34299491980063535,0.10216497276872075
15.583333333333334,0.34262650946641493,0.10200036047075346
15.6,0.34225918789899595,0.10183652128884249
15.616666666666667,0.34189295076204257,0.1016734508348884
15.633333333333333,0.34152779373845327,0.10151114474410577
15.65,0.341163712530285,0.101349598674952
15.666666666666666,0.34080070285866804,0.10118880830915494
15.683333333333334,0.3404387604637307,0.10102876935163758
15.7,0.34007788110451415,0.10086947753054062
15.716666666666667,0.33971806055889703,0.10071092859714435
15.733333333333333,0.33935929462351194,0.10055311832588394
15.75,0.3390015791136709,0.10039604251426876
15.766666666666667,0.33864490986328116,0.10023969698289192
15.783333333333333,0.33828928272477043,0.10008407757534644
15.8,0.3379346935690047,0.09992918015822919
15.816666666666666,0.3375811382852149,0.09977500062105508
15.833333333333334,0.3372286127809131,0.09962153487625458
15.85,0.33687711298181916,0.09946877885908562
15.866666666666667,0.33652663483177936,0.09931672852762591
15.883333333333333,0.33617717429269367,0.09916537986268227
15.9,0.3358287273444334,0.09901472886777783
15.916666666666666,0.3354812899847694,0.09886477156905979
15.933333333333334,0.33513485822929023,0.09871550401528081
15.95,0.334789428111331,0.09856692227770518
15.966666666666667,0.33444499568189223,0.09841902245008524
15.983333333333333,0.33410155700956895,0.09827180064856536
16.0,0.33375910818047005,0.09812525301165408
16.016666666666666,0.3334176452981475,0.09797937570012687
16.033333333333335,0.33307716448351654,0.09783416489699297
16.05,0.33273766187478554,0.09768961680739723
16.066666666666666,0.33239913362737644,0.09754572765858226
16.083333333333332,0.3320615759138553,0.0974024936997883
16.1,0.331724984923853,0.09725991120221203
16.116666666666667,0.3313893568639959,0.09711797645890535
16.133333333333333,0.3310546879578275,0.09697668578472947
16.15,0.33072097444574033,0.09683603551625393
16.166666666666668,0.33038821258489687,0.09669602201170568
16.183333333333334,0.33005639864916186,0.09655664165086619
16.2,0.32972552892902474,0.09641789083501853
16.216666666666665,0.32939559973153154,0.09627976598684292
16.233333333333334,0.32906660738020826,0.09614226355036014
16.25,0.32873854821499354,0.09600537999082885
16.266666666666666,0.32841141859216183,0.09586911179468292
16.283333333333335,0.32808521488425635,0.09573345546942745
16.3,0.32775993348001364,0.09559840754357508
16.316666666666666,0.3274355707842966,0.09546396456653844
16.333333333333332,0.32711212321801914,0.09533012310856576
16.35,0.3267895872180807,0.09519687976063677
16.366666666666667,0.3264679592372906,0.09506423113438985
16.383333333333333,0.3261472357443022,0.09493217386202016
16.4,0.3258274132235392,0.09480070459620416
16.416666666666668,0.32550848817513045,0.09466982000998896
16.433333333333334,0.32519045711483563,0.0945395167967238
16.45,0.32487331657398066,0.09440979166995132
16.466666666666665,0.32455706309938426,0.09428064136332939
16.483333333333334,0.3242416932532938,0.09415206263053677
16.5,0.32392720361331195,0.09402405224518032
16.516666666666666,0.32361359077233404,0.0938966070006873
16.533333333333335,0.3233008513384744,0.0937697237102317
16.55,0.3229889819350032,0.09364339920660789
16.566666666666666,0.32267797920027474,0.09351763034216523
16.583333333333332,0.3223678397876653,0.0933924139887227
16.6,0.32205856036550046,0.09326774703744986
16.616666666666667,0.3217501376169932,0.09314362639878303
16.633333333333333,0.3214425682401732,0.09302004900233043
16.65,0.32113584894782427,0.09289701179671295
16.666666666666668,0.3208299764674142,0.092774511749543
16.683333333333334,0.32052494754103394,0.09265254584735769
16.7,0.3202207589253266,0.09253111109544125
16.716666666666665,0.31991740739142643,0.09241020451772418
16.733333333333334,0.3196148897248899,0.09228982315674315
16.75,0.319313202725635,0.09216996407351766
16.766666666666666,0.3190123432078718,0.09205062434744357
16.783333333333335,0.31871230800004313,0.0919318010762029
16.8,0.3184130939447551,0.09181349137566522
16.816666666666666,0.31811469789871794,0.09169569237978226
16.833333333333332,0.3178171167326779,0.09157840124049701
16.85,0.31752034733135803,0.09146161512764152
16.866666666666667,0.3172243865933906,0.09134533122883794
16.883333333333333,0.31692923143125834,0.09122954674939841
16.9,0.3166348787712272,0.09111425891222821
16.916666666666668,0.3163413255532884,0.09099946495772461
16.933333333333334,0.31604856873109144,0.09088516214367912
16.95,0.31575660527188654,0.09077134774517837
16.966666666666665,0.3154654321564582,0.09065801905450463
16.983333333333334,0.3151750463790683,0.09054517338103708
17.0,0.3148854449473899,0.09043280805115285
17.016666666666666,0.3145966248824505,0.09032092040812875
17.033333333333335,0.3143085832185668,0.09020950781204162
17.05,0.3140213170032888,0.0900985676396712
17.066666666666666,0.3137348232973341,0.08998809728439996
17.083333333333332,0.3134490991745326,0.08987809415611671
17.1,0.3131641417217617,0.08976855568111629
17.116666666666667,0.3128799480388915,0.08965947930200413
17.133333333333333,0.31259651523872006,0.08955086247759562
17.15,0.3123138404469193,0.08944270268282163
17.166666666666668,0.31203192080197056,0.08933499740862773
17.183333333333334,0.3117507534551112,0.08922774416188047
17.2,0.31147033557027065,0.08912094046526677
17.216666666666665,0.31119066432401654,0.08901458385720103
17.233333333333334,0.31091173690549256,0.08890867189172455
17.25,0.31063355051636465,0.08880320213841358
17.266666666666666,0.310356102370759,0.08869817218227882
17.283333333333335,0.31007938969520826,0.08859357962367428
17.3,0.3098034097285906,0.08848942207819707
17.316666666666666,0.30952815972207726,0.08838569717659724
17.333333333333332,0.3092536369390706,0.08828240256467768
17.35,0.30897983865515205,0.08817953590320501
17.366666666666667,0.30870676215802156,0.08807709486780974
17.383333333333333,0.308434404747446,0.0879750771488979
17.4,0.3081627637351985,0.08787348045155172
17.416666666666668,0.3078918364450071,0.0877723024954423
17.433333333333334,0.30762162021249523,0.08767154101473046
17.45,0.30735211238513066,0.08757119375798059
17.466666666666665,0.3070833103221659,0.08747125848806181
17.483333333333334,0.3068152113945883,0.08737173298206267
17.5,0.30654781298506056,0.08727261503119295
17.516666666666666,0.30628111248787065,0.08717390244069918
17.533333333333335,0.30601510730887366,0.08707559302976704
17.55,0.3057497948654424,0.08697768463143822
17.566666666666666,0.3054851725864091,0.0868801750925128
17.583333333333332,0.3052212379120162,0.08678306227346712
17.6,0.30495798829385884,0.08668634404835705
17.616666666666667,0.30469542119483584,0.08659001830473663
17.633333333333333,0.3044335340890931,0.08649408294356196
17.65,0.30417232446197534,0.0863985358791112
17.666666666666668,0.3039117898099688,0.08630337503888875
17.683333333333334,0.30365192764065374,0.08620859836354614
17.7,0.3033927354726483,0.08611420380678715
17.716666666666665,0.3031342108355608,0.08602018933528913
17.733333333333334,0.3028763512699344,0.0859265529286093
17.75,0.3026191543271992,0.08583329257910753
17.766666666666666,0.3023626175696179,0.08574040629185259
17.783333333333335,0.30210673857023856,0.08564789208454632
17.8,0.30185151491284007,0.08555574798743061
17.816666666666666,0.30159694419188554,0.08546397204321128
17.833333333333332,0.3013430240124682,0.08537256230696724
17.85,0.30108975199026533,0.08528151684607563
17.866666666666667,0.3008371257514844,0.08519083374012067
17.883333333333333,0.30058514293281796,0.0851005110808217
17.9,0.30033380118138975,0.08501054697194124
17.916666666666668,0.30008309815470946,0.08492093952921206
17.933333333333334,0.29983303152062013,0.08483168688024909
17.95,0.2995835989572533,0.08474278716447559
17.966666666666665,0.2993347981529765,0.08465423853303636
17.983333333333334,0.2990866268063488,0.08456603914872995
18.0,0.29883908262606884,0.0844781871859168
18.016666666666666,0.298592163330931,0.08439068083045195
18.033333333333335,0.29834586664977353,0.08430351827959756
18.05,0.2981001903214348,0.08421669774194736
18.066666666666666,0.2978551320947025,0.0841302174373486
18.083333333333332,0.29761068972827054,0.08404407559683476
18.1,0.2973668609906881,0.0839582704625358
18.116666666666667,0.29712364366031657,0.0838728002876249
18.133333333333333,0.2968810355252796,0.08378766333622131
18.15,0.2966390343834207,0.08370285788331422
18.166666666666668,0.2963976380422529,0.083618382214697
18.183333333333334,0.29615684431891753,0.08353423462687881
18.2,0.29591665104013404,0.08345041342702132
18.216666666666665,0.2956770560421585,0.08336691693292946
18.233333333333334,0.2954380571707347,0.08328374347289261
18.25,0.29519965228105305,0.08320089138558141
18.266666666666666,0.29496183923770175,0.08311835902006229
18.283333333333335,0.2947246159146258,0.08303614473572919
18.3,0.2944879801950789,0.08295424690216957
18.316666666666666,0.29425192997158317,0.08287266389913239
18.333333333333332,0.29401646314588104,0.08279139411645257
18.35,0.29378157762889534,0.08271043595397334
18.366666666666667,0.2935472713406817,0.08262978782148306
18.383333333333333,0.2933135422103893,0.08254944813865478
18.4,0.2930803881762134,0.082469415334962
18.416666666666668,0.2928478071853561,0.08238968784962439
18.433333333333334,0.2926157971939799,0.08231026413153132
18.45,0.2923843561671685,0.08223114263918276
18.466666666666665,0.2921534820788808,0.08215232184061526
18.483333333333334,0.2919231729119124,0.08207380021334443
18.5,0.29169342665784953,0.08199557624429052
18.516666666666666,0.29146424131703114,0.08191764842972202
18.533333333333335,0.29123561489850336,0.08184001527518261
18.55,0.2910075454199814,0.08176267529543571
18.566666666666666,0.2907800309078049,0.08168562701439178
18.583333333333332,0.29055306939690034,0.08160886896505402
18.6,0.2903266589307362,0.08153239968944663
18.616666666666667,0.2901007975612865,0.08145621773856074
18.633333333333333,0.2898754833489857,0.08138032167228418
18.65,0.28965071436269274,0.08130471005934822
18.666666666666668,0.28942648867964654,0.08122938147725786
18.683333333333334,0.28920280438542995,0.08115433451223954
18.7,0.2889796595739263,0.08107956775917238
18.716666666666665,0.28875705234728316,0.08100507982153651
18.733333333333334,0.28853498081586954,0.08093086931134534
18.75,0.28831344309824014,0.08085693484909463
18.766666666666666,0.2880924373210925,0.08078327506369563
18.783333333333335,0.28787196161923173,0.08070988859242481
18.8,0.28765201413552804,0.08063677408085794
18.816666666666666,0.2874325930208821,0.08056393018282074
18.833333333333332,0.2872136964341829,0.08049135556032358
18.85,0.2869953225422731,0.08041904888351291
18.866666666666667,0.28677746951990757,0.08034700883060694
18.883333333333333,0.28656013554971876,0.08027523408784776
18.9,0.2863433188221758,0.08020372334943786
18.916666666666668,0.2861270175355507,0.08013247531749286
18.933333333333334,0.28591122989587725,0.08006148870197906
18.95,0.2856959541169171,0.07999076222066676
18.966666666666665,0.2854811884201199,0.07992029459906867
18.983333333333334,0.28526693103458967,0.07985008457039412
19.0,0.28505318019704506,0.07978013087548806
19.016666666666666,0.28483993415178566,0.07971043226278587
19.033333333333335,0.28462719115065294,0.07964098748825345
19.05,0.2844149494529973,0.07957179531534267
19.066666666666666,0.2842032073256388,0.07950285451493219
19.083333333333332,0.283991963042835,0.07943416386528376
19.1,0.2837812148862416,0.07936572215198366
19.116666666666667,0.2835709611448805,0.07929752816789948
19.133333333333333,0.2833612001151014,0.07922958071312272
19.15,0.28315193010055,0.0791618785949262
19.166666666666668,0.28294314941212956,0.07909442062770723
19.183333333333334,0.28273485636796997,0.07902720563294599
19.2,0.2825270492933894,0.07896023243914932
19.216666666666665,0.282319726520863,0.07889349988180933
19.233333333333334,0.28211288638998583,0.07882700680334855
19.25,0.2819065272474422,0.07876075205307898
19.266666666666666,0.2817006474469678,0.07869473448714785
19.283333333333335,0.28149524534932,0.07862895296849783
19.3,0.2812903193222403,0.07856340636681304
19.316666666666666,0.2810858677404246,0.0784980935584796
19.333333333333332,0.2808818889854865,0.07843301342653299
19.35,0.2806783814459273,0.0783681648606189
19.366666666666667,0.28047534351710024,0.07830354675694137
19.383333333333333,0.2802727736011805,0.07823915801822477
19.4,0.2800706701071297,0.07817499755366203
19.416666666666668,0.2798690314506666,0.0781110642788769
19.433333333333334,0.2796678560542312,0.07804735711587368
19.45,0.2794671423469561,0.07798387499299946
19.466666666666665,0.279266888764631,0.07792061684489474
19.483333333333334,0.27906709374967476,0.07785758161245727
19.5,0.27886775575109995,0.07779476824279219
19.516666666666666,0.27866887322448425,0.07773217568917606
19.533333333333335,0.2784704446319364,0.07766980291100874
19.55,0.2782724684420682,0.07760764887377701
19.566666666666666,0.27807494312995984,0.07754571254900763
19.583333333333332,0.27787786717713236,0.0774839929142328
19.6,0.2776812390715136,0.07742248895294215
19.616666666666667,0.2774850573074109,0.07736119965454916
19.633333333333333,0.2772893203854775,0.07730012401434433
19.65,0.277094026812685,0.07723926103345995
19.666666666666668,0.27689917510229056,0.07717860971882613
19.683333333333334,0.2767047637738095,0.07711816908313718
19.7,0.2765107913529826,0.07705793814480585
19.716666666666665,0.2763172563717496,0.07699791592793259
19.733333333333334,0.2761241573682161,0.07693810146225913
19.75,0.2759314928866274,0.07687849378313434
19.766666666666666,0.27573926147733624,0.07681909193147353
19.783333333333335,0.2755474616967765,0.0767598949537243
19.8,0.27535609210743156,0.07670090190182431
19.816666666666666,0.2751651512778078,0.07664211183317436
19.833333333333332,0.2749746377824034,0.07658352381059035
19.85,0.27478455020168246,0.07652513690227238
19.866666666666667,0.2745948871220437,0.07646695018176573
19.883333333333333,0.2744056471357953,0.07640896272792252
19.9,0.27421682884112347,0.0763511736248678
19.916666666666668,0.27402843084206724,0.0762935819619753
19.933333333333334,0.27384045174848815,0.07623618683381643
19.95,0.27365289017604516,0.07617898734014018
19.966666666666665,0.27346574474616414,0.07612198258582792
19.983333333333334,0.27327901408601324,0.07606517168084626
20.0,0.27309269682847265,0.07600855374023037
20.016666666666666,0.27290679161211046,0.07595212788404969
20.033333333333335,0.27272129708115245,0.0758958932373643
20.05,0.2725362118854585,0.07583984893024111
20.066666666666666,0.27235153468049256,0.0757839940976646
20.083333333333332,0.27216726412729836,0.07572832787945687
20.1,0.27198339889247086,0.07567284942033294
20.116666666666667,0.2717999376481329,0.07561755786988987
20.133333333333333,0.27161687907190535,0.07556245238249108
20.15,0.2714342218468833,0.07550753211725836
20.166666666666668,0.27125196466160867,0.0754527962380651
20.183333333333334,0.2710701062100466,0.07539824391348733
20.2,0.2708886451915568,0.07534387431677134
20.216666666666665,0.2707075803108698,0.07528968662581405
20.233333333333334,0.27052691027806003,0.07523568002311967
20.25,0.2703466338085232,0.07518185369577603
20.266666666666666,0.27016674962294757,0.0751282068354215
20.283333333333335,0.26998725644729155,0.07507473863821752
20.3,0.2698081530127567,0.07502144830481487
20.316666666666666,0.2696294380557649,0.07496833504032839
20.333333333333332,0.26945111031793145,0.07491539805430285
20.35,0.2692731685460427,0.07486263656068838
20.366666666666667,0.26909561149202915,0.07481004977780689
20.383333333333333,0.26891843791294373,0.07475763692832771
20.4,0.26874164657093474,0.07470539723923461
20.416666666666668,0.26856523623322454,0.0746533299418016
20.433333333333334,0.2683892056720827,0.07460143427156067
20.45,0.2682135536648052,0.07454970946827792
20.466666666666665,0.26803827899368765,0.07449815477592159
20.483333333333334,0.26786338044600405,0.07444676944263859
20.5,0.2676888568139812,0.07439555272072315
20.516666666666666,0.26751470689477785,0.07434450386659373
20.533333333333335,0.2673409294904586,0.07429362214076193
20.55,0.2671675234079729,0.07424290680780977
20.566666666666666,0.26699448745913,0.07419235713635917
20.583333333333332,0.2668218204605788,0.07414197239904949
20.6,0.26664952123378194,0.07409175187250742
20.616666666666667,0.26647758860499576,0.07404169483732496
20.633333333333333,0.26630602140524523,0.07399180057802969
20.65,0.2661348184703039,0.07394206838306312
20.666666666666668,0.2659639786406691,0.07389249754475133
20.683333333333334,0.26579350076154257,0.07384308735928352
20.7,0.2656233836828052,0.07379383712668332
20.716666666666665,0.26545362625899743,0.07374474615078769
20.733333333333334,0.26528422734929535,0.0736958137392184
20.75,0.26511518581749155,0.07364703920336124
20.766666666666666,0.26494650053197044,0.07359842185833812
20.783333333333335,0.26477817036568857,0.07354996102298661
20.8,0.264610194196152,0.07350165601983222
20.816666666666666,0.2644425709053968,0.0734535061750683
20.833333333333332,0.26427529937996536,0.07340551081852884
20.85,0.2641083785108871,0.07335766928366855
20.866666666666667,0.26394180719365595,0.07330998090753613
20.883333333333333,0.263775584328211,0.07326244503075469
20.9,0.263609708818914,0.07321506099749528
20.916666666666668,0.26344417957453053,0.07316782815545761
20.933333333333334,0.2632789955082074,0.07312074585584405
20.95,0.2631141555374535,0.07307381345334044
20.966666666666665,0.2629496585841181,0.0730270303060907
20.983333333333334,0.26278550357437275,0.07298039577567801
21.0,0.2626216894386882,0.0729339092270995
21.016666666666666,0.262458215111817,0.07288757002874764
21.033333333333335,0.26229507953277104,0.07284137755238561
21.05,0.26213228164480407,0.07279533117312881
21.066666666666666,0.26196982039538946,0.07274943026942045
21.083333333333332,0.2618076947362027,0.07270367422301377
21.1,0.26164590362309975,0.07265806241894764
21.116666666666667,0.26148444601609977,0.07261259424552878
21.133333333333333,0.26132332087936333,0.07256726909430818
21.15,0.2611625271811754,0.07252208636006344
21.166666666666668,0.26100206389392383,0.07247704544077543
21.183333333333334,0.26084192999408234,0.07243214573761117
21.2,0.2606821244621897,0.0723873866549005
21.216666666666665,0.26052264628283267,0.07234276760011914
21.233333333333334,0.26036349444462537,0.07229828798386595
21.25,0.2602046679401919,0.07225394721984628
21.266666666666666,0.26004616576614653,0.0722097447248494
21.283333333333335,0.2598879869230765,0.07216567991873209
21.3,0.2597301304155221,0.07212175222439648
21.316666666666666,0.25957259525195986,0.07207796106777374
21.333333333333332,0.2594153804447825,0.07203430587780234
21.35,0.25925848501028287,0.07199078608641195
21.366666666666667,0.2591019079686336,0.07194740112850201
21.383333333333333,0.25894564834387124,0.07190415044192598
21.4,0.25878970516387656,0.0718610334674701
21.416666666666668,0.2586340774603584,0.07181804964883767
21.433333333333334,0.2584787642688343,0.07177519843262842
21.45,0.25832376462861434,0.07173247926832296
21.466666666666665,0.258169077582782,0.0716898916082623
21.483333333333334,0.258014702178179,0.07164743490763269
21.5,0.25786063746538557,0.07160510862444537
21.516666666666666,0.2577068824987048,0.07156291221952155
21.533333333333335,0.25755343633614436,0.07152084515647247
21.55,0.25740029803940034,0.07147890690168465
21.566666666666666,0.2572474666738392,0.0714370969243002
21.583333333333332,0.25709494130848237,0.07139541469620246
21.6,0.25694272101598764,0.07135385969199638
21.616666666666667,0.25679080487263395,0.07131243138899418
21.633333333333333,0.25663919195830326,0.07127112926719638
21.65,0.25648788135646544,0.07122995280927752
21.666666666666668,0.25633687215416034,0.07118890150056735
21.683333333333334,0.2561861634419831,0.07114797482903704
21.7,0.25603575431406583,0.07110717228528045
21.716666666666665,0.255885643868063,0.07106649336250041
21.733333333333334,0.2557358312051337,0.07102593755649049
21.75,0.2555863154299278,0.07098550436562116
21.766666666666666,0.25543709565056755,0.07094519329082204
21.783333333333335,0.2552881709786332,0.07090500383556847
21.8,0.255139540529146,0.07086493550586369
21.816666666666666,0.25499120342055415,0.0708249878102257
21.833333333333332,0.25484315877471514,0.0707851602596697
21.85,0.2546954057168817,0.07074545236769492
21.866666666666667,0.254547943375685,0.07070586365026749
21.883333333333333,0.2544007708831206,0.07066639362580754
21.9,0.25425388737453136,0.07062704181517215
21.916666666666668,0.25410729198859416,0.07058780774164311
21.933333333333334,0.2539609838673026,0.07054869093090961
21.95,0.25381496215595395,0.07050969091105584
21.966666666666665,0.25366922600313224,0.07047080721254463
21.983333333333334,0.2535237745606944,0.07043203936820461
22.0,0.25337860698375453,0.0703933869132143
22.016666666666666,0.2532337224306702,0.0703548493850905
22.033333333333335,0.25308912006302653,0.07031642632367135
22.05,0.2529447990456227,0.07027811727110489
22.066666666666666,0.2528007585464561,0.07023992177183307
22.083333333333332,0.2526569977367083,0.07020183937257893
22.1,0.25251351579073006,0.07016386962233218
22.116666666666667,0.25237031188602915,0.07012601207233725
22.133333333333333,0.25222738520325305,0.0700882662760776
22.15,0.25208473492617667,0.07005063178926567
22.166666666666668,0.2519423602416869,0.07001310816982619
22.183333333333334,0.2518002603397698,0.06997569497788399
22.2,0.25165843441349506,0.06993839177575083
22.216666666666665,0.25151688165900427,0.06990119812791204
22.233333333333334,0.2513756012754946,0.06986411360101322
22.25,0.2512345924652064,0.06982713776385145
22.266666666666666,0.2510938544334087,0.06979027018735755
22.283333333333335,0.2509533863883865,0.0697535104445875
22.3,0.25081318754142584,0.06971685811070696
22.316666666666666,0.2506732571068018,0.06968031276297328
22.333333333333332,0.25053359430176336,0.0696438739807304
22.35,0.2503941983465219,0.06960754134540179
22.366666666666667,0.2502550684642358,0.0695713144404673
22.383333333333333,0.2501162038809986,0.06953519285146029
22.4,0.2499776038258248,0.0694991761659503
22.416666666666668,0.24983926753063845,0.06946326397351885
22.433333333333334,0.2497011942302579,0.06942745586576393
22.45,0.24956338316238422,0.06939175143629459
22.466666666666665,0.2494258335675873,0.06935615028070154
22.483333333333334,0.2492885446892942,0.0693206519965595
22.5,0.24915151577377495,0.06928525618340928
22.516666666666666,0.24901474607013122,0.0692499624427288
22.533333333333335,0.24887823483028224,0.06921477037794443
22.55,0.24874198130895323,0.06917967959442564
22.566666666666666,0.24860598476366194,0.06914468969945306
22.583333333333332,0.24847024445470736,0.06910980030222809
22.6,0.24833475964515586,0.06907501101384907
22.616666666666667,0.2481995296008303,0.0690403214472742
22.633333333333333,0.24806455359029628,0.0690057312173472
22.65,0.24792983088485096,0.06897123994079493
22.666666666666668,0.24779536075851002,0.06893684723618461
22.683333333333334,0.24766114248799687,0.06890255272394011
22.7,0.24752717535272883,0.06886835602631869
22.716666666666665,0.24739345863480658,0.0688342567673671
22.733333333333334,0.24725999161900103,0.06880025457295569
22.75,0.2471267735927429,0.06876634907077768
22.766666666666666,0.2469938038461093,0.06873253989030031
22.783333333333335,0.24686108167181328,0.06869882666278072
22.8,0.246728606365191,0.06866520902124859
22.816666666666666,0.24659637722419128,0.06863168660046502
22.833333333333332,0.2464643935493627,0.06859825903695083
22.85,0.2463326546438433,0.06856492596898886
22.866666666666667,0.2462011598133479,0.06853168703657622
22.883333333333333,0.2460699083661581,0.06849854188143145
22.9,0.24593889961310952,0.06846549014698795
22.916666666666668,0.24580813286758157,0.06843253147836158
22.933333333333334,0.24567760744548525,0.06839966552236297
22.95,0.2455473226652531,0.06836689192749655
22.966666666666665,0.24541727784782671,0.0683342103439283
22.983333333333334,0.24528747231664697,0.06830162042349523
23.0,0.2451579053976419,0.06826912181968658
23.016666666666666,0.24502857641921677,0.06823671418760881
23.033333333333335,0.24489948471224215,0.06820439718401057
23.05,0.24477062961004384,0.06817217046728453
23.066666666666666,0.24464201044839132,0.06814003369742425
23.083333333333332,0.24451362656548808,0.06810798653603338
23.1,0.24438547730195972,0.06807602864631575
23.116666666666667,0.24425756200084406,0.06804415969304137
23.133333333333333,0.24412988000758004,0.06801237934256515
23.15,0.2440024306699981,0.06798068726282806
23.166666666666668,0.2438752133383085,0.06794908312332017
23.183333333333334,0.24374822736509175,0.06791756659509006
23.2,0.24362147210528753,0.06788613735073136
23.216666666666665,0.2434949469161853,0.06785479506434867
23.233333333333334,0.24336865115741288,0.06782353941158005
23.25,0.24324258419092737,0.06779237006960055
23.266666666666666,0.24311674538100397,0.06776128671708087
23.283333333333335,0.24299113409422662,0.06773028903419494
23.3,0.24286574969947722,0.06769937670261267
23.316666666666666,0.24274059156792627,0.06766854940546688
23.333333333333332,0.2426156590730222,0.06763780682737135
23.35,0.24249095159048242,0.06760714865442369
23.366666666666667,0.2423664684982823,0.0675765745741687
23.383333333333333,0.24224220917664618,0.06754608427560681
23.4,0.24211817300803695,0.06751567744918358
23.416666666666668,0.2419943593771471,0.06748535378675914
23.433333333333334,0.2418707676708881,0.06745511298162629
23.45,0.24174739727838174,0.06742495472851037
23.466666666666665,0.2416242475909495,0.06739487872353692
23.483333333333334,0.241501318002104,0.06736488466424279
23.5,0.24137860790753857,0.06733497224956059
23.516666666666666,0.24125611670511884,0.06730514117978635
23.533333333333335,0.24113384379487227,0.0672753911566044
23.55,0.24101178857897954,0.06724572188309355
23.566666666666666,0.24088995046176465,0.0672161330636828
23.583333333333332,0.24076832884968652,0.06718662440414926
23.6,0.24064692315132874,0.06715719561162758
23.616666666666667,0.24052573277739128,0.06712784639459363
23.633333333333333,0.24040475714068052,0.06709857646285489
23.65,0.24028399565610103,0.06706938552754962
23.666666666666668,0.2401634477406457,0.06704027330113403
23.683333333333334,0.2400431128133877,0.06701123949737607
23.7,0.2399229902954704,0.06698228383134973
23.716666666666665,0.23980307961009942,0.06695340601942726
23.733333333333334,0.23968338018253296,0.06692460577927131
23.75,0.239563891440074,0.06689588282982928
23.766666666666666,0.23944461281206042,0.06686723689132486
23.783333333333335,0.239325543729857,0.06683866768525215
23.8,0.2392066836268463,0.06681017493436796
23.816666666666666,0.23908803193842054,0.06678175836268556
23.833333333333332,0.23896958810197225,0.06675341769546715
23.85,0.23885135155688642,0.066725152659218
23.866666666666667,0.23873332174453135,0.0666969629816786
23.883333333333333,0.23861549810825092,0.06666884839181896
23.9,0.23849788009335532,0.06664080861983107
23.916666666666668,0.2383804671471132,0.06661284339712312
23.933333333333334,0.23826325871874285,0.06658495245631202
23.95,0.23814625425940483,0.0665571355312178
23.966666666666665,0.23802945322219254,0.0665293923568562
23.983333333333334,0.23791285506212456,0.06650172266943302
24.0,0.23779645923613618,0.0664741262063369
24.016666666666666,0.23768026520307206,0.06644660270613384
24.033333333333335,0.237564272423677,0.06641915190856
24.05,0.23744848036058847,0.0663917735545161
24.066666666666666,0.23733288847832823,0.06636446738606053
24.083333333333332,0.23721749624329505,0.06633723314640375
24.1,0.23710230312375577,0.06631007057990147
24.116666666666667,0.2369873085898383,0.06628297943204932
24.133333333333333,0.23687251211352284,0.0662559594494758
24.15,0.2367579131686349,0.06622901037993703
24.166666666666668,0.23664351123083677,0.06620213197231009
24.183333333333334,0.23652930577762038,0.06617532397658762
24.2,0.2364152962882989,0.06614858614387123
24.216666666666665,0.23630148224399972,0.06612191822636632
24.233333333333334,0.23618786312765605,0.0660953199773754
24.25,0.23607443842400028,0.06606879115129304
24.266666666666666,0.2359612076195555,0.06604233150359931
24.283333333333335,0.23584817020262835,0.06601594079085468
24.3,0.2357353256633013,0.06598961877069365
24.316666666666666,0.23562267349342572,0.0659633652018198
24.333333333333332,0.23551021318661358,0.06593717984399936
24.35,0.23539794423823093,0.06591106245805615
24.366666666666667,0.2352858661453897,0.0658850128058655
24.383333333333333,0.23517397840694124,0.06585903065034936
24.4,0.23506228052346814,0.06583311575546992
24.416666666666668,0.23495077199727785,0.06580726788622504
24.433333333333334,0.23483945233239456,0.06578148680864195
24.45,0.23472832103455285,0.06575577228977245
24.466666666666665,0.2346173776111898,0.065730124097687
24.483333333333334,0.2345066215714385,0.06570454200147002
24.5,0.23439605242612038,0.06567902577121379
24.516666666666666,0.23428566968773878,0.06565357517801391
24.533333333333335,0.23417547287047133,0.06562818999396335
24.55,0.2340654614901634,0.06560286999214787
24.566666666666666,0.23395563506432082,0.06557761494664026
24.583333333333332,0.23384599311210333,0.06555242463249564
24.6,0.23373653515431725,0.06552729882574583
24.616666666666667,0.23362726071340909,0.06550223730339497
24.633333333333333,0.23351816931345826,0.0654772398434136
24.65,0.23340926048017083,0.06545230622473436
24.666666666666668,0.23330053374087217,0.06542743622724637
24.683333333333334,0.2331919886245008,0.06540262963179086
24.7,0.2330836246616011,0.06537788622015563
24.716666666666665,0.23297544138431733,0.06535320577507067
24.733333333333334,0.23286743832638637,0.06532858808020277
24.75,0.23275961502313172,0.06530403292015118
24.766666666666666,0.23265197101145627,0.06527954008044219
24.783333333333335,0.23254450582983635,0.065255109347525
24.8,0.2324372190183148,0.06523074050876627
24.816666666666666,0.232330110118495,0.06520643335244608
24.833333333333332,0.23222317867353376,0.06518218766775254
24.85,0.23211642422813572,0.06515800324477762
24.866666666666667,0.2320098463285461,0.06513387987451207
24.883333333333333,0.2319034445225452,0.06510981734884132
24.9,0.23179721835944125,0.0650858154605403
24.916666666666668,0.23169116739006487,0.06506187400326938
24.933333333333334,0.23158529116676213,0.06503799277156928
24.95,0.23147958924338913,0.06501417156085726
24.966666666666665,0.23137406117530498,0.06499041016742184
24.983333333333334,0.23126870651936624,0.06496670838841907
25.0,0.23116352483392022,0.06494306602186746
25.016666666666666,0.23105851567879948,0.06491948286664415
25.033333333333335,0.2309536786153152,0.06489595872247995
25.05,0.23084901320625176,0.06487249338995547
25.066666666666666,0.23074451901586,0.06484908667049637
25.083333333333332,0.2306401956098517,0.0648257383663696
25.1,0.23053604255539323,0.06480244828067855
25.116666666666667,0.2304320594211002,0.06477921621735919
25.133333333333333,0.2303282457770309,0.06475604198117546
25.15,0.230224601194681,0.0647329253777155
25.166666666666668,0.23012112524697714,0.064709866213387
25.183333333333334,0.23001781750827158,0.06468686429541379
25.2,0.22991467755433592,0.06466391943183092
25.216666666666665,0.2298117049623559,0.06464103143148081
25.233333333333334,0.22970889931092503,0.06461820010400915
25.25,0.22960626018003952,0.06459542525986119
25.266666666666666,0.22950378715109193,0.06457270671027712
25.283333333333335,0.2294014798068662,0.06455004426728882
25.3,0.2292993377315313,0.06452743774371511
25.316666666666666,0.2291973605106361,0.06450488695315809
25.333333333333332,0.2290955477311034,0.0644823917099991
25.35,0.2289938989812251,0.06445995182939525
25.366666666666667,0.22889241385065578,0.06443756712727482
25.383333333333333,0.22879109193040778,0.0644152374203342
25.4,0.22868993281284528,0.06439296252603334
25.416666666666668,0.22858893609167938,0.0643707422625922
25.433333333333334,0.22848810136196204,0.06434857644898682
25.45,0.22838742822008143,0.06432646490494588
25.466666666666665,0.22828691626375575,0.06430440745094644
25.483333333333334,0.22818656509202845,0.06428240390821092
25.5,0.22808637430526255,0.0642604540987027
25.516666666666666,0.22798634350513572,0.06423855784512258
25.533333333333335,0.2278864722946345,0.06421671497090521
25.55,0.22778676027804945,0.06419492530021559
25.566666666666666,0.22768720706096965,0.06417318865794501
25.583333333333332,0.22758781225027783,0.06415150486970815
25.6,0.22748857545414478,0.0641298737618388
25.616666666666667,0.2273894962820245,0.06410829516138651
25.633333333333333,0.2272905743446488,0.06408676889611303
25.65,0.22719180925402252,0.06406529479448905
25.666666666666668,0.22709320062341798,0.06404387268569026
25.683333333333334,0.22699474806737058,0.06402250239959434
25.7,0.22689645120167307,0.06400118376677709
25.716666666666665,0.22679830964337094,0.06397991661850921
25.733333333333334,0.22670032301075718,0.06395870078675271
25.75,0.22660249092336773,0.06393753610415769
25.766666666666666,0.226504813001976,0.06391642240405863
25.783333333333335,0.2264072888685883,0.06389535952047172
25.8,0.22630991814643867,0.06387434728809069
25.816666666666666,0.2262127004599845,0.06385338554228413
25.833333333333332,0.22611563543490107,0.0638324741190917
25.85,0.22601872269807707,0.06381161285522097
25.866666666666667,0.22592196187760957,0.06379080158804408
25.883333333333333,0.22582535260279954,0.06377004015559518
25.9,0.22572889450414668,0.0637493283965662
25.916666666666668,0.2256325872133452,0.06372866615030448
25.933333333333334,0.22553643036327847,0.06370805325680898
25.95,0.2254404235880149,0.06368748955672696
25.966666666666665,0.22534456652280266,0.06366697489135112
25.983333333333334,0.22524885880406575,0.06364650910261717
26.0,0.22515330006939863,0.06362609203309952
26.016666666666666,0.22505788995756215,0.06360572352600916
26.033333333333335,0.22496262810847856,0.06358540342518997
26.05,0.22486751416322734,0.0635651315751151
26.066666666666666,0.22477254776404026,0.06354490782088475
26.083333333333332,0.22467772855429705,0.06352473200822356
26.1,0.22458305617852073,0.06350460398347656
26.116666666666667,0.2244885302823735,0.06348452359360729
26.133333333333333,0.2243941505126518,0.06346449068619402
26.15,0.22429991651728212,0.06344450510942594
26.166666666666668,0.22420582794531646,0.06342456671210146
26.183333333333334,0.22411188444692812,0.0634046753436252
26.2,0.22401808567340697,0.0633848308540043
26.216666666666665,0.22392443127715542,0.06336503309384794
26.233333333333334,0.2238309209116838,0.06334528191436205
26.25,0.22373755423160627,0.06332557716734542
26.266666666666666,0.22364433089263627,0.06330591870518924
26.283333333333335,0.22355125055158256,0.06328630638087263
26.3,0.22345831286634454,0.06326674004796023
26.316666666666666,0.22336551749590833,0.06324721956060293
26.333333333333332,0.2232728641003421,0.06322774477353077
26.35,0.2231803523407927,0.06320831554205036
26.366666666666667,0.2230879818794804,0.06318893172204414
26.383333333333333,0.22299575237969557,0.06316959316996294
26.4,0.22290366350579402,0.06315029974282735
26.416666666666668,0.22281171492319324,0.06313105129822974
26.433333333333334,0.2227199062983678,0.06311184769432385
26.45,0.22262823729884576,0.0630926887898262
26.466666666666665,0.22253670759320418,0.06307357444401286
26.483333333333334,0.22244531685106547,0.06305450451670636
26.5,0.22235406474309288,0.06303547886828524
26.516666666666666,0.22226295094098686,0.06301649735968705
26.533333333333335,0.2221719751174807,0.06299755985239214
26.55,0.222081136946337,0.06297866620843044
26.566666666666666,0.22199043610234312,0.06295981629037586
26.583333333333332,0.22189987226130786,0.06294100996132822
26.6,0.2218094451000569,0.0629222470849301
26.616666666666667,0.22171915429642952,0.06290352752537061
26.633333333333333,0.22162899952927403,0.06288485114736408
26.65,0.22153898047844445,0.06286621781615911
26.666666666666668,0.2214490968247961,0.0628476273975339
26.683333333333334,0.22135934825018255,0.06282907975777546
26.7,0.2212697344374509,0.0628105747636991
26.716666666666665,0.22118025507043854,0.0627921122826541
26.733333333333334,0.22109090983396895,0.06277369218249888
26.75,0.22100169841384854,0.0627553143316103
26.766666666666666,0.2209126204968621,0.06273697859888121
26.783333333333335,0.2208236757707698,0.06271868485369862
26.8,0.22073486392430283,0.06270043296596295
26.816666666666666,0.22064618464716015,0.06268222280609252
26.833333333333332,0.2205576376300044,0.0626640542450008
26.85,0.22046922256445867,0.06264592715410876
26.866666666666667,0.22038093914310225,0.06262784140533789
26.883333333333333,0.22029278705946784,0.06260979687108963
26.9,0.22020476600803715,0.06259179342426562
26.916666666666668,0.22011687568423732,0.06257383093826373
26.933333333333334,0.2200291157844376,0.06255590928696529
26.95,0.2199414860059461,0.06253802834475916
26.966666666666665,0.21985398604700548,0.06252018798651468
26.983333333333334,0.21976661560678984,0.06250238808755343
27.0,0.21967937438540097,0.06248462852369189
27.016666666666666,0.2195922620838653,0.06246690917123941
27.033333333333335,0.21950527840412984,0.06244922990696834
27.05,0.21941842304905881,0.0624315906081374
27.066666666666666,0.21933169572243028,0.06241399115247753
27.083333333333332,0.21924509612893286,0.06239643141816528
27.1,0.21915862397416197,0.06237891128385474
27.116666666666667,0.21907227896461656,0.06236143062867601
27.133333333333333,0.21898606080769567,0.06234398933221216
27.15,0.2188999692116951,0.06232658727451969
27.166666666666668,0.21881400388580383,0.06230922433611337
27.183333333333334,0.21872816454010088,0.06229190039794345
27.2,0.21864245088555181,0.0622746153414242
27.216666666666665,0.21855686263400562,0.06225736904842974
27.233333333333334,0.21847139949819097,0.06224016140127629
27.25,0.21838606119171336,0.06222299228274334
27.266666666666666,0.2183008474290514,0.062205861576054476
27.283333333333335,0.21821575792555406,0.062188769164855356
27.3,0.21813079239743685,0.06217171493324435
27.316666666666666,0.21804595056177903,0.06215469876576864
27.333333333333332,0.21796123213651994,0.06213772054740467
27.35,0.21787663684045616,0.06212078016357694
27.366666666666667,0.217792164393238,0.06210387750014323
27.383333333333333,0.21770781451536672,0.06208701244337558
27.4,0.21762358692819084,0.06207018487998464
27.416666666666668,0.21753948135390336,0.06205339469711399
27.433333333333334,0.21745549751553833,0.06203664178232699
27.45,0.21737163513696797,0.06201992602362602
27.466666666666665,0.2172878939428993,0.0620032473094331
27.483333333333334,0.21720427365887135,0.06198660552857186
27.5,0.21712077401125174,0.06197000057029408
27.516666666666666,0.2170373947272338,0.0619534323242734
27.533333333333335,0.2169541355348333,0.06193690068059131
27.55,0.21687099616288563,0.061920405529755154
27.566666666666666,0.2167879763410424,0.06190394676268125
27.583333333333332,0.2167050757997691,0.061887524270680117
27.6,0.2166222942703414,0.06187113794547751
27.616666666666667,0.2165396314848423,0.06185478767920471
27.633333333333333,0.21645708717615922,0.06183847336439237
27.65,0.21637466107798134,0.06182219489399081
27.666666666666668,0.21629235292479604,0.0618059521613455
27.683333333333334,0.21621016245188632,0.0617897450601825
27.7,0.21612808939532768,0.06177357348463424
27.716666666666665,0.21604613349198537,0.06175743732922582
27.733333333333334,0.2159642944795113,0.06174133648887095
27.75,0.21588257209634146,0.06172527085890133
27.766666666666666,0.21580096608169222,0.06170924033502917
27.783333333333335,0.21571947617555706,0.06169324481332165
27.8,0.2156381021187122,0.06167728419026194
27.816666666666666,0.21555684365268987,0.06166135836270349
27.833333333333332,0.21547570051981046,0.06164546722789093
27.85,0.21539467246314503,0.061629610683452386
27.866666666666667,0.21531375922654522,0.06161378862739875
27.883333333333333,0.21523296055460628,0.061598000958103784
27.9,0.21515227619269972,0.06158224757433209
27.916666666666668,0.21507170588693414,0.06156652837520109
27.933333333333334,0.21499124938418893,0.061550843260216294
27.95,0.21491090643207542,0.061535192129250356
27.966666666666665,0.21483067677896978,0.06151957488255044
27.983333333333334,0.21475056017397545,0.061503991420730424
28.0,0.21467055636695484,0.061488441644776605
28.016666666666666,0.2145906651084925,0.061472925456019185
28.033333333333335,0.2145108861499264,0.061457442756168
28.05,0.21443121924331124,0.0614419934472745
28.066666666666666,0.2143516641414498,0.061426577431763184
28.083333333333332,0.21427222059785622,0.061411194612421595
28.1,0.21419288836678732,0.06139584489239493
28.116666666666667,0.2141136672032061,0.061380528175184905
28.133333333333333,0.21403455686281284,0.06136524436465075
28.15,0.21395555710200914,0.061349993364952976
28.166666666666668,0.21387666767792832,0.06133477508063858
28.183333333333334,0.21379788834839972,0.06131958941662977
28.2,0.21371921887197934,0.061304436278176326
28.216666666666665,0.21364065900791454,0.061289315570853736
28.233333333333334,0.21356220851617372,0.06127422720060483
28.25,0.2134838671574113,0.06125917107369853
28.266666666666666,0.21340563469299828,0.06124414709675553
28.283333333333335,0.21332751088498766,0.061229155176733184
28.3,0.2132494954961367,0.061214195220930634
28.316666666666666,0.2131715882898935,0.06119926713697708
28.333333333333332,0.21309378903039566,0.06118437083284095
28.35,0.21301609748246622,0.06116950621682288
28.366666666666667,0.21293851341161363,0.06115467319755491
28.383333333333333,0.2128610365840294,0.06113987168400182
28.4,0.2127836667665839,0.06112510158545652
28.416666666666668,0.21270640372682603,0.061110362811540114
28.433333333333334,0.21262924723297957,0.061095655272200546
28.45,0.21255219705394096,0.061080978877710336
28.466666666666665,0.21247525295927724,0.06106633353866593
28.483333333333334,0.21239841471922294,0.06105171916598596
28.5,0.21232168210467828,0.06103713567090973
28.516666666666666,0.21224505488720613,0.06102258296499617
28.533333333333335,0.21216853283902995,0.06100806096012209
28.55,0.21209211573303188,0.06099356956848124
28.566666666666666,0.21201580334274964,0.0609791087025826
28.583333333333332,0.21193959544237487,0.0609646782752491
28.6,0.2118634918067504,0.060950278199616334
28.616666666666667,0.211787492211368,0.060935908389131176
28.633333333333333,0.21171159643236614,0.06092156875755039
28.65,0.2116358042465277,0.060907259218939414
28.666666666666668,0.21156011543127745,0.06089297968767088
28.683333333333334,0.2114845297646801,0.06087873007842343
28.7,0.21140904702543772,0.06086451030618029
28.716666666666665,0.21133366699288764,0.060850320286228075
28.733333333333334,0.21125838944700012,0.06083615993415535
28.75,0.21118321416837618,0.06082202916585157
28.766666666666666,0.2111081409382452,0.060807927897505526
28.783333333333335,0.21103316953846318,0.06079385604560423
28.8,0.21095829975151,0.060779813526931514
28.816666666666666,0.21088353136048724,0.06076580025856694
28.833333333333332,0.21080886414911612,0.06075181615788435
28.85,0.21073429790173545,0.060737861142550816
28.866666666666667,0.21065983240329922,0.06072393513052519
28.883333333333333,0.21058546743937462,0.06071003804005693
28.9,0.21051120279613972,0.060696169789684874
28.916666666666668,0.2104370382603812,0.06068233029823608
28.933333333333334,0.21036297361949247,0.06066851948482447
28.95,0.2102890086614716,0.06065473726884974
28.966666666666665,0.2102151431749189,0.060640983569996046
28.983333333333334,0.2101413769490349,0.060627258308230805
29.0,0.21006770977361822,0.060613561403803515
29.016666666666666,0.20999414143906373,0.06059989277724469
29.033333333333335,0.20992067173636,0.06058625234936445
29.05,0.2098473004570877,0.06057264004125144
29.066666666666666,0.20977402739341705,0.06055905577427164
29.083333333333332,0.2097008523381062,0.060545499470067286
29.1,0.2096277750844988,0.060531971050555564
29.116666666666667,0.20955479542652225,0.060518470437927525
29.133333333333333,0.2094819131586854,0.0605049975546469
29.15,0.20940912807607676,0.060491552323449015
29.166666666666668,0.20933643997436222,0.060478134667339555
29.183333333333334,0.20926384864978329,0.06046474450959351
29.2,0.20919135389915494,0.060451381773753976
29.216666666666665,0.20911895551986368,0.06043804638363111
29.233333333333334,0.2090466533098654,0.06042473826330089
29.25,0.20897444706768367,0.06041145733710415
29.266666666666666,0.20890233659240737,0.06039820352964534
29.283333333333335,0.20883032168368926,0.060384976765791486
29.3,0.20875840214174352,0.060371776970671046
29.316666666666666,0.20868657776734406,0.060358604069672944
29.333333333333332,0.2086148483618225,0.06034545798844532
29.35,0.2085432137270663,0.06033233865289453
29.366666666666667,0.20847167366551664,0.06031924598918406
29.383333333333333,0.20840022798016697,0.06030617992373344
29.4,0.20832887647456053,0.06029314038321713
29.416666666666668,0.20825761895278866,0.06028012729456365
29.433333333333334,0.20818645521948892,0.0602671405849543
29.45,0.2081153850798435,0.060254180181822194
29.466666666666665,0.20804440833957683,0.06024124601285122
29.483333333333334,0.207973524804954,0.06022833800597503
29.5,0.20790273428277892,0.06021545608937594
29.516666666666666,0.20783203658039223,0.06020260019148394
29.533333333333335,0.20776143150566959,0.06018977024097564
29.55,0.20769091886702,0.06017696616677329
29.566666666666666,0.20762049847338374,0.0601641878980437
29.583333333333332,0.20755017013423066,0.060151435364197335
29.6,0.20747993365955833,0.06013870849488718
29.616666666666667,0.20740978885989,0.06012600722000781
29.633333333333333,0.20733973554627314,0.06011333146969437
29.65,0.2072697735302777,0.060100681174321685
29.666666666666668,0.207199902623994,0.06008805626450309
29.683333333333334,0.207130122640031,0.06007545667108956
29.7,0.20706043339151467,0.06006288232516868
29.716666666666665,0.2069908346920862,0.06005033315806381
29.733333333333334,0.20692132635590008,0.06003780910133293
29.75,0.2068519081976226,0.06002531008676781
29.766666666666666,0.2067825800324299,0.060012836046392966
29.783333333333335,0.2067133416760063,0.06000038691246471
29.8,0.20664419294454248,0.05998796261747021
29.816666666666666,0.206575133654734,0.05997556309412671
29.833333333333332,0.20650616362377938,0.059963188275380344
29.85,0.20643728266937827,0.059950838094405295
29.866666666666667,0.20636849060973006,0.05993851248460286
29.883333333333333,0.20629978726353196,0.05992621137960056
29.9,0.20623117244997738,0.059913934713251134
29.916666666666668,0.2061626459887542,0.059901682419631765
29.933333333333334,0.20609420770004308,0.05988945443304302
29.95,0.20602585740451612,0.05987725068800798
29.966666666666665,0.20595759492333468,0.059865071119271335
29.983333333333334,0.20588942007814787,0.05985291566179856
30.0,0.20582133269109104,0.05984078425077491
30.016666666666666,0.2057533325847843,0.0598286768216046
30.033333333333335,0.2056854195823304,0.05981659330990985
30.05,0.20561759350731343,0.059804533651530066
30.066666666666666,0.20554985418379715,0.059792497782520895
30.083333333333332,0.20548220143632337,0.05978048563915345
30.1,0.2054146350899102,0.05976849715791332
30.116666666666667,0.2053471549700507,0.05975653227549979
30.133333333333333,0.20527976090271108,0.05974459092882492
30.15,0.2052124527143291,0.05973267305501274
30.166666666666668,0.2051452302318126,0.0597207785913983
30.183333333333334,0.2050780932825379,0.05970890747552697
30.2,0.2050110416943481,0.05969705964515344
30.216666666666665,0.2049440752955518,0.05968523503824099
30.233333333333334,0.2048771939149212,0.05967343359296059
30.25,0.20481039738169063,0.05966165524769004
30.266666666666666,0.20474368552555502,0.059649899941013176
30.283333333333335,0.20467705817666867,0.05963816761171911
30.3,0.2046105151656433,0.059626458198801274
30.316666666666666,0.20454405632354664,0.05961477164145671
30.333333333333332,0.20447768148190087,0.059603107879085196
30.35,0.20441139047268125,0.0595914668512884
30.366666666666667,0.20434518312831443,0.0595798484978691
30.383333333333333,0.2042790592816771,0.059568252758830514
30.4,0.20421301876609446,0.05955667957437533
30.416666666666668,0.20414706141533864,0.05954512888490492
30.433333333333334,0.20408118706362724,0.05953360063101861
30.45,0.2040153955456218,0.059522094753512854
30.466666666666665,0.2039496866964264,0.05951061119338045
30.483333333333334,0.20388406035158627,0.059499149891809856
30.5,0.20381851634708614,0.059487710790184264
30.516666666666666,0.20375305451934897,0.05947629383008085
30.533333333333335,0.20368767470523427,0.05946489895327002
30.55,0.20362237674203684,0.059453526101714754
30.566666666666666,0.20355716046748523,0.05944217521756969
30.583333333333332,0.2034920257197404,0.059430846243180444
30.6,0.2034269723373942,0.059419539121082804
30.616666666666667,0.2033620001594679,0.059408253794002004
30.633333333333333,0.20329710902541082,0.05939699020485194
30.65,0.20323229877509913,0.059385748296734514
30.666666666666668,0.2031675692488341,0.05937452801293877
30.683333333333334,0.2031029202873409,0.05936332929694027
30.7,0.20303835173176704,0.05935215209240027
30.716666666666665,0.20297386342368118,0.05934099634316502
30.733333333333334,0.2029094552050715,0.05932986199326501
30.75,0.20284512691834472,0.0593187489869143
30.766666666666666,0.20278087840632436,0.05930765726850969
30.783333333333335,0.20271670951224932,0.05929658678263019
30.8,0.2026526200797727,0.05928553747403609
30.816666666666666,0.20258860995296066,0.059274509287668406
30.833333333333332,0.2025246789762907,0.059263502168648056
30.85,0.2024608269946503,0.05925251606227522
30.866666666666667,0.2023970538533357,0.05924155091402857
30.883333333333333,0.20233335939805078,0.05923060666956473
30.9,0.2022697434749053,0.059219683274717376
30.916666666666668,0.2022062059304139,0.05920878067549668
30.933333333333334,0.20214274661149456,0.05919789881808856
30.95,0.20207936536546742,0.059187037648853996
30.966666666666665,0.20201606204005337,0.059176197114328345
30.983333333333334,0.20195283648337295,0.059165377161220715
31.0,0.20188968854394476,0.059154577736413194
31.016666666666666,0.20182661807068436,0.05914379878696027
31.033333333333335,0.20176362491290284,0.05913304026008809
31.05,0.20170070892030567,0.05912230210319379
31.066666666666666,0.20163786994299124,0.059111584263844844
31.083333333333332,0.20157510783144983,0.05910088668977849
31.1,0.2015124224365621,0.059090209328900925
31.116666666666667,0.201449813609598,0.05907955212928673
31.133333333333333,0.2013872812022154,0.05906891503917815
31.15,0.2013248250664588,0.059058298006984596
31.166666666666668,0.20126244505475807,0.05904770098128181
31.183333333333334,0.2012001410199275,0.059037123910811305
31.2,0.20113791281516424,0.059026566744479744
31.216666666666665,0.20107576029404697,0.05901602943135829
31.233333333333334,0.2010136833105349,0.05900551192068194
31.25,0.20095168171896666,0.058995014161848894
31.266666666666666,0.20088975537405868,0.058984536104419956
31.283333333333335,0.20082790413090426,0.058974077698117924
31.3,0.20076612784497228,0.058963638892826895
31.316666666666666,0.20070442637210598,0.05895321963859162
31.333333333333332,0.20064279956852174,0.05894281988561697
31.35,0.2005812472908079,0.0589324395842674
31.366666666666667,0.20051976939592353,0.05892207868506616
31.383333333333333,0.20045836574119735,0.0589117371386947
31.4,0.20039703618432642,0.058901414895992134
31.416666666666668,0.20033578058337492,0.05889111190795467
31.433333333333334,0.2002745987967731,0.0588808281257349
31.45,0.200213490683316,0.05887056350064126
31.466666666666665,0.2001524561021624,0.058860317984137406
31.483333333333334,0.20009149491283362,0.05885009152784171
31.5,0.20003060697521224,0.05883988408352652
31.516666666666666,0.199969792149541,0.058829695603117654
31.533333333333335,0.19990905029642167,0.05881952603869376
31.55,0.19984838127681404,0.05880937534248592
31.566666666666666,0.19978778495203453,0.058799243466876844
31.583333333333332,0.1997272611837551,0.05878913036440034
31.6,0.19966680983400217,0.05877903598774076
31.616666666666667,0.19960643076515575,0.058768960289732476
31.633333333333333,0.199546123839948,0.05875890322335921
31.65,0.19948588892146177,0.05874886474175365
31.666666666666668,0.19942572587313012,0.058738844798196695
31.683333333333334,0.19936563455873524,0.05872884334611688
31.7,0.19930561484240678,0.05871886033908992
31.716666666666665,0.19924566658862103,0.058708895730838186
31.733333333333334,0.1991857896621998,0.05869894947523002
31.75,0.19912598392830944,0.05868902152627925
31.766666666666666,0.19906624925245955,0.05867911183814461
31.783333333333335,0.19900658550050213,0.058669220365129296
31.8,0.19894699253863027,0.058659347061680314
31.816666666666666,0.19888747023337713,0.058649491882387855
31.833333333333332,0.198828018451615,0.0586396547819849
31.85,0.19876863706055387,0.05862983571534671
31.866666666666667,0.19870932592774077,0.05862003463749014
31.883333333333333,0.1986500849210586,0.05861025150357324
31.9,0.19859091390872502,0.05860048626889467
31.916666666666668,0.19853181275929122,0.05859073888889305
31.933333333333334,0.1984727813416411,0.058581009319146594
31.95,0.1984138195249902,0.058571297515372614
31.966666666666665,0.1983549271788846,0.058561603433426854
31.983333333333334,0.1982961041731998,0.058551927029303064
32.0,0.1982373503781399,0.05854226825913246
32.016666666666666,0.1981786656642364,0.05853262707918314
32.03333333333333,0.1981200499023472,0.05852300344585964
32.05,0.19806150296365554,0.05851339731570246
32.06666666666667,0.19800302471966902,0.058503808645387484
32.083333333333336,0.19794461504221866,0.05849423739172552
32.1,0.19788627380345775,0.05848468351166178
32.11666666666667,0.19782800087586094,0.058475146962275314
32.13333333333333,0.19776979613222323,0.058465627700778566
32.15,0.1977116594456588,0.05845612568451693
32.166666666666664,0.19765359068960014,0.05844664087096812
32.18333333333333,0.19759558973779728,0.05843717321774185
32.2,0.1975376564643164,0.058427722682579224
32.21666666666667,0.19747979074353905,0.05841828922335221
32.233333333333334,0.1974219924501612,0.05840887279806326
32.25,0.19736426145919206,0.058399473364844766
32.266666666666666,0.1973065976459532,0.05839009088195856
32.28333333333333,0.1972490008860779,0.05838072530779549
32.3,0.19719147105550971,0.058371376600874915
32.31666666666667,0.19713400803050163,0.05836204471984418
32.333333333333336,0.1970766116876152,0.05835272962347821
32.35,0.19701928190371962,0.0583434312706791
32.36666666666667,0.19696201855599058,0.058334149620475485
32.38333333333333,0.19690482152190958,0.05832488463202207
32.4,0.19684769067926272,0.05831563626459925
32.416666666666664,0.1967906259061399,0.05830640447761266
32.43333333333333,0.19673362708093378,0.05829718923059262
32.45,0.19667669408233898,0.058287990483194024
32.46666666666667,0.19661982678935105,0.0582788081951955
32.483333333333334,0.1965630250812657,0.058269642326498776
32.5,0.1965062888376776,0.058260492837128613
32.516666666666666,0.19644961793847948,0.05825135968723212
32.53333333333333,0.1963930122638614,0.05824224283707834
32.55,0.19633647169430993,0.0582331422470586
32.56666666666667,0.19627999611060692,0.05822405787768512
32.583333333333336,0.19622358539382875,0.05821498968959027
32.6,0.19616723942534542,0.05820593764352697
32.61666666666667,0.19611095808681947,0.05819690170036742
32.63333333333333,0.19605474126020528,0.058187881821103134
32.65,0.19599858882774837,0.058178877966845705
32.666666666666664,0.19594250067198402,0.05816989009882466
32.68333333333333,0.19588647667573622,0.05816091817838744
32.7,0.19583051672211968,0.05815196216700046
32.71666666666667,0.19577462069453108,0.058143022026242906
32.733333333333334,0.19571878847665944,0.0581340977178147
32.75,0.1956630199524747,0.05812518920353083
32.766666666666666,0.19560731500623646,0.05811629644532375
32.78333333333333,0.1955516735224827,0.05810741940523933
32.8,0.19549609538604004,0.05809855804544109
32.81666666666667,0.1954405804820113,0.058089712328202855
32.833333333333336,0.1953851286957863,0.058080882215916375
32.85,0.1953297399130302,0.05807206767108482
32.86666666666667,0.19527441401969073,0.05806326865632615
32.88333333333333,0.19521915090199368,0.05805448513437196
32.9,0.19516395044644275,0.058045717068066494
32.916666666666664,0.19510881253981785,0.05803696442036423
32.93333333333333,0.1950537370691753,0.058028227154332285
32.95,0.19499872392184708,0.05801950523314817
32.96666666666667,0.1949437729854392,0.05801079862009995
32.983333333333334,0.19488888414783145,0.05800210727858982
33.0,0.1948340572971765,0.05799343117212897
33.016666666666666,0.19477929232189894,0.05798477026433739
33.03333333333333,0.19472458911069443,0.057976124518945536
33.05,0.19466994755252887,0.057967493899786705
33.06666666666667,0.1946153675366397,0.05795887837080725
33.083333333333336,0.19456084895252806,0.05795027789606468
33.1,0.19450639168996856,0.057941692439722886
33.11666666666667,0.19445199563899812,0.0579331219660513
33.13333333333333,0.1943976606899247,0.057924566439429406
33.15,0.1943433867333169,0.057916025824336505
33.166666666666664,0.194289173660013,0.057907500085362974
33.18333333333333,0.19423502136110976,0.05789898918720411
33.2,0.19418092972797224,0.05789049309466159
33.21666666666667,0.19412689865222252,0.05788201177264319
33.233333333333334,0.19407292802574921,0.05787354518616218
33.25,0.19401901774069677,0.05786509330033059
33.266666666666666,0.1939651676894744,0.057856656080369065
33.28333333333333,0.1939113777647454,0.05784823349159754
33.3,0.19385764785943643,0.05783982549944208
33.31666666666667,0.1938039778667268,0.05783143206943354
33.333333333333336,0.19375036768005743,0.05782305316720496
33.35,0.19369681719312057,0.05781468875848898
33.36666666666667,0.1936433262998684,0.0578063388091231
33.38333333333333,0.1935898948945027,0.057798003285039354
33.4,0.19353652287148385,0.057789682152275534
33.416666666666664,0.19348321012552042,0.05778137537697039
33.43333333333333,0.19342995655157796,0.05777308292536317
33.45,0.1933767620448687,0.057764804763794274
33.46666666666667,0.19332362650086032,0.05775654085870445
33.483333333333334,0.19327054981526562,0.05774829117662681
33.5,0.1932175318840514,0.05774005568419863
33.516666666666666,0.19316457260342823,0.05773183434815214
33.53333333333333,0.19311167186985898,0.05772362713532001
33.55,0.193058829580049,0.057715434012636346
33.56666666666667,0.1930060456309545,0.05770725494713159
33.583333333333336,0.19295331991977238,0.057699089905929486
33.6,0.19290065234394907,0.057690938856254544
33.61666666666667,0.19284804280117046,0.057682801765420004
33.63333333333333,0.19279549118937037,0.057674678600840135
33.65,0.1927429974067205,0.057666569330027576
33.666666666666664,0.19269056135163914,0.05765847392058915
33.68333333333333,0.1926381829227812,0.057650392340228285
33.7,0.19258586201904648,0.05764232455674406
33.71666666666667,0.19253359853957014,0.057634270538020616
33.733333333333334,0.19248139238373074,0.05762623025204276
33.75,0.19242924345114065,0.05761820366688667
33.766666666666666,0.1923771516416544,0.05761019075072312
33.78333333333333,0.1923251168553589,0.057602191471822176
33.8,0.19227313899258186,0.057594205798544226
33.81666666666667,0.192221217953882,0.05758623369933616
33.833333333333336,0.19216935364005727,0.057578275142742386
33.85,0.1921175459521353,0.05757033009738974
33.86666666666667,0.1920657947913815,0.057562398532001936
33.88333333333333,0.19201410005928982,0.057554480415400004
33.9,0.1919624616575905,0.057546575716492396
33.916666666666664,0.1919108794882409,0.057538684404280796
33.93333333333333,0.19185935345343333,0.05753080644785747
33.95,0.19180788345558586,0.05752294181638781
33.96666666666667,0.19175646939735014,0.05751509047913814
33.983333333333334,0.19170511118160227,0.05750725240547113
34.0,0.19165380871145066,0.05749942756483256
34.016666666666666,0.19160256189022665,0.05749161592675873
34.03333333333333,0.19155137062149263,0.057483817460875934
34.05,0.1915002348090326,0.05747603213688876
34.06666666666667,0.1914491543568603,0.05746825992459615
34.083333333333336,0.1913981291692098,0.05746050079388212
34.1,0.1913471591505435,0.05745275471471871
34.11666666666667,0.19129624420554292,0.057445021657170324
34.13333333333333,0.1912453842391164,0.05743730159138575
34.15,0.19119457915639032,0.057429594487595666
34.166666666666664,0.19114382886271655,0.05742190031612095
34.18333333333333,0.19109313326366356,0.0574142190473589
34.2,0.19104249226502412,0.05740655065179754
34.21666666666667,0.1909919057728064,0.05739889510001382
34.233333333333334,0.19094137369324143,0.0573912523626672
34.25,0.19089089593277445,0.0573836224105065
34.266666666666666,0.19084047239807223,0.05737600521436333
34.28333333333333,0.19079010299601454,0.05736840074513732
34.3,0.19073978763370147,0.057360808973822786
34.31666666666667,0.19068952621844476,0.05735322987150252
34.333333333333336,0.19063931865777523,0.05734566340933747
34.35,0.19058916485943408,0.05733810955857339
34.36666666666667,0.19053906473138035,0.057330568290539556
34.38333333333333,0.19048901818178227,0.05732303957663979
34.4,0.1904390251190246,0.05731552338836518
34.416666666666664,0.19038908545170022,0.05730801969728532
34.43333333333333,0.19033919908861718,0.05730052847505262
34.45,0.1902893659387904,0.05729304969340428
34.46666666666667,0.19023958591144877,0.05728558332415688
34.483333333333334,0.19018985891602683,0.05727812933920538
34.5,0.19014018486217185,0.057270687710527624
34.516666666666666,0.19009056365973573,0.05726325841017325
34.53333333333333,0.1900409952187818,0.05725584141027655
34.55,0.1899914794495767,0.0572484366830522
34.56666666666667,0.18994201626259744,0.05724104420079336
34.583333333333336,0.18989260556852305,0.0572336639358777
34.6,0.1898432472782417,0.05722629586075924
34.61666666666667,0.1897939413028426,0.057218939947958444
34.63333333333333,0.18974468755362284,0.05721159617008262
34.65,0.18969548594207924,0.057204264499817414
34.666666666666664,0.1896463363799155,0.057196944909924316
34.68333333333333,0.18959723877903384,0.05718963737324448
34.7,0.1895481930515422,0.05718234186269607
34.71666666666667,0.18949919910974583,0.05717505835127059
34.733333333333334,0.1894502568661545,0.05716778681203905
34.75,0.18940136623347428,0.05716052721814331
34.766666666666666,0.18935252712461448,0.0571532795428044
34.78333333333333,0.18930373945267975,0.05714604375931985
34.8,0.1892550031309767,0.05713881984106239
34.81666666666667,0.18920631807300609,0.05713160776148207
34.833333333333336,0.18915768419246956,0.05712440749410379
34.85,0.18910910140326193,0.057117219012520835
34.86666666666667,0.18906056961947765,0.0571100422904054
34.88333333333333,0.18901208875540315,0.05710287730149861
34.9,0.18896365872552348,0.0570957240196185
34.916666666666664,0.18891527944451447,0.05708858241866454
34.93333333333333,0.18886695082724952,0.05708145247260527
34.95,0.18881867278879183,0.05707433415547754
34.96666666666667,0.18877044524440093,0.057067227441395904
34.983333333333334,0.18872226810952503,0.05706013230453845
35.0,0.18867414129980759,0.05705304871916069
35.016666666666666,0.1886260647310797,0.05704597665959581
35.03333333333333,0.1885780383193666,0.05703891610024564
35.05,0.18853006198088007,0.05703186701558848
35.06666666666667,0.18848213563202496,0.05702482938017266
35.083333333333336,0.1884342591893917,0.05701780316859967
35.1,0.1883864325697625,0.05701078835555426
35.11666666666667,0.18833865569010422,0.0570037849158019
35.13333333333333,0.1882909284675745,0.05699679282417029
35.15,0.18824325081951443,0.056989812055557275
35.166666666666664,0.18819562266345485,0.056982842584933684
35.18333333333333,0.18814804391710901,0.05697588438733066
35.2,0.18810051449837883,0.056968937437854715
35.21666666666667,0.18805303432534773,0.05696200171168252
35.233333333333334,0.18800560331628668,0.05695507718405879
35.25,0.1879582213896471,0.0569481638303022
35.266666666666666,0.1879108884640669,0.05694126162579815
35.28333333333333,0.1878636044583634,0.05693437054599209
35.3,0.18781636929153928,0.056927490566404025
35.31666666666667,0.18776918288277586,0.056920621662619464
35.333333333333336,0.1877220451514387,0.05691376381029218
35.35,0.187674956017071,0.05690691698514658
35.36666666666667,0.18762791539939916,0.05690008116297326
35.38333333333333,0.187580923218326,0.05689325631962914
35.4,0.18753397939393673,0.056886442431039595
35.416666666666664,0.18748708384649207,0.05687963947318972
35.43333333333333,0.18744023649643402,0.05687284742213523
35.45,0.18739343726437907,0.056866066253996796
35.46666666666667,0.1873466860711241,0.056859295944961606
35.483333333333334,0.1872999828376393,0.05685253647128908
35.5,0.18725332748507434,0.05684578780930104
35.516666666666666,0.18720671993475135,0.056839049935377174
35.53333333333333,0.18716016010817077,0.05683232282596817
35.55,0.18711364792700463,0.05682560645758388
35.56666666666667,0.18706718331310232,0.05681890080680153
35.583333333333336,0.1870207661884838,0.05681220585027018
35.6,0.18697439647534536,0.056805521564698785
35.61666666666667,0.18692807409605294,0.05679884792685652
35.63333333333333,0.18688179897314786,0.05679218491358048
35.65,0.18683557102934015,0.056785532501764095
35.666666666666664,0.18678939018751428,0.056778890668368144
35.68333333333333,0.1867432563707225,0.05677225939041957
35.7,0.18669716950219048,0.056765638645006375
35.71666666666667,0.18665112950531065,0.05675902840928243
35.733333333333334,0.18660513630364794,0.05675242866046372
35.75,0.18655918982093325,0.05674583937582074
35.766666666666666,0.18651328998106897,0.05673926053269129
35.78333333333333,0.1864674367081226,0.056732692108469304
35.8,0.18642162992633216,0.05672613408061363
35.81666666666667,0.1863758695600996,0.056719586426657885
35.833333333333336,0.1863301555339966,0.05671304912418886
35.85,0.1862844877727581,0.0567065221508423
35.86666666666667,0.18623886620128766,0.05670000548432499
35.88333333333333,0.1861932907446512,0.056693499102401526
35.9,0.18614776132808247,0.056687002982896924
35.916666666666664,0.18610227787697636,0.056680517103702775
35.93333333333333,0.18605684031689476,0.056674041442767845
35.95,0.1860114485735601,0.0566675759780984
35.96666666666667,0.18596610257286064,0.05666112068776336
35.983333333333334,0.18592080224084445,0.056654675549882634
36.0,0.18587554750372445,0.05664824054264041
36.016666666666666,0.18583033828787235,0.05664181564428359
36.03333333333333,0.18578517451982385,0.05663540083311538
36.05,0.18574005612627278,0.05662899608750098
36.06666666666667,0.18569498303407603,0.05662260138586383
36.083333333333336,0.18564995517024763,0.05661621670667902
36.1,0.18560497246196384,0.05660984202848434
36.11666666666667,0.18556003483655695,0.05660347732986935
36.13333333333333,0.1855151422215208,0.05659712258948489
36.15,0.1854702945445047,0.056590777786051136
36.166666666666664,0.1854254917333183,0.05658444289833838
36.18333333333333,0.18538073371592576,0.05657811790516486
36.2,0.18533602042045086,0.056571802785414044
36.21666666666667,0.18529135177517114,0.05656549751802255
36.233333333333334,0.18524672770852285,0.05655920208198447
36.25,0.18520214814909505,0.05655291645635484
36.266666666666666,0.1851576130256348,0.05654664062024289
36.28333333333333,0.18511312226704096,0.0565403745528137
36.3,0.18506867580236952,0.05653411823328984
36.31666666666667,0.1850242735608277,0.056527871640942744
36.333333333333336,0.1849799154717788,0.056521634755103606
36.35,0.18493560146473664,0.05651540755515775
36.36666666666667,0.18489133146937023,0.056509190020546315
36.38333333333333,0.18484710541549812,0.0565029821307735
36.4,0.18480292323309333,0.05649678386539408
36.416666666666664,0.18475878485227779,0.05649059520400745
36.43333333333333,0.18471469020332687,0.056484416126275354
36.45,0.18467063921666402,0.05647824661191239
36.46666666666667,0.18462663182286537,0.05647208664068691
36.483333333333334,0.18458266795265435,0.056465936192426465
36.5,0.18453874753690624,0.05645979524701022
36.516666666666666,0.18449487050664273,0.05645366378436832
36.53333333333333,0.18445103679303657,0.05644754178448718
36.55,0.18440724632740624,0.05644142922739881
36.56666666666667,0.18436349904122046,0.056435326093192774
36.583333333333336,0.18431979486609276,0.0564292323620157
36.6,0.18427613373378618,0.05642314801406412
36.61666666666667,0.1842325155762078,0.05641707302958979
36.63333333333333,0.18418894032541333,0.05641100738889701
36.65,0.18414540791360187,0.05640495107233617
36.666666666666664,0.18410191827312022,0.056398904060313775
36.68333333333333,0.18405847133645795,0.05639286633328228
36.7,0.18401506703625153,0.05638683787174931
36.71666666666667,0.18397170530527915,0.05638081865628596
36.733333333333334,0.18392838607646533,0.05637480866750744
36.75,0.1838851092828757,0.05636880788607132
36.766666666666666,0.1838418748577212,0.05636281629269424
36.78333333333333,0.18379868273435315,0.05635683386813972
36.8,0.18375553284626758,0.056350860593223084
36.81666666666667,0.18371242512709998,0.05634489644881468
36.833333333333336,0.18366935951062974,0.056338941415833246
36.85,0.18362633593077507,0.05633299547524935
36.86666666666667,0.18358335432159736,0.056327058608083944
36.88333333333333,0.18354041461729598,0.056321130795397946
36.9,0.18349751675221274,0.05631521201830853
36.916666666666664,0.1834546606608266,0.05630930225798492
36.93333333333333,0.18341184627775833,0.05630340149564366
36.95,0.18336907353776521,0.05629750971255803
36.96666666666667,0.1833263423757454,0.05629162689004722
36.983333333333334,0.18328365272673286,0.05628575300946767
37.0,0.18324100452590175,0.05627988805223326
37.016666666666666,0.1831983977085613,0.056274031999807024
37.03333333333333,0.18315583221016013,0.056268184833698616
37.05,0.1831133079662812,0.056262346535470506
37.06666666666667,0.18307082491264615,0.056256517086732204
37.083333333333336,0.18302838298511045,0.056250696469141145
37.1,0.18298598211966732,0.056244884664403604
37.11666666666667,0.18294362225244298,0.056239081654261794
37.13333333333333,0.1829013033197008,0.05623328742051317
37.15,0.18285902525783657,0.05622750194501224
37.166666666666664,0.18281678800338239,0.05622172520965393
37.18333333333333,0.18277459149300207,0.056215957196380256
37.2,0.182732435663495,0.056210197887182727
37.21666666666667,0.18269032045179154,0.056204447264090324
37.233333333333334,0.18264824579495698,0.05619870530918432
37.25,0.18260621163018695,0.05619297200459444
37.266666666666666,0.18256421789481128,0.05618724733249512
37.28333333333333,0.18252226452628936,0.05618153127511465
37.3,0.18248035146221417,0.056175823814724066
37.31666666666667,0.18243847864030746,0.05617012493362984
37.333333333333336,0.1823966459984239,0.05616443461419215
37.35,0.18235485347454633,0.056158752838815836
37.36666666666667,0.1823131010067897,0.05615307958995058
37.38333333333333,0.18227138853339664,0.05614741485009773
37.4,0.18222971599274107,0.056141758601801345
37.416666666666664,0.18218808332332384,0.05613611082764936
37.43333333333333,0.18214649046377646,0.056130471510276427
37.45,0.1821049373528568,0.056124840632348724
37.46666666666667,0.18206342392945268,0.0561192181765857
37.483333333333334,0.18202195013257744,0.056113604125766534
37.5,0.1819805159013738,0.05610799846270394
37.516666666666666,0.18193912117510957,0.05610240117024624
37.53333333333333,0.18189776589318113,0.05609681223129476
37.55,0.18185644999510894,0.05609123162879351
37.56666666666667,0.18181517342054168,0.05608565934572975
37.583333333333336,0.18177393610925163,0.05608009536513609
37.6,0.18173273800113832,0.05607453967008843
37.61666666666667,0.1816915790362242,0.056068992243704555
37.63333333333333,0.18165045915465855,0.05606345306914739
37.65,0.18160937829671286,0.056057922129621976
37.666666666666664,0.1815683364027848,0.056052399408377335
37.68333333333333,0.18152733341339353,0.05604688488870479
37.7,0.18148636926918368,0.056041378553939265
37.71666666666667,0.1814454439109208,0.05603588038745766
37.733333333333334,0.18140455727949528,0.05603039037268028
37.75,0.18136370931591797,0.05602490849306903
37.766666666666666,0.18132289996132375,0.05601943473212901
37.78333333333333,0.18128212915696723,0.05601396907340674
37.8,0.18124139684422647,0.05600851150049161
37.81666666666667,0.18120070296459873,0.05600306199701412
37.833333333333336,0.181160047459704,0.05599762054664742
37.85,0.1811194302712809,0.05599218713310558
37.86666666666667,0.1810788513411902,0.055986761740145045
37.88333333333333,0.18103831061141057,0.05598134435156283
37.9,0.18099780802404225,0.05597593495119812
37.916666666666664,0.18095734352130272,0.05597053352293044
37.93333333333333,0.18091691704553037,0.05596514005068118
37.95,0.18087652853918043,0.055959754518411904
37.96666666666667,0.18083617794482837,0.055954376910125746
37.983333333333334,0.18079586520516566,0.05594900720986572
38.0,0.1807555902630035,0.05594364540171619
38.016666666666666,0.18071535306126862,0.05593829146980117
38.03333333333333,0.18067515354300687,0.055932945398285784
38.05,0.18063499165137878,0.05592760717137453
38.06666666666667,0.1805948673296635,0.05592227677331277
38.083333333333336,0.1805547805212546,0.055916954188385
38.1,0.1805147311696633,0.05591163940091633
38.11666666666667,0.18047471921851455,0.055906332395270805
38.13333333333333,0.1804347446115506,0.0559010331558528
38.15,0.18039480729262689,0.055895741667105384
38.166666666666664,0.18035490720571543,0.05589045791351171
38.18333333333333,0.18031504429490075,0.05588518187959338
38.2,0.18027521850438347,0.05587991354991187
38.21666666666667,0.18023542977847623,0.055874652909066874
38.233333333333334,0.180195678061607,0.05586939994169773
38.25,0.18015596329831535,0.05586415463248168
38.266666666666666,0.18011628543325556,0.05585891696613541
38.28333333333333,0.1800766444111927,0.05585368692741333
38.3,0.18003704017700622,0.05584846450110899
38.31666666666667,0.17999747267568586,0.05584324967205349
38.333333333333336,0.179957941852335,0.0558380424251168
38.35,0.17991844765216672,0.0558328427452062
38.36666666666667,0.17987899002050728,0.05582765061726763
38.38333333333333,0.1798395689027919,0.05582246602628412
38.4,0.1798001842445685,0.05581728895727709
38.416666666666664,0.17976083599149364,0.05581211939530487
38.43333333333333,0.17972152408933578,0.055806957325463966
38.45,0.17968224848397135,0.055801802732887464
38.46666666666667,0.17964300912138823,0.05579665560274646
38.483333333333334,0.17960380594768172,0.055791515920248454
38.5,0.17956463890905808,0.0557863836706387
38.516666666666666,0.1795255079518305,0.05578125883919863
38.53333333333333,0.17948641302242246,0.05577614141124717
38.55,0.17944735406736367,0.055771031372139214
38.56666666666667,0.17940833103329357,0.05576592870726694
38.583333333333336,0.17936934386695771,0.055760833402058355
38.6,0.17933039251521057,0.05575574544197846
38.61666666666667,0.17929147692501204,0.055750664812527786
38.63333333333333,0.17925259704343058,0.055745591499243706
38.65,0.17921375281763946,0.055740525487698964
38.666666666666664,0.17917494419492,0.05573546676350289
38.68333333333333,0.17913617112265787,0.055730415312299934
38.7,0.17909743354834612,0.05572537111977095
38.71666666666667,0.1790587314195816,0.05572033417163172
38.733333333333334,0.17902006468406803,0.055715304453634165
38.75,0.17898143328961258,0.05571028195156492
38.766666666666666,0.17894283718412865,0.05570526665124656
38.78333333333333,0.1789042763156324,0.055700258538536225
38.8,0.17886575063224588,0.05569525759932673
38.81666666666667,0.17882726008219332,0.05569026381954521
38.833333333333336,0.17878880461380428,0.055685277185154335
38.85,0.1787503841755101,0.05568029768215084
38.86666666666667,0.17871199871584678,0.05567532529656679
38.88333333333333,0.17867364818345166,0.05567036001446815
38.9,0.17863533252706632,0.055665401821956
38.916666666666664,0.17859705169553283,0.055660450705165045
38.93333333333333,0.17855880563779722,0.05565550665026491
38.95,0.17852059430290568,0.05565056964345876
38.96666666666667,0.17848241764000766,0.055645639670984404
38.983333333333334,0.17844427559835216,0.05564071671911294
39.0,0.178406168127291,0.055635800774149965
39.016666666666666,0.17836809517627505,0.055630891822434136
39.03333333333333,0.17833005669485752,0.05562598985033842
39.05,0.1782920526326903,0.05562109484426865
39.06666666666667,0.1782540829395269,0.05561620679066476
39.083333333333336,0.17821614756521914,0.055611325675999364
39.1,0.17817824645971983,0.05560645148677898
39.11666666666667,0.1781403795730796,0.0556015842095426
39.13333333333333,0.17810254685544968,0.05559672383086291
39.15,0.17806474825707874,0.05559187033734489
39.166666666666664,0.17802698372831546,0.05558702371562699
39.18333333333333,0.17798925321960524,0.05558218395237983
39.2,0.17795155668149318,0.055577351034307255
39.21666666666667,0.1779138940646207,0.055572524948145095
39.233333333333334,0.17787626531972833,0.05556770568066221
39.25,0.17783867039765236,0.05556289321865924
39.266666666666666,0.1778011092493278,0.05555808754896969
39.28333333333333,0.17776358182578506,0.05555328865845864
39.3,0.17772608807815268,0.055548496534023856
39.31666666666667,0.17768862795765394,0.05554371116259449
39.333333333333336,0.17765120141560994,0.055538932531132186
39.35,0.1776138084034361,0.05553416062662977
39.36666666666667,0.1775764488726451,0.05552939543611238
39.38333333333333,0.17753912277484352,0.05552463694663618
39.4,0.1775018300617347,0.05551988514528943
39.416666666666664,0.1774645706851154,0.05551514001919125
39.43333333333333,0.17742734459687862,0.055510401555492646
39.45,0.17739015174901032,0.055505669741375295
39.46666666666667,0.1773529920935923,0.055500944564052614
39.483333333333334,0.1773158655827989,0.05549622601076851
39.5,0.17727877216889978,0.05549151406879841
39.516666666666666,0.17724171180425657,0.05548680872544806
39.53333333333333,0.17720468444132578,0.055482109968054576
39.55,0.17716769003265564,0.05547741778398516
39.56666666666667,0.17713072853088874,0.05547273216063822
39.583333333333336,0.1770937998887587,0.05546805308544213
39.6,0.17705690405909313,0.055463380545856235
39.61666666666667,0.1770200409948104,0.05545871452936967
39.63333333333333,0.17698321064892222,0.05545405502350239
39.65,0.17694641297453073,0.055449402015803916
39.666666666666664,0.17690964792483102,0.055444755493854414
39.68333333333333,0.17687291545310796,0.055440115445263546
39.7,0.17683621551273898,0.05543548185767138
39.71666666666667,0.17679954805719086,0.05543085471874723
39.733333333333334,0.17676291304002248,0.05542623401619071
39.75,0.17672631041488182,0.055421619737730535
39.766666666666666,0.1766897401355084,0.055417011871125486
39.78333333333333,0.17665320215573013,0.055412410404163316
39.8,0.17661669642946623,0.05540781532466168
39.81666666666667,0.17658022291072406,0.055403226620467004
39.833333333333336,0.17654378155360165,0.05539864427945547
39.85,0.17650737231228467,0.05539406828953182
39.86666666666667,0.17647099514104905,0.05538949863863041
39.88333333333333,0.17643464999425815,0.055384935314714
39.9,0.17639833682636505,0.05538037830577477
39.916666666666664,0.17636205559190965,0.05537582759983318
39.93333333333333,0.17632580624552124,0.05537128318493893
39.95,0.17628958874191558,0.05536674504916979
39.96666666666667,0.1762534030358973,0.05536221318063261
39.983333333333334,0.1762172490823571,0.05535768756746219
40.0,0.17618112683627424,0.05535316819782223
40.016666666666666,0.17614503625271347,0.0553486550599042
40.03333333333333,0.17610897728682764,0.05534414814192833
40.05,0.17607294989385486,0.05533964743214245
40.06666666666667,0.1760369540291208,0.055335152918822975
40.083333333333336,0.176000989648036,0.055330664590273755
40.1,0.1759650567060981,0.05532618243482705
40.11666666666667,0.17592915515888924,0.055321706440842465
40.13333333333333,0.17589328496207823,0.0553172365967078
40.15,0.1758574460714179,0.055312772890838025
40.166666666666664,0.17582163844274745,0.05530831531167618
40.18333333333333,0.17578586203198965,0.05530386384769232
40.2,0.1757501167951533,0.05529941848738441
40.21666666666667,0.17571440268833016,0.05529497921927722
40.233333333333334,0.17567871966769769,0.05529054603192332
40.25,0.1756430676895161,0.05528611891390195
40.266666666666666,0.17560744671013065,0.05528169785381993
40.28333333333333,0.17557185668596897,0.05527728284031067
40.3,0.17553629757354344,0.055272873862035
40.31666666666667,0.17550076932944841,0.05526847090768007
40.333333333333336,0.17546527191036257,0.05526407396596037
40.35,0.17542980527304614,0.055259683025616645
40.36666666666667,0.17539436937434325,0.05525529807541674
40.38333333333333,0.1753589641711791,0.055250919104154556
40.4,0.1753235896205625,0.05524654610065101
40.416666666666664,0.1752882456795831,0.05524217905375294
40.43333333333333,0.1752529323054136,0.05523781795233402
40.45,0.17521764945530707,0.05523346278529368
40.46666666666667,0.17518239708659927,0.055229113541558045
40.483333333333334,0.17514717515670608,0.055224770210078857
40.5,0.17511198362312555,0.05522043277983439
40.516666666666666,0.17507682244343545,0.05521610123982842
40.53333333333333,0.17504169157529542,0.05521177557909107
40.55,0.17500659097644441,0.05520745578667785
40.56666666666667,0.1749715206047029,0.05520314185167046
40.583333333333336,0.17493648041797008,0.055198833763175796
40.6,0.1749014703742264,0.05519453151032682
40.61666666666667,0.1748664904315309,0.05519023508228161
40.63333333333333,0.17483154054802327,0.05518594446822412
40.65,0.17479662068192126,0.05518165965736325
40.666666666666664,0.174761730791523,0.05517738063893364
40.68333333333333,0.17472687083520452,0.055173107402194756
40.7,0.1746920407714217,0.055168839936431666
40.71666666666667,0.1746572405587078,0.055164578230954074
40.733333333333334,0.17462247015567575,0.055160322275097186
40.75,0.17458772952101537,0.05515607205822073
40.766666666666666,0.1745530186134958,0.05515182756970974
40.78333333333333,0.17451833739196282,0.05514758879897363
40.8,0.17448368581534107,0.055143355735447014
40.81666666666667,0.17444906384263145,0.05513912836858873
40.833333333333336,0.1744144714329133,0.05513490668788267
40.85,0.17437990854534194,0.055130690682836825
40.86666666666667,0.17434537513915072,0.055126480342984084
40.88333333333333,0.17431087117364868,0.055122275657881345
40.9,0.17427639660822247,0.05511807661711024
40.916666666666664,0.17424195140233398,0.055113883210276216
40.93333333333333,0.17420753551552237,0.05510969542700937
40.95,0.1741731489074019,0.055105513256963494
40.96666666666667,0.17413879153766368,0.05510133668981686
40.983333333333334,0.17410446336607324,0.05509716571527133
41.0,0.17407016435247277,0.05509300032305312
41.016666666666666,0.17403589445677875,0.055088840502911844
41.03333333333333,0.17400165363898382,0.05508468624462136
41.05,0.1739674418591544,0.05508053753797881
41.06666666666667,0.1739332590774329,0.05507639437280546
41.083333333333336,0.17389910525403512,0.05507225673894569
41.1,0.1738649803492524,0.05506812462626786
41.11666666666667,0.1738308843234493,0.055063998024663365
41.13333333333333,0.1737968171370655,0.05505987692404743
41.15,0.17376277875061338,0.05505576131435819
41.166666666666664,0.17372876912468024,0.055051651185557444
41.18333333333333,0.1736947882199258,0.05504754652762978
41.2,0.17366083599708423,0.05504344733058334
41.21666666666667,0.1736269124169619,0.05503935358444895
41.233333333333334,0.17359301744043923,0.05503526527928082
41.25,0.17355915102846836,0.05503118240515572
41.266666666666666,0.17352531314207528,0.0550271049521737
41.28333333333333,0.17349150374235742,0.055023032910457195
41.3,0.17345772279048557,0.05501896627015182
41.31666666666667,0.17342397024770165,0.055014905021425496
41.333333333333336,0.17339024607532064,0.055010849154469146
41.35,0.17335655023472837,0.05500679865949587
41.36666666666667,0.17332288268738344,0.05500275352674165
41.38333333333333,0.17328924339481466,0.05499871374646453
41.4,0.17325563231862343,0.054994679308945305
41.416666666666664,0.17322204942048128,0.05499065020448672
41.43333333333333,0.1731884946621317,0.05498662642341416
41.45,0.17315496800538807,0.05498260795607479
41.46666666666667,0.17312146941213546,0.054978594792838315
41.483333333333334,0.17308799884432832,0.05497458692409609
41.5,0.17305455626399258,0.054970584340261905
41.516666666666666,0.1730211416332232,0.05496658703177108
41.53333333333333,0.17298775491418633,0.054962594989081244
41.55,0.17295439606911697,0.05495860820267144
41.56666666666667,0.17292106506032084,0.05495462666304288
41.583333333333336,0.17288776185017196,0.05495065036071805
41.6,0.17285448640111487,0.054946679286241515
41.61666666666667,0.17282123867566235,0.05494271343017904
41.63333333333333,0.17278801863639723,0.054938752783118314
41.65,0.17275482624597016,0.05493479733566805
41.666666666666664,0.17272166146710155,0.054930847078458786
41.68333333333333,0.17268852426257947,0.054926902002142064
41.7,0.17265541459526135,0.05492296209739106
41.71666666666667,0.17262233242807173,0.05491902735489981
41.733333333333334,0.17258927772400434,0.054915097765383905
41.75,0.17255625044612002,0.05491117331957968
41.766666666666666,0.17252325055754822,0.054907254008244914
41.78333333333333,0.17249027802148498,0.054903339822157976
41.8,0.17245733280119482,0.05489943075211858
41.81666666666667,0.1724244148600087,0.05489552678894697
41.833333333333336,0.17239152416132564,0.054891627923484565
41.85,0.1723586606686107,0.05488773414659318
41.86666666666667,0.1723258243453967,0.054883845449155734
41.88333333333333,0.1722930151552823,0.05487996182207544
41.9,0.1722602330619336,0.05487608325627646
41.916666666666664,0.17222747802908214,0.054872209742703154
41.93333333333333,0.17219475002052667,0.05486834127232072
41.95,0.1721620490001309,0.05486447783611444
41.96666666666667,0.17212937493182565,0.05486061942509032
41.983333333333334,0.17209672777960652,0.05485676603027438
42.0,0.1720641075075357,0.054852917642713224
42.016666666666666,0.17203151407973982,0.05484907425347329
42.03333333333333,0.17199894746041178,0.05484523585364155
42.05,0.17196640761380877,0.05484140243432474
42.06666666666667,0.1719338945042539,0.054837573986649985
42.083333333333336,0.17190140809613438,0.05483375050176405
42.1,0.171868948353903,0.05482993197083399
42.11666666666667,0.17183651524207602,0.054826118385046405
42.13333333333333,0.17180410872523524,0.05482230973560808
42.15,0.17177172876802585,0.05481850601374519
42.166666666666664,0.17173937533515804,0.05481470721070401
42.18333333333333,0.17170704839140508,0.05481091331775014
42.2,0.17167474790160503,0.05480712432616914
42.21666666666667,0.1716424738306587,0.05480334022726579
42.233333333333334,0.1716102261435313,0.05479956101236473
42.25,0.17157800480525076,0.05479578667280968
42.266666666666666,0.17154580978090903,0.05479201719996414
42.28333333333333,0.17151364103566025,0.05478825258521062
42.3,0.17148149853472253,0.05478449281995126
42.31666666666667,0.1714493822433759,0.054780737895607126
42.333333333333336,0.17141729212696388,0.05477698780361882
42.35,0.1713852281508918,0.054773242535445715
42.36666666666667,0.17135319028062823,0.054769502082566625
42.38333333333333,0.17132117848170308,0.05476576643647911
42.4,0.1712891927197093,0.05476203558870002
42.416666666666664,0.17125723296030093,0.05475830953076482
42.43333333333333,0.17122529916919477,0.054754588254228194
42.45,0.1711933913121684,0.054750871750663316
42.46666666666667,0.17116150935506186,0.054747160011662487
42.483333333333334,0.17112965326377574,0.05474345302883643
42.5,0.17109782300427287,0.05473975079381487
42.516666666666666,0.17106601854257616,0.054736053298245865
42.53333333333333,0.1710342398447706,0.05473236053379635
42.55,0.17100248687700104,0.054728672492151464
42.56666666666667,0.17097075960547395,0.05472498916501516
42.583333333333336,0.17093905799645567,0.05472131054410956
42.6,0.17090738201627373,0.054717636621175444
42.61666666666667,0.1708757316313151,0.0547139673879716
42.63333333333333,0.17084410680802778,0.054710302836275454
42.65,0.17081250751291915,0.05470664295788233
42.666666666666664,0.1707809337125572,0.05470298774460608
42.68333333333333,0.1707493853735689,0.05469933718827837
42.7,0.17071786246264176,0.054695691280749276
42.71666666666667,0.17068636494652173,0.05469205001388662
42.733333333333334,0.1706548927920152,0.05468841337957651
42.75,0.17062344596598697,0.05468478136972272
42.766666666666666,0.1705920244353617,0.05468115397624721
42.78333333333333,0.17056062816712222,0.05467753119108948
42.8,0.170529257128311,0.054673913006207144
42.81666666666667,0.17049791128602843,0.05467029941357532
42.833333333333336,0.17046659060743433,0.054666690405187096
42.85,0.1704352950597461,0.05466308597305291
42.86666666666667,0.1704040246102404,0.05465948610920113
42.88333333333333,0.17037277922625105,0.05465589080567742
42.9,0.17034155887517088,0.05465230005454525
42.916666666666664,0.1703103635244498,0.054648713847885264
42.93333333333333,0.17027919314159634,0.05464513217779584
42.95,0.17024804769417595,0.05464155503639242
42.96666666666667,0.17021692714981237,0.05463798241580809
42.983333333333334,0.17018583147618588,0.05463441430819296
43.0,0.1701547606410349,0.05463085070571467
43.016666666666666,0.17012371461215423,0.054627291600557765
43.03333333333333,0.17009269335739646,0.054623736984924225
43.05,0.17006169684467035,0.05462018685103286
43.06666666666667,0.17003072504194222,0.05461664119111983
43.083333333333336,0.16999977791723414,0.054613099997438005
43.1,0.1699688554386255,0.05460956326225755
43.11666666666667,0.16993795757425145,0.05460603097786527
43.13333333333333,0.16990708429230403,0.05460250313656512
43.15,0.16987623556103076,0.054598979730677635
43.166666666666664,0.16984541134873596,0.05459546075254041
43.18333333333333,0.16981461162377892,0.05459194619450751
43.2,0.16978383635457558,0.05458843604894999
43.21666666666667,0.16975308550959678,0.05458493030825528
43.233333333333334,0.16972235905736957,0.054581428964827726
43.25,0.16969165696647573,0.054577932011087994
43.266666666666666,0.16966097920555304,0.054574439439473536
43.28333333333333,0.16963032574329365,0.05457095124243796
43.3,0.1695996965484455,0.05456746741245162
43.31666666666667,0.16956909158981073,0.05456398794200109
43.333333333333336,0.16953851083624696,0.054560512823589494
43.35,0.16950795425666576,0.05455704204973599
43.36666666666667,0.16947742182003403,0.05455357561297632
43.38333333333333,0.1694469134953723,0.054550113505862155
43.4,0.16941642925175618,0.05454665572096164
43.416666666666664,0.1693859690583147,0.054543202250858784
43.43333333333333,0.1693555328842317,0.054539753088153994
43.45,0.1693251206987442,0.054536308225463445
43.46666666666667,0.16929473247114385,0.054532867655419606
43.483333333333334,0.16926436817077525,0.05452943137067065
43.5,0.16923402776703741,0.054525999363880945
43.516666666666666,0.1692037112293818,0.05452257162773052
43.53333333333333,0.16917341852731418,0.05451914815491547
43.55,0.16914314963039292,0.05451572893814749
43.56666666666667,0.1691129045082301,0.054512313970154255
43.583333333333336,0.1690826831304901,0.054508903243678956
43.6,0.16905248546689092,0.054505496751480684
43.61666666666667,0.1690223114872025,0.05450209448633397
43.63333333333333,0.16899216116124827,0.05449869644102916
43.65,0.16896203445890348,0.05449530260837192
43.666666666666664,0.16893193135009657,0.054491912981183714
43.68333333333333,0.1689018518048075,0.0544885275523012
43.7,0.16887179579306916,0.05448514631457675
43.71666666666667,0.16884176328496572,0.05448176926087792
43.733333333333334,0.16881175425063402,0.05447839638408786
43.75,0.1687817686602623,0.05447502767710476
43.766666666666666,0.1687518064840909,0.05447166313284237
43.78333333333333,0.16872186769241146,0.05446830274422944
43.8,0.16869195225556755,0.054464946504210146
43.81666666666667,0.16866206014395344,0.054461594405743614
43.833333333333336,0.16863219132801546,0.05445824644180432
43.85,0.1686023457782505,0.05445490260538159
43.86666666666667,0.16857252346520712,0.05445156288948004
43.88333333333333,0.1685427243594841,0.05444822728711905
43.9,0.1685129484317318,0.05444489579133322
43.916666666666664,0.16848319565265066,0.054441568395171815
43.93333333333333,0.16845346599299232,0.05443824509169925
43.95,0.16842375942355842,0.054434925873994545
43.96666666666667,0.1683940759152015,0.05443161073515181
43.983333333333334,0.16836441543882388,0.05442829966827964
44.0,0.16833477796537857,0.05442499266650163
44.016666666666666,0.1683051634658681,0.054421689722955836
44.03333333333333,0.16827557191134554,0.054418390830795214
44.05,0.16824600327291317,0.054415095983187126
44.06666666666667,0.1682164575217238,0.054411805173313725
44.083333333333336,0.16818693462897905,0.05440851839437151
44.1,0.16815743456593088,0.05440523563957172
44.11666666666667,0.16812795730387986,0.054401956902139795
44.13333333333333,0.16809850281417663,0.05439868217531586
44.15,0.16806907106822033,0.05439541145235428
44.166666666666664,0.16803966203746,0.05439214472652393
44.18333333333333,0.16801027569339286,0.054388881991107814
44.2,0.16798091200756568,0.05438562323940345
44.21666666666667,0.16795157095157345,0.05438236846472238
44.233333333333334,0.16792225249706041,0.05437911766039059
44.25,0.16789295661571885,0.054375870819748026
44.266666666666666,0.16786368327929008,0.05437262793614901
44.28333333333333,0.16783443245956312,0.05436938900296172
44.3,0.16780520412837596,0.05436615401356864
44.31666666666667,0.16777599825761394,0.054362922961366085
44.333333333333336,0.16774681481921125,0.05435969583976457
44.35,0.16771765378514938,0.05435647264218837
44.36666666666667,0.16768851512745833,0.054353253362075894
44.38333333333333,0.1676593988182151,0.05435003799287921
44.4,0.167630304829545,0.05434682652806448
44.416666666666664,0.1676012331336203,0.05434361896111148
44.43333333333333,0.16757218370266122,0.05434041528551398
44.45,0.16754315650893484,0.05433721549477927
44.46666666666667,0.167514151524756,0.054334019582428596
44.483333333333334,0.16748516872248603,0.05433082754199666
44.5,0.16745620807453399,0.05432763936703203
44.516666666666666,0.16742726955335518,0.054324455051096614
44.53333333333333,0.16739835313145238,0.054321274587766165
44.55,0.16736945878137444,0.054318097970629795
44.56666666666667,0.16734058647571753,0.0543149251932903
44.583333333333336,0.16731173618712367,0.054311756249363734
44.6,0.1672829078882819,0.05430859113247981
44.61666666666667,0.167254101551927,0.05430542983628139
44.63333333333333,0.16722531715084057,0.054302272354424946
44.65,0.16719655465784983,0.05429911868058015
44.666666666666664,0.16716781404582856,0.05429596880843013
44.68333333333333,0.1671390952876959,0.05429282273167101
44.7,0.1671103983564174,0.054289680444012424
44.71666666666667,0.16708172322500364,0.05428654193917702
44.733333333333334,0.16705306986651164,0.054283407210900796
44.75,0.16702443825404323,0.05428027625293266
44.766666666666666,0.1669958283607464,0.05427714905903484
44.78333333333333,0.16696724015981373,0.054274025622982454
44.8,0.1669386736244838,0.05427090593856384
44.81666666666667,0.16691012872803962,0.054267789999580124
44.833333333333336,0.16688160544380987,0.05426467779984562
44.85,0.16685310374516776,0.05426156933318736
44.86666666666667,0.16682462360553185,0.0542584645934455
44.88333333333333,0.1667961649983649,0.05425536357447287
44.9,0.16676772789717484,0.054252266270135345
44.916666666666664,0.1667393122755136,0.054249172674311376
44.93333333333333,0.16671091810697827,0.054246082780892414
44.95,0.16668254536520982,0.05424299658378245
44.96666666666667,0.1666541940238941,0.054239914076898384
44.983333333333334,0.16662586405676036,0.05423683525416958
45.0,0.16659755543758276,0.05423376010953827
45.016666666666666,0.1665692681401787,0.0542306886369591
45.03333333333333,0.16654100213841022,0.0542276208303995
45.05,0.16651275740618268,0.054224556683839235
45.06666666666667,0.1664845339174457,0.0542214961912708
45.083333333333336,0.1664563316461918,0.05421843934669898
45.1,0.16642815056645793,0.05421538614414121
45.11666666666667,0.16639999065232366,0.05421233657762716
45.13333333333333,0.16637185187791265,0.05420929064119911
45.15,0.16634373421739124,0.05420624832891147
45.166666666666664,0.16631563764496954,0.054203209634831225
45.18333333333333,0.16628756213490017,0.05420017455303741
45.2,0.1662595076614793,0.054197143077621565
45.21666666666667,0.16623147419904546,0.054194115202687264
45.233333333333334,0.16620346172198064,0.054191090922350506
45.25,0.1661754702047089,0.054188070230739245
45.266666666666666,0.16614749962169753,0.05418505312199377
45.28333333333333,0.16611954994745587,0.05418203959026637
45.3,0.16609162115653625,0.05417902962972156
45.31666666666667,0.16606371322353283,0.05417602323453569
45.333333333333336,0.16603582612308257,0.05417302039889736
45.35,0.16600795982986413,0.054170021117007
45.36666666666667,0.16598011431859883,0.054167025383077154
45.38333333333333,0.16595228956404942,0.054164033191332187
45.4,0.16592448554102115,0.054161044536008514
45.416666666666664,0.1658967022243606,0.054158059411354216
45.43333333333333,0.1658689395889566,0.05415507781162942
45.45,0.16584119760973914,0.054152099731105935
45.46666666666667,0.16581347626168028,0.05414912516406751
45.483333333333334,0.16578577551979312,0.054146154104809496
45.5,0.16575809535913272,0.054143186547639145
45.516666666666666,0.16573043575479485,0.054140222486875195
45.53333333333333,0.16570279668191712,0.05413726191684826
45.55,0.16567517811567767,0.05413430483190047
45.56666666666667,0.16564758003129626,0.05413135122638571
45.583333333333336,0.16562000240403316,0.054128401094669244
45.6,0.16559244520918998,0.05412545443112812
45.61666666666667,0.16556490842210875,0.05412251123015074
45.63333333333333,0.16553739201817264,0.05411957148613717
45.65,0.16550989597280485,0.054116635193498734
45.666666666666664,0.16548242026146984,0.05411370234665841
45.68333333333333,0.16545496485967184,0.05411077294005046
45.7,0.16542752974295613,0.054107846968120675
45.71666666666667,0.16540011488690778,0.054104924425325995
45.733333333333334,0.16537272026715252,0.0541020053061349
45.75,0.1653453458593557,0.054099089605027004
45.766666666666666,0.1653179916392232,0.05409617731649337
45.78333333333333,0.16529065758250042,0.05409326843503613
45.8,0.16526334366497306,0.05409036295516883
45.81666666666667,0.16523604986246626,0.054087460871415985
45.833333333333336,0.1652087761508454,0.05408456217831349
45.85,0.1651815225060148,0.05408166687040822
45.86666666666667,0.165154288903919,0.054078774942258295
45.88333333333333,0.16512707532054138,0.054075886388432755
45.9,0.16509988173190523,0.05407300120351189
45.916666666666664,0.16507270811407282,0.05407011938208682
45.93333333333333,0.16504555444314603,0.054067240918759835
45.95,0.16501842069526537,0.054064365808144076
45.96666666666667,0.16499130684661092,0.054061494044863774
45.983333333333334,0.1649642128734012,0.054058625623553874
46.0,0.16493713875189417,0.054055760538860416
46.016666666666666,0.1649100844583862,0.05405289878544017
46.03333333333333,0.1648830499692129,0.05405004035796091
46.05,0.1648560352607479,0.054047185251100985
46.06666666666667,0.16482904030940396,0.054044333459549745
46.083333333333336,0.1648020650916319,0.054041484978007155
46.1,0.16477510958392147,0.05403863980118408
46.11666666666667,0.1647481737628003,0.05403579792380189
46.13333333333333,0.16472125760483472,0.054032959340592844
46.15,0.16469436108662863,0.05403012404629965
46.166666666666664,0.16466748418482471,0.05402729203567583
46.18333333333333,0.16464062687610315,0.05402446330348538
46.2,0.1646137891371826,0.05402163784450302
46.21666666666667,0.16458697094481906,0.05401881565351381
46.233333333333334,0.16456017227580688,0.05401599672531353
46.25,0.16453339310697743,0.05401318105470835
46.266666666666666,0.16450663341520036,0.05401036863651504
46.28333333333333,0.16447989317738249,0.054007559465560635
46.3,0.16445317237046847,0.05400475353668277
46.31666666666667,0.16442647097144,0.05400195084472935
46.333333333333336,0.16439978895731658,0.05399915138455878
46.35,0.16437312630515427,0.05399635515103966
46.36666666666667,0.16434648299204702,0.05399356213905108
46.38333333333333,0.16431985899512536,0.053990772343482284
46.4,0.1642932542915573,0.05398798575923294
46.416666666666664,0.1642666688585474,0.053985202381212766
46.43333333333333,0.16424010267333752,0.05398242220434188
46.45,0.16421355571320576,0.05397964522355052
46.46666666666667,0.16418702795546755,0.053976871433779196
46.483333333333334,0.16416051937747447,0.05397410082997836
46.5,0.1641340299566151,0.0539713334071088
46.516666666666666,0.1641075596703142,0.05396856916014126
46.53333333333333,0.1640811084960333,0.05396580808405672
46.55,0.16405467641126975,0.053963050173846006
46.56666666666667,0.1640282633935577,0.05396029542451016
46.583333333333336,0.1640018694204672,0.05395754383106009
46.6,0.1639754944696048,0.05395479538851682
46.61666666666667,0.1639491385186126,0.053952050091911154
46.63333333333333,0.16392280154516922,0.05394930793628402
46.65,0.1638964835269886,0.05394656891668605
46.666666666666664,0.16387018444182103,0.053943833028177936
46.68333333333333,0.16384390426745224,0.05394110026583013
46.7,0.16381764298170404,0.053938370624723016
46.71666666666667,0.1637914005624334,0.05393564409994664
46.733333333333334,0.1637651769875334,0.05393292068660098
46.75,0.16373897223493183,0.05393020037979566
46.766666666666666,0.16371278628259262,0.05392748317465016
46.78333333333333,0.16368661910851448,0.05392476906629357
46.8,0.1636604706907319,0.05392205804986482
46.81666666666667,0.1636343410073141,0.053919350120512306
46.833333333333336,0.16360823003636593,0.05391664527339427
46.85,0.16358213775602667,0.05391394350367842
46.86666666666667,0.16355606414447107,0.053911244806542205
46.88333333333333,0.16353000917990845,0.05390854917717252
46.9,0.1635039728405833,0.053905856610765954
46.916666666666664,0.16347795510477459,0.053903167102528494
46.93333333333333,0.16345195595079637,0.05390048064767579
46.95,0.1634259753569967,0.05389779724143278
46.96666666666667,0.16340001330175882,0.05389511687903404
46.983333333333334,0.1633740697635,0.05389243955572349
47.0,0.16334814472067233,0.05388976526675456
47.016666666666666,0.16332223815176186,0.05388709400738995
47.03333333333333,0.1632963500352894,0.05388442577290189
47.05,0.1632704803498093,0.053881760558571766
47.06666666666667,0.16324462907391066,0.053879098359690465
47.083333333333336,0.16321879618621624,0.05387643917155811
47.1,0.16319298166538324,0.053873782989484205
47.11666666666667,0.16316718549010237,0.05387112980878729
47.13333333333333,0.16314140763909862,0.05386847962479535
47.15,0.16311564809113027,0.053865832432845505
47.166666666666664,0.16308990682498978,0.05386318822828415
47.18333333333333,0.1630641838195029,0.053860547006466725
47.2,0.16303847905352947,0.053857908762757964
47.21666666666667,0.16301279250596237,0.05385527349253159
47.233333333333334,0.1629871241557284,0.053852641191170586
47.25,0.16296147398178729,0.05385001185406686
47.266666666666666,0.16293584196313246,0.053847385476621566
47.28333333333333,0.16291022807879024,0.05384476205424472
47.3,0.1628846323078206,0.05384214158235552
47.31666666666667,0.16285905462931624,0.05383952405638205
47.333333333333336,0.1628334950224033,0.053836909471761486
47.35,0.1628079534662405,0.05383429782393981
47.36666666666667,0.16278242994001993,0.05383168910837208
47.38333333333333,0.16275692442296608,0.053829083320522185
47.4,0.1627314368943367,0.05382648045586302
47.416666666666664,0.16270596733342185,0.05382388050987618
47.43333333333333,0.1626805157195447,0.053821283478052304
47.45,0.16265508203206064,0.053818689355890695
47.46666666666667,0.16262966625035793,0.053816098138899614
47.483333333333334,0.1626042683538569,0.05381350982259598
47.5,0.16257888832201073,0.053810924402505615
47.516666666666666,0.16255352613430454,0.05380834187416296
47.53333333333333,0.16252818177025613,0.05380576223311132
47.55,0.16250285520941518,0.05380318547490252
47.56666666666667,0.16247754643136386,0.053800611595097254
47.583333333333336,0.162452255415716,0.05379804058926482
47.6,0.16242698214211795,0.053795472452983266
47.61666666666667,0.16240172659024749,0.053792907181838955
47.63333333333333,0.16237648873981472,0.05379034477142713
47.65,0.16235126857056137,0.05378778521735156
47.666666666666664,0.1623260660622612,0.05378522851522464
47.68333333333333,0.16230088119471925,0.053782674660667135
47.7,0.16227571394777265,0.05378012364930852
47.71666666666667,0.1622505643012897,0.05377757547678663
47.733333333333334,0.1622254322351706,0.053775030138747903
47.75,0.16220031772934668,0.053772487630847125
47.766666666666666,0.16217522076378105,0.05376994794874767
47.78333333333333,0.16215014131846775,0.053767411088121164
47.8,0.16212507937343248,0.0537648770446478
47.81666666666667,0.16210003490873168,0.05376234581401607
47.833333333333336,0.16207500790445342,0.05375981739192294
47.85,0.1620499983407165,0.05375729177407347
47.86666666666667,0.16202500619767113,0.05375476895618128
47.88333333333333,0.16200003145549802,0.05375224893396826
47.9,0.1619750740944092,0.05374973170316462
47.916666666666664,0.1619501340946472,0.05374721725950863
47.93333333333333,0.16192521143648564,0.05374470559874701
47.95,0.1619003061002286,0.053742196716634674
47.96666666666667,0.16187541806621117,0.05373969060893481
47.983333333333334,0.16185054731479856,0.05373718727141857
48.0,0.16182569382638703,0.05373468669986547
48.016666666666666,0.16180085758140283,0.05373218889006316
48.03333333333333,0.161776038560303,0.05372969383780748
48.05,0.16175123674357475,0.053727201538902154
48.06666666666667,0.16172645211173586,0.05372471198915921
48.083333333333336,0.1617016846453339,0.05372222518439872
48.1,0.1616769343249472,0.05371974112044886
48.11666666666667,0.1616522011311836,0.053717259793145636
48.13333333333333,0.1616274850446815,0.05371478119833328
48.15,0.1616027860461089,0.053712305331863955
48.166666666666664,0.16157810411616413,0.05370983218959787
48.18333333333333,0.16155343923557514,0.053707361767403095
48.2,0.1615287913851,0.053704894061155764
48.21666666666667,0.1615041605455262,0.05370242906673978
48.233333333333334,0.16147954669767123,0.05369996678004711
48.25,0.16145494982238195,0.05369750719697752
48.266666666666666,0.16143036990053505,0.05369505031343876
48.28333333333333,0.1614058069130367,0.05369259612534628
48.3,0.1613812608408226,0.053690144628623516
48.31666666666667,0.1613567316648578,0.05368769581920158
48.333333333333336,0.16133221936613698,0.05368524969301951
48.35,0.16130772392568346,0.05368280624602401
48.36666666666667,0.1612832453245505,0.05368036547416969
48.38333333333333,0.16125878354382014,0.05367792737341879
48.4,0.16123433856460392,0.05367549193974139
48.416666666666664,0.1612099103680422,0.05367305916911512
48.43333333333333,0.16118549893530465,0.05367062905752545
48.45,0.16116110424758942,0.05366820160096539
48.46666666666667,0.161136726286124,0.05366577679543571
48.483333333333334,0.16111236503216436,0.05366335463694484
48.5,0.1610880204669957,0.053660935121508865
48.516666666666666,0.1610636925719317,0.05365851824515125
48.53333333333333,0.16103938132831505,0.05365610400390324
48.55,0.16101508671751658,0.053653692393803624
48.56666666666667,0.16099080872093613,0.053651283410898774
48.583333333333336,0.1609665473200016,0.05364887705124241
48.6,0.16094230249616978,0.05364647331089596
48.61666666666667,0.16091807423092572,0.05364407218592834
48.63333333333333,0.16089386250578297,0.05364167367241598
48.65,0.16086966730228308,0.05363927776644258
48.666666666666664,0.1608454886019963,0.05363688446409948
48.68333333333333,0.16082132638652044,0.0536344937614853
48.7,0.16079718063748197,0.0536321056547062
48.71666666666667,0.1607730513365352,0.053629720139875686
48.733333333333334,0.16074893846536265,0.05362733721311472
48.75,0.16072484200567472,0.05362495687055148
48.766666666666666,0.16070076193920993,0.05362257910832164
48.78333333333333,0.16067669824773412,0.05362020392256808
48.8,0.16065265091304146,0.05361783130944112
48.81666666666667,0.16062861991695354,0.05361546126509819
48.833333333333336,0.16060460524132,0.05361309378570416
48.85,0.16058060686801795,0.05361072886743112
48.86666666666667,0.16055662477895236,0.05360836650645846
48.88333333333333,0.1605326589560552,0.05360600669897269
48.9,0.16050870938128642,0.053603649441167654
48.916666666666664,0.16048477603663303,0.053601294729244194
48.93333333333333,0.1604608589041097,0.053598942559410494
48.95,0.16043695796575838,0.053596592927881895
48.96666666666667,0.16041307320364853,0.05359424583088092
48.983333333333334,0.16038920459987643,0.0535919012646371
49.0,0.16036535213656594,0.053589559225387225
49.016666666666666,0.16034151579586745,0.053587219709374995
49.03333333333333,0.16031769555995892,0.05358488271285133
49.05,0.16029389141104522,0.05358254823207416
49.06666666666667,0.16027010333135827,0.05358021626330854
49.083333333333336,0.16024633130315685,0.053577886802826484
49.1,0.16022257530872677,0.05357555984690712
49.11666666666667,0.1601988353303802,0.05357323539183645
49.13333333333333,0.16017511135045645,0.053570913433907554
49.15,0.1601514033513213,0.05356859396942039
49.166666666666664,0.16012771131536743,0.05356627699468195
49.18333333333333,0.16010403522501407,0.05356396250600612
49.2,0.16008037506270717,0.05356165049971376
49.21666666666667,0.1600567308109188,0.05355934097213264
49.233333333333334,0.16003310245214789,0.053557033919597485
49.25,0.16000948996891928,0.05355472933844966
49.266666666666666,0.1599858933437846,0.05355242722503756
49.28333333333333,0.15996231255932167,0.05355012757571634
49.3,0.1599387475981347,0.05354783038684807
49.31666666666667,0.15991519844285387,0.053545535654801676
49.333333333333336,0.1598916650761359,0.053543243375952905
49.35,0.15986814748066291,0.05354095354668402
49.36666666666667,0.1598446456391437,0.05353866616338429
49.38333333333333,0.1598211595343128,0.05353638122244965
49.4,0.15979768914893094,0.053534098720282815
49.416666666666664,0.15977423446578456,0.053531818653293164
49.43333333333333,0.15975079546768625,0.053529541017896864
49.45,0.15972737213747387,0.05352726581051674
49.46666666666667,0.15970396445801152,0.05352499302758237
49.483333333333334,0.15968057241218866,0.05352272266552976
49.5,0.15965719598292077,0.053520454720801754
49.516666666666666,0.15963383515314875,0.053518189189847756
49.53333333333333,0.15961048990583926,0.05351592606912385
49.55,0.15958716022398414,0.0535136653550927
49.56666666666667,0.15956384609060104,0.0535114070442236
49.583333333333336,0.1595405474887327,0.05350915113299226
49.6,0.1595172644014475,0.05350689761788109
49.61666666666667,0.15949399681183907,0.053504646495378956
49.63333333333333,0.15947074470302638,0.05350239776198133
49.65,0.15944750805815353,0.05350015141419015
49.666666666666664,0.15942428686038992,0.053497907448513904
49.68333333333333,0.1594010810929299,0.053495665861467485
49.7,0.1593778907389931,0.05349342664957236
49.71666666666667,0.15935471578182403,0.05349118980935627
49.733333333333334,0.15933155620469241,0.05348895533735356
49.75,0.15930841199089266,0.05348672323010495
49.766666666666666,0.1592852831237443,0.053484493484157625
49.78333333333333,0.1592621695865915,0.05348226609606509
49.8,0.15923907136280355,0.05348004106238731
49.81666666666667,0.15921598843577411,0.05347781837969045
49.833333333333336,0.15919292078892197,0.05347559804454718
49.85,0.15916986840569022,0.05347338005353648
49.86666666666667,0.15914683126954685,0.05347116440324372
49.88333333333333,0.15912380936398415,0.05346895109026044
49.9,0.1591008026725192,0.05346674011118461
49.916666666666664,0.15907781117869332,0.053464531462620375
49.93333333333333,0.15905483486607253,0.053462325141178255
49.95,0.159031873718247,0.053460121143474905
49.96666666666667,0.15900892771883157,0.05345791946613332
49.983333333333334,0.1589859968514649,0.05345572010578267
50.0,0.1589630810998103,0.05345352305905843
50.016666666666666,0.15894018044755506,0.053451328322602125
50.03333333333333,0.15891729487841083,0.05344913589306161
50.05,0.15889442437611317,0.05344694576709078
50.06666666666667,0.15887156892442197,0.053444757941349785
50.083333333333336,0.1588487285071208,0.05344257241250486
50.1,0.15882590310801759,0.053440389177228445
50.11666666666667,0.15880309271094384,0.05343820823219907
50.13333333333333,0.1587802972997553,0.05343602957410142
50.15,0.15875751685833123,0.05343385319962604
50.166666666666664,0.15873475137057497,0.05343167910546974
50.18333333333333,0.1587120008204134,0.05342950728833542
50.2,0.1586892651917974,0.053427337744932024
50.21666666666667,0.1586665444687011,0.053425170471974426
50.233333333333334,0.15864383863512269,0.05342300546618366
50.25,0.1586211476750836,0.053420842724286606
50.266666666666666,0.1585984715726291,0.05341868224301628
50.28333333333333,0.1585758103118277,0.05341652401911159
50.3,0.15855316387677154,0.05341436804931749
50.31666666666667,0.15853053225157598,0.053412214330384844
50.333333333333336,0.15850791542037995,0.053410062859070524
50.35,0.1584853133673455,0.05340791363213721
50.36666666666667,0.1584627260766582,0.05340576664635363
50.38333333333333,0.15844015353252652,0.05340362189849429
50.4,0.15841759571918254,0.05340147938533968
50.416666666666664,0.15839505262088105,0.053399339103676134
50.43333333333333,0.15837252422190032,0.05339720105029591
50.45,0.1583500105065414,0.053395065221997016
50.46666666666667,0.1583275114591286,0.0533929316155834
50.483333333333334,0.15830502706400895,0.05339080022786476
50.5,0.15828255730555266,0.053388671055656665
50.516666666666666,0.15826010216815256,0.05338654409578038
50.53333333333333,0.1582376616362246,0.05338441934506304
50.55,0.15821523569420734,0.0533822968003376
50.56666666666667,0.15819282432656226,0.053380176458442764
50.583333333333336,0.15817042751777344,0.05337805831622289
50.6,0.15814804525234777,0.05337594237052816
50.61666666666667,0.15812567751481457,0.053373828618214415
50.63333333333333,0.15810332428972595,0.05337171705614328
50.65,0.1580809855616564,0.05336960768118202
50.666666666666664,0.15805866131520313,0.05336750049020366
50.68333333333333,0.1580363515349857,0.0533653954800868
50.7,0.15801405620564615,0.0533632926477158
50.71666666666667,0.1579917753118488,0.05336119198998058
50.733333333333334,0.15796950883828048,0.05335909350377679
50.75,0.15794725676965007,0.05335699718600562
50.766666666666666,0.157925019090689,0.053354903033573944
50.78333333333333,0.15790279578615074,0.05335281104339417
50.8,0.15788058684081113,0.053350721212384364
50.81666666666667,0.1578583922394679,0.053348633537468104
50.833333333333336,0.15783621196694114,0.0533465480155746
50.85,0.15781404600807272,0.053344464643638505
50.86666666666667,0.1577918943477268,0.05334238341860013
50.88333333333333,0.15776975697078927,0.053340304337405234
50.9,0.15774763386216814,0.05333822739700516
50.916666666666664,0.1577255250067933,0.05333615259435669
50.93333333333333,0.1577034303896166,0.05333407992642215
50.95,0.15768134999561134,0.053332009390169244
50.96666666666667,0.15765928380977304,0.05332994098257125
50.983333333333334,0.15763723181711847,0.053327874700606875
51.0,0.15761519400268656,0.05332581054126032
51.016666666666666,0.15759317035153766,0.053323748501521086
51.03333333333333,0.157571160848754,0.0533216885783842
51.05,0.15754916547943895,0.053319630768850046
51.06666666666667,0.1575271842287178,0.05331757506992445
51.083333333333336,0.15750521708173704,0.05331552147861856
51.1,0.15748326402366486,0.053313469991948984
51.11666666666667,0.1574613250396908,0.053311420606937596
51.13333333333333,0.1574394001150259,0.053309373320611676
51.15,0.15741748923490226,0.05330732813000382
51.166666666666664,0.1573955923845736,0.053305285032152
51.18333333333333,0.15737370954931448,0.0533032440240994
51.2,0.15735184071442113,0.05330120510289463
51.21666666666667,0.15732998586521074,0.0532991682655915
51.233333333333334,0.15730814498702186,0.053297133509249195
51.25,0.1572863180652139,0.05329510083093201
51.266666666666666,0.1572645050851676,0.05329307022770961
51.28333333333333,0.15724270603228427,0.05329104169665692
51.3,0.15722092089198655,0.053289015234854076
51.31666666666667,0.15719914964971815,0.053286990839386414
51.333333333333336,0.15717739229094363,0.053284968507344536
51.35,0.15715564880114827,0.05328294823582416
51.36666666666667,0.15713391916583838,0.053280930021926264
51.38333333333333,0.15711220337054077,0.053278913862756946
51.4,0.15709050140080333,0.05327689975542752
51.416666666666664,0.1570688132421946,0.05327488769705446
51.43333333333333,0.15704713888030392,0.05327287768475943
51.45,0.15702547830074098,0.053270869715669064
51.46666666666667,0.15700383148913644,0.05326886378691526
51.483333333333334,0.1569821984311412,0.05326685989563497
51.5,0.15696057911242697,0.0532648580389703
51.516666666666666,0.1569389735186858,0.05326285821406836
51.53333333333333,0.15691738163563035,0.05326086041808146
51.55,0.1568958034489936,0.05325886464816684
51.56666666666667,0.156874238944529,0.0532568709014869
51.583333333333336,0.15685268810801029,0.053254879175209026
51.6,0.15683115092523162,0.05325288946650568
51.61666666666667,0.15680962738200732,0.0532509017725543
51.63333333333333,0.1567881174641721,0.053248916090537404
51.65,0.15676662115758067,0.05324693241764248
51.666666666666664,0.1567451384481081,0.053244950751062045
51.68333333333333,0.15672366932164955,0.05324297108799346
51.7,0.1567022137641203,0.05324099342563917
51.71666666666667,0.15668077176145562,0.053239017761206604
51.733333333333334,0.15665934329961098,0.053237044091908124
51.75,0.15663792836456156,0.053235072414960956
51.766666666666666,0.1566165269423028,0.05323310272758734
51.78333333333333,0.1565951390188498,0.05323113502701436
51.8,0.15657376458023778,0.05322916931047409
51.81666666666667,0.1565524036125216,0.05322720557520341
51.833333333333336,0.15653105610177614,0.053225243818444186
51.85,0.15650972203409588,0.05322328403744305
51.86666666666667,0.15648840139559522,0.05322132622945161
51.88333333333333,0.15646709417240798,0.053219370391726244
51.9,0.15644580035068797,0.053217416521528234
51.916666666666664,0.15642451991660844,0.05321546461612363
51.93333333333333,0.1564032528563624,0.05321351467278337
51.95,0.15638199915616224,0.053211566688783137
51.96666666666667,0.1563607588022401,0.05320962066140349
51.983333333333334,0.1563395317808473,0.05320767658792974
52.0,0.15631831807825491,0.05320573446565204
52.016666666666666,0.1562971176807533,0.0532037942918652
52.03333333333333,0.15627593057465236,0.05320185606386888
52.05,0.15625475674628111,0.053199919778967465
52.06666666666667,0.1562335961819882,0.053197985434470116
52.083333333333336,0.15621244886814115,0.05319605302769066
52.1,0.15619131479112708,0.053194122555947736
52.11666666666667,0.15617019393735218,0.053192194016564595
52.13333333333333,0.15614908629324203,0.05319026740686927
52.15,0.156127991845241,0.053188342724194405
52.166666666666664,0.15610691057981296,0.053186419965877425
52.18333333333333,0.15608584248344046,0.053184499129260356
52.2,0.15606478754262545,0.053182580211689943
52.21666666666667,0.15604374574388863,0.05318066321051749
52.233333333333334,0.1560227170737699,0.05317874812309902
52.25,0.15600170151882803,0.05317683494679519
52.266666666666666,0.15598069906564077,0.053174923678971295
52.28333333333333,0.1559597097008045,0.05317301431699712
52.3,0.15593873341093473,0.05317110685824717
52.31666666666667,0.1559177701826655,0.05316920130010053
52.333333333333336,0.15589682000264987,0.05316729763994088
52.35,0.15587588285755957,0.053165395875156396
52.36666666666667,0.15585495873408517,0.05316349600313991
52.38333333333333,0.15583404761893563,0.053161598021288725
52.4,0.1558131494988388,0.05315970192700476
52.416666666666664,0.1557922643605409,0.05315780771769443
52.43333333333333,0.155771392190807,0.05315591539076873
52.45,0.15575053297642052,0.053154024943643075
52.46666666666667,0.15572968670418363,0.053152136373737474
52.483333333333334,0.15570885336091672,0.05315024967847637
52.5,0.15568803293345881,0.053148364855288746
52.516666666666666,0.1556672254086671,0.053146481901608034
52.53333333333333,0.15564643077341733,0.053144600814872184
52.55,0.15562564901460363,0.0531427215925235
52.56666666666667,0.15560488011913853,0.05314084423200883
52.583333333333336,0.1555841240739526,0.05313896873077942
52.6,0.15556338086599492,0.05313709508629099
52.61666666666667,0.1555426504822324,0.05313522329600363
52.63333333333333,0.15552193290965052,0.05313335335738189
52.65,0.15550122813525274,0.053131485267894664
52.666666666666664,0.15548053614606086,0.0531296190250153
52.68333333333333,0.1554598569291144,0.053127754626221484
52.7,0.15543919047147128,0.053125892068995345
52.71666666666667,0.1554185367602072,0.053124031350823296
52.733333333333334,0.15539789578241603,0.05312217246919618
52.75,0.15537726752520947,0.0531203154216091
52.766666666666666,0.15535665197571735,0.05311846020556159
52.78333333333333,0.15533604912108714,0.05311660681855746
52.8,0.15531545894848447,0.0531147552581049
52.81666666666667,0.15529488144509251,0.05311290552171632
52.833333333333336,0.1552743165981125,0.05311105760690852
52.85,0.15525376439476316,0.053109211511202535
52.86666666666667,0.15523322482228125,0.05310736723212372
52.88333333333333,0.15521269786792105,0.053105524767201685
52.9,0.1551921835189548,0.05310368411397035
52.916666666666664,0.15517168176267201,0.05310184526996781
52.93333333333333,0.1551511925863801,0.05310000823273648
52.95,0.15513071597740377,0.05309817299982299
52.96666666666667,0.15511025192308556,0.05309633956877822
52.983333333333334,0.15508980041078543,0.05309450793715723
53.0,0.155069361427881,0.05309267810251936
53.016666666666666,0.15504893496176714,0.05309085006242811
53.03333333333333,0.1550285209998563,0.053089023814451235
53.05,0.15500811952957813,0.053087199356160505
53.06666666666667,0.15498773053837978,0.053085376685132
53.083333333333336,0.1549673540137258,0.05308355579894604
53.1,0.15494698994309808,0.053081736695187065
53.11666666666667,0.15492663831399564,0.05307991937144355
53.13333333333333,0.15490629911393494,0.05307810382530823
53.15,0.1548859723304494,0.05307629005437791
53.166666666666664,0.1548656579510899,0.053074478056253566
53.18333333333333,0.15484535596342427,0.053072667828540296
53.2,0.1548250663550377,0.053070859368847326
53.21666666666667,0.15480478911353232,0.053069052674787884
53.233333333333334,0.15478452422652741,0.05306724774397938
53.25,0.15476427168165918,0.05306544457404328
53.266666666666666,0.15474403146658097,0.05306364316260513
53.28333333333333,0.15472380356896304,0.053061843507294565
53.3,0.15470358797649267,0.05306004560574529
53.31666666666667,0.15468338467687393,0.05305824945559496
53.333333333333336,0.154663193657828,0.05305645505448538
53.35,0.15464301490709273,0.05305466240006234
53.36666666666667,0.154622848412423,0.053052871489975686
53.38333333333333,0.15460269416159025,0.053051082321879224
53.4,0.15458255214238295,0.053049294893430826
53.416666666666664,0.15456242234260606,0.05304750920229235
53.43333333333333,0.15454230475008146,0.05304572524612967
53.45,0.15452219935264763,0.053043943022612575
53.46666666666667,0.15450210613815987,0.0530421625294149
53.483333333333334,0.15448202509448988,0.05304038376421438
53.5,0.15446195620952613,0.0530386067246928
53.516666666666666,0.1544418994711735,0.053036831408535816
53.53333333333333,0.1544218548673536,0.05303505781343308
53.55,0.15440182238600444,0.05303328593707812
53.56666666666667,0.15438180201508064,0.05303151577716845
53.583333333333336,0.15436179374255313,0.05302974733140547
53.6,0.15434179755640945,0.05302798059749453
53.61666666666667,0.15432181344465332,0.053026215573144804
53.63333333333333,0.15430184139530506,0.05302445225606945
53.65,0.1542818813964011,0.053022690643985446
53.666666666666664,0.15426193343599434,0.05302093073461371
53.68333333333333,0.15424199750215403,0.05301917252567896
53.7,0.15422207358296564,0.05301741601490986
53.71666666666667,0.15420216166653078,0.05301566120003883
53.733333333333334,0.15418226174096744,0.05301390807880221
53.75,0.15416237379440947,0.05301215664894017
53.766666666666666,0.15414249781500713,0.053010406908196736
53.78333333333333,0.1541226337909268,0.05300865885431964
53.8,0.15410278171035094,0.053006912485060544
53.81666666666667,0.154082941561478,0.053005167798174886
53.833333333333336,0.15406311333252265,0.053003424791421935
53.85,0.15404329701171526,0.05300168346256468
53.86666666666667,0.15402349258730247,0.052999943809369954
53.88333333333333,0.15400370004754663,0.052998205829608326
53.9,0.15398391938072625,0.052996469521054176
53.916666666666664,0.15396415057513566,0.052994734881485615
53.93333333333333,0.1539443936190851,0.052993001908684556
53.95,0.15392464850090054,0.052991270600436555
53.96666666666667,0.15390491520892394,0.05298954095453099
53.983333333333334,0.15388519373151283,0.05298781296876096
54.0,0.15386548405704065,0.052986086640923295
54.016666666666666,0.1538457861738966,0.052984361968818484
54.03333333333333,0.15382610007048564,0.052982638950250786
54.05,0.15380642573522824,0.052980917583028114
54.06666666666667,0.15378676315656073,0.05297919786496211
54.083333333333336,0.1537671123229348,0.05297747979386809
54.1,0.15374747322281804,0.052975763367565064
54.11666666666667,0.15372784584469337,0.052974048583875645
54.13333333333333,0.15370823017705945,0.05297233544062617
54.15,0.15368862620843038,0.052970623935646624
54.166666666666664,0.1536690339273359,0.05296891406677066
54.18333333333333,0.15364945332232097,0.0529672058318355
54.2,0.1536298843819461,0.05296549922868208
54.21666666666667,0.15361032709478722,0.0529637942551549
54.233333333333334,0.15359078144943575,0.052962090909102116
54.25,0.15357124743449832,0.05296038918837546
54.266666666666666,0.15355172503859715,0.052958689090830305
54.28333333333333,0.15353221425036945,0.0529569906143256
54.3,0.153512715058468,0.052955293756723906
54.31666666666667,0.15349322745156055,0.05295359851589134
54.333333333333336,0.1534737514183303,0.052951904889697615
54.35,0.15345428694747562,0.05295021287601596
54.36666666666667,0.1534348340277102,0.052948522472723206
54.38333333333333,0.15341539264776255,0.05294683367769974
54.4,0.15339596279637666,0.05294514648882951
54.416666666666664,0.15337654446231133,0.05294346090399994
54.43333333333333,0.15335713763434064,0.052941776921102066
54.45,0.15333774230125366,0.05294009453803036
54.46666666666667,0.15331835845185457,0.052938413752682885
54.483333333333334,0.1532989860749624,0.05293673456296116
54.5,0.1532796251594114,0.05293505696677026
54.516666666666666,0.1532602756940504,0.05293338096201871
54.53333333333333,0.15324093766774344,0.05293170654661858
54.55,0.1532216110693694,0.05293003371848533
54.56666666666667,0.15320229588782217,0.05292836247553798
54.583333333333336,0.15318299211201022,0.05292669281569895
54.6,0.15316369973085717,0.05292502473689419
54.61666666666667,0.15314441873330104,0.05292335823705305
54.63333333333333,0.1531251491082949,0.05292169331410836
54.65,0.1531058908448065,0.05292002996599637
54.666666666666664,0.15308664393181842,0.05291836819065677
54.68333333333333,0.1530674083583278,0.05291670798603266
54.7,0.1530481841133466,0.052915049350070575
54.71666666666667,0.15302897118590122,0.05291339228072047
54.733333333333334,0.15300976956503293,0.05291173677593569
54.75,0.15299057923979736,0.05291008283367299
54.766666666666666,0.15297140019926497,0.052908430451892516
54.78333333333333,0.15295223243252057,0.052906779628557755
54.8,0.15293307592866368,0.05290513036163563
54.81666666666667,0.15291393067680809,0.052903482649096424
54.833333333333336,0.15289479666608236,0.05290183648891378
54.85,0.1528756738856292,0.052900191879064674
54.86666666666667,0.15285656232460604,0.05289854881752947
54.88333333333333,0.15283746197218445,0.05289690730229184
54.9,0.15281837281755062,0.05289526733133882
54.916666666666664,0.15279929484990487,0.052893628902660764
54.93333333333333,0.1527802280584621,0.05289199201425137
54.95,0.15276117243245135,0.052890356664107616
54.96666666666667,0.15274212796111614,0.052888722850229844
54.983333333333334,0.15272309463371386,0.05288709057062164
55.0,0.1527040724395165,0.052885459823289925
55.016666666666666,0.1526850613678101,0.0528838306062449
55.03333333333333,0.15266606140789502,0.052882202917500065
55.05,0.1526470725490857,0.05288057675507217
55.06666666666667,0.15262809478071074,0.052878952116981265
55.083333333333336,0.15260912809211277,0.05287732900125064
55.1,0.15259017247264867,0.05287570740590688
55.11666666666667,0.15257122791168928,0.052874087328979774
55.13333333333333,0.1525522943986196,0.0528724687685024
55.15,0.15253337192283847,0.05287085172251103
55.166666666666664,0.152514460473759,0.05286923618904519
55.18333333333333,0.15249556004080794,0.05286762216614765
55.2,0.15247667061342624,0.052866009651864394
55.21666666666667,0.15245779218106878,0.05286439864424459
55.233333333333334,0.1524389247332043,0.05286278914134064
55.25,0.15242006825931537,0.05286118114120814
55.266666666666666,0.15240122274889845,0.05285957464190588
55.28333333333333,0.15238238819146382,0.052857969641495826
55.3,0.1523635645765357,0.05285636613804315
55.31666666666667,0.1523447518936519,0.052854764129616164
55.333333333333336,0.15232595013236422,0.05285316361428639
55.35,0.15230715928223806,0.052851564590128464
55.36666666666667,0.15228837933285266,0.05284996705522024
55.38333333333333,0.15226961027380073,0.052848371007642655
55.4,0.15225085209468886,0.052846776445479846
55.416666666666664,0.1522321047851372,0.052845183366819044
55.43333333333333,0.15221336833477966,0.05284359176975066
55.45,0.1521946427332637,0.05284200165236816
55.46666666666667,0.15217592797025037,0.05284041301276819
55.483333333333334,0.15215722403541412,0.05283882584905047
55.5,0.1521385309184432,0.052837240159317865
55.516666666666666,0.1521198486090391,0.052835655941676316
55.53333333333333,0.15210117709691703,0.05283407319423488
55.55,0.15208251637180567,0.05283249191510564
55.56666666666667,0.15206386642344727,0.05283091210240382
55.583333333333336,0.15204522724159705,0.05282933375424771
55.6,0.15202659881602404,0.05282775686875868
55.61666666666667,0.15200798113651043,0.05282618144406111
55.63333333333333,0.1519893741928519,0.052824607478282506
55.65,0.15197077797485753,0.05282303496955337
55.666666666666664,0.15195219247234967,0.052821463916007304
55.68333333333333,0.1519336176751639,0.052819894315780894
55.7,0.15191505357314913,0.052818326167013804
55.71666666666667,0.1518965001561674,0.05281675946784869
55.733333333333334,0.15187795741409413,0.05281519421643125
55.75,0.1518594253368179,0.052813630410910195
55.766666666666666,0.1518409039142405,0.052812068049437264
55.78333333333333,0.15182239313627685,0.05281050713016714
55.8,0.1518038929928552,0.05280894765125758
55.81666666666667,0.15178540347391653,0.052807389610869275
55.833333333333336,0.1517669245694152,0.052805833007165966
55.85,0.15174845626931854,0.0528042778383143
55.86666666666667,0.151729998563607,0.052802724102483926
55.88333333333333,0.1517115514422741,0.05280117179784747
55.9,0.15169311489532644,0.05279962092258054
55.916666666666664,0.15167468891278335,0.05279807147486165
55.93333333333333,0.1516562734846774,0.052796523452872335
55.95,0.1516378686010538,0.052794976854797
55.96666666666667,0.15161947425197092,0.052793431678823034
55.983333333333334,0.15160109042750006,0.05279188792314074
56.0,0.15158271711772542,0.052790345585943366
56.016666666666666,0.15156435431274387,0.05278880466542708
56.03333333333333,0.15154600200266535,0.05278726515979098
56.05,0.1515276601776124,0.05278572706723702
56.06666666666667,0.15150932882772047,0.05278419038597011
56.083333333333336,0.15149100794313783,0.05278265511419805
56.1,0.15147269751402548,0.05278112125013154
56.11666666666667,0.15145439753055717,0.05277958879198414
56.13333333333333,0.1514361079829194,0.052778057737972325
56.15,0.1514178288613112,0.0527765280863154
56.166666666666664,0.15139956015594447,0.052774999835235606
56.18333333333333,0.1513813018570436,0.05277347298295801
56.2,0.15136305395484576,0.05277194752771056
56.21666666666667,0.15134481643960068,0.05277042346772402
56.233333333333334,0.15132658930157072,0.05276890080123204
56.25,0.15130837253103072,0.0527673795264711
56.266666666666666,0.1512901661182681,0.05276585964168053
56.28333333333333,0.15127197005358284,0.05276434114510247
56.3,0.15125378432728748,0.052762824034981906
56.31666666666667,0.15123560892970692,0.052761308309566615
56.333333333333336,0.1512174438511787,0.05275979396710724
56.35,0.15119928908205266,0.052758281005857194
56.36666666666667,0.15118114461269114,0.05275676942407273
56.38333333333333,0.1511630104334688,0.052755259220012854
56.4,0.15114488653477287,0.052753750391939386
56.416666666666664,0.15112677290700272,0.05275224293811695
56.43333333333333,0.15110866954057028,0.052750736856812946
56.45,0.15109057642589968,0.052749232146297544
56.46666666666667,0.15107249355342744,0.05274772880484373
56.483333333333334,0.1510544209136023,0.05274622683072715
56.5,0.15103635849688535,0.05274472622222632
56.516666666666666,0.1510183062937497,0.052743226977622445
56.53333333333333,0.15100026429468094,0.05274172909519952
56.55,0.15098223249017678,0.05274023257324428
56.56666666666667,0.15096421087074718,0.052738737410046206
56.583333333333336,0.15094619942691417,0.052737243603897484
56.6,0.15092819814921207,0.05273575115309304
56.61666666666667,0.15091020702818705,0.05273426005593055
56.63333333333333,0.15089222605439764,0.052732770310710386
56.65,0.15087425521841435,0.05273128191573563
56.666666666666664,0.15085629451081992,0.0527297948693121
56.68333333333333,0.15083834392220888,0.052728309169748265
56.7,0.15082040344318806,0.05272682481535534
56.71666666666667,0.15080247306437608,0.05272534180444721
56.733333333333334,0.15078455277640368,0.052723860135340486
56.75,0.1507666425699135,0.05272237980635443
56.766666666666666,0.15074874243556027,0.05272090081581099
56.78333333333333,0.1507308523640104,0.05271942316203475
56.8,0.15071297234594244,0.05271794684335298
56.81666666666667,0.15069510237204672,0.052716471858095644
56.833333333333336,0.15067724243302555,0.052714998204595354
56.85,0.150659392519593,0.05271352588118734
56.86666666666667,0.15064155262247514,0.052712054886209544
56.88333333333333,0.15062372273240954,0.052710585218002454
56.9,0.15060590284014583,0.05270911687490926
56.916666666666664,0.15058809293644532,0.05270764985527577
56.93333333333333,0.15057029301208114,0.052706184157450424
56.95,0.15055250305783813,0.052704719779784276
56.96666666666667,0.15053472306451293,0.05270325672063101
56.983333333333334,0.15051695302291368,0.05270179497834689
57.0,0.1504991929238604,0.05270033455129083
57.016666666666666,0.15048144275818467,0.05269887543782427
57.03333333333333,0.15046370251672983,0.05269741763631132
57.05,0.15044597219035075,0.05269596114511867
57.06666666666667,0.15042825176991398,0.05269450596261559
57.083333333333336,0.15041054124629755,0.052693052087173904
57.1,0.15039284061039115,0.052691599517168064
57.11666666666667,0.15037514985309602,0.05269014825097502
57.13333333333333,0.15035746896532487,0.05268869828697434
57.15,0.15033979793800206,0.05268724962354816
57.166666666666664,0.15032213676206344,0.05268580225908117
57.18333333333333,0.1503044854284561,0.05268435619196058
57.2,0.15028684392813882,0.05268291142057618
57.21666666666667,0.15026921225208176,0.05268146794332026
57.233333333333334,0.1502515903912666,0.05268002575858769
57.25,0.15023397833668625,0.05267858486477586
57.266666666666666,0.15021637607934524,0.05267714526028469
57.28333333333333,0.1501987836102591,0.05267570694351661
57.3,0.15018120092045498,0.05267426991287657
57.31666666666667,0.15016362800097138,0.05267283416677205
57.333333333333336,0.15014606484285817,0.05267139970361304
57.35,0.15012851143717632,0.05266996652181198
57.36666666666667,0.15011096777499822,0.052668534619783894
57.38333333333333,0.1500934338474073,0.05266710399594622
57.4,0.1500759096454984,0.05266567464871893
57.416666666666664,0.1500583951603777,0.05266424657652447
57.43333333333333,0.1500408903831625,0.052662819777787785
57.45,0.15002339530498127,0.05266139425093626
57.46666666666667,0.15000590991697363,0.05265996999439979
57.47230195056044,0.15,0.05265948871609885
