time_s,radius_m,fvm_temperature_K,analytic_temperature_K,temperature_error_K,fvm_moisture_kg_per_kg,analytic_frozen_D_moisture_kg_per_kg,moisture_error_kg_per_kg
0,0,301.14999999999998,301.14999999999998,0,2.5499999999999998,,
0,0.001,301.14999999999998,301.14999999999998,0,2.5499999999999998,,
0,0.002,301.14999999999998,301.14999999999998,0,2.5499999999999998,,
0,0.0030000000000000001,301.14999999999998,301.14999999999998,0,2.5499999999999998,,
0,0.0040000000000000001,301.14999999999998,301.14999999999998,0,2.5499999999999998,,
0,0.0050000000000000001,301.14999999999998,301.14999999999998,0,2.5499999999999998,,
0,0.0060000000000000001,301.14999999999998,301.14999999999998,0,2.5499999999999998,,
0,0.0070000000000000001,301.14999999999998,301.14999999999998,0,2.5499999999999998,,
0,0.0080000000000000002,301.14999999999998,301.14999999999998,0,2.5499999999999998,,
0,0.0090000000000000011,301.14999999999998,301.14999999999998,0,2.5499999999999998,,
0,0.01,301.14999999999998,301.14999999999998,0,2.5499999999999998,,
0,0.010999999999999999,301.14999999999998,301.14999999999998,0,2.5499999999999998,,
0,0.012,301.14999999999998,301.14999999999998,0,2.5499999999999998,,
0,0.013000000000000001,301.14999999999998,301.14999999999998,0,2.5499999999999998,,
0,0.014,301.14999999999998,301.14999999999998,0,2.5499999999999998,,
0,0.014999999999999999,301.14999999999998,301.14999999999998,0,2.5499999999999998,,
0,0.016,301.14999999999998,301.14999999999998,0,2.5499999999999998,,
0,0.017000000000000001,301.14999999999998,301.14999999999998,0,2.5499999999999998,,
0,0.018000000000000002,301.14999999999998,301.14999999999998,0,2.5499999999999998,,
0,0.019,301.14999999999998,301.14999999999998,0,2.5499999999999998,,
0,0.02,301.14999999999998,301.14999999999998,0,2.5499999999999998,,
10,0,301.14999999999998,301.15000000309425,-3.0942715056880843e-09,2.5499999999999998,,
10,0.001,301.14999999999998,301.15000000027317,-2.7318947104504332e-10,2.5499999999999998,,
10,0.002,301.14999999999998,301.15000000018699,-1.8701484805205837e-10,2.5499999999999998,,
10,0.0030000000000000001,301.14999999999998,301.15000000014811,-1.4813394955126569e-10,2.5499999999999998,,
10,0.0040000000000000001,301.14999999999998,301.15000000012469,-1.2471446098061278e-10,2.5499999999999998,,
10,0.0050000000000000001,301.14999999999998,301.15000000010872,-1.0874146028072573e-10,2.5499999999999998,,
10,0.0060000000000000001,301.14999999999998,301.15000000009695,-9.6974872576538473e-11,2.5499999999999998,,
10,0.0070000000000000001,301.14999999999998,301.15000000008791,-8.7936768977669999e-11,2.5499999999999998,,
10,0.0080000000000000002,301.14999999999998,301.15000000008081,-8.0831341620068997e-11,2.5499999999999998,,
10,0.0090000000000000011,301.15000000000026,301.15000000007529,-7.503331289626658e-11,2.5499999999999998,,
10,0.01,301.15000000000811,301.15000000007825,-7.014477887423709e-11,2.5499999999999998,,
10,0.010999999999999999,301.15000000018551,301.15000000024787,-6.2357230490306392e-11,2.5499999999999998,,
10,0.012,301.15000000323658,301.15000000325523,-1.8644641386345029e-11,2.5499999999999998,,
10,0.013000000000000001,301.15000004382432,301.15000004351651,3.078071131312754e-10,2.5499999999999998,,
10,0.014,301.15000046270291,301.15000046054007,2.1628352442348842e-09,2.5499999999999998,,
10,0.014999999999999999,301.1500038344214,301.15000382504581,9.3755829766450915e-09,2.5499999999999998,,
10,0.016,301.15002515236091,301.15002512630934,2.6051566237583756e-08,2.5499999999999998,,
10,0.017000000000000001,301.15013198145863,301.15013194778516,3.367347289895406e-08,2.5499999999999998,,
10,0.018000000000000002,301.15056115727975,301.1505612209707,-6.3690947627037531e-08,2.5499999999844492,,
10,0.019,301.15196313724186,301.15196360983873,-4.7259686652978417e-07,2.549943512177685,,
10,0.02,301.15575190415507,301.15575333130334,-1.4271482768890564e-06,2.4497955825630706,,
20,0,301.14999999999998,301.15000000309419,-3.0942146622692235e-09,2.5499999999999998,,
20,0.001,301.14999999999998,301.15000000027311,-2.7313262762618251e-10,2.5499999999999998,,
20,0.002,301.14999999999998,301.15000000018699,-1.8701484805205837e-10,2.5499999999999998,,
20,0.0030000000000000001,301.14999999999998,301.15000000014805,-1.4807710613240488e-10,2.5499999999999998,,
20,0.0040000000000000001,301.15000000000038,301.15000000012503,-1.2465761756175198e-10,2.5499999999999998,,
20,0.0050000000000000001,301.15000000000413,301.1500000001127,-1.0857093002414331e-10,2.5499999999999998,,
20,0.0060000000000000001,301.15000000004102,301.15000000013731,-9.6292751550208777e-11,2.5499999999999998,,
20,0.0070000000000000001,301.15000000036031,301.15000000044375,-8.3446138887666166e-11,2.5499999999999998,,
20,0.0080000000000000002,301.15000000279861,301.15000000285482,-5.6218141253339127e-11,2.5499999999999998,,
20,0.0090000000000000011,301.1500000192392,301.15000001919356,4.5645265345228836e-11,2.5499999999999998,,
20,0.01,301.15000011703205,301.15000011658753,4.4451553549151868e-10,2.5499999999999998,,
20,0.010999999999999999,301.15000063044369,301.15000062862117,1.8225136955152266e-09,2.5499999999999998,,
20,0.012,301.15000301211631,301.15000300629191,5.8244040701538324e-09,2.5499999999999998,,
20,0.013000000000000001,301.1500127913236,301.15001277605313,1.5270472886186326e-08,2.5499999999999998,,
20,0.014,301.15004841436308,301.15004838203964,3.232344170100987e-08,2.5499999999999998,,
20,0.014999999999999999,301.15016387347538,301.1501638219151,5.1560277825046796e-08,2.5499999999999998,,
20,0.016,301.15049802657808,301.15049798029639,4.6281684262794442e-08,2.5499999999999998,,
20,0.017000000000000001,301.15136527968207,301.15136532638166,-4.6699597078259103e-08,2.5499999999989367,,
20,0.018000000000000002,301.15339404229735,301.153394371194,-3.2889664680624264e-07,2.5499996807955916,,
20,0.019,301.15769693242112,301.1576978454741,-9.130529861067771e-07,2.5484435426025458,,
20,0.02,301.16602701364468,301.16602889751448,-1.8838697997125564e-06,2.409382130312784,,
30,0,301.15000000000202,301.1500000030963,-3.0942715056880843e-09,2.5499999999999998,,
30,0.001,301.15000000000509,301.15000000027811,-2.730189407884609e-10,2.5499999999999998,,
30,0.002,301.15000000002561,301.15000000021223,-1.8661694412003271e-10,2.5499999999999998,,
30,0.0030000000000000001,301.1500000001414,301.15000000028783,-1.4642864698544145e-10,2.5499999999999998,,
30,0.0040000000000000001,301.15000000076213,301.15000000088031,-1.1817746781161986e-10,2.5499999999999998,,
30,0.0050000000000000001,301.1500000038954,301.15000000397902,-8.361666914424859e-11,2.5499999999999998,,
30,0.0060000000000000001,301.15000001864428,301.15000001865025,-5.9685589803848416e-12,2.5499999999999998,,
30,0.0070000000000000001,301.15000008305918,301.15000008284181,2.1736923372372985e-10,2.5499999999999998,,
30,0.0080000000000000002,301.15000034338027,301.15000034252211,8.581650945416186e-10,2.5499999999999998,,
30,0.0090000000000000011,301.15000131554245,301.15000131299507,2.5473809728282504e-09,2.5499999999999998,,
30,0.01,301.15000466882037,301.15000466229583,6.5245444602624048e-09,2.5499999999999998,,
30,0.010999999999999999,301.15001535365309,301.15001533892462,1.4728470887348522e-08,2.5499999999999998,,
30,0.012,301.15004682464564,301.15004679549168,2.9153966352168936e-08,2.5499999999999998,,
30,0.013000000000000001,301.15013259874218,301.15013254919211,4.9550067160453182e-08,2.5499999999999998,,
30,0.014,301.15034923479914,301.15034916615571,6.8643430495285429e-08,2.5499999999999998,,
30,0.014999999999999999,301.15085718772099,301.15085712245462,6.5266362980764825e-08,2.5499999999999998,,
30,0.016,301.15196531155715,301.15196531343236,-1.8752075447991956e-09,2.5499999999999838,,
30,0.017000000000000001,301.1542203168936,301.15422051163841,-1.9474481405268307e-07,2.54999999804514,,
30,0.018000000000000002,301.15851365507984,301.15851424100691,-5.8592706864146749e-07,2.5499859447660866,,
30,0.019,301.16618720033222,301.16618843787535,-1.2375431310829299e-06,2.5442421041588132,,
30,0.02,301.17911072213525,301.17911291198465,-2.1898493969274568e-06,2.3789083505161619,,
40,0,301.15000000064418,301.15000000373271,-3.0885303203831427e-09,2.5499999999999998,,
40,0.001,301.15000000112633,301.15000000139088,-2.645492713782005e-10,2.5499999999999998,,
40,0.002,301.15000000353155,301.15000000369793,-1.6638068700558506e-10,2.5499999999999998,,
40,0.0030000000000000001,301.15000001251366,301.15000001260489,-9.1233687271596864e-11,2.5499999999999998,,
40,0.0040000000000000001,301.1500000445248,301.15000004449132,3.3480773709015921e-11,2.5499999999999998,,
40,0.0050000000000000001,301.15000015389285,301.15000015357538,3.1747049433761276e-10,2.5499999999999998,,
40,0.0060000000000000001,301.15000050996861,301.15000050897311,9.9549879450933076e-10,2.5499999999999998,,
40,0.0070000000000000001,301.15000161007254,301.15000160752771,2.544823018979514e-09,2.5499999999999998,,
40,0.0080000000000000002,301.15000482735866,301.15000482152681,5.8318505580245983e-09,2.5499999999999998,,
40,0.0090000000000000011,301.15001372193541,301.15001370973056,1.2204850463604089e-08,2.5499999999999998,,
40,0.01,301.15003695359258,301.15003693026898,2.3323593723034719e-08,2.5499999999999998,,
40,0.010999999999999999,301.15009427595902,301.15009423558627,4.0372754028794589e-08,2.5499999999999998,,
40,0.012,301.15022793628924,301.15022787404541,6.224382786967908e-08,2.5499999999999998,,
40,0.013000000000000001,301.15052265358673,301.15052257110233,8.2484405083960155e-08,2.5499999999999998,,
40,0.014,301.15113776053312,301.15113767512406,8.5409055827767588e-08,2.5499999999999998,,
40,0.014999999999999999,301.15235442877264,301.15235438606362,4.2709018543973798e-08,2.5499999999999998,,
40,0.016,301.15463853941185,301.15463862668338,-8.7271530446741963e-08,2.5499999999874743,,
40,0.017000000000000001,301.1587155493487,301.15871590474853,-3.5539983400667552e-07,2.549999890417566,,
40,0.018000000000000002,301.16564835729196,301.16564916921965,-8.1192769130211673e-07,2.5498930106222861,,
40,0.019,301.17690439913025,301.17690589189465,-1.4927643974260718e-06,2.5379571073770504,,
40,0.02,301.19439621689884,301.1943986369921,-2.4200932671192277e-06,2.3535631869686835,,
50,0,301.15000002287616,301.15000002587465,-2.9984903449076228e-09,2.5499999999999998,,
50,0.001,301.15000003369641,301.15000003384415,-1.4773604561924003e-10,2.5499999999999998,,
50,0.002,301.1500000794253,301.15000007937596,4.9340087571181357e-11,2.5499999999999998,,
50,0.0030000000000000001,301.15000021465107,301.15000021429177,3.5930725061916746e-10,2.5499999999999998,,
50,0.0040000000000000001,301.15000059289895,301.15000059191163,9.8731334219337441e-10,2.5499999999999998,,
50,0.0050000000000000001,301.15000161516906,301.15000161289066,2.2783979147789069e-09,2.5499999999999998,,
50,0.0060000000000000001,301.15000427934888,301.15000427452225,4.8266315388900694e-09,2.5499999999999998,,
50,0.0070000000000000001,301.15001095386464,301.15001094430352,9.5611198958067689e-09,2.5499999999999998,,
50,0.0080000000000000002,301.1500269938029,301.15002697606462,1.7738273072609445e-08,2.5499999999999998,,
50,0.0090000000000000011,301.15006392188474,301.1500638911898,3.0694934594066581e-08,2.5499999999999998,,
50,0.01,301.15014531697915,301.15014526781863,4.9160519211000064e-08,2.5499999999999998,,
50,0.010999999999999999,301.15031704490411,301.1503169729732,7.19309127816814e-08,2.5499999999999998,,
50,0.012,301.15066390076447,301.15066380690769,9.3856783678347711e-08,2.5499999999999998,,
50,0.013000000000000001,301.15133487831787,301.15133477491395,1.0340392009311472e-07,2.5499999999999998,,
50,0.014,301.15257883794902,301.15257875747358,8.0475444974581478e-08,2.5499999999999998,,
50,0.014999999999999999,301.15479103690365,301.15479104131782,-4.4141756916360464e-09,2.5499999999999172,,
50,0.016,301.15856872791818,301.15856891637293,-1.884547486952215e-07,2.5499999991891733,,
50,0.017000000000000001,301.16477109170711,301.16477160335006,-5.1164295200578636e-07,2.5499986371637497,,
50,0.018000000000000002,301.17457583134791,301.17457684036322,-1.009015306863148e-06,2.5496134610531844,,
50,0.019,301.18952280840557,301.18952451010642,-1.7017008531183819e-06,2.530364637367196,,
50,0.02,301.21153510028546,301.21153770354709,-2.6032616347038129e-06,2.3314889634622298,,
60,0,301.15000026938867,301.15000027184357,-2.4548967303417157e-09,2.5499999999999998,,
60,0.001,301.15000035847061,301.15000035797027,5.0033577281283215e-10,2.5499999999999998,,
60,0.002,301.1500007004704,301.1500006994201,1.0502958502911497e-09,2.5499999999999998,,
60,0.0030000000000000001,301.15000157510144,301.15000157301716,2.0842776393692475e-09,2.5499999999999998,,
60,0.0040000000000000001,301.1500036647754,301.15000366075662,4.0187728700402658e-09,2.5499999999999998,,
60,0.0050000000000000001,301.15000849934825,301.15000849186305,7.4851982390100602e-09,2.5499999999999998,,
60,0.0060000000000000001,301.15001935749848,301.15001934411549,1.3382987162913196e-08,2.5499999999999998,,
60,0.0070000000000000001,301.15004299029721,301.15004296747077,2.2826441181678092e-08,2.5499999999999998,,
60,0.0080000000000000002,301.15009275228766,301.15009271538349,3.6904168609908083e-08,2.5499999999999998,,
60,0.0090000000000000011,301.15019400491218,301.15019394878345,5.6128726555471076e-08,2.5499999999999998,,
60,0.01,301.15039296145744,301.15039288197983,7.9477615599898854e-08,2.5499999999999998,,
60,0.010999999999999999,301.15077039242641,301.15077028941442,1.0301198472006945e-07,2.5499999999999998,,
60,0.012,301.15146167783172,301.15146155960468,1.1822703527286649e-07,2.5499999999999998,,
60,0.013000000000000001,301.15268441960274,301.15268430908213,1.1052060244765016e-07,2.5499999999999998,,
60,0.014,301.15477406866216,301.15477401029068,5.8371483646624256e-08,2.5499999999999998,,
60,0.014999999999999999,301.15822671749925,301.1582267835891,-6.6089853589801351e-08,2.5499999999941116,,
60,0.016,301.16374645958496,301.16374675418149,-2.9459653205776704e-07,2.5499999857424478,,
60,0.017000000000000001,301.1722928230912,301.1722934813655,-6.5827430262288544e-07,2.5499922666948103,,
60,0.018000000000000002,301.18512222486692,301.18512340663847,-1.1817715517281613e-06,2.5490528182432284,,
60,0.019,301.20381670035283,301.20381857722549,-1.8768726590678853e-06,2.5219981700997938,,
60,0.02,301.2302944098459,301.2302965163355,-2.1064896031930402e-06,2.3117345181305118,,
70,0,301.15000166416615,301.15000166553079,-1.364639956591418e-09,2.5499999999999998,,
70,0.001,301.15000207471843,301.15000207216184,2.5565896066837013e-09,2.5499999999999998,,
70,0.002,301.15000355844512,301.15000355455226,3.8928646972635761e-09,2.5499999999999998,,
70,0.0030000000000000001,301.15000700445142,301.15000699809536,6.3560605667589698e-09,2.5499999999999998,,
70,0.0040000000000000001,301.15001438769139,301.15001437713499,1.0556391316640656e-08,2.5499999999999998,,
70,0.0050000000000000001,301.15002969276026,301.15002967545365,1.7306604149780469e-08,2.5499999999999998,,
70,0.0060000000000000001,301.15006060468016,301.15006057710923,2.7570933980314294e-08,2.5499999999999998,,
70,0.0070000000000000001,301.15012142459057,301.15012138233493,4.2255635435139993e-08,2.5499999999999998,,
70,0.0080000000000000002,301.15023786356733,301.15023780178291,6.178441935844603e-08,2.5499999999999998,,
70,0.0090000000000000011,301.1504545695546,301.15045448415759,8.5397005022969097e-08,2.5499999999999998,,
70,0.01,301.15084640240718,301.15084629224054,1.1016663847840391e-07,2.5499999999999998,,
70,0.010999999999999999,301.15153451622479,301.15153438638629,1.298384972869826e-07,2.5499999999999998,,
70,0.012,301.1527081462296,301.15270801246947,1.3376012475418975e-07,2.5499999999999998,,
70,0.013000000000000001,301.15465254910117,301.15465244289027,1.0621090495988028e-07,2.5499999999999998,,
70,0.014,301.15778280379249,301.15778277812876,2.5663723590696463e-08,2.5499999999999576,,
70,0.014999999999999999,301.16268239400097,301.16268252896975,-1.3496878636942711e-07,2.5499999998666647,,
70,0.016,301.17014558269415,301.17014597912214,-3.9642799265493522e-07,2.5499998839726201,,
70,0.017000000000000001,301.18122526439055,301.1812260392411,-7.7485054816861521e-07,2.5499723340948419,,
70,0.018000000000000002,301.19729358222276,301.19729490786989,-1.3256471333988884e-06,2.5481547982362582,,
70,0.019,301.22012375563276,301.22012588096476,-2.125332002833602e-06,2.5131943255933313,,
70,0.02,301.25198329087402,301.25198653545306,-3.2445790338897496e-06,2.2937359926766141,,
80,0,301.15000681025498,301.15000680710369,3.1512854548054747e-09,2.5499999999999998,,
80,0.001,301.15000812176538,301.15000811431173,7.4536501415423118e-09,2.5499999999999998,,
80,0.002,301.15001267358139,301.15001266361867,9.9627186500583775e-09,2.5499999999999998,,
80,0.0030000000000000001,301.15002255964527,301.1500225451793,1.446596797904931e-08,2.5499999999999998,,
80,0.0040000000000000001,301.15004213977141,301.15004211812544,2.1645973902195692e-08,2.5499999999999998,,
80,0.0050000000000000001,301.15007956932175,301.15007953701581,3.2305933928000741e-08,2.5499999999999998,,
80,0.0060000000000000001,301.15014940379905,301.15014935659104,4.720800461655017e-08,2.5499999999999998,,
80,0.0070000000000000001,301.15027676365031,301.15027669690318,6.6747134042088874e-08,2.5499999999999998,,
80,0.0080000000000000002,301.15050369200344,301.15050360156351,9.0439925770624541e-08,2.5499999999999998,,
80,0.0090000000000000011,301.15089845435011,301.15089833814341,1.1620670647971565e-07,2.5499999999999998,,
80,0.01,301.15156857403502,301.15156843460511,1.3942991472504218e-07,2.5499999999999998,,
80,0.010999999999999999,301.15267833081089,301.15267817891134,1.5189954183369991e-07,2.5499999999999998,,
80,0.012,301.15447126258567,301.15447112121166,1.4137401649350068e-07,2.5499999999999998,,
80,0.013000000000000001,301.15729797153409,301.15729787877154,9.2762547865277156e-08,2.5499999999999989,,
80,0.014,301.16164942037489,301.16164943115569,-1.0780809134303126e-08,2.5499999999988319,,
80,0.014999999999999999,301.16819611006457,301.16819630090583,-1.9084126279267366e-07,2.5499999985510753,,
80,0.016,301.17783394205105,301.17783442225965,-4.8020859821917838e-07,2.5499994232641061,,
80,0.017000000000000001,301.19173731111556,301.19173822953297,-9.1841741323150927e-07,2.5499262954399371,,
80,0.018000000000000002,301.21141744926291,301.2114189886808,-1.5394178944916348e-06,2.5468987943041168,,
80,0.019,301.2387783651522,301.23878074704839,-2.3818961949473305e-06,2.5041643184324736,,
80,0.02,301.27615589661701,301.27615936369506,-3.4670780451051542e-06,2.2771258861781773,,
90,0,301.15002106113923,301.15002104957858,1.1560643997654552e-08,2.5499999999999998,,
90,0.001,301.15002433482425,301.15002431846716,1.6357091681129532e-08,2.5499999999999998,,
90,0.002,301.15003537842301,301.15003535807313,2.0349887108750409e-08,2.5499999999999998,,
90,0.0030000000000000001,301.1500582284051,301.15005820108985,2.7315252282278379e-08,2.5499999999999998,,
90,0.0040000000000000001,301.15010090914836,301.15010087128388,3.7864481328142574e-08,2.5499999999999998,,
90,0.0050000000000000001,301.15017761464219,301.15017756204821,5.259397539703059e-08,2.5499999999999998,,
90,0.0060000000000000001,301.1503122339854,301.15031216215061,7.1834790560387773e-08,2.5499999999999998,,
90,0.0070000000000000001,301.15054368173452,301.15054358648638,9.5248140041803708e-08,2.5499999999999998,,
90,0.0080000000000000002,301.1509335971125,301.15093347582592,1.2128657544963062e-07,2.5499999999999998,,
90,0.0090000000000000011,301.15157703949575,301.15157689288367,1.4661208069810527e-07,2.5499999999999998,,
90,0.01,301.15261681726986,301.15261665171215,1.6555770798731828e-07,2.5499999999999998,,
90,0.010999999999999999,301.15426204357107,301.1542618738975,1.6967356941677281e-07,2.5499999999999998,,
90,0.012,301.15681143633651,301.15681128902526,1.4731125475009321e-07,2.5499999999999998,,
90,0.013000000000000001,301.16068179601814,301.16068171310457,8.2913572896359256e-08,2.5499999999999905,,
90,0.014,301.16644197864736,301.1664420227512,-4.4103842355980305e-08,2.5499999999839882,,
90,0.014999999999999999,301.17485238576785,301.17485264601675,-2.6024889621112379e-07,2.5499999904655399,,
90,0.016,301.18690921639239,301.18690981198387,-5.9559147302934434e-07,2.549997948445291,,
90,0.017000000000000001,301.20389113874336,301.20389221594797,-1.0772046152851544e-06,2.5498392803737056,,
90,0.018000000000000002,301.22740360732644,301.22740533944415,-1.7321177097073814e-06,2.5452890331991047,,
90,0.019,301.25941346441482,301.25941604249385,-2.5780790338103543e-06,2.4950421725741423,,
90,0.02,301.30226491637904,301.30226854794307,-3.6315640272732708e-06,2.261649028802208,,
100,0,301.15005333271921,301.15005330770055,2.5018664473464014e-08,2.5499999999999998,,
100,0.001,301.1500601976756,301.15006016731672,3.0358876301761484e-08,2.5499999999999998,,
100,0.002,301.15008288150182,301.15008284555023,3.5951586596638663e-08,2.5499999999999998,,
100,0.0030000000000000001,301.15012814892464,301.15012810345252,4.5472120291378815e-08,2.5499999999999998,,
100,0.0040000000000000001,301.15020899912673,301.15020893980852,5.9318210787751013e-08,2.5499999999999998,,
100,0.0050000000000000001,301.15034747831589,301.15034740059986,7.7716038049402414e-08,2.5499999999999998,,
100,0.0060000000000000001,301.1505790588526,301.1505789584117,1.0044090004157624e-07,2.5499999999999998,,
100,0.0070000000000000001,301.15095900168325,301.1509588752466,1.2643664604183869e-07,2.5499999999999998,,
100,0.0080000000000000002,301.15157119855536,301.15157104518073,1.5337462855313788e-07,2.5499999999999998,,
100,0.0090000000000000011,301.15254003778909,301.15253986061958,1.7716951106194756e-07,2.5499999999999998,,
100,0.01,301.15404584632495,301.15404565490775,1.9141720031257137e-07,2.5499999999999998,,
100,0.010999999999999999,301.15634442572195,301.15634423898933,1.8673262047741446e-07,2.5499999999999998,,
100,0.012,301.15979110587085,301.15979095577131,1.5009953813205357e-07,2.5499999999999998,,
100,0.013000000000000001,301.16486954712246,301.16486948263167,6.449079137382796e-08,2.5499999999998373,,
100,0.014,301.17222515065964,301.17222524176759,-9.1107949629076757e-08,2.5499999998662148,,
100,0.014999999999999999,301.18270228279931,301.1827026239938,-3.4119449310310301e-07,2.5499999560672757,,
100,0.016,301.19738350456458,301.19738421556303,-7.1099844944910728e-07,2.5499942458293927,,
100,0.017000000000000001,301.21762766049562,301.2176288845979,-1.2241022773196164e-06,2.5496960989259776,,
100,0.018000000000000002,301.24510229558666,301.24510419533527,-1.8997486108673911e-06,2.5433444806177974,,
100,0.019,301.28180491598295,301.28180766200666,-2.7460237106424756e-06,2.4859139787475129,,
100,0.02,301.33006764614407,301.3300714204031,-3.7742590279776778e-06,2.2471198116841178,,
110,0,301.15011646740737,301.15011642320076,4.4206615257280646e-08,2.5499999999999998,,
110,0.001,301.15012913861909,301.1501290885476,5.0071491841663374e-08,2.5499999999999998,,
110,0.002,301.15017036293898,301.15017030575586,5.7183115131920204e-08,2.5499999999999998,,
110,0.0030000000000000001,301.15025039150078,301.15025032244711,6.9053669449203881e-08,2.5499999999999998,,
110,0.0040000000000000001,301.15038843275346,301.15038834695599,8.5797466908843489e-08,2.5499999999999998,,
110,0.0050000000000000001,301.15061604300337,301.15061593577349,1.0722988008637913e-07,2.5499999999999998,,
110,0.0060000000000000001,301.15098227276513,301.15098214016916,1.325959715359204e-07,2.5499999999999998,,
110,0.0070000000000000001,301.15156094048382,301.15156078028303,1.6020078419387573e-07,2.5499999999999998,,
110,0.0080000000000000002,301.15246047011442,301.15246028314709,1.8696732695389073e-07,2.5499999999999998,,
110,0.0090000000000000011,301.15383676051886,301.15383655259632,2.0792253963008989e-07,2.5499999999999998,,
110,0.01,301.15590954044751,301.15590932481757,2.1562993879342685e-07,2.5499999999999998,,
110,0.010999999999999999,301.1589825837342,301.15898238409278,1.9964141984019079e-07,2.5499999999999998,,
110,0.012,301.16346798495886,301.16346783882699,1.4613186749556917e-07,2.5499999999999989,,
110,0.013000000000000001,301.16991438460741,301.16991434670791,3.7899496874160832e-08,2.5499999999983332,,
110,0.014,301.17903854151461,301.17903868681759,-1.4530297676174087e-07,2.5499999992250135,,
110,0.014999999999999999,301.1917589596776,301.19175938527036,-4.2559275925668771e-07,2.5499998443114436,,
110,0.016,301.20922942262717,301.20923024730865,-8.2468147866165964e-07,2.5499864522784796,,
110,0.017000000000000001,301.23286939967801,301.23287076140741,-1.3617294030154881e-06,2.5494827816101333,,
110,0.018000000000000002,301.26438759539207,301.26438964490495,-2.0495128865150036e-06,2.5410916380957729,,
110,0.019,301.30579468361475,301.30579757458588,-2.8909711318192421e-06,2.4768354740077942,,
110,0.02,301.35940175147113,301.3594056458046,-3.8943334743635205e-06,2.2333982118367235,,
120,0,301.15022718914577,301.15022711978759,6.9358179644041229e-08,2.5499999999999998,,
120,0.001,301.15024843743254,301.15024836174638,7.568615956188296e-08,2.5499999999999998,,
120,0.002,301.15031675010323,301.15031666597827,8.4124962995701935e-08,2.5499999999999998,,
120,0.0030000000000000001,301.1504465594611,301.15044646145469,9.8006410098605556e-08,2.5499999999999998,,
120,0.0040000000000000001,301.15066440222927,301.1506642850868,1.1714246284100227e-07,2.5499999999999998,,
120,0.0050000000000000001,301.15101282725306,301.15101268633111,1.4092194078330067e-07,2.5499999999999998,,
120,0.0060000000000000001,301.1515562201148,301.151556052079,1.6803579683255521e-07,2.5499999999999998,,
120,0.0070000000000000001,301.15238886747471,301.1523886713702,1.961045086318336e-07,2.5499999999999998,,
120,0.0080000000000000002,301.15364562917347,301.15364540793593,2.2123754206404556e-07,2.5499999999999998,,
120,0.0090000000000000011,301.15551559049555,301.15551535294077,2.3755478650855366e-07,2.5499999999999998,,
120,0.01,301.15825901390463,301.15825877718754,2.3671708504480193e-07,2.5499999999999998,,
120,0.010999999999999999,301.16222777770872,301.16222757015197,2.0755675222972059e-07,2.5499999999999998,,
120,0.012,301.16788925418859,301.16788911824477,1.3594382153314655e-07,2.5499999999999812,,
120,0.013000000000000001,301.1758532207561,301.17585321575058,5.0055177780450322e-09,2.5499999999881848,,
120,0.014,301.18690090902692,301.18690111323343,-2.0420651480890228e-07,2.5499999966004574,,
120,0.014999999999999999,301.20201470367618,301.20201521503481,-5.1135862122464459e-07,2.5499995478553124,,
120,0.016,301.2224063752862,301.22240731016569,-9.3487949470727472e-07,2.549972068775928,,
120,0.017000000000000001,301.24954118912041,301.24954267869572,-1.4895753110977239e-06,2.5491874863131225,,
120,0.018000000000000002,301.28515492803962,301.28515711189266,-2.1838530415152491e-06,2.5385599541884591,,
120,0.019,301.33126095176573,301.33126396924672,-3.0174809921845736e-06,2.4678427837128503,,
120,0.02,301.3901443705239,301.39014898260632,-4.6120824208628619e-06,2.2203755097828606,,
130,0,301.15040582434807,301.15040572282129,1.0152677987207426e-07,2.5499999999999998,,
130,0.001,301.15043892600556,301.15043881868627,1.0731929478424718e-07,2.5499999999999998,,
130,0.002,301.15054436693174,301.15054425011772,1.1681402156682452e-07,2.5499999999999998,,
130,0.0030000000000000001,301.15074138094354,301.15074124866891,1.3227463568910025e-07,2.5499999999999998,,
130,0.0040000000000000001,301.15106482384323,301.15106467066482,1.5317840507123037e-07,2.5499999999999998,,
130,0.0050000000000000001,301.15156953083181,301.15156935237769,1.7845411548478296e-07,2.5499999999999998,,
130,0.0060000000000000001,301.15233671840542,301.15233651220217,2.0620325358322589e-07,2.5499999999999998,,
130,0.0070000000000000001,301.15348269603385,301.15348246269235,2.3334149545917171e-07,2.5499999999999998,,
130,0.0080000000000000002,301.15517017360332,301.15516991841008,2.5519324253764353e-07,2.5499999999999998,,
130,0.0090000000000000011,301.15762242432908,301.1576221592436,2.650854753483145e-07,2.5499999999999998,,
130,0.01,301.16114047395195,301.16114021995526,2.5399668857062352e-07,2.5499999999999998,,
130,0.010999999999999999,301.16612331956867,301.16612310923728,2.1033139319115435e-07,2.5499999999999994,,
130,0.012,301.17309092239736,301.17309080256246,1.198349082187633e-07,2.5499999999998391,,
130,0.013000000000000001,301.1827093597766,301.18270939408347,-3.4306879115320044e-08,2.5499999999371425,,
130,0.014,301.19581703083378,301.19581730067034,-2.6983656198353856e-07,2.5499999879852551,,
130,0.014999999999999999,301.21344995670603,301.21345055671475,-6.0000871826559887e-07,2.5499988749488036,,
130,0.016,301.23686207177303,301.23686311009351,-1.0383204767094867e-06,2.5499480603229197,,
130,0.017000000000000001,301.26753118030121,301.26753279371957,-1.6134183624672005e-06,2.548800871668889,,
130,0.018000000000000002,301.30713315683596,301.30713545826234,-2.3014263774712163e-06,2.5357791063390351,,
130,0.019,301.35746552429424,301.35746850959805,-2.9853038086002925e-06,2.4589591224314327,,
130,0.02,301.42032590318155,301.42032951942872,-3.616247170157294e-06,2.2079651138203658,,
140,0,301.1506759365007,301.15067579812961,1.3837109236192191e-07,2.5499999999999998,,
140,0.001,301.15072461564716,301.1507244711957,1.4445146234720596e-07,2.5499999999999998,,
140,0.002,301.1508785409269,301.15087838618973,1.5473716530323145e-07,2.5499999999999998,,
140,0.0030000000000000001,301.15116228438808,301.15116211310004,1.7128803619925748e-07,2.5499999999999998,,
140,0.0040000000000000001,301.15161986591187,301.15161967267147,1.9324039612911292e-07,2.5499999999999998,,
140,0.0050000000000000001,301.1523194819726,301.15231926292034,2.1905225366936065e-07,2.5499999999999998,,
140,0.0060000000000000001,301.15336036680367,301.15336012056719,2.4623648187116487e-07,2.5499999999999998,,
140,0.0070000000000000001,301.15488198575531,301.15488171473629,2.7101901878268109e-07,2.5499999999999998,,
140,0.0080000000000000002,301.15707575649975,301.15707546854304,2.8795670914405491e-07,2.5499999999999998,,
140,0.0090000000000000011,301.16019943968377,301.16019915011123,2.8957254016859224e-07,2.5499999999999998,,
140,0.01,301.16459422008228,301.16459395386516,2.6621711413099547e-07,2.5499999999999998,,
140,0.010999999999999999,301.17070428499642,301.17070407848382,2.065125954686664e-07,2.549999999999998,,
140,0.012,301.17909833994804,301.17909824190627,9.8041766705136979e-08,2.5499999999989797,,
140,0.013000000000000001,301.19049186027826,301.19049193408807,-7.3809815148706548e-08,2.5499999997336062,,
140,0.014,301.20576777249261,301.20576810151971,-3.290271024525282e-07,2.5499999642198299,,
140,0.014999999999999999,301.22599156988952,301.22599226083724,-6.9094772925382131e-07,2.5499975232764434,,
140,0.016,301.25241495302106,301.25241612247663,-1.1694555723806843e-06,2.5499110068852406,,
140,0.017000000000000001,301.28646133503446,301.28646306865426,-1.7336197970507783e-06,2.5483161074825835,,
140,0.018000000000000002,301.32968922566562,301.32969155025495,-2.3245893316925503e-06,2.5327774979622348,,
140,0.019,301.38373711664934,301.38374003108885,-2.9144395057301153e-06,2.4501990675799892,,
140,0.02,301.4502637609192,301.45026727990972,-3.5189905247534625e-06,2.1960970289968089,,
150,0,301.15106391427815,301.15106373367053,1.8060762840832467e-07,2.5499999999999998,,
150,0.001,301.15113227733076,301.15113209046871,1.8686205294216052e-07,2.5499999999999998,,
150,0.002,301.15134715850002,301.15134696090468,1.9759534097829601e-07,2.5499999999999998,,
150,0.0030000000000000001,301.1517389081867,301.15173869353305,2.1465365307449247e-07,2.5499999999999998,,
150,0.0040000000000000001,301.15236138705779,301.15236115023987,2.3681792526986101e-07,2.5499999999999998,,
150,0.0050000000000000001,301.1532969772619,301.15329671520749,2.6205441372439964e-07,2.5499999999999998,,
150,0.0060000000000000001,301.15466377142656,301.15466348415703,2.872695290534466e-07,2.5499999999999998,,
150,0.0070000000000000001,301.15662506668383,301.15662475863883,3.0804500283920788e-07,2.5499999999999998,,
150,0.0080000000000000002,301.15940125674763,301.15940093832171,3.1842591852182522e-07,2.5499999999999998,,
150,0.0090000000000000011,301.16328411671788,301.16328380594774,3.1077013318281388e-07,2.5499999999999998,,
150,0.01,301.16865328051375,301.16865300500092,2.7551283210414113e-07,2.5499999999999998,,
150,0.010999999999999999,301.17599437273134,301.175994172034,2.0069734318894916e-07,2.5499999999999856,,
150,0.012,301.18591772152047,301.18591764996609,7.1554381975147408e-08,2.549999999994891,,
150,0.013000000000000001,301.19917582454303,301.19917595311631,-1.2857327646997874e-07,2.5499999990604141,,
150,0.014,301.21667685738879,301.2166772715405,-4.141517138123163e-07,2.5499999071832593,,
150,0.014999999999999999,301.23949081029383,301.23949160129752,-7.9100368566287216e-07,2.549995060261494,,
150,0.016,301.26884487321814,301.26884612385589,-1.2506377515819622e-06,2.549857270911835,,
150,0.017000000000000001,301.30610607545628,301.3061078460189,-1.7705626191855117e-06,2.5477286756613964,,
150,0.018000000000000002,301.35275214950559,301.352754475724,-2.3262184072336822e-06,2.5295815048260351,,
150,0.019,301.41033548462684,301.4103383862564,-2.901629557072738e-06,2.4415713401892787,,
150,0.02,301.48044819291698,301.48045169361365,-3.5006966641049075e-06,2.1847136270249465,,
160,0,301.15159849839716,301.15159827058267,2.2781449615649763e-07,2.5499999999999998,,
160,0.001,301.15169095877093,301.15169072465824,2.3411269012285629e-07,2.5499999999999998,,
160,0.002,301.15198015260847,301.15197990770855,2.4489992256349069e-07,2.5499999999999998,,
160,0.0030000000000000001,301.15250253948028,301.15250227767382,2.6180646273132879e-07,2.5499999999999998,,
160,0.0040000000000000001,301.15332230831109,301.15332202503919,2.8327190193522256e-07,2.5499999999999998,,
160,0.0050000000000000001,301.15453657029639,301.15453626346732,3.0682906526635634e-07,2.5499999999999998,,
160,0.0060000000000000001,301.15628272271869,301.15628239381516,3.289035248599248e-07,2.5499999999999998,,
160,0.0070000000000000001,301.15874802053634,301.15874767597523,3.4456110142855323e-07,2.5499999999999998,,
160,0.0080000000000000002,301.16218131450307,301.16218096727647,3.4722660302577424e-07,2.5499999999999998,,
160,0.0090000000000000011,301.16690675803216,301.16690642962516,3.2840699759617564e-07,2.5499999999999998,,
160,0.01,301.17333902493561,301.17333874737375,2.7756186682381667e-07,2.5499999999999998,,
160,0.010999999999999999,301.1819992013518,301.18199901893013,1.8242167243442964e-07,2.5499999999999132,,
160,0.012,301.19353003497076,301.19353000485239,3.0118371796561405e-08,2.5499999999788994,,
160,0.013000000000000001,301.20870872394818,301.20870891460817,-1.9065998912992654e-07,2.549999997148535,,
160,0.014,301.22845507399973,301.22845556102118,-4.8702145249990281e-07,2.5499997849306837,,
160,0.014999999999999999,301.25383288642132,301.2538337461533,-8.5973198338251677e-07,2.549990912548358,,
160,0.016,301.2860430968376,301.28604439875761,-1.3019200082453608e-06,2.5497831565665567,,
160,0.017000000000000001,301.32640854553841,301.32641034602756,-1.8004891444434179e-06,2.5470360704544839,,
160,0.018000000000000002,301.37635212053669,301.37635446060079,-2.3400640998261224e-06,2.5262151679326825,,
160,0.019,301.43737182463599,301.43737473016859,-2.9055325967419776e-06,2.4330806580843829,,
160,0.02,301.51101733495796,301.51102083256364,-3.4976056895175134e-06,2.1737667430226861,,
170,0,301.15231024257326,301.15230996333008,2.7924318146688165e-07,2.5499999999999998,,
170,0.001,301.15243143547895,301.15243115003074,2.8544820906972745e-07,2.5499999999999998,,
170,0.002,301.15280892332959,301.15280862744498,2.9588460392915295e-07,2.5499999999999998,,
170,0.0030000000000000001,301.15348547981102,301.15348516782723,3.1198379701891099e-07,2.5499999999999998,,
170,0.0040000000000000001,301.15453588736636,301.15453555550653,3.318598373880377e-07,2.5499999999999998,,
170,0.0050000000000000001,301.156072188846,301.15607183624564,3.5260035247119959e-07,2.5499999999999998,,
170,0.0060000000000000001,301.15825103657897,301.15825066650899,3.7006998354627285e-07,2.5499999999999998,,
170,0.0070000000000000001,301.16128306988583,301.1612826912006,3.7868522895223578e-07,2.5499999999999998,,
170,0.0080000000000000002,301.16544413651485,301.16544376527855,3.7123629681445891e-07,2.5499999999999998,,
170,0.0090000000000000011,301.17108798776309,301.17108764888889,3.3887420158862369e-07,2.5499999999999998,,
170,0.01,301.17865981789117,301.1786595464859,2.7140526981384028e-07,2.5499999999999985,,
170,0.010999999999999999,301.18870970421614,301.1887095461866,1.5802953612364945e-07,2.5499999999995837,,
170,0.012,301.20190468675025,301.20190469818203,-1.14317799670971e-08,2.5499999999257104,,
170,0.013000000000000001,301.21903799643951,301.21903824139963,-2.4496011974406429e-07,2.5499999923591714,,
170,0.014,301.2410339186211,301.24103446549429,-5.4687319561708136e-07,2.5499995461525891,,
170,0.014999999999999999,301.26894707818229,301.26894799488952,-9.16707222131663e-07,2.5499843653039429,,
170,0.016,301.30395560765163,301.30395695644887,-1.3487972410075599e-06,2.549685045977657,,
170,0.017000000000000001,301.34734864440821,301.34735047774319,-1.8333349771637586e-06,2.5462374685705207,,
170,0.018000000000000002,301.40050969126099,301.40051204943205,-2.358171059313463e-06,2.522700142667285,,
170,0.019,301.46489824352159,301.46490115435677,-2.9108351782269892e-06,2.4247289869725894,,
170,0.02,301.54203241279572,301.54203590650599,-3.4937102668664011e-06,2.1632156487044631,,
180,0,301.15323089629072,301.15323056223781,3.3405291333110654e-07,2.5499999999999998,,
180,0.001,301.15338557874639,301.1533852387272,3.4001919857473695e-07,2.5499999999999998,,
180,0.002,301.15386565821228,301.1538653085488,3.4966348039233708e-07,2.5499999999999998,,
180,0.0030000000000000001,301.15472027555006,301.15471991134268,3.6420738069864456e-07,2.5499999999999998,,
180,0.0040000000000000001,301.15603480483054,301.15603442340819,3.814223532572214e-07,2.5499999999999998,,
180,0.0050000000000000001,301.15793602337487,301.1579356254278,3.9794707618057146e-07,2.5499999999999998,,
180,0.0060000000000000001,301.16059924443687,301.16059883528743,4.0914943610914634e-07,2.5499999999999998,,
180,0.0070000000000000001,301.16425724480308,301.16425683579081,4.0901227293943521e-07,2.5499999999999998,,
180,0.0080000000000000002,301.16921068876366,301.1692102986338,3.9012985553199542e-07,2.5499999999999998,,
180,0.0090000000000000011,301.17583957169546,301.17583922779005,3.4390541259199381e-07,2.5499999999999998,,
180,0.01,301.18461499313253,301.18461473211141,2.6102111405634787e-07,2.5499999999999923,,
180,0.010999999999999999,301.19611035173375,301.19611021952136,1.3221239214544767e-07,2.5499999999983127,,
180,0.012,301.2110108844534,301.21101093514892,-5.0695518893917324e-08,2.5499999997711846,,
180,0.013000000000000001,301.23012041563652,301.23012070929582,-2.9365929776759003e-07,2.5499999815534777,,
180,0.014,301.25436430392324,301.25436490337199,-5.9944875374640105e-07,2.5499991144790339,,
180,0.014999999999999999,301.284787915224,301.28478888223049,-9.6700648555270163e-07,2.5499745704161092,,
180,0.016,301.32255049497633,301.32255188639971,-1.3914233818468347e-06,2.5495595062577596,,
180,0.017000000000000001,301.36891497995236,301.36891684464553,-1.8646931607690931e-06,2.5453334095658198,,
180,0.018000000000000002,301.42523493218789,301.4252373091328,-2.3769449057908787e-06,2.5190557882692022,,
180,0.019,301.49294021722937,301.49294313579765,-2.9185682706156513e-06,2.4165163949186899,,
180,0.02,301.57352239302168,301.57352663558265,-4.2425609763085959e-06,2.1530255419309339,,
190,0,301.15439266948943,301.15439227754729,3.919421374121157e-07,2.5499999999999998,,
190,0.001,301.15458560170339,301.15458520495145,3.9675194329902297e-07,2.5499999999999998,,
190,0.002,301.15518252420708,301.15518211914684,4.0506023424313753e-07,2.5499999999999998,,
190,0.0030000000000000001,301.15623882970954,301.15623841252273,4.1718681131897029e-07,2.5499999999999998,,
190,0.0040000000000000001,301.15785020021417,301.15784976961453,4.3059964127678541e-07,2.5499999999999998,,
190,0.0050000000000000001,301.16015756291415,301.16015712131878,4.4159537537780125e-07,2.5499999999999998,,
190,0.0060000000000000001,301.16335383542241,301.16335339018201,4.452404027688317e-07,2.5499999999999998,,
190,0.0070000000000000001,301.16769221926336,301.16769178389404,4.3536931570997695e-07,2.5499999999999998,,
190,0.0080000000000000002,301.17349567364641,301.17349526893872,4.047076913593628e-07,2.5499999999999998,,
190,0.0090000000000000011,301.18116705096986,301.18116670579457,3.4517529456934426e-07,2.5499999999999998,,
190,0.01,301.19119921891104,301.19119897051331,2.4839772549967165e-07,2.5499999999999647,,
190,0.010999999999999999,301.20418436110236,301.20418425470945,1.0639291758707259e-07,2.5499999999940672,,
190,0.012,301.22082157772877,301.22082166547074,-8.774196658123401e-08,2.549999999370701,,
190,0.013000000000000001,301.24192193442644,301.24192227388079,-3.394543455215171e-07,2.5499999592292348,,
190,0.014,301.26841022428084,301.26841087602958,-6.5174873498108354e-07,2.5499983831550344,,
190,0.014999999999999999,301.30132270072198,301.30132372027066,-1.01954867659515e-06,2.5499605617107681,,
190,0.016,301.34179906736125,301.34180049600002,-1.4286387681750057e-06,2.5494033670684986,,
190,0.017000000000000001,301.39106346480753,301.39106534790722,-1.8830996850738302e-06,2.5443255064849786,,
190,0.018000000000000002,301.45038314459225,301.45038552611538,-2.381523131589347e-06,2.515299327891662,,
190,0.019,301.52099251209529,301.52099534437917,-2.8322838829808461e-06,2.4084416451991859,,
190,0.02,301.60398927892766,301.60399242444635,-3.1455186899620458e-06,2.1431665885202285,,
200,0,301.15582740043266,301.15582695039774,4.5003491777606541e-07,2.5499999999999998,,
200,0.001,301.1560632208836,301.15606276660714,4.5427646000462119e-07,2.5499999999999998,,
200,0.002,301.15679081936383,301.15679035854083,4.6082300286798272e-07,2.5499999999999998,,
200,0.0030000000000000001,301.15807156917066,301.15807109932314,4.6984752088974346e-07,2.5499999999999998,,
200,0.0040000000000000001,301.16001093211412,301.16001045350396,4.7861016128081246e-07,2.5499999999999998,,
200,0.0050000000000000001,301.16276309819222,301.16276261499365,4.8319856205125689e-07,2.5499999999999998,,
200,0.0060000000000000001,301.16653722679263,301.16653674824647,4.7854615559117519e-07,2.5499999999999998,,
200,0.0070000000000000001,301.17160500518594,301.17160454667584,4.5851010099795531e-07,2.5499999999999998,,
200,0.0080000000000000002,301.17830912689482,301.17830871084396,4.160508524364559e-07,2.5499999999999998,,
200,0.0090000000000000011,301.18707217289142,301.18707182934406,3.4354735589658958e-07,2.5499999999999998,,
200,0.01,301.19840526554566,301.19840503217864,2.3336701815424021e-07,2.549999999999863,,
200,0.010999999999999999,301.21291576736598,301.21291568846141,7.8904577094363049e-08,2.5499999999815097,,
200,0.012,301.23131319413494,301.23131331841932,-1.2428438367351191e-07,2.5499999984288602,,
200,0.013000000000000001,301.25441232081374,301.25441269998635,-3.7917260442554834e-07,2.5499999164327258,,
200,0.014,301.28313201717765,301.28313270715108,-6.8997343305454706e-07,2.5499972105599298,,
200,0.014999999999999999,301.31848751826857,301.31848857894857,-1.0606800060486421e-06,2.5499412750101702,,
200,0.016,301.36157282101664,301.36157430663519,-1.4856185543976608e-06,2.5492137713718832,,
200,0.017000000000000001,301.41352973466343,301.41353166940888,-1.9347454554008436e-06,2.5432161948374321,,
200,0.018000000000000002,301.47550252477043,301.47550487589797,-2.3511275344390015e-06,2.5114460389330042,,
200,0.019,301.5485831194992,301.54858581054293,-2.6910437327387626e-06,2.4005026132436353,,
200,0.02,301.63375971838616,301.63376269296288,-2.9745767164968129e-06,2.1336126546525462,,
210,0,301.15756574837775,301.15756524040972,5.0796802497643512e-07,2.5499999999999998,,
210,0.001,301.15784886421653,301.15784835270881,5.1150772151231649e-07,2.5499999999999998,,
210,0.002,301.15872023569881,301.15871971978805,5.1591075589385582e-07,2.5499999999999998,,
210,0.0030000000000000001,301.16024682674345,301.16024630548606,5.2125739102848456e-07,2.5499999999999998,,
210,0.0040000000000000001,301.16254317736269,301.16254265267662,5.2468607236733078e-07,2.5499999999999998,,
210,0.0050000000000000001,301.16577566340618,301.16577514122491,5.2218126711522928e-07,2.5499999999999998,,
210,0.0060000000000000001,301.17016817134834,301.17016766269506,5.0865327239080216e-07,2.5499999999999998,,
210,0.0070000000000000001,301.17600888379911,301.17600840568872,4.7811039394218824e-07,2.5499999999999998,,
210,0.0080000000000000002,301.18365776765728,301.183657343677,4.2398028199386317e-07,2.5499999999999998,,
210,0.0090000000000000011,301.19355424503681,301.19355390547912,3.3955768685700605e-07,2.5499999999999967,,
210,0.01,301.2062244009735,301.20622418257722,2.1839628061570693e-07,2.5499999999995215,,
210,0.010999999999999999,301.22228692239304,301.2222868679828,5.4410236316471128e-08,2.5499999999480525,,
210,0.012,301.24245673869081,301.24245689691691,-1.5822610066607012e-07,2.5499999963908655,,
210,0.013000000000000001,301.26754502642558,301.26754545095042,-4.2452484194654971e-07,2.5499998394785854,,
210,0.014,301.29845390300642,301.29845464874143,-7.4573500796759618e-07,2.5499954168771244,,
210,0.014999999999999999,301.33616397182595,301.33616508619087,-1.1143649203404493e-06,2.5499155708179209,,
210,0.016,301.38171328146797,301.38171479336,-1.5118920373424771e-06,2.5489882038859828,,
210,0.017000000000000001,301.43616765643827,301.43616956790737,-1.9114690985588823e-06,2.5420085216348052,,
210,0.018000000000000002,301.50058485124009,301.50058713642898,-2.2851888843433699e-06,2.5075094488078786,,
210,0.019,301.57597798594827,301.57598060107296,-2.6151246856898069e-06,2.3926965830936977,,
210,0.02,301.663285919972,301.66328882707626,-2.9071042604300601e-06,2.1243408200855161,,
220,0,301.15963654360291,301.15963597892056,5.6468235243301024e-07,2.5499999999999998,,
220,0.001,301.15997105145345,301.15997048404046,5.6741299658824573e-07,2.5499999999999998,,
220,0.002,301.16099833435925,301.16099776499146,5.6936778491945006e-07,2.5499999999999998,,
220,0.0030000000000000001,301.16279048290824,301.16278991232161,5.705866215066635e-07,2.5499999999999998,,
220,0.0040000000000000001,301.16547031302861,301.16546974485016,5.6817845006662537e-07,2.5499999999999998,,
220,0.0050000000000000001,301.16921521155137,301.16921465338424,5.5816713029344101e-07,2.5499999999999998,,
220,0.0060000000000000001,301.17426221088181,301.17426167524445,5.3563735491479747e-07,2.5499999999999998,,
220,0.0070000000000000001,301.18091397132002,301.18091347638665,4.9493337428430095e-07,2.5499999999999998,,
220,0.0080000000000000002,301.18954523911958,301.18954480922446,4.2989512394342455e-07,2.5499999999999998,,
220,0.0090000000000000011,301.20060922094871,301.20060888685191,3.3409679645046708e-07,2.5499999999999883,,
220,0.01,301.21464316403956,301.21464296293112,2.0110843479415053e-07,2.5499999999984952,,
220,0.010999999999999999,301.23227225362785,301.23227222866365,2.496420847819536e-08,2.5499999998666296,,
220,0.012,301.25421075162978,301.25421095050416,-1.9887437474608305e-07,2.5499999922869674,,
220,0.013000000000000001,301.2812591591159,301.28125963097062,-4.7185471885313746e-07,2.5499997085379267,,
220,0.014,301.31429620224083,301.31429699241613,-7.901753065198136e-07,2.5499927821291384,,
220,0.014999999999999999,301.35426477360733,301.35426591700076,-1.1433934332671924e-06,2.5498822578909071,,
220,0.016,301.40215175115975,301.40215326639037,-1.515230621862429e-06,2.5487245015827074,,
220,0.017000000000000001,301.45896288266721,301.45896476907382,-1.8864066078094766e-06,2.540705971241831,,
220,0.018000000000000002,301.5256954482569,301.52569768703694,-2.2387800413525838e-06,2.5035015251667594,,
220,0.019,301.60331272780871,301.60331528749748,-2.5596887667234114e-06,2.3850204531461414,,
220,0.02,301.69272481343586,301.69272766655956,-2.8531237035167578e-06,2.1153309011554033,,
230,0,301.16206635488811,301.16206573567536,6.1921275573695311e-07,2.5499999999999998,,
230,0.001,301.16245599327567,301.16245537221039,6.2106528275762685e-07,2.5499999999999998,,
230,0.002,301.16365023646273,301.16364961607525,6.2038748183113057e-07,2.5499999999999998,,
230,0.0030000000000000001,301.16572579568373,301.16572517844179,6.1724193756163004e-07,2.5499999999999998,,
230,0.0040000000000000001,301.1688129005168,301.1688122917206,6.0879619923071004e-07,2.5499999999999998,,
230,0.0050000000000000001,301.17309870321589,301.17309811203182,5.9118406170455273e-07,2.5499999999999998,,
230,0.0060000000000000001,301.17883171486477,301.17883115521613,5.5964864031921024e-07,2.5499999999999998,,
230,0.0070000000000000001,301.18632692945869,301.18632642074175,5.0871693701992626e-07,2.5499999999999998,,
230,0.0080000000000000002,301.19597117388565,301.19597074145344,4.3243221625743899e-07,2.5499999999999998,,
230,0.0090000000000000011,301.20822809131033,301.20822776662033,3.2469000643686741e-07,2.5499999999999612,,
230,0.01,301.22364202822655,301.22364184846145,1.7976509525396978e-07,2.5499999999956962,,
230,0.010999999999999999,301.24283996996013,301.24283997684529,-6.8851591095153708e-09,2.5499999996834797,,
230,0.012,301.26653059423035,301.26653083177894,-2.3754859057589783e-07,2.5499999845235748,,
230,0.013000000000000001,301.295499548718,301.29550005979178,-5.1107377885273308e-07,2.5499994961644412,,
230,0.014,301.33060028085697,301.33060110281781,-8.2196083894814365e-07,2.5499890455999434,,
230,0.014999999999999999,301.37274021771486,301.37274137800767,-1.1602928111642541e-06,2.5498401161990358,,
230,0.016,301.42286281826097,301.42286433100691,-1.5127459391806042e-06,2.54842085079629,,
230,0.017000000000000001,301.48192691105766,301.48192877560035,-1.8645426962393685e-06,2.539312324474055,,
230,0.018000000000000002,301.55088558959312,301.55088779165857,-2.2020654455445765e-06,2.4994328526743956,,
230,0.019,301.63066749401526,301.63067000932921,-2.5153139517897216e-06,2.3774708829399822,,
230,0.02,301.72216330400931,301.72216611271386,-2.8087045507163566e-06,2.1065649975536527,,
240,0,301.16487923641142,301.16487856554602,6.7086540411764872e-07,2.5499999999999998,,
240,0.001,301.16532735673519,301.16532668492505,6.7181014173911535e-07,2.5499999999999998,,
240,0.002,301.16669843623595,301.16669776781748,6.6841846546594752e-07,2.5499999999999998,,
240,0.0030000000000000001,301.16907326657036,301.16907260577898,6.6079138605346088e-07,2.5499999999999998,,
240,0.0040000000000000001,301.17258857130219,301.17258792514133,6.4616085637680953e-07,2.5499999999999998,,
240,0.0050000000000000001,301.17743993963649,301.1774393188781,6.2075838513919734e-07,2.5499999999999998,,
240,0.0060000000000000001,301.18388558351336,301.18388500353808,5.7997527846964658e-07,2.5499999999999998,,
240,0.0070000000000000001,301.19225055743669,301.19225003885344,5.1858324923159671e-07,2.5499999999999998,,
240,0.0080000000000000002,301.20293096663465,301.20293053557668,4.310579697630601e-07,2.5499999999999994,,
240,0.0090000000000000011,301.21639757694703,301.21639726490776,3.1203927619571914e-07,2.5499999999998764,,
240,0.01,301.23319814355523,301.23319798660037,1.5695485444666701e-07,2.5499999999886862,,
240,0.010999999999999999,301.25395772029026,301.25395775750724,-3.721697794389911e-08,2.5499999992989371,,
240,0.012,301.27937623227189,301.27937650341255,-2.7114066369904322e-07,2.5499999706182486,,
240,0.013000000000000001,301.31022273246356,301.31022327490064,-5.4243707836576505e-07,2.5499991658368892,,
240,0.014,301.3473260501209,301.3473268954757,-8.4535480482372805e-07,2.5499839065852483,,
240,0.014999999999999999,301.39156198284059,301.39156315386623,-1.1710256444530387e-06,2.5497879182778767,,
240,0.016,301.44383774611453,301.44383925446982,-1.5083552966643765e-06,2.5480757746548326,,
240,0.017000000000000001,301.50507498264778,301.50507682811843,-1.8454706491866091e-06,2.5378315460828609,,
240,0.018000000000000002,301.57619311133931,301.57619528284761,-2.1715082993978285e-06,2.4953127938561801,,
240,0.019,301.65809501335735,301.65809749162491,-2.4782675609458238e-06,2.3700444003034544,,
240,0.02,301.7516579099107,301.75165966716014,-1.7572494357409596e-06,2.0980271443448562,,
250,0,301.16809654673125,301.16809583029385,7.1643739829596598e-07,2.5499999999999998,,
250,0.001,301.16860608730161,301.16860536848242,7.1881919438965269e-07,2.5499999999999998,,
250,0.002,301.17016262829611,301.17016191559003,7.1270608259510482e-07,2.5499999999999998,,
250,0.0030000000000000001,301.17285046720264,301.17284976669856,7.0050407430244377e-07,2.5499999999999998,,
250,0.0040000000000000001,301.17681184701246,301.17681116745348,6.7955897975480184e-07,2.5499999999999998,,
250,0.0050000000000000001,301.18224939780248,301.18224875154118,6.4626129869793658e-07,2.5499999999999998,,
250,0.0060000000000000001,301.18942919485585,301.18942859859379,5.9626205484164529e-07,2.5499999999999998,,
250,0.0070000000000000001,301.19868407190626,301.19868354715612,5.2475013490038691e-07,2.5499999999999998,,
250,0.0080000000000000002,301.21041672939799,301.21041630256707,4.2683092260631383e-07,2.5499999999999976,,
250,0.0090000000000000011,301.2251020941406,301.22510179612192,2.9801867640344426e-07,2.5499999999996423,,
250,0.01,301.24328833463886,301.24328819980872,1.348301452708256e-07,2.5499999999723908,,
250,0.010999999999999999,301.26559593764318,301.26559600218894,-6.4545758959866362e-08,2.5499999985390285,,
250,0.012,301.29271433180764,301.29271463129885,-2.9949120516903349e-07,2.5499999468796086,,
250,0.013000000000000001,301.32539573944604,301.32539630579021,-5.6634416978340596e-07,2.5499986705914517,,
250,0.014,301.3644463786452,301.3644472384301,-8.5978490460547619e-07,2.5499770263212103,,
250,0.014999999999999999,301.41071651291577,301.41071768742358,-1.1745078154490329e-06,2.5497244483304184,,
250,0.016,301.4650956442062,301.46509713626563,-1.4920594253453601e-06,2.5476881139629342,,
250,0.017000000000000001,301.52853218393523,301.5285339790459,-1.7951106769942271e-06,2.5362676960709849,,
250,0.018000000000000002,301.60211809508081,301.6021202599515,-2.164870693377452e-06,2.4911496332786167,,
250,0.019,301.68728300182573,301.68728583177426,-2.8299485279603687e-06,2.3627374784276429,,
250,0.02,301.78608056171078,301.78608452663639,-3.9649256109441922e-06,2.0897025296747556,,
260,0,301.17173677597191,301.17173601539037,7.6058154263591859e-07,2.5499999999999998,,
260,0.001,301.17231023804453,301.172309476034,7.6201052934266045e-07,2.5499999999999998,,
260,0.002,301.17405954592789,301.17405879286844,7.5305945301806787e-07,2.5499999999999998,,
260,0.0030000000000000001,301.17707190529836,301.17707116909162,7.3620674356789095e-07,2.5499999999999998,,
260,0.0040000000000000001,301.18149407611924,301.18149336718267,7.0893656811676919e-07,2.5499999999999998,,
260,0.0050000000000000001,301.18753432000443,301.1875336521328,6.6787163177650655e-07,2.5499999999999998,,
260,0.0060000000000000001,301.19546477257484,301.19546416354711,6.0902772247573012e-07,2.5499999999999998,,
260,0.0070000000000000001,301.20562389626713,301.20562336812429,5.2814283435509424e-07,2.5499999999999998,,
260,0.0080000000000000002,301.2184185905831,301.21841816946124,4.2112185383302858e-07,2.5499999999999892,,
260,0.0090000000000000011,301.23432548586408,301.23432520129978,2.8456429390644189e-07,2.5499999999990379,,
260,0.01,301.25389094990732,301.25389083376695,1.1614037020990509e-07,2.5499999999369245,,
260,0.010999999999999999,301.27772945724058,301.27772954272507,-8.548448704459588e-08,2.5499999971157248,,
260,0.012,301.30652036664685,301.30652068712044,-3.2047358899944811e-07,2.5499999080376421,,
260,0.013000000000000001,301.34100416826686,301.341004753243,-5.8497613508734503e-07,2.5499979518098055,,
260,0.014,301.38198144790573,301.38198231399292,-8.6608719129799283e-07,2.5499680308932278,,
260,0.014999999999999999,301.43032157154897,301.43032271844169,-1.1468927141322638e-06,2.5496485187194913,,
260,0.016,301.48699258775974,301.4869940243824,-1.4366226537276816e-06,2.547257004013598,,
260,0.017000000000000001,301.55312561415133,301.55312741814021,-1.8039888800558401e-06,2.5346248607424071,,
260,0.018000000000000002,301.63012018840163,301.6301225552449,-2.3668432618251245e-06,2.4869507055482516,,
260,0.019,301.71977817536532,301.71978138454091,-3.2091755883811857e-06,2.3555465874175399,,
260,0.02,301.82442856445289,301.82443290767498,-4.3432220877548389e-06,2.0815783554209086,,
270,0,301.17581541414864,301.17581461391643,8.0023221471492434e-07,2.5499999999999998,,
270,0.001,301.17645484945888,301.17645404874378,8.007150995581469e-07,2.5499999999999998,,
270,0.002,301.17840287981795,301.1784020908587,7.8895925526012434e-07,2.5499999999999998,,
270,0.0030000000000000001,301.18174902206385,301.18174825450632,7.6755753752877354e-07,2.5499999999999998,,
270,0.0040000000000000001,301.18664356661657,301.18664283240577,7.342108006014314e-07,2.5499999999999998,,
270,0.0050000000000000001,301.1932990521122,301.1932983662125,6.8589969259846839e-07,2.5499999999999998,,
270,0.0060000000000000001,301.20199200054606,301.20199138138003,6.1916603044664953e-07,2.5499999999999998,,
270,0.0070000000000000001,301.2130646085173,301.21306407811505,5.3040224656797363e-07,2.5499999999999994,,
270,0.0080000000000000002,301.22692605431934,301.22692563820959,4.161097422183957e-07,2.5499999999999705,,
270,0.0090000000000000011,301.24405311957122,301.2440528463722,2.7319902073941194e-07,2.5499999999975977,,
270,0.01,301.26499001255763,301.26498991287485,9.9682779364229646e-08,2.5499999998641285,,
270,0.010999999999999999,301.29034774217121,301.29034784598639,-1.0381518222857267e-07,2.5499999945738705,,
270,0.012,301.32080428247008,301.32080461476198,-3.3229190421479871e-07,2.5499998468328431,,
270,0.013000000000000001,301.3571081820624,301.35710875919818,-5.7713577916729264e-07,2.5499969382117644,,
270,0.014,301.40009003009709,301.40009086348226,-8.3338517242736998e-07,2.5499565149056069,,
270,0.014999999999999999,301.45068756913719,301.4506886826789,-1.1135417139485071e-06,2.5495589837574304,,
270,0.016,301.50998989626879,301.50999135406209,-1.4577933029613632e-06,2.5467818492168033,,
270,0.017000000000000001,301.57930259913917,301.57930452748741,-1.9283482401988294e-06,2.5329070997776331,,
270,0.018000000000000002,301.66022831266753,301.66023089841354,-2.5857460173028812e-06,2.4827225083184583,,
270,0.019,301.75474780090553,301.75475126004841,-3.4591428743624419e-06,2.348468225198538,,
270,0.02,301.86527945545129,301.8652840172702,-4.5618189119522867e-06,2.0736431190980262,,
280,0,301.18034492407605,301.18034408892356,8.3515249116317136e-07,2.5499999999999998,,
280,0.001,301.18105194150252,301.18105110676487,8.3473764789232519e-07,2.5499999999999998,,
280,0.002,301.18320332971126,301.18320250937023,8.2034102888428606e-07,2.5499999999999998,,
280,0.0030000000000000001,301.18689035026892,301.18688955554978,7.9471914204987115e-07,2.5499999999999998,,
280,0.0040000000000000001,301.19226590846301,301.19226515262238,7.5584063097267062e-07,2.5499999999999998,,
280,0.0050000000000000001,301.19954561358787,301.19954491255197,7.0103590132930549e-07,2.5499999999999998,,
280,0.0060000000000000001,301.20900899753406,301.20900837028262,6.2725143834541086e-07,2.5499999999999998,,
280,0.0070000000000000001,301.22100068620244,301.22100015482175,5.3138069233682472e-07,2.5499999999999994,,
280,0.0080000000000000002,301.2359313706894,301.23593095991208,4.1077731793848216e-07,2.5499999999999186,,
280,0.0090000000000000011,301.25427860322975,301.25427833922464,2.6400510932944599e-07,2.5499999999943594,,
280,0.01,301.27658780911736,301.27658771748099,9.1636366050806828e-08,2.5499999997223335,,
280,0.010999999999999999,301.30347450794022,301.303474611529,-1.0358877489125007e-07,2.5499999902232919,,
280,0.012,301.33562955271435,301.33562987106347,-3.1834912306294427e-07,2.5499997535760657,,
280,0.013000000000000001,301.37383005222574,301.37383060504089,-5.5281515187743935e-07,2.549995545089772,,
280,0.014,301.41895915809022,301.41895997449672,-8.1640649796099751e-07,2.5499420456953872,,
280,0.014999999999999999,301.47203751296934,301.47203864515774,-1.1321884016979311e-06,2.5494547508300958,,
280,0.016,301.53426732779241,301.53426886372375,-1.5359313465523883e-06,2.546262296927682,,
280,0.017000000000000001,301.60708661903834,301.6070886877834,-2.068745061478694e-06,2.5311184063049383,,
280,0.018000000000000002,301.69222667708755,301.69222944204495,-2.7649574008137279e-06,2.4784708015172052,,
280,0.019,301.79176177338286,301.79176541471475,-3.6413318866834743e-06,2.3414989538413846,,
280,0.02,301.90813831592493,301.90814302966771,-4.7137427827692591e-06,2.0658862945731635,,
290,0,301.18533486073051,301.18533399537131,8.6535919763264246e-07,2.5499999999999998,,
290,0.001,301.1861106588446,301.18610979472902,8.6411557731480571e-07,2.5499999999999998,,
290,0.002,301.18846883309277,301.18846798580842,8.4728435467695817e-07,2.5499999999999998,,
290,0.0030000000000000001,301.19250190558409,301.19250108780386,8.1778023286460666e-07,2.5499999999999998,,
290,0.0040000000000000001,301.19836465856901,301.19836388471646,7.73852548263676e-07,2.5499999999999998,,
290,0.0050000000000000001,301.20627491242988,301.20627419914268,7.1328719286611886e-07,2.5499999999999998,,
290,0.0060000000000000001,301.21651447216954,301.21651383841242,6.3375711079061148e-07,2.5499999999999998,,
290,0.0070000000000000001,301.22943019393233,301.22942966067637,5.3325595672504278e-07,2.549999999999998,,
290,0.0080000000000000002,301.24543525604224,301.24543484548872,4.1055352539842715e-07,2.5499999999997911,,
290,0.0090000000000000011,301.26501097135355,301.2650107058725,2.6548104870016687e-07,2.5499999999874903,,
290,0.01,301.28870985974726,301.28870976104304,9.8704219908540836e-08,2.549999999458799,,
290,0.010999999999999999,301.3171611762387,301.31716126560889,-8.9370189471082995e-08,2.5499999830551041,,
290,0.012,301.35108055092712,301.35108085160346,-3.0067633360886248e-07,2.5499996156922267,,
290,0.013000000000000001,301.39128564134353,301.39128618350986,-5.4216633316173102e-07,2.5499936738040994,,
290,0.014,301.4387194597623,301.43872028786365,-8.2810134927058243e-07,2.5499241678849178,,
290,0.014999999999999999,301.49448207094258,301.49448325152571,-1.1805831263700384e-06,2.549334789024607,,
290,0.016,301.55986956806333,301.55987119551452,-1.6274511835945304e-06,2.5456982114843067,,
290,0.017000000000000001,301.63641683227451,301.63641902969488,-2.1974203718855279e-06,2.5292626773649429,,
290,0.018000000000000002,301.7259381263371,301.72594103972312,-2.913386026648368e-06,2.4742006942267887,,
290,0.019,301.8305578860618,301.83056167232223,-3.786260435845179e-06,2.3346354252013786,,
290,0.02,301.95272396446728,301.95272879614674,-4.8316794618585845e-06,2.0582982740197053,,
300,0,301.19079222350194,301.19079133249062,8.9101132516589132e-07,2.5499999999999998,,
300,0.001,301.19163767063009,301.1916367815931,8.8903698269859888e-07,2.5499999999999998,,
300,0.002,301.19420511992564,301.19420424983463,8.700910143488727e-07,2.5499999999999998,,
300,0.0030000000000000001,301.19858803989365,301.19858720255962,8.3733402789221145e-07,2.5499999999999998,,
300,0.0040000000000000001,301.20494268557479,301.20494189611838,7.8945640780148096e-07,2.5499999999999998,,
300,0.0050000000000000001,301.21348879476477,301.21348806986509,7.2489967806177447e-07,2.5499999999999998,,
300,0.0060000000000000001,301.22451057515491,301.22450993298145,6.4217346107398043e-07,2.5499999999999998,,
300,0.0070000000000000001,301.23835809299129,301.23835755286183,5.4012946293369168e-07,2.5499999999999932,,
300,0.0080000000000000002,301.25544933759505,301.25544891950909,4.1808596051851055e-07,2.5499999999994971,,
300,0.0090000000000000011,301.27627347481615,301.27627319917843,2.7563771709537832e-07,2.5499999999736382,,
300,0.01,301.30139608951231,301.30139597751463,1.1199767868674826e-07,2.5499999989892426,,
300,0.010999999999999999,301.33146748588945,301.3314675610572,-7.5167747581872391e-08,2.5499999716419435,,
300,0.012,301.36723525457239,301.3672355458184,-2.9124601041985443e-07,2.5499994172621654,,
300,0.013000000000000001,301.4095621862096,301.40956273232194,-5.4611234645562945e-07,2.5499912115452381,,
300,0.014,301.45945008125545,301.45945093613682,-8.5488136392086744e-07,2.5499024080923545,,
300,0.014999999999999999,301.5180690106929,301.51807024807687,-1.2373839695101196e-06,2.5491981354845668,,
300,0.016,301.58679019202197,301.58679190805844,-1.7160364791379834e-06,2.5450896491407042,,
300,0.017000000000000001,301.66721909891072,301.66722141110404,-2.3121933168113173e-06,2.5273436926512751,,
300,0.018000000000000002,301.7612241124196,301.76122715402749,-3.0416078971029492e-06,2.4699167210009456,,
300,0.019,301.87095539504202,301.87095930527084,-3.9102288269532437e-06,2.327874392694949,,
300,0.02,301.99884815799669,301.99885401491747,-5.8569207794789691e-06,2.0508702675094215,,
310,0,301.19672220252323,301.19672128762477,9.1489846454351209e-07,2.5499999999999998,,
310,0.001,301.19763798236778,301.19763707178572,9.1058205953231663e-07,2.5499999999999998,,
310,0.002,301.20041671969568,301.20041582962534,8.9007033921006951e-07,2.5499999999999998,,
310,0.0030000000000000001,301.20515275685011,301.20515190175689,8.5509321934296167e-07,2.5499999999999998,,
310,0.0040000000000000001,301.21200384055771,301.21200303578104,8.0477667552258936e-07,2.5499999999999998,,
310,0.0050000000000000001,301.22119194402501,301.22119120590804,7.3811696665870841e-07,2.5499999999999998,,
310,0.0060000000000000001,301.23300456829088,301.23300391413369,6.5415719063821598e-07,2.5499999999999998,,
310,0.0070000000000000001,301.24779674754717,301.24779619548474,5.5206243132488453e-07,2.5499999999999816,,
310,0.0080000000000000002,301.26599413366074,301.26599370265927,4.3100146740471246e-07,2.5499999999988545,,
310,0.0090000000000000011,301.28809771258329,301.28809742283045,2.8975284749321872e-07,2.5499999999469631,,
310,0.01,301.31469087056342,301.31469074456533,1.2599809906532755e-07,2.5499999981838886,,
310,0.010999999999999999,301.34644961776621,301.34644968241855,-6.4652340370230377e-08,2.5499999540226912,,
310,0.012,301.38415670996761,301.38415699975474,-2.8978712407479179e-07,2.5499991385770309,,
310,0.013000000000000001,301.42872009568487,301.42872065675959,-5.610747280115902e-07,2.549988031356909,,
310,0.014,301.48119541503263,301.48119630799914,-8.9296651140102767e-07,2.5498762796429419,,
310,0.014999999999999999,301.54281066839445,301.5428119688259,-1.3004314496356528e-06,2.5490438997533706,,
310,0.016,301.61498683105094,301.61498864094307,-1.8098921259479539e-06,2.5444368343623869,,
310,0.017000000000000001,301.69933760260477,301.69934004508332,-2.442478546527127e-06,2.5253650997934067,,
310,0.018000000000000002,301.79761487886361,301.79761801583493,-3.1369713155982026e-06,2.4656229089305759,,
310,0.019,301.91156338425196,301.91156711162932,-3.7273773614288075e-06,2.3212127173829082,,
310,0.02,302.0426953561032,302.04269944617999,-4.0900767999119125e-06,2.0435943029805106,,
320,0,301.20312931168968,301.20312837709616,9.3459351546698599e-07,2.5499999999999998,,
320,0.001,301.20411610804967,301.20411517808992,9.2995975364829064e-07,2.5499999999999998,,
320,0.002,301.2071082290567,301.20710732047672,9.0857997747662012e-07,2.5499999999999998,,
320,0.0030000000000000001,301.21220106079448,301.21220018837505,8.7241943447224912e-07,2.5499999999999998,,
320,0.0040000000000000001,301.21955424334669,301.21955342240688,8.2093981745856581e-07,2.5499999999999998,,
320,0.0050000000000000001,301.22939277568275,301.22939202220459,7.5347816164139658e-07,2.5499999999999998,,
320,0.0060000000000000001,301.24200880284235,301.24200813355128,6.6929106878887978e-07,2.5499999999999994,,
320,0.0070000000000000001,301.2577643653155,301.25776379785651,5.6745898291410413e-07,2.5499999999999554,,
320,0.0080000000000000002,301.27709550542556,301.27709505883445,4.4659111608780222e-07,2.5499999999975191,,
320,0.0090000000000000011,301.30051822904255,301.30051792471761,3.0432494213528116e-07,2.5499999998976901,,
320,0.01,301.32863686708185,301.32863673023888,1.3684297073268681e-07,2.5499999968494529,,
320,0.010999999999999999,301.36215528638843,301.36215534758264,-6.119421414041426e-08,2.5499999275728396,,
320,0.012,301.40189100495013,301.40189130175821,-2.9680808211196563e-07,2.5499987557182,,
320,0.013000000000000001,301.44879127988253,301.44879186117913,-5.8129660374106606e-07,2.5499839924038805,,
320,0.014,301.50394823319982,301.50394916841321,-9.352133929496631e-07,2.5498452871600055,,
320,0.014999999999999999,301.56860678521076,301.56860817003792,-1.3848271578353888e-06,2.5488712663800928,,
320,0.016,301.6441552778482,301.6441572111533,-1.9333051000103296e-06,2.5437401377317879,,
320,0.017000000000000001,301.73208691307127,301.73208944176082,-2.5286895493081829e-06,2.5233304047726168,,
320,0.018000000000000002,301.8339250749504,301.83392815118555,-3.0762351457269688e-06,2.4613228365076649,,
320,0.019,301.95112007813367,301.95112358027677,-3.5021431017412397e-06,2.3146473716178559,,
320,0.02,302.08494447824768,302.08494830693303,-3.8286853509816865e-06,2.0364629468357558,,
330,0,301.21001861956762,301.2100176659946,9.5357302143384004e-07,2.5499999999999998,,
330,0.001,301.2110772864558,301.2110763376495,9.4880630285842926e-07,2.5499999999999998,,
330,0.002,301.21428546168295,301.21428453460419,9.2707875865016831e-07,2.5499999999999998,,
330,0.0030000000000000001,301.2197399248634,301.21973903437049,8.9049291318588075e-07,2.5499999999999998,,
330,0.0040000000000000001,301.22760286567399,301.227602027008,8.3866598288295791e-07,2.5499999999999998,,
330,0.0050000000000000001,301.23810335416158,301.23810258315035,7.7101122997191851e-07,2.5499999999999998,,
330,0.0060000000000000001,301.25153967375695,301.25153898708624,6.8667071673189639e-07,2.5499999999999985,,
330,0.0070000000000000001,301.26828279414434,301.26828220977023,5.8437410643819021e-07,2.5499999999998959,,
330,0.0080000000000000002,301.28878131848876,301.28878085624063,4.6224812422224204e-07,2.5499999999948662,,
330,0.0090000000000000011,301.31356823156813,301.31356791405898,3.1750914786243811e-07,2.549999999810058,,
330,0.01,301.34326962498659,301.34326947922636,1.457602252230572e-07,2.5499999947066185,,
330,0.010999999999999999,301.37861516534252,301.37861522572985,-6.0387321809685091e-08,2.5499998888623594,,
330,0.012,301.42044926168506,301.42044957446956,-3.1278449341698433e-07,2.5499982401741064,,
330,0.013000000000000001,301.46974059878909,301.4697412256682,-6.2687911395187257e-07,2.5499789404603344,,
330,0.014,301.5275860779214,301.52758709341219,-1.0154907954529335e-06,2.5498089309372918,,
330,0.014999999999999999,301.5952038297433,301.59520530700888,-1.4772655845263216e-06,2.548679496058857,,
330,0.016,301.67390991657004,301.67391190409091,-1.9875208749908779e-06,2.5430000556205892,,
330,0.017000000000000001,301.76507584764721,301.76507835038285,-2.502735640064202e-06,2.5212429663432645,,
330,0.018000000000000002,301.87006956959237,301.87007254534933,-2.9757569564026198e-06,2.4570196851650699,,
330,0.019,301.99018986586009,301.99019324286655,-3.3770064646887477e-06,2.3081754414474407,,
330,0.02,302.12660995875302,302.12661367363103,-3.7148780052120856e-06,2.0294693307148917,,
340,0,301.21739674330621,301.21739577025335,9.7305286317350692e-07,2.5499999999999998,,
340,0.001,301.21852842090937,301.21852745264067,9.6826869366850588e-07,2.5499999999999998,,
340,0.002,301.22195621470371,301.22195526820303,9.4650067694601603e-07,2.5499999999999998,,
340,0.0030000000000000001,301.22777873805535,301.22777782817991,9.0987543899245793e-07,2.5499999999999998,,
340,0.0040000000000000001,301.23616148498218,301.23616062697039,8.58011787840951e-07,2.5499999999999998,,
340,0.0050000000000000001,301.24733866686734,301.24733787660529,7.902620495769952e-07,2.5499999999999998,,
340,0.0060000000000000001,301.26161602816069,301.26161532255099,7.0560969334110268e-07,2.5499999999999958,,
340,0.0070000000000000001,301.27937484208928,301.27937423965005,6.024392291692493e-07,2.5499999999997685,,
340,0.0080000000000000002,301.30107725474312,301.30107677662448,4.7811863623792306e-07,2.5499999999898018,,
340,0.0090000000000000011,301.3272730000412,301.32727267168752,3.283536784692842e-07,2.5499999996595006,,
340,0.01,301.3586071875003,301.35860704100827,1.4649202739747125e-07,2.5499999913625877,,
340,0.010999999999999999,301.39582831954232,301.3958283961764,-7.6634080414805794e-08,2.5499998335035023,,
340,0.012,301.43979493398365,301.4397952853538,-3.5137014720021398e-07,2.5499975585040966,,
340,0.013000000000000001,301.49147842208595,301.49147910783506,-6.8574911438190611e-07,2.5499727085926756,,
340,0.014,301.55195894874788,301.55196002924095,-1.080493063909671e-06,2.5497667110232833,,
340,0.014999999999999999,301.62241145626467,301.62241298102805,-1.5247633768922242e-06,2.548467925542758,,
340,0.016,301.7040799212441,301.70408191729257,-1.9960484678449575e-06,2.5422171916546854,,
340,0.017000000000000001,301.79824053104272,301.79824299607088,-2.465028160258953e-06,2.5191059935725688,,
340,0.018000000000000002,301.90615785051568,301.90616075372458,-2.9032088946223666e-06,2.4527162844767174,,
340,0.019,302.02904130538303,302.02904459627825,-3.2908952221077925e-06,2.3017941243985662,,
340,0.02,302.16801100682829,302.16801463943358,-3.632605285019963e-06,2.0226071203422102,,
350,0,301.22527241933352,301.22527142544192,9.9389160368446028e-07,2.5499999999999998,,
350,0.001,301.22647858036845,301.2264775912268,9.8914165391761344e-07,2.5499999999999998,,
350,0.002,301.23013055676705,301.23012958930093,9.6746612143761013e-07,2.5499999999999998,,
350,0.0030000000000000001,301.23632922429988,301.23632829334503,9.3095485453886795e-07,2.5499999999999998,,
350,0.0040000000000000001,301.24524405569338,301.24524317657119,8.7912218305064016e-07,2.5499999999999998,,
350,0.0050000000000000001,301.25711522848229,301.25711441740685,8.1107543792313663e-07,2.5499999999999998,,
350,0.0060000000000000001,301.27225672060774,301.27225599530738,7.253003673213243e-07,2.5499999999999905,,
350,0.0070000000000000001,301.29106045744169,301.29105983811331,6.19328375250916e-07,2.5499999999995064,,
350,0.0080000000000000002,301.31400146191464,301.31400097256358,4.893510663350753e-07,2.5499999999804945,,
350,0.0090000000000000011,301.34164373579415,301.34164340583789,3.2995626497722697e-07,2.5499999994088682,,
350,0.01,301.37464624833274,301.37464611404664,1.342860969089088e-07,2.5499999862784919,,
350,0.010999999999999999,301.41376794869672,301.41376805373346,-1.0503674729989143e-07,2.5499997559913354,,
350,0.012,301.45987023337085,301.45987062741159,-3.9404073959303787e-07,2.5499966720564933,,
350,0.013000000000000001,301.51391494820012,301.51391568308401,-7.3488388352416223e-07,2.5499651180053355,,
350,0.014,301.57695600545338,301.57695712890194,-1.1234485555178253e-06,2.5497181309686332,,
350,0.014999999999999999,301.65012326248961,301.65012481069016,-1.5482005437661428e-06,2.5482359665667729,,
350,0.016,301.73459854192151,301.73460053309992,-1.9911784079340578e-06,2.5413922399617817,,
350,0.017000000000000001,301.83158545066323,301.83158788161302,-2.4309497916874534e-06,2.5169225457592028,,
350,0.018000000000000002,301.94227657529319,301.94227942229168,-2.8469984840739926e-06,2.448415151810531,,
350,0.019,302.06782308511367,302.06782630918173,-3.2240680525319476e-06,2.2955007264554497,,
350,0.02,302.20931214283132,302.20931570986892,-3.5670375950758171e-06,2.0158704490824566,,
360,0,301.23365657265867,301.23365555598269,1.0166759807361814e-06,2.5499999999999998,,
360,0.001,301.2349389887699,301.23493797681942,1.0119504736394447e-06,2.5499999999999998,,
360,0.002,301.23882057293855,301.23881958263746,9.9030108913211734e-07,2.5499999999999998,,
360,0.0030000000000000001,301.24540476675639,301.24540381309026,9.5366613095393404e-07,2.5499999999999998,,
360,0.0040000000000000001,301.25486542863109,301.25486452736874,9.0126235363641172e-07,2.5499999999999998,,
360,0.0050000000000000001,301.26744904014561,301.26744820843101,8.3171460119046969e-07,2.5499999999999994,,
360,0.0060000000000000001,301.28347780165944,301.28347705881259,7.4284685069869738e-07,2.5499999999999781,,
360,0.0070000000000000001,301.30335353389165,301.30335290242272,6.3146893580778851e-07,2.5499999999989935,,
360,0.0080000000000000002,301.32756215374673,301.327561660475,4.9327172746416181e-07,2.5499999999639673,,
360,0.0090000000000000011,301.35667826667759,301.35667794368686,3.2299072927344241e-07,2.5499999990035418,,
360,0.01,301.39136912997384,301.39136901499239,1.1498144658617093e-07,2.5499999787315279,,
360,0.010999999999999999,301.43239694023225,301.43239707594813,-1.3571587942351471e-07,2.5499996495401009,,
360,0.012,301.48061817044641,301.48061860237186,-4.3192545717829489e-07,2.5499955367463114,,
360,0.013000000000000001,301.53697864314626,301.53697941594874,-7.7280247978706029e-07,2.5499559790187507,,
360,0.014,301.60250329137591,301.60250444406734,-1.1526914249770925e-06,2.5496627012073962,,
360,0.014999999999999999,301.6782801980923,301.67828175898137,-1.5608890748808335e-06,2.5479831039804735,,
360,0.016,301.76543948794097,301.76544147054602,-1.9826050561277953e-06,2.5405259701333716,,
360,0.017000000000000001,301.86512881320709,301.8651312142664,-2.401059305157105e-06,2.5146955341539985,,
360,0.018000000000000002,301.97848824738998,301.97849104774781,-2.8003578336210921e-06,2.4441185271059562,,
360,0.019,302.10662804111274,302.1066312095611,-3.1684483587923751e-06,2.2892926595843575,,
360,0.02,302.25061264027914,302.25061613974117,-3.4994620250472508e-06,2.0092538696559816,,
370,0,301.24256182794096,301.24256078724727,1.0406936894469254e-06,2.5499999999999998,,
370,0.001,301.24392245490753,301.24392141869902,1.0362085163251322e-06,2.5499999999999998,,
370,0.002,301.24803955806277,301.24803854393406,1.0141287134501908e-06,2.5499999999999998,,
370,0.0030000000000000001,301.25501923925646,301.2550182627291,9.7652736030795495e-07,2.5499999999999998,,
370,0.0040000000000000001,301.26503977431059,301.26503885202408,9.2228651737968903e-07,2.5499999999999998,,
370,0.0050000000000000001,301.27835372698712,301.27835287737702,8.4961010315964813e-07,2.5499999999999994,,
370,0.0060000000000000001,301.29529078431108,301.29529002839593,7.5591515269479714e-07,2.5499999999999532,,
370,0.0070000000000000001,301.31626111528635,301.31626047750717,6.3777918057894567e-07,2.5499999999980223,,
370,0.0080000000000000002,301.34175890785349,301.34175841681002,4.9104346544481814e-07,2.5499999999355314,,
370,0.0090000000000000011,301.37236555311392,301.3723652419535,3.1116042009671219e-07,2.54999999836522,,
370,0.01,301.4087517491314,301.40875165528956,9.3841833859187318e-08,2.5499999677718623,,
370,0.010999999999999999,301.45167763789027,301.45167780188848,-1.6399820879087201e-07,2.5499995059184242,,
370,0.012,301.50199003393135,301.50199049697449,-4.630431362784293e-07,2.5499941028950479,,
370,0.013000000000000001,301.56061592253627,301.5606167226606,-8.0012432590592653e-07,2.549945092147798,,
370,0.014,301.62855176621065,301.62855293367033,-1.1674596862576436e-06,2.549599942060393,,
370,0.014999999999999999,301.70684886838495,301.7068504261714,-1.5577864473925729e-06,2.5477088932771705,,
370,0.016,301.79659644124308,301.79659841592576,-1.9746826751543267e-06,2.5396192138128111,,
370,0.017000000000000001,301.89890676128061,301.89890917059421,-2.4093135948533018e-06,2.512427725001424,,
370,0.018000000000000002,302.01491053565798,302.01491334295144,-2.8072934696865559e-06,2.4398284033739452,,
370,0.019,302.14577132554655,302.14577449123806,-3.1656915098210447e-06,2.2831674389154575,,
370,0.02,302.29271855553839,302.29272215405075,-3.5985123645332351e-06,2.0027524510061427,,
380,0,301.25200155557934,301.25200049035431,1.0652250352904957e-06,2.5499999999999998,,
380,0.001,301.25344237019823,301.2534413097535,1.0604447311379772e-06,2.5499999999999998,,
380,0.002,301.25780089118479,301.25779985376664,1.0374181442784902e-06,2.5499999999999998,,
380,0.0030000000000000001,301.26518575066689,301.26518475261651,9.9805038189515471e-07,2.5499999999999998,,
380,0.0040000000000000001,301.27577931110795,301.27577837012313,9.4098481895343866e-07,2.5499999999999998,,
380,0.0050000000000000001,301.28983953046037,301.28983866627715,8.6418322098325007e-07,2.5499999999999976,,
380,0.0060000000000000001,301.3077023539106,301.30770158898969,7.6492091238833382e-07,2.5499999999999012,,
380,0.0070000000000000001,301.32978436600717,301.32978372614286,6.3986431086959783e-07,2.5499999999962437,,
380,0.0080000000000000002,301.35658531114046,301.35658482582136,4.8531910579185933e-07,2.5499999998880067,,
380,0.0090000000000000011,301.38868995671686,301.38868965900656,2.9771030085612438e-07,2.5499999973842584,,
380,0.01,301.42676866128812,301.42676858705261,7.4235515512555139e-08,2.549999952174677,,
380,0.010999999999999999,301.47157596484595,301.47157615149752,-1.8665156176211894e-07,2.549999315287474,,
380,0.012,301.52394660504325,301.52394709042909,-4.8538583996560192e-07,2.5499923151366084,,
380,0.013000000000000001,301.58478866911162,301.5847894903556,-8.2124398659289e-07,2.5499322492555669,,
380,0.014,301.65507421492265,301.65507540453905,-1.1896163982783037e-06,2.5495293863523072,,
380,0.014999999999999999,301.73582867353031,301.73583025194739,-1.5784170841470768e-06,2.5474129576392737,,
380,0.016,301.82812149757677,301.82812346982149,-1.9722447177628055e-06,2.5386728527780988,,
380,0.017000000000000001,301.93306123770282,301.93306360279882,-2.365096008816181e-06,2.5101217436043757,,
380,0.018000000000000002,302.05179751516931,302.05180028242546,-2.7672561486724589e-06,2.4355465536063865,,
380,0.019,302.18552955634465,302.18553274884954,-3.1925048915582011e-06,2.2771226803130173,,
380,0.02,302.33551687997704,302.33552053840202,-3.6584249869520136e-06,1.9963614419295819,,
390,0,301.26198875213043,301.26198766278026,1.0893501780628867e-06,2.5499999999999998,,
390,0.001,301.2635115915154,301.26351050734763,1.0841677635653468e-06,2.5499999999999998,,
390,0.002,301.26811694647859,301.26811588659086,1.0598877224765602e-06,2.5499999999999998,,
390,0.0030000000000000001,301.27591566802471,301.27591464973074,1.0182939718106354e-06,2.5499999999999998,,
390,0.0040000000000000001,301.28709360614687,301.28709264826949,9.5787737564023701e-07,2.5499999999999998,,
390,0.0050000000000000001,301.30191312718603,301.30191225069149,8.7649453917038045e-07,2.5499999999999954,,
390,0.0060000000000000001,301.32071496666231,301.32071419520406,7.714582466178399e-07,2.5499999999998009,,
390,0.0070000000000000001,301.34392012659384,301.34391948689603,6.3969781649575452e-07,2.5499999999930911,,
390,0.0080000000000000002,301.37203143120922,301.37203095319796,4.7801125901969499e-07,2.5499999998106886,,
390,0.0090000000000000011,301.40563427806353,301.40563399464912,2.834144083863066e-07,2.5499999959103969,,
390,0.01,301.44539609501447,301.44539604136492,5.3649557685275795e-08,2.5499999303876724,,
390,0.010999999999999999,301.49206408106187,301.49206429314,-2.1207813460932812e-07,2.5499990660446255,,
390,0.012,301.54646101798107,301.54646153029165,-5.1231057796030655e-07,2.5499901123861557,,
390,0.013000000000000001,301.60947931907953,301.60948016199916,-8.4291963275973103e-07,2.5499172347504446,,
390,0.014,301.68207400143132,301.68207519900301,-1.1975716915912926e-06,2.5494505816549564,,
390,0.014999999999999999,301.76525579306156,301.76525736273248,-1.5696709283474775e-06,2.5470949846634809,,
390,0.016,301.86008586477084,301.86008782001392,-1.9552430785552133e-06,2.5376878084305194,,
390,0.017000000000000001,301.96767341376989,301.96767576830661,-2.3545367184851784e-06,2.507780079054521,,
390,0.018000000000000002,302.08917637501207,302.08917914530809,-2.7702960210262972e-06,2.431274554483891,,
390,0.019,302.2258041075097,302.22580731124373,-3.2037340247370594e-06,2.271156098940561,,
390,0.02,302.37881961599396,302.37882328283644,-3.6668424741037597e-06,1.9900763849177303,,
400,0,301.27253506174492,301.27253394983978,1.1119051350760856e-06,2.5499999999999998,,
400,0.001,301.27414150165396,301.27414039544851,1.1062054454669124e-06,2.5499999999999998,,
400,0.002,301.27899828109662,301.27899720074345,1.0803531722558546e-06,2.5499999999999998,,
400,0.0030000000000000001,301.28721804556005,301.28721700946897,1.0360910778217658e-06,2.5499999999999998,,
400,0.0040000000000000001,301.2989893843291,301.29898841244761,9.7188149084104225e-07,2.5500000000000003,,
400,0.0050000000000000001,301.31457795957505,301.31457707396009,8.8561495203975937e-07,2.5499999999999905,,
400,0.0060000000000000001,301.33432780450795,301.33432702975932,7.7474862791859778e-07,2.5499999999996121,,
400,0.0070000000000000001,301.3586625131984,301.35866187668347,6.3651492610006244e-07,2.549999999987659,,
400,0.0080000000000000002,301.38808598613019,301.38808551789521,4.6823498678350006e-07,2.5499999996879774,,
400,0.0090000000000000011,301.42318237341624,301.42318210565992,2.6775632022690843e-07,2.5499999937416646,,
400,0.01,301.46461489647692,301.46461486249234,3.3984576930379262e-08,2.5499999004739764,,
400,0.010999999999999999,301.51312335182632,301.51312358445193,-2.3262560944203869e-07,2.5499987446728909,,
400,0.012,301.56952031598109,301.56952084587255,-5.2989145160609041e-07,2.5499874278632633,,
400,0.013000000000000001,301.63468635578573,301.63468721004426,-8.5425853058040957e-07,2.5498998267986499,,
400,0.014,301.70956483613315,301.70956603780428,-1.2016711252726964e-06,2.5493630921966886,,
400,0.014999999999999999,301.79515709775501,301.79515866640742,-1.5686524079683295e-06,2.5467547229347525,,
400,0.016,301.89251873235986,301.89252068541629,-1.9530564259184757e-06,2.5366650325785827,,
400,0.017000000000000001,302.00275734209038,302.00275969614017,-2.3540497977592167e-06,2.5054050892663913,,
400,0.018000000000000002,302.12703158190993,302.12703435307969,-2.7711697612176067e-06,2.4270138071867668,,
400,0.019,302.26655063392752,302.26655383708453,-3.2031570071922033e-06,2.2652655032143678,,
400,0.02,302.42257282817405,302.42257648942115,-3.6612470921681961e-06,1.983893132596704,,
410,0,301.28365011704358,301.28364898507903,1.1319645523144573e-06,2.5499999999999998,,
410,0.001,301.28534140256329,301.28534027688039,1.1256828997829871e-06,2.5499999999999998,,
410,0.002,301.29045318688503,301.2904520887987,1.0980863294207666e-06,2.5499999999999998,,
410,0.0030000000000000001,301.29909944248635,301.29909839155039,1.0509359640309412e-06,2.5499999999999998,,
410,0.0040000000000000001,301.31147071448044,301.31146973172582,9.8275461368757533e-07,2.5499999999999989,,
410,0.0050000000000000001,301.32783487324264,301.32783398166418,8.915784519558656e-07,2.5499999999999798,,
410,0.0060000000000000001,301.34853790858091,301.34853713343216,7.75148748743959e-07,2.549999999999268,,
410,0.0070000000000000001,301.37400452900221,301.37400389783392,6.311682909654337e-07,2.5499999999785499,,
410,0.0080000000000000002,301.40473830260265,301.40473784496811,4.5763454181724228e-07,2.5499999994976541,,
410,0.0090000000000000011,301.44132108905762,301.44132083584861,2.532090093154693e-07,2.5499999906115272,,
410,0.01,301.48441157690013,301.48441155935211,1.7548018149682321e-08,2.5499998600522384,,
410,0.010999999999999999,301.53474286035316,301.53474310887719,-2.4852403157638037e-07,2.5499983356045774,,
410,0.012,301.59311915344495,301.59311969655215,-5.4310720543071511e-07,2.5499841891833346,,
410,0.013000000000000001,301.66041191320733,301.66041277680097,-8.6359364104282577e-07,2.5498797985490445,,
410,0.014,301.73755577657539,301.73755698377494,-1.207199545660842e-06,2.5492665004060786,,
410,0.014999999999999999,301.82554474905976,301.82554632050295,-1.5714431924607197e-06,2.5463919783580207,,
410,0.016,301.92542897581569,301.92543093018332,-1.954367633061338e-06,2.5356054993178492,,
410,0.017000000000000001,302.03831217855765,302.03831453295857,-2.35440091955752e-06,2.5029990065313101,,
410,0.018000000000000002,302.16534951384932,302.16535228375392,-2.7699045972440217e-06,2.422765556166822,,
410,0.019,302.30774530788307,302.30774850658753,-3.1987044621928362e-06,2.2594487889298684,,
410,0.02,302.46674997112711,302.46675362276528,-3.6516381669571274e-06,1.9778078020082286,,
420,0,301.29534123284429,301.29534008397627,1.1488680229376769e-06,2.5499999999999998,,
420,0.001,301.29711825999345,301.29711711801201,1.14198144274269e-06,2.5499999999999998,,
420,0.002,301.30248758541984,301.30248647282696,1.1125928836008825e-06,2.5499999999999998,,
420,0.0030000000000000001,301.31156405937628,301.3115629968359,1.0625403774611186e-06,2.5499999999999998,,
420,0.0040000000000000001,301.32453945886056,301.32453846836046,9.9050009794154903e-07,2.5499999999999989,,
420,0.0050000000000000001,301.34168291312631,301.34168201835809,8.9476822040523984e-07,2.5499999999999594,,
420,0.0060000000000000001,301.36334128322358,301.36334050975017,7.7347340265987441e-07,2.5499999999986578,,
420,0.0070000000000000001,301.38993931017274,301.38993868534573,6.2482700968757854e-07,2.5499999999636542,,
420,0.0080000000000000002,301.42197933893254,301.42197889153448,4.4739806526195025e-07,2.5499999992086972,,
420,0.0090000000000000011,301.46004045198441,301.46004021161468,2.4036972945395974e-07,2.5499999861740772,,
420,0.01,301.50477690951556,301.50477690579925,3.7163090382819064e-09,2.5499998062336267,,
420,0.010999999999999999,301.55691588721936,301.55691614897125,-2.6175189304922242e-07,2.5499978210959573,,
420,0.012,301.61725461142873,301.61725516593162,-5.545028898268356e-07,2.5499803184960581,,
420,0.013000000000000001,301.68665708842775,301.68665796095411,-8.725263569431263e-07,2.5498569193319764,,
420,0.014,301.76605067909145,301.76605189271834,-1.2136268878748524e-06,2.5491604081607795,,
420,0.014999999999999999,301.85642275495832,301.85642433061594,-1.5756576203784789e-06,2.5460066105052772,,
420,0.016,301.95881757737038,301.95881953398037,-1.9566099922485591e-06,2.5345101979921498,,
420,0.017000000000000001,302.07433338307141,302.07433573759727,-2.354525861392176e-06,2.5005639430655187,,
420,0.018000000000000002,302.20411947955466,302.20412224722082,-2.767666160252702e-06,2.4185309055412874,,
420,0.019,302.34937299138397,302.34937620651675,-3.2151327786777983e-06,2.2537039355240731,,
420,0.02,302.51133382823326,302.51133866076952,-4.8325362627110735e-06,1.9718167492834502,,
430,0,301.30761342143609,301.30761225790502,1.1635310670499166e-06,2.5499999999999998,,
430,0.001,301.30947676116557,301.30947560630312,1.1548624456736434e-06,2.5499999999999998,,
430,0.002,301.31510520715466,301.31510408340165,1.1237530088692438e-06,2.5499999999999998,,
430,0.0030000000000000001,301.32461409897599,301.32461302796406,1.0710119227042014e-06,2.5499999999999998,,
430,0.0040000000000000001,301.33819583879563,301.33819484328268,9.9551294852062711e-07,2.549999999999998,,
430,0.0050000000000000001,301.35612005535637,301.35611915950426,8.9585211071607773e-07,2.5499999999999234,,
430,0.0060000000000000001,301.37873366588593,301.37873289534645,7.7053948643879266e-07,2.5499999999976066,,
430,0.0070000000000000001,301.40646069845428,301.40646008024214,6.1821214103474631e-07,2.549999999939855,,
430,0.0080000000000000002,301.43980173892925,301.43980130108486,4.3784439185401425e-07,2.5499999987786133,,
430,0.0090000000000000011,301.47933289389363,301.47933266496915,2.2892447759659262e-07,2.5499999799873048,,
430,0.01,301.52570421157441,301.52570422001907,-8.4446583059616387e-09,2.5499997355569266,,
430,0.010999999999999999,301.5796375690083,301.57963784257691,-2.7356861664884491e-07,2.5499971811170901,,
430,0.012,301.64192410069967,301.64192466614918,-5.654495112139557e-07,2.5499757326736505,,
430,0.013000000000000001,301.71342128636354,301.71342216988177,-8.8351822569165961e-07,2.5498309558274292,,
430,0.014,301.79504975355007,301.79505098085917,-1.2273090987946489e-06,2.549044437747999,,
430,0.014999999999999999,301.88778931836811,301.88779090950231,-1.5911342075014545e-06,2.5455985289501069,,
430,0.016,301.9926714747171,301.99267344326677,-1.9685496681631776e-06,2.5333801270751275,,
430,0.017000000000000001,302.11075897707269,302.11076135575433,-2.378681642767333e-06,2.4981018966335093,,
430,0.018000000000000002,302.24309254300118,302.24309534793611,-2.8049349225511833e-06,2.4143108336137069,,
430,0.019,302.39058256788292,302.39058566026114,-3.0923782219360874e-06,2.2480290026872285,,
430,0.02,302.55385482733965,302.55385794883074,-3.1214910904964199e-06,1.9659166409304545,,
440,0,301.32046964807392,301.32046847452801,1.1735459111150703e-06,2.5499999999999998,,
440,0.001,301.32241959670353,301.32241843233805,1.1643654715953744e-06,2.5499999999999998,,
440,0.002,301.32830794448836,301.32830681272333,1.1317650319142558e-06,2.5499999999999998,,
440,0.0030000000000000001,301.33825021031146,301.33824913362452,1.0766869422695891e-06,2.5500000000000003,,
440,0.0040000000000000001,301.35243894855824,301.35243795033585,9.9822239008062752e-07,2.5499999999999963,,
440,0.0050000000000000001,301.37114371590906,301.37114282065437,8.9525468638385064e-07,2.5499999999998555,,
440,0.0060000000000000001,301.39471090091632,301.39471013429289,7.6662342962663388e-07,2.5499999999958378,,
440,0.0070000000000000001,301.42356331768906,301.4235627064071,6.1128196193749318e-07,2.5499999999026453,,
440,0.0080000000000000002,301.45819946898331,301.45819904056827,4.2841503500312683e-07,2.5499999981501973,,
440,0.0090000000000000011,301.49919240418069,301.49919218667844,2.1750224732386414e-07,2.5499999714944646,,
440,0.01,301.54718812428808,301.54718814581906,-2.1530979665840277e-08,2.5499996439226291,,
440,0.010999999999999999,301.6029034878531,301.60290377562228,-2.8776918270523311e-07,2.5499963932582488,,
440,0.012,301.66712346448895,301.66712404331986,-5.788309067611408e-07,2.5499703435428556,,
440,0.013000000000000001,301.74069718293822,301.74069807584084,-8.9290261939822813e-07,2.5498016731881825,,
440,0.014,301.82453123850615,301.82453247215517,-1.2336490158304514e-06,2.548918232562607,,
440,0.014999999999999999,301.91957694209424,301.91957855195761,-1.6098633750516456e-06,2.5451676896455844,,
440,0.016,302.02680601304746,302.0268080312801,-2.0182326352369273e-06,2.5322162888845874,,
440,0.017000000000000001,302.14716839185724,302.14717080323271,-2.4113754761856399e-06,2.4956147561499304,,
440,0.018000000000000002,302.28152928865285,302.28153198893625,-2.7002834031009115e-06,2.4101062057634985,,
440,0.019,302.43059216498216,302.43059499488572,-2.8299035648160498e-06,2.2424221275277483,,
440,0.02,302.59482719789696,302.59483002640332,-2.8285063535804511e-06,1.9601042349273385,,
450,0,301.33391120695967,301.33391002652718,1.1804324913100572e-06,2.5499999999999998,,
450,0.001,301.3359478451888,301.3359466743741,1.1708146985256462e-06,2.5499999999999998,,
450,0.002,301.34209625498488,301.34209511804045,1.1369444337105961e-06,2.5499999999999998,,
450,0.0030000000000000001,301.35247190079764,301.35247082091223,1.079885407762049e-06,2.5499999999999998,,
450,0.0040000000000000001,301.36726713820929,301.36726613929727,9.9891201443824684e-07,2.5499999999999923,,
450,0.0050000000000000001,301.38675103697386,301.3867501438524,8.9312146656084224e-07,2.549999999999736,,
450,0.0060000000000000001,301.41126904270902,301.41126828114449,7.6156453587827855e-07,2.5499999999929335,,
450,0.0070000000000000001,301.4412424024477,301.44124179904469,6.034030093360343e-07,2.5499999998456362,,
450,0.0080000000000000002,301.47716727099333,301.47716685287457,4.1811875917119323e-07,2.549999997247689,,
450,0.0090000000000000011,301.51961339520153,301.51961318950754,2.0569399339365191e-07,2.549999960003563,,
450,0.01,301.56922220602939,301.56922223954012,-3.3510730190755567e-08,2.5499995265266149,,
450,0.010999999999999999,301.62670396993144,301.62670426941287,-2.9948142810098943e-07,2.5499954326529264,,
450,0.012,301.69283327862229,301.69283387220327,-5.9358097814765642e-07,2.5499640581526331,,
450,0.013000000000000001,301.76844153444114,301.76844245264192,-9.1820078296223073e-07,2.5497688361072606,,
450,0.014,301.85440429849513,301.85440557105824,-1.2725631108878588e-06,2.5487814575790222,,
450,0.014999999999999999,301.95162076425049,301.95162240976373,-1.6455132367809711e-06,2.5447140914034794,,
450,0.016,302.0609828774131,302.06098488786984,-2.0104567397538631e-06,2.5310196850403783,,
450,0.017000000000000001,302.18333350336741,302.18333583064748,-2.3272800717677455e-06,2.4931043071486205,,
450,0.018000000000000002,302.31941679599447,302.31941935186234,-2.5558678657944256e-06,2.4059177858853706,,
450,0.019,302.46982866971081,302.46983134442399,-2.6747131869342411e-06,2.236881522630326,,
450,0.02,302.63497888282006,302.63498157457565,-2.6917555828731565e-06,1.9543764615791022,,
460,0,301.34793811169504,301.34793692720706,1.1844879850286816e-06,2.5499999999999998,,
460,0.001,301.35006135916859,301.35006018467135,1.1744972425731248e-06,2.5499999999999998,,
460,0.002,301.356469529707,301.35646839016647,1.139540529493388e-06,2.5499999999999998,,
460,0.0030000000000000001,301.36727786155859,301.36727678078341,1.0807751777974772e-06,2.5499999999999998,,
460,0.0040000000000000001,301.38267825232242,301.38267725469638,9.9762604577335878e-07,2.5499999999999843,,
460,0.0050000000000000001,301.40293896945781,301.40293808005953,8.8939827946887817e-07,2.5499999999995286,,
460,0.0060000000000000001,301.42840416452123,301.42840340911869,7.5540253874351038e-07,2.5499999999882643,,
460,0.0070000000000000001,301.45949310569307,301.45949251063922,5.9505384797375882e-07,2.5499999997599283,,
460,0.0080000000000000002,301.49669899698586,301.4966985891063,4.0787955413179589e-07,2.5499999959722581,,
460,0.0090000000000000011,301.5405871652008,301.54058697182541,1.9337539924890734e-07,2.5499999446651285,,
460,0.01,301.59179223645333,301.59179228567814,-4.9224809117731638e-08,2.5499993777946091,,
460,0.010999999999999999,301.65101366735416,301.65101398826795,-3.2091378443510621e-07,2.5499942719193829,,
460,0.012,301.71900864927733,301.71900927129479,-6.2201746686696424e-07,2.5499567790750231,,
460,0.013000000000000001,301.79658104844805,301.79658199841083,-9.499627822151524e-07,2.5497322098243584,,
460,0.014,301.88456486534824,301.88456616149591,-1.2961476727468835e-06,2.5486337996108679,,
460,0.014999999999999999,301.98380096971772,301.98380261353958,-1.6438218608527677e-06,2.5442377724715595,,
460,0.016,302.09510685943161,302.0951088282136,-1.9687819872160617e-06,2.5297913125757048,,
460,0.017000000000000001,302.21924097650242,302.21924321985074,-2.2433483195527515e-06,2.4905722371433558,,
460,0.018000000000000002,302.35686538830453,302.35686783153767,-2.4432331429125043e-06,2.4017462466590942,,
460,0.019,302.50851268404557,302.50851523797405,-2.5539284820297325e-06,2.2314054711725761,,
460,0.02,302.67456379562316,302.67456637670392,-2.581080764230137e-06,1.9487304387735538,,
470,0,301.36254942669211,301.36254824072853,1.1859635833388893e-06,2.5499999999999998,,
470,0.001,301.36475908284024,301.36475790718214,1.1756580988731002e-06,2.5499999999999998,,
470,0.002,301.37142636484407,301.37142522505559,1.1397884804864589e-06,2.5499999999999998,,
470,0.0030000000000000001,301.38266614433036,301.38266506472922,1.0796011338243261e-06,2.5499999999999994,,
470,0.0040000000000000001,301.39866962992767,301.39866863527726,9.946504064828332e-07,2.5499999999999714,,
470,0.0050000000000000001,301.41970395312512,301.41970306876021,8.8436490841559134e-07,2.5499999999991787,,
470,0.0060000000000000001,301.44611148309997,301.44611073500528,7.4809469197134604e-07,2.5499999999809138,,
470,0.0070000000000000001,301.47830873975289,301.47830815463544,5.85117447826633e-07,2.5499999996333336,,
470,0.0080000000000000002,301.51678469228233,301.5167842976532,3.9462912582166609e-07,2.5499999941967788,,
470,0.0090000000000000011,301.56209810719548,301.56209793139124,1.7580424582774867e-07,2.5499999244483247,,
470,0.01,301.61487343985601,301.61487351176532,-7.1909312282514293e-08,2.5499991913179914,,
470,0.010999999999999999,301.67579456379855,301.67579491187888,-3.4808033433364471e-07,2.5499928811200547,,
470,0.012,301.74559545455583,301.74559610465673,-6.5010090111172758e-07,2.5499484047311536,,
470,0.013000000000000001,301.82504688604695,301.8250478577462,-9.716992508401745e-07,2.5496915610645772,,
470,0.014,301.91493838569318,301.91493968745664,-1.3017634614698181e-06,2.5484749673919951,,
470,0.014999999999999999,302.01605524739898,302.01605687161816,-1.6242191804849426e-06,2.5437388072517342,,
470,0.016,302.12915135821197,302.12915327753689,-1.9193249158888648e-06,2.5285321606310878,,
470,0.017000000000000001,302.25491984342744,302.25492200993642,-2.1665089775524393e-06,2.4880201407988651,,
470,0.018000000000000002,302.39396478660564,302.39396713487236,-2.3482667188545747e-06,2.3975921787405503,,
470,0.019,302.546778116702,302.54678057043242,-2.4537304170735297e-06,2.2259923223717841,,
470,0.02,302.713725764093,302.71372825304371,-2.488950713086524e-06,1.9431634450967197,,
480,0,301.37774346473077,301.37774227954674,1.1851840326926322e-06,2.5499999999999998,,
480,0.001,301.38003922148124,301.38003804687236,1.1746088830477674e-06,2.5499999999999998,,
480,0.002,301.38696463938055,301.38696350143647,1.1379440820746822e-06,2.5500000000000003,,
480,0.0030000000000000001,301.39863406255307,301.39863298608839,1.0764646845018433e-06,2.549999999999998,,
480,0.0040000000000000001,301.4152377156027,301.41523672585919,9.8974351203651167e-07,2.549999999999947,,
480,0.0050000000000000001,301.43704111105637,301.4370402338709,8.7718547092663357e-07,2.5499999999986032,,
480,0.0060000000000000001,301.46438406819141,301.46438333012628,7.3806512546070735e-07,2.5499999999695611,,
480,0.0070000000000000001,301.49767916105503,301.49767858946973,5.7158530353262904e-07,2.5499999994494256,,
480,0.0080000000000000002,301.53740931982804,301.53740894281185,3.7701619248764473e-07,2.5499999917598717,,
480,0.0090000000000000011,301.58412419386735,301.58412403988012,1.5398723007820081e-07,2.5499998981156158,,
480,0.01,301.63843476046856,301.63843485747071,-9.7002157417591661e-08,2.5499989597918442,,
480,0.010999999999999999,301.70100556284865,301.70100593669525,-3.7384660345196608e-07,2.5499912277391665,,
480,0.012,301.77254393690544,301.77254460887048,-6.7196504005551105e-07,2.5499388297378851,,
480,0.013000000000000001,301.85378570554735,301.85378668907146,-9.8352410304869409e-07,2.5496466589067057,,
480,0.014,301.94547714309238,301.94547844019843,-1.2971060527888767e-06,2.5483046914987919,,
480,0.014999999999999999,302.0483535666088,302.04835516472792,-1.5981191268110706e-06,2.5432173031640746,,
480,0.016,302.16311565494567,302.16311752502673,-1.8700810642258148e-06,2.5272432076604026,,
480,0.017000000000000001,302.2904054026078,302.29040749937013,-2.0967623299839033e-06,2.4854495249133057,,
480,0.018000000000000002,302.43078428307581,302.43078654788565,-2.2648098365607439e-06,2.3934560989562073,,
480,0.019,302.58471649614455,302.58471886202216,-2.3658776058255171e-06,2.2206404883876592,,
480,0.02,302.7525610966523,302.75256233162207,-1.2349697726676823e-06,1.9376729058820725,,
490,0,301.39351775103154,301.39351657067698,1.1803545589827991e-06,2.5499999999999998,,
490,0.001,301.39589916651022,301.39589799536765,1.1711425713656354e-06,2.5499999999999998,,
490,0.002,301.40308132345325,301.40308018977606,1.1336771876813145e-06,2.5499999999999998,,
490,0.0030000000000000001,301.41517781251076,301.41517674172059,1.0707901765272254e-06,2.5499999999999967,,
490,0.0040000000000000001,301.43237745573504,301.43237647368056,9.8205447329746676e-07,2.5499999999999052,,
490,0.0050000000000000001,301.45494347134041,301.45494260447003,8.6687037992305704e-07,2.5499999999976737,,
490,0.0060000000000000001,301.48321211038336,301.48321138582497,7.2455839017493417e-07,2.5499999999523411,,
490,0.0070000000000000001,301.51759054991953,301.51758999541948,5.5450004765589256e-07,2.54999999918638,,
490,0.0080000000000000002,301.5585537431993,301.55855338682011,3.5637918927022838e-07,2.5499999884591733,,
490,0.0090000000000000011,301.60663984299185,301.60663971243349,1.3055836234343587e-07,2.5499998641961792,,
490,0.01,301.6624437489736,301.66244387037898,-1.2140537819504971e-07,2.54999867495598,,
490,0.010999999999999999,301.7266083149928,301.72660871112998,-3.9613718172404333e-07,2.5499892766781569,,
490,0.012,301.79981282572294,301.79981351346675,-6.8774380679315072e-07,2.5499279452695718,,
490,0.013000000000000001,301.88275856112972,301.88275954833023,-9.8720050800693571e-07,2.5495972755788485,,
490,0.014,301.97615171666683,301.97615299971096,-1.28304412783109e-06,2.5481227241363862,,
490,0.014999999999999999,302.08068511047395,302.08068667351142,-1.5630374718966777e-06,2.5426733976685876,,
490,0.016,302.19702368933139,302.19702549588862,-1.806557236250228e-06,2.5259254190884621,,
490,0.017000000000000001,302.32580813322204,302.32581012731941,-1.9940973743359791e-06,2.4828618131949476,,
490,0.018000000000000002,302.46770568724691,302.4677078659517,-2.1787047899124445e-06,2.3893384575896381,,
490,0.019,302.62354017511279,302.6235426748691,-2.4997563059514505e-06,2.2153484415870883,,
490,0.02,302.79449003797811,302.79449314222438,-3.1042462751429412e-06,1.9322566133167149,,
500,0,301.40986875025226,301.40986757553941,1.1747128496608639e-06,2.5499999999999998,,
500,0.001,301.41233519637751,301.41233403119287,1.1651846421045775e-06,2.5499999999999998,,
500,0.002,301.41977211194308,301.41977098517322,1.1267698596384434e-06,2.5499999999999998,,
500,0.0030000000000000001,301.43229203433248,301.43229097203118,1.0623012940413901e-06,2.549999999999994,,
500,0.0040000000000000001,301.45008184791368,301.45008087654054,9.7137314014617004e-07,2.5499999999998355,,
500,0.0050000000000000001,301.47340166118875,301.47340080772716,8.5346158584798104e-07,2.5499999999962006,,
500,0.0060000000000000001,301.50258301840381,301.50258231033428,7.0806953544888529e-07,2.5499999999266616,,
500,0.0070000000000000001,301.53802622276089,301.53802568781799,5.3494289886657498e-07,2.5499999988156068,,
500,0.0080000000000000002,301.5801964849519,301.58019615054667,3.3440522884120583e-07,2.5499999840438305,,
500,0.0090000000000000011,301.62961856496668,301.62961845717564,1.0779103831737302e-07,2.5499998209582797,,
500,0.01,301.68686957402548,301.68686971626641,-1.4224093547454686e-07,2.5499983275396274,,
500,0.010999999999999999,301.75256970274654,301.7525701146256,-4.1187905708284234e-07,2.5499869902684282,,
500,0.012,301.82737096411711,301.8273716602892,-6.9617209419448045e-07,2.5499156394303299,,
500,0.013000000000000001,301.91194483422737,301.91194582055942,-9.8633205425358028e-07,2.5495431871810039,,
500,0.014,302.00697132159803,302.00697258613582,-1.2645377864828333e-06,2.5479288388079868,,
500,0.014999999999999999,302.11313476254799,302.11313626953307,-1.5069850860527367e-06,2.5421072554478386,,
500,0.016,302.23113492350552,302.2311366359371,-1.7124315832006687e-06,2.5245797453648411,,
500,0.017000000000000001,302.36172337092268,302.36172530447175,-1.9335490719640802e-06,2.4802583508298048,,
500,0.018000000000000002,302.50577044480542,302.50577269785481,-2.2530493879457936e-06,2.3852396448946025,,
500,0.019,302.66435494925571,302.6643576818031,-2.732547386585793e-06,2.2101147132684269,,
500,0.02,302.83885106446121,302.838854443554,-3.3790927886911959e-06,1.9269122123152984,,
510,0,301.42679150167584,301.42679033562865,1.1660471841423714e-06,2.5499999999999998,,
510,0.001,301.42934211306493,301.42934095688366,1.156181269834633e-06,2.5499999999999998,,
510,0.002,301.4370310765749,301.43702995981016,1.1167647357979149e-06,2.5499999999999994,,
510,0.0030000000000000001,301.44996952680651,301.44996847613311,1.0506734042792232e-06,2.5499999999999887,,
510,0.0040000000000000001,301.46834181149342,301.46834085388861,9.5760481144679943e-07,2.5499999999997174,,
510,0.0050000000000000001,301.49240406843393,301.49240323118892,8.3724501109827543e-07,2.5499999999939087,,
510,0.0060000000000000001,301.52248201967569,301.52248133021953,6.8945615794291371e-07,2.5499999998889726,,
510,0.0070000000000000001,301.55896778155306,301.55896726707863,5.1447443638608092e-07,2.5499999983001311,,
510,0.0080000000000000002,301.60231546393942,301.60231515085405,3.1308536563301459e-07,2.5499999782062153,,
510,0.0090000000000000011,301.6530353631519,301.65303527630641,8.6845489022380207e-08,2.54999976638083,,
510,0.01,301.71168669893126,301.71168686026891,-1.6133765257109189e-07,2.5499979072102539,,
510,0.010999999999999999,301.77886920028971,301.77886962618828,-4.2589857685015886e-07,2.5499843283003507,,
510,0.012,301.85521452242114,301.85521521950898,-6.9708784167232807e-07,2.5499017976320029,,
510,0.013000000000000001,301.94137954477225,301.94138050646905,-9.6169679864033242e-07,2.5494841743357171,,
510,0.014,302.03804493068515,302.03804613977564,-1.2090904988326656e-06,2.5477228298881203,,
510,0.014999999999999999,302.14592340781269,302.14592484990925,-1.4420965612771397e-06,2.5415190657551974,,
510,0.016,302.26578209749556,302.26578378318339,-1.6856878346516169e-06,2.5232071203630135,,
510,0.017000000000000001,302.39848080678047,302.39848278748485,-1.9807043827313464e-06,2.4776404088271864,,
510,0.018000000000000002,302.54502309281804,302.5450254592713,-2.3664532591283205e-06,2.3811599969437349,,
510,0.019,302.70661033173781,302.70661319680283,-2.8650650278905232e-06,2.2049378946239377,,
510,0.02,302.88468388121453,302.88468737033458,-3.4891200471065531e-06,1.9216374352001304,,
520,0,301.444279335197,301.44427818109966,1.1540973332557769e-06,2.5499999999999998,,
520,0.001,301.4469129800882,301.44691183618147,1.1439067293395055e-06,2.5499999999999998,,
520,0.002,301.45485047598385,301.45484937243583,1.1035480156351696e-06,2.5499999999999989,,
520,0.0030000000000000001,301.46820119512302,301.46820015913096,1.0359920565861103e-06,2.5499999999999807,,
520,0.0040000000000000001,301.48714635789941,301.48714541679749,9.4110191639629193e-07,2.5499999999995291,,
520,0.0050000000000000001,301.5119373391455,301.51193652035221,8.1879329627554398e-07,2.5499999999904053,,
520,0.0060000000000000001,301.54289312426488,301.54289245505208,6.6921279540110845e-07,2.5499999998344829,,
520,0.0070000000000000001,301.58039678519214,301.5803962922094,4.9298273552267347e-07,2.5499999975927063,,
520,0.0080000000000000002,301.62489089008341,301.62489059849219,2.9159122050259612e-07,2.5499999705728666,,
520,0.0090000000000000011,301.67687189890131,301.67687183092755,6.797375817768625e-08,2.5499996981244131,,
520,0.01,301.73688387763866,301.73688405050075,-1.7286208731093211e-07,2.5499974025271643,,
520,0.010999999999999999,301.80551232418532,301.80551274787456,-4.2368924368929584e-07,2.549981248067954,,
520,0.012,301.88337952529116,301.88338020156453,-6.7627337330122828e-07,2.549886302974266,,
520,0.013000000000000001,301.97114353642087,301.97114446099812,-9.2457725031636073e-07,2.5494200227676544,,
520,0.014,302.06950332339568,302.0695044926656,-1.1692699217746849e-06,2.5475045121131834,,
520,0.014999999999999999,302.17921242518014,302.17921384660241,-1.4214222687769507e-06,2.5409090399242991,,
520,0.016,302.30110229946757,302.30110400174146,-1.7022738916239177e-06,2.5218084600837334,,
520,0.017000000000000001,302.43611416393105,302.43611620156241,-2.0376313614178798e-06,2.4750091881540377,,
520,0.018000000000000002,302.58533503238141,302.5853374826799,-2.4502984956598084e-06,2.3770998009612643,,
520,0.019,302.7500307516529,302.75003370465805,-2.953005150629906e-06,2.1998166304741145,,
520,0.02,302.93166745526219,302.93167101606667,-3.560804486824054e-06,1.916430167976374,,
530,0,301.46232377115922,301.46232263236362,1.1387955964892171e-06,2.5499999999999998,,
530,0.001,301.46503905487401,301.46503792655511,1.1283188996458193e-06,2.5499999999999994,,
530,0.002,301.473220790347,301.47321970321002,1.0871369795495411e-06,2.5499999999999985,,
530,0.0030000000000000001,301.48697627300578,301.48697525467895,1.018326827306737e-06,2.5499999999999652,,
530,0.0040000000000000001,301.50648311806515,301.50648219611639,9.2194875378481811e-07,2.5499999999992262,,
530,0.0050000000000000001,301.53198738953068,301.53198659127844,7.9825224474916467e-07,2.5499999999851357,,
530,0.0060000000000000001,301.5638008978782,301.56380024994309,6.4793511000971193e-07,2.5499999997568112,,
530,0.0070000000000000001,301.60229765330519,301.60229718083667,4.7246851408999646e-07,2.5499999966336508,,
530,0.0080000000000000002,301.64790956742866,301.64790929298192,2.7444673378340667e-07,2.5499999606946875,,
530,0.0090000000000000011,301.70112169301865,301.70112163520969,5.78089611735777e-08,2.5499996135020098,,
530,0.01,301.76246758876079,301.76246776108604,-1.7232525806321064e-07,2.5499968009001983,,
530,0.010999999999999999,301.83252577153178,301.83252618202772,-4.1049594301512116e-07,2.5499777044279508,,
530,0.012,301.91191859550611,301.91191924805281,-6.5254670289505157e-07,2.5498690366229786,,
530,0.013000000000000001,302.00131513335242,302.00131603113499,-8.9778257006400963e-07,2.5493505238148564,,
530,0.014,302.1014395386768,302.10144068959909,-1.1509222872518876e-06,2.5472737200064497,,
530,0.014999999999999999,302.21308575954066,302.21308718243233,-1.4228916711545025e-06,2.5402774090396614,,
530,0.016,302.33713827509638,302.33714000463357,-1.7295371890213573e-06,2.5203846616220509,,
530,0.017000000000000001,302.47459687029891,302.47459895882008,-2.0885211711174634e-06,2.4723658236540684,,
530,0.018000000000000002,302.62660172901565,302.62660424414753,-2.5151318823191104e-06,2.3730593002058162,,
530,0.019,302.79445387767544,302.79445689562925,-3.0179538157426578e-06,2.194749613552434,,
530,0.02,302.97962581097443,302.97962942298909,-3.6120146660323371e-06,1.9112884080142989,,
540,0,301.48091467986791,301.48091355965522,1.1202126870557549e-06,2.5499999999999998,,
540,0.001,301.48370999485161,301.48370888533248,1.1095191325694032e-06,2.5499999999999998,,
540,0.002,301.49213107447781,301.49213000673177,1.0677460409169726e-06,2.5499999999999967,,
540,0.0030000000000000001,301.50628294367095,301.50628194551956,9.9815139265047037e-07,2.5499999999999408,,
540,0.0040000000000000001,301.52633937716553,301.52633847604096,9.0112456518909312e-07,2.5499999999987542,,
540,0.0050000000000000001,301.55254099988781,301.55254022247527,7.7741253790009068e-07,2.5499999999773291,,
540,0.0060000000000000001,301.58519266067327,301.58519203231685,6.2835641756464611e-07,2.5499999996475702,,
540,0.0070000000000000001,301.62466018677497,301.62465973067594,4.5609903054355527e-07,2.5499999953483754,,
540,0.0080000000000000002,301.67136675831796,301.67136649464067,2.6367729333287571e-07,2.5499999480364166,,
540,0.0090000000000000011,301.72578933307517,301.72578927820064,5.4874533361726208e-08,2.5499995094496848,,
540,0.01,301.78845578547612,301.78845595177137,-1.6629525134703727e-07,2.5499960885538799,,
540,0.010999999999999999,301.85994365369203,301.85994405020625,-3.9651422412134707e-07,2.5499736498720211,,
540,0.012,301.94088153681309,301.94088217120981,-6.3439671293963329e-07,2.5498498781836934,,
540,0.013000000000000001,302.03195414941797,302.03195503114654,-8.8172856749224593e-07,2.5492754748741637,,
540,0.014,302.13391172545249,302.13391286974445,-1.1442919571891252e-06,2.5470303072500462,,
540,0.014999999999999999,302.24758381520576,302.2475852470202,-1.4318144394565024e-06,2.5396244217636701,,
540,0.016,302.37389657714692,302.37389833390262,-1.7567556938047346e-06,2.518936602364406,,
540,0.017000000000000001,302.51389158850048,302.51389372055371,-2.1320532255231228e-06,2.4697113877623886,,
540,0.018000000000000002,302.66874325015948,302.66874581837197,-2.5682124942250084e-06,2.3690386982996143,,
540,0.019,302.8397713514824,302.83977442206304,-3.0705806466357899e-06,2.1897355822408398,,
540,0.02,303.02844503415599,303.02844919285286,-4.1586968677620462e-06,1.9062102515333341,,
550,0,301.50004079529373,301.50003969548578,1.0998079460478039e-06,2.5499999999999998,,
550,0.001,301.50291442643129,301.502913338111,1.0883202889999666e-06,2.5499999999999998,,
550,0.002,301.5115696896591,301.51156864324582,1.0464132742526999e-06,2.5499999999999954,,
550,0.0030000000000000001,301.52610932509418,301.52610834822929,9.7686489652915043e-07,2.5499999999999012,,
550,0.0040000000000000001,301.54670334821418,301.5467024678133,8.8040087575791404e-07,2.5499999999980276,,
550,0.0050000000000000001,301.57358727885952,301.57358652066881,7.5819070843863301e-07,2.5499999999659346,,
550,0.0060000000000000001,301.60705980078961,301.60705918880524,6.1198437606435618e-07,2.5499999994958586,,
550,0.0070000000000000001,301.64748004879556,301.64747960462876,4.4416680111680762e-07,2.5499999936445961,,
550,0.0080000000000000002,301.69526484571458,301.69526458804978,2.5766479438971146e-07,2.5499999319654334,,
550,0.0090000000000000011,301.75088636210785,301.75088630647303,5.5634814088989515e-08,2.5499993824975031,,
550,0.01,301.81487082010773,301.81487097921263,-1.5910489992165822e-07,2.5499952504972261,,
550,0.010999999999999999,301.88779896539262,301.88779935027304,-3.8488042264361866e-07,2.5499690346109634,,
550,0.012,301.97030902928117,301.97030965144671,-6.2216554397309665e-07,2.5498287060673848,,
550,0.013000000000000001,302.06310273384702,302.0631036085648,-8.7471778442704817e-07,2.5491946797841893,,
550,0.014,302.16695448140973,302.16695563092156,-1.1495118314996944e-06,2.5467741460168547,,
550,0.014999999999999999,302.28272300644676,302.28272445780192,-1.4513551604977692e-06,2.5389503423161299,,
550,0.016,302.41136272120582,302.41136450208091,-1.7808750953918207e-06,2.5174651393845817,,
550,0.017000000000000001,302.55392736718954,302.55392952442918,-2.1572396349256451e-06,2.4670468940204016,,
550,0.018000000000000002,302.71155171666317,302.7115543086403,-2.5919771360349841e-06,2.365038163012295,,
550,0.019,302.88539567083217,302.88539867967984,-3.0088476705714129e-06,2.184773318979377,,
550,0.02,303.07655417761072,303.07655750952807,-3.331917355353653e-06,1.9011938389207645,,
560,0,301.51969054974597,301.51968947254727,1.0771987035695929e-06,2.5499999999999998,,
560,0.001,301.52264081240872,301.52263974659729,1.0658114319994638e-06,2.5499999999999994,,
560,0.002,301.53152525246094,301.53152422818965,1.0242712846775248e-06,2.5499999999999923,,
560,0.0030000000000000001,301.54644449505156,301.54644353951494,9.5553662049496779e-07,2.5499999999998368,,
560,0.0040000000000000001,301.56756517087143,301.56756431027935,8.6059208115329966e-07,2.5499999999969254,,
560,0.0050000000000000001,301.59511839654891,301.59511765567311,7.4087580514969886e-07,2.5499999999495264,,
560,0.0060000000000000001,301.62939785840723,301.62939726009233,5.9831489807038452e-07,2.5499999992876736,,
560,0.0070000000000000001,301.67075774426655,301.67075730901541,4.3525113824216533e-07,2.5499999914092211,,
560,0.0080000000000000002,301.71961087034134,301.71961061613291,2.5420843030588003e-07,2.5499999117399632,,
560,0.0090000000000000011,301.77642745057597,301.77642739309323,5.7482736792735523e-08,2.549999228741024,,
560,0.01,301.84173502460806,301.84173517792442,-1.5331636404880555e-07,2.5499942704996936,,
560,0.010999999999999999,301.91612004923149,301.91612042667447,-3.7744297287645168e-07,2.5499638066700081,,
560,0.012,302.00023148566657,302.00023210075631,-6.1508973203672213e-07,2.5498053978463737,,
560,0.013000000000000001,302.09478624888533,302.09478711794492,-8.6905959051364334e-07,2.5491079491477198,,
560,0.014,302.2005754503345,302.20057659835396,-1.1480194643809227e-06,2.5465051262679572,,
560,0.014999999999999999,302.318468857857,302.31847032282099,-1.4649639865638164e-06,2.5382554485961237,,
560,0.016,302.44941321574106,302.44941504236226,-1.8266212009621086e-06,2.5159711090168373,,
560,0.017000000000000001,302.59441917520229,302.59442139039186,-2.2151895677779976e-06,2.4643733004117201,,
560,0.018000000000000002,302.75453344317344,302.75453602674429,-2.5835708470367535e-06,2.3610578296331233,,
560,0.019,302.9307985512375,302.93080144903479,-2.89779728745998e-06,2.1798616483754309,,
560,0.02,303.12421071986813,303.12421390849994,-3.188631808370701e-06,1.8962374493262524,,
570,0,301.53985300349746,301.53985194917368,1.0543237749516265e-06,2.5499999999999998,,
570,0.001,301.54287837381111,301.54287733062682,1.0431842838443117e-06,2.5499999999999994,,
570,0.002,301.55198751631991,301.55198651388969,1.0024302241617988e-06,2.5499999999999861,,
570,0.0030000000000000001,301.56727925251687,301.56727831738692,9.3512994681077544e-07,2.5499999999997365,,
570,0.0040000000000000001,301.58891740689836,301.58891656449794,8.4240042497185641e-07,2.5499999999952792,,
570,0.0050000000000000001,301.61712960913303,301.61712888337377,7.257592642417876e-07,2.549999999926206,,
570,0.0060000000000000001,301.65220586143118,301.65220527435639,5.8707479411168606e-07,2.5499999990052142,,
570,0.0070000000000000001,301.69449712383545,301.69449669539409,4.2844135350605939e-07,2.5499999885048981,,
570,0.0080000000000000002,301.74441423846844,301.74441398647815,2.5199028641509358e-07,2.5499998864966744,,
570,0.0090000000000000011,301.80242755067957,301.80242749107464,5.9604928992484929e-08,2.54999904381333,,
570,0.01,301.86906755053809,301.86906769813879,-1.4760070143893245e-07,2.549993131072513,,
570,0.010999999999999999,301.94492669437443,301.94492706453292,-3.7015848874943913e-07,2.5499579119925717,,
570,0.012,302.03066220705608,302.03066281828603,-6.1122995020923554e-07,2.5497798305979158,,
570,0.013000000000000001,302.12699907295212,302.12699994958183,-8.7662971282043145e-07,2.5490151006016162,,
570,0.014,302.23473165770014,302.23473282967416,-1.1719740200533124e-06,2.5462231550363232,,
570,0.014999999999999999,302.35472170836869,302.35472320569647,-1.4973277870922175e-06,2.5375400304484854,,
570,0.016,302.48789031598039,302.48789215994663,-1.8439662312630389e-06,2.5144553265692271,,
570,0.017000000000000001,302.63520231922234,302.63520451453678,-2.1953144369035726e-06,2.4616915124863299,,
570,0.018000000000000002,302.79764378962147,302.79764632221008,-2.5325886099381023e-06,2.3570978040031876,,
570,0.019,302.97619617487572,302.97619901964163,-2.8447659019548155e-06,2.1749994348339832,,
570,0.02,303.17181312463168,303.17181626834247,-3.1437107850251778e-06,1.8913394460969615,,
580,0,301.56051861829246,301.56051758606861,1.0322238495064084e-06,2.5499999999999994,,
580,0.001,301.56361782593041,301.56361680449663,1.021433774894831e-06,2.5499999999999985,,
580,0.002,301.5729479870198,301.57294700527649,9.8174331242262269e-07,2.5499999999999776,,
580,0.0030000000000000001,301.58860650954171,301.58860559329167,9.1625003051376552e-07,2.549999999999581,,
580,0.0040000000000000001,301.61075508584298,301.61075425975639,8.2608659113247995e-07,2.5499999999928553,,
580,0.0050000000000000001,301.63961883239386,301.63961811965959,7.1273427693085978e-07,2.5499999998934668,,
580,0.0060000000000000001,301.6754853226409,301.67548474470476,5.7793613450485282e-07,2.549999998626078,,
580,0.0070000000000000001,301.71870373221805,301.71870330870428,4.2351376805527252e-07,2.5499999847662163,,
580,0.0080000000000000002,301.7696843375025,301.76968408644103,2.5106146495090798e-07,2.5499998552378398,,
580,0.0090000000000000011,301.82889857537879,301.82889851388029,6.1498496961576166e-08,2.5499988228582056,,
580,0.01,301.89687975279458,301.89687989823676,-1.4544218629453098e-07,2.549991813456534,,
580,0.010999999999999999,301.97422426257481,301.97422463408003,-3.7150522302908939e-07,2.5499512945530656,,
580,0.012,302.06159281557387,302.06159343514332,-6.1956944819030468e-07,2.5497518812346334,,
580,0.013000000000000001,302.15971079086188,302.15971168318572,-8.9232383970738738e-07,2.5489159590320893,,
580,0.014,302.26936646307337,302.26936765313599,-1.190062619116361e-06,2.5459281556891376,,
580,0.014999999999999999,302.39140578397013,302.39140729281314,-1.5088430131982022e-06,2.5368043880561508,,
580,0.016,302.52672277460709,302.52672461499452,-1.8403874264549813e-06,2.512918586174492,,
580,0.017000000000000001,302.67624551386029,302.67624768750926,-2.1736489657087077e-06,2.4590023863268402,,
580,0.018000000000000002,302.84091904210163,302.84092153977639,-2.4976747567961866e-06,2.3531581652743663,,
580,0.019,303.02168782288811,303.02169062768706,-2.8047989530932682e-06,2.1701855815983282,,
580,0.02,303.21948115261279,303.21948425663459,-3.1040218004818598e-06,1.8864982567687789,,
590,0,301.5816797360884,301.58167872438355,1.0117048532265471e-06,2.5499999999999998,,
590,0.001,301.58485180902358,301.58485080770549,1.0013180826717871e-06,2.549999999999998,,
590,0.002,301.59440020750816,301.59439924467517,9.6283298489652225e-07,2.5499999999999639,,
590,0.0030000000000000001,301.61042132846393,301.61042042913937,8.9932456148744677e-07,2.549999999999343,,
590,0.0040000000000000001,301.63307538962829,301.63307457777108,8.1185720546272933e-07,2.5499999999893337,,
590,0.0050000000000000001,301.66258586724848,301.66258516549647,7.0175201472011395e-07,2.5499999998480427,,
590,0.0060000000000000001,301.69923890079036,301.69923833035506,5.7043530432565603e-07,2.5499999981223387,,
590,0.0070000000000000001,301.74338281840198,301.74338239920382,4.1919815885194112e-07,2.5499999799955715,,
590,0.0080000000000000002,301.79542791801413,301.79542766911686,2.4889726546462043e-07,2.5499998168180569,,
590,0.0090000000000000011,301.85584656423566,301.85584650455911,5.9676551700249547e-08,2.5499985605043944,,
590,0.01,301.92517351953239,301.9251736686806,-1.4914820667399908e-07,2.5499902976156994,,
590,0.010999999999999999,302.00400622399724,302.00400660287113,-3.788738922594348e-07,2.5499438964760892,,
590,0.012,302.09300450283359,302.09300513360739,-6.3077379763853969e-07,2.5497214268198305,,
590,0.013000000000000001,302.19288898004919,302.19288988514882,-9.0509962547002942e-07,2.5488103567434153,,
590,0.014,302.30443740402268,302.3044386040703,-1.2000476203866128e-06,2.5456200671872065,,
590,0.014999999999999999,302.42847824074039,302.42847975196241,-1.5112220239643648e-06,2.5360488304604565,,
590,0.016,302.56588131659845,302.56588314844896,-1.8318505112802086e-06,2.511361660746847,,
590,0.017000000000000001,302.71754595710541,302.71754811085231,-2.1537468910537427e-06,2.4563067313287688,,
590,0.018000000000000002,302.88438781963919,302.88439028855294,-2.4689137489986024e-06,2.3492389684005572,,
590,0.019,303.0673262184776,303.0673289895945,-2.7711168968380662e-06,2.1654190297541396,,
590,0.02,303.26727393836552,303.26727700761398,-3.069248464271368e-06,1.8817123755066183,,
600,0,301.60333072490221,301.60332973155795,9.9334425840424956e-07,2.5499999999999998,,
600,0.001,301.60657498406312,301.60657400069374,9.8336937526255497e-07,2.5499999999999963,,
600,0.002,301.61633970334316,301.61633875724976,9.4609339384987834e-07,2.5499999999999412,,
600,0.0030000000000000001,301.63272061807646,301.63271973357769,8.8449877466700855e-07,2.5499999999989842,,
600,0.0040000000000000001,301.65587700836636,301.65587620889653,7.9946983078116318e-07,2.5499999999842782,,
600,0.0050000000000000001,301.68603135303039,301.68603066099803,6.9203235852910439e-07,2.5499999997857139,,
600,0.0060000000000000001,301.7234689703202,301.7234684071243,5.6319589702980011e-07,2.5499999974594991,,
600,0.0070000000000000001,301.76853772602158,301.76853731226367,4.1375790260644862e-07,2.5499999739586841,,
600,0.0080000000000000002,301.82164784931115,301.82164760518231,2.4412884158664383e-07,2.5499997699306478,,
600,0.0090000000000000011,301.88327181428423,301.88327176003253,5.4251700021268334e-08,2.549998250841246,,
600,0.01,301.95394412385491,301.95394428016186,-1.5630695315849152e-07,2.5499885622363805,,
600,0.010999999999999999,302.03426069056786,302.03426107861577,-3.8804790847279946e-07,2.5499356581613015,,
600,0.012,302.12487738059815,302.12487802163093,-6.410327841877006e-07,2.5496883448669556,,
600,0.013000000000000001,302.22650722172614,302.22650813600751,-9.1428137238835916e-07,2.5486981335821794,,
600,0.014,302.33991582488665,302.3399170301555,-1.2052688589392346e-06,2.545298843342815,,
600,0.014999999999999999,302.46591476717936,302.46591627692021,-1.5097408549991087e-06,2.5352736741988071,,
600,0.016,302.60535302903679,302.6053548509874,-1.8219506046079914e-06,2.5097853020335106,,
600,0.017000000000000001,302.75910701352569,302.75910914884878,-2.1353230863496719e-06,2.4536053128180617,,
600,0.018000000000000002,302.92807009530623,302.92807253875532,-2.4434490910607565e-06,2.3453402464216047,,
600,0.019,303.11314291951663,303.11314566063436,-2.7411177256908559e-06,2.1606987566160578,,
600,0.02,303.31522603161034,303.31522872145183,-2.6898414944298565e-06,1.8769803600311403,,
610,0,301.62546779325089,301.62546681722819,9.760227044353087e-07,2.5499999999999989,,
610,0.001,301.62878380136164,301.62878283386436,9.6749727163114585e-07,2.549999999999994,,
610,0.002,301.63876361899531,301.63876268772231,9.3127300715423189e-07,2.5499999999999057,,
610,0.0030000000000000001,301.6555025700228,301.65550169877929,8.7124351466627559e-07,2.5499999999984531,,
610,0.0040000000000000001,301.67915935239552,301.67915856431222,7.8808329817547929e-07,2.5499999999771124,,
610,0.0050000000000000001,301.70995581344232,301.70995513091844,6.8252387563916272e-07,2.5499999997010887,,
610,0.0060000000000000001,301.74817669364887,301.74817613840833,5.552405468733923e-07,2.5499999965952989,,
610,0.0070000000000000001,301.79416935818966,301.79416895146039,4.0672927070772857e-07,2.5499999663797817,,
610,0.0080000000000000002,301.84834349077948,301.84834325354763,2.3723185904600541e-07,2.5499997130938001,,
610,0.0090000000000000011,301.91117065386555,301.91117060710798,4.6757577365497127e-08,2.5499978873958984,,
610,0.01,301.98318353227313,301.98318369703662,-1.6476349173899507e-07,2.5499865847323329,,
610,0.010999999999999999,302.06497459323498,302.06497499041296,-3.9717798472338472e-07,2.5499265184127466,,
610,0.012,302.15719384214935,302.15719449178283,-6.4963347767843516e-07,2.5496525136224766,,
610,0.013000000000000001,302.26054536769794,302.26054628771328,-9.2001533857910545e-07,2.5485791370210822,,
610,0.014,302.37578253341763,302.37578373880496,-1.2053873206241406e-06,2.5449644520817478,,
610,0.014999999999999999,302.50370231726322,302.50370382082457,-1.5035613500913314e-06,2.5344792420530884,,
610,0.016,302.64514158317519,302.64514338878382,-1.8056086332762789e-06,2.5081902407456851,,
610,0.017000000000000001,302.80098418634992,302.80098628613143,-2.0997815113332763e-06,2.4508988545133095,,
610,0.018000000000000002,302.9721976830167,302.97220010966049,-2.4266437890219095e-06,2.34146201256535,,
610,0.019,303.15992041657961,303.15992329345193,-2.8768723154826148e-06,2.1560237740184021,,
610,0.02,303.36559115654273,303.36559470172756,-3.5451848248158058e-06,1.8723001749121568,,
620,0,301.64808854468532,301.64808758296203,9.6172328767352155e-07,2.5499999999999976,,
620,0.001,301.6514760274851,301.6514750740177,9.5346740636159666e-07,2.5499999999999905,,
620,0.002,301.66167017265184,301.66166925464478,9.180070605907531e-07,2.5499999999998511,,
620,0.0030000000000000001,301.67876603038843,301.67876517128201,8.5910642155795358e-07,2.5499999999976741,,
620,0.0040000000000000001,301.70292188711431,301.70292110987276,7.7724155289615737e-07,2.5499999999670688,,
620,0.0050000000000000001,301.73435907888415,301.7343584059775,6.7290665128894034e-07,2.5499999995873424,,
620,0.0060000000000000001,301.77336173537304,301.77336118882181,5.4655123449265375e-07,2.5499999954783918,,
620,0.0070000000000000001,301.82027643149394,301.8202760329624,3.9853154021329829e-07,2.5499999569364595,,
620,0.0080000000000000002,301.8755116842392,301.87551145510582,2.2913337716090609e-07,2.5499996446365825,,
620,0.0090000000000000011,301.93953718188629,301.93953714320685,3.8679445424349979e-08,2.5499974631122035,,
620,0.01,302.01288258711708,302.01288275953357,-1.7241649175048224e-07,2.5499843412551333,,
620,0.010999999999999999,302.09613575229042,302.09613615618156,-4.0389113564742729e-07,2.5499164145715234,,
620,0.012,302.18994030936796,302.1899409650257,-6.5565774320930359e-07,2.5496138123314815,,
620,0.013000000000000001,302.29499302151038,302.29499394713457,-9.2562419240493909e-07,2.5484532222053935,,
620,0.014,302.412042271941,302.41204347766961,-1.2057286085109808e-06,2.5446168747133027,,
620,0.014999999999999999,302.54189080976676,302.5418922937281,-1.4839613413641928e-06,2.5336658619022598,,
620,0.016,302.68540798756402,302.68540975146118,-1.7638971598898934e-06,2.5065771867574482,,
620,0.017000000000000001,302.8435576145983,302.84355970069851,-2.0861002099081816e-06,2.4481880408435237,,
620,0.018000000000000002,303.01744450438252,303.01744700633793,-2.5019554072969186e-06,2.3376042621693451,,
620,0.019,303.20837403691104,303.20837708276508,-3.0458540436484327e-06,2.1513931229870251,,
620,0.02,303.4179075090517,303.41791124116355,-3.7321118497857242e-06,1.8676706107414878,,
630,0,301.67119142342199,301.67119047466178,9.4876020284573315e-07,2.5499999999999972,,
630,0.001,301.67465018778194,301.67464924709316,9.4068877842801157e-07,2.5499999999999843,,
630,0.002,301.68505809935624,301.68505719360951,9.0574673095034086e-07,2.549999999999768,,
630,0.0030000000000000001,301.70250997502245,301.70250912742381,8.4759864193983958e-07,2.5499999999965466,,
630,0.0040000000000000001,301.72716371122823,301.72716294464357,7.6658466241497081e-07,2.549999999953144,,
630,0.0050000000000000001,301.75924007597013,301.75923941290279,6.6306733970122878e-07,2.5499999994359102,,
630,0.0060000000000000001,301.79902238883778,301.79902185141964,5.3741814554086886e-07,2.5499999940468654,,
630,0.0070000000000000001,301.84685604663565,301.84685565665711,3.8997853835098795e-07,2.5499999452542248,,
630,0.0080000000000000002,301.90314783175785,301.90314761075246,2.2100539354141802e-07,2.5499995626848491,,
630,0.0090000000000000011,301.9683649380961,301.96836490742879,3.0667308692500228e-08,2.5499969703314176,,
630,0.01,302.04303370289762,302.04303388356846,-1.8067083829009789e-07,2.5499818067096856,,
630,0.010999999999999999,302.12773820620629,302.12773861781579,-4.1160950559060439e-07,2.5499052826506299,,
630,0.012,302.22311927274654,302.22311993136964,-6.5862309384101536e-07,2.5495721214860505,,
630,0.013000000000000001,302.32987503615709,302.32987595246664,-9.1630954557331279e-07,2.5483202519666905,,
630,0.014,302.44876502648117,302.44876620758964,-1.18110847324715e-06,2.5442561052132344,,
630,0.014999999999999999,302.58062038848004,302.58062184663072,-1.4581506775357411e-06,2.5328338656722837,,
630,0.016,302.72636270362966,302.72636447078878,-1.7671591194812208e-06,2.504946829358734,,
630,0.017000000000000001,302.88703227194708,302.8870344094683,-2.1375212213570194e-06,2.4454735191273906,,
630,0.018000000000000002,303.06382334302867,303.06382593721935,-2.5941906756088429e-06,2.3337669744054295,,
630,0.019,303.25811947572225,303.25812262540308,-3.149680821934453e-06,2.1468058623582422,,
630,0.02,303.47151891240929,303.47152272951581,-3.8171065170899965e-06,1.86309059331053,,
640,0,301.69477520027925,301.69477426358822,9.3669103762294981e-07,2.5499999999999954,,
640,0.001,301.69830506703443,301.69830413829499,9.2873943913218682e-07,2.549999999999975,,
640,0.002,301.70892620122549,301.70892530708915,8.941363489611831e-07,2.5499999999996441,,
640,0.0030000000000000001,301.72673315851182,301.72673232202226,8.3648956206161529e-07,2.5499999999949337,,
640,0.0040000000000000001,301.75188337227132,301.75188261621412,7.560572043985303e-07,2.5499999999340375,,
640,0.0050000000000000001,301.78459689702322,301.78459624391758,6.5310564423270989e-07,2.5499999992361371,,
640,0.0060000000000000001,301.82515601550767,301.82515548760074,5.2790693416682188e-07,2.5499999922266121,,
640,0.0070000000000000001,301.87390468489713,301.87390430413745,3.807596726801421e-07,2.5499999309007491,,
640,0.0080000000000000002,301.93124781882062,301.93124760670804,2.1211258172115777e-07,2.5499994651472022,,
640,0.0090000000000000011,301.99765046962369,301.9976504467827,2.2840993096906459e-08,2.5499964007749023,,
640,0.01,302.07363712135498,302.07363730674933,-1.8539435586717445e-07,2.5499789547747351,,
640,0.010999999999999999,302.15979155513048,302.15979196517219,-4.1004170725500444e-07,2.5498930574712517,,
640,0.012,302.25675810001758,302.2567587483897,-6.4837212221391383e-07,2.5495273230560236,,
640,0.013000000000000001,302.36524546063316,302.36524636006374,-8.9943057446362218e-07,2.548180096805666,,
640,0.014,302.48603454501011,302.48603571174374,-1.1667336252685345e-06,2.5438821495202868,,
640,0.014999999999999999,302.61999154472227,302.61999300509615,-1.4603738804908062e-06,2.5319835883764163,,
640,0.016,302.76808669224437,302.76808848891392,-1.7966695509130659e-06,2.5032998375567361,,
640,0.017000000000000001,302.93141755802799,302.93141975186836,-2.1938403733656742e-06,2.4427559016289373,,
640,0.018000000000000002,303.11123371059858,303.11123637717628,-2.6665776999834634e-06,2.3299501136643159,,
640,0.019,303.30895770652012,303.30896092819597,-3.2216758540926094e-06,2.1422610773427535,,
640,0.02,303.52619655372985,303.52620042709111,-3.873361265505082e-06,1.8585589710928874,,
650,0,301.71883859037251,301.71883766522586,9.2514665084308945e-07,2.5499999999999927,,
650,0.001,301.72243935154523,301.72243843427373,9.1727150675069424e-07,2.5499999999999603,,
650,0.002,301.73327306673264,301.73327218385003,8.8288260258195805e-07,2.5499999999994616,,
650,0.0030000000000000001,301.7514339763859,301.75143315083841,8.2554748814800405e-07,2.5499999999926515,,
650,0.0040000000000000001,301.77707896276485,301.77707821728728,7.4547756412357558e-07,2.54999999990808,,
650,0.0050000000000000001,301.81042726577067,301.8104266228425,6.4292817114619538e-07,2.5499999989748767,,
650,0.0060000000000000001,301.85176008327011,301.85175956500052,5.1826958724632277e-07,2.5499999899295367,,
650,0.0070000000000000001,301.90142008419338,301.90141971210033,3.7209304082352901e-07,2.549999913379835,,
650,0.0080000000000000002,301.9598109221613,301.95981071680859,2.0535270550681162e-07,2.5499993497010394,,
650,0.0090000000000000011,302.02739694408132,302.0273969246187,1.9462618183752056e-08,2.5499957455288182,,
650,0.01,302.10470344901125,302.10470363282963,-1.8381837207925855e-07,2.5499757579279625,,
650,0.010999999999999999,302.19231805474698,302.19231845766279,-4.0291581626661355e-07,2.5498796727994457,,
650,0.012,302.29089392592027,302.29089456340006,-6.3747978629180579e-07,2.5494793007024463,,
650,0.013000000000000001,302.40115571883689,302.4011566085731,-8.8973621359400568e-07,2.5480326348481572,,
650,0.014,302.52390898440245,302.52391015000291,-1.1656004517135443e-06,2.5434950248502162,,
650,0.014999999999999999,302.66005332775899,302.66005480266762,-1.4749086290066771e-06,2.5311153672399906,,
650,0.016,302.81059880858129,302.81060063872962,-1.8301483351024217e-06,2.5016368604148513,,
650,0.017000000000000001,302.97668397059255,302.97668621441477,-2.243822223135794e-06,2.4400357674908553,,
650,0.018000000000000002,303.15959276916226,303.15959549449769,-2.7253354346612468e-06,2.3261536305830059,,
650,0.019,303.36076689801894,303.36077017623103,-3.2782120911178936e-06,2.1377578874803347,,
650,0.02,303.58180996912159,303.58181388543375,-3.9163121527963085e-06,1.8540746111113253,,
660,0,301.74338006784234,301.74337915406596,9.1377637545519974e-07,2.5499999999999883,,
660,0.001,301.74705147926414,301.74705057331681,9.0594733137550065e-07,2.5499999999999376,,
660,0.002,301.75809703240407,301.75809616070342,8.717006494407542e-07,2.5499999999991942,,
660,0.0030000000000000001,301.77661062960954,301.77660981498502,8.1462451362313004e-07,2.5499999999894571,,
660,0.0040000000000000001,301.80274859726478,301.80274786226897,7.3499580821589916e-07,2.5499999998731471,,
660,0.0050000000000000001,301.83672943792527,301.83672880471198,6.3321328980237013e-07,2.5499999986360296,,
660,0.0060000000000000001,301.87883353534022,301.87883302545993,5.0988029443033156e-07,2.5499999870516077,,
660,0.0070000000000000001,301.92940290029213,301.92940253443112,3.6586101259672432e-07,2.5499998921251441,,
660,0.0080000000000000002,301.98884111983187,301.98884091755872,2.0227315644660848e-07,2.5499992137788112,,
660,0.0090000000000000011,302.05761377632626,302.05761375597837,2.034789758909028e-08,2.5499949950309539,,
660,0.01,302.13624972495859,302.13624990387842,-1.7891983361550956e-07,2.5499721874753316,,
660,0.010999999999999999,302.22534373051241,302.22534412586788,-3.953554710278695e-07,2.5498650614823855,,
660,0.012,302.32556101800759,302.32556164835017,-6.303425834630616e-07,2.5494279399736661,,
660,0.013000000000000001,302.43764422449954,302.43764511200288,-8.8750334725773428e-07,2.547877751776999,,
660,0.014,302.56242299159703,302.56242416462686,-1.1730298297152331e-06,2.5430947590290187,,
660,0.014999999999999999,302.70082598101607,302.70082747638844,-1.4953723734834057e-06,2.5302295409041085,,
660,0.016,302.853894459765,302.85389632389973,-1.8641347310222045e-06,2.4999585274228506,,
660,0.017000000000000001,303.02279589633235,303.02279818461375,-2.2882813937030733e-06,2.437313664546005,,
660,0.018000000000000002,303.20883541274276,303.20883818676663,-2.7740238692786079e-06,2.3223774631582774,,
660,0.019,303.41346265436539,303.41346597737441,-3.3230090252800437e-06,2.1332954454226063,,
660,0.02,303.63827113723102,303.63827578205257,-4.6448215584860009e-06,1.8496364127460938,,
670,0,301.7683979493284,301.76839704508001,9.0424839527258882e-07,2.5499999999999816,,
670,0.001,301.77213976537297,301.7721388704116,8.9496137434252887e-07,2.5499999999999039,,
670,0.002,301.78339643298659,301.7833955720555,8.6093109530338552e-07,2.5499999999988092,,
670,0.0030000000000000001,301.80226157103169,301.80226076668754,8.0434415394847747e-07,2.5499999999850314,,
670,0.0040000000000000001,301.82889109018441,301.82889036461643,7.2556798613732099e-07,2.5499999998265586,,
670,0.0050000000000000001,301.86350305700734,301.86350243187434,6.2513299781130627e-07,2.5499999982000268,,
670,0.0060000000000000001,301.90637760694591,301.90637710318305,5.0376286253595026e-07,2.5499999834707388,,
670,0.0070000000000000001,301.95785703725346,301.95785667490645,3.6234700928616803e-07,2.5499998664936783,,
670,0.0080000000000000002,302.01834628013484,302.01834607830881,2.0182602611384937e-07,2.5499990545545463,,
670,0.0090000000000000011,302.0883140343289,302.088314011374,2.2954907308303518e-08,2.5499941390596734,,
670,0.01,302.1682949029173,302.16829507698839,-1.7407108998668264e-07,2.5499682135844344,,
670,0.010999999999999999,302.25889291862745,302.25889330874429,-3.9011683838907629e-07,2.5498491555835594,,
670,0.012,302.36078679914073,302.36078742685692,-6.2771619013801683e-07,2.5493731284846763,,
670,0.013000000000000001,302.47473711938159,302.47473801095879,-8.9157720140065067e-07,2.5477153407424504,,
670,0.014,302.60159521429927,302.60159640172446,-1.1874251981680572e-06,2.5426813898462086,,
670,0.014999999999999999,302.74231258502869,302.74231410542717,-1.5203984844447405e-06,2.5293264487017346,,
670,0.016,302.89794627468569,302.8979481810423,-1.9063566014665412e-06,2.4982654488921652,,
670,0.017000000000000001,303.06964704513484,303.06964940300765,-2.3578728018947004e-06,2.4345901110096122,,
670,0.018000000000000002,303.25860330645003,303.25860612388675,-2.8174367230349162e-06,2.3186215380801327,,
670,0.019,303.46591112485095,303.4659142640171,-3.1391661536872562e-06,2.1288729341158743,,
670,0.02,303.69238086553361,303.69238407840805,-3.2128744464898773e-06,1.8452434984454049,,
680,0,301.79389072801564,301.79388983439753,8.9361810751142912e-07,2.5499999999999705,,
680,0.001,301.79770276365224,301.79770187918143,8.8447080770492903e-07,2.5499999999998528,,
680,0.002,301.8091700335919,301.80916918271151,8.5088038304093061e-07,2.5499999999982603,,
680,0.0030000000000000001,301.82838601576719,301.82838522067902,7.9508816952511552e-07,2.5499999999789589,,
680,0.0040000000000000001,301.85550648663656,301.85550576910242,7.1753413521946641e-07,2.5499999997649558,,
680,0.0050000000000000001,301.8907495555016,301.89074893669618,6.1880541579739656e-07,2.5499999976432433,,
680,0.0060000000000000001,301.93439584866678,301.93439534905502,4.9961175818680204e-07,2.5499999790445171,,
680,0.0070000000000000001,301.98678899319458,301.98678863251507,3.6067950759388623e-07,2.5499998357590781,,
680,0.0080000000000000002,302.04833660313153,302.04833640059252,2.0253901311662048e-07,2.5499988689307491,,
680,0.0090000000000000011,302.11951201529962,302.11951199008405,2.5215570076397853e-08,2.5499931667250926,,
680,0.01,302.20085703284485,302.20085720481461,-1.7196975932165515e-07,2.5499638053214353,,
680,0.010999999999999999,302.29298586103238,302.29298625115428,-3.901218974533549e-07,2.5498318865160794,,
680,0.012,302.39659014587698,302.3965907764541,-6.3057711940928129e-07,2.549314756079716,,
680,0.013000000000000001,302.51244431762177,302.51244521497716,-8.9735539177127066e-07,2.5475453022536638,,
680,0.014,302.64140893826141,302.64141014077853,-1.2025171258756018e-06,2.542254964429925,,
680,0.014999999999999999,302.78442720409743,302.78442876817593,-1.5640785022696946e-06,2.5284064300020166,,
680,0.016,302.94250671759551,302.94250869676227,-1.9791667682511616e-06,2.4965582163706803,,
680,0.017000000000000001,303.11667737366571,303.11667976711334,-2.3934476303111296e-06,2.4318655970632719,,
680,0.018000000000000002,303.30792053886353,303.30792325767652,-2.7188129934074823e-06,2.3148857720844598,,
680,0.019,303.51707703705961,303.51707992613666,-2.8890770522593812e-06,2.1244895654038616,,
680,0.02,303.74475791279048,303.74476084459252,-2.9318020438040548e-06,1.840894806474439,,
690,0,301.81985750779938,301.81985662375098,8.8404840425937437e-07,2.5499999999999523,,
690,0.001,301.82373970079323,301.82373882570079,8.7509243940075976e-07,2.5499999999997787,,
690,0.002,301.83541745301943,301.83541661093494,8.4208448924982804e-07,2.5499999999974841,,
690,0.0030000000000000001,301.85498431027725,301.85498352299533,7.8728191965637961e-07,2.5499999999707033,,
690,0.0040000000000000001,301.88259628900266,301.88259557788336,7.1111929855760536e-07,2.5499999996841733,,
690,0.0050000000000000001,301.91847210879087,301.9184714946793,6.1411157048496534e-07,2.5499999969373586,,
690,0.0060000000000000001,301.9628936628651,301.9628931660817,4.9678340019454481e-07,2.5499999736077599,,
690,0.0070000000000000001,302.0162068673161,302.01620650774356,3.5957253885499085e-07,2.5499997991047358,,
690,0.0080000000000000002,302.07882304980711,302.07882284705749,2.0274961798349977e-07,2.5499986535257197,,
690,0.0090000000000000011,302.15122101247294,302.15122098618247,2.6290479127055733e-08,2.5499920664623903,,
690,0.01,302.23394977774842,302.23394994833296,-1.7058454204743612e-07,2.5499589306912251,,
690,0.010999999999999999,302.32763171243931,302.32763210295809,-3.9051877820384107e-07,2.549813185173615,,
690,0.012,302.43296511636578,302.4329657556699,-6.3930411897672457e-07,2.549252714979108,,
690,0.013000000000000001,302.55072439242184,302.55072531760106,-9.2517922212209669e-07,2.5473675440541776,,
690,0.014,302.68175470213316,302.68175595559791,-1.2534647453321668e-06,2.5418155386446513,,
690,0.014999999999999999,302.82695703205064,302.82695864886398,-1.6168133356586623e-06,2.5274698236167366,,
690,0.016,302.98725974288999,302.98726173054393,-1.9876539454344311e-06,2.4948374030705596,,
690,0.017000000000000001,303.16357494695563,303.16357727073881,-2.3237831783262664e-06,2.4291405863490314,,
690,0.018000000000000002,303.35674283446923,303.35674541721988,-2.5827506533460109e-06,2.3111700731883116,,
690,0.019,303.56747320256858,303.56747594140353,-2.7388349508328247e-06,2.1201445809029553,,
690,0.02,303.79629823711974,303.79630103911609,-2.8019963451697549e-06,1.8365892873231313,,
700,0,301.8462983679795,301.8462974920634,8.7591610054005287e-07,2.549999999999927,,
700,0.001,301.85025082088652,301.85024995371572,8.6717079739173641e-07,2.5499999999996703,,
700,0.002,301.86213944164041,301.86213860685626,8.3478414580895333e-07,2.5499999999963991,,
700,0.0030000000000000001,301.88205808162769,301.88205730064919,7.8097849609548575e-07,2.5499999999595815,,
700,0.0040000000000000001,301.91016339587998,301.91016268975909,7.0612088620691793e-07,2.5499999995790708,,
700,0.0050000000000000001,301.94667526148419,301.94667465085831,6.1062587519700173e-07,2.5499999960486255,,
700,0.0060000000000000001,301.99187748081829,301.99187698593124,4.9488704689792939e-07,2.5499999669699154,,
700,0.0070000000000000001,302.04611885379546,302.04611849466744,3.5912802331949933e-07,2.5499997556167791,,
700,0.0080000000000000002,302.10981466040806,302.10981445728703,2.0312103288233629e-07,2.5499984046613866,,
700,0.0090000000000000011,302.18344846965203,302.18344844392499,2.5727047159307403e-08,2.5499908260273512,,
700,0.01,302.2675739388647,302.26757411447625,-1.7561154663781053e-07,2.549953556680566,,
700,0.010999999999999999,302.36281585339498,302.36281625834624,-4.0495126540918136e-07,2.5497929820584782,,
700,0.012,302.46986909197955,302.46986975868174,-6.6670219212028314e-07,2.5491868999105107,,
700,0.013000000000000001,302.58949359895877,302.58949456166357,-9.6270480298699113e-07,2.5471819809827267,,
700,0.014,302.72250305172452,302.72250433986994,-1.2881454267699155e-06,2.5413631765111901,,
700,0.014999999999999999,302.86974510285654,302.86974673111445,-1.628257905395003e-06,2.5265169672645862,,
700,0.016,303.03207221433951,303.0320741730946,-1.9587550923461094e-06,2.4931035643070412,,
700,0.017000000000000001,303.21030430821639,303.21030655913182,-2.25091542915834e-06,2.4264155173896569,,
700,0.018000000000000002,303.40518736910548,303.40518984768084,-2.4785753680589551e-06,2.3074743418154298,,
700,0.019,303.61735482945085,303.61735745473118,-2.6252803309034789e-06,2.1158372476567631,,
700,0.02,303.84729984968783,303.84730254755976,-2.6978719347425795e-06,1.8323259627532258,,
710,0,301.87321455611146,301.87321368671547,8.693959898664616e-07,2.5499999999998884,,
710,0.001,301.8772375474814,301.87723668662784,8.6085356088005938e-07,2.549999999999514,,
710,0.002,301.88933794645499,301.88933711739435,8.2906063880727743e-07,2.5499999999948963,,
710,0.0030000000000000001,301.90961012397963,301.90960934778838,7.7619125704586622e-07,2.5499999999447245,,
710,0.0040000000000000001,301.9382116967405,301.93821099422729,7.0251320494207903e-07,2.549999999443358,,
710,0.0050000000000000001,301.97536405816135,301.97536344991471,6.0824663705716375e-07,2.5499999949370848,,
710,0.0060000000000000001,302.02135316499528,302.02135267157894,4.9341633712174371e-07,2.549999958912303,,
710,0.0070000000000000001,302.07653056325358,302.07653020563441,3.5761917160925805e-07,2.5499997042769338,,
710,0.0080000000000000002,302.14131453771654,302.14131433795944,1.9975709619757254e-07,2.5499981183517075,,
710,0.0090000000000000011,302.21619108993633,302.21619107206322,1.7873105662147282e-08,2.5499894324940429,,
710,0.01,302.30171418130368,302.30171437196765,-1.906639681692468e-07,2.5499476493037796,,
710,0.010999999999999999,302.39850434111196,302.39850476945793,-4.2834597024921095e-07,2.5497712074063288,,
710,0.012,302.50724440537851,302.50724510133364,-6.9595512286468875e-07,2.5491172082254039,,
710,0.013000000000000001,302.62867095187869,302.62867194239266,-9.9051396773575107e-07,2.5469885348221211,,
710,0.014,302.76356010709452,302.76356141055692,-1.30346239757273e-06,2.5408979496500388,,
710,0.014999999999999999,302.91270698866225,302.91270860870412,-1.6200418713196996e-06,2.5255481970887526,,
710,0.016,303.07689918064779,303.07690110135229,-1.9207045056646166e-06,2.4913572379431521,,
710,0.017000000000000001,303.25688619556234,303.25688837980255,-2.18424020204111e-06,2.4236908049391253,,
710,0.018000000000000002,303.45334849816936,303.45335089015032,-2.391980956417683e-06,2.3037984718338334,,
710,0.019,303.66687082477603,303.66687335665245,-2.5318764187431952e-06,2.1115668541674428,,
710,0.02,303.89792470246624,303.89792731365304,-2.6111868010048056e-06,1.8281038962228484,,
720,0,301.90060843385345,301.90060756923691,8.6461653836522601e-07,2.5499999999998311,,
720,0.001,301.90470238495891,301.90470152870995,8.5624895973523962e-07,2.5499999999992928,,
720,0.002,301.9170158720421,301.91701504709835,8.2494375419628341e-07,2.5499999999928353,,
720,0.0030000000000000001,301.93764390348008,301.93764313072478,7.7275529974940582e-07,2.5499999999250393,,
720,0.0040000000000000001,301.96674518087536,301.96674448115454,6.997208288339607e-07,2.5499999992693825,,
720,0.0050000000000000001,302.00454261602687,302.00454201033426,6.0569260540432879e-07,2.5499999935556921,,
720,0.0060000000000000001,302.05132399773402,302.05132350753473,4.9019928383131628e-07,2.5499999491852106,,
720,0.0070000000000000001,302.1074426870901,302.10744233477897,3.5231113315603579e-07,2.5499996439553212,,
720,0.0080000000000000002,302.17331809740926,302.17331790680271,1.9060655631619738e-07,2.5499977902916924,,
720,0.0090000000000000011,302.24943554094835,302.24943553759101,3.3573428481759038e-09,2.5499878722546296,,
720,0.01,302.33634481519243,302.3363450261445,-2.1095206648169551e-07,2.5499411736506779,,
720,0.010999999999999999,302.43465669917538,302.43465715190649,-4.5273111481947126e-07,2.5497477913071389,,
720,0.012,302.54503640720293,302.54503712732458,-7.2012164764601039e-07,2.5490435400013487,,
720,0.013000000000000001,302.66819309665766,302.66819410451734,-1.0078596801577078e-06,2.5467871341378117,,
720,0.014,302.80486483797853,302.80486614453503,-1.3065564985481615e-06,2.5404199367479703,,
720,0.014999999999999999,302.95579907524109,302.95580067809863,-1.6028575373638887e-06,2.5245638472236589,,
720,0.016,303.12172949708992,303.12173137774033,-1.8806504158419557e-06,2.4895989448386144,,
720,0.017000000000000001,303.30335125098645,303.30335337370553,-2.1227190813988273e-06,2.4209668412679184,,
720,0.018000000000000002,303.50129732460545,303.50129963107463,-2.306469184532034e-06,2.3001423514113997,,
720,0.019,303.7161194607591,303.71612177437538,-2.31361627811566e-06,2.1073327092260006,,
720,0.02,303.94827775328173,303.94827847549345,-7.2221172331410344e-07,1.8239221870841851,,
730,0,301.92848308381036,301.92848222354104,8.6026932422100799e-07,2.5499999999997494,,
730,0.001,301.93264847235213,301.93264761959239,8.5275974015530664e-07,2.5499999999989797,,
730,0.002,301.94517647796073,301.94517565635073,8.2161000136693474e-07,2.5499999999900305,,
730,0.0030000000000000001,301.9661627114167,301.96616194194547,7.694712280681415e-07,2.5499999998991618,,
730,0.0040000000000000001,301.99576681015958,301.99576611402711,6.9613247433153447e-07,2.5499999990479005,,
730,0.0050000000000000001,302.03421280488584,302.03421220375242,6.0113342215117882e-07,2.5499999918493659,,
730,0.0060000000000000001,302.08178948412507,302.08178900041338,4.837116875933134e-07,2.5499999375048312,,
730,0.0070000000000000001,302.13885055814069,302.13885021533696,3.4280373029105249e-07,2.5499995734032033,,
730,0.0080000000000000002,302.20581430769374,302.20581413051474,1.7717900391289731e-07,2.5499974158471042,,
730,0.0090000000000000011,302.28316226738229,302.28316228161026,-1.4227964584279107e-08,2.5499861310212308,,
730,0.01,302.3714363623576,302.37143659411163,-2.3175402930064593e-07,2.549934093936387,,
730,0.010999999999999999,302.47123383248203,302.47123430671303,-4.7423100113519467e-07,2.5497226638221213,,
730,0.012,302.58319929303866,302.58320003103393,-7.3799526489892742e-07,2.5489657981308755,,
730,0.013000000000000001,302.70801345413707,302.70801446975992,-1.0156228427149472e-06,2.5465777141080852,,
730,0.014,302.84637842683173,302.84637972230092,-1.2954691896993609e-06,2.5399292230478276,,
730,0.014999999999999999,302.9990004098895,302.99900197540757,-1.5655180618523445e-06,2.523564249406733,,
730,0.016,303.16657268132514,303.16657449179081,-1.8104656760442595e-06,2.4878291893005464,,
730,0.017000000000000001,303.34976672853168,303.34976871889234,-1.9903606585103262e-06,2.4182439973846996,,
730,0.018000000000000002,303.54924673491792,303.54924883319694,-2.0982790260859474e-06,2.2965058636771385,,
730,0.019,303.76572419023626,303.76572644810039,-2.2578641392101417e-06,2.1031341413733644,,
730,0.02,304.00004867074267,304.0000512784892,-2.6077465236085118e-06,1.8197802013385029,,
740,0,301.95684160682225,301.95684074968523,8.5713702446810203e-07,2.5499999999996308,,
740,0.001,301.96107884854291,301.9610779989797,8.4956320733908797e-07,2.5499999999985414,,
740,0.002,301.97382256332753,301.97382174515519,8.1817233876790851e-07,2.5499999999862482,,
740,0.0030000000000000001,301.99516876994483,301.99516800446179,7.6548303695744835e-07,2.5499999998653968,,
740,0.0040000000000000001,302.02527763859314,302.02527694749455,6.9109859168747789e-07,2.5499999987678117,,
740,0.0050000000000000001,302.06437360135561,302.06437300697633,5.9437928712213761e-07,2.5499999897539674,,
740,0.0060000000000000001,302.11274529664706,302.11274482216857,4.7447849738091463e-07,2.5499999235500814,,
740,0.0070000000000000001,302.17074510973725,302.17074477927673,3.3046052294594119e-07,2.5499994912457455,,
740,0.0080000000000000002,302.23878797768413,302.23878781611813,1.6156599258465576e-07,2.5499969900449515,,
740,0.0090000000000000011,302.31734903815402,302.31734907049997,-3.234595169487875e-08,2.5499841938299257,,
740,0.01,302.40695964553066,302.40695989584054,-2.5030988126673037e-07,2.5499263735528941,,
740,0.010999999999999999,302.50820130181751,302.5082017918561,-4.9003858748619677e-07,2.5496957550962387,,
740,0.012,302.62169723602824,302.6216979837539,-7.4772566449610167e-07,2.5488838883969107,,
740,0.013000000000000001,302.74810185272696,302.7481028686131,-1.0158861414311104e-06,2.5463602163461494,,
740,0.014,302.88808924650965,302.88809052574135,-1.2792316965715145e-06,2.5394258998604009,,
740,0.014999999999999999,303.0423435599904,303.0423450759701,-1.5159797044361767e-06,2.5225497326325215,,
740,0.016,303.21155582979515,303.21155754191534,-1.7121201949521492e-06,2.4860484595376642,,
740,0.017000000000000001,303.39643287388475,303.3964347628019,-1.888917154246883e-06,2.4155226241969574,,
740,0.018000000000000002,303.59772172453518,303.59772383301976,-2.1084845798213792e-06,2.2928888872657289,,
740,0.019,303.81624679529443,303.81624921065753,-2.4153630988621444e-06,2.098970499635008,,
740,0.02,304.05294819958522,304.05295100224708,-2.8026618679177773e-06,1.8156770601692223,,
750,0,301.98568632010546,301.98568546667531,8.5343015143735101e-07,2.5499999999994643,,
750,0.001,301.98999565614577,301.98999481046832,8.4567744806918199e-07,2.5499999999979357,,
750,0.002,302.00295570376841,302.00295489004719,8.1372121485401294e-07,2.5499999999811878,,
750,0.0030000000000000001,302.02466257383185,302.02466181382323,7.6000861781722051e-07,2.5499999998216603,,
750,0.0040000000000000001,302.05527639231116,302.05527570824023,6.8407092612687848e-07,2.5499999984158652,,
750,0.0050000000000000001,302.09502109635042,302.09502051108757,5.8526285329207894e-07,2.5499999871951786,,
750,0.0060000000000000001,302.14418391268703,302.144183449808,4.6287902932817815e-07,2.5499999069592678,,
750,0.0070000000000000001,302.20311427782008,302.20311396150299,3.1631708452550811e-07,2.5499993959747584,,
750,0.0080000000000000002,302.27222189888511,302.27222175358321,1.4530189673678251e-07,2.5499965075646234,,
750,0.0090000000000000011,302.35197362757054,302.35197367734941,-4.9778861921367934e-08,2.5499820450464421,,
750,0.01,302.44288886683859,302.44288913409315,-2.6725456336862408e-07,2.5499179751215819,,
750,0.010999999999999999,302.54553341072693,302.54553391385502,-5.0312809207753162e-07,2.5496669954662212,,
750,0.012,302.66051199924271,302.66051274918999,-7.4994727583543863e-07,2.5487977195372356,,
750,0.013000000000000001,302.78846049291894,302.7884614898561,-9.9693716038018465e-07,2.5461345887190419,,
750,0.014,302.93003936960753,302.93004060320851,-1.233600983141514e-06,2.5389100641009814,,
750,0.014999999999999999,303.08593095747108,303.08593241367345,-1.4562023693542869e-06,2.5215206228438576,,
750,0.016,303.25684294921655,303.25684462155078,-1.6723342355362547e-06,2.4842572281078583,,
750,0.017000000000000001,303.44351973104131,303.44352163180713,-1.9007658238479053e-06,2.412803053598493,,
750,0.018000000000000002,303.64676068845449,303.64676285272463,-2.1642701426571875e-06,2.2892912968081141,,
750,0.019,303.86744145961683,303.86744393545621,-2.4758393806223467e-06,2.0948411564354137,,
750,0.02,304.10653147356584,304.10653432249495,-2.8489291139521811e-06,1.8116118834782504,,
760,0,302.01501809124613,302.01501724294695,8.4829918023388018e-07,2.5499999999992267,,
760,0.001,302.01939950909275,302.01939866879798,8.402947742069955e-07,2.5499999999971039,,
760,0.002,302.03257572746594,302.03257491988501,8.075809319052496e-07,2.5499999999744705,,
760,0.0030000000000000001,302.05464256884005,302.05464181623194,7.5260811627231305e-07,2.5499999997653964,,
760,0.0040000000000000001,302.08575946331865,302.08575878837513,6.7494352151697967e-07,2.5499999979763319,,
760,0.0050000000000000001,302.12614892256244,302.12614834851769,5.7404474773647962e-07,2.5499999840873144,,
760,0.0060000000000000001,302.17609557942228,302.17609513000946,4.4941282340005273e-07,2.5499998873266492,,
760,0.0070000000000000001,302.23594459030591,302.23594428948508,3.0082082957960665e-07,2.5499992859415417,,
760,0.0080000000000000002,302.30609918411017,302.30609905543588,1.2867428722529439e-07,2.5499959627299491,,
760,0.0090000000000000011,302.38701718594575,302.38701725142153,-6.5475774135848042e-08,2.5499796683739553,,
760,0.01,302.47920647759054,302.47920675595361,-2.7836307481265976e-07,2.5499088605470921,,
760,0.010999999999999999,302.58321960624397,302.58322011096453,-5.0472056045691716e-07,2.5496363155638626,,
760,0.012,302.69964811840515,302.69964885618759,-7.3778244313871255e-07,2.5487072032963969,,
760,0.013000000000000001,302.8291176191737,302.82911859018361,-9.7100991069964948e-07,2.5459007851597995,,
760,0.014,302.97228490141811,302.97228610228797,-1.2008698604404344e-06,2.5383818178456914,,
760,0.014999999999999999,303.1298385457294,303.12983997491079,-1.429181395451451e-06,2.5204772426592399,,
760,0.016,303.30250394777426,303.30250561123199,-1.6634577377772075e-06,2.4824559523698646,,
760,0.017000000000000001,303.49105269516622,303.49105461027227,-1.9151060541844345e-06,2.4100855994988661,,
760,0.018000000000000002,303.69631475659099,303.69631695211905,-2.1955280544716516e-06,2.285712963448626,,
760,0.019,303.91919051404966,303.91919302572336,-2.5116736992458755e-06,2.090745503583745,,
760,0.02,304.16065888543829,304.1606617638829,-2.8784446044483047e-06,1.8075838647028708,,
770,0,302.04483593907622,302.04483509794602,8.4113020193399279e-07,2.5499999999988954,,
770,0.001,302.04928913742827,302.04928830458249,8.3284578522579977e-07,2.5499999999959702,,
770,0.002,302.06268049375325,302.06267969444588,7.9930737229005899e-07,2.5499999999656193,,
770,0.0030000000000000001,302.08510515910274,302.08510441608462,7.43018119919725e-07,2.5499999996934983,,
770,0.0040000000000000001,302.11672124704836,302.11672058338456,6.6366379769533523e-07,2.5499999974306404,,
770,0.0050000000000000001,302.15774903138862,302.15774847045361,5.6093500688803033e-07,2.5499999803320437,,
770,0.0060000000000000001,302.20846964862403,302.20846921387897,4.3474506128404755e-07,2.5499998641988806,,
770,0.0070000000000000001,302.26922317176422,302.26922288624786,2.8551636432894156e-07,2.5499991593497984,,
770,0.0080000000000000002,302.34040595011726,302.34040583560511,1.145121473200561e-07,2.5499953495020384,,
770,0.0090000000000000011,302.42246719578094,302.42246727165019,-7.5869252214033622e-08,2.5499770468625536,,
770,0.01,302.5159049520164,302.51590523403195,-2.8201554869156098e-07,2.5498989910717444,,
770,0.010999999999999999,302.6212617954244,302.62126229485165,-4.9942724444917985e-07,2.5496036464144449,,
770,0.012,302.73912086777955,302.73912159134181,-7.2356226610281738e-07,2.5486122544674159,,
770,0.013000000000000001,302.870103033551,302.87010398467066,-9.5111965947580757e-07,2.5456587654777221,,
770,0.014,303.01486601580854,303.01486719715945,-1.1813509104285913e-06,2.5378412679106535,,
770,0.014999999999999999,303.17410617586785,303.17410759263504,-1.4167671906761825e-06,2.5194199111321374,,
770,0.016,303.34856311723712,303.34856478014757,-1.6629104493404157e-06,2.4806450749283182,,
770,0.017000000000000001,303.53902655771458,303.53902848479225,-1.9270776761004527e-06,2.4073705587863858,,
770,0.018000000000000002,303.74634409287614,303.74634630896901,-2.2160928665471147e-06,2.2821537554070424,,
770,0.019,303.97142783230078,303.97143036645099,-2.5341502123410464e-06,2.0866829483276157,,
770,0.02,304.21525769974414,304.21526059523973,-2.8954955837434682e-06,1.8035922338632462,,
780,0,302.07513694285427,302.07513611131617,8.3153810237490688e-07,2.5499999999984371,,
780,0.001,302.079661343731,302.07966052073942,8.2299158066234668e-07,2.5499999999944385,,
780,0.002,302.09326599206679,302.09326520336128,7.8870550623832969e-07,2.5499999999540384,,
780,0.0030000000000000001,302.11604504504885,302.11604431374263,7.3130621558448183e-07,2.5499999996022091,,
780,0.0040000000000000001,302.14815481165994,302.14815416094899,6.5071094468294177e-07,2.5499999967569846,,
780,0.0050000000000000001,302.18981276137004,302.18981221439759,5.4697244422641234e-07,2.5499999758170269,,
780,0.0060000000000000001,302.24129603240516,302.24129561190892,4.2049623516504653e-07,2.5499998370713595,,
780,0.0070000000000000001,302.3029393823424,302.30293911008232,2.7226008114666911e-07,2.5499990142486646,,
780,0.0080000000000000002,302.37513257296899,302.37513246897595,1.0399304528618813e-07,2.5499946614729767,,
780,0.0090000000000000011,302.45831727345649,302.4583173552287,-8.1772213889053091e-08,2.5499741629203969,,
780,0.01,302.55298369617452,302.55298397803716,-2.8186263989482541e-07,2.5498883273304691,,
780,0.010999999999999999,302.65966732785432,302.65966782075395,-4.9289963044429896e-07,2.5495689195302527,,
780,0.012,302.77894624731016,302.77894695928342,-7.1197325723915128e-07,2.5485127909233358,,
780,0.013000000000000001,302.91143957708317,302.91144051450573,-9.3742255558026955e-07,2.5454084951663245,,
780,0.014,303.05780754579229,303.0578087152644,-1.1694721138155728e-06,2.5372885254519599,,
780,0.014999999999999999,303.21875340491653,303.21875481536847,-1.4104519436841656e-06,2.5183489435401478,,
780,0.016,303.39502705452759,303.39502871896764,-1.6644400488985411e-06,2.4788250240744558,,
780,0.017000000000000001,303.58742975118832,303.58743168749743,-1.9363091041668667e-06,2.4046582122357938,,
780,0.018000000000000002,303.79681881593876,303.79682104628455,-2.2303457853922737e-06,2.2786135384416966,,
780,0.019,304.02411097507814,304.02411352396189,-2.5488837422926736e-06,2.0826529126682951,,
780,0.02,304.27028276185166,304.27028587910644,-3.1172547778623994e-06,1.7996362504759873,,
790,0,302.10591646888861,302.10591564805884,8.2082976859965129e-07,2.5499999999978051,,
790,0.001,302.1105112742755,302.1105104632494,8.1102609783556545e-07,2.5499999999923868,,
790,0.002,302.12432674204911,302.12432596582198,7.7622712524316739e-07,2.5499999999389926,,
790,0.0030000000000000001,302.14745581897375,302.14745510078268,7.1819107461124077e-07,2.5499999994870102,,
790,0.0040000000000000001,302.1800527130614,302.18005207597685,6.370845540004666e-07,2.5499999959298751,,
790,0.0050000000000000001,302.22233181233776,302.22233127903797,5.3329978300098446e-07,2.549999970414472,,
790,0.0060000000000000001,302.27456613642005,302.274565728808,4.0761204900263692e-07,2.5499998053844819,,
790,0.0070000000000000001,302.33708532636632,302.33708506505963,2.6130669539270457e-07,2.5499988485259095,,
790,0.0080000000000000002,302.41027323072086,302.41027313448598,9.6234884949808475e-08,2.5499938918603937,,
790,0.0090000000000000011,302.49456522339034,302.49456530864592,-8.5255578596843407e-08,2.5499709983264625,,
790,0.01,302.5904454810431,302.59044576159653,-2.8055342227162328e-07,2.5498768294059388,,
790,0.010999999999999999,302.69844453311873,302.69844502031305,-4.8719431333665852e-07,2.5495320669990873,,
790,0.012,302.81913744626928,302.81913814973393,-7.0346465008697123e-07,2.5484087336394068,,
790,0.013000000000000001,302.95314297817157,302.95314390727361,-9.2910204330109991e-07,2.54514994521021,,
790,0.014,303.10112385224403,303.10112501707408,-1.1648300528577238e-06,2.5367237055861569,,
790,0.014999999999999999,303.26378763939454,303.26378904929641,-1.4099018699198496e-06,2.5172646512015029,,
790,0.016,303.44188544628747,303.44188711573827,-1.6694507962711214e-06,2.4769962142203497,,
790,0.017000000000000001,303.63619954600432,303.63620150243753,-1.956433209215902e-06,2.4019488253660408,,
790,0.018000000000000002,303.84750136589122,303.84750359542369,-2.2295324697552132e-06,2.2750921761669556,,
790,0.019,304.07645924173119,304.07646162902881,-2.3872976271377411e-06,2.0786548333570809,,
790,0.02,304.3235035235403,304.3235058924019,-2.3688616010986152e-06,1.7957158601205077,,
800,0,302.13716865035923,302.13716784311208,8.0724714734969893e-07,2.5499999999969467,,
800,0.001,302.14183292555276,302.14183212818114,7.9737162650417304e-07,2.5499999999896557,,
800,0.002,302.15585636926022,302.15585560685122,7.6240900170887471e-07,2.549999999919577,,
800,0.0030000000000000001,302.1793306183651,302.1793299141018,7.0426330012196559e-07,2.5499999993424978,,
800,0.0040000000000000001,302.21240767508647,302.21240705176433,6.2332213701665751e-07,2.5499999949196703,,
800,0.0050000000000000001,302.25529882108697,302.25529830085441,5.2023256102984305e-07,2.5499999639796105,,
800,0.0060000000000000001,302.30827311640263,302.3082727204071,3.959955279242422e-07,2.5499997685198283,,
800,0.0070000000000000001,302.37165553049607,302.37165527849203,2.5200404252245789e-07,2.5499986599013078,,
800,0.0080000000000000002,302.44582479842126,302.44582470843295,8.9988304807775421e-08,2.5499930335029402,,
800,0.0090000000000000011,302.53121115031684,302.53121123845926,-8.8142428467108402e-08,2.5499675342448085,,
800,0.01,302.62829411023517,302.62829439065797,-2.8042279609508114e-07,2.5498644568837339,,
800,0.010999999999999999,302.73760056224654,302.73760104691047,-4.8466392854606966e-07,2.5494930215677369,,
800,0.012,302.85970315228576,302.85970385078582,-6.9850005957050598e-07,2.5483000067063717,,
800,0.013000000000000001,302.99521866242276,302.99521958401652,-9.2159376663403236e-07,2.5448830918913763,,
800,0.014,303.14480500055095,303.14480616006341,-1.1595124647101329e-06,2.5361469270304147,,
800,0.014999999999999999,303.30915370596762,303.30915512774681,-1.4217791886039777e-06,2.5161673413169505,,
800,0.016,303.48897276331678,303.48897446598636,-1.7026695786626078e-06,2.4751590463265352,,
800,0.017000000000000001,303.68495362290275,303.68495558209992,-1.95919716361459e-06,2.3992426492511449,,
800,0.018000000000000002,303.89771931411656,303.89772145093491,-2.1368183524828055e-06,2.2715895302964424,,
800,0.019,304.12775917048941,304.12776137394877,-2.2034593598618812e-06,2.0746881652960267,,
800,0.02,304.37536711775647,304.37536928289944,-2.1651429733537952e-06,1.7918302557094599,,
810,0,302.16888696813464,302.16888617552758,7.9260706797867897e-07,2.5499999999957832,,
810,0.001,302.1736197266647,302.17361894390621,7.8275849091369309e-07,2.5499999999860479,,
810,0.002,302.18784818208275,302.18784743416654,7.479162036361231e-07,2.5499999998946765,,
810,0.0030000000000000001,302.21166266157729,302.21166197148824,6.9008905256850994e-07,2.549999999162246,,
810,0.0040000000000000001,302.24521300794873,302.24521239814374,6.098049993852328e-07,2.5499999936920559,,
810,0.0050000000000000001,302.28870754840813,302.28870704057124,5.0783688720912323e-07,2.5499999563490898,,
810,0.0060000000000000001,302.34241170320382,302.34241131796375,3.8524007095475099e-07,2.5499997257962876,,
810,0.0070000000000000001,302.4066462993228,302.40664605595128,2.4337151671716128e-07,2.5499984459202083,,
810,0.0080000000000000002,302.48178567972775,302.48178559581879,8.3908958004030865e-08,2.5499920788565977,,
810,0.0090000000000000011,302.5682557042652,302.56825579546143,-9.1196227458567591e-08,2.5499637512401438,,
810,0.01,302.66653168599828,302.66653196605262,-2.8005433705402538e-07,2.5498511689072378,,
810,0.010999999999999999,302.77713613265735,302.77713661436621,-4.8170886657317169e-07,2.5494517167205282,,
810,0.012,302.90063578723988,302.90063648448722,-6.972473443056515e-07,2.548186537335996,,
810,0.013000000000000001,303.03763683347415,303.03763776306442,-9.2959027142569539e-07,2.5446079165965356,,
810,0.014,303.18877632660565,303.18877750645572,-1.1798500736404094e-06,2.5355583117621836,,
810,0.014999999999999999,303.35470725511198,303.35470869579115,-1.4406791706278455e-06,2.5150573168341466,,
810,0.016,303.53607475600228,303.53607644630426,-1.6903019854908052e-06,2.4733139083201512,,
810,0.017000000000000001,303.73348258846084,303.73348448499843,-1.8965375829793629e-06,2.3965399212814451,,
810,0.018000000000000002,303.94745228250866,303.94745431427719,-2.0317685311965761e-06,2.2681054608857667,,
810,0.019,304.17838164014131,304.17838372105848,-2.0809171701330342e-06,2.0707523910573595,,
810,0.02,304.42651252989884,304.4265145825492,-2.0526503590190259e-06,1.7879785703539885,,
820,0,302.20106477924378,302.20106400179446,7.7744931559209363e-07,2.5499999999942231,,
820,0.001,302.20586505109407,302.20586428339504,7.6769902079831809e-07,2.5499999999813143,,
820,0.002,302.22029562790397,302.22029489473181,7.3317215765200672e-07,2.5499999998629415,,
820,0.0030000000000000001,302.24444559514757,302.24444491921685,6.7593072117233532e-07,2.549999998938647,,
820,0.0040000000000000001,302.27846277522167,302.27846217864709,5.9657457995854202e-07,2.5499999922074834,,
820,0.0050000000000000001,302.32255277616821,302.32255228021683,4.9595138307267916e-07,2.5499999473392898,,
820,0.0060000000000000001,302.37697771547886,302.3769773403024,3.7517645523621468e-07,2.5499996764661192,,
820,0.0070000000000000001,302.44205466424575,302.44205442865433,2.3559141482110135e-07,2.5499982039473559,,
820,0.0080000000000000002,302.51815383980198,302.51815376119328,7.8608707099192543e-08,2.5499910199919258,,
820,0.0090000000000000011,302.6056965099998,302.6056966046022,-9.4602398803544929e-08,2.54995962929475,,
820,0.01,302.70515242737338,302.70515271088732,-2.8351394121273188e-07,2.5498369242321832,,
820,0.010999999999999999,302.81703635974844,302.81703684813095,-4.8838251132110599e-07,2.5494080867528628,,
820,0.012,302.94190292990061,302.94190363947979,-7.0957918296699063e-07,2.5480682558587864,,
820,0.013000000000000001,303.08033859374166,303.08033953942078,-9.4567911901322077e-07,2.5443244056249417,,
820,0.014,303.23294934500751,303.23295053580267,-1.1907951602552203e-06,2.5349579846969452,,
820,0.014999999999999999,303.4003428907692,303.40034432328667,-1.4325174788609729e-06,2.5139348763335643,,
820,0.016,303.58310484676821,303.58310649885772,-1.6520895087523968e-06,2.4714611755059588,,
820,0.017000000000000001,303.78177003507858,303.78177186353554,-1.8284569591742184e-06,2.3938408658789729,,
820,0.018000000000000002,303.99679197664022,303.9967939205012,-1.9438609797362005e-06,2.2646398267395651,,
820,0.019,304.22851551126075,304.2285174991361,-1.9878753505508939e-06,2.0668470112996888,,
820,0.02,304.47715830460703,304.47716027315977,-1.968552737707796e-06,1.7841600879842734,,
830,0,302.2336957002824,302.23369493808957,7.6219282618694706e-07,2.5499999999921443,,
830,0.001,302.23856257387928,302.23856182129589,7.525833893851086e-07,2.5499999999751446,,
830,0.002,302.25319256778835,302.25319184929617,7.1849217420094647e-07,2.5499999998227358,,
830,0.0030000000000000001,302.2776736175241,302.2776729555128,6.6201130266563268e-07,2.5499999986627442,,
830,0.0040000000000000001,302.31215167447209,302.31215109070331,5.8376878087074147e-07,2.549999990420559,,
830,0.0050000000000000001,302.35682981097602,302.35682932638156,4.8459446588822175e-07,2.5499999367445652,,
830,0.0060000000000000001,302.41196698924381,302.41196662377911,3.6546470028042677e-07,2.5499996197109995,,
830,0.0070000000000000001,302.47787648457,302.47787625719212,2.2737788185622776e-07,2.5499979311609593,,
830,0.0080000000000000002,302.55492389745484,302.55492382627284,7.1182000738190254e-08,2.549989848592165,,
830,0.0090000000000000011,302.64352458481477,302.64352468737388,-1.0255911320200539e-07,2.5499551478265365,,
830,0.01,302.74414018029944,302.74414047378804,-2.9348859698075103e-07,2.5498216812806018,,
830,0.010999999999999999,302.85727367024759,302.85727417121387,-5.0096628001483623e-07,2.5493620668399033,,
830,0.012,302.98346229159887,302.98346301465784,-7.2305897447222378e-07,2.5479450957149705,,
830,0.013000000000000001,303.12326740943831,303.12326836463899,-9.5520067588950042e-07,2.5440325499981147,,
830,0.014,303.27726063451365,303.27726182358617,-1.1890725204466435e-06,2.5343460733838539,,
830,0.014999999999999999,303.44600586840301,303.4460072807459,-1.4123428968559892e-06,2.5128003139333925,,
830,0.016,303.6300377602978,303.63003937011393,-1.6098161381705722e-06,2.4696012109675816,,
830,0.017000000000000001,303.82983813610588,303.82983990209539,-1.7659895092947409e-06,2.3911456951690555,,
830,0.018000000000000002,304.04581306713601,304.04581493522284,-1.868086826561921e-06,2.2611924860268924,,
830,0.019,304.27827401146754,304.27827592022305,-1.908755507429305e-06,2.0629715350791931,,
830,0.02,304.52742652221821,304.52742841874039,-1.8965221784128516e-06,1.7803741425632669,,
840,0,302.26677378324985,302.26677303605516,7.4719469012052286e-07,2.5499999999893936,,
840,0.001,302.27170641088514,302.27170567313323,7.377519182227843e-07,2.5499999999671541,,
840,0.002,302.28653330103441,302.28653259688053,7.0415387654065853e-07,2.5499999997720879,,
840,0.0030000000000000001,302.31134129679816,302.31134064833918,6.4845897895793314e-07,2.5499999983240333,,
840,0.0040000000000000001,302.34627453928783,302.34627396807883,5.7120900009977049e-07,2.5499999882794051,,
840,0.0050000000000000001,302.39153356250785,302.39153308944941,4.7305843509093393e-07,2.5499999243354137,,
840,0.0060000000000000001,302.44737399217485,302.4473736374652,3.5470964121486759e-07,2.5499995546380307,,
840,0.0070000000000000001,302.51410477738455,302.51410456054833,2.1683621298507205e-07,2.5499976245470402,,
840,0.0080000000000000002,302.59208581238966,302.59208575232861,6.0061040585424053e-08,2.5499885559522251,,
840,0.0090000000000000011,302.68172470355518,302.68172481849001,-1.1493483498270507e-07,2.5499502857081717,,
840,0.01,302.78347231421856,302.78347262131308,-3.0709452403243631e-07,2.5498053981940276,,
840,0.010999999999999999,302.89781660569429,302.89781712012319,-5.1442890480757342e-07,2.5493135931003978,,
840,0.012,303.02527423400875,303.02527496730187,-7.3329312044734252e-07,2.5478169934391093,,
840,0.013000000000000001,303.16637942136089,303.16638037906819,-9.5770730013100547e-07,2.543732345271779,,
840,0.014,303.3216698583696,303.32167103737987,-1.1790102689701598e-06,2.5337227077185864,,
840,0.014999999999999999,303.4916698376615,303.49167122378151,-1.386120004553959e-06,2.5116539192120646,,
840,0.016,303.67687144195725,303.67687300853083,-1.5665735872971709e-06,2.4677343659589788,,
840,0.017000000000000001,303.87771530446793,303.87771701271396,-1.7082460317396908e-06,2.3884546096185959,,
840,0.018000000000000002,304.0945730513136,304.09457485268445,-1.8013708427133679e-06,2.2577632967010319,,
840,0.019,304.32773382390252,304.32773566360015,-1.8396976315671054e-06,2.0591254792073297,,
840,0.02,304.57739732324268,304.57739892997722,-1.6067345427472901e-06,1.7766201003925262,,
850,0,302.30029341716369,302.3002926850271,7.3213658424720052e-07,2.5499999999857788,,
850,0.001,302.30529097787553,302.30529025482008,7.2305545018025441e-07,2.5499999999568694,,
850,0.002,302.32031229862656,302.32031160883872,6.8978783929196652e-07,2.5499999997086391,,
850,0.0030000000000000001,302.34544310689864,302.3454424723472,6.3455144072577241e-07,2.5499999979102621,,
850,0.0040000000000000001,302.38082564393909,302.38082508617299,5.57766099973378e-07,2.5499999857249542,,
850,0.0050000000000000001,302.42665767113226,302.42665721120136,4.599309022523812e-07,2.5499999098565667,,
850,0.0060000000000000001,302.48319099167946,302.4831906500753,3.4160416362283286e-07,2.5499994802757358,,
850,0.0070000000000000001,302.5507293714212,302.55072916801237,2.0340883111202857e-07,2.5499972808940519,,
850,0.0080000000000000002,302.62962567571219,302.62962562959746,4.6114735141600249e-08,2.5499871329784729,,
850,0.0090000000000000011,302.72027796228019,302.72027809144163,-1.2916143532493152e-07,2.5499450212871024,,
850,0.01,302.82312419960658,302.82312452022586,-3.2061927868198836e-07,2.5497880328858149,,
850,0.010999999999999999,302.93863524391458,302.93863576922683,-5.2531225946950144e-07,2.5492626026560048,,
850,0.012,303.06730574055234,303.06730647913258,-7.3858024052242399e-07,2.5476838886393733,,
850,0.013000000000000001,303.20964275364878,303.20964370698556,-9.5333678018505452e-07,2.5434237913508744,,
850,0.014,303.36615220476938,303.36615336462029,-1.1598509104260302e-06,2.53308801967263,,
850,0.014999999999999999,303.53732367998413,303.53732503012475,-1.3501406215254974e-06,2.5104959771460269,,
850,0.016,303.72361507136083,303.72361659855989,-1.5271990605469909e-06,2.465860980284555,,
850,0.017000000000000001,303.92544030370789,303.92544198998655,-1.6862786651472561e-06,2.3857677986496473,,
850,0.018000000000000002,304.14316582257339,304.14316760631181,-1.7837384120866773e-06,2.254352116583981,,
850,0.019,304.37712187140147,304.3771236877156,-1.8163141248805914e-06,2.0553083693690843,,
850,0.02,304.62762823485286,304.62763010926989,-1.8744170233730983e-06,1.7728967867626324,,
860,0,302.33424897760597,302.33424826070996,7.1689601099933498e-07,2.5499999999810599,,
860,0.001,302.33931061270818,302.33930990484561,7.0786256856081309e-07,2.5499999999437097,,
860,0.002,302.35452375462467,302.35452307990613,6.7471853526512859e-07,2.5499999996295744,,
860,0.0030000000000000001,302.37997290081665,302.37997228119161,6.1962504105395055e-07,2.5499999974071934,,
860,0.0040000000000000001,302.41579815628285,302.41579761335612,5.4292672757583205e-07,2.5499999826902191,,
860,0.0050000000000000001,302.46219409035456,302.46219364529588,4.450586743587337e-07,2.5499998930250389,,
860,0.0060000000000000001,302.51940801411064,302.51940768753644,3.2657419524184661e-07,2.5499993955700928,,
860,0.0070000000000000001,302.58773754136934,302.58773735315634,1.8821299363480648e-07,2.5499968967879036,,
860,0.0080000000000000002,302.6675272444524,302.66752721339702,3.1055378713062964e-08,2.5499855701895346,,
860,0.0090000000000000011,302.75916416986837,302.75916431307735,-1.4320897889774642e-07,2.549939332406653,,
860,0.01,302.8630719558422,302.86307228779111,-3.3194891102539259e-07,2.54976954309249,,
860,0.010999999999999999,302.97970331875376,302.97970385021961,-5.3146584377827821e-07,2.5492090336854663,,
860,0.012,303.1095307854585,303.10953152290728,-7.3744877226999961e-07,2.5475457239701815,,
860,0.013000000000000001,303.25303579446597,303.25303673985889,-9.453929123992566e-07,2.5431068923058544,,
860,0.014,303.41069672984224,303.41069787870236,-1.1488601217024552e-06,2.5324421430377266,,
860,0.014999999999999999,303.58297710635549,303.58297844317406,-1.336818570507603e-06,2.5093267680641591,,
860,0.016,303.77031586840724,303.77031736507485,-1.4966676076255681e-06,2.463981382673837,,
860,0.017000000000000001,303.97312219297157,303.97312381578701,-1.622815432256175e-06,2.3830854412312386,,
860,0.018000000000000002,304.19177662473328,304.19177834670046,-1.7219671804014069e-06,2.2509588033044508,,
860,0.019,304.42663838986448,304.42664019565422,-1.8057897364087694e-06,2.0515197380673373,,
860,0.02,304.67805589272399,304.67805778548933,-1.892765340016922e-06,1.7692037161696994,,
870,0,302.3686343768577,302.36863367569106,7.0116664119268535e-07,2.5499999999749359,,
870,0.001,302.37375912528495,302.37375843314118,6.9214377163007157e-07,2.5499999999269685,,
870,0.002,302.38916114694405,302.38916048792566,6.5901838297577342e-07,2.5499999995315585,,
870,0.0030000000000000001,302.4149235252134,302.41492292129863,6.0391477063603816e-07,2.5499999967983547,,
870,0.0040000000000000001,302.45118389387227,302.45118336673124,5.2714102594109136e-07,2.5499999790995038,,
870,0.0050000000000000001,302.49813311296339,302.49813268383076,4.2913262632282567e-07,2.5499998735281104,,
870,0.0060000000000000001,302.55601328035976,302.55601296983446,3.1052530857778038e-07,2.5499992993806,,
870,0.0070000000000000001,302.62511494345233,302.62511477119546,1.7225687543032109e-07,2.5499964686073309,,
870,0.0080000000000000002,302.7057733434911,302.70577332779573,1.5695377442170866e-08,2.549983857717923,,
870,0.0090000000000000011,302.7983635125338,302.798363669747,-1.5721320778538939e-07,2.5499331964278373,,
870,0.01,302.90329406875196,302.90329441249634,-3.4374437518636114e-07,2.5497498864238932,,
870,0.010999999999999999,303.02099964526957,303.02100018536225,-5.4009268524168874e-07,2.5491528254742386,,
870,0.012,303.15193206719653,303.15193280827253,-7.4107600767092663e-07,2.547402445100122,,
870,0.013000000000000001,303.29655067490103,303.29655161497487,-9.4007384632277535e-07,2.5427816561925578,,
870,0.014,303.45531255342411,303.45531368287175,-1.1294476394141384e-06,2.5317852131856502,,
870,0.014999999999999999,303.62866377292238,303.62866507492959,-1.3020072060498933e-06,2.5081465676153778,,
870,0.016,303.81703290242132,303.81703435570461,-1.4532832892655279e-06,2.4620958911459603,,
870,0.017000000000000001,304.02082783220129,304.02082941507223,-1.5828709365450777e-06,2.3804077064356095,,
870,0.018000000000000002,304.24043623221115,304.2404379256821,-1.6934709492488764e-06,2.247583214224242,,
870,0.019,304.47622893495725,304.47623072315065,-1.7881934013530554e-06,2.0477591167336011,,
870,0.02,304.72856458542014,304.7285664650426,-1.8796224594552768e-06,1.7655404944317519,,
880,0,302.40344268071544,302.40344199635103,6.8436440869845683e-07,2.5499999999670391,,
880,0.001,302.40862943422172,302.40862875890889,6.7531283320931834e-07,2.5499999999057876,,
880,0.002,302.42421693919101,302.42421629709031,6.421007014978386e-07,2.5499999994106499,,
880,0.0030000000000000001,302.45028664651051,302.4502860596545,5.8685600379249081e-07,2.5499999960647641,,
880,0.0040000000000000001,302.48697334674011,302.48697283682912,5.099109898765164e-07,2.5499999748675632,,
880,0.0050000000000000001,302.53446366383736,302.53446325207392,4.1176343756887945e-07,2.549999851021203,,
880,0.0060000000000000001,302.59299382032384,302.59299352716027,2.9316356631170493e-07,2.5499991904762345,,
880,0.0070000000000000001,302.66284655973209,302.66284640450669,1.5522539342782693e-07,2.5499959925192868,,
880,0.0080000000000000002,302.74434710344605,302.74434710386851,-4.2246028897352517e-10,2.5499819853118959,,
880,0.0090000000000000011,302.83785803893454,302.83785821037378,-1.7143923969342723e-07,2.5499265902511787,,
880,0.01,302.94377309917678,302.94377345372561,-3.5454883118291036e-07,2.5497290204120415,,
880,0.010999999999999999,303.0625099108513,303.06251045622497,-5.4537366622753325e-07,2.5490939184615518,,
880,0.012,303.19450196318093,303.19450270168568,-7.3850475246217684e-07,2.5472540006799331,,
880,0.013000000000000001,303.34019026069984,303.34019118863677,-9.2793692374470993e-07,2.5424480948811157,,
880,0.014,303.50001532232733,303.50001643017214,-1.1078448096668581e-06,2.5311173668440814,,
880,0.014999999999999999,303.67441029977499,303.67441157330245,-1.2735274594888324e-06,2.5069556467411531,,
880,0.016,303.86379592957996,303.86379735171437,-1.4221344031284389e-06,2.460204813349804,,
880,0.017000000000000001,304.06857775973413,304.06857931256582,-1.5528316907875706e-06,2.3777347539405902,,
880,0.018000000000000002,304.28914563879192,304.28914730504783,-1.6662559119140496e-06,2.2442252062799857,,
880,0.019,304.5258749530181,304.52587671675764,-1.7637395330893924e-06,2.0440260436648181,,
880,0.02,304.77912873719612,304.77913059411173,-1.8569156168268819e-06,1.761906634303124,,
890,0,302.43866589013123,302.43866522397656,6.6615467630981584e-07,2.5499999999569152,,
890,0.001,302.4439133754953,302.44391271843432,6.570609798473015e-07,2.5499999998791338,,
890,0.002,302.45968247106782,302.45968184733493,6.2373288756134571e-07,2.5499999992622171,,
890,0.0030000000000000001,302.48605277855916,302.48605221023217,5.6832698192010866e-07,2.5499999951846339,,
890,0.0040000000000000001,302.5231558951221,302.52315540388639,4.9123570988740539e-07,2.549999969898737,,
890,0.0050000000000000001,302.57117375084476,302.57117335778116,3.9306360122282058e-07,2.5499998251257852,,
890,0.0060000000000000001,302.63033618142657,302.6303359066913,2.7473527097754413e-07,2.5499990675316497,,
890,0.0070000000000000001,302.70091765710595,302.70091751948053,1.3762542039330583e-07,2.5499954644751699,,
890,0.0080000000000000002,302.78323309968681,302.78323311597546,-1.6288652204821119e-08,2.5499799423389455,,
890,0.0090000000000000011,302.87763275915864,302.87763294343472,-1.8427607528792578e-07,2.5499194903401285,,
890,0.01,302.98449619589212,302.98449655865056,-3.6275844195188256e-07,2.5497069025588748,,
890,0.010999999999999999,303.10422552342453,303.10422607077447,-5.4734994137106696e-07,2.5490322542806725,,
890,0.012,303.23723819915415,303.23723893225014,-7.3309598747073323e-07,2.5471003422999066,,
890,0.013000000000000001,303.38395978053745,303.38396069545007,-9.1491261855480843e-07,2.5421062238800642,,
890,0.014,303.54481715503556,303.54481824317321,-1.0881376510951668e-06,2.5304387418830605,,
890,0.014999999999999999,303.72023276219403,303.72023401124153,-1.2490475000959123e-06,2.5057542716693653,,
890,0.016,303.91062022759223,303.91062162276967,-1.3951774349152402e-06,2.4583084469179508,,
890,0.017000000000000001,304.11638162278746,304.11638314814593,-1.525358470644278e-06,2.375066734511976,,
890,0.018000000000000002,304.33790629508269,304.33790793456177,-1.6394790804952208e-06,2.2408846356979391,,
890,0.019,304.57557095226571,304.57557269044662,-1.7381809129801695e-06,2.0403200719796777,,
890,0.02,304.82974052603834,304.82974235867096,-1.8326326198803145e-06,1.7583016400639526,,
900,0,302.47429490452845,302.47429425817603,6.4635241869837046e-07,2.5499999999440091,,
900,0.001,302.47960169206891,302.47960105484452,6.3722438881086418e-07,2.5499999998457663,,
900,0.002,302.49554802572527,302.49554742191452,6.0381074717952288e-07,2.5499999990808364,,
900,0.0030000000000000001,302.5222114747794,302.52221092645595,5.4832344176247716e-07,2.5499999941330511,,
900,0.0040000000000000001,302.55972016334806,302.55971969209241,4.712556460617634e-07,2.5499999640860205,,
900,0.0050000000000000001,302.60825099630569,302.60825062293537,3.7337031244533136e-07,2.5499997954271802,,
900,0.0060000000000000001,302.66802711143055,302.66802685561902,2.5581152840459254e-07,2.5499989291233214,,
900,0.0070000000000000001,302.73931451736962,302.73931439714829,1.2022132978017908e-07,2.5499948802071324,,
900,0.0080000000000000002,302.82241789921846,302.82241793037002,-3.1151557777775452e-08,2.5499777177895231,,
900,0.0090000000000000011,302.91767561906738,302.91767581444628,-1.9537890239007538e-07,2.5499118727443135,,
900,0.01,303.02545400772408,303.02545437658625,-3.688621745823184e-07,2.5496834903824315,,
900,0.010999999999999999,303.14614113002108,303.14614167747476,-5.4745368061048794e-07,2.5489677757966138,,
900,0.012,303.28014029625132,303.28014102295634,-7.2670502504479373e-07,2.5469414244478701,,
900,0.013000000000000001,303.42786366630412,303.42786456851775,-9.0221362825104734e-07,2.5417560621697981,,
900,0.014,303.58972632800641,303.58972739800561,-1.0699992003537773e-06,2.5297494771166043,,
900,0.014999999999999999,303.76614120796279,303.76614243479025,-1.2268274645066413e-06,2.5045427039116457,,
900,0.016,303.95751508494368,303.95751645535,-1.370406323530915e-06,2.4564070797963979,,
900,0.017000000000000001,304.16424583402829,304.16424733345144,-1.4994231491982646e-06,2.3724037904307149,,
900,0.018000000000000002,304.38672086473389,304.38672247817595,-1.6134420661728655e-06,2.2375613579015816,,
900,0.019,304.6253165707999,304.6253182832354,-1.7124355053965701e-06,2.0366407697387885,,
900,0.02,304.88039914771446,304.88040032848448,-1.1807700275312527e-06,1.7547250205392406,,
910,0,302.51031965117062,302.51031902735286,6.2381775478570489e-07,2.549999999927647,,
910,0.001,302.51568418499016,302.51568356931375,6.1567641296278453e-07,2.5499999998042013,,
910,0.002,302.53180304282756,302.53180246051301,5.8231455568602541e-07,2.5499999988601871,,
910,0.0030000000000000001,302.55875163257889,302.55875110561851,5.2696037755595171e-07,2.5499999928816286,,
910,0.0040000000000000001,302.59665442324246,302.59665397299796,4.5024449946140521e-07,2.5499999573100989,,
910,0.0050000000000000001,302.64568310985186,302.64568275674708,3.531047809701704e-07,2.5499997614723444,,
910,0.0060000000000000001,302.70605401620548,302.70605377931668,2.3688880901318043e-07,2.5499987737257857,,
910,0.0070000000000000001,302.77802472880745,302.77802462536863,1.0343882195229526e-07,2.5499942352248337,,
910,0.0080000000000000002,302.861889982028,302.8618900268732,-4.4845194224762963e-08,2.5499753002815915,,
910,0.0090000000000000011,302.95797685757708,302.95797706256803,-2.0499095398918143e-07,2.5499037131233111,,
910,0.01,303.06663941818636,303.06663979169116,-3.7350480397435604e-07,2.5496587414616223,,
910,0.010999999999999999,303.18825295883391,303.18825350531711,-5.4648319292027736e-07,2.548900427139619,,
910,0.012,303.32320811837377,303.32320883805011,-7.1967633630265482e-07,2.5467772044632122,,
910,0.013000000000000001,303.47190514279117,303.4719060311777,-8.8838652345657465e-07,2.5413976320390579,,
910,0.014,303.634748666512,303.63474971503319,-1.0485211987543153e-06,2.5290497121162772,,
910,0.014999999999999999,303.81214376414431,303.81214496550081,-1.2013564969493018e-06,2.5033212002708969,,
910,0.016,304.00449579516658,304.00449714223686,-1.3470702810991497e-06,2.4545009905668236,,
910,0.017000000000000001,304.21222175147273,304.21222321599714,-1.4645244164057658e-06,2.3697460558815768,,
910,0.018000000000000002,304.43578932087314,304.43579089805206,-1.5771789207974507e-06,2.2342552277167469,,
910,0.019,304.67580154311992,304.67580335756821,-1.8144482964999042e-06,2.0329877183818796,,
910,0.02,304.93311934236903,304.93312160341981,-2.2610507812714786e-06,1.7511752982948126,,
920,0,302.54672933461251,302.54672873359806,6.0101444887550315e-07,2.5499999999070129,,
920,0.001,302.55214997524126,302.55214938232075,5.929205144639127e-07,2.5499999997526772,,
920,0.002,302.5684364126891,302.56843585296144,5.5972765267142677e-07,2.5499999985929298,,
920,0.0030000000000000001,302.59566182476311,302.59566132002305,5.0474005774958641e-07,2.5499999913981384,,
920,0.0040000000000000001,302.63394694292606,302.63394651421879,4.2870726701949025e-07,2.5499999494383365,,
920,0.0050000000000000001,302.68345820224965,302.68345786953171,3.3271794563916046e-07,2.5499997227676183,,
920,0.0060000000000000001,302.74440515358862,302.74440493530716,2.182814569096081e-07,2.5499985997079753,,
920,0.0070000000000000001,302.8170371573201,302.81703706992283,8.739726808926207e-08,2.5499935248125887,,
920,0.0080000000000000002,302.9016394050534,302.90163946243752,-5.7384113461012021e-08,2.5499726780658865,,
920,0.0090000000000000011,302.99852835475934,302.99852856768922,-2.1292987639753846e-07,2.5498949867707514,,
920,0.01,303.10804671741755,303.10804709311304,-3.7569549249383272e-07,2.5496326134794902,,
920,0.010999999999999999,303.23055821311385,303.23055875552132,-5.4240746294453857e-07,2.5488301537347486,,
920,0.012,303.36644247391342,303.36644318472236,-7.1080893349062535e-07,2.5466076424878761,,
920,0.013000000000000001,303.51609084234951,303.51609172037752,-8.7802800408098847e-07,2.5410309589252784,,
920,0.014,303.67990461971982,303.67990565588826,-1.0361684417148354e-06,2.5283395870365077,,
920,0.014999999999999999,303.85829872961619,303.85829990248538,-1.1728691902135324e-06,2.5020900128573142,,
920,0.016,304.05171545646209,304.05171674397138,-1.2875092920694442e-06,2.4525904487588392,,
920,0.017000000000000001,304.26065348101469,304.26065490152882,-1.4205141383172304e-06,2.3670936573107637,,
920,0.018000000000000002,304.48571451539834,304.48571615788154,-1.6424831983385957e-06,2.2309660997031844,,
920,0.019,304.72766188348481,304.72766386773492,-1.984250104669627e-06,2.0293605063064803,,
920,0.02,304.98747481838427,304.98747725776894,-2.439384672925371e-06,1.7476521780209124,,
930,0,302.58351273500875,302.58351215787275,5.7713600654096808e-07,2.5499999998811247,,
930,0.001,302.58898780369435,302.58898723455178,5.6914257129392354e-07,2.5499999996891041,,
930,0.002,302.60543677696069,302.60543624068373,5.3627695706381928e-07,2.5499999982705752,,
930,0.0030000000000000001,302.63293058822717,302.63293010631355,4.8191361656790832e-07,2.5499999896461119,,
930,0.0040000000000000001,302.67158623433329,302.67158582741814,4.0691514868740342e-07,2.5499999403237226,,
930,0.0050000000000000001,302.72156494727517,302.72156463475648,3.1251869359039119e-07,2.549999678776437,,
930,0.0060000000000000001,302.78306966095772,302.78306946055852,2.0039919945702422e-07,2.5499984053296201,,
930,0.0070000000000000001,302.85634181433625,302.85634174165949,7.2676755280554062e-08,2.5499927440268717,,
930,0.0080000000000000002,302.94165756747054,302.94165763563501,-6.8164467847964261e-08,2.5499698390317755,,
930,0.0090000000000000011,303.03932356764898,303.03932378705019,-2.1940121541774715e-07,2.5498856686385523,,
930,0.01,303.14967251233696,303.14967289035934,-3.7802237784489989e-07,2.5496050642648842,,
930,0.010999999999999999,303.27305895682321,303.27305949707988,-5.4025667850510217e-07,2.5487569023281149,,
930,0.012,303.40985616385956,303.40985686476029,-7.0090072767925449e-07,2.5464327014156019,,
930,0.013000000000000001,303.56045532425151,303.56045617804347,-8.5379195979840006e-07,2.5406560712601745,,
930,0.014,303.72526911724702,303.72527011267124,-9.9542421594378538e-07,2.5276192424514372,,
930,0.014999999999999999,303.90474203633761,303.90474316723947,-1.1309018645988544e-06,2.500849389110519,,
930,0.016,304.09936962999626,304.09937090855033,-1.2785540661752748e-06,2.4506757151483001,,
930,0.017000000000000001,304.30972719113527,304.30972865952714,-1.4683918720947986e-06,2.3644467137632832,,
930,0.018000000000000002,304.53650528300568,304.53650701178213,-1.7287764535467431e-06,2.2276938284489423,,
930,0.019,304.7805455392712,304.78054761097883,-2.0717076267828816e-06,2.025758713335255,,
930,0.02,305.04286720205334,305.04286971157927,-2.5095259275076387e-06,1.7441555007651939,,
940,0,302.62065849209415,302.62065793955679,5.5253735808946658e-07,2.5499999998488043,,
940,0.001,302.62618630935935,302.62618576465661,5.4470274335471913e-07,2.5499999996110212,,
940,0.002,302.64279278774671,302.64279227540902,5.1233769227110315e-07,2.5499999978833414,,
940,0.0030000000000000001,302.6705466463182,302.67054618743737,4.588808337757655e-07,2.5499999875844197,,
940,0.0040000000000000001,302.70956121988013,302.70956083459674,3.8528338563992293e-07,2.5499999298037763,,
940,0.0050000000000000001,302.759992686538,302.75999239367707,2.9286093194968998e-07,2.5499996289170261,,
940,0.0060000000000000001,302.82203764104918,302.82203745773052,1.8331866158405319e-07,2.5499981887377841,,
940,0.0070000000000000001,302.89593009208642,302.8959300333251,5.8761315813171677e-08,2.549991887694238,,
940,0.0080000000000000002,302.98193802435799,302.98193810261779,-7.8259802194224903e-08,2.5499667707137994,,
940,0.0090000000000000011,303.08035977263341,303.08035999725718,-2.2462376136900275e-07,2.5498757333613802,,
940,0.01,303.19152062448495,303.19152100098506,-3.7650011108780745e-07,2.5495760518325725,,
940,0.010999999999999999,303.31577031607554,303.31577084555363,-5.2947808626413462e-07,2.5486806210094115,,
940,0.012,303.45348239675997,303.4534830761981,-6.7943813064630376e-07,2.5462523468384566,,
940,0.013000000000000001,303.60505674067144,303.60505756521013,-8.2453868799348129e-07,2.5402730003189347,,
940,0.014,303.77092662096493,303.7709275888397,-9.6787476877580048e-07,2.5268888192022141,,
940,0.014999999999999999,303.95157150919789,303.95157262841821,-1.119220314649283e-06,2.4995995718290365,,
940,0.016,304.14753590408264,304.14753719870083,-1.2946181868755957e-06,2.4487570420459979,,
940,0.017000000000000001,304.35945297955334,304.35945449261516,-1.5130618180592137e-06,2.3618053372134078,,
940,0.018000000000000002,304.58806992835412,304.58807171886673,-1.7905126128425763e-06,2.2244382685721966,,
940,0.019,304.83427016552309,304.83427230079343,-2.1352703356569691e-06,2.0221819231839566,,
940,0.02,305.09908683481126,305.09908939619822,-2.561386963861878e-06,1.7406849233908779,,
950,0,302.65815534376219,302.6581548161455,5.276166916701186e-07,2.5499999998086493,,
950,0.001,302.66373426186294,302.66373374187373,5.1998921435369994e-07,2.5499999995155354,,
950,0.002,302.68049332429018,302.68049283603034,4.8825984322320437e-07,2.5499999974199974,,
950,0.0030000000000000001,302.70849911040568,302.70849867450511,4.3590057430265006e-07,2.549999985166818,,
950,0.0040000000000000001,302.74786144659805,302.74786108268216,3.6391588764672633e-07,2.5499999176994073,,
950,0.0050000000000000001,302.79873174062976,302.79873146692626,2.7370350608180161e-07,2.5499995725600808,,
950,0.0060000000000000001,302.861300749441,302.86130058232845,1.6711254602341796e-07,2.5499979479635004,,
950,0.0070000000000000001,302.93579591339841,302.93579586690197,4.6496438699250575e-08,2.5499909504096374,,
950,0.0080000000000000002,303.02247847867443,303.0224785639283,-8.5253873294277582e-08,2.5499634602987569,,
950,0.0090000000000000011,303.12164075740844,303.12164098218085,-2.2477240690932376e-07,2.5498651552811351,,
950,0.01,303.23360404289002,303.23360441140301,-3.6851298546025646e-07,2.5495455344217266,,
950,0.010999999999999999,303.35871788610922,303.35871839951687,-5.1340765594432014e-07,2.5486012592312899,,
950,0.012,303.49736160264155,303.49736226057524,-6.5793369685707148e-07,2.5460665469919075,,
950,0.013000000000000001,303.64994893198758,303.64994973540007,-8.0341249031334883e-07,2.539881780074297,,
950,0.014,303.81693660821617,303.81693756322954,-9.5501337682435405e-07,2.5261484582545584,,
950,0.014999999999999999,303.99883712488196,303.99883824682399,-1.1219420343877573e-06,2.4983407992048443,,
950,0.016,304.19623516059551,304.19623647711933,-1.3165238215151476e-06,2.4468346735738673,,
950,0.017000000000000001,304.40980607105973,304.40980762294686,-1.5518871236963605e-06,2.3591696328862226,,
950,0.018000000000000002,304.64033379169626,304.6403356305637,-1.8388674334346433e-06,2.2211992743510374,,
950,0.019,304.88872478216365,304.88872696552971,-2.1833660639458685e-06,2.018629736829225,,
950,0.02,305.1560146194883,305.15601721882251,-2.5993342092078819e-06,1.7372400691383139,,
960,0,302.69599235196489,302.69599184924215,5.027227416576352e-07,2.5499999997589908,,
960,0.001,302.70162079227202,302.70162029692932,4.9534270374351763e-07,2.5499999993992648,,
960,0.002,302.71852774533505,302.71852728096121,4.6437384071396082e-07,2.5499999968676899,,
960,0.0030000000000000001,302.74677779060499,302.74677737726222,4.1334277511850814e-07,2.5499999823414776,,
960,0.0040000000000000001,302.78647752209912,302.78647717874605,3.4335306509092334e-07,2.5499999038137506,,
960,0.0050000000000000001,302.83777406012456,302.83777380417519,2.5594937369533e-07,2.5499995090264265,,
960,0.0060000000000000001,302.9008531206793,302.9008529675221,1.5315720247599529e-07,2.5499976809185378,,
960,0.0070000000000000001,302.97593682815562,302.9759367906853,3.7470329061761731e-08,2.5499899265350989,,
960,0.0080000000000000002,303.0632815523374,303.06328164058863,-8.8251226770807989e-08,2.5499598946333601,,
960,0.0090000000000000011,303.16317616669676,303.16317638773148,-2.2103472474555019e-07,2.549853908471448,,
960,0.01,303.27594124782263,303.27594160607447,-3.5825183886117884e-07,2.5495134705327787,,
960,0.010999999999999999,303.40192983579686,303.40193033407996,-4.9828310011434951e-07,2.5485187678255721,,
960,0.012,303.54153040594593,303.54153104725049,-6.4130455257327412e-07,2.5458752726983076,,
960,0.013000000000000001,303.69517260662349,303.69517339662178,-7.8999829611348105e-07,2.5394824470550015,,
960,0.014,303.8633360442285,303.86333699413723,-9.4990872412381577e-07,2.5253983005658966,,
960,0.014999999999999999,304.04656192485402,304.04656305404723,-1.1291932082713174e-06,2.4970733048628504,,
960,0.016,304.24546672792894,304.24546806556503,-1.3376360925576591e-06,2.4449088459308621,,
960,0.017000000000000001,304.46075639860203,304.460757983576,-1.584973972512671e-06,2.3565396995615711,,
960,0.018000000000000002,304.6932389718632,304.69324085069093,-1.8788277316161839e-06,2.2179766995654866,,
960,0.019,304.94383327347737,304.94383549631112,-2.2228337570595613e-06,2.015101772571696,,
960,0.02,305.21357086610323,305.21357416042412,-3.2943208907454391e-06,1.7338205525135633,,
970,0,302.73415920461775,302.73415872449527,4.8012248043960426e-07,2.5499999996978562,,
970,0.001,302.73983571151564,302.73983524008247,4.714331680588657e-07,2.5499999992582683,,
970,0.002,302.75688625837995,302.75688581699671,4.4138323573861271e-07,2.5499999962117652,,
970,0.0030000000000000001,302.78537364909982,302.78537325708464,3.9201518120535184e-07,2.5499999790504746,,
970,0.0040000000000000001,302.82540166664626,302.82540134213792,3.2450833487018826e-07,2.5499998879309449,,
970,0.0050000000000000001,302.87711383087662,302.87711359037911,2.4049751345955883e-07,2.5499994375846811,,
970,0.0060000000000000001,302.94069185615461,302.9406917141057,1.4204891840563505e-07,2.5499973853922975,,
970,0.0070000000000000001,303.01635402726231,303.01635399569693,3.1565377867082134e-08,2.5499888101988217,,
970,0.0080000000000000002,303.10435379714301,303.10435388555356,-8.8410558873874834e-08,2.5499560602323834,,
970,0.0090000000000000011,303.20497899623325,303.20497921175377,-2.1552051521211979e-07,2.5498419667620951,,
970,0.01,303.3185521124102,303.31855246046121,-3.4805100312951254e-07,2.5494798189626233,,
970,0.010999999999999999,303.44543212555237,303.44543261105548,-4.8550310793871176e-07,2.5484330990164903,,
970,0.012,303.58601832730147,303.5860189565542,-6.2925272459324333e-07,2.5456784973091842,,
970,0.013000000000000001,303.74075638356476,303.74075716668318,-7.8311842344191973e-07,2.5390750402088527,,
970,0.014,303.91014650332761,303.91014745580873,-9.5248111620094278e-07,2.5246384869616878,,
970,0.014999999999999999,304.09475249302358,304.09475363556936,-1.1425457842051401e-06,2.495797317904469,,
970,0.016,304.29520701300595,304.29520837898048,-1.3659745263794321e-06,2.4429797876488646,,
970,0.017000000000000001,304.51219925008257,304.51220088244258,-1.6323600107170932e-06,2.3539156298492263,,
970,0.018000000000000002,304.74641660996161,304.7464184940514,-1.8840897837435477e-06,2.2147703977812259,,
970,0.019,304.99840925547113,304.9984112413851,-1.9859139683831017e-06,2.0115976634051793,,
970,0.02,305.26838878958068,305.26839061591727,-1.8263365859638725e-06,1.7304268437550971,,
980,0,302.77264661884988,302.77264616192616,4.5692371486438788e-07,2.5499999996229241,,
980,0.001,302.77836992323193,302.7783694746131,4.4861883452540496e-07,2.5499999990879676,,
980,0.002,302.79556035390215,302.79555993416386,4.1973828501795651e-07,2.5499999954355634,,
980,0.0030000000000000001,302.8242792428635,302.82427887050278,3.7236071648294455e-07,2.5499999752292624,,
980,0.0040000000000000001,302.8646281047574,302.86462779705568,3.0770172543270746e-07,2.5499998698148967,,
980,0.0050000000000000001,302.91674768641479,302.916747459021,2.2739379801350879e-07,2.549999357448919,,
980,0.0060000000000000001,302.98081685592985,302.98081672252459,1.3340525129024172e-07,2.5499970590488545,,
980,0.0070000000000000001,303.05705155822699,303.05705153035706,2.7869930363522144e-08,2.5499875952946462,,
980,0.0080000000000000002,303.14570413031322,303.14570421751466,-8.7201442511286587e-08,2.5499519432873137,,
980,0.0090000000000000011,303.24706332050602,303.24706353081189,-2.1030587049608584e-07,2.5498293037633042,,
980,0.01,303.36145536696233,303.3614557076686,-3.4070626497850753e-07,2.5494445388381761,,
980,0.010999999999999999,303.48924640917528,303.4892468873482,-4.7817292170293513e-07,2.5483442064310649,,
980,0.012,303.63084621280825,303.63084683563744,-6.2282919088829658e-07,2.5454761966464172,,
980,0.013000000000000001,303.78671243915818,303.78671321693008,-7.7777190199412871e-07,2.5386596007701279,,
980,0.014,303.95735310850978,303.95735406313156,-9.5462178251182195e-07,2.5238691580203456,,
980,0.014999999999999999,304.14332222667008,304.14332339791122,-1.17124113785394e-06,2.4945130629549719,,
980,0.016,304.34520035187523,304.34520177562325,-1.4237480172596406e-06,2.4410477198396285,,
980,0.017000000000000001,304.56355055178966,304.56355220687442,-1.6550847590224294e-06,2.3512975104411491,,
980,0.018000000000000002,304.79884477539122,304.7988465525155,-1.7771242823982902e-06,2.2115802228154076,,
980,0.019,305.05136868275355,305.05137040974478,-1.7269912291340006e-06,2.0081170589944533,,
980,0.02,305.3211303086639,305.32113183719349,-1.5285295944522659e-06,1.7270584093297237,,
990,0,302.81144675077485,302.81144631524751,4.3552734041440999e-07,2.5499999995314662,,
990,0.001,302.81721582405964,302.81721539640284,4.2765680063894251e-07,2.5499999988830693,,
990,0.002,302.83454316899514,302.83454276891581,4.0007932966545923e-07,2.5499999945202116,,
990,0.0030000000000000001,302.86348900045289,302.86348864559039,3.548624931681843e-07,2.5499999708061112,,
990,0.0040000000000000001,302.90415317323044,302.90415288006091,2.9316953487068531e-07,2.5499998492079996,,
990,0.0050000000000000001,302.95667453766572,302.95667432117398,2.1649174186677556e-07,2.5499992677763417,,
990,0.0060000000000000001,303.02123025632051,303.02123012979683,1.2652367331611458e-07,2.549996699424153,,
990,0.0070000000000000001,303.09803529038828,303.09803526537706,2.5011217985593248e-08,2.5499862754818947,,
990,0.0080000000000000002,303.18734229517639,303.1873423815556,-8.6379202457464999e-08,2.5499475296754066,,
990,0.0090000000000000011,303.28944214228954,303.28944234852167,-2.0623213004000718e-07,2.5498158928898542,,
990,0.01,303.40466515552254,303.4046654894313,-3.3390875842087553e-07,2.5494075896482928,,
990,0.010999999999999999,303.53338281711598,303.53338328790926,-4.7079328169274959e-07,2.5482520451069104,,
990,0.012,303.67600905864089,303.67600968041944,-6.2177855397749227e-07,2.5452683489428072,,
990,0.013000000000000001,303.8329992294544,303.83300002408691,-7.9463251267952728e-07,2.5382361721316413,,
990,0.014,304.00484355984162,304.00484455416222,-9.943206009666028e-07,2.5230904539662937,,
990,0.014999999999999999,304.19205090871424,304.19205212138326,-1.2126690194236289e-06,2.4932207602135499,,
990,0.016,304.39511874610326,304.39512016649246,-1.4203891964825743e-06,2.4391128564317826,,
990,0.017000000000000001,304.6144877218353,304.61448929531809,-1.5734827911728644e-06,2.3486854223556839,,
990,0.018000000000000002,304.85048420556677,304.85048583541641,-1.6298496348099434e-06,2.2084060291885899,,
990,0.019,305.10326064322527,305.10326220882968,-1.5656044070055941e-06,2.0046596364192033,,
990,0.02,305.37274859795446,305.37274998876273,-1.3908082792113419e-06,1.723714613939336,,
1000,0,302.85055349106483,302.85055307468684,4.1637798631199985e-07,2.5499999994202969,,
1000,0.001,302.85636757541499,302.85636716646246,4.089525305062125e-07,2.5499999986374693,,
1000,0.002,302.87382968376369,302.87382930107367,3.8269001834123628e-07,2.5499999934443882,,
1000,0.0030000000000000001,302.90299928115917,302.90299894156652,3.3959264555960544e-07,2.5499999657015238,,
1000,0.0040000000000000001,302.94397516830304,302.9439748875958,2.8070724056306062e-07,2.5499998258298238,,
1000,0.0050000000000000001,302.9968951177932,302.99689491042943,2.0736376882268814e-07,2.5499991676649567,,
1000,0.0060000000000000001,303.06193554667857,303.06193542562124,1.2105732594136498e-07,2.5499963039233435,,
1000,0.0070000000000000001,303.13931136759322,303.13931134434387,2.3249356218002504e-08,2.5499848441856061,,
1000,0.0080000000000000002,303.22927612517992,303.22927621015788,-8.497795533912722e-08,2.5499428049691768,,
1000,0.0090000000000000011,303.33212239921914,303.3321226026772,-2.0345805751276202e-07,2.5498017073849595,,
1000,0.01,303.44818219434046,303.44818252787599,-3.3353552453263546e-07,2.5493689312740511,,
1000,0.010999999999999999,303.57782660216731,303.57782708038769,-4.782203859576839e-07,2.5481565714974193,,
1000,0.012,303.72146342844349,303.72146406949963,-6.4105614683285239e-07,2.5450549347818789,,
1000,0.013000000000000001,303.8795308427259,303.87953166582696,-8.2310106108707259e-07,2.5378047997210369,,
1000,0.014,304.05248469672705,304.05248571542523,-1.0186981853621546e-06,2.5223025145707183,,
1000,0.014999999999999999,304.24077736160956,304.24077857371566,-1.2121060990466503e-06,2.4919206255063426,,
1000,0.016,304.44482713597307,304.44482851402859,-1.3780555150333385e-06,2.4371754043991021,,
1000,0.017000000000000001,304.66497960116243,304.66498108855671,-1.4873942859594536e-06,2.3460794411859887,,
1000,0.018000000000000002,304.90146536238041,304.90146687689673,-1.514516327461024e-06,2.2052476726643384,,
1000,0.019,305.15436143873984,305.1543628832901,-1.4445502642956853e-06,2.0012250879665476,,
1000,0.02,305.42356488771509,305.423566171414,-1.2836989071729477e-06,1.7203949970481316,,
1010,0,302.88996257599007,302.88996217631683,3.9967324028111761e-07,2.5499999992857068,,
1010,0.001,302.89582118331839,302.89582079064508,3.9267331430892227e-07,2.5499999983441541,,
1010,0.002,302.91341670359185,302.91341633592759,3.6766425637324573e-07,2.549999992184079,,
1010,0.0030000000000000001,302.94280817955286,302.94280785298054,3.265723194090242e-07,2.5499999598276184,,
1010,0.0040000000000000001,302.98409386123154,302.98409359093012,2.7030142746298225e-07,2.5499997993757852,,
1010,0.0050000000000000001,303.03741103598094,303.03741083605382,1.9992711486338521e-07,2.5499990561512842,,
1010,0.0060000000000000001,303.10293588795821,303.10293577145723,1.1650098485915805e-07,2.5499958698183005,,
1010,0.0070000000000000001,303.18088341844964,303.18088339768923,2.0760410279763164e-08,2.5499832945971166,,
1010,0.0080000000000000002,303.27150736319999,303.27150745040166,-8.720166988496203e-08,2.5499377544462476,,
1010,0.0090000000000000011,303.37509986123808,303.37510006940494,-2.0816685264435364e-07,2.5497867203438687,,
1010,0.01,303.4919903522354,303.49199069589412,-3.436587121541379e-07,2.5493285240174175,,
1010,0.010999999999999999,303.62254282849744,303.62254332364921,-4.9515176669956418e-07,2.5480577434746272,,
1010,0.012,303.76715021840664,303.76715088089156,-6.6248492203158094e-07,2.5448359370373517,,
1010,0.013000000000000001,303.92622446938441,303.9262253111558,-8.4177139569874271e-07,2.5373655308815066,,
1010,0.014,304.10018101645147,304.10018204001631,-1.0235648346679227e-06,2.521505479059539,,
1010,0.014999999999999999,304.28941694283338,304.28941813513802,-1.192304637243069e-06,2.4906128703415367,,
1010,0.016,304.49428333247721,304.49428466037511,-1.327897905412101e-06,2.4352355639797767,,
1010,0.017000000000000001,304.71505394946138,304.71505535859035,-1.4091289699535992e-06,2.3434796373561109,,
1010,0.018000000000000002,304.95189407679788,304.95189549486543,-1.4180675407260424e-06,2.202105010948932,,
1010,0.019,305.20483454943843,305.20483589369456,-1.3442561339616077e-06,1.9978131083256554,,
1010,0.02,305.47375616976188,305.47375736384254,-1.1940806530219561e-06,1.7170991439141308,,
1020,0,302.92967145141273,302.92967106585849,3.8555424453079468e-07,2.5499999991233904,,
1020,0.001,302.93557431799172,302.93557393905058,3.7894113802394713e-07,2.5499999979950903,,
1020,0.002,302.95330253832799,302.95330218328172,3.5504626794136129e-07,2.5499999907123141,,
1020,0.0030000000000000001,302.9829149476962,302.98291463204856,3.1564763958158437e-07,2.5499999530874931,,
1020,0.0040000000000000001,303.02450952102618,303.02450925965491,2.6137126951653045e-07,2.5499997695157806,,
1020,0.0050000000000000001,303.07822325605008,303.07822306319133,1.9285874941488146e-07,2.5499989322080854,,
1020,0.0060000000000000001,303.14423199698138,303.14423188640063,1.105807427848049e-07,2.5499953942452955,,
1020,0.0070000000000000001,303.22275011556775,303.2227501009146,1.4653153357357951e-08,2.5499816196750169,,
1020,0.0080000000000000002,303.31402984676942,303.31402994201909,-9.524967481411295e-08,2.5499323630995314,,
1020,0.0090000000000000011,303.41835990067608,303.41836012043262,-2.1975654362904606e-07,2.5497709047371311,,
1020,0.01,303.53606275762473,303.53606311693892,-3.5931418551626848e-07,2.5492863286283005,,
1020,0.010999999999999999,303.66748984485974,303.6674903581723,-5.1331255690456601e-07,2.5479555203298312,,
1020,0.012,303.81301366670624,303.81301434563636,-6.7893012101194472e-07,2.544611340812382,,
1020,0.013000000000000001,303.97301601440461,303.97301686440676,-8.5000215221953113e-07,2.5369184147568142,,
1020,0.014,304.14787171076267,304.14787272711277,-1.0163500974158524e-06,2.5206994860282221,,
1020,0.014999999999999999,304.33792799747465,304.33792916149037,-1.1640157140391238e-06,2.48929770196633,,
1020,0.016,304.54348060816068,304.54348188480827,-1.2766475947501021e-06,2.4332935288879578,,
1020,0.017000000000000001,304.76474862944781,304.76474996735078,-1.3379029724092106e-06,2.3408860763888351,,
1020,0.018000000000000002,305.00185117227949,305.00185250668198,-1.3344024978323432e-06,2.1989779040965507,,
1020,0.019,305.25478935085999,305.25479060943968,-1.2585796866915189e-06,1.9944233934237428,,
1020,0.02,305.52343692324939,305.52343796929915,-1.0460497605890851e-06,1.7138266643729199,,
1030,0,302.96967879645683,302.96967842551447,3.7094235949552967e-07,2.5499999989283686,,
1030,0.001,302.97562578406081,302.9756254170631,3.669977104436839e-07,2.5499999975811067,,
1030,0.002,302.99348631470639,302.99348597080217,3.4390421888019773e-07,2.54999998899889,,
1030,0.0030000000000000001,303.0233190612783,303.02331875574089,3.055374122595822e-07,2.5499999453745592,,
1030,0.0040000000000000001,303.06522169908106,303.0652214468389,2.5224215960406582e-07,2.5499997358928064,,
1030,0.0050000000000000001,303.11933069290376,303.1193305086216,1.8428215753374388e-07,2.5499987947421174,,
1030,0.0060000000000000001,303.18582088599373,303.18582078423702,1.0175671150136623e-07,2.5499948742028455,,
1030,0.0070000000000000001,303.26490472331915,303.26490471875837,4.5607748688780703e-09,2.5499798121464492,,
1030,0.0080000000000000002,303.35683082880439,303.35683093632298,-1.0751858781077317e-07,2.5499266156477169,,
1030,0.0090000000000000011,303.46188152089212,303.46188175539754,-2.3450542130376562e-07,2.5497542334335033,,
1030,0.01,303.58036871912174,303.58036909481746,-3.7569571986750816e-07,2.5492423063300507,,
1030,0.010999999999999999,303.71262760997837,303.71262813887836,-5.288999886943202e-07,2.5478498627721167,,
1030,0.012,303.85900746050726,303.85900815000286,-6.8949560727560311e-07,2.5443811333786996,,
1030,0.013000000000000001,304.01985916443692,304.0198600140568,-8.4961988022769219e-07,2.536463502180498,,
1030,0.014,304.19551963944292,304.19552063901017,-9.9956724852745538e-07,2.5198846733629852,,
1030,0.014999999999999999,304.38629477104581,304.38629590122008,-1.1301742688374361e-06,2.4879753234253958,,
1030,0.016,304.59244772271774,304.59244894264634,-1.2199286061331804e-06,2.4313494865188656,,
1030,0.017000000000000001,304.81421293273303,304.81421417516509,-1.2424320630088914e-06,2.3382988191874188,,
1030,0.018000000000000002,305.05187774990594,305.05187902681365,-1.2769077102348092e-06,2.1958662144534298,,
1030,0.019,305.30597782530964,305.3059794110531,-1.5857434618737898e-06,1.991055641883289,,
1030,0.02,305.57758984462686,305.57759216839429,-2.3237674326992419e-06,1.7105779485208001,,
1040,0,303.00998373575385,303.00998337564238,3.6011147130921017e-07,2.5499999986949065,,
1040,0.001,303.01597470087705,303.01597434459603,3.5628102068585576e-07,2.5499999970917657,,
1040,0.002,303.0339670771537,303.03396674368145,3.3347225780744338e-07,2.5499999870100685,,
1040,0.0030000000000000001,303.06401924560248,303.06401895020417,2.9539830848079873e-07,2.5499999365718407,,
1040,0.0040000000000000001,303.10622827966353,303.10622803748936,2.4217416694227722e-07,2.5499996981215549,,
1040,0.0050000000000000001,303.16072952041566,303.16072934658615,1.738295054565242e-07,2.5499986425919361,,
1040,0.0060000000000000001,303.2276958013137,303.22769571098877,9.0324931534269126e-08,2.549994306549745,,
1040,0.0070000000000000001,303.30733611107291,303.30733611943185,-8.3589384303195402e-09,2.5499778645087483,,
1040,0.0080000000000000002,303.39989339408464,303.39989351606664,-1.2198199783597374e-07,2.5499204965460178,,
1040,0.0090000000000000011,303.50564110449596,303.50564135415186,-2.4965589773273678e-07,2.5497366792224452,,
1040,0.01,303.62487809048963,303.62487847998926,-3.8949963254708564e-07,2.5491964188433625,,
1040,0.010999999999999999,303.75792147054017,303.75792200914964,-5.3860946991335368e-07,2.5477407329249009,,
1040,0.012,303.90509755443651,303.90509824710301,-6.9266650370991556e-07,2.5441453041158346,,
1040,0.013000000000000001,304.06673192696854,304.06673277006541,-8.4309687053973903e-07,2.5360008455692609,,
1040,0.014,304.24314212039911,304.2431430932607,-9.728615850690403e-07,2.5190611781681027,,
1040,0.014999999999999999,304.43464025375971,304.43464131674665,-1.0629869393596891e-06,2.4866459336206406,,
1040,0.016,304.64155774934659,304.64155887110724,-1.1217606470381725e-06,2.4294036181487639,,
1040,0.017000000000000001,304.86430618712149,304.86430740318491,-1.2160634241809021e-06,2.3357179223205091,,
1040,0.018000000000000002,305.10348158533094,305.10348304179877,-1.4564678281203669e-06,2.1927698063849079,,
1040,0.019,305.36000023285652,305.3600021540322,-1.9211756807635538e-06,1.9877095599987333,,
1040,0.02,305.63522847144236,305.63523111438093,-2.6429385684423323e-06,1.7073525012642963,,
1050,0,303.05058495836295,303.05058460903189,3.4933106007883907e-07,2.5499999984164141,,
1050,0.001,303.05661962892952,303.05661928344119,3.4548833127701073e-07,2.5499999965152202,,
1050,0.002,303.07474295316143,303.07474263055389,3.226075477869017e-07,2.5499999847082666,,
1050,0.0030000000000000001,303.10501275760186,303.10501247328841,2.8431344389900914e-07,2.5499999265512692,,
1050,0.0040000000000000001,303.14752502057866,303.14752478995212,2.306265400875418e-07,2.5499996557869911,,
1050,0.0050000000000000001,303.20241317137413,303.20241300981502,1.615591145309736e-07,2.5499984745257258,,
1050,0.0060000000000000001,303.26984690091933,303.26984682370647,7.7212860105646541e-08,2.5499936880032563,,
1050,0.0070000000000000001,303.35003027427439,303.35003029638966,-2.2115273168310523e-08,2.5499757690314042,,
1050,0.0080000000000000002,303.44319889624126,303.44319903207497,-1.3583371583081316e-07,2.5499139899971488,,
1050,0.0090000000000000011,303.54961590743528,303.54961617031068,-2.6287540322300629e-07,2.5497182148361812,,
1050,0.01,303.66956676362958,303.66956716468309,-4.0105351217789575e-07,2.5491486284086955,,
1050,0.010999999999999999,303.80335321359183,303.80335375908658,-5.4549474270970677e-07,2.5476280943206944,,
1050,0.012,303.95128781063261,303.95128849738427,-6.8675166176035418e-07,2.5439038444505524,,
1050,0.013000000000000001,304.11369177476678,304.11369258640593,-8.1163915410797927e-07,2.5355304988204028,,
1050,0.014,304.29090088561884,304.29090179672778,-9.1110894118173746e-07,2.5182291366988121,,
1050,0.014999999999999999,304.48328559097769,304.48328658582977,-9.9485208693295135e-07,2.485309727371892,,
1050,0.016,304.69129127486508,304.69129237661485,-1.1017497740795079e-06,2.4274560991309961,,
1050,0.017000000000000001,304.91550107484068,304.91550236872672,-1.2938860436406685e-06,2.3331434382929013,,
1050,0.018000000000000002,305.15671621638973,305.15671784694263,-1.6305529015880893e-06,2.189688546008671,,
1050,0.019,305.41603927399626,305.41604141639328,-2.1423970224532241e-06,1.9843848734770493,,
1050,0.02,305.69493834377357,305.69494119130138,-2.8475278099904244e-06,1.7041497433361881,,
1060,0,303.09147998870475,303.09147965089818,3.3780656849558e-07,2.5499999980853474,,
1060,0.001,303.09755787736333,303.097557543486,3.338773240102455e-07,2.5499999958380664,,
1060,0.002,303.1158105789882,303.11581026825382,3.1073437867235043e-07,2.5499999820517179,,
1060,0.0030000000000000001,303.14629503320282,303.14629476120189,2.7200093200008268e-07,2.5499999151729313,,
1060,0.0040000000000000001,303.18910555305439,303.18910533533602,2.1771836600237293e-07,2.5499996084429246,,
1060,0.0050000000000000001,303.24437284999948,303.24437270204487,1.4795460856475984e-07,2.549998289239189,,
1060,0.0060000000000000001,303.31226249199005,303.31226242907348,6.2916569731896743e-08,2.549993015137519,,
1060,0.0070000000000000001,303.39297266299735,303.39297269985389,-3.6856533824902726e-08,2.5499735177583571,,
1060,0.0080000000000000002,303.48673115025343,303.48673130034899,-1.5009555909273331e-07,2.5499070799625176,,
1060,0.0090000000000000011,303.5937916665705,303.59379194071096,-2.7414046144258464e-07,2.5496988129712954,,
1060,0.01,303.7144299891151,303.7144303933261,-4.0421099356535706e-07,2.5490988978071774,,
1060,0.010999999999999999,303.84894101888005,303.84894155219462,-5.3331456228988827e-07,2.5475119118941056,,
1060,0.012,303.99763872047919,303.9976393744073,-6.5392811166020692e-07,2.5436567477965677,,
1060,0.013000000000000001,304.16086181920815,304.16086258144855,-7.6224040412853356e-07,2.5350525172131917,,
1060,0.014,304.33898872233959,304.33898958651304,-8.6417344391520601e-07,2.5173886842996147,,
1060,0.014999999999999999,304.53246481721959,304.53246579725294,-9.8003334869645187e-07,2.4839668954786229,,
1060,0.016,304.74184351477271,304.74184465874521,-1.1439724971751275e-06,2.4255070990890326,,
1060,0.017000000000000001,304.96783896894379,304.96784036562218,-1.3966783853902598e-06,2.3305754157902787,,
1060,0.018000000000000002,305.21138388209806,305.2113856554289,-1.7733308368406142e-06,2.1866223011616839,,
1060,0.019,305.47368163116107,305.47368392489903,-2.2937379640097788e-06,1.9810813183015914,,
1060,0.02,305.75624001181455,305.75624298835777,-2.9765432145723025e-06,1.7009692554960743,,
1070,0,303.13266475398535,303.13266442902926,3.2495609048055485e-07,2.5499999976930954,,
1070,0.001,303.13878512296833,303.1387848020621,3.2090622426039772e-07,2.5499999950451766,,
1070,0.002,303.15716488011719,303.15716458270765,2.9740954232693184e-07,2.5499999789941268,,
1070,0.0030000000000000001,303.18785976197017,303.18785950384728,2.5812289550231071e-07,2.5499999022843043,,
1070,0.0040000000000000001,303.23096193138429,303.23096172819868,2.0318560700616217e-07,2.5499995556105532,,
1070,0.0050000000000000001,303.28659882822132,303.28659869531373,1.3290758715811535e-07,2.5499980853534834,,
1070,0.0060000000000000001,303.35493148970312,303.35493144168868,4.8014442199928453e-08,2.5499922843820961,,
1070,0.0070000000000000001,303.43615235713258,303.43615240716582,-5.003323622077005e-08,2.5499711025105838,,
1070,0.0080000000000000002,303.53048273130594,303.53048288999867,-1.586927282914985e-07,2.5498997501735743,,
1070,0.0090000000000000011,303.63817030503685,303.63817057920051,-2.7416365355747985e-07,2.5496784463098461,,
1070,0.01,303.75948760246007,303.75948799417921,-3.9171914067992475e-07,2.5490471903800573,,
1070,0.010999999999999999,303.89473265981849,303.89473316671859,-5.0690010766629712e-07,2.5473921519732801,,
1070,0.012,304.04423378239727,304.04423440009629,-6.176990154926898e-07,2.5434040094946893,,
1070,0.013000000000000001,304.20836050411185,304.20836123149104,-7.2737918799248291e-07,2.5345669573140821,,
1070,0.014,304.38754268702968,304.3875435339873,-8.4695761870534625e-07,2.5165399553475347,,
1070,0.014999999999999999,304.58229876971859,304.58229976574688,-9.9602829095601919e-07,2.4826176247825047,,
1070,0.016,304.79327240199746,304.79327360301403,-1.2010165733045142e-06,2.4235567821063482,,
1070,0.017000000000000001,305.02127428538347,305.0212757759013,-1.490517831825855e-06,2.3280138998966593,,
1070,0.018000000000000002,305.26732353067251,305.26732541961678,-1.8889442685576796e-06,2.1835709416737306,,
1070,0.019,305.53268107332826,305.5326834838213,-2.4104930389512447e-06,1.977798630305176,,
1070,0.02,305.81886747217675,305.81887054560599,-3.0734292408851616e-06,1.6978106621805655,,
1080,0,303.17413355875181,303.1741332483432,3.1040860903885914e-07,2.5499999972298562,,
1080,0.001,303.18029545699409,303.1802951507305,3.0626358693552902e-07,2.5499999941195286,,
1080,0.002,303.19879934559953,303.19879906307068,2.8252884476387408e-07,2.5499999754842948,,
1080,0.0030000000000000001,303.2296995745142,303.2296993314983,2.4301590428876807e-07,2.5499998877194683,,
1080,0.0040000000000000001,303.27308595623424,303.27308576806644,1.8816780311681214e-07,2.5499994967770161,,
1080,0.0050000000000000001,303.32908262795661,303.32908250917177,1.187848397421476e-07,2.5499978614132086,,
1080,0.0060000000000000001,303.39784653652663,303.39784650027394,3.6252686186344363e-08,2.5499914920207476,,
1080,0.0070000000000000001,303.47956572029261,303.47956577757492,-5.7282306897832314e-08,2.5499685148889912,,
1080,0.0080000000000000002,303.57445774316852,303.57445790206117,-1.5889264659563196e-07,2.5498919841433128,,
1080,0.0090000000000000011,303.68276889462828,303.68276915979374,-2.6516545403865166e-07,2.5496570875399516,,
1080,0.01,303.80477508033437,303.80477545330473,-3.7297036215022672e-07,2.5489934700467445,,
1080,0.010999999999999999,303.9407856262722,303.94078610701564,-4.8074343794723973e-07,2.5472687822698625,,
1080,0.012,304.09115139353719,304.0911519836668,-5.9012961628468474e-07,2.5431456267534545,,
1080,0.013000000000000001,304.2562785077472,304.25627921533072,-7.0758352421762538e-07,2.534073876885683,,
1080,0.014,304.43664850877633,304.43664935411175,-8.4533542121789651e-07,2.5156830832001189,,
1080,0.014999999999999999,304.63284475220252,304.63284577333036,-1.0211278436145221e-06,2.4812620982308178,,
1080,0.016,304.84558350543131,304.84558476177966,-1.2563483551275567e-06,2.4216053069124879,,
1080,0.017000000000000001,305.07574661364652,305.07574818624255,-1.5725960338386358e-06,2.3254589322940356,,
1080,0.018000000000000002,305.32441125281576,305.32441324012177,-1.9873060068675841e-06,2.1805343395170826,,
1080,0.019,305.59287158987473,305.5928740997137,-2.5098389642153052e-06,1.9745365447146905,,
1080,0.02,305.88264618020787,305.882650655193,-4.4749851326741918e-06,1.6946736114689025,,
1090,0,303.21587960614841,303.21587930941098,2.9673742574232165e-07,2.5499999966845097,,
1090,0.001,303.22208199163214,303.22208170092057,2.9071156859572511e-07,2.5499999930420154,,
1090,0.002,303.24070688598681,303.2407066188498,2.6713701117841993e-07,2.5499999714657333,,
1090,0.0030000000000000001,303.27180729355962,303.27180706535364,2.2820597678219201e-07,2.5499998712982936,,
1090,0.0040000000000000001,303.31547087953038,303.31547070484294,1.7468744317739038e-07,2.5499994313939296,,
1090,0.0050000000000000001,303.3718190469246,303.37181893912418,1.0780041748148506e-07,2.5499976158844637,,
1090,0.0060000000000000001,303.44100585942033,303.441005830108,2.9312332117115147e-08,2.5499906341903635,,
1090,0.0070000000000000001,303.52321709965463,303.52321715813025,-5.8475620789977256e-08,2.5499657462775787,,
1090,0.0080000000000000002,303.61866992336155,303.61867007630497,-1.5294341437765979e-07,2.5498837651778805,,
1090,0.0090000000000000011,303.72761376933062,303.72761402098382,-2.5165320494124899e-07,2.5496347093758516,,
1090,0.01,303.85033337538465,303.85033372855753,-3.5317287938596564e-07,2.5489377013214565,,
1090,0.010999999999999999,303.9871548678276,303.98715532600772,-4.5818012495146831e-07,2.547141771867611,,
1090,0.012,304.13845585345865,304.13845642420517,-5.7074652204391896e-07,2.5428815985904212,,
1090,0.013000000000000001,304.30468015569295,304.30468085517742,-6.9948447389833746e-07,2.5335733347994434,,
1090,0.014,304.48635714734041,304.48635800422034,-8.5687992168459459e-07,2.5148182001478654,,
1090,0.014999999999999999,304.68412398355798,304.68412504034677,-1.0567887898105255e-06,2.4799004949406287,,
1090,0.016,304.898744465422,304.89874578708526,-1.3216632623880287e-06,2.419652827064307,,
1090,0.017000000000000001,305.13110697805683,305.13110865013908,-1.6720822486604447e-06,2.3229105514556339,,
1090,0.018000000000000002,305.38216625129587,305.38216829860903,-2.0473131598919281e-06,2.1775123686405133,,
1090,0.019,305.65279025023034,305.65279253892209,-2.2886917463438294e-06,1.9712947977607791,,
1090,0.02,305.94352412669997,305.94352638822841,-2.261528436520166e-06,1.6915564294968779,,
1100,0,303.25789601916097,303.25789573814609,2.8101487714593532e-07,2.5499999960444737,,
1100,0.001,303.26413793377293,303.26413765855648,2.7521645051820087e-07,2.5499999917912457,,
1100,0.002,303.28288104010733,303.28288078771834,2.5238898615498329e-07,2.5499999668762592,,
1100,0.0030000000000000001,303.31417727548853,303.31417706058522,2.1490330937012914e-07,2.5499998528256058,,
1100,0.0040000000000000001,303.35811274011212,303.35811257633884,1.637732793824398e-07,2.5499993588759287,,
1100,0.0050000000000000001,303.41480714675828,303.4148070463138,1.0044448117696447e-07,2.5499973471529671,,
1100,0.0060000000000000001,303.48441335680042,303.48441333003643,2.6763984806166263e-08,2.5499897068800998,,
1100,0.0070000000000000001,303.5671173497372,303.56711740493574,-5.5198540849232813e-08,2.5499627878468845,,
1100,0.0080000000000000002,303.66313910957501,303.66313925312073,-1.4354571931107785e-07,2.5498750763882696,,
1100,0.0090000000000000011,303.772735037438,303.77273527460375,-2.3716575014987029e-07,2.5496112845774053,,
1100,0.01,303.89620256899781,303.89620290532321,-3.3632539953032392e-07,2.5488798493285025,,
1100,0.010999999999999999,304.03388760082009,304.03388804366131,-4.4284121258897358e-07,2.5470110912096975,,
1100,0.012,304.18619494352146,304.18619550395425,-5.6043279528239509e-07,2.5426119257740321,,
1100,0.013000000000000001,304.35360100966847,304.35360170742206,-6.9775359179402585e-07,2.5330653909518026,,
1100,0.014,304.53666585370206,304.53666672743748,-8.7373541646229569e-07,2.5139454373708889,,
1100,0.014999999999999999,304.73603820894169,304.7360393225955,-1.1136538091705006e-06,2.4785329902638962,,
1100,0.016,304.95244305122594,304.95244446940842,-1.4181824781189789e-06,2.4176994911223324,,
1100,0.017000000000000001,305.18663935574438,305.18664108558949,-1.7298451098213263e-06,2.3203687928330718,,
1100,0.018000000000000002,305.43934096782999,305.43934292320228,-1.9553722836462839e-06,2.1745049046665779,,
1100,0.019,305.71110894352751,305.71111096725537,-2.0237278590684582e-06,1.9680731216876426,,
1100,0.02,306.00224449925832,306.00224644630305,-1.9470447227831755e-06,1.6884590307512113,,
1110,0,303.30017703182591,303.30017676512142,2.6670448960430804e-07,2.5499999952955439,,
1110,0.001,303.30645776932101,303.30645750803461,2.6128640229217126e-07,2.5499999903433301,,
1110,0.002,303.32531711386696,303.32531687423113,2.3963582407304784e-07,2.5499999616475644,,
1110,0.0030000000000000001,303.35680639532842,303.35680619111753,2.0421089175215457e-07,2.5499998320903354,,
1110,0.0040000000000000001,303.40101098956706,303.40101083346428,1.561027715979435e-07,2.5499992785991976,,
1110,0.0050000000000000001,303.458050226117,303.45805012939138,9.672561418483383e-08,2.5499970535222403,,
1110,0.0060000000000000001,303.52807760148352,303.52807757380185,2.7681664960255148e-08,2.5499887059306818,,
1110,0.0070000000000000001,303.61128164404073,303.61128169349865,-4.9457923978479812e-08,2.5499596305576659,,
1110,0.0080000000000000002,303.70788785403289,303.7078879874577,-1.3342480542632984e-07,2.5498659007020641,,
1110,0.0090000000000000011,303.81816215273864,303.81816237638799,-2.2364935148289078e-07,2.5495867859690304,,
1110,0.01,303.94241613750239,303.94241645861013,-3.2110773418025929e-07,2.5488198798163091,,
1110,0.010999999999999999,304.08101402963013,304.08101445959727,-4.2996714455512119e-07,2.5468767120849649,,
1110,0.012,304.23438037141392,304.23438093082262,-5.5940870424819877e-07,2.5423366107663745,,
1110,0.013000000000000001,304.40300618871777,304.40300691159428,-7.2287650709768059e-07,2.5325501061839018,,
1110,0.014,304.58744963777434,304.58745056916024,-9.3138589818408946e-07,2.513064924899441,,
1110,0.014999999999999999,304.78832571561861,304.78832689685231,-1.1812336992989003e-06,2.4771597558529312,,
1110,0.016,305.00627958226443,305.00628102644794,-1.4441835105571954e-06,2.4157454428214922,,
1110,0.017000000000000001,305.24194071625453,305.24194238967482,-1.6734202858970093e-06,2.3178336890284394,,
1110,0.018000000000000002,305.49586101234189,305.49586283450532,-1.8221634263682063e-06,2.1715118245807483,,
1110,0.019,305.76844764408753,305.7684495060422,-1.8619546722220548e-06,1.9648712266064121,,
1110,0.02,306.05990766273953,306.05990946402176,-1.8012822238233639e-06,1.6853815093793736,,
1120,0,303.34271898145664,303.34271872656291,2.5489373456366593e-07,2.5499999944217406,,
1120,0.001,303.34903820479019,303.34903795484388,2.4994631075969664e-07,2.5499999886716536,,
1120,0.002,303.36801295761654,303.36801272791013,2.297064156664419e-07,2.5499999557047763,,
1120,0.0030000000000000001,303.3996945152835,303.39969431867269,1.9661081296362681e-07,2.5499998088646412,,
1120,0.0040000000000000001,303.4441684733988,303.44416832171891,1.5167989886322175e-07,2.549999189900015,,
1120,0.0050000000000000001,303.50155511606636,303.50155501989195,9.6174403552140575e-08,2.5499967332118705,,
1120,0.0060000000000000001,303.57201024373296,303.57201021230435,3.142861260130303e-08,2.5499876270339117,,
1120,0.0070000000000000001,303.65572672856592,303.6557267700249,-4.1458974919805769e-08,2.5499562651648406,,
1120,0.0080000000000000002,303.75293704867033,303.75293717081831,-1.221479806190473e-07,2.5498562208752351,,
1120,0.0090000000000000011,303.86391691769495,303.86391712953434,-2.1183939225011272e-07,2.5495611864580594,,
1120,0.01,303.9889898083901,303.9889901225244,-3.1413429724125308e-07,2.5487577591701398,,
1120,0.010999999999999999,304.12853161429524,304.12853204964068,-4.3534544147405541e-07,2.5467386076130198,,
1120,0.012,304.28297391138932,304.28297449462042,-5.8323109897173708e-07,2.5420556576666002,,
1120,0.013000000000000001,304.45280340979735,304.452804173206,-7.6340865007296088e-07,2.5320275422045331,,
1120,0.014,304.63855454725359,304.63855552142604,-9.741724511513894e-07,2.5121767915782716,,
1120,0.014999999999999999,304.84079225465723,304.84079345679925,-1.2021420161545393e-06,2.4757809597266776,,
1120,0.016,305.06008319983187,305.06008462209815,-1.4222662798601959e-06,2.4137908212371406,,
1120,0.017000000000000001,305.29695646959402,305.29695807327039,-1.6036763668125786e-06,2.3153052699453016,,
1120,0.018000000000000002,305.55185825346626,305.55185997148476,-1.7180184954668221e-06,2.1685330062085586,,
1120,0.019,305.82510851037478,305.82511025777933,-1.7474045534981997e-06,1.9616888174448441,,
1120,0.02,306.11686933159029,306.11687102924219,-1.6976518963929266e-06,1.6823237058154077,,
1130,0,303.38552089206462,303.38552064571684,2.4634778128529433e-07,2.5499999934051223,,
1130,0.001,303.39187868174668,303.39187843984826,2.4189841951738345e-07,2.5499999867466343,,
1130,0.002,303.41096926827612,303.41096904514558,2.2313054159894818e-07,2.5499999489659948,,
1130,0.0030000000000000001,303.44284441511104,303.44284422270573,1.9240530946262879e-07,2.5499997829030288,,
1130,0.0040000000000000001,303.4875908013388,303.48759065076291,1.5057588598210714e-07,2.5499990920733002,,
1130,0.0050000000000000001,303.54533075267511,303.54533065410368,9.8571433682081988e-08,2.5499963843558446,,
1130,0.0060000000000000001,303.61622347395667,303.61622343684337,3.7113295547896996e-08,2.5499864657323434,,
1130,0.0070000000000000001,303.70046690798802,303.70046694169639,-3.3708374758134596e-08,2.5499526822216505,,
1130,0.0080000000000000002,303.79830024543247,303.7983003603664,-1.149339254880033e-07,2.5498460195039265,,
1130,0.0090000000000000011,303.91000689332441,303.91000710245345,-2.0912904119541054e-07,2.5495344590525097,,
1130,0.01,304.0359173581225,304.03591767846848,-3.203459755241056e-07,2.5486934544236175,,
1130,0.010999999999999999,304.17641103410159,304.17641148736425,-4.5326265762923867e-07,2.5465967522284045,,
1130,0.012,304.33191539615319,304.33191600746073,-6.1130754147598054e-07,2.5417690721552564,,
1130,0.013000000000000001,304.5029007454242,304.5029015394922,-7.940680006868206e-07,2.5314977615163792,,
1130,0.014,304.689868676836,304.68986967170758,-9.9487158422562061e-07,2.5112811650344824,,
1130,0.014999999999999999,304.89333305350698,304.8933342532556,-1.199748624003405e-06,2.4743967663372604,,
1130,0.016,305.11379358862104,305.1137949774253,-1.3888042644794041e-06,2.4118357609456993,,
1130,0.017000000000000001,305.35170401603506,305.35170555582636,-1.5397912989101314e-06,2.3127835629154303,,
1130,0.018000000000000002,305.60743884576834,305.60744047866882,-1.6329004779436218e-06,2.1655683273592556,,
1130,0.019,305.8812641980835,305.88126585347021,-1.655386711263418e-06,1.9585256128964725,,
1130,0.02,306.17331853292393,306.17332014658501,-1.6136610838657361e-06,1.6792854087168139,,
1140,0,303.42858455225985,303.42858431063939,2.4162045519915409e-07,2.5499999922256,,
1140,0.001,303.43498137270029,303.43498113505512,2.3764516754454235e-07,2.5499999845354693,,
1140,0.002,303.45418933346838,303.45418911322867,2.2023971268936293e-07,2.5499999413418077,,
1140,0.0030000000000000001,303.48626109979665,303.48626090822466,1.9157198494212935e-07,2.5499997539414321,,
1140,0.0040000000000000001,303.53128502127231,303.53128486914682,1.5212549442367163e-07,2.5499989843711703,,
1140,0.0050000000000000001,303.58938604594596,303.58938594370642,1.0223953950116993e-07,2.5499960050009638,,
1140,0.0060000000000000001,303.66072706530031,303.66072702347242,4.1827888708212413e-08,2.5499852174191511,,
1140,0.0070000000000000001,303.74551066127657,303.74551069119491,-2.9918339805590222e-08,2.5499488720840322,,
1140,0.0080000000000000002,303.84398108792288,303.84398120265143,-1.147285502156592e-07,2.5498352790362451,,
1140,0.0090000000000000011,303.95642610046752,303.95642631564681,-2.1517928416869836e-07,2.5495065768782608,,
1140,0.01,304.08317796003701,304.08317829423044,-3.3419343026253046e-07,2.5486269332690585,,
1140,0.010999999999999999,304.22461264404183,304.22461311806927,-4.7402744485225412e-07,2.5464511216638854,,
1140,0.012,304.38114607139556,304.38114670625146,-6.348558940771909e-07,2.5414768614395156,,
1140,0.013000000000000001,304.55322612941472,304.55322694270171,-8.1328698797733523e-07,2.5309608273453925,,
1140,0.014,304.74131958618511,304.74132058750831,-1.0013231985794846e-06,2.5103781716487452,,
1140,0.014999999999999999,304.94589365913657,304.94589484544116,-1.1863045870086353e-06,2.473007336636782,,
1140,0.016,305.16739305375978,305.16739440591522,-1.3521554365070187e-06,2.4098803921796281,,
1140,0.017000000000000001,305.40621451267651,305.40621599451094,-1.4818344311606779e-06,2.3102685927940732,,
1140,0.018000000000000002,305.66268202375682,305.66268358425009,-1.5604932741553057e-06,2.1626176653288351,,
1140,0.019,305.9370264700467,305.93702804867667,-1.5786299627507105e-06,1.9553813466641088,,
1140,0.02,306.22937338838909,306.22937491385198,-1.5254628920047253e-06,1.6762663878905104,,
1150,0,303.47191401403001,303.47191377428891,2.3974109808477806e-07,2.5499999908607336,,
1150,0.001,303.47835059478138,303.47835035810925,2.3667212190048303e-07,2.54999998200186,,
1150,0.002,303.49767819674798,303.49767797661144,2.2013654188413057e-07,2.5499999327347953,,
1150,0.0030000000000000001,303.52995058303861,303.52995039043128,1.926073309732601e-07,2.549999721696302,,
1150,0.0040000000000000001,303.57525796941849,303.57525781526533,1.5415315601785551e-07,2.5499988660015034,,
1150,0.0050000000000000001,303.63372792206127,303.63372781748473,1.0457654298079433e-07,2.5499955931053373,,
1150,0.0060000000000000001,303.705526542727,303.7055264994857,4.3241300318186404e-08,2.5499838773381547,,
1150,0.0070000000000000001,303.79085979256615,303.79085982361789,-3.1051740734255873e-08,2.5499448249151908,,
1150,0.0080000000000000002,303.88997466848662,303.88997478851962,-1.2003300753349322e-07,2.5498239817839972,,
1150,0.0090000000000000011,304.00315976840909,304.00315999409275,-2.2568366375708138e-07,2.5494775131956309,,
1150,0.01,304.13074459290806,304.13074494255517,-3.4964710948770517e-07,2.5485581640667259,,
1150,0.010999999999999999,304.27309678193274,304.27309727427632,-4.9234358812100254e-07,2.5463016929330271,,
1150,0.012,304.4306164453256,304.43061709715664,-6.5183104425159399e-07,2.5411790341994118,,
1150,0.013000000000000001,304.60372688965413,304.6037277121286,-8.2247447608096991e-07,2.5304168035732366,,
1150,0.014,304.79286145163024,304.79286244629554,-9.9466529945857474e-07,2.509467936529604,,
1150,0.014999999999999999,304.99844699451074,304.99844815483578,-1.1603250413827482e-06,2.4716128281440346,,
1150,0.016,305.22088648834898,305.22088780686323,-1.3185142506699776e-06,2.4079248409759222,,
1150,0.017000000000000001,305.46054707495375,305.46054852878802,-1.4538342725245457e-06,2.3077603820173151,,
1150,0.018000000000000002,305.71776577494046,305.71776731117376,-1.5362332987933769e-06,2.1596808970563539,,
1150,0.019,305.99288616140251,305.99288775934428,-1.5979417753442249e-06,1.9522557647365111,,
1150,0.02,306.28632386258835,306.28632561187624,-1.749287889651896e-06,1.6732679410009295,,
1160,0,303.51551460175233,303.51551436106308,2.4068924631137634e-07,2.5499999892855207,,
1160,0.001,303.52199176747507,303.52199152972071,2.3775436375217396e-07,2.5499999791057295,,
1160,0.002,303.54144148414389,303.54144126260542,2.2153847112349467e-07,2.5499999230390116,,
1160,0.0030000000000000001,303.57391857436568,303.573918380083,1.942826770573447e-07,2.5499996858636709,,
1160,0.0040000000000000001,303.61951493678771,303.61951478107454,1.5571316680507152e-07,2.5499987361265344,,
1160,0.0050000000000000001,303.67836026392888,303.67836015867357,1.0525531024541124e-07,2.5499951465369808,,
1160,0.0060000000000000001,303.75062287590487,303.75062283392828,4.1976591091952287e-08,2.549982440584083,,
1160,0.0070000000000000001,303.83651044996623,303.83651048535256,-3.5386335639486788e-08,2.5499405306904079,,
1160,0.0080000000000000002,303.93627031099049,303.93627043922515,-1.282346602238249e-07,2.5498121099344147,,
1160,0.0090000000000000011,304.05018882550763,304.05018906321379,-2.3770616053297999e-07,2.5494472414153035,,
1160,0.01,304.17858934330758,304.17858970747744,-3.6416986404219642e-07,2.5484871158527507,,
1160,0.010999999999999999,304.32182810797673,304.32182861487456,-5.0689783392954268e-07,2.5461484443116342,,
1160,0.012,304.48028769107327,304.48028835488333,-6.6381005581206409e-07,2.5408756005346289,,
1160,0.013000000000000001,304.6543679144927,304.65436874440422,-8.2991152794420486e-07,2.5298657546725285,,
1160,0.014,304.8444750607332,304.84447605546796,-9.9473476211642264e-07,2.5085505834912185,,
1160,0.014999999999999999,305.05101151214268,305.05101265690445,-1.1447617680460098e-06,2.4702133950122125,,
1160,0.016,305.27436955262129,305.27437082482248,-1.272201188839972e-06,2.4059692293186155,,
1160,0.017000000000000001,305.51493393583894,305.51493531989831,-1.3840593737768359e-06,2.3052589506348777,,
1160,0.018000000000000002,305.77309641233495,305.7730979161081,-1.5037731486700068e-06,2.1567578995913022,,
1160,0.019,306.04928074497076,306.04928239961151,-1.6546407550777076e-06,1.9491486300299545,,
1160,0.02,306.34397020067814,306.34397204510412,-1.8444259808347852e-06,1.6702895561227742,,
1170,0,303.55939174229513,303.55939149964735,2.4264778630822548e-07,2.5499999874721562,,
1170,0.001,303.56591024473954,303.56591000506745,2.3967209017428104e-07,2.5499999758029235,,
1170,0.002,303.5854842643505,303.5854840410766,2.2327390070131514e-07,2.5499999121394508,,
1170,0.0030000000000000001,303.61816945522077,303.61816925968589,1.9553488073142944e-07,2.5499996461181982,,
1170,0.0040000000000000001,303.66405893514786,303.66405877917555,1.5597231595165795e-07,2.5499985938614365,,
1170,0.0050000000000000001,303.72328372021718,303.72328361637864,1.0383854487372446e-07,2.5499946630724537,,
1170,0.0060000000000000001,303.79601310795169,303.7960130697881,3.8163591398188146e-08,2.5499809021029045,,
1170,0.0070000000000000001,303.88245476402165,303.88245480616246,-4.2140811729041161e-08,2.5499359792019147,,
1170,0.0080000000000000002,303.98285418695042,303.9828543250448,-1.380943785989075e-07,2.5497996455617198,,
1170,0.0090000000000000011,304.09749316786247,304.09749341820435,-2.5034188411154901e-07,2.5494157351137336,,
1170,0.01,304.22668686721067,304.22668724583616,-3.7862548651901307e-07,2.5484137583464532,,
1170,0.010999999999999999,304.37077925322455,304.37077977420211,-5.209775508774328e-07,2.5459913553193685,,
1170,0.012,304.53013694994456,304.53013762277942,-6.7283485805091914e-07,2.5405665719131703,,
1170,0.013000000000000001,304.70514206369614,304.70514289051653,-8.2682038282655412e-07,2.5293077456452848,,
1170,0.014,304.89618524737119,304.89618622215875,-9.747875537868822e-07,2.5076262350330949,,
1170,0.014999999999999999,305.10366091764007,305.1036620300564,-1.1124163279419008e-06,2.4688091880942769,,
1170,0.016,305.32796677667551,305.32796801910479,-1.2424292776813672e-06,2.4040136752705541,,
1170,0.017000000000000001,305.56950915918458,305.56951053223435,-1.373049769881618e-06,2.3027643163406317,,
1170,0.018000000000000002,305.82871403064206,305.82871554443346,-1.5137914033402922e-06,2.1538485506022917,,
1170,0.019,306.10604109450895,306.10604276507377,-1.6705648135939555e-06,1.9460597423330881,,
1170,0.02,306.40199644255682,306.40199829688055,-1.8543237274570856e-06,1.6673305296611154,,
1180,0,303.60354994369425,303.603549699224,2.4447024316032184e-07,2.5499999853898054,,
1180,0.001,303.61011033465303,303.61011009333356,2.4131946929628612e-07,2.5499999720448936,,
1180,0.002,303.6298102021936,303.62980997782586,2.2436773861045367e-07,2.5499998999114943,,
1180,0.0030000000000000001,303.66270568613669,303.66270549051194,1.9562475017664838e-07,2.5499996021122184,,
1180,0.0040000000000000001,303.70889050505809,303.70889035052522,1.5453287005584571e-07,2.5499984382729539,,
1180,0.0050000000000000001,303.76849606714688,303.76849596683132,1.0031556030298816e-07,2.5499941403956328,,
1180,0.0060000000000000001,303.84169139134394,303.84169135926811,3.207583176845219e-08,2.5499792566924206,,
1180,0.0070000000000000001,303.92868261336707,303.92868266440155,-5.1034476200584322e-08,2.5499311600640326,,
1180,0.0080000000000000002,304.02971181517267,304.02971196469667,-1.4952399851608789e-07,2.5497865706386884,,
1180,0.0090000000000000011,304.14505492675949,304.14505518988898,-2.631294933053141e-07,2.5493829680478743,,
1180,0.01,304.27501853636926,304.27501892667931,-3.9031004916978418e-07,2.5483380619562297,,
1180,0.010999999999999999,304.41993563639278,304.4199361643029,-5.2791011739827809e-07,2.5458304067000075,,
1180,0.012,304.58016063371127,304.58016130505257,-6.7134129722035141e-07,2.5402519611201795,,
1180,0.013000000000000001,304.75606432489752,304.75606514044819,-8.1555066344662919e-07,2.5287428419637732,,
1180,0.014,304.9480298734108,304.94803083016308,-9.5675227385072503e-07,2.5066950123232767,,
1180,0.014999999999999999,305.15645096355848,305.15645205767674,-1.0941182608803501e-06,2.4674003550099259,,
1180,0.016,305.38173307148384,305.38173430159844,-1.2301146057325241e-06,2.4020582930989365,,
1180,0.017000000000000001,305.62429810040356,305.6242994696463,-1.3692427387468342e-06,2.3002764945219338,,
1180,0.018000000000000002,305.8845915797416,305.8845930959169,-1.5161753026404767e-06,2.1509527290993096,,
1180,0.019,306.16309055274843,306.16309222649909,-1.6737506598474283e-06,1.9429889187699634,,
1180,0.02,306.46030962820885,306.46031148239047,-1.8541816189099336e-06,1.6643904612490943,,
1190,0,303.64799210699999,303.64799186182893,2.4517106567145674e-07,2.5499999830043354,,
1190,0.001,303.65459466652527,303.65459442475913,2.4176614488169434e-07,2.5499999677783616,,
1190,0.002,303.67442109365442,303.67442086960887,2.2404555011235061e-07,2.5499998862203435,,
1190,0.0030000000000000001,303.70752762625716,303.70752743224392,1.9401323925194447e-07,2.5499995534747693,,
1190,0.0040000000000000001,303.75400793645508,303.7540077853194,1.5113567997104838e-07,2.5499982683780424,,
1190,0.0050000000000000001,303.81399293736717,303.81399284262255,9.4744621037534671e-08,2.5499935760965573,,
1190,0.0060000000000000001,303.88765031002072,303.88765028581929,2.4201426640502177e-08,2.5499774990029933,,
1190,0.0070000000000000001,303.97518357794212,303.97518363881613,-6.0874015161971329e-08,2.5499260627184159,,
1190,0.0080000000000000002,304.07683055949485,304.0768307198033,-1.603084456291981e-07,2.5497728670480555,,
1190,0.0090000000000000011,304.1928610800378,304.19286135311557,-2.7307777372698183e-07,2.54934891416932,,
1190,0.01,304.32357393986797,304.32357433699576,-3.9712779198453063e-07,2.5482599977846649,,
1190,0.010999999999999999,304.4692933094957,304.46929383896594,-5.2947024187233183e-07,2.5456655804015553,,
1190,0.012,304.6303649379596,304.63036560460563,-6.6664603082244867e-07,2.5399317822081966,,
1190,0.013000000000000001,304.80715275977252,304.80715356528987,-8.0551734527034569e-07,2.5281711095141897,,
1190,0.014,305.00003659353393,305.00003753768948,-9.4415554485749453e-07,2.5057570351836977,,
1190,0.014999999999999999,305.20941155751251,305.20941263992574,-1.0824132345987891e-06,2.465987040210972,,
1190,0.016,305.43568953349188,305.4356907553514,-1.2218595202284632e-06,2.4001031933914896,,
1190,0.017000000000000001,305.67930251048273,305.67930387559886,-1.365116133911215e-06,2.2977954983337421,,
1190,0.018000000000000002,305.94070704839129,305.94070856320337,-1.5148120837693568e-06,2.1480703165032344,,
1190,0.019,306.22038860654226,306.22039027909597,-1.6725537079764763e-06,1.9399359717043834,,
1190,0.02,306.51886428343812,306.5188661339501,-1.8505119783185364e-06,1.6614690225762019,,
1200,0,303.69271921861139,303.69271897459151,2.4401987275268766e-07,2.5499999802780438,,
1200,0.001,303.69936393944954,303.69936369912182,2.403277221674216e-07,2.5499999629449794,,
1200,0.002,303.71931678188793,303.71931656012293,2.2176499214765499e-07,2.5499998709204323,,
1200,0.0030000000000000001,303.75263372288333,303.75263353248033,1.9040300003325683e-07,2.5499994998106192,,
1200,0.0040000000000000001,303.79940782301475,303.79940767716334,1.4585140206690994e-07,2.5499980831425377,,
1200,0.0050000000000000001,303.85976879332452,303.8597687056324,8.7692114902893081e-08,2.5499929676703603,,
1200,0.0060000000000000001,303.93388224151192,303.93388222585173,1.5660191365896026e-08,2.5499756235384203,,
1200,0.0070000000000000001,304.02194848835398,304.02194855850996,-7.015597702775267e-08,2.5499206764394309,,
1200,0.0080000000000000002,304.12420086957491,304.1242010386963,-1.6912139244595892e-07,2.5497585165938177,,
1200,0.0090000000000000011,304.24090350203778,304.24090378196587,-2.7992808782073553e-07,2.5493135476378459,,
1200,0.01,304.37234859547846,304.37234899608382,-4.0060535866359714e-07,2.5481795376326954,,
1200,0.010999999999999999,304.51885351950568,304.51885404822553,-5.287198518999503e-07,2.5454968595558594,,
1200,0.012,304.68075796287673,304.68075862463337,-6.6175664414913626e-07,2.5396060504484401,,
1200,0.013000000000000001,304.85842160770483,304.85842240531605,-7.9761122151467134e-07,2.5275926145429279,,
1200,0.014,305.05222274072867,305.05222367577863,-9.3504996812043828e-07,2.50481242207792,,
1200,0.014999999999999999,305.26255810385481,305.26255917781396,-1.0739591402852966e-06,2.4645693850458645,,
1200,0.016,305.48984404308561,305.48984525835016,-1.2152645467722323e-06,2.3981484831658713,,
1200,0.017000000000000001,305.73451868743552,305.73452004797025,-1.3605347248812905e-06,2.2953213388068932,,
1200,0.018000000000000002,305.99704455806244,305.99704606941089,-1.5113484437279112e-06,2.1452011972905045,,
1200,0.019,306.27791077531299,306.27791244400157,-1.6686885828676168e-06,1.9369007067973034,,
1200,0.02,306.57763349010128,306.57763583357183,-2.343470555388194e-06,1.6585659191292277,,
1210,0,303.73773040649007,303.73773016450872,2.4198135406550136e-07,2.5499999771693824,,
1210,0.001,303.74441702779086,303.74441679087806,2.369127969359397e-07,2.5499999574809622,,
1210,0.002,303.76449540457975,303.76449518697376,2.1760598656328511e-07,2.5499998538548287,,
1210,0.0030000000000000001,303.79802097256896,303.79802078739749,1.8517147282182123e-07,2.5499994406992834,,
1210,0.0040000000000000001,303.8450857648985,303.84508562549786,1.3940064036432886e-07,2.5499978814798467,,
1210,0.0050000000000000001,303.90581782045763,303.90581774031443,8.0143195191340055e-08,2.5499923125163018,,
1210,0.0060000000000000001,303.98038026693899,303.98038025948534,7.4536501415423118e-09,2.5499736246569942,,
1210,0.0070000000000000001,304.06897002543741,304.0689701037017,-7.8264292824314907e-08,2.5499149903396612,,
1210,0.0080000000000000002,304.1718161147146,304.17181629086576,-1.7615116121305618e-07,2.5497435010123759,,
1210,0.0090000000000000011,304.28917759068997,304.28917787554798,-2.8485800385169568e-07,2.549276842834356,,
1210,0.01,304.421341233921,304.42134163654606,-4.0262506217914051e-07,2.5480966540028911,,
1210,0.010999999999999999,304.56861918024026,304.5686197077427,-5.2750243639820837e-07,2.5453242284578517,,
1210,0.012,304.73134675453355,304.73134741231479,-6.5778124280768679e-07,2.5392747822831283,,
1210,0.013000000000000001,304.9098807818429,304.90988157447458,-7.926316811790457e-07,2.5270074236053057,,
1210,0.014,305.10459853294839,305.104599464486,-9.3153761326902895e-07,2.5038612901010642,,
1210,0.014999999999999999,305.31589687036313,305.31589794083732,-1.0704741839617782e-06,2.4631475278230579,,
1210,0.016,305.54418888749399,305.54419009615339,-1.2086593983440252e-06,2.3961942659740831,,
1210,0.017000000000000001,305.7898891005762,305.78989046248716,-1.3619109608953295e-06,2.2928540249965312,,
1210,0.018000000000000002,306.05336821356553,306.05336970849254,-1.4949270052966313e-06,2.1423452588770147,,
1210,0.019,306.33485638573171,306.33485786849008,-1.4827583640908415e-06,1.9338829257234442,,
1210,0.02,306.6343031758272,306.63430443809682,-1.2622696203834494e-06,1.6556791940133475,,
1220,0,303.78302327648368,303.78302303961556,2.368681180087151e-07,2.5499999736326444,,
1220,0.001,303.78975134804068,303.78975111642262,2.3161805984273087e-07,2.5499999513167086,,
1220,0.002,303.80995384204186,303.80995363023459,2.1180727571845637e-07,2.5499998348546158,,
1220,0.0030000000000000001,303.84368546931398,303.8436852906492,1.7866477719508111e-07,2.54999937569404,,
1220,0.0040000000000000001,303.89103698187313,303.89103684970496,1.3216816796557396e-07,2.5499976622496794,,
1220,0.0050000000000000001,303.95213449805595,303.95213442565711,7.2398847805743571e-08,2.5499916079368932,,
1220,0.0060000000000000001,304.02713851851598,304.02713851886756,-3.5157654565409757e-10,2.5499714965726934,,
1220,0.0070000000000000001,304.11624262103771,304.11624270654073,-8.5503017999144504e-08,2.5499089933755288,,
1220,0.0080000000000000002,304.21967185155103,304.21967203372537,-1.8217434671896626e-07,2.5497278019835528,,
1220,0.0090000000000000011,304.33768087155431,304.33768116079665,-2.8924233674842981e-07,2.5492387743732103,,
1220,0.01,304.47055196504067,304.47055237037029,-4.053296152051189e-07,2.5480113201018382,,
1220,0.010999999999999999,304.61859301615112,304.61859354459295,-5.2844183073830209e-07,2.5451476725443785,,
1220,0.012,304.78213545781779,304.78213611356438,-6.5574658947298303e-07,2.5389379952788471,,
1220,0.013000000000000001,304.96153178590629,304.96153257161421,-7.8570792538812384e-07,2.5264156035167411,,
1220,0.014,305.15715126116845,305.15715218363493,-9.2246648364380235e-07,2.5029037549718791,,
1220,0.014999999999999999,305.3693706820394,305.36937175660222,-1.0745628173935984e-06,2.4617216038732361,,
1220,0.016,305.59855499198574,305.59855622848033,-1.2364945973786234e-06,2.3942406420042159,,
1220,0.017000000000000001,305.84502162711715,305.84502298902311,-1.3619059586744697e-06,2.2903935641554218,,
1220,0.018000000000000002,306.10898566069869,306.1089870451874,-1.3844887121194915e-06,2.1395023911257831,,
1220,0.019,306.39049178491484,306.39049305948504,-1.2745701951644151e-06,1.9308824210111664,,
1220,0.02,306.68935113914466,306.689352183474,-1.0443293376738438e-06,1.6528088854101497,,
1230,0,303.82859438089162,303.82859415063336,2.3025825157674262e-07,2.5499999696176512,,
1230,0.001,303.83536333473216,303.83536310983152,2.2490064566227375e-07,2.5499999443764141,,
1230,0.002,303.85568820586576,303.8556880010637,2.0480206330830697e-07,2.5499998137382622,,
1230,0.0030000000000000001,303.88962288517291,303.88962271388402,1.7128888885054039e-07,2.5499993043209352,,
1230,0.0040000000000000001,303.93725672799371,303.9372566035172,1.2447651442926144e-07,2.549997424256802,,
1230,0.0050000000000000001,303.99871385345006,303.99871378886246,6.4587595716147916e-08,2.5499908511371108,,
1230,0.0060000000000000001,304.07415215830304,304.07415216628283,-7.9797928265179507e-09,2.5499692333565256,,
1230,0.0070000000000000001,304.16376205496363,304.16376214754365,-9.2580023647315102e-08,2.5499026743529916,,
1230,0.0080000000000000002,304.26776495656873,304.26776514478854,-1.8821981484506978e-07,2.5497114011414155,,
1230,0.0090000000000000011,304.38641153034649,304.38641182384708,-2.9350059094213066e-07,2.5491993171140055,,
1230,0.01,304.51997968691722,304.51998009376325,-4.0684602709006867e-07,2.5479235098418274,,
1230,0.010999999999999999,304.66877210460865,304.66877263188866,-5.2728000810020603e-07,2.5449671783729388,,
1230,0.012,304.83311272321663,304.83311337870066,-6.5548402972126496e-07,2.5385957080811408,,
1230,0.013000000000000001,305.01334102803395,305.01334182160201,-7.9356806281793979e-07,2.5258172213062666,,
1230,0.014,305.20980215894622,305.20980310030046,-9.4135424433261505e-07,2.5019399310264698,,
1230,0.014999999999999999,305.4228302562729,305.42283134614723,-1.0898743312282022e-06,2.4602917456097191,,
1230,0.016,305.65272263566413,305.65272385133392,-1.215669783505291e-06,2.3922877081810388,,
1230,0.017000000000000001,305.89970408184223,305.89970536542353,-1.2835812981393246e-06,2.2879399619029104,,
1230,0.018000000000000002,306.16388402159123,306.16388528476978,-1.2631785466510337e-06,2.1366724857930439,,
1230,0.019,306.44521377434427,306.44521491480162,-1.140457356996194e-06,1.9278989541696123,,
1230,0.02,306.74345444478496,306.7434553681797,-9.2339473667379934e-07,1.6499552543807507,,
1240,0,303.87443967899208,303.87443945648113,2.2251094833336538e-07,2.5499999650694281,,
1240,0.001,303.88124889138993,303.88124867428547,2.1710445707867621e-07,2.5499999365776529,,
1240,0.002,303.90169425580473,303.90169405892169,1.9688303609655122e-07,2.5499997903109781,,
1240,0.0030000000000000001,303.93582881416637,303.93582865093214,1.6323423324138275e-07,2.5499992260777971,,
1240,0.0040000000000000001,303.98374050389151,303.98374038752263,1.1636888075372553e-07,2.5499971662498271,,
1240,0.0050000000000000001,304.04555146066554,304.04555140403289,5.6632643463672139e-08,2.549990039223712,,
1240,0.0060000000000000001,304.12141704461578,304.12141706005036,-1.5434579836437479e-08,2.5499668289380222,,
1240,0.0070000000000000001,304.2115245850311,304.21152468411088,-9.9079784376954194e-08,2.5498960219333466,,
1240,0.0080000000000000002,304.31609181233307,304.31609200575298,-1.9341990764587536e-07,2.5496942800849456,,
1240,0.0090000000000000011,304.43536487575551,304.43536517343159,-2.9767608111797017e-07,2.5491584461727368,,
1240,0.01,304.56961569991904,304.5696161114148,-4.1149576190946391e-07,2.5478331978416686,,
1240,0.010999999999999999,304.71913818698715,304.71913872201327,-5.350261176317872e-07,2.544782733600004,,
1240,0.012,304.88424242882587,304.88424309701151,-6.6818563482229365e-07,2.5382479403700366,,
1240,0.013000000000000001,305.06524573100933,305.06524653969484,-8.0868551322055282e-07,2.5252123441722549,,
1240,0.014,305.26245904270382,305.26245999201888,-9.4931505145723349e-07,2.5009699312139504,,
1240,0.014999999999999999,305.47616759549953,305.47616867156523,-1.0760657005448593e-06,2.4588580825880073,,
1240,0.016,305.70660543523644,305.70660660371954,-1.1684830951708136e-06,2.3903355582678598,,
1240,0.017000000000000001,305.95392515876097,305.95392636249971,-1.2037387477903394e-06,2.285493222368391,,
1240,0.018000000000000002,306.21816627106136,306.2181674342263,-1.1631649385890341e-06,2.1338554357410273,,
1240,0.019,306.49922748278379,306.49922851949066,-1.0367068625782849e-06,1.9249322763558434,,
1240,0.02,306.79684908516049,306.79684991672207,-8.315615787068964e-07,1.6471182399293474,,
1250,0,303.92055489979532,303.9205546858667,2.1392861526692286e-07,2.5499999599278453,,
1250,0.001,303.92740373359152,303.92740352507468,2.0851683757427963e-07,2.549999927830954,,
1250,0.002,303.94796767922503,303.9479674909266,1.8829842929335427e-07,2.5499997643640513,,
1250,0.0030000000000000001,303.9822989295206,303.98229877480657,1.547140300317551e-07,2.5499991404332376,,
1250,0.0040000000000000001,304.03048400421272,304.03048389616856,1.080441620615602e-07,2.5499968869200424,,
1250,0.0050000000000000001,304.09264303952477,304.0926429908435,4.8681272346584592e-08,2.5499891692046357,,
1250,0.0060000000000000001,304.16892876740661,304.16892879029035,-2.2883739347889787e-08,2.5499642771068651,,
1250,0.0070000000000000001,304.2595251304968,304.25952523662755,-1.0613075573928654e-07,2.5498890246391013,,
1250,0.0080000000000000002,304.36464541542938,304.36464561604902,-2.0061963823536644e-07,2.5496764203885149,,
1250,0.0090000000000000011,304.48452967918212,304.48452998523629,-3.060541757804458e-07,2.5491161369324038,,
1250,0.01,304.61944108452082,304.61944150665624,-4.2213542883473565e-07,2.5477403594268244,,
1250,0.010999999999999999,304.76966056511588,304.76966111312106,-5.480051754602755e-07,2.5445943269592552,,
1250,0.012,304.93547905701604,304.93547973820404,-6.8118799845251488e-07,2.5378947128167288,,
1250,0.013000000000000001,305.11718645155116,305.11718726777298,-8.1622181369311875e-07,2.5246010394403235,,
1250,0.014,305.31505656719963,305.31505751078032,-9.4358068736255518e-07,2.4999938670935804,,
1250,0.014999999999999999,305.52932791845291,305.52932896802031,-1.0495674018784484e-06,2.4574207415639373,,
1250,0.016,305.76018091902802,305.76018203667036,-1.1176423413417069e-06,2.388384282969068,,
1250,0.017000000000000001,306.00771329656436,306.00771442782082,-1.1312564538457082e-06,2.2830533482990245,,
1250,0.018000000000000002,306.27191665038657,306.27191772764479,-1.0772582186291402e-06,2.1310511337713081,,
1250,0.019,306.55265786365356,306.55265881244338,-9.4878981826695963e-07,1.9219821523207568,,
1250,0.02,306.84966910568227,306.84966985933431,-7.5365204565969179e-07,1.6442977127274876,,
1260,0,303.96693573512545,303.9669355303032,2.0482224272200256e-07,2.5499999541272689,,
1260,0.001,303.97382354979641,303.97382335035638,1.9944002360716695e-07,2.5499999180393655,,
1260,0.002,303.99450414899189,303.99450396967904,1.7931284901351319e-07,2.5499997356741821,,
1260,0.0030000000000000001,304.02902885038378,304.02902870450578,1.458780047869368e-07,2.5499990468256684,,
1260,0.0040000000000000001,304.07748268239277,304.07748258301393,9.9378837603580905e-08,2.5499965849002741,,
1260,0.0050000000000000001,304.13998360165078,304.13998356154701,4.0103770970745245e-08,2.5499882379885146,,
1260,0.0060000000000000001,304.21668132112137,304.21668135276411,-3.1642741760151694e-08,2.5499615715146442,,
1260,0.0070000000000000001,304.3077556391832,304.30775575474729,-1.1556409162949421e-07,2.5498816708599059,,
1260,0.0080000000000000002,304.41341408269977,304.41341429403758,-2.1133780592208495e-07,2.5496578036121647,,
1260,0.0090000000000000011,304.53388857359516,304.53388889203876,-3.1844359682509094e-07,2.5490723650530573,,
1260,0.01,304.66943071034143,304.66943114612496,-4.3578353370321565e-07,2.5476449706288529,,
1260,0.010999999999999999,304.82030515249397,304.82030571356648,-5.6107251111825462e-07,2.5444019482396691,,
1260,0.012,304.98678055737315,304.98678124745663,-6.9008348191346158e-07,2.5375360470413506,,
1260,0.013000000000000001,305.16911760640716,305.16911842238233,-8.159751700986817e-07,2.5239833745233349,,
1260,0.014,305.36755393390024,305.36755486291935,-9.2901910875298199e-07,2.4990118488333484,,
1260,0.014999999999999999,305.58228626049134,305.58228727750054,-1.0170091968575434e-06,2.4559798465509091,,
1260,0.016,305.81345070256816,305.81345176906046,-1.0664923024705786e-06,2.3864339700326131,,
1260,0.017000000000000001,306.0611029626462,306.06110402736397,-1.0647177646205819e-06,2.280620341122312,,
1260,0.018000000000000002,306.32520071887359,306.32520172077494,-1.0019013529927179e-06,2.1282594719041175,,
1260,0.019,306.60559081260061,306.60559168581381,-8.7321319597322145e-07,1.9190483624631387,,
1260,0.02,306.90200448446205,306.90200430064209,1.8381996369498665e-07,1.6414935165180093,,
1270,0,304.01357777965444,304.0135775866359,1.9301853626529919e-07,2.5499999475961688,,
1270,0.001,304.02050390070781,304.02050371103093,1.8967688220072887e-07,2.5499999070979955,,
1270,0.002,304.04129910195053,304.04129893233954,1.6961098481260706e-07,2.5499997040027944,,
1270,0.0030000000000000001,304.076013728399,304.07601359225072,1.3614828731078887e-07,2.5499989446623084,,
1270,0.0040000000000000001,304.12473110898509,304.12473101951338,8.9471711817168398e-08,2.5499962587637959,,
1270,0.0050000000000000001,304.18756663159149,304.18756660182078,2.9770717446808703e-08,2.5499872423842636,,
1270,0.0060000000000000001,304.26466632451076,304.26466636724098,-4.2730221139208879e-08,2.5499587056767479,,
1270,0.0070000000000000001,304.35620479571924,304.35620492343526,-1.2771602087013889e-07,2.5498739488585351,,
1270,0.0080000000000000002,304.46238231090769,304.46238253554395,-2.2463626692115213e-07,2.5496384113116894,,
1270,0.0090000000000000011,304.58342071517887,304.58342104762147,-3.3244259611819871e-07,2.5490271064812782,,
1270,0.01,304.71955783953177,304.7195582887208,-4.4918903085999773e-07,2.5475470081841869,,
1270,0.010999999999999999,304.87104001010289,304.87104058161526,-5.7151237342623062e-07,2.5442055882634986,,
1270,0.012,305.038112332575,305.03811302657306,-6.9399806079672999e-07,2.5371719655718148,,
1270,0.013000000000000001,305.22100660382381,305.2210074124942,-8.0867039287113585e-07,2.5233594168833715,,
1270,0.014,305.41992713408308,305.41992804050801,-9.0642492978076916e-07,2.4980239852098696,,
1270,0.014999999999999999,305.63503603977512,305.63503701853591,-9.7876079507841496e-07,2.4545355188763938,,
1270,0.016,305.86644381490169,305.8664448195654,-1.0046637157756777e-06,2.3844847043507844,,
1270,0.017000000000000001,306.11422229647303,306.11422326345445,-9.6698141760498402e-07,2.2781942009570799,,
1270,0.018000000000000002,306.37847539889424,306.37847633696271,-9.3806846734878491e-07,2.1254803414792911,,
1270,0.019,306.65950643240006,306.65950754211349,-1.1097134233750694e-06,1.9161306996539442,,
1270,0.02,306.95806769102552,306.95806933880351,-1.6477779922752234e-06,1.6387059646974009,,
1280,0,304.06047622653477,304.06047604395246,1.8258231193613028e-07,2.549999940256737,,
1280,0.001,304.06743988810098,304.06743970890756,1.7919342099048663e-07,2.5499998948935345,,
1280,0.002,304.08834733835289,304.08834717938089,1.5897200000836165e-07,2.5499996690953419,,
1280,0.0030000000000000001,304.12324777073991,304.12324764553563,1.2520428072093637e-07,2.5499988333182007,,
1280,0.0040000000000000001,304.17222247633532,304.17222239831113,7.8024186223046854e-08,2.5499959070232694,,
1280,0.0050000000000000001,304.23538372384451,304.23538370624686,1.7597642454347806e-08,2.5499861791007734,,
1280,0.0060000000000000001,304.31287303945334,304.31287309525038,-5.5797045206418261e-08,2.5499556729743746,,
1280,0.0070000000000000001,304.40485872356203,304.40485886519326,-1.4163123296384583e-07,2.5498658467769193,,
1280,0.0080000000000000002,304.51153238866317,304.51153262754696,-2.3888378564151935e-07,2.5496182250484924,,
1280,0.0090000000000000011,304.63310426248466,304.63310460819014,-3.4570547313705902e-07,2.5489803374591271,,
1280,0.01,304.7697970004279,304.76979745964968,-4.5922178060209262e-07,2.5474464495322704,,
1280,0.010999999999999999,304.92183785331366,304.92183842913886,-5.7582519730203785e-07,2.5440052388641847,,
1280,0.012,305.0894493859189,305.08945007721405,-6.9129515622989857e-07,2.536802491803738,,
1280,0.013000000000000001,305.27283984333803,305.27284064146653,-7.981284966263047e-07,2.5227292339956522,,
1280,0.014,305.47219619165622,305.47219707169131,-8.8003508835754474e-07,2.4970303836095571,,
1280,0.014999999999999999,305.68768615409817,305.68768706951641,-9.1541824076557532e-07,2.4530878772378895,,
1280,0.016,305.91947949800544,305.91948040570674,-9.0770129190786975e-07,2.3825365680571671,,
1280,0.017000000000000001,306.16780042093774,306.16780134019484,-9.1925710421492113e-07,2.2757749265892042,,
1280,0.018000000000000002,306.43301708984609,306.43301815007959,-1.0602335009934905e-06,2.1227136336708847,,
1280,0.019,306.71575812444058,306.71575953683237,-1.4123917821962095e-06,1.9132289684326516,,
1280,0.02,307.01702404194617,307.01702601654165,-1.9745954773497942e-06,1.6359347972478349,,
1290,0,304.10762546574574,304.10762529492331,1.708224317553686e-07,2.5499999320244715,,
1290,0.001,304.11462575337879,304.11462558603534,1.6734344399083056e-07,2.5499998813037799,,
1290,0.002,304.13564263245109,304.13564248560209,1.4684900406791712e-07,2.5499996306806048,,
1290,0.0030000000000000001,304.17072390667187,304.17072379404641,1.1262545740464702e-07,2.5499987121352383,,
1290,0.0040000000000000001,304.21994841006983,304.21994834522968,6.4840151026146486e-08,2.5499955281297328,,
1290,0.0050000000000000001,304.28342467019456,304.28342466642277,3.771788215090055e-09,2.5499850447466965,,
1290,0.0060000000000000001,304.36128888061103,304.36128895067276,-7.006173063928145e-08,2.5499524666566531,,
1290,0.0070000000000000001,304.45370203509805,304.45370219088318,-1.5578513057334931e-07,2.5498573526421926,,
1290,0.0080000000000000002,304.5608460625229,304.56084631459782,-2.5207492626577732e-07,2.5495972263992379,,
1290,0.0090000000000000011,304.6829188462392,304.68291920326271,-3.5702350942301564e-07,2.5489320345325468,,
1290,0.01,304.82012818304668,304.82012865067827,-4.6763159389229259e-07,2.5473432728131646,,
1290,0.010999999999999999,304.97268514567173,304.97268572423383,-5.7856209423334803e-07,2.543800892864299,,
1290,0.012,305.14079809872788,305.14079877942504,-6.806971555306518e-07,2.5364276499614649,,
1290,0.013000000000000001,305.32466986521007,305.32467062724055,-7.6203048138268059e-07,2.5220928933142943,,
1290,0.014,305.52450209454219,305.52450290875834,-8.14216150502034e-07,2.4960311500308507,,
1290,0.014999999999999999,305.74051211792511,305.74051296278242,-8.4485731122185825e-07,2.4516370377582382,,
1290,0.016,305.97296732432267,305.97296821123251,-8.8690984512140858e-07,2.3805896406175089,,
1290,0.017000000000000001,306.22223903415198,306.22224002746304,-9.9331106184763485e-07,2.2733625154435324,,
1290,0.018000000000000002,306.48887151714297,306.48887273566783,-1.2185248579044128e-06,2.1199592400446132,,
1290,0.019,306.7736537012421,306.77365529367893,-1.5924368312880688e-06,1.9103429896214255,,
1290,0.02,307.07767481527219,307.07767694344693,-2.128174742210831e-06,1.6331796908531706,,
1300,0,304.15501875428725,304.15501859687458,1.5741267134217196e-07,2.5499999228077579,,
1300,0.001,304.16205456834888,304.16205441451223,1.5383665186163853e-07,2.5499998661971257,,
1300,0.002,304.1831774911322,304.18317735806335,1.3306885193742346e-07,2.5499995884699707,,
1300,0.0030000000000000001,304.21843367751342,304.21843357906295,9.8450470886746189e-08,2.549998580421192,,
1300,0.0040000000000000001,304.26789907564103,304.2678990253948,5.0246228511241497e-08,2.5499951204716345,,
1300,0.0050000000000000001,304.33167789572019,304.33167790685076,-1.1130566690553678e-08,2.549983835830318,,
1300,0.0060000000000000001,304.4099003485278,304.40990043352713,-8.4999328464618884e-08,2.549949079842885,,
1300,0.0070000000000000001,304.50271957959535,304.50271974983218,-1.7023683085426455e-07,2.5498484543727797,,
1300,0.0080000000000000002,304.61030779027084,304.61030805521835,-2.6494751637073932e-07,2.549575396965273,,
1300,0.0090000000000000011,304.73285170712802,304.73285207305423,-3.6592621199815767e-07,2.5488821745592554,,
1300,0.01,304.87054789276453,304.87054836083905,-4.68074517812056e-07,2.5472374568645435,,
1300,0.010999999999999999,305.023598927899,305.02359949227883,-5.6437983175783302e-07,2.5435925440534364,,
1300,0.012,305.19221221983543,305.19221286728333,-6.4744790506665595e-07,2.5360474650601192,,
1300,0.013000000000000001,305.37660395924541,305.37660467250038,-7.1325496264762478e-07,2.5214504622398195,,
1300,0.014,305.5770112258806,305.57701199226085,-7.6638025348074734e-07,2.4950263890876014,,
1300,0.014999999999999999,305.7937149472591,305.79371577140961,-8.2415050428608083e-07,2.4501831140404988,,
1300,0.016,306.02707486923356,306.02707578523683,-9.1600327323249076e-07,2.3786439989134203,,
1300,0.017000000000000001,306.27757475090124,306.27757582816122,-1.0772599807751249e-06,2.2709569635759843,,
1300,0.018000000000000002,306.54587214151684,306.54587348092042,-1.3394035818237171e-06,2.1172170530930638,,
1300,0.019,306.83284354926826,306.83284526963604,-1.7203677771249204e-06,1.9074725934682686,,
1300,0.02,307.13961416537438,307.13961640258714,-2.2372127546077536e-06,1.6304404164130015,,
1310,0,304.20264806306051,304.20264792081622,1.4224428923625965e-07,2.5499999125074231,,
1310,0.001,304.20971811450175,304.20971797591216,1.3858959846402286e-07,2.5499998494320515,,
1310,0.002,304.23094313641587,304.23094301880894,1.1760693041651393e-07,2.549999542156713,,
1310,0.0030000000000000001,304.26636741384203,304.26636733114151,8.2700523762468947e-08,2.5499984374487488,,
1310,0.0040000000000000001,304.3160636861146,304.31606365185121,3.4263393899891526e-08,2.549994682373911,,
1310,0.0050000000000000001,304.38013151735612,304.3801315444008,-2.7044677608500933e-08,2.5499825487595356,,
1310,0.0060000000000000001,304.45869499333503,304.45869509341844,-1.0008341178036062e-07,2.5499455055248799,,
1310,0.0070000000000000001,304.55189979913899,304.55189998209278,-1.8295378367838566e-07,2.54983913978448,,
1310,0.0080000000000000002,304.65990986877688,304.6599101414804,-2.7270351665720227e-07,2.5495527183818205,,
1310,0.0090000000000000011,304.78290403566717,304.78290440084498,-3.6517781154543627e-07,2.5488307347161219,,
1310,0.01,304.92107346236821,304.92107391769883,-4.5533062120739487e-07,2.5471289812181896,,
1310,0.010999999999999999,305.07462106021751,305.07462159853634,-5.3831882951271837e-07,2.5433801871661736,,
1310,0.012,305.2437645306365,305.24376514215925,-6.1152275065978756e-07,2.5356619628687156,,
1310,0.013000000000000001,305.42874489693156,305.42874557405895,-6.7712738882619306e-07,2.520802008088364,,
1310,0.014,305.62984221741311,305.62984296181173,-7.4439861919017858e-07,2.4940162040134446,,
1310,0.014999999999999999,305.84739936108662,305.84740019147165,-8.3038503362331539e-07,2.4487262172220339,,
1310,0.016,306.08185320106179,306.08185415923623,-9.5817443934720359e-07,2.3766997173186533,,
1310,0.017000000000000001,306.33377050774402,306.3337716606074,-1.1528633763191465e-06,2.268558265694598,,
1310,0.018000000000000002,306.60388368170237,306.60388511759049,-1.4358881230691622e-06,2.1144869667765485,,
1310,0.019,306.89311995505818,306.89312177474631,-1.8196881228504935e-06,1.9046176120585583,,
1310,0.02,307.20261750671085,307.20261982762224,-2.3209113919619995e-06,1.627716767131332,,
1320,0,304.2505041958068,304.25050407053209,1.2527470971690491e-07,2.5499999010162848,,
1320,0.001,304.25760705331362,304.25760693172651,1.2158710660514771e-07,2.5499998308565917,,
1320,0.002,304.27892983989614,304.27892973934286,1.0055327948066406e-07,2.5499994914152575,,
1320,0.0030000000000000001,304.31451487549236,304.31451480976477,6.5727590481401421e-08,2.5499982824545606,,
1320,0.0040000000000000001,304.3644316261379,304.36443160834995,1.7787954220693791e-08,2.5499942120971082,,
1320,0.0050000000000000001,304.42877513846304,304.42877518062141,-4.2158376345469151e-08,2.5499811798419074,,
1320,0.0060000000000000001,304.50766395393674,304.50766406631658,-1.1237983699174947e-07,2.5499417365694099,,
1320,0.0070000000000000001,304.60123769059163,304.60123788096502,-1.9037338461203035e-07,2.5498293965965617,,
1320,0.0080000000000000002,304.70965464445214,304.70965491731101,-2.7285886972094886e-07,2.5495291723269422,,
1320,0.0090000000000000011,304.83308999108363,304.83309034714568,-3.5606205983640393e-07,2.5487776925060479,,
1320,0.01,304.97173543732964,304.97173587375119,-4.3642154423650936e-07,2.5470178260960052,,
1320,0.010999999999999999,305.12580142763784,305.12580193940363,-5.1176579063394456e-07,2.5431638178600973,,
1320,0.012,305.2955231533312,305.2955237361474,-5.8281619885747205e-07,2.5352711698743042,,
1320,0.013000000000000001,305.4811715248066,305.481172179456,-6.5464939780213172e-07,2.5201475980625023,,
1320,0.014,305.6830698299317,305.68307056750751,-7.3757581731115351e-07,2.4930006966671434,,
1320,0.014999999999999999,305.90161595834576,305.90161680523352,-8.4688775814356632e-07,2.4472664560276294,,
1320,0.016,306.13730887565794,306.13730987683505,-1.0011771109930123e-06,2.3747568677692712,,
1320,0.017000000000000001,306.39077668528967,306.39077790462585,-1.2193361840218131e-06,2.2661664152100465,,
1320,0.018000000000000002,306.66280245135408,306.66280396812118,-1.5167670994742366e-06,2.1117688768580303,,
1320,0.019,306.95434335669222,306.95434525906245,-1.9023702293452516e-06,1.9017778781618464,,
1320,0.02,307.26653799543823,307.26654143962725,-3.4441890193193103e-06,1.6250085474478342,,
1330,0,304.298577312053,304.29857720333217,1.0872082611967926e-07,2.5499998882186823,,
1330,0.001,304.30571151391479,304.30571141024302,1.0367176628278685e-07,2.5499998103077912,,
1330,0.002,304.32712770207979,304.32712761909448,8.2985309290961595e-08,2.5499994359004434,,
1330,0.0030000000000000001,304.36286633191327,304.36286628289997,4.9013294756150572e-08,2.5499981146383068,,
1330,0.0040000000000000001,304.41299387920077,304.41299387647086,2.7299051907903049e-09,2.5499937078365567,,
1330,0.0050000000000000001,304.47760151158525,304.4776015659703,-5.438505468191579e-08,2.5499797252848095,,
1330,0.0060000000000000001,304.55680345009944,304.55680357036471,-1.2026526974295848e-07,2.5499377657207338,,
1330,0.0070000000000000001,304.65073530471835,304.65073549700276,-1.9228440351071185e-07,2.549819212437856,,
1330,0.0080000000000000002,304.75955282161146,304.75955308907368,-2.6746221237772261e-07,2.5495047405302582,,
1330,0.0090000000000000011,304.88343165603544,304.88343199896775,-3.4293231010451564e-07,2.5487230257643638,,
1330,0.01,305.02256895007685,305.02256936677435,-4.1669750316941645e-07,2.546903972405556,,
1330,0.010999999999999999,305.17718759407279,305.17718808271235,-4.8863955726119457e-07,2.5429434326939315,,
1330,0.012,305.34754401410902,305.34754457579845,-5.6168943274315097e-07,2.5348751132471472,,
1330,0.013000000000000001,305.53394007730446,305.53394072020103,-6.4289656620530877e-07,2.5194872992236328,,
1330,0.014,305.73673912225263,305.73673986505759,-7.4280495709899697e-07,2.4919799675388252,,
1330,0.014999999999999999,305.95638478052217,305.95638565299248,-8.7247030933212955e-07,2.445803936821398,,
1330,0.016,306.19341766600104,306.19341871661368,-1.050612638664461e-06,2.3728155198294756,,
1330,0.017000000000000001,306.44847631583121,306.44847761633372,-1.3005025039092288e-06,2.2637814043119726,,
1330,0.018000000000000002,306.72225523483939,306.72225681167777,-1.5768383718750556e-06,2.1090626809461335,,
1330,0.019,307.01539020197646,307.01539195197319,-1.7499967270850902e-06,1.8989532257918809,,
1330,0.02,307.32827960881679,307.3282813331661,-1.7243493175556068e-06,1.6223169217940958,,
1340,0,304.34685783021678,304.34685773960638,9.0610399183788104e-08,2.549999873989989,,
1340,0.001,304.35402203546357,304.35402194962836,8.5835210938967066e-08,2.5499997876111506,,
1340,0.002,304.37552769272543,304.37552762669719,6.6028235323756235e-08,2.5499993752467778,,
1340,0.0030000000000000001,304.41141369515725,304.41141366145854,3.3698711376928259e-08,2.5499979331617659,,
1340,0.0040000000000000001,304.46174413150339,304.46174414146776,-9.964367109205341e-09,2.5499931677215892,,
1340,0.0050000000000000001,304.52660732626106,304.52660738954825,-6.3287188822869211e-08,2.5499781811956712,,
1340,0.0060000000000000001,304.60611479293766,304.60611491708318,-1.2414551520123496e-07,2.5499335856032297,,
1340,0.0070000000000000001,304.70040043047794,304.70040062061474,-1.9013680230273167e-07,2.5498085748528228,,
1340,0.0080000000000000002,304.80962041611053,304.8096206750551,-2.5894456712194369e-07,2.5494794047814282,,
1340,0.0090000000000000011,304.93395436058648,304.93395468948484,-3.2889835210880847e-07,2.5486667126647369,,
1340,0.01,305.07360835467136,305.07360875419965,-3.9952828956302255e-07,2.5467874017351528,,
1340,0.010999999999999999,305.22882047800749,305.22882094977308,-4.7176558837236371e-07,2.5427190291057498,,
1340,0.012,305.39986903045207,305.39986957876971,-5.4831764373375336e-07,2.5344738208068911,,
1340,0.013000000000000001,305.58708294109664,305.58708357744649,-6.3634985281169065e-07,2.5188211784658661,,
1340,0.014,305.79085216426608,305.79085291605884,-7.5179275427217362e-07,2.4909541157571247,,
1340,0.014999999999999999,306.01163315885617,306.01163407482574,-9.159695650851063e-07,2.4443387636574299,,
1340,0.016,306.24994134009495,306.24994247028582,-1.1301908671157435e-06,2.3708757407551109,,
1340,0.017000000000000001,306.5063209072182,306.50632225580472,-1.3485865224538429e-06,2.2614032240610964,,
1340,0.018000000000000002,306.78128640349769,306.78128790795114,-1.5044534507069329e-06,2.1063682783794286,,
1340,0.019,307.0752421532797,307.07524370367742,-1.5503977124353696e-06,1.8961434967052488,,
1340,0.02,307.38840156591215,307.3884030555912,-1.4896790503371449e-06,1.6196414677112585,,
1350,0,304.39533744586515,304.39533737203436,7.3830790370266186e-08,2.5499998581961179,,
1350,0.001,304.40253057626171,304.40253050679399,6.9467716912186006e-08,2.5499997625800552,,
1350,0.002,304.42412261221284,304.42412256128478,5.092806532047689e-08,2.5499993090676845,,
1350,0.0030000000000000001,304.46015133792514,304.46015131712971,2.0795425825781422e-08,2.5499977371479026,,
1350,0.0040000000000000001,304.51067927194117,304.51067929162002,-1.967885054909857e-08,2.5499925898148077,,
1350,0.0050000000000000001,304.57579314504426,304.57579321390034,-6.8856081725243712e-08,2.5499765435822952,,
1350,0.0060000000000000001,304.65560349453392,304.65560361937395,-1.2484002809287631e-07,2.5499291887241009,,
1350,0.0070000000000000001,304.7502447016613,304.75024488734761,-1.8568630366644356e-07,2.5497974713076097,,
1350,0.0080000000000000002,304.85987587311536,304.85987612278046,-2.4966510636659223e-07,2.5494531469383954,,
1350,0.0090000000000000011,304.98468298593582,304.98468330156845,-3.1563263291900512e-07,2.5486087317246486,,
1350,0.01,305.12488261353013,305.1248829973045,-3.8377436339942506e-07,2.5466680963486041,,
1350,0.010999999999999999,305.28072723081078,305.280727687818,-4.570072178466944e-07,2.5424906053914094,,
1350,0.012,305.45251144327477,305.45251198585044,-5.425756626209477e-07,2.5340673209897679,,
1350,0.013000000000000001,305.64057743043617,305.64057808204774,-6.5161157181137241e-07,2.5181493024913242,,
1350,0.014,305.84531655523188,305.8453173490222,-7.9379032058568555e-07,2.4899232390969472,,
1350,0.014999999999999999,306.06716294167126,306.06716390917251,-9.6750125067046611e-07,2.4428710383287617,,
1350,0.016,306.30657474775018,306.30657589916638,-1.1514161997183692e-06,2.3689375955561371,,
1350,0.017000000000000001,306.56400085350549,306.56400216291149,-1.3094060022922349e-06,2.2590318644837524,,
1350,0.018000000000000002,306.83983514675793,306.83983655478056,-1.4080226264923112e-06,2.103685570101113,,
1350,0.019,307.13436648040903,307.13436790791786,-1.4275088346948905e-06,1.8933485594518484,,
1350,0.02,307.44773707637171,307.44773845226672,-1.3758950103692769e-06,1.6169815959399105,,
1360,0,304.44400996363026,304.44400990424737,5.9382898598414613e-08,2.5499998406930011,,
1360,0.001,304.45123130088774,304.45123124537275,5.5514988162030932e-08,2.5499997350151942,,
1360,0.002,304.47290773443399,304.47290769597566,3.8458324524981435e-08,2.5499992369547466,,
1360,0.0030000000000000001,304.50907646812652,304.50907645735236,1.0774158454296412e-08,2.5499975256799732,,
1360,0.0040000000000000001,304.5597993483712,304.55979937472654,-2.6355337467975914e-08,2.5499919721114046,,
1360,0.0050000000000000001,304.62516277944025,304.62516285088032,-7.1440069859818323e-08,2.5499748083532676,,
1360,0.0060000000000000001,304.70527790375752,304.70527802659751,-1.2283999240025878e-07,2.5499245674761584,,
1360,0.0070000000000000001,304.800281309073,304.80028148812323,-1.7905023241837625e-07,2.5497858891960692,,
1360,0.0080000000000000002,304.91033652294726,304.91033676211379,-2.3916652480693301e-07,2.5494259489353728,,
1360,0.0090000000000000011,305.03563645811795,305.03563676168488,-3.0356693514477229e-07,2.5485490618103994,,
1360,0.01,305.17640672851735,305.1764071031796,-3.7466224966919981e-07,2.5465460391795141,,
1360,0.010999999999999999,305.33290932271274,305.33290977993141,-4.5721867536485661e-07,2.5422581606830734,,
1360,0.012,305.50544550483994,305.50544606227885,-5.5743890925441519e-07,2.5336556428167301,,
1360,0.013000000000000001,305.6943561188076,305.69435679899436,-6.801867584727006e-07,2.5174717377868396,,
1360,0.014,305.90001694776737,305.90001777271783,-8.2495046171970898e-07,2.4888874339880602,,
1360,0.014999999999999999,306.1228268006036,306.1228277830088,-9.8240519719183794e-07,2.4414008604151647,,
1360,0.016,306.36318693213633,306.36318806625854,-1.1341222148075758e-06,2.3670011470595447,,
1360,0.017000000000000001,306.62147239728012,306.62147365454041,-1.2572602940963407e-06,2.2566673146593859,,
1360,0.018000000000000002,306.89799867374001,306.8980000049512,-1.3312111946106597e-06,2.1010144588121626,,
1360,0.019,307.1929895002171,307.19299084313514,-1.3429180398816243e-06,1.8905682946718216,,
1360,0.02,307.50655322200487,307.50655452129513,-1.2992902611586032e-06,1.6143369876237128,,
1370,0,304.49287177417767,304.49287172618858,4.7989090035116533e-08,2.5499998213260722,,
1370,0.001,304.50012099822811,304.50012095358898,4.4639136831392534e-08,2.5499997047039664,,
1370,0.002,304.52188104427421,304.52188101515821,2.9115994948369917e-08,2.5499991584769517,,
1370,0.0030000000000000001,304.55818905333916,304.55818904943106,3.9080987335182726e-09,2.5499972978006418,,
1370,0.0040000000000000001,304.60910702776511,304.60910705772136,-2.9956254365970381e-08,2.5499913125385318,,
1370,0.0050000000000000001,304.67472210275355,304.67472217403673,-7.1283182023762492e-08,2.5499729713184509,,
1370,0.0060000000000000001,304.7551471408961,304.75514725986113,-1.1896503337993636e-07,2.5499197141406853,,
1370,0.0070000000000000001,304.85052179565326,304.8505219680099,-1.7235663563042181e-07,2.5497738158457532,,
1370,0.0080000000000000002,304.96101412146004,304.96101435318707,-2.3172702867668704e-07,2.5493977927905949,,
1370,0.0090000000000000011,305.08682264538174,305.08682294401984,-2.9863809913877049e-07,2.5484876821416882,,
1370,0.01,305.2281785432582,305.22817891924365,-3.759854507734417e-07,2.5464212138252686,,
1370,0.010999999999999999,305.38534719724686,305.38534766463613,-4.6738927039768896e-07,2.5420216949279375,,
1370,0.012,305.55862801772781,305.55862859348497,-5.7575715572966146e-07,2.533238815862553,,
1370,0.013000000000000001,305.74835111943361,305.74835182068836,-7.012547484919196e-07,2.5167885506019525,,
1370,0.014,305.95486942723369,305.95487026663125,-8.393975576836965e-07,2.487846795524209,,
1370,0.014999999999999999,306.17854522565824,306.1785462058391,-9.8018085736839566e-07,2.4399283273295191,,
1370,0.016,306.41973114169315,306.41973225076367,-1.1090705243077537e-06,2.3650664559727335,,
1370,0.017000000000000001,306.67874696496659,306.67874817477838,-1.2098117849745904e-06,2.254309562799,,
1370,0.018000000000000002,306.95585523917561,306.95585650718175,-1.2680061445280444e-06,2.0983548495551632,,
1370,0.019,307.25123970822756,307.25124098270101,-1.274473447665514e-06,1.8878025766210007,,
1370,0.02,307.56499097043536,307.56499220716023,-1.2367248700684286e-06,1.6117073886310809,,
1380,0,304.54192190646,304.54192186629581,4.0164195524994284e-08,2.549999799929719,,
1380,0.001,304.5491990661946,304.54919902888133,3.7313270695449319e-08,2.5499996714198736,,
1380,0.002,304.57104301610764,304.571042992873,2.3234633772517554e-08,2.5499990731799245,,
1380,0.0030000000000000001,304.60749124535369,304.60749124510465,2.4903101802919991e-10,2.5499970525111242,,
1380,0.0040000000000000001,304.65860651355928,304.65860654449568,-3.0936405437387293e-08,2.549990608954722,,
1380,0.0050000000000000001,304.72447733261356,304.72447740225016,-6.9636598709621467e-08,2.5499710281895518,,
1380,0.0060000000000000001,304.8052187388995,304.80521885434035,-1.1544085509740398e-07,2.5499146208903567,,
1380,0.0070000000000000001,304.90097337739081,304.90097354588443,-1.6849361372806015e-07,2.5497612385238559,,
1380,0.0080000000000000002,305.01191281907955,305.01191304878142,-2.2970186819293303e-07,2.5493686606138191,,
1380,0.0090000000000000011,305.13823886635288,305.13823916709123,-3.0073834977883962e-07,2.5484245722957644,,
1380,0.01,305.28018437887715,305.28018476258069,-3.8370353649952449e-07,2.5462936045406823,,
1380,0.010999999999999999,305.43801291389582,305.43801339427421,-4.8037838951131562e-07,2.5417812088671661,,
1380,0.012,305.61201628934475,305.61201688048544,-5.9114069017596194e-07,2.532816870225902,,
1380,0.013000000000000001,305.80250913941302,305.80250985322573,-7.1381271027348703e-07,2.5160998069281839,,
1380,0.014,306.00981973435285,306.00982057718227,-8.4282942225399893e-07,2.4868014174727771,,
1380,0.014999999999999999,306.23427683630092,306.23427780544858,-9.6914766345435055e-07,2.4384535343630422,,
1380,0.016,306.47619313829017,306.47619421943904,-1.0811488664330682e-06,2.3631335809472245,,
1380,0.017000000000000001,306.73584675587995,306.73584792234146,-1.1664615158224478e-06,2.2519585963242954,,
1380,0.018000000000000002,307.01346308325031,307.01346429755904,-1.2143087246840878e-06,2.0957066500767105,,
1380,0.019,307.30919981688214,307.30920103558338,-1.2187012430331379e-06,1.8850512717030141,,
1380,0.02,307.62313759718938,307.62313905977157,-1.4625821904701297e-06,1.6090925736774686,,
1390,0,304.59116161011946,304.59116157419754,3.5921914331993321e-08,2.5499997763267306,,
1390,0.001,304.59846702597008,304.59846699268024,3.3289836665062467e-08,2.549999634921905,,
1390,0.002,304.62039592958513,304.62039590939588,2.0189247607049765e-08,2.5499989805851655,,
1390,0.0030000000000000001,304.65698639237951,304.65698639378758,-1.4080683286010753e-09,2.5499967887703283,,
1390,0.0040000000000000001,304.70830221505247,304.70830224620676,-3.115428626188077e-08,2.5499898591493446,,
1390,0.0050000000000000001,304.77443345764874,304.77443352647282,-6.8824078880425077e-08,2.5499689745807612,,
1390,0.0060000000000000001,304.85549716776882,304.85549728225294,-1.1448412351455772e-07,2.5499092797922094,,
1390,0.0070000000000000001,304.95163822967288,304.95163839830792,-1.6863504015418584e-07,2.5497481444431065,,
1390,0.0080000000000000002,305.06303015631147,305.06303038855441,-2.3224293954626773e-07,2.5493385346136006,,
1390,0.0090000000000000011,305.18987551036292,305.18987581694171,-3.065787836931122e-07,2.5483597122112482,,
1390,0.01,305.33240549086895,305.33240588368824,-3.9281928820855683e-07,2.5461631962314559,,
1390,0.010999999999999999,305.49087809807389,305.49087858950213,-4.9142823854708695e-07,2.541536704015146,,
1390,0.012,305.66557424318728,305.66557484465011,-6.014628297634772e-07,2.5323898365003554,,
1390,0.013000000000000001,305.85679125652882,305.85679197663518,-7.2010635676633683e-07,2.5154055724794584,,
1390,0.014,306.06483350027139,306.06483434271752,-8.424461270806205e-07,2.4857513922846914,,
1390,0.014999999999999999,306.29000017601834,306.29000113569487,-9.5967652669060044e-07,2.4369765747292287,,
1390,0.016,306.53257073567573,306.53257179082459,-1.0551488571763912e-06,2.3612025786420534,,
1390,0.017000000000000001,306.7927881577487,306.79278927228677,-1.1145380653942993e-06,2.2496144019602555,,
1390,0.018000000000000002,307.07083965038532,307.07084080169761,-1.1513122899486916e-06,2.0930697706266286,,
1390,0.019,307.36683440377618,307.36683556831491,-1.1645387303360621e-06,1.8823142410445719,,
1390,0.02,307.68078113743178,307.68078225127306,-1.1138412787659036e-06,1.6064901114892063,,
1400,0,304.64059354712691,304.64059351360783,3.3519086173328105e-08,2.5499997503277316,,
1400,0.001,304.64792767292278,304.6479276418674,3.1055378713062964e-08,2.5499995949539125,,
1400,0.002,304.66994291625031,304.66994289785271,1.8397599887975957e-08,2.5499988801892872,,
1400,0.0030000000000000001,304.70667797420379,304.70667797686042,-2.6566340238787234e-09,2.5499965054940485,,
1400,0.0040000000000000001,304.75819766333984,304.75819769535661,-3.201677145625581e-08,2.5499890608421429,,
1400,0.0050000000000000001,304.82459336348933,304.82459343322802,-6.9738689489895478e-08,2.549966806009496,,
1400,0.0060000000000000001,304.90598354235919,304.90598365847319,-1.1611399486355367e-07,2.5499036828107098,,
1400,0.0070000000000000001,305.00251422266496,305.00251439438421,-1.7171925037473557e-07,2.5497345207676201,,
1400,0.0080000000000000002,305.11435916846551,305.11435940583613,-2.3737061383144464e-07,2.5493073971042759,,
1400,0.0090000000000000011,305.24171947164751,305.24171978559849,-3.1395097721542697e-07,2.5482930821914014,,
1400,0.01,305.38482213410697,305.38482253618514,-4.0207817164628068e-07,2.5460299744471113,,
1400,0.010999999999999999,305.54391719409915,305.54391769561084,-5.0151169261880568e-07,2.5412881826387128,,
1400,0.012,305.71927296232889,305.71927357247614,-6.1014725361019373e-07,2.5319577457461988,,
1400,0.013000000000000001,305.91116902319328,305.91116974622713,-7.230338496810873e-07,2.5147059126737998,,
1400,0.014,306.11988679841829,306.11988763154346,-8.3312517062950064e-07,2.4846968111052119,,
1400,0.014999999999999999,306.34569762674914,306.34569856088598,-9.3413683543985826e-07,2.4354975396076863,,
1400,0.016,306.58884848132658,306.58884950224962,-1.0209230367763666e-06,2.3592735037877168,,
1400,0.017000000000000001,306.84954572993126,306.84954681585396,-1.0859226904358366e-06,2.2472769658373544,,
1400,0.018000000000000002,307.12793797761941,307.1279390942002,-1.1165807904944813e-06,2.0904441234737159,,
1400,0.019,307.42410013799361,307.42410123824124,-1.1002476298926922e-06,1.8795913333734831,,
1400,0.02,307.73802209918369,307.73802313285961,-1.0336759146412078e-06,1.603900199845496,,
1410,0,304.69022084154398,304.69022080913942,3.2404557259724243e-08,2.5499997217306198,,
1410,0.001,304.69758412755755,304.69758409752268,3.0034868814254878e-08,2.5499995512439892,,
1410,0.002,304.71968703122798,304.71968701362312,1.7604861568543129e-08,2.5499987714632772,,
1410,0.0030000000000000001,304.75656876228061,304.75656876552199,-3.2413822736998554e-09,2.5499962015541962,,
1410,0.0040000000000000001,304.80829489455834,304.80829492718976,-3.2631419344397727e-08,2.5499882116828787,,
1410,0.0050000000000000001,304.87495763539857,304.87495770625048,-7.0851911004865542e-08,2.5499645178972901,,
1410,0.0060000000000000001,304.95667605776106,304.95667617612719,-1.1836613111881888e-07,2.5498978218109261,,
1410,0.0070000000000000001,305.05359612952407,305.05359630530216,-1.757780978550727e-07,2.5497203546187088,,
1410,0.0080000000000000002,305.16589030862167,305.16589055230918,-2.4368750928260852e-07,2.5492752305126127,,
1410,0.0090000000000000011,305.29375640984171,305.29375673225564,-3.2241393910226179e-07,2.5482246629067737,,
1410,0.01,305.43741540301704,305.43741581464786,-4.1163082187267719e-07,2.5458939253732611,,
1410,0.010999999999999999,305.59710778759734,305.59710829761332,-5.1001597967115231e-07,2.5410356477361522,,
1410,0.012,305.77308821631374,305.77308883130843,-6.1499468984038685e-07,2.5315206294628516,,
1410,0.013000000000000001,305.96561811702117,305.96561883961522,-7.2259405214936123e-07,2.5140008926163673,,
1410,0.014,306.17495619338888,306.17495702089542,-8.2750653973562294e-07,2.4836377637859397,,
1410,0.014999999999999999,306.40134689018169,306.40134781330892,-9.2312723154464038e-07,2.4340165181885478,,
1410,0.016,306.64500721982017,306.6450082210032,-1.0011830227085738e-06,2.3573464092514866,,
1410,0.017000000000000001,306.9061127901698,306.90611384193824,-1.0517684359001578e-06,2.2449462735856933,,
1410,0.018000000000000002,307.18478442019034,307.18478548558318,-1.0653928370629728e-06,2.0878296223773609,,
1410,0.019,307.48107723838274,307.48107827407159,-1.0356888537899067e-06,1.8768823561304413,,
1410,0.02,307.79497436629907,307.79497533598544,-9.6968636853489443e-07,1.6013233314330444,,
1420,0,304.74004623995717,304.7400462080758,3.1881370432529366e-08,2.5499996903199431,,
1420,0.001,304.74743902705677,304.7474389975763,2.9480474950105418e-08,2.5499995035037903,,
1420,0.002,304.76963054651651,304.76963052959576,1.6920751022553304e-08,2.5499986538516737,,
1420,0.0030000000000000001,304.80666030601901,304.80666031026902,-4.2500118979660328e-09,2.549995875777928,,
1420,0.0040000000000000001,304.85859423944606,304.85859427372759,-3.4281526950508123e-08,2.5499873092507945,,
1420,0.0050000000000000001,304.92552475795742,304.92552483151144,-7.3554019763832912e-08,2.5499621055704607,,
1420,0.0060000000000000001,305.00757065658189,305.00757077911106,-1.2252917258592788e-07,2.5498916885614573,,
1420,0.0070000000000000001,305.10487670555273,305.10487688720644,-1.8165371784562012e-07,2.5497056330805168,,
1420,0.0080000000000000002,305.21761270530999,305.21761295650435,-2.5119436486420454e-07,2.5492420173845809,,
1420,0.0090000000000000011,305.34597174258084,305.34597207359582,-3.3101497365350951e-07,2.5481544353986014,,
1420,0.01,305.49016736172456,305.49016778205282,-4.2032826286231284e-07,2.5457550358255454,,
1420,0.010999999999999999,305.6504293712452,305.65042988870005,-5.1745485052379081e-07,2.5407791030186226,,
1420,0.012,305.82699805111804,305.82699867070414,-6.195861033120309e-07,2.5310785195634002,,
1420,0.013000000000000001,306.02011662397905,306.02011734654144,-7.2256239036505576e-07,2.5132905770825471,,
1420,0.014,306.23002201447883,306.23002283524607,-8.207672408389044e-07,2.4825743388932451,,
1420,0.014999999999999999,306.45693415576181,306.45693506298824,-9.0722642198670655e-07,2.432533597710334,,
1420,0.016,306.70104440694843,306.701045380957,-9.7400857157481369e-07,2.3554213460977818,,
1420,0.017000000000000001,306.96250399013837,306.9625050032534,-1.0131150247616461e-06,2.2426223104052734,,
1420,0.018000000000000002,307.24141366956661,307.24141468754328,-1.0179766718465544e-06,2.0852261817545203,,
1420,0.019,307.53781607308474,307.53781705793244,-9.84847702056868e-07,1.8741871004819295,,
1420,0.02,307.8516919827166,307.85169290533258,-9.2261598183540627e-07,1.5987595665538059,,
1430,0,304.79007152577196,304.79007149472352,3.1048443815961946e-08,2.5499996558663223,,
1430,0.001,304.79749398095066,304.79749395242084,2.8529825613077264e-08,2.5499994514279103,,
1430,0.002,304.81977453073824,304.81977451513609,1.5602154235239141e-08,2.5499985267718581,,
1430,0.0030000000000000001,304.85695271592078,304.85695272214133,-6.2205458561948035e-09,2.5499955269469585,,
1430,0.0040000000000000001,304.90909437375751,304.90909441097205,-3.7214533676888095e-08,2.5499863510544252,,
1430,0.0050000000000000001,304.97629145836754,304.9762915361099,-7.7742356552334968e-08,2.5499595642612176,,
1430,0.0060000000000000001,305.05866162268973,305.05866175085964,-1.2816991556974244e-07,2.5498852747377891,,
1430,0.0070000000000000001,305.15634739854863,305.1563475873017,-1.8875306295740302e-07,2.5496903432057394,,
1430,0.0080000000000000002,305.26951477329351,305.26951503277337,-2.5947986159735592e-07,2.5492077403914268,,
1430,0.0090000000000000011,305.39835093619143,305.39835127606705,-3.3987561209869455e-07,2.548082381080417,,
1430,0.01,305.54306096332488,305.54306139210638,-4.2878150452452246e-07,2.5456132932408932,,
1430,0.010999999999999999,305.70386323552759,305.70386375965774,-5.2413014373087208e-07,2.5405185528890128,,
1430,0.012,305.88098344964487,305.88098407238431,-6.2273943512991536e-07,2.5306314483483368,,
1430,0.013000000000000001,306.07464719748106,306.07464791766904,-7.2018798391582095e-07,2.5125750305032883,,
1430,0.014,306.28507125326803,306.28507206412615,-8.1085812553283176e-07,2.4815066237220518,,
1430,0.014999999999999999,306.51245392413756,306.51245481236174,-8.8822417865230818e-07,2.4310488635050254,,
1430,0.016,306.75696505873015,306.75696600415381,-9.454236646888603e-07,2.3534983636559308,,
1430,0.017000000000000001,307.01873653770679,307.01873751382561,-9.7611882665660232e-07,2.240305061107962,,
1430,0.018000000000000002,307.29785423097354,307.29785520648244,-9.7550889677222585e-07,2.0826337153029622,,
1430,0.019,307.5943524386098,307.5943533798806,-9.4127079819372739e-07,1.8715053726326767,,
1430,0.02,307.90821168908678,307.90821257204817,-8.8296138756049913e-07,1.5962088710205451,,
1440,0,304.84029720053798,304.84029717128516,2.9252817057567881e-08,2.5499996181258329,,
1440,0.001,304.84774928791433,304.84774926134224,2.6572081424092175e-08,2.5499993946932085,,
1440,0.002,304.87011866775873,304.87011865459868,1.3160047274141107e-08,2.5499983896132772,,
1440,0.0030000000000000001,304.90744463558053,304.90744464503882,-9.4582901510875672e-09,2.5499951537968175,,
1440,0.0040000000000000001,304.95979246836822,304.95979250989257,-4.1524344851495698e-08,2.5499853345312835,,
1440,0.0050000000000000001,305.02725302118455,305.02725310450705,-8.3322504451643908e-08,2.5499568891086346,,
1440,0.0060000000000000001,305.10994200538005,305.10994214046246,-1.3508241636372986e-07,2.5498785719254613,,
1440,0.0070000000000000001,305.20799880023708,305.20799899709198,-1.9685489860421512e-07,2.5496744720211693,,
1440,0.0080000000000000002,305.32158462288112,305.32158489123651,-2.6835539301828248e-07,2.5491723823357466,,
1440,0.0090000000000000011,305.45087987005451,305.45088021883475,-3.4878024735007784e-07,2.5480084817401236,,
1440,0.01,305.59608045669376,305.59608089330544,-4.3661168547259877e-07,2.5454686856699893,,
1440,0.010999999999999999,305.75739301738531,305.75739354682412,-5.294388074617018e-07,2.5402540024227114,,
1440,0.012,305.93502891378432,305.93502953761845,-6.238341256903368e-07,2.5301794484810793,,
1440,0.013000000000000001,306.12919710679074,306.12919782213282,-7.1534208245793707e-07,2.5118543169507057,,
1440,0.014,306.34009610346817,306.34009690209967,-7.9863150403980399e-07,2.4804347043070325,,
1440,0.014999999999999999,306.56790536321409,306.5679062310615,-8.6784740460643661e-07,2.4295623990382893,,
1440,0.016,306.81277672274643,306.81277763991056,-9.1716412953246618e-07,2.3515775095830778,,
1440,0.017000000000000001,307.0748265425155,307.07482748400349,-9.4148799689719453e-07,2.2379945101166054,,
1440,0.018000000000000002,307.35412935074817,307.35413028795102,-9.3720285576637252e-07,2.0800521351135433,,
1440,0.019,307.65071373203961,307.65071463490659,-9.0286698650743347e-07,1.8688369968856433,,
1440,0.02,307.9645607646915,307.96456190544245,-1.1407509532546101e-06,1.5936711712564582,,
1450,0,304.89072237014341,304.89072234297913,2.7164276161784073e-08,2.5499995768393839,,
1450,0.001,304.89820384624716,304.89820382298512,2.3262032300408464e-08,2.5499993329581465,,
1450,0.002,304.92066123520118,304.92066122589387,9.3073140305932611e-09,2.5499982417366915,,
1450,0.0030000000000000001,304.95813331825252,304.95813333238777,-1.4135252968117129e-08,2.5499947550161259,,
1450,0.0040000000000000001,305.01068437381514,305.01068442106254,-4.724739710582071e-08,2.549984257047647,,
1450,0.0050000000000000001,305.07840356940943,305.07840365961033,-9.0200899194314843e-08,2.5499540751597203,,
1450,0.0060000000000000001,305.1614039702406,305.16140411329894,-1.4305834383776528e-07,2.5498715716233109,,
1450,0.0070000000000000001,305.25982103683214,305.25982124247878,-2.0564664282574086e-07,2.549658006533198,,
1450,0.0080000000000000002,305.37381046728211,305.37381074468948,-2.77407366411353e-07,2.5491359261572941,,
1450,0.0090000000000000011,305.50354523996992,305.50354559720438,-3.572344553504081e-07,2.5479327195415777,,
1450,0.01,305.64921173516524,305.64921217848763,-4.4332239212963032e-07,2.5453212017692892,,
1450,0.010999999999999999,305.81100486346662,305.81100539654614,-5.3307951475289883e-07,2.5399854573483096,,
1450,0.012,305.98912220707956,305.98912283036395,-6.2328439298653393e-07,2.5297225529641083,,
1450,0.013000000000000001,306.18375727835166,306.18375798912285,-7.1077118946050177e-07,2.511128500124721,,
1450,0.014,306.39509205799231,306.39509285034825,-7.9235593375415192e-07,2.4793586654346567,,
1450,0.014999999999999999,306.62328867239972,306.62328953120618,-8.588064588366251e-07,2.4280742859502618,,
1450,0.016,306.86847824775623,306.86847913972991,-8.919736842472048e-07,2.3496588299258474,,
1450,0.017000000000000001,307.13073943452656,307.13074032652395,-8.9199738795286976e-07,2.2356906414112783,,
1450,0.018000000000000002,307.41004998577807,307.41005085321848,-8.6744040572739323e-07,2.0774813517973767,,
1450,0.019,307.70619304757395,307.70619378378791,-7.3621396268208628e-07,1.8661818117088866,,
1450,0.02,308.01862661058419,308.01862696525643,-3.5467223824525718e-07,1.5911475887292359,,
1460,0,304.94134476471226,304.94134474228156,2.2430697299569147e-08,2.5499995317320896,,
1460,0.001,304.94885518895751,304.94885517059532,1.8362186438025674e-08,2.5499992658621169,,
1460,0.002,304.97139918203857,304.97139917811268,3.9258907236217055e-09,2.5499980824734321,,
1460,0.0030000000000000001,305.00901476590593,305.00901478616709,-2.0261154531908687e-08,2.5499943292459295,,
1460,0.0040000000000000001,305.06176482828755,305.06176488257523,-5.4287681905407226e-08,2.5499831158983963,,
1460,0.0050000000000000001,305.12973633700932,305.1297364351995,-9.8190184871782549e-08,2.54995111737058,,
1460,0.0060000000000000001,305.21303912128906,305.21303927314227,-1.5185321444732836e-07,2.5498642652467702,,
1460,0.0070000000000000001,305.31180411577731,305.31180433067954,-2.1490222934517078e-07,2.549640933733226,,
1460,0.0080000000000000002,305.42618095458761,305.42618124119514,-2.8660753059739363e-07,2.5490983549384953,,
1460,0.0090000000000000011,305.55633480948359,305.55633517528838,-3.6580479445547098e-07,2.5478550770257709,,
1460,0.01,305.70244238689247,305.70244283759627,-4.5070379428580054e-07,2.5451708307927285,,
1460,0.010999999999999999,305.86468701378391,305.86468755207409,-5.3829018042961252e-07,2.5397129240284508,,
1460,0.012,306.04325268825147,306.04325331198345,-6.2373197806664393e-07,2.5292607951158139,,
1460,0.013000000000000001,306.23831669333708,306.23831739547052,-7.0213343406066997e-07,2.5103976433406685,,
1460,0.014,306.45003962139617,306.45004039425362,-7.7285744737309869e-07,2.4782785906558096,,
1460,0.014999999999999999,306.67855023281186,306.6785510711652,-8.3835334407922346e-07,2.4265846040964365,,
1460,0.016,306.92392080159726,306.92392169256607,-8.9096880628858344e-07,2.3477423691784098,,
1460,0.017000000000000001,307.18612798269476,307.18612887641848,-8.937237225836725e-07,2.2333934384384637,,
1460,0.018000000000000002,307.46499728667442,307.46499806578561,-7.7911118978590821e-07,2.0749212751491437,,
1460,0.019,307.76013750807385,307.76013800409913,-4.9602527951719821e-07,1.8635396710410193,,
1460,0.02,308.07088241969893,308.07088248627457,-6.6575637447385816e-08,1.5886378036418305,,
1470,0,304.99216084164874,304.99216082556882,1.6079923170764232e-08,2.5499994825126189,,
1470,0.001,304.99969959651037,304.99969958464476,1.1865608939842787e-08,2.5499991930247572,,
1470,0.002,305.02232826856448,305.02232827155257,-2.9880879992560949e-09,2.549997911124648,,
1470,0.0030000000000000001,305.06008390858193,305.06008393638882,-2.7806891012005508e-08,2.5499938750790236,,
1470,0.0040000000000000001,305.113027680355,305.11302774294558,-6.2590572724730009e-08,2.5499819083068886,,
1470,0.0050000000000000001,305.18124392826388,305.18124403552872,-1.0726483878897852e-07,2.5499480106075954,,
1470,0.0060000000000000001,305.26483877515187,305.26483893674418,-1.6159231108758831e-07,2.5498566441311428,,
1470,0.0070000000000000001,305.3639381658428,305.36393839088345,-2.2504065100292792e-07,2.5496232406029806,,
1470,0.0080000000000000002,305.47868525954402,305.47868555612337,-2.9657934419446974e-07,2.5490596519097997,,
1470,0.0090000000000000011,305.60923705744511,305.60923743191125,-3.7446613987413002e-07,2.5477755371118755,,
1470,0.01,305.75576010388141,305.75576056015717,-4.5627575673279352e-07,2.5450175625835652,,
1470,0.010999999999999999,305.91842497075908,305.91842551023132,-5.3947223932482302e-07,2.5394364094412807,,
1470,0.012,306.09739895742854,306.09739957977905,-6.2235051245806972e-07,2.5287942085482751,,
1470,0.013000000000000001,306.29283596527978,306.2928366692999,-7.0402012397607905e-07,2.5096618095175609,,
1470,0.014,306.5048619048236,306.50486268584274,-7.8101913913997123e-07,2.4771945622981013,,
1470,0.014999999999999999,306.73355355926623,306.73355440010209,-8.4083586671113153e-07,2.4250934315873311,,
1470,0.016,306.97890913241463,306.97890999079578,-8.5838115637670853e-07,2.3458281703337933,,
1470,0.017000000000000001,307.24081039527454,307.24081119542433,-8.0014979175757617e-07,2.231102884019474,,
1470,0.018000000000000002,307.51897961531324,307.5189802496663,-6.3435305719394819e-07,2.0723718148849128,,
1470,0.019,307.81293851118875,307.81293885560405,-3.4441529805917526e-07,1.8609104581134537,,
1470,0.02,308.121979485596,308.12197942474307,6.0852926253573969e-08,1.5861413367354318,,
1480,0,305.04316594239265,305.0431659343011,8.0915469879982993e-09,2.549999428872558,,
1480,0.001,305.05073225935644,305.05073225560426,3.7521772355830763e-09,2.5499991140452685,,
1480,0.002,305.07344324441834,305.07344325587781,-1.1459462712082313e-08,2.5499977269605765,,
1480,0.0030000000000000001,305.111334801694,305.11133483851205,-3.6818050830333959e-08,2.5499933910593384,,
1480,0.0040000000000000001,305.16446609708197,305.16446616931353,-7.2231557624036213e-08,2.5499806314248934,,
1480,0.0050000000000000001,305.23291850285784,305.23291862033597,-1.1747812322937534e-07,2.5499447496486938,,
1480,0.0060000000000000001,305.3167940330311,305.31679420513285,-1.7210174974024994e-07,2.5498486995349281,,
1480,0.0070000000000000001,305.41621318055445,305.41621341586921,-2.353147579015058e-07,2.5496049141197576,,
1480,0.0080000000000000002,305.53131202870145,305.53131233466655,-3.0596510214309092e-07,2.5490198004547437,,
1480,0.0090000000000000011,305.66223844127728,305.66223882390773,-3.8263044643827016e-07,2.5476940830978245,,
1480,0.01,305.8091470164685,305.80914748026925,-4.6380074536500615e-07,2.5448613875658377,,
1480,0.010999999999999999,305.97219229776817,305.97219284563715,-5.47868978628685e-07,2.5391559211618939,,
1480,0.012,306.15151948039409,306.15152011284948,-6.3245539649869897e-07,2.5283228271456357,,
1480,0.013000000000000001,306.34725160164879,306.3472523143555,-7.1270670787271229e-07,2.5089210611673134,,
1480,0.014,306.55947211479611,306.5594728936166,-7.7882049254185404e-07,2.4761066614789886,,
1480,0.014999999999999999,306.78820204790668,306.78820286228876,-8.143820764416887e-07,2.4236008448284694,,
1480,0.016,307.03337186141425,307.03337265894953,-7.975352787070733e-07,2.3439162749285543,,
1480,0.017000000000000001,307.29478969356427,307.29479039860695,-7.0504268023796612e-07,2.2288189602876614,,
1480,0.018000000000000002,307.57210964577365,307.5721101635807,-5.1780705234705238e-07,2.0698328814561613,,
1480,0.019,307.86480547305496,307.86480569945962,-2.2640466568191187e-07,1.858294070921876,,
1480,0.02,308.17215569160106,308.1721555288309,1.6277016356980312e-07,1.583657943930356,,
1490,0,305.09435447199257,305.09435447352882,-1.5362502381321974e-09,2.5499993704857484,,
1490,0.001,305.10194745720383,305.10194746317831,-5.9744706959463656e-09,2.5499990285017278,,
1490,0.002,305.1247380224986,305.12473804395785,-2.1459243271237938e-08,2.5499975292198087,,
1490,0.0030000000000000001,305.16276077392092,305.16276082111978,-4.719885282611358e-08,2.5499928756813244,,
1490,0.0040000000000000001,305.21607263143596,305.21607271443361,-8.2997644312854391e-08,2.54997928233258,,
1490,0.0050000000000000001,305.28475164546614,305.28475177398627,-1.2852012787334388e-07,2.5499413291846684,,
1490,0.0060000000000000001,305.36889523730997,305.36889542055638,-1.832464135986811e-07,2.5498404226431628,,
1490,0.0070000000000000001,305.46861774353522,305.46861798999112,-2.4645589746796759e-07,2.5495859412615625,,
1490,0.0080000000000000002,305.58404707944021,305.58404739666844,-3.17228227686428e-07,2.5489787841148033,,
1490,0.0090000000000000011,305.71532024273614,305.71532063713659,-3.9440044474758906e-07,2.5476106986606917,,
1490,0.01,305.86257725350714,305.86257772985118,-4.7634404154450749e-07,2.5447022967358168,,
1490,0.010999999999999999,306.02595298551427,306.02595354592358,-5.6040931895040558e-07,2.5388714673442245,,
1490,0.012,306.20556623213491,306.20556687412483,-6.4198991367447888e-07,2.5278466850432726,,
1490,0.013000000000000001,306.40150534871174,306.40150606209528,-7.1338354246108793e-07,2.5081754603846576,,
1490,0.014,306.61381002779706,306.6138107907405,-7.6294344353300403e-07,2.4750149681189217,,
1490,0.014999999999999999,306.84244928949681,306.84245006473077,-7.7523395702883136e-07,2.4221069185592881,,
1490,0.016,307.08729663085268,307.08729736344458,-7.3259190003227559e-07,2.3420067230798702,,
1490,0.017000000000000001,307.3481043707406,307.34810498862362,-6.1788301763954223e-07,2.2265416486661831,,
1490,0.018000000000000002,307.62448029081366,307.62448070878878,-4.1797511585173197e-07,2.0673043870395307,,
1490,0.019,307.91587034266325,307.91587046956943,-1.2690617268162896e-07,1.8556904044665152,,
1490,0.02,308.22155111317198,308.22155086448589,2.4868609216355253e-07,1.581187433954538,,
1500,0,305.14572003674834,305.14572004941522,-1.2666873772104736e-08,2.5499993070076279,,
1500,0.001,305.15333868208916,305.15333869925945,-1.7170293631352251e-08,2.5499989359503981,,
1500,0.002,305.17620575063671,305.17620578347413,-3.2837419894349296e-08,2.5499973171085744,,
1500,0.0030000000000000001,305.21435438818418,305.21435444703201,-5.8847831496677827e-08,2.5499923273893823,,
1500,0.0040000000000000001,305.26783898101075,305.26783907599167,-9.498091912973905e-08,2.5499778580385506,,
1500,0.0050000000000000001,305.33673380816731,305.33673394907441,-1.40907104650978e-07,2.5499377438205473,,
1500,0.0060000000000000001,305.42113102036927,305.42113121652295,-1.961536781891482e-07,2.5498318045707573,,
1500,0.0070000000000000001,305.52113779045618,305.52113805050783,-2.6005164954767679e-07,2.5495663090121594,,
1500,0.0080000000000000002,305.63687240858275,305.6368727402018,-3.3161904866574332e-07,2.5489365865940257,,
1500,0.0090000000000000011,305.76845901077905,305.76845942011022,-4.0933116451924434e-07,2.5475253678567862,,
1500,0.01,305.91602054514556,305.91602103586632,-4.9072076535594533e-07,2.5445402816533536,,
1500,0.010999999999999999,306.07966952368702,306.079670095501,-5.7181398460670607e-07,2.5385830567032217,,
1500,0.012,306.25949612422841,306.259496770721,-6.4649259456928121e-07,2.5273658166076785,,
1500,0.013000000000000001,306.4555533507866,306.45555405677015,-7.0598355250695022e-07,2.5074250688378075,,
1500,0.014,306.66783928072675,306.66784001948838,-7.3876162787200883e-07,2.4739195609547466,,
1500,0.014999999999999999,306.89627693965582,306.89627767079492,-7.3113909593303106e-07,2.4206117258910758,,
1500,0.016,307.14069300812082,307.14069367677678,-6.6865595726994798e-07,2.3400995535169535,,
1500,0.017000000000000001,307.40079726160951,307.40079779974928,-5.3813977274330682e-07,2.2242709298909045,,
1500,0.018000000000000002,307.67616519770399,307.67616552777821,-3.3007421507136314e-07,2.0647862461788171,,
1500,0.019,307.96622651184356,307.96622655256772,-4.0724160044192104e-08,1.8530993483962497,,
1500,0.02,308.27026252687847,308.27026146987458,1.0570038853074948e-06,1.5787296388134162,,
1510,0,305.19725543597542,305.19725546320905,-2.7233625132794259e-08,2.5499992380745535,,
1510,0.001,305.20489860291332,305.20489863296569,-3.0052376587264007e-08,2.5499988359250336,,
1510,0.002,305.22783869326958,305.22783873915472,-4.5885144572821446e-08,2.5499970898000215,,
1510,0.0030000000000000001,305.26610718670992,305.26610725894966,-7.223974307635217e-08,2.5499917445773179,,
1510,0.0040000000000000001,305.31975556429319,305.31975567317392,-1.0888072665693471e-07,2.5499763554799166,,
1510,0.0050000000000000001,305.38885375326322,305.38885390873196,-1.5546874010397005e-07,2.5499339880770111,,
1510,0.0060000000000000001,305.4734877879153,305.47348799939761,-2.1148230189282913e-07,2.5498228363658457,,
1510,0.0070000000000000001,305.5737565119062,305.57375678800537,-2.7609917196969036e-07,2.5495460043660203,,
1510,0.0080000000000000002,305.68976708616833,305.68976743417011,-3.4800177672877908e-07,2.5488931917634243,,
1510,0.0090000000000000011,305.82162901051004,305.82162943559371,-4.2508366959737032e-07,2.5474380751214838,,
1510,0.01,305.96944633351131,305.96944683756743,-5.0405611773385317e-07,2.5443753344331395,,
1510,0.010999999999999999,306.13330774051889,306.13330832050366,-5.7998477132059634e-07,2.5382906984973341,,
1510,0.012,306.31327430559264,306.31327495136088,-6.4576823888273793e-07,2.5268802564170323,,
1510,0.013000000000000001,306.5093649095412,306.50936560134255,-6.9180134687485406e-07,2.5066699477598156,,
1510,0.014,306.721539767205,306.72154047481257,-7.076075689838035e-07,2.4728205175533473,,
1510,0.014999999999999999,306.94968367854773,306.94968436277327,-6.8422554022617987e-07,2.4191153383436728,,
1510,0.016,307.19359434674618,307.19359494854888,-6.0180269656484597e-07,2.338194803609063,,
1510,0.017000000000000001,307.4529909016386,307.45299134340291,-4.4176431401865557e-07,2.2220067840784816,,
1510,0.018000000000000002,307.72757352605493,307.72757379180564,-2.6575071387924254e-07,2.0622783758127063,,
1510,0.019,308.01716801373612,308.01716826837281,-2.5463668862357736e-07,1.8505207887149659,,
1510,0.02,308.32194318125624,308.32194371984326,-5.3858701676290366e-07,1.5762840138887853,,
1520,0,305.24895248278352,305.24895252445486,-4.1671341932669748e-08,2.5499991633031391,,
1520,0.001,305.25661886711549,305.25661891170284,-4.4587352476810338e-08,2.5499987279361793,,
1520,0.002,305.27962798414097,305.27962804485031,-6.0709339777531568e-08,2.5499968464335221,,
1520,0.0030000000000000001,305.31800939256027,305.31800948009879,-8.7538523985131178e-08,2.5499911255878169,,
1520,0.0040000000000000001,305.3718112211144,305.37181134592691,-1.2481251587814768e-07,2.549974771522435,,
1520,0.0050000000000000001,305.44109837943341,305.44109855155307,-1.721196554171911e-07,2.5499300563918652,,
1520,0.0060000000000000001,305.52594988071576,305.525950109495,-2.2877924266140326e-07,2.5498135090131444,,
1520,0.0070000000000000001,305.62645510341167,305.62645539707495,-2.9366327680691029e-07,2.5495250143331787,,
1520,0.0080000000000000002,305.74270877713974,305.74270914206522,-3.6492548360911314e-07,2.5488485836651709,,
1520,0.0090000000000000011,305.87480445634429,305.87480489600614,-4.3966184648525086e-07,2.5473488052688102,,
1520,0.01,306.02282626875314,306.02282678247741,-5.1372427378737484e-07,2.5442074477358876,,
1520,0.010999999999999999,306.18683884853169,306.18683943058278,-5.8205108643960557e-07,2.5379944025113037,,
1520,0.012,306.36687571097917,306.3668763499046,-6.3892542812027386e-07,2.5263900392424454,,
1520,0.013000000000000001,306.56292715697009,306.56292783265644,-6.7568635131465271e-07,2.5059101579406309,,
1520,0.014,306.77493051663942,306.77493119237425,-6.7573483875094098e-07,2.4717179143254779,,
1520,0.014999999999999999,307.00276843707275,307.00276905458645,-6.1751370594720356e-07,2.417617825880745,,
1520,0.016,307.24628435325428,307.24628485509697,-5.0184269184683217e-07,2.3362925093926741,,
1520,0.017000000000000001,307.50532567506036,307.50532605714403,-3.8208366959224804e-07,2.2197491908248139,,
1520,0.018000000000000002,307.77982020236499,307.77982055892409,-3.5655909869092284e-07,2.0597806949623818,,
1520,0.019,308.0698772005743,308.06987769611038,-4.955360850544821e-07,1.8479546079297005,,
1520,0.02,308.37588566086316,308.37588644956946,-7.8870630204619374e-07,1.5738504817385908,,
1530,0,305.30080176127416,305.30080181948966,-5.8215505305270199e-08,2.5499990822895664,,
1530,0.001,305.30848986017645,305.30848992141858,-6.1242133142513921e-08,2.5499986114704805,,
1530,0.002,305.33156340199071,305.33156347967395,-7.7683239396719728e-08,2.5499965861139744,,
1530,0.0030000000000000001,305.37004974148806,305.37004984648661,-1.0499854852241697e-07,2.5499904687119646,,
1530,0.0040000000000000001,305.42399317714688,305.42399331997728,-1.4283040172813344e-07,2.5499731029606822,,
1530,0.0050000000000000001,305.49345292859527,305.49345311917727,-1.9058199995924952e-07,2.5499259431215551,,
1530,0.0060000000000000001,305.57850014311379,305.5785003903793,-2.4726551828280208e-07,2.5498038134372956,,
1530,0.0070000000000000001,305.67921378520344,305.6792140965556,-3.1135215294852969e-07,2.5495033259439754,,
1530,0.0080000000000000002,305.7956752583558,305.79567563900912,-3.8065331864345353e-07,2.548802746516563,,
1530,0.0090000000000000011,305.92796166191465,305.9279621140916,-4.5217694832899724e-07,2.5472575434907943,,
1530,0.01,306.07613775771966,306.07613827940429,-5.216846261646424e-07,2.5440366147594711,,
1530,0.010999999999999999,306.24024710699359,306.24024768964591,-5.8265231928089634e-07,2.5376941790392853,,
1530,0.012,306.42030355649746,306.42030418160465,-6.2510719089914346e-07,2.5258952000298724,,
1530,0.013000000000000001,306.61628537374258,306.61628601026064,-6.3651805248809978e-07,2.5051457597197846,,
1530,0.014,306.82813571614611,306.82813632375593,-6.0760982023566612e-07,2.4706118265396846,,
1530,0.014999999999999999,307.05577422189913,307.05577476500923,-5.4311010444507701e-07,2.4161192569435008,,
1530,0.016,307.29912431576781,307.2991247855789,-4.6981108425825369e-07,2.3343927056000697,,
1530,0.017000000000000001,307.55815818682726,307.55815861909048,-4.3226322077316581e-07,2.2174981293090803,,
1530,0.018000000000000002,307.83295590898302,307.83295638594569,-4.7696266847196966e-07,2.0572931243488641,,
1530,0.019,308.12376813347947,308.12376876301181,-6.2953233737061964e-07,1.8454006810372934,,
1530,0.02,308.43106626433092,308.43106716562392,-9.0129299223917769e-07,1.571429020334264,,
1540,0,305.35279245646581,305.35279253350711,-7.7041306667524623e-08,2.5499989946089046,,
1540,0.001,305.36050055430013,305.36050063445907,-8.0158940818364499e-08,2.5499984859899838,,
1540,0.002,305.38363328030954,305.38363337715344,-9.6843905339483172e-08,2.5499963079111279,,
1540,0.0030000000000000001,305.42221550767243,305.42221563214264,-1.2447020480976789e-07,2.5499897721887783,,
1540,0.0040000000000000001,305.47628725703765,305.47628741957277,-1.6253511603281368e-07,2.5499713465182765,,
1540,0.0050000000000000001,305.54590147849967,305.54590168874819,-2.1024851548645529e-07,2.5499216425427189,,
1540,0.0060000000000000001,305.63112083047002,305.63112109686824,-2.66398217263486e-07,2.5497937405062201,,
1540,0.0070000000000000001,305.73201338521898,305.7320137143808,-3.2916182135522831e-07,2.5494809262537066,,
1540,0.0080000000000000002,305.84864725618229,305.84864765197733,-3.9579504118592013e-07,2.5487556647137755,,
1540,0.0090000000000000011,305.98108430510342,305.98108476725906,-4.6215563997975551e-07,2.5471642753565811,,
1540,0.01,306.12937339653678,306.12937391874914,-5.2221236046534614e-07,2.543862829230001,,
1540,0.010999999999999999,306.29354416043998,306.29354472851003,-5.6807004966685781e-07,2.5373900388682671,,
1540,0.012,306.47360288397658,306.47360347534504,-5.9136846175533719e-07,2.5253957738826549,,
1540,0.013000000000000001,306.66953285162333,306.66953343823764,-5.8661430557549465e-07,2.5043768129797166,,
1540,0.014,306.88130189913943,306.88130245495688,-5.5581745073141064e-07,2.4695023283363464,,
1540,0.014999999999999999,307.10887971656842,307.10888022874758,-5.1217915597590036e-07,2.4146196984830444,,
1540,0.016,307.35226611426015,307.35226659394277,-4.7968262606445933e-07,2.3324954256910377,,
1540,0.017000000000000001,307.61152891771502,307.61152940572578,-4.8801075536175631e-07,2.2152535783838756,,
1540,0.018000000000000002,307.88684680525313,307.88684736945271,-5.6419958127662539e-07,2.0548155859986776,,
1540,0.019,308.17854929394883,308.17855001847045,-7.2452161248293123e-07,1.8428588802988002,,
1540,0.02,308.48714459580054,308.48714557944993,-9.8364938594386331e-07,1.5690195356756553,,
1550,0,305.40491234015127,305.40491243827205,-9.8120779057353502e-08,2.5499988998144247,,
1550,0.001,305.41263852218793,305.41263862347688,-1.0128894700756064e-07,2.549998350931439,,
1550,0.002,305.43582460962477,305.43582472772005,-1.1809527222794713e-07,2.5499960108589068,,
1550,0.0030000000000000001,305.47449277164276,305.47449291746722,-1.4582445828636992e-07,2.5499890342047853,,
1550,0.0040000000000000001,305.52867843133419,305.52867861514409,-1.8380990240984829e-07,2.5499694988481512,,
1550,0.0050000000000000001,305.59842795219146,305.59842818317463,-2.3098317569747451e-07,2.5499171488537944,,
1550,0.0060000000000000001,305.68379537777815,305.68379566344186,-2.8566370247062878e-07,2.5497832810344589,,
1550,0.0070000000000000001,305.784838275928,305.78483862122431,-3.4529631420809892e-07,2.5494578023471632,,
1550,0.0080000000000000002,305.90161286726186,305.90161327344168,-4.0617982222102e-07,2.5487073228354178,,
1550,0.0090000000000000011,306.03416883926701,306.03416930261056,-4.6334355374710867e-07,2.5470689868113365,,
1550,0.01,306.18254457054479,306.18254508138205,-5.1083725338685326e-07,2.5436860853928742,,
1550,0.010999999999999999,306.34676388929961,306.34676443202136,-5.4272175020741997e-07,2.5370819932618116,,
1550,0.012,306.52683588259799,306.52683643747037,-5.5487237204943085e-07,2.5248917960446939,,
1550,0.013000000000000001,306.72275950627829,306.72276005356906,-5.4729076737203286e-07,2.5036033771396942,,
1550,0.014,306.93453461665757,306.93453514283073,-5.2617315304814838e-07,2.4683894927417205,,
1550,0.014999999999999999,307.16218036347902,307.16218086812751,-5.0464848300180165e-07,2.4131192159914607,,
1550,0.016,307.40576057170892,307.40576107318259,-5.014736643715878e-07,2.3306007018879642,,
1550,0.017000000000000001,307.66541394135658,307.66541447912101,-5.3776443564856891e-07,2.2130155166426726,,
1550,0.018000000000000002,307.94138502017739,307.94138565242719,-6.3224979385267943e-07,2.0523480028210535,,
1550,0.019,308.23405055859632,308.23405135542839,-7.9683206877234625e-07,1.840329081044884,,
1550,0.02,308.54393564358821,308.54393668948819,-1.0458999781803868e-06,1.5666219200839981,,
1560,0,305.45714798830073,305.45714810963591,-1.2133517657275661e-07,2.5499987974369089,,
1560,0.001,305.46489019780751,305.46489032229806,-1.2449055475372006e-07,2.5499982057056028,,
1560,0.002,305.48812343667902,305.48812357788535,-1.4120632840786129e-07,2.549995693954763,,
1560,0.0030000000000000001,305.52686707660177,305.52686724521101,-1.6860923324202304e-07,2.5499882528936157,,
1560,0.0040000000000000001,305.58115187910255,305.58115208484475,-2.0574219661284587e-07,2.5499675565328617,,
1560,0.0050000000000000001,305.65101774146927,305.65101799256666,-2.5109738999162801e-07,2.5499124561766502,,
1560,0.0060000000000000001,305.73651063988905,305.73651094232002,-3.024309762622579e-07,2.5497724257865011,,
1560,0.0070000000000000001,305.83767894502904,305.83767930165118,-3.5662213804243947e-07,2.5494339413430698,,
1560,0.0080000000000000002,305.95456943860484,305.95456984826859,-4.0966375536299893e-07,2.5486577056458759,,
1560,0.0090000000000000011,306.0872235722361,306.08722402915203,-4.5691592731600394e-07,2.5469716641749476,,
1560,0.01,306.23567476250309,306.23567525624736,-4.9374426680515171e-07,2.5435063780037912,,
1560,0.010999999999999999,306.39994775851659,306.39994827509776,-5.1658116717590019e-07,2.5367700539441072,,
1560,0.012,306.58006126656841,306.58006179085521,-5.2428680419325246e-07,2.5243833018842268,,
1560,0.013000000000000001,306.77603496277965,306.77603548227631,-5.1949666612927103e-07,2.5028255111503035,,
1560,0.014,306.9879016659969,306.98790217549146,-5.0949455498994212e-07,2.4672733916819518,,
1560,0.014999999999999999,307.21572472593698,307.21572523206038,-5.0612339919098304e-07,2.4116178735319274,,
1560,0.016,307.45961965005125,307.45962017457714,-5.2452588761298102e-07,2.3287085652137338,,
1560,0.017000000000000001,307.71977781907583,307.71977839979917,-5.8072333786185482e-07,2.2107839224625825,,
1560,0.018000000000000002,307.99648911144214,307.99648979989473,-6.8845258738292614e-07,2.0498902983187177,,
1560,0.019,308.29015970253022,308.29016055887001,-8.5633979551857919e-07,1.837811162521974,,
1560,0.02,308.60132069375339,308.60132259337627,-1.899622873224871e-06,1.5642360614608786,,
1570,0,305.50948533825056,305.50948548256684,-1.4431628869715496e-07,2.5499986869839621,,
1570,0.001,305.51724148778396,305.51724163664375,-1.4885978316669934e-07,2.5499980496965504,,
1570,0.002,305.54051563602792,305.54051580111485,-1.6508693079231307e-07,2.5499953561590276,,
1570,0.0030000000000000001,305.57932445039933,305.57932464180067,-1.914013409987092e-07,2.5499874263356399,,
1570,0.0040000000000000001,305.63369429478649,305.63369452134503,-2.2655854081676807e-07,2.549965516084951,,
1570,0.0050000000000000001,305.70365919657064,305.7036594652601,-2.6868946179092745e-07,2.5499075585582651,,
1570,0.0060000000000000001,305.78925820723487,305.78925852245925,-3.152243834847468e-07,2.5497611654800996,,
1570,0.0070000000000000001,305.89053242184656,305.89053278475507,-3.6290850857767509e-07,2.5494093303984111,,
1570,0.0080000000000000002,306.00752206715151,306.00752247513532,-4.0798380496198661e-07,2.5486067980984646,,
1570,0.0090000000000000011,306.14026423521676,306.140264681823,-4.466062364372192e-07,2.5468722941405173,,
1570,0.01,306.28879200008527,306.28879247561554,-4.7553027116009616e-07,2.5433237023197717,,
1570,0.010999999999999999,306.453135760507,306.45313625354015,-4.93033155635203e-07,2.536454233084354,,
1570,0.012,306.63332763985585,306.63332813986852,-5.0001267482002731e-07,2.5238703268781983,,
1570,0.013000000000000001,306.82940957339918,306.82941007441224,-5.0101306214855867e-07,2.5020432734884759,,
1570,0.014,307.04144520321302,307.04144570679455,-5.0358153202978428e-07,2.4661540959970107,,
1570,0.014999999999999999,307.26953443251068,307.26953494803735,-5.1552666491261334e-07,2.4101157337680994,,
1570,0.016,307.51382588067611,307.51382643302583,-5.5234971796380705e-07,2.3268190455311673,,
1570,0.017000000000000001,307.77451349201317,307.77451412416207,-6.321488967842015e-07,2.2085587740237269,,
1570,0.018000000000000002,308.05178941273061,308.05179011749664,-7.0476602331837057e-07,2.0474423965135582,,
1570,0.019,308.3457224370527,308.34572307935639,-6.4230368934659055e-07,1.8353050073848265,,
1570,0.02,308.6560717979645,308.6560721445237,-3.4655920444492949e-07,1.5618619928797088,,
1580,0,305.56191056140483,305.56191073062791,-1.692230853223009e-07,2.5499985679393169,,
1580,0.001,305.56967867592522,305.56967884937399,-1.7344876823699451e-07,2.5499978822609792,,
1580,0.002,305.59298789280047,305.59298808146605,-1.8866558093577623e-07,2.5499949963942856,,
1580,0.0030000000000000001,305.63185245738725,305.63185267051097,-2.1312371245585382e-07,2.5499865525576251,,
1580,0.0040000000000000001,305.68629489918982,305.68629514455728,-2.4536745968362084e-07,2.5499633739473473,,
1580,0.0050000000000000001,305.75634434368123,305.75634462701265,-2.8333141699476982e-07,2.5499024499724312,,
1580,0.0060000000000000001,305.84203442723782,305.84203475160837,-3.2437054642286967e-07,2.5497494907895741,,
1580,0.0070000000000000001,305.94340112565777,305.94340149106938,-3.6541160852721077e-07,2.5493839567126519,,
1580,0.0080000000000000002,306.06048092477744,306.06048132805813,-4.0328069417228107e-07,2.5485545853383709,,
1580,0.0090000000000000011,306.19330987266449,306.19331030787657,-4.3521208681340795e-07,2.5467708637726711,,
1580,0.01,306.34192412077903,306.34192458012353,-4.5934450554341311e-07,2.5431380540901327,,
1580,0.010999999999999999,306.50636251868889,306.50636299356393,-4.7487503707088763e-07,2.5361345432814209,,
1580,0.012,306.68667154066168,306.68667202307103,-4.8240934802379343e-07,2.5233529065972076,,
1580,0.013000000000000001,306.88291204394477,306.88291253054336,-4.8659859430699726e-07,2.5012567221530508,,
1580,0.014,307.09516572138529,307.09516622184805,-5.0046276101056719e-07,2.4650316754545738,,
1580,0.014999999999999999,307.32353636943833,307.32353691145227,-5.4201393595576519e-07,2.4086128579930937,,
1580,0.016,307.56813783102672,307.56813844032888,-6.093021625019901e-07,2.3249321715826547,,
1580,0.017000000000000001,307.82905899983791,307.82905965430569,-6.5446778307887143e-07,2.2063400493118177,,
1580,0.018000000000000002,308.10630047022789,308.1063010786645,-6.0843660776299657e-07,2.0450042219962477,,
1580,0.019,308.39968975931475,308.39969018128897,-4.219742208988464e-07,1.8328105017320719,,
1580,0.02,308.70879857279857,308.70879867018226,-9.7383690444985405e-08,1.559499575054818,,
1590,0,305.61441102072962,305.61441121385212,-1.9312250287839561e-07,2.5499984397621422,,
1590,0.001,305.62218937060072,305.62218956749712,-1.9689639429998351e-07,2.5499977027275276,,
1590,0.002,305.64552860217674,305.64552881290194,-2.1072520439702203e-07,2.5499946135447615,,
1590,0.0030000000000000001,305.68444096302659,305.68444119581068,-2.3278408889382263e-07,2.5499856295324288,,
1590,0.0040000000000000001,305.73894591401125,305.73894617555914,-2.6154788201893098e-07,2.5499611264938031,,
1590,0.0050000000000000001,305.80906885300146,305.80906914797112,-2.9496965225916938e-07,2.5498971243214941,,
1590,0.0060000000000000001,305.89483963528392,305.894839965882,-3.3059808401958435e-07,2.5497373923490851,,
1590,0.0070000000000000001,305.99629120102179,305.99629156678139,-3.6575960393747664e-07,2.5493578075318513,,
1590,0.0080000000000000002,306.11345869292052,306.11345909069968,-3.9777916072125663e-07,2.5485010527054297,,
1590,0.0090000000000000011,306.24637946815642,306.24637989245724,-4.2430082203281927e-07,2.5466673605057117,,
1590,0.01,306.39509431391838,306.3950947579101,-4.4399172338671633e-07,2.5429494295475243,,
1590,0.010999999999999999,306.55964986700747,306.5596503249551,-4.5794763536832761e-07,2.5358109975488792,,
1590,0.012,306.74010159637402,306.74010206770447,-4.7133045200098422e-07,2.5228310766910207,,
1590,0.013000000000000001,306.93651566227589,306.93651615522668,-4.9295078952127369e-07,2.5004659146607824,,
1590,0.014,307.14896663572097,307.14896716560708,-5.298861083247175e-07,2.4639061987637212,,
1590,0.014999999999999999,307.37752693605614,307.37752751362984,-5.775737008661963e-07,2.4071093061580111,,
1590,0.016,307.62224383856187,307.62224445031489,-6.117530233495927e-07,2.323047971028573,,
1590,0.017000000000000001,307.88310204732903,307.88310264137334,-5.9404430885479087e-07,2.2041277261135419,,
1590,0.018000000000000002,308.15997452573697,308.15997501529614,-4.8955917009152472e-07,2.0425757000101847,,
1590,0.019,308.45257041966431,308.45257069879455,-2.7913023359360523e-07,1.8303275366551779,,
1590,0.02,308.76039375340855,308.76039372260101,3.0807541406829841e-08,1.5571486508409393,,
1600,0,305.66697605236016,305.66697626740881,-2.1504865799215622e-07,2.5499983018863532,,
1600,0.001,305.67476324547317,305.67476346376145,-2.1828827811987139e-07,2.5499975103960866,,
1600,0.002,305.69812847891916,305.69812870943321,-2.3051404696161626e-07,2.5499942064557195,,
1600,0.0030000000000000001,305.7370825004208,305.73708275033567,-2.4991487634906662e-07,2.5499846551787209,,
1600,0.0040000000000000001,305.79164255025955,305.79164282527739,-2.7501783961270121e-07,2.5499587700293813,,
1600,0.0050000000000000001,305.86183149993172,305.86183180382335,-3.0389162475330522e-07,2.5498915754381186,,
1600,0.0060000000000000001,305.9476769305607,305.94767726484997,-3.3428926826672978e-07,2.5497248607558984,,
1600,0.0070000000000000001,306.04921040098537,306.04921076489012,-3.6390474633662961e-07,2.5493308701526618,,
1600,0.0080000000000000002,306.16646715427601,306.16646754508423,-3.908082248926803e-07,2.5484461857366885,,
1600,0.0090000000000000011,306.29948641759989,306.29948683170323,-4.1410334006286575e-07,2.5465617721415659,,
1600,0.01,306.44831221236331,306.4483126470297,-4.3466638999234419e-07,2.5427578253989256,,
1600,0.010999999999999999,306.61299416714547,306.61299462261456,-4.554690917757398e-07,2.535483609300301,,
1600,0.012,306.793587221564,306.7935877022241,-4.8066010549518978e-07,2.5223048728746233,,
1600,0.013000000000000001,306.99014843458525,306.99014894738002,-5.1279477020216291e-07,2.4996709080428339,,
1600,0.014,307.20272862183469,307.20272917065626,-5.4882156064195442e-07,2.462777733588617,,
1600,0.014999999999999999,307.43135662698677,307.43135720376142,-5.7677465292726993e-07,2.4056051369003555,,
1600,0.016,307.67601506240067,307.67601563826145,-5.7586078128224472e-07,2.3211664704837718,,
1600,0.017000000000000001,307.93660847349747,307.93660899508126,-5.2158378593958332e-07,2.2019217820124806,,
1600,0.018000000000000002,308.21292774509089,308.21292813790035,-3.9280945429709391e-07,2.0401567565501755,,
1600,0.019,308.50461726429342,308.50461744187231,-1.775788973645831e-07,1.8278560065030229,,
1600,0.02,308.8111526808093,308.81115256165322,1.1915608411072753e-07,1.5548090930104421,,
1610,0,305.71959742482096,305.71959765911532,-2.3429436168953544e-07,2.5499981537199194,,
1610,0.001,305.72739244502515,305.72739268199717,-2.3697202777839266e-07,2.549997304537126,,
1610,0.002,305.75078079785891,305.75078104538682,-2.4752790750426357e-07,2.5499937739328868,,
1610,0.0030000000000000001,305.7897722222188,305.78977248642673,-2.6420792664794135e-07,2.5499836273607381,,
1610,0.0040000000000000001,305.84438252498109,305.84438281064706,-2.8566597620738321e-07,2.5499563007909787,,
1610,0.0050000000000000001,305.91463305882843,305.91463336905582,-3.1022739221953088e-07,2.5498857970870858,,
1610,0.0060000000000000001,306.0005501950256,306.00055053115335,-3.3612775496294489e-07,2.5497118865736152,,
1610,0.0070000000000000001,306.10216492903317,306.10216529090206,-3.6186889929012978e-07,2.5493031319262287,,
1610,0.0080000000000000002,306.21951268976113,306.21951307641029,-3.8664916246489156e-07,2.5483899701688104,,
1610,0.0090000000000000011,306.3526332642835,306.35263367500914,-4.1072564727073768e-07,2.5464540868476049,,
1610,0.01,306.5015704850598,306.50157092050227,-4.354424731900508e-07,2.5425632388166797,,
1610,0.010999999999999999,306.66637097283848,306.66637143545358,-4.6261510533440742e-07,2.5351523923348727,,
1610,0.012,306.84708085425285,306.84708134735507,-4.9310222038911888e-07,2.521774330914794,,
1610,0.013000000000000001,307.04373911136764,307.04373963618588,-5.2481823331618216e-07,2.4988717588416915,,
1610,0.014,307.25636625314769,307.25636680407348,-5.5092579032134381e-07,2.4616463465620804,,
1610,0.014999999999999999,307.48494750253496,307.48494806170226,-5.5916729024829692e-07,2.4041004075721264,,
1610,0.016,307.72941074762565,307.72941128078338,-5.331577312972513e-07,2.3192876955516066,,
1610,0.017000000000000001,307.98960100083679,307.98960145637267,-4.5553588279290125e-07,2.1997221943894596,,
1610,0.018000000000000002,308.26525469923081,308.265255011112,-3.1188119464786723e-07,2.0377473184815229,,
1610,0.019,308.55597833920353,308.55597843352297,-9.4319432264455827e-08,1.8253958067043179,,
1610,0.02,308.86123614582925,308.86123595414529,1.9168396647728514e-07,1.5524807822068496,,
1620,0,305.77226940506,305.7722696553783,-2.5031829409272177e-07,2.5499979946441749,,
1620,0.001,305.78007158665787,305.78007183910108,-2.524432147765765e-07,2.5499970843910207,,
1620,0.002,305.80348119942863,305.80348146081502,-2.6138638986594742e-07,2.549993314741879,,
1620,0.0030000000000000001,305.84250736433319,305.8425076398791,-2.7554591497391812e-07,2.5499825438880612,,
1620,0.0040000000000000001,305.89716502635935,305.8971653202284,-2.9386904998318641e-07,2.5499537149478875,,
1620,0.0050000000000000001,305.96747463094482,305.96747494610082,-3.1515600085185724e-07,2.5498797829671105,,
1620,0.0060000000000000001,306.05346176202636,306.05346210032678,-3.383004241186427e-07,2.5496984603353785,,
1620,0.0070000000000000001,306.15515675899837,306.15515712155212,-3.6255374880056479e-07,2.5492745802619718,,
1620,0.0080000000000000002,306.27259423252275,306.27259462023591,-3.8771315757912816e-07,2.5483323919402854,,
1620,0.0090000000000000011,306.40581223812075,306.40581265223159,-4.1411084339415538e-07,2.5463442931542914,,
1620,0.01,306.55485065485658,306.55485109712589,-4.4226931095181499e-07,2.5423656674295581,,
1620,0.010999999999999999,306.71974809462478,306.71974856678605,-4.7216127541105379e-07,2.5348173608233391,,
1620,0.012,306.9005365074936,306.90053700965927,-5.0216567615279928e-07,2.5212394866172096,,
1620,0.013000000000000001,307.09723264574581,307.09723317373613,-5.2799032346229069e-07,2.4980685231084738,,
1620,0.014,307.30982579834358,307.30982634031977,-5.4197619192564161e-07,2.460512103299076,,
1620,0.014999999999999999,307.53826176286503,307.53826229606477,-5.3319973858378944e-07,2.402595174267605,,
1620,0.016,307.78242385409078,307.78242434271397,-4.8862318635656266e-07,2.317411670855591,,
1620,0.017000000000000001,308.04211271684915,308.04211311203233,-3.9518317862530239e-07,2.1975289404289406,,
1620,0.018000000000000002,308.31702757344203,308.3170278158268,-2.4238477180915652e-07,2.0353473136176787,,
1620,0.019,308.60675200840024,308.60675203240885,-2.4008613763726316e-08,1.8229468334231604,,
1620,0.02,308.91074822587888,308.91074698251123,1.2433676488399215e-06,1.5501636033490989,,
1630,0,305.82498837076014,305.82498863524091,-2.6448077505847323e-07,2.5499978240131345,,
1630,0.001,305.83279730598497,305.83279757105208,-2.6506711492402246e-07,2.549996849167385,,
1630,0.002,305.85622703906824,305.85622731180172,-2.7273347313894192e-07,2.5499928276076558,,
1630,0.0030000000000000001,305.89528629365594,305.89528657869641,-2.8504047122623888e-07,2.5499814025154364,,
1630,0.0040000000000000001,305.94998941773741,305.94998971900566,-3.0126824412946007e-07,2.5499510086023913,,
1630,0.0050000000000000001,306.02035610222231,306.02035642288428,-3.2066196808955283e-07,2.54987352671268,,
1630,0.0060000000000000001,306.10641097064052,306.1064113132266,-3.4258607684023445e-07,2.5496845725470547,,
1630,0.0070000000000000001,306.20818296318009,306.2081833298289,-3.6664880553871626e-07,2.5492452026312606,,
1630,0.0080000000000000002,306.32570434215285,306.32570473486311,-3.927102625311818e-07,2.5482734371934832,,
1630,0.0090000000000000011,306.45900901840054,306.45900943910044,-4.206999051348248e-07,2.5462323799527082,,
1630,0.01,306.60812976217233,306.60813021237374,-4.5020141214990872e-07,2.5421651093138631,,
1630,0.010999999999999999,306.77309375805964,306.77309423786625,-4.7980660156099475e-07,2.5344785292942356,,
1630,0.012,306.95391594610834,306.95391645235662,-5.0624828418222023e-07,2.520700375814025,,
1630,0.013000000000000001,307.15058972292951,307.15059024633109,-5.234015816313331e-07,2.4972612564006176,,
1630,0.014,307.36307495263702,307.36307547548773,-5.2285071205915301e-07,2.459375068410151,,
1630,0.014999999999999999,307.59128418170087,307.59128468120019,-4.9949932190429536e-07,2.4010894918507231,,
1630,0.016,307.83507060127664,307.83507104931118,-4.4803454102293472e-07,2.315538420069005,,
1630,0.017000000000000001,308.09422780215112,308.09422814466529,-3.4251416991537553e-07,2.1953419971317296,,
1630,0.018000000000000002,308.36852142301757,308.36852161957705,-1.965594833563955e-07,2.0329566707235545,,
1630,0.019,308.65777485377077,308.65777499125153,-1.3748075389230507e-07,1.8205089837172095,,
1630,0.02,308.96200249793065,308.96200275631514,-2.5838448891590815e-07,1.5478573465526868,,
1640,0,305.87775203585232,305.87775231115666,-2.7530433044375968e-07,2.5499976411528111,,
1640,0.001,305.88556744167346,305.88556771727184,-2.7559838144952664e-07,2.5499965980444177,,
1640,0.002,305.90901646788768,305.90901675034206,-2.8245437988516642e-07,2.5499923112139946,,
1640,0.0030000000000000001,305.94810747758362,305.94810777120813,-2.9362450959524722e-07,2.5499802009426165,,
1640,0.0040000000000000001,306.00285418944685,306.00285449812094,-3.0867408895574044e-07,2.5499481777904069,,
1640,0.0050000000000000001,306.0732753102962,306.07327563746242,-3.2716621944928193e-07,2.5498670218959241,,
1640,0.0060000000000000001,306.15939392637415,306.15939427509909,-3.4872493870352628e-07,2.5496702136903808,,
1640,0.0070000000000000001,306.26123652098454,306.26123689401788,-3.7303334465832449e-07,2.5492149865709783,,
1640,0.0080000000000000002,306.37883140797578,306.37883180766948,-3.9969370391190751e-07,2.5482130922765123,,
1640,0.0090000000000000011,306.51220628751173,306.51220671544257,-4.2793084276127047e-07,2.5461183364918973,,
1640,0.01,306.6613845709166,306.66138502722953,-4.5631293232872849e-07,2.5419615629845183,,
1640,0.010999999999999999,306.82638013843359,306.82638062132253,-4.8288893594872206e-07,2.5341359126204006,,
1640,0.012,307.00719038914349,307.00719089453014,-5.053866516391281e-07,2.5201570343519553,,
1640,0.013000000000000001,307.20378800055681,307.20378851962846,-5.1907164788644877e-07,2.4964500137799868,,
1640,0.014,307.41611300013204,307.41611351214408,-5.1201203632444958e-07,2.4582353055149224,,
1640,0.014999999999999999,307.64406873657498,307.64406920244016,-4.6586518465119298e-07,2.3995834139820649,,
1640,0.016,307.88752770661466,307.88752808020303,-3.7358836380008142e-07,2.3136679659430039,,
1640,0.017000000000000001,308.1463542729785,308.14635454480759,-2.7182909434486646e-07,2.1931613413322402,,
1640,0.018000000000000002,308.42044837205049,308.42044860514522,-2.3309473817789694e-07,2.0305753194757168,,
1640,0.019,308.70980553883015,308.70980582949812,-2.9066796969345887e-07,1.8180821553249522,,
1640,0.02,309.0145765833642,309.01457701393133,-4.3056712684119702e-07,1.5455619195312671,,
1650,0,305.93055853346885,305.93055881835113,-2.8488227599154925e-07,2.5499974453605359,,
1650,0.001,305.93838011987248,305.93838040489555,-2.8502307714006747e-07,2.5499963301682471,,
1650,0.002,305.96184753894238,305.96184783041031,-2.9146792712708702e-07,2.549991764202963,,
1650,0.0030000000000000001,306.00096868139832,306.00096898349966,-3.0210134127628407e-07,2.5499789368142314,,
1650,0.0040000000000000001,306.05575638483162,306.05575670149125,-3.1665962296756334e-07,2.5499452184821476,,
1650,0.0050000000000000001,306.12622789974154,306.12622823458656,-3.348450263729319e-07,2.5498602620284814,,
1650,0.0060000000000000001,306.21240400644933,306.21240436275747,-3.5630813499665237e-07,2.5496553742260679,,
1650,0.0070000000000000001,306.31430763391558,306.31430801452603,-3.8061045870563248e-07,2.5491839196869837,,
1650,0.0080000000000000002,306.43196178666187,306.43196219382475,-4.0716287230679882e-07,2.5481513437449568,,
1650,0.0090000000000000011,306.5653865719118,306.56538700699571,-4.3508390490387683e-07,2.5460021523761696,,
1650,0.01,306.71459518354862,306.71459564630317,-4.6275454224087298e-07,2.5417550273863174,,
1650,0.010999999999999999,306.87958891641358,306.87958940327024,-4.8685666342862532e-07,2.5337895260058736,,
1650,0.012,307.06035174249752,307.06035224372965,-5.0123213668484823e-07,2.5196094980808206,,
1650,0.013000000000000001,307.25684573366402,307.25684623082492,-4.9716089733919944e-07,2.4956348498111969,,
1650,0.014,307.46900958005403,307.46901004742278,-4.6736874992348021e-07,2.4570928772553029,,
1650,0.014999999999999999,307.69676328028828,307.69676369319797,-4.1290968511020765e-07,2.3980769931450299,,
1650,0.016,307.94002210851215,307.94002245721475,-3.4870259923991398e-07,2.3118003303333743,,
1650,0.017000000000000001,308.19872145174674,308.19872175450053,-3.0275379003796843e-07,2.1909869497171703,,
1650,0.018000000000000002,308.47285077786074,308.47285108080632,-3.029455797332048e-07,2.0282031904114097,,
1650,0.019,308.76249059239456,308.76249095396309,-3.6156853866486927e-07,1.8156662454846573,,
1650,0.02,309.06784272348858,309.06784321081625,-4.8732766799730598e-07,1.5432772446119709,,
1660,0,305.98340561567386,305.98340590975789,-2.9408403179331799e-07,2.5499972359042857,,
1660,0.001,305.99123298628592,305.99123328045727,-2.9417134328468819e-07,2.5499960446522905,,
1660,0.002,306.01471754515376,306.01471784563148,-3.0047772270336282e-07,2.5499911851744375,,
1660,0.0030000000000000001,306.0538665078335,306.05386681877906,-3.1094555197341833e-07,2.5499776077197018,,
1660,0.0040000000000000001,306.10869146187093,306.10869178724948,-3.2537855076952837e-07,2.5499421265828346,,
1660,0.0050000000000000001,306.17920764027031,306.17920798379822,-3.4352791544733918e-07,2.5498532405633987,,
1660,0.0060000000000000001,306.26543277049905,306.26543313554362,-3.6504457057162654e-07,2.5496400445968903,,
1660,0.0070000000000000001,306.36738538205054,306.36738577142523,-3.8937469071242958e-07,2.5491519896574566,,
1660,0.0080000000000000002,306.48508246488092,306.48508288040739,-4.1552647189746494e-07,2.5480881783634146,,
1660,0.0090000000000000011,306.61853644255405,306.61853688422354,-4.4166949919599574e-07,2.5458838175621983,,
1660,0.01,306.76775159613419,306.76775206079424,-4.6466004732792499e-07,2.5415455018851079,,
1660,0.010999999999999999,306.93272038019455,306.93272086005368,-4.7985912488002214e-07,2.5334393849729917,,
1660,0.012,307.11342050851744,307.11342099035738,-4.8183994749706471e-07,2.5190578028425343,,
1660,0.013000000000000001,307.3098141773757,307.30981464384826,-4.6647255658172071e-07,2.4948158185603893,,
1660,0.014,307.52185115637064,307.5218515903419,-4.3397125182309537e-07,2.4559478453089136,,
1660,0.014999999999999999,307.74947743526889,307.74947782643659,-3.9116770267355605e-07,2.3965702806717055,,
1660,0.016,307.99265039365719,307.99265074524163,-3.5158444688931922e-07,2.3099355342267507,,
1660,0.017000000000000001,308.25135995574482,308.25136028830411,-3.3255929565711995e-07,2.1888187988431045,,
1660,0.018000000000000002,308.52565314723626,308.52565349677928,-3.4954302918777103e-07,2.0258402148661694,,
1660,0.019,308.81565752199396,308.81565793359681,-4.1160285491059767e-07,1.8132611519512492,,
1660,0.02,309.12159794025229,309.12159847057097,-5.3031868674224825e-07,1.5410032267747211,,
1670,0,306.03629011979228,306.03629042337855,-3.0358626190718496e-07,2.549997012022021,,
1670,0.001,306.0441227178726,306.04412302155544,-3.0368283887582948e-07,2.5499957405766214,,
1670,0.002,306.06762267067421,306.06762298069867,-3.100244612141978e-07,2.54999057268562,,
1670,0.0030000000000000001,306.10679629255151,306.10679661311968,-3.205681764484325e-07,2.5499762111931616,,
1670,0.0040000000000000001,306.16165355388205,306.16165388899157,-3.3510951880089124e-07,2.5499388979334277,,
1670,0.0050000000000000001,306.23220719965718,306.23220755296973,-3.5331254366610665e-07,2.5498459508970481,,
1670,0.0060000000000000001,306.31847142924727,306.31847180382755,-3.7458028145920252e-07,2.5496242152307236,,
1670,0.0070000000000000001,306.42046009308865,306.420460490957,-3.9786834804544924e-07,2.5491191842361371,,
1670,0.0080000000000000002,306.53818441948721,306.53818484095103,-4.214638238408952e-07,2.548023583106902,,
1670,0.0090000000000000011,306.6716504053411,306.67165084815866,-4.4281756572672748e-07,2.5457633223560552,,
1670,0.01,306.82085619932337,306.82085665793869,-4.5861531816626666e-07,2.5413329862590963,,
1670,0.010999999999999999,306.98579006442981,306.98579052970808,-4.6527827635145513e-07,2.5330855053498373,,
1670,0.012,307.16642978081438,307.16643024081117,-4.5999678377484088e-07,2.5185019844605372,,
1670,0.013000000000000001,307.36274454536448,307.36274498751789,-4.421534072207578e-07,2.4939929735942692,,
1670,0.014,307.57470041123241,307.57470082583643,-4.1460401689619175e-07,2.4548002704023331,,
1670,0.014999999999999999,307.80226996059992,307.8022703448226,-3.8422268744398025e-07,2.395063326767974,,
1670,0.016,308.04544615730714,308.04544651868957,-3.6138243331151898e-07,2.3080735977661249,,
1670,0.017000000000000001,308.30425925883276,308.30425961686751,-3.5803475384454941e-07,2.1866568651516594,,
1670,0.018000000000000002,308.57879452172261,308.57879490664533,-3.849227141472511e-07,2.0234863248929029,,
1670,0.019,308.86920758218599,308.86920803133171,-4.4914571617482579e-07,1.8108667743512237,,
1670,0.02,309.17573420956393,309.17573477202063,-5.6245670521093416e-07,1.5387397683991586,,
1680,0,306.08920776550042,306.0892080794157,-3.1391527954838239e-07,2.5499967729210109,,
1680,0.001,306.09704487302935,306.09704518706627,-3.1403692446474452e-07,2.5499954169873491,,
1680,0.002,306.12055800339033,306.12055832382612,-3.2043578812590567e-07,2.5499899252505749,,
1680,0.0030000000000000001,306.15975239580268,306.1597527268068,-3.310041165605071e-07,2.5499747447134289,,
1680,0.0040000000000000001,306.21463616218387,306.21463650758227,-3.4539840498837293e-07,2.5499355283114031,,
1680,0.0050000000000000001,306.28521934037587,306.28521970341359,-3.6303771366874571e-07,2.5498383863710368,,
1680,0.0060000000000000001,306.37151255645676,306.37151293942554,-3.8296877846732968e-07,2.5496078765435439,,
1680,0.0070000000000000001,306.47352533331139,306.47352573705444,-4.0374305854129489e-07,2.5490854912554628,,
1680,0.0080000000000000002,306.59126416244129,306.59126458579311,-4.2335182115493808e-07,2.5479575451620979,,
1680,0.0090000000000000011,306.72473057959934,306.72473101890694,-4.3930759829891031e-07,2.5456406574101189,,
1680,0.01,306.87391964358659,306.87392009254285,-4.4895625705976272e-07,2.5411174806901888,,
1680,0.010999999999999999,307.03881938324099,307.03881983329865,-4.5005765514360974e-07,2.5327279032579595,,
1680,0.012,307.21941189943948,307.21941234102331,-4.415838361637725e-07,2.517942078729654,,
1680,0.013000000000000001,307.41567681868901,307.41567724324182,-4.2455280890862923e-07,2.4931663679794358,,
1680,0.014,307.62759762428311,307.62759802688993,-4.0260681544168619e-07,2.4536502123243116,,
1680,0.014999999999999999,307.85517099972384,307.85517138178659,-3.8206275121410727e-07,2.3935561805380594,,
1680,0.016,308.0984187260749,308.09841909734303,-3.7126812912902096e-07,2.3062145402758629,,
1680,0.017000000000000001,308.35740097808042,308.357401357333,-3.792525831158855e-07,2.1845011249814212,,
1680,0.018000000000000002,308.63222923371848,308.63222964764867,-4.1393019500901573e-07,2.0211414532027816,,
1680,0.019,308.92307665102368,308.92307713133738,-4.8031370170065202e-07,1.8084830143420629,,
1680,0.02,309.23018394663853,309.23018443082668,-4.8418814913020469e-07,1.5364867716377246,,
1690,0,306.14215332238717,306.14215364838822,-3.2600104304947308e-07,2.5499965177771919,,
1690,0.001,306.14999411307627,306.14999443830033,-3.252240503570647e-07,2.5499950728960004,,
1690,0.002,306.17351791375444,306.17351824521376,-3.3145931865874445e-07,2.5499892413398029,,
1690,0.0030000000000000001,306.21272882329816,306.21272916496309,-3.4166492923759506e-07,2.5499732057040041,,
1690,0.0040000000000000001,306.26763305433911,306.26763340964516,-3.5530604236555519e-07,2.5499320134315484,,
1690,0.0050000000000000001,306.33823802576222,306.33823839732673,-3.7156451071496122e-07,2.5498305402741406,,
1690,0.0060000000000000001,306.4245511524469,306.42455154169681,-3.8924991940803011e-07,2.5495910189423978,,
1690,0.0070000000000000001,306.52657843350238,306.52657884026655,-4.0676417256690911e-07,2.5490508986295946,,
1690,0.0080000000000000002,306.64432301956197,306.6443234417203,-4.2215833673253655e-07,2.5478900519284569,,
1690,0.0090000000000000011,306.77778404027754,306.77778447360271,-4.3332516952432343e-07,2.5455158137199101,,
1690,0.01,306.92695607880415,306.92695651715962,-4.3835547103299177e-07,2.5408989857554269,,
1690,0.010999999999999999,307.09182976229624,307.09183019831272,-4.3601647803370724e-07,2.5323665951003904,,
1690,0.012,307.27239395848358,307.27239438466302,-4.2617944018275011e-07,2.5173781214063542,,
1690,0.013000000000000001,307.46863999401216,307.46864040396514,-4.0995297467816272e-07,2.492336054282001,,
1690,0.014,307.68056815673526,307.68056854739353,-3.9065827195372549e-07,2.4524977299388877,,
1690,0.014999999999999999,307.90819676626904,307.90819714473525,-3.7846621125936508e-07,2.3920488900084753,,
1690,0.016,308.15157527590975,308.15157566083082,-3.8492106568810414e-07,2.304358380286105,,
1690,0.017000000000000001,308.41080705745651,308.41080745746342,-4.0000691114983056e-07,2.1823515545763246,,
1690,0.018000000000000002,308.68609470215972,308.68609514872765,-4.4656792397290701e-07,2.0188055331513968,,
1690,0.019,308.97782207050489,308.97782271246541,-6.4196052562692785e-07,1.8061097754461759,,
1690,0.02,309.28666515050742,309.28666620808741,-1.0575799933576491e-06,1.5342442865018728,,
1700,0,306.19512108967797,306.19512142705645,-3.3737848070813925e-07,2.5499962457345196,,
1700,0.001,306.20296471548789,306.20296505197393,-3.3648603903202456e-07,2.5499947072789255,,
1700,0.002,306.22649665508681,306.22649699742641,-3.4233960377605399e-07,2.5499885193798142,,
1700,0.0030000000000000001,306.26571992469832,306.26572027649496,-3.5179664337192662e-07,2.549971591533081,,
1700,0.0040000000000000001,306.3206389969825,306.32063936115964,-3.6417713999981061e-07,2.5499283489467972,,
1700,0.0050000000000000001,306.39125901967907,306.39125939818797,-3.7850890066692955e-07,2.5498224058442513,,
1700,0.0060000000000000001,306.47758483478395,306.47758522827678,-3.9349282587863854e-07,2.5495736328283156,,
1700,0.0070000000000000001,306.57961993715185,306.57962034467971,-4.0752786389930407e-07,2.5490153943573284,,
1700,0.0080000000000000002,306.69736557845289,306.69736599725593,-4.1880304024743964e-07,2.5478210910191446,,
1700,0.0090000000000000011,306.83082029430489,306.83082071978987,-4.2548498413452762e-07,2.5453887826207815,,
1700,0.01,306.97998019754635,306.97998062369788,-4.2615153006408946e-07,2.5406775024184305,,
1700,0.010999999999999999,307.14484043398926,307.14484085475641,-4.2076715089933714e-07,2.5320015975499195,,
1700,0.012,307.32539826737303,307.32539867911646,-4.1174342868544045e-07,2.5168101481994278,,
1700,0.013000000000000001,307.52165845174835,307.52165885425677,-4.0250841948363814e-07,2.4915020845675415,,
1700,0.014,307.73364205511109,307.7336424479559,-3.9284481090362533e-07,2.4513428811985376,,
1700,0.014999999999999999,307.96140088463721,307.96140126310155,-3.7846433542654268e-07,2.390541502151553,,
1700,0.016,308.20504088740989,308.20504125193486,-3.6452496487981989e-07,2.3025051355565695,,
1700,0.017000000000000001,308.46475816974169,308.46475856346427,-3.9372258697767393e-07,2.180208130091287,,
1700,0.018000000000000002,308.74088860477815,308.74088914448532,-5.3970717317497474e-07,2.0164784987510425,,
1700,0.019,309.03396507012565,309.03396590228203,-8.3215638824185589e-07,1.8037469634487295,,
1700,0.02,309.34476725510893,309.34476850779026,-1.2526813293334271e-06,1.5320121905853987,,
1710,0,306.24810550304011,306.24810585149146,-3.4845135132854921e-07,2.5499959559043242,,
1710,0.001,306.25595118261123,306.25595152997289,-3.4736166298898752e-07,2.5499943190767018,,
1710,0.002,306.27948896503284,306.27948931763001,-3.5259716923974338e-07,2.5499877577527315,,
1710,0.0030000000000000001,306.31872094213236,306.31872130307676,-3.6094439792577759e-07,2.5499698995136075,,
1710,0.0040000000000000001,306.37365015477917,306.37365052640621,-3.716270384757081e-07,2.549924530449077,,
1710,0.0050000000000000001,306.44427999261234,306.44428037619514,-3.8358280107786413e-07,2.5498139762703103,,
1710,0.0060000000000000001,306.53061349629508,306.53061389177122,-3.9547614960611099e-07,2.5495557085991978,,
1710,0.0070000000000000001,306.63265271824969,306.63265312405878,-4.0580908944320981e-07,2.5489789665249254,,
1710,0.0080000000000000002,306.75039835737988,306.75039877054485,-4.1316496890431154e-07,2.5477506502618938,,
1710,0.0090000000000000011,306.88384995224914,306.88385036878901,-4.1653987636891543e-07,2.5452595557846109,,
1710,0.01,307.03300700597595,307.03300742149975,-4.1552380025677849e-07,2.5404530320210235,,
1710,0.010999999999999999,307.19787155099903,307.19787196104807,-4.1004904005603748e-07,2.5316329275377112,,
1710,0.012,307.37845288383193,307.37845328369417,-3.998622446488298e-07,2.5162381947610215,,
1710,0.013000000000000001,307.5747755359676,307.57477592084376,-3.848761593872041e-07,2.4906645104011775,,
1710,0.014,307.7868919390495,307.78689230730618,-3.6825667848461308e-07,2.4501857231570052,,
1710,0.014999999999999999,308.0149014542414,308.01490181555005,-3.6130865055383765e-07,2.3890340629081765,,
1710,0.016,308.25897701514521,308.2589774015629,-3.8641769606329035e-07,2.3006548230993609,,
1710,0.017000000000000001,308.51939908395855,308.51939955912775,-4.7516920176349231e-07,2.1780708275967755,,
1710,0.018000000000000002,308.79659381719944,308.79659447348013,-6.5628069023659918e-07,2.0141602846906888,,
1710,0.019,309.09116893937153,309.09116988007821,-9.4070668410495273e-07,1.801394488205408,,
1710,0.02,309.40393839174368,309.40393972936562,-1.3376219385463628e-06,1.5297903439705829,,
1720,0,306.30110167474305,306.30110203334334,-3.5860028901879559e-07,2.5499956473646854,,
1720,0.001,306.30894876086046,306.3089491181031,-3.5724264080272405e-07,2.5499939071935604,,
1720,0.002,306.33249051567475,306.33249087733253,-3.6165778283248073e-07,2.5499869547959104,,
1720,0.0030000000000000001,306.37172832851263,306.3717286971098,-3.6859717056358932e-07,2.5499681269033574,,
1720,0.0040000000000000001,306.426664203288,306.42666458054458,-3.7725658330600709e-07,2.549920553470205,,
1720,0.0050000000000000001,306.49730036914485,306.49730075575076,-3.8660590462313849e-07,2.5498052446942627,,
1720,0.0060000000000000001,306.5836388967362,306.58363929219252,-3.9545631125292857e-07,2.5495372366526423,,
1720,0.0070000000000000001,306.68568149431871,306.68568189689711,-4.0257839373225579e-07,2.548941603308815,,
1720,0.0080000000000000002,306.80342972858875,306.80343013540926,-4.0682050439500017e-07,2.54767871769968,,
1720,0.0090000000000000011,306.93688600772629,306.93688641489973,-4.0717344518270693e-07,2.5451281252163347,,
1720,0.01,307.08605578929019,307.08605619209436,-4.0280417579197092e-07,2.5402255762748291,,
1720,0.010999999999999999,307.25095163957343,307.25095203284741,-3.9327397871602443e-07,2.5312606022421233,,
1720,0.012,307.43159995853756,307.43160033785597,-3.7931840779492632e-07,2.5156622966780753,,
1720,0.013000000000000001,307.62805133380573,307.62805169829414,-3.6448841456149239e-07,2.4898233828480327,,
1720,0.014,307.84039547120102,307.8403958284598,-3.5725878433368052e-07,2.4490263119822706,,
1720,0.014999999999999999,308.06878128725282,308.06878165932864,-3.7207581726761418e-07,2.387526617210288,,
1720,0.016,308.31344187573364,308.31344230403545,-4.283018029127561e-07,2.2988074592010412,,
1720,0.017000000000000001,308.57472265662796,308.57472320344067,-5.4681271421941346e-07,2.1759396230838357,,
1720,0.018000000000000002,308.85310933093234,308.85311007515276,-7.4422041507204995e-07,2.0118508263757473,,
1720,0.019,309.14925083769214,309.14925186597361,-1.0282814741913171e-06,1.7990522621572893,,
1720,0.02,309.46397203357873,309.46397344459064,-1.4110119082033634e-06,1.5275786369115663,,
1730,0,306.35410576434941,306.35410613159962,-3.6725020891026361e-07,2.549995319159815,,
1730,0.001,306.36195378497399,306.36195415055545,-3.6558145666276687e-07,2.5499934704968159,,
1730,0.002,306.38549818067077,306.38549854973792,-3.6906715195073048e-07,2.549986108801586,,
1730,0.0030000000000000001,306.42473989759003,306.42474027206657,-3.7447654221978155e-07,2.5499662709050446,,
1730,0.0040000000000000001,306.4796803531392,306.47968073418764,-3.8104843724795501e-07,2.549916413482793,,
1730,0.0050000000000000001,306.55032128570616,306.55032167352886,-3.8782269484727294e-07,2.5497962042130151,,
1730,0.0060000000000000001,306.63666472922284,306.63666512290689,-3.936840471396863e-07,2.5495182073887417,,
1730,0.0070000000000000001,306.73871331452011,306.73871371195588,-3.9743576962791849e-07,2.5489032929782049,,
1730,0.0080000000000000002,306.85647118242429,306.85647158033112,-3.9790683104001801e-07,2.5476052815912777,,
1730,0.0090000000000000011,306.98994589438962,306.98994628852751,-3.9413788499587099e-07,2.5449944832504463,,
1730,0.01,307.13915184104809,307.13915222679282,-3.8574472682739724e-07,2.5399951372530101,,
1730,0.010999999999999999,307.30411575873006,307.30411613227744,-3.7354737969508278e-07,2.5308846390778399,,
1730,0.012,307.48488502692652,307.48488538739826,-3.6047174489794997e-07,2.5150824894640929,,
1730,0.013000000000000001,307.68153936764486,307.68153972019434,-3.5254947761131916e-07,2.4889787524738636,,
1730,0.014,307.8942063165498,307.8942066760838,-3.5953399901700323e-07,2.4478647029692886,,
1730,0.014999999999999999,308.12308031564993,308.1230807102823,-3.9463236589654116e-07,2.386019209002757,,
1730,0.016,308.36844448061777,308.36844495383536,-4.7321759666374419e-07,2.2969630594437191,,
1730,0.017000000000000001,308.6306931253884,308.63069373573558,-6.1034717191432719e-07,2.1738144924703584,,
1730,0.018000000000000002,308.91035220955058,308.91035302714948,-8.1759890235844068e-07,2.0095500600027956,,
1730,0.019,309.20809432406571,309.20809542455936,-1.1004936482095218e-06,1.7967201982850147,,
1730,0.02,309.52474494419323,309.52474641534042,-1.4711471862938197e-06,1.5253769675407531,,
1740,0,306.40711520137626,306.40711557539521,-3.7401895269795205e-07,2.5499949702994433,,
1740,0.001,306.41496388661142,306.41496425863801,-3.7202659086688072e-07,2.5499930078163211,,
1740,0.002,306.43851020986057,306.43851058440828,-3.7454771018019528e-07,2.549985218016531,,
1740,0.0030000000000000001,306.47775496967415,306.47775534804089,-3.7836673527635867e-07,2.5499643286664537,,
1740,0.0040000000000000001,306.53269951196285,306.53269989470795,-3.8274509961411241e-07,2.5499121059011829,,
1740,0.0050000000000000001,306.60334585456786,306.60334624131633,-3.8674846791764139e-07,2.5497868478803802,,
1740,0.0060000000000000001,306.68969707258833,306.68969746188986,-3.8930153323235572e-07,2.5494986112128157,,
1740,0.0070000000000000001,306.79175817000487,306.79175855931214,-3.8930727441766066e-07,2.548864023897595,,
1740,0.0080000000000000002,306.90953774428863,306.90953813013601,-3.8584738604185986e-07,2.5475303304117101,,
1740,0.0090000000000000011,307.04305083448315,307.04305121298756,-3.7850441003683954e-07,2.5448586225474195,,
1740,0.01,307.19232341515135,307.19232378297858,-3.6782722645511967e-07,2.5397617173820599,,
1740,0.010999999999999999,307.35739903193297,307.35739938785315,-3.5592017866292736e-07,2.5305050556852602,,
1740,0.012,307.53834803053519,307.5383483775941,-3.4705891494013485e-07,2.5144988085512892,,
1740,0.013000000000000001,307.73527966514155,307.73528001328856,-3.4814701166396844e-07,2.4881306693459253,,
1740,0.014,307.94835704832485,307.94835741708329,-3.6875843534289743e-07,2.4467009505526605,,
1740,0.014999999999999999,308.17781441597538,308.17781483654124,-4.2056586835315102e-07,2.3845118812647832,,
1740,0.016,308.42397557214156,308.42397608823808,-5.1609652018669294e-07,2.2951216387252757,,
1740,0.017000000000000001,308.68727175662849,308.68727242351008,-6.6688158995020785e-07,2.1716954116095293,,
1740,0.018000000000000002,308.96825670010929,308.96825758143291,-8.8132361497628153e-07,2.0072579226093739,,
1740,0.019,309.26761646858637,309.26761763140331,-1.1628169431787683e-06,1.7943982098257678,,
1740,0.02,309.58617185115537,309.58617350171681,-1.6505614439665806e-06,1.5231852381828117,,
1750,0,306.46012886805698,306.46012924542867,-3.7737169122920022e-07,2.5499945997582207,,
1750,0.001,306.46797817904331,306.46797855513364,-3.7609032688123989e-07,2.5499925179439256,,
1750,0.002,306.49152642358717,306.49152680119283,-3.7760565874123131e-07,2.5499842806417412,,
1750,0.0030000000000000001,306.53077459048126,306.5307749702053,-3.7972404243191704e-07,2.5499622972806026,,
1750,0.0040000000000000001,306.58572453951194,306.58572492126115,-3.8174920291567105e-07,2.5499076260824074,,
1750,0.0050000000000000001,306.65637943110278,306.65637981392217,-3.8281939396256348e-07,2.5497771687090394,,
1750,0.0060000000000000001,306.7427445550058,306.74274493701125,-3.8200545304789557e-07,2.5494784385381219,,
1750,0.0070000000000000001,306.84482879034096,306.84482916882507,-3.7848411693630624e-07,2.5488237845291764,,
1750,0.0080000000000000002,306.96264699599533,306.96264736779267,-3.7179734135861509e-07,2.5474538528525614,,
1750,0.0090000000000000011,307.0962236846093,307.09622404681346,-3.6220416177457082e-07,2.5447205360900789,,
1750,0.01,307.2455983581217,307.24559870923571,-3.5111401075482718e-07,2.5395253194337233,,
1750,0.010999999999999999,307.41083285478845,307.41083319635578,-3.4156732908741105e-07,2.5301218699201531,,
1750,0.012,307.59202094993191,307.59202128869816,-3.3876625593620702e-07,2.5139112892830484,,
1750,0.013000000000000001,307.78930023696188,307.7893005875851,-3.5062322467638296e-07,2.4872791830340377,,
1750,0.014,308.00286593038595,308.00286631710469,-3.8671873880957719e-07,2.4455351083191479,,
1750,0.014999999999999999,308.2329853858073,308.23298583835435,-4.5254705582919996e-07,2.3830046760307741,,
1750,0.016,308.48000972812304,308.48001028204106,-5.5391802789017675e-07,2.2932832112788226,,
1750,0.017000000000000001,308.74437293302339,308.74437364992184,-7.1689845526634599e-07,2.1695823563012704,,
1750,0.018000000000000002,309.0265592519869,309.02656017690992,-9.2492302883329103e-07,2.0049743520619248,,
1750,0.019,309.32701803129987,309.32701908121146,-1.0499115887796506e-06,1.7920862104846607,,
1750,0.02,309.64603259398933,309.64603361853733,-1.0245479984405392e-06,1.5210034524613683,,
1760,0,306.51314730471586,306.51314768401198,-3.7929612517473288e-07,2.54999420647514,,
1760,0.001,306.52099746420555,306.52099784185407,-3.7764851867905236e-07,2.549991999632955,,
1760,0.002,306.54454842061546,306.54454879869121,-3.7807575381521019e-07,2.549983294832145,,
1760,0.0030000000000000001,306.58380172415656,306.58380210257536,-3.7841880384803517e-07,2.5499601737859385,,
1760,0.0040000000000000001,306.63876037909182,306.63876075714836,-3.7805654073963524e-07,2.5499029693271735,,
1760,0.0050000000000000001,306.70942958854818,306.7094299648154,-3.7626722360073472e-07,2.5497671596724909,,
1760,0.0060000000000000001,306.79581802352942,306.79581839589349,-3.7236407024465734e-07,2.5494576797884902,,
1760,0.0070000000000000001,306.89793983593853,306.89794020185298,-3.6591444541045348e-07,2.5487825634351426,,
1760,0.0080000000000000002,307.01581768210252,307.01581803915747,-3.5705494383364567e-07,2.5473758378221638,,
1760,0.0090000000000000011,307.14948704593974,307.14948739281613,-3.468763907221728e-07,2.5445802171798779,,
1760,0.01,307.2990021293603,307.29900246703653,-3.3767622653613216e-07,2.5392859465169297,,
1760,0.010999999999999999,307.46444347425353,307.46444380693475,-3.3268122479057638e-07,2.5297350998435575,,
1760,0.012,307.64592721648512,307.64592755209566,-3.356105366947304e-07,2.5133199669067481,,
1760,0.013000000000000001,307.84361529036278,307.84361564286854,-3.525057650222152e-07,2.4864243426119046,,
1760,0.014,308.0577247650092,308.05772516116633,-3.9615713376406347e-07,2.4443672290201848,,
1760,0.014999999999999999,308.28853264131419,308.28853312645271,-4.8513851425013854e-07,2.3814976344108412,,
1760,0.016,308.53637026512644,308.5363708913693,-6.2624286556456354e-07,2.2914477906916395,,
1760,0.017000000000000001,308.80160060360578,308.80160138645772,-7.8285194149430026e-07,2.1674753023059177,,
1760,0.018000000000000002,309.08457458041789,309.08457546436563,-8.8394773456457187e-07,2.0026992870080136,,
1760,0.019,309.38557119220536,309.38557208988192,-8.9767655708783423e-07,1.7897841150254643,,
1760,0.02,309.70473769219223,309.70473854713032,-8.5493809365289053e-07,1.518831500401846,,
1770,0,306.56617289086,306.56617326913658,-3.7827658161404543e-07,2.5499937893529521,,
1770,0.001,306.5740244033081,306.57402477956873,-3.7626062976414687e-07,2.5499914515976969,,
1770,0.002,306.59757971175054,306.59758008735503,-3.7560448618023656e-07,2.5499822586963208,,
1770,0.0030000000000000001,306.63684130783309,306.63684168205134,-3.7421824572447804e-07,2.549957955166541,,
1770,0.0040000000000000001,306.69181396980099,306.69181434142001,-3.7161902355364873e-07,2.5498981308808575,,
1770,0.0050000000000000001,306.76250580768266,306.76250617500455,-3.6732188846144709e-07,2.5497568137069964,,
1770,0.0060000000000000001,306.8489299336963,306.84893029469424,-3.6099794442634447e-07,2.5494363254009333,,
1770,0.0070000000000000001,306.95110694602369,306.95110729869157,-3.5266788245280623e-07,2.5487403492799063,,
1770,0.0080000000000000002,307.06906843098784,307.06906877386501,-3.4287717198822065e-07,2.5472962744457144,,
1770,0.0090000000000000011,307.20286165763258,307.2028619905185,-3.3288591794189415e-07,2.5444376594331963,,
1770,0.01,307.35255552042213,307.3525558454898,-3.2506767411177862e-07,2.5390436020699303,,
1770,0.010999999999999999,307.51824751981468,307.51824784354073,-3.2372605573982582e-07,2.5293447637119728,,
1770,0.012,307.70007108447481,307.70007142049843,-3.3602361781959189e-07,2.5127248765668631,,
1770,0.013000000000000001,307.89820179327847,307.89820216479308,-3.7151460219320143e-07,2.4855661966585161,,
1770,0.014,308.11286013888912,308.11286057698953,-4.3810041461256333e-07,2.443197364584067,,
1770,0.014999999999999999,308.34430772471444,308.34430825997629,-5.3526184728980297e-07,2.3799907966105818,,
1770,0.016,308.5928338319024,308.59283448047972,-6.4857732695600134e-07,2.2896153899235294,,
1770,0.017000000000000001,308.85873083183009,308.85873158232778,-7.5049769066026784e-07,2.1653742253579891,,
1770,0.018000000000000002,309.14226020433978,309.14226101778735,-8.1344757063561701e-07,2.0004326668246843,,
1770,0.019,309.4436152115988,309.44361603639572,-8.2479692764536594e-07,1.7874918407062512,,
1770,0.02,309.76288968037477,309.76289047416725,-7.9379248063560226e-07,1.5166692614952439,,
1780,0,306.61920992152761,306.61921029565895,-3.7413133213703986e-07,2.5499933472576042,,
1780,0.001,306.62706357324748,306.62706394502305,-3.717755703291914e-07,2.5499908725129106,,
1780,0.002,306.6506257140631,306.65062608419873,-3.7013563769505708e-07,2.5499811702962512,,
1780,0.0030000000000000001,306.68990013572267,306.68990050295099,-3.672283241940022e-07,2.5499556383523707,,
1780,0.0040000000000000001,306.744893966814,306.74489432956369,-3.62749688065378e-07,2.5498931059345327,,
1780,0.0050000000000000001,306.81561897516792,306.81561933162459,-3.5645666685013566e-07,2.5497461237135264,,
1780,0.0060000000000000001,306.9020935547066,306.90209390301487,-3.4830827644327655e-07,2.5494143658281878,,
1780,0.0070000000000000001,307.00434552196106,307.00434586063585,-3.3867479487525998e-07,2.5486971308322053,,
1780,0.0080000000000000002,307.12241581607361,307.12241614471077,-3.2863715659914305e-07,2.5472151520652342,,
1780,0.0090000000000000011,307.25636309377097,307.25636341417089,-3.203999199286045e-07,2.5442928567775285,,
1780,0.01,307.40626900592724,307.40626932364233,-3.1771509156897082e-07,2.5387982898524295,,
1780,0.010999999999999999,307.57224361137116,307.5722439373377,-3.2596653909422457e-07,2.5289508799677582,,
1780,0.012,307.75442993720384,307.75443028856154,-3.5135769849148346e-07,2.5121260532984016,,
1780,0.013000000000000001,307.95300621432426,307.953006613078,-3.9875374113762518e-07,2.4847047932598278,,
1780,0.014,308.16818398171102,308.16818445032476,-4.6861373448336963e-07,2.4420255661282035,,
1780,0.014999999999999999,308.40020032780308,308.40020088250844,-5.547053660848178e-07,2.3784842019506121,,
1780,0.016,308.64930328247584,308.64930392643754,-6.4396169818792259e-07,2.2877860213250329,,
1780,0.017000000000000001,308.91573087770701,308.91573159697742,-7.1927041744856979e-07,2.16327910117821,,
1780,0.018000000000000002,309.19968641505426,309.19968718012757,-7.6507330959429964e-07,1.998174431590507,,
1780,0.019,309.50131439015422,309.50131516192516,-7.7177094226499321e-07,1.7852093064703867,,
1780,0.02,309.82068248747379,309.82068323356481,-7.4609101829992142e-07,1.5145166363107199,,
1790,0,306.6722645364141,306.67226490327073,-3.6685662507807137e-07,2.5499928790176991,,
1790,0.001,306.68012137207563,306.6801217362846,-3.6420897231437266e-07,2.5499902610133525,,
1790,0.002,306.7036935835867,306.70369394531764,-3.6173094031255459e-07,2.5499800276470905,,
1790,0.0030000000000000001,306.74298656333963,306.74298692088911,-3.575494815777347e-07,2.5499532202195363,,
1790,0.0040000000000000001,306.79801024562784,306.79801059718244,-3.515546040944173e-07,2.5498878896260084,,
1790,0.0050000000000000001,306.86878058294445,306.86878092674681,-3.4380235547359916e-07,2.5497350825596961,,
1790,0.0060000000000000001,306.95532170229734,306.95532203699742,-3.3470007565483684e-07,2.549391791541221,,
1790,0.0070000000000000001,307.05766877631379,307.05766910157047,-3.252566784794908e-07,2.5486528969671296,,
1790,0.0080000000000000002,307.17587156992317,307.17587188726714,-3.173439608872286e-07,2.5471324602394501,,
1790,0.0090000000000000011,307.30999848246489,307.30999879633106,-3.1386616683448665e-07,2.5441458034476478,,
1790,0.01,307.46014069056781,307.4601410092265,-3.1865869232206023e-07,2.5385500139378592,,
1790,0.010999999999999999,307.62641572450627,307.62641606043906,-3.3593278203625232e-07,2.5285534672298025,,
1790,0.012,307.80896953157026,307.80896990075217,-3.6918191881341045e-07,2.5115235320206346,,
1790,0.013000000000000001,308.00797588928702,308.00797630898842,-4.1970139363911585e-07,2.4838401800105752,,
1790,0.014,308.2236320564902,308.22363254174968,-4.8525947704547434e-07,2.4408518839711593,,
1790,0.014999999999999999,308.45614991343302,308.45615047292517,-5.5949215038708644e-07,2.3769778888855244,,
1790,0.016,308.70574259697446,308.70574322932498,-6.3235052039090078e-07,2.2859596966553224,,
1790,0.017000000000000001,308.97260770368268,308.97260839563893,-6.9195624519124976e-07,2.1611899054831385,,
1790,0.018000000000000002,309.2569092722747,309.25690999959312,-7.2731842237772071e-07,1.9959245220958648,,
1790,0.019,309.55876160346713,309.55876233423959,-7.3077245588137885e-07,1.7829364316876024,,
1790,0.02,309.87821816511263,309.87821887406437,-7.0895174530960503e-07,1.5123735314219215,,
1800,0,306.72534447118966,306.72534482780486,-3.5661520314533846e-07,2.5499923834239486,,
1800,0.001,306.73320573996318,306.73320609370847,-3.5374529261389398e-07,2.5499896156933026,,
1800,0.002,306.75679184141381,306.75679219206523,-3.5065141901213792e-07,2.5499788287169545,,
1800,0.0030000000000000001,306.79610996349982,306.79611030911531,-3.4561549000500236e-07,2.5499506975905826,,
1800,0.0040000000000000001,306.85117310016881,306.85117343896644,-3.3879763350341818e-07,2.5498824770408923,,
1800,0.0050000000000000001,306.92200158482552,306.92200191547209,-3.3064657145587262e-07,2.5497236830816976,,
1800,0.0060000000000000001,307.00862523759002,307.00862555965119,-3.2206116884481162e-07,2.549368593031677,,
1800,0.0070000000000000001,307.11108607047117,307.11108638502651,-3.1455533644475508e-07,2.5486076366680406,,
1800,0.0080000000000000002,307.22944140230032,307.22944171264612,-3.1034579706101795e-07,2.5470481887435699,,
1800,0.0090000000000000011,307.36376709771582,307.36376740999049,-3.1227466479322175e-07,2.5439964939817399,,
1800,0.01,307.51416047287125,307.5141607963489,-3.2347764999940409e-07,2.5382987787057409,,
1800,0.010999999999999999,307.68074223551059,307.68074258227733,-3.467667397671903e-07,2.5281525442844224,,
1800,0.012,307.86365670105948,307.86365708484226,-3.8378277622541646e-07,2.5109173475311062,,
1800,0.013000000000000001,308.06306951757517,308.0630699516845,-4.3410932448750827e-07,2.4829724040162309,,
1800,0.014,308.27916230752965,308.27916280217073,-4.9464108542451868e-07,2.4396763676445641,,
1800,0.014999999999999999,308.51212403128181,308.51212459074998,-5.5946816246432718e-07,2.3754718950224336,,
1800,0.016,308.76213947458581,308.76214009504184,-6.2045603499427671e-07,2.2841364270998334,,
1800,0.017000000000000001,309.02937596212865,309.02937663067758,-6.6854892111223307e-07,2.1591066139931159,,
1800,0.018000000000000002,309.31397003228193,309.31397072779663,-6.9551470005535521e-07,1.9936828798504049,,
1800,0.019,309.61601617582807,309.61601687155974,-6.9573167138514691e-07,1.7806731360263766,,
1800,0.02,309.93555968035093,309.93556035702767,-6.7667673420146457e-07,1.5102398568301272,,
