time_s,radius_m,fvm_temperature_K,analytic_temperature_K,temperature_error_K,fvm_moisture_kg_per_kg,analytic_frozen_D_moisture_kg_per_kg,moisture_error_kg_per_kg
0,0,301.14999999999998,301.14999999999998,0,2.5499999999999998,2.5499999999999998,0
0,0.001,301.14999999999998,301.14999999999998,0,2.5499999999999998,2.5499999999999998,0
0,0.002,301.14999999999998,301.14999999999998,0,2.5499999999999998,2.5499999999999998,0
0,0.0030000000000000001,301.14999999999998,301.14999999999998,0,2.5499999999999998,2.5499999999999998,0
0,0.0040000000000000001,301.14999999999998,301.14999999999998,0,2.5499999999999998,2.5499999999999998,0
0,0.0050000000000000001,301.14999999999998,301.14999999999998,0,2.5499999999999998,2.5499999999999998,0
0,0.0060000000000000001,301.14999999999998,301.14999999999998,0,2.5499999999999998,2.5499999999999998,0
0,0.0070000000000000001,301.14999999999998,301.14999999999998,0,2.5499999999999998,2.5499999999999998,0
0,0.0080000000000000002,301.14999999999998,301.14999999999998,0,2.5499999999999998,2.5499999999999998,0
0,0.0090000000000000011,301.14999999999998,301.14999999999998,0,2.5499999999999998,2.5499999999999998,0
0,0.01,301.14999999999998,301.14999999999998,0,2.5499999999999998,2.5499999999999998,0
0,0.010999999999999999,301.14999999999998,301.14999999999998,0,2.5499999999999998,2.5499999999999998,0
0,0.012,301.14999999999998,301.14999999999998,0,2.5499999999999998,2.5499999999999998,0
0,0.013000000000000001,301.14999999999998,301.14999999999998,0,2.5499999999999998,2.5499999999999998,0
0,0.014,301.14999999999998,301.14999999999998,0,2.5499999999999998,2.5499999999999998,0
0,0.014999999999999999,301.14999999999998,301.14999999999998,0,2.5499999999999998,2.5499999999999998,0
0,0.016,301.14999999999998,301.14999999999998,0,2.5499999999999998,2.5499999999999998,0
0,0.017000000000000001,301.14999999999998,301.14999999999998,0,2.5499999999999998,2.5499999999999998,0
0,0.018000000000000002,301.14999999999998,301.14999999999998,0,2.5499999999999998,2.5499999999999998,0
0,0.019,301.14999999999998,301.14999999999998,0,2.5499999999999998,2.5499999999999998,0
0,0.02,301.14999999999998,301.14999999999998,0,2.5499999999999998,2.5499999999999998,0
10,0,301.14999999999998,301.15000000309425,-3.0942715056880843e-09,2.5499999999999998,2.5500000001822607,-1.8226087306061345e-10
10,0.001,301.14999999999998,301.15000000027317,-2.7318947104504332e-10,2.5499999999999998,2.5500000000160452,-1.6045387241092612e-11
10,0.002,301.14999999999998,301.15000000018699,-1.8701484805205837e-10,2.5499999999999998,2.5500000000110359,-1.1036060953983906e-11
10,0.0030000000000000001,301.14999999999998,301.15000000014811,-1.4813394955126569e-10,2.5499999999999998,2.5500000000087661,-8.766321002440236e-12
10,0.0040000000000000001,301.14999999999998,301.15000000012469,-1.2471446098061278e-10,2.5499999999999998,2.5500000000073526,-7.3527850474874867e-12
10,0.0050000000000000001,301.14999999999998,301.15000000010872,-1.0874146028072573e-10,2.5499999999999998,2.5500000000063872,-6.3873351052734506e-12
10,0.0060000000000000001,301.14999999999998,301.15000000009695,-9.6974872576538473e-11,2.5499999999999998,2.5500000000057104,-5.7105431494619552e-12
10,0.0070000000000000001,301.14999999999998,301.15000000008791,-8.7936768977669999e-11,2.5499999999999998,2.5500000000052054,-5.205613717862434e-12
10,0.0080000000000000002,301.14999999999998,301.15000000008081,-8.0831341620068997e-11,2.5499999999999998,2.5500000000047849,-4.7850612361344247e-12
10,0.0090000000000000011,301.15000000000015,301.15000000007529,-7.5146999733988196e-11,2.5499999999999998,2.5500000000044203,-4.4204639948475233e-12
10,0.01,301.15000000000799,301.15000000007825,-7.0258465711958706e-11,2.5499999999999998,2.550000000004137,-4.1371350789631833e-12
10,0.010999999999999999,301.15000000018256,301.15000000024787,-6.5313088271068409e-11,2.5499999999999998,2.5500000000039327,-3.9328540424321545e-12
10,0.012,301.15000000320327,301.15000000325523,-5.1954884838778526e-11,2.5499999999999998,2.5500000000037604,-3.7605474290103302e-12
10,0.013000000000000001,301.15000004354727,301.15000004351651,3.0752289603697136e-11,2.5499999999999998,2.5500000000036085,-3.6086689192416088e-12
10,0.014,301.15000046103324,301.15000046054007,4.9317350203637034e-10,2.5499999999999998,2.5500000000035001,-3.5003111520381935e-12
10,0.014999999999999999,301.15000382734615,301.15000382504581,2.3003394744591787e-09,2.5499999999999998,2.5500000000034713,-3.4714453533979395e-12
10,0.016,301.15002513279228,301.15002512630934,6.4829350776562933e-09,2.5499999999999998,2.5500000000035463,-3.5464964298626001e-12
10,0.017000000000000001,301.15013195615876,301.15013194778516,8.3736040323856287e-09,2.5499999999999998,2.550000000003815,-3.8151704018218879e-12
10,0.018000000000000002,301.15056120494705,301.1505612209707,-1.6023648186092032e-08,2.549999999994006,2.5500000000007881,-6.7821304128301563e-12
10,0.019,301.15196349153626,301.15196360983873,-1.1830246648969478e-07,2.5499470147245709,2.5499482573937016,-1.2426691307076965e-06
10,0.02,301.15575296374584,301.15575333130334,-3.6755750443262514e-07,2.4499894972265923,2.4499179106278843,7.158659870798445e-05
20,0,301.14999999999998,301.15000000309419,-3.0942146622692235e-09,2.5499999999999998,2.5500000001822674,-1.822675343987612e-10
20,0.001,301.14999999999998,301.15000000027311,-2.7313262762618251e-10,2.5499999999999998,2.5500000000160483,-1.6048495865561563e-11
20,0.002,301.14999999999998,301.15000000018699,-1.8701484805205837e-10,2.5499999999999998,2.5500000000110354,-1.1035616864774056e-11
20,0.0030000000000000001,301.14999999999998,301.15000000014805,-1.4807710613240488e-10,2.5499999999999998,2.5500000000087626,-8.7627682887614355e-12
20,0.0040000000000000001,301.15000000000038,301.15000000012503,-1.2465761756175198e-10,2.5499999999999998,2.5500000000073522,-7.3523409582776367e-12
20,0.0050000000000000001,301.15000000000413,301.1500000001127,-1.0857093002414331e-10,2.5499999999999998,2.5500000000063885,-6.3886673729030008e-12
20,0.0060000000000000001,301.15000000004062,301.15000000013731,-9.6690655482234433e-11,2.5499999999999998,2.5500000000057117,-5.7118754170915054e-12
20,0.0070000000000000001,301.15000000035712,301.15000000044375,-8.6629370343871415e-11,2.5499999999999998,2.5500000000052037,-5.2038373610230337e-12
20,0.0080000000000000002,301.1500000027807,301.15000000285482,-7.4123818194493651e-11,2.5499999999999998,2.55000000000478,-4.780176254826074e-12
20,0.0090000000000000011,301.15000001914916,301.15000001919356,-4.439471013029106e-11,2.5499999999999998,2.5500000000044194,-4.4195758164278232e-12
20,0.01,301.150000116645,301.15000011658753,5.7468696468276903e-11,2.5499999999999998,2.5500000000041396,-4.1397996142222837e-12
20,0.010999999999999999,301.1500006290226,301.15000062862117,4.014282239950262e-10,2.5499999999999998,2.5500000000039336,-3.9337422208518547e-12
20,0.012,301.15000300769401,301.15000300629191,1.4020997696206905e-09,2.5499999999999998,2.5500000000037613,-3.7614356074300304e-12
20,0.013000000000000001,301.1500127798268,301.15001277605313,3.7736640479124617e-09,2.5499999999999998,2.5500000000036085,-3.6086689192416088e-12
20,0.014,301.15004839009725,301.15004838203964,8.0576114669383969e-09,2.5499999999999998,2.5500000000035037,-3.503863865716994e-12
20,0.014999999999999999,301.15016383478871,301.1501638219151,1.2873613286501495e-08,2.5499999999999998,2.5500000000034735,-3.4736657994471898e-12
20,0.016,301.15049799181401,301.15049798029639,1.151761352957692e-08,2.5499999999999998,2.5500000000035463,-3.5464964298626001e-12
20,0.017000000000000001,301.1513653145991,301.15136532638166,-1.1782560704887146e-08,2.5499999999994571,2.5500000000033998,-3.9426240050488559e-12
20,0.018000000000000002,301.15339428885494,301.153394371194,-8.2339056461933069e-08,2.5499997229331837,2.549999736863505,-1.393032134089367e-08
20,0.019,301.15769761709907,301.1576978454741,-2.2837502910988405e-07,2.5484442908170495,2.5484475586679887,-3.2678509391814714e-06
20,0.02,301.16602841582107,301.16602889751448,-4.8169340516324155e-07,2.4100496395233191,2.4100017199761616,4.7919547157437847e-05
30,0,301.15000000000208,301.1500000030963,-3.0942146622692235e-09,2.5499999999999998,2.5500000001822776,-1.8227774845058775e-10
30,0.001,301.15000000000509,301.15000000027811,-2.730189407884609e-10,2.5499999999999998,2.5500000000160554,-1.6055601292919164e-11
30,0.002,301.15000000002539,301.15000000021223,-1.8684431779547594e-10,2.5499999999999998,2.5500000000110363,-1.1036505043193756e-11
30,0.0030000000000000001,301.15000000014032,301.15000000028783,-1.475086719437968e-10,2.5499999999999998,2.5500000000087604,-8.7605478427121852e-12
30,0.0040000000000000001,301.15000000075759,301.15000000088031,-1.227249413204845e-10,2.5499999999999998,2.5500000000073495,-7.3496764230185363e-12
30,0.0050000000000000001,301.15000000387727,301.15000000397902,-1.0174971976084635e-10,2.5499999999999998,2.5500000000063889,-6.3891114621128509e-12
30,0.0060000000000000001,301.15000001857692,301.15000001865025,-7.3328010330442339e-11,2.5499999999999998,2.5500000000057121,-5.7123195063013554e-12
30,0.0070000000000000001,301.15000008283027,301.15000008284181,-1.1539214028744027e-11,2.5499999999999998,2.5500000000052023,-5.2025050933934835e-12
30,0.0080000000000000002,301.15000034267371,301.15000034252211,1.5160139810177498e-10,2.5499999999999998,2.5500000000047769,-4.7770676303571236e-12
30,0.0090000000000000011,301.15000131356857,301.15000131299507,5.7349325288669206e-10,2.5499999999999998,2.5500000000044207,-4.4209080840573733e-12
30,0.01,301.15000466386437,301.15000466229583,1.5685373000451364e-09,2.5499999999999998,2.5500000000041401,-4.1402437034321338e-12
30,0.010999999999999999,301.15001534255293,301.15001533892462,3.6283154258853756e-09,2.5499999999999998,2.5500000000039305,-3.9306335963829042e-12
30,0.012,301.15004680274785,301.15004679549168,7.2561761044198647e-09,2.5499999999999998,2.5500000000037595,-3.7596592505906301e-12
30,0.013000000000000001,301.15013256157107,301.15013254919211,1.2378961855574744e-08,2.5499999999999998,2.5500000000036076,-3.6077807408219087e-12
30,0.014,301.15034918330821,301.15034916615571,1.7152501641248818e-08,2.5499999999999998,2.5500000000035046,-3.5047520441366942e-12
30,0.014999999999999999,301.15085713872105,301.15085712245462,1.6266426428046543e-08,2.5499999999999998,2.5500000000034726,-3.4727776210274897e-12
30,0.016,301.15196531285164,301.15196531343236,-5.8071236708201468e-10,2.5499999999999909,2.5500000000035388,-3.5478286974921502e-12
30,0.017000000000000001,301.1542204628152,301.15422051163841,-4.882321036348003e-08,2.5499999984261796,2.5499999985501107,-1.2393108761443727e-10
30,0.018000000000000002,301.15851409442899,301.15851424100691,-1.4657791780336993e-07,2.549986471583467,2.5499866717236657,-2.0014019863623389e-07
30,0.019,301.16618812841443,301.16618843787535,-3.0946091555961175e-07,2.5442033865638027,2.5442047852511549,-1.3986873521609766e-06
30,0.02,301.17911235383019,301.17911291198465,-5.5815445421103504e-07,2.3799985370445063,2.3799610250045431,3.7512039963161214e-05
40,0,301.1500000006406,301.15000000373271,-3.0921114557713736e-09,2.5499999999999998,2.5500000001822802,-1.8228041298584685e-10
40,0.001,301.15000000112065,301.15000000139088,-2.702336132642813e-10,2.5499999999999998,2.5500000000160554,-1.6055601292919164e-11
40,0.002,301.15000000351722,301.15000000369793,-1.8070522855850868e-10,2.5499999999999998,2.5500000000110346,-1.1034728686354356e-11
40,0.0030000000000000001,301.15000001247262,301.15000001260489,-1.3227463568910025e-10,2.5499999999999998,2.5500000000087604,-8.7605478427121852e-12
40,0.0040000000000000001,301.15000004440776,301.15000004449132,-8.3559825725387782e-11,2.5499999999999998,2.5500000000073517,-7.3518968690677866e-12
40,0.0050000000000000001,301.15000015357361,301.15000015357538,-1.7621459846850485e-12,2.5499999999999998,2.5500000000063903,-6.390443729742401e-12
40,0.0060000000000000001,301.15000050914608,301.15000050897311,1.7297452359343879e-10,2.5499999999999998,2.5500000000057144,-5.7145399523506057e-12
40,0.0070000000000000001,301.15000160808904,301.15000160752771,5.6132876125047915e-10,2.5499999999999998,2.5500000000051983,-5.198508290504833e-12
40,0.0080000000000000002,301.15000482290981,301.15000482152681,1.383000380883459e-09,2.5499999999999998,2.550000000004776,-4.7761794519374234e-12
40,0.0090000000000000011,301.15001371271222,301.15001370973056,2.9816646929248236e-09,2.5499999999999998,2.5500000000044216,-4.4217962624770735e-12
40,0.01,301.15003693604865,301.15003693026898,5.7796682995103765e-09,2.5499999999999998,2.5500000000041392,-4.1393555250124336e-12
40,0.010999999999999999,301.15009424565909,301.15009423558627,1.0072824352391763e-08,2.5499999999999998,2.5500000000039322,-3.9324099532223045e-12
40,0.012,301.15022788961465,301.15022787404541,1.5569241895718733e-08,2.5499999999999998,2.5500000000037586,-3.75877107217093e-12
40,0.013000000000000001,301.15052259173183,301.15052257110233,2.0629499886126723e-08,2.5499999999999998,2.5500000000036067,-3.6068925624022086e-12
40,0.014,301.15113769643892,301.15113767512406,2.1314860987331485e-08,2.5499999999999998,2.5500000000035041,-3.5043079549268441e-12
40,0.014999999999999999,301.15235439662763,301.15235438606362,1.0564008334768005e-08,2.5499999999999998,2.5500000000034735,-3.4736657994471898e-12
40,0.016,301.15463860469748,301.15463862668338,-2.1985897546983324e-08,2.5499999999906313,2.5499999999951641,-4.5328185649395891e-12
40,0.017000000000000001,301.15871581574635,301.15871590474853,-8.9002185177378124e-08,2.5499998999148135,2.5499999031778953,-3.263081804760759e-09
40,0.018000000000000002,301.16564896616757,301.16564916921965,-2.0305208181525813e-07,2.5498941820469843,2.5498948173257836,-6.3527879934355269e-07
40,0.019,301.17690551867355,301.17690589189465,-3.7322109847082174e-07,2.5378499067035198,2.5378486836104526,1.223093067270753e-06
40,0.02,301.19439802132308,301.1943986369921,-6.1566902331833262e-07,2.3550549039981488,2.3550235563816142,3.134761653456053e-05
50,0,301.15000002280789,301.15000002587465,-3.0667592909594532e-09,2.5499999999999998,2.5500000001822878,-1.822879625024143e-10
50,0.001,301.15000003360586,301.15000003384415,-2.382876118645072e-10,2.5499999999999998,2.550000000016059,-1.6059154006597964e-11
50,0.002,301.15000007925101,301.15000007937596,-1.2494183465605602e-10,2.5499999999999998,2.5500000000110328,-1.1032952329514956e-11
50,0.0030000000000000001,301.15000021427176,301.15000021429177,-2.0008883439004421e-11,2.5499999999999998,2.5500000000087559,-8.7561069506136846e-12
50,0.0040000000000000001,301.15000059206255,301.15000059191163,1.5091927707544528e-10,2.5499999999999998,2.5500000000073495,-7.3496764230185363e-12
50,0.0050000000000000001,301.15000161337031,301.15000161289066,4.7964476834749803e-10,2.5499999999999998,2.5500000000063943,-6.3944405326310516e-12
50,0.0060000000000000001,301.15000427564075,301.15000427452225,1.1185079529241193e-09,2.5499999999999998,2.5500000000057135,-5.7136517739309056e-12
50,0.0070000000000000001,301.15001094660909,301.15001094430352,2.3055690689943731e-09,2.5499999999999998,2.5500000000051992,-5.1993964689245331e-12
50,0.0080000000000000002,301.15002698042593,301.15002697606462,4.3613113120954949e-09,2.5499999999999998,2.5500000000047764,-4.7766235411472735e-12
50,0.0090000000000000011,301.15006389881449,301.1500638911898,7.6246919888944831e-09,2.5499999999999998,2.5500000000044221,-4.4222403516869235e-12
50,0.01,301.15014528009385,301.15014526781863,1.2275222616153769e-08,2.5499999999999998,2.5500000000041423,-4.1424641494813841e-12
50,0.010999999999999999,301.15031699097079,301.1503169729732,1.7997592749452451e-08,2.5499999999999998,2.5500000000039313,-3.9315217748026043e-12
50,0.012,301.1506638303901,301.15066380690769,2.3482414235331817e-08,2.5499999999999998,2.5500000000037546,-3.7547742692822794e-12
50,0.013000000000000001,301.15133480074462,301.15133477491395,2.5830672711890657e-08,2.5499999999999998,2.5500000000036058,-3.6060043839825084e-12
50,0.014,301.15257877749957,301.15257875747358,2.0025993308081524e-08,2.5499999999999998,2.5500000000035041,-3.5043079549268441e-12
50,0.014999999999999999,301.15479104005072,301.15479104131782,-1.2670966498262715e-09,2.5499999999999421,2.5500000000034251,-3.4829916728540411e-12
50,0.016,301.15856886907346,301.15856891637293,-4.729946567749721e-08,2.5499999993024143,2.5499999993433842,-4.0969894143927377e-11
50,0.017000000000000001,301.16477147530395,301.16477160335006,-1.280461106034636e-07,2.5499986946578534,2.5499987163859896,-2.1728136179177682e-08
50,0.018000000000000002,301.17457658807012,301.17457684036322,-2.522930913073651e-07,2.5496136517721357,2.5496147741072273,-1.1223350915301467e-06
50,0.019,301.18952408467703,301.18952451010642,-4.2542939127088175e-07,2.5301698577916296,2.5301664130853685,3.4447062611242529e-06
50,0.02,301.21153704210576,301.21153770354709,-6.6144133370471536e-07,2.3333692053265596,2.3333420396858524,2.7165640707149663e-05
60,0,301.15000026891323,301.15000027184357,-2.930335085693514e-09,2.5499999999999998,2.5500000001822931,-1.822932915729325e-10
60,0.001,301.15000035789353,301.15000035797027,-7.673861546209082e-11,2.5499999999999998,2.5500000000160639,-1.6064038987906315e-11
60,0.002,301.15000069954186,301.1500006994201,1.2175860319985077e-10,2.5499999999999998,2.5500000000110314,-1.1031620061885405e-11
60,0.0030000000000000001,301.15000157342064,301.15000157301716,4.0347458707401529e-10,2.5499999999999998,2.5500000000087555,-8.7556628614038345e-12
60,0.0040000000000000001,301.15000366165367,301.15000366075662,8.9704599304241128e-10,2.5499999999999998,2.5500000000073499,-7.3501205122283864e-12
60,0.0050000000000000001,301.15000849363201,301.15000849186305,1.7689671949483454e-09,2.5499999999999998,2.550000000006396,-6.3962168894704519e-12
60,0.0060000000000000001,301.15001934736648,301.15001934411549,3.250988811487332e-09,2.5499999999999998,2.5500000000057144,-5.7145399523506057e-12
60,0.0070000000000000001,301.15004297309878,301.15004296747077,5.6280100579897407e-09,2.5499999999999998,2.5500000000051979,-5.1980642012949829e-12
60,0.0080000000000000002,301.15009272455893,301.15009271538349,9.1754372988361865e-09,2.5499999999999998,2.5500000000047747,-4.7748471843078732e-12
60,0.0090000000000000011,301.15019396280138,301.15019394878345,1.4017928151588421e-08,2.5499999999999998,2.5500000000044225,-4.4226844408967736e-12
60,0.01,301.15039290186695,301.15039288197983,1.988712483580457e-08,2.5499999999999998,2.5500000000041436,-4.1437964171109343e-12
60,0.010999999999999999,301.15077031519434,301.15077028941442,2.5779911538847955e-08,2.5499999999999998,2.55000000000393,-3.9301895071730542e-12
60,0.012,301.15146158916002,301.15146155960468,2.9555337732745102e-08,2.5499999999999998,2.5500000000037546,-3.7547742692822794e-12
60,0.013000000000000001,301.15268433664613,301.15268430908213,2.7563999083213275e-08,2.5499999999999998,2.5500000000036085,-3.6086689192416088e-12
60,0.014,301.15477402473994,301.15477401029068,1.4449256013904233e-08,2.5499999999999994,2.550000000003509,-3.5096370254450449e-12
60,0.014999999999999999,301.15822676687162,301.1582267835891,-1.6717478956707055e-08,2.5499999999952454,2.5499999999990988,-3.8533620738689933e-12
60,0.016,301.1637466803457,301.16374675418149,-7.3835792591125937e-08,2.5499999869079271,2.5499999873164954,-4.0856829031099551e-10
60,0.017000000000000001,301.17229331668329,301.1722934813655,-1.6468220565002412e-07,2.5499924284771804,2.5499925007691409,-7.229196041791397e-08
60,0.018000000000000002,301.18512311118349,301.18512340663847,-2.9545498136940296e-07,2.5490483153798156,2.5490498042127876,-1.4888329720186277e-06
60,0.019,301.20381810795919,301.20381857722549,-4.692662969318917e-07,2.5217041071988358,2.5216989888112256,5.1183876101923431e-06
60,0.02,301.2302960299636,301.2302965163355,-4.8637190275258035e-07,2.3139937751984081,2.3139696787702735,2.4096428134612324e-05
70,0,301.15000166231954,301.15000166553079,-3.2112552617036272e-09,2.5499999999999998,2.5500000002384042,-2.3840440732669776e-10
70,0.001,301.15000207259322,301.15000207216184,4.3138470573467202e-10,2.5499999999999998,2.5500000000210217,-2.1021850926672414e-11
70,0.002,301.15000355540315,301.15000355455226,8.5088913692743517e-10,2.5499999999999998,2.550000000014423,-1.4423129357510334e-11
70,0.0030000000000000001,301.15000699960495,301.15000699809536,1.5095906746864785e-09,2.5499999999999998,2.5500000000114382,-1.1438405778108063e-11
70,0.0040000000000000001,301.15001437972359,301.15001437713499,2.5885924515023362e-09,2.5499999999999998,2.5500000000096117,-9.6118668579947553e-12
70,0.0050000000000000001,301.15002967975016,301.15002967545365,4.2965098145941738e-09,2.5499999999999998,2.5500000000083678,-8.3679729812047299e-12
70,0.0060000000000000001,301.15006058398262,301.15006057710923,6.8733925218111835e-09,2.5499999999999998,2.5500000000074747,-7.474909580196254e-12
70,0.0070000000000000001,301.15012139287722,301.15012138233493,1.0542294148763176e-08,2.5499999999999998,2.5500000000067908,-6.7910121970271575e-12
70,0.0080000000000000002,301.15023781718679,301.15023780178291,1.5403884390252642e-08,2.5499999999999998,2.5500000000062442,-6.2443383797017304e-12
70,0.0090000000000000011,301.15045450542118,301.15045448415759,2.1263588223519037e-08,2.5499999999999998,2.5500000000057885,-5.7887028503955662e-12
70,0.01,301.15084631963191,301.15084629224054,2.7391365620133001e-08,2.5499999999999998,2.5500000000054244,-5.4245496983185149e-12
70,0.010999999999999999,301.15153441863566,301.15153438638629,3.2249374726234237e-08,2.5499999999999998,2.5500000000051406,-5.1407766932243248e-12
70,0.012,301.15270804577597,301.15270801246947,3.3306491786788683e-08,2.5499999999999998,2.550000000004907,-4.9071857688431919e-12
70,0.013000000000000001,301.15465246994341,301.15465244289027,2.7053147277911194e-08,2.5499999999999998,2.5500000000047156,-4.7157833193978149e-12
70,0.014,301.15778278635582,301.15778277812876,8.2270616985624656e-09,2.5499999999999678,2.5500000000045597,-4.5918824298496475e-12
70,0.014999999999999999,301.16268249557862,301.16268252896975,-3.3391131637472427e-08,2.5499999998834015,2.5499999998936258,-1.0224265878377992e-11
70,0.016,301.17014587300184,301.17014597912214,-1.0612029655021615e-07,2.5499998897356848,2.5499998918911695,-2.1554846796334459e-09
70,0.017000000000000001,301.18122584210658,301.1812260392411,-1.9713451138159144e-07,2.5499725932577126,2.5499727558761869,-1.6261847424203779e-07
70,0.018000000000000002,301.19729459040178,301.19729490786989,-3.1746810691402061e-07,2.5481402251565326,2.5481419020177958,-1.6768612631778979e-06
70,0.019,301.22012535913859,301.22012588096476,-5.2182616627760581e-07,2.512794508805948,2.5127881804944097,6.3283115383505617e-06
70,0.02,301.25198571333783,301.25198653545306,-8.221152256737696e-07,2.2963666360842834,2.2963449128824451,2.1723201838241835e-05
80,0,301.15000680507023,301.15000680710369,-2.0334596229076851e-09,2.5499999999999998,2.5500000002384104,-2.3841062457563567e-10
80,0.001,301.15000811601152,301.15000811431173,1.6997887541947421e-09,2.5499999999999998,2.550000000021023,-2.1023183194301964e-11
80,0.002,301.15001266601701,301.15001266361867,2.3983375285752118e-09,2.5499999999999998,2.5500000000144212,-1.4421353000670933e-11
80,0.0030000000000000001,301.15002254872184,301.1500225451793,3.5425387068244163e-09,2.5499999999999998,2.550000000011436,-1.1436185332058812e-11
80,0.0040000000000000001,301.15004212345684,301.15004211812544,5.3314010983740445e-09,2.5499999999999998,2.5500000000096139,-9.6140873040440056e-12
80,0.0050000000000000001,301.15007954499004,301.15007953701581,7.9742221714695916e-09,2.5499999999999998,2.5500000000083709,-8.3710816056736803e-12
80,0.0060000000000000001,301.15014936826077,301.15014935659104,1.1669726518448442e-08,2.5499999999999998,2.5500000000074747,-7.474909580196254e-12
80,0.0070000000000000001,301.15027671343762,301.15027669690318,1.6534443147975253e-08,2.5499999999999998,2.5500000000067908,-6.7910121970271575e-12
80,0.0080000000000000002,301.15050362405174,301.15050360156351,2.2488222839456284e-08,2.5499999999999998,2.5500000000062428,-6.2430061120721803e-12
80,0.0090000000000000011,301.15089836722859,301.15089833814341,2.9085185815347359e-08,2.5499999999999998,2.5500000000057859,-5.7860383151364658e-12
80,0.01,301.15156846982097,301.15156843460511,3.5215862226323225e-08,2.5499999999999998,2.5500000000054226,-5.4227733414791146e-12
80,0.010999999999999999,301.15267821750257,301.15267817891134,3.8591224438278005e-08,2.5499999999999998,2.5500000000051397,-5.1398885148046247e-12
80,0.012,301.15447115660942,301.15447112121166,3.539776116667781e-08,2.5499999999999998,2.5500000000049052,-4.9054094120037917e-12
80,0.013000000000000001,301.1572978999929,301.15729787877154,2.1221353563305456e-08,2.5499999999999994,2.5500000000047169,-4.7175596762372152e-12
80,0.014,301.16164942425286,301.16164943115569,-6.9028374127810821e-09,2.5499999999990317,2.5500000000036889,-4.6571635436976067e-12
80,0.014999999999999999,301.16819625094388,301.16819630090583,-4.9961954573518597e-08,2.5499999986732087,2.5499999987212107,-4.8002046781903118e-11
80,0.016,301.17783430922066,301.17783442225965,-1.130389932768594e-07,2.5499994409424729,2.5499994482324908,-7.2900179226564887e-09
80,0.017000000000000001,301.19173801445663,301.19173822953297,-2.1507634073714144e-07,2.5499264724632642,2.5499267595342769,-2.8707101273894864e-07
80,0.018000000000000002,301.2114186126243,301.2114189886808,-3.7605650504701771e-07,2.5468676567048272,2.5468693566395086,-1.6999346814650096e-06
80,0.019,301.23878014899333,301.23878074704839,-5.9805506680277176e-07,2.5036559165167493,2.5036487276700043,7.1888467449987559e-06
80,0.02,301.27615847591863,301.27615936369506,-8.877764230419416e-07,2.2801214467043658,2.2801016285151592,1.9818189206599612e-05
90,0,301.15002104960689,301.15002104957858,2.8308022592682391e-11,2.5499999999999998,2.5500000002384122,-2.3841240093247507e-10
90,0.001,301.15002432235121,301.15002431846716,3.8840539673401508e-09,2.5499999999999998,2.5500000000210257,-2.1025847729561065e-11
90,0.002,301.1500353630251,301.15003535807313,4.951971277478151e-09,2.5499999999999998,2.5500000000144194,-1.4419576643831533e-11
90,0.0030000000000000001,301.15005820780385,301.15005820108985,6.7140035753254779e-09,2.5499999999999998,2.5500000000114316,-1.1431744439960312e-11
90,0.0040000000000000001,301.15010088064349,301.15010087128388,9.3596099759452045e-09,2.5499999999999998,2.5500000000096166,-9.616751839303106e-12
90,0.0050000000000000001,301.15017757510549,301.15017756204821,1.3057274372840766e-08,2.5499999999999998,2.5500000000083727,-8.3728579625130806e-12
90,0.0060000000000000001,301.1503121800564,301.15031216215061,1.7905790627992246e-08,2.5499999999999998,2.5500000000074765,-7.4766859370356542e-12
90,0.0070000000000000001,301.15054361030263,301.15054358648638,2.3816255634301342e-08,2.5499999999999998,2.5500000000067935,-6.7936767322862579e-12
90,0.0080000000000000002,301.15093350617252,301.15093347582592,3.0346598123287549e-08,2.5499999999999998,2.5500000000062424,-6.2425620228623302e-12
90,0.0090000000000000011,301.15157692944314,301.15157689288367,3.6559470117936144e-08,2.5499999999999998,2.5500000000057881,-5.7882587611857161e-12
90,0.01,301.15261669270797,301.15261665171215,4.0995814742927905e-08,2.5499999999999998,2.5500000000054222,-5.4223292522692645e-12
90,0.010999999999999999,301.15426191563944,301.1542618738975,4.1741941458894871e-08,2.5499999999999998,2.5500000000051384,-5.1385562471750745e-12
90,0.012,301.15681132538094,301.15681128902526,3.6355686461320147e-08,2.5499999999999998,2.550000000004907,-4.9071857688431919e-12
90,0.013000000000000001,301.16068173428221,301.16068171310457,2.1177640974201495e-08,2.5499999999999918,2.5500000000047081,-4.716227408607665e-12
90,0.014,301.1664420132384,301.1664420227512,-9.5128029897750821e-09,2.549999999985948,2.5499999999912295,-5.2815529727467947e-12
90,0.014999999999999999,301.17485258345084,301.17485264601675,-6.2565902680944419e-08,2.5499999910177409,2.5499999912267732,-2.0903234698721462e-10
90,0.016,301.18690966612684,301.18690981198387,-1.4585702956537716e-07,2.5499979865903986,2.5499980049029856,-1.831258700235594e-08
90,0.017000000000000001,301.20389194860479,301.20389221594797,-2.6734318225862808e-07,2.5498389291702179,2.5498393621029045,-4.3293268658928241e-07
90,0.018000000000000002,301.22740490861707,301.22740533944415,-4.308270717956475e-07,2.5452342019697922,2.5452357942981476,-1.5923283553931356e-06
90,0.019,301.25941540207532,301.25941604249385,-6.4041853420349071e-07,2.4944248511546028,2.4944170643130681,7.7868415346848963e-06
90,0.02,301.30226763128945,301.30226854794307,-9.1665361878767726e-07,2.2650038450552135,2.2649855930669931,1.8251988220363558e-05
100,0,301.15005331105999,301.15005330770055,3.3594460546737537e-09,2.5499999999999998,2.5500000002384189,-2.3841906227062282e-10
100,0.001,301.15006017467169,301.15006016731672,7.354969966399949e-09,2.5499999999999998,2.5500000000210292,-2.1029400443239865e-11
100,0.002,301.15008285438557,301.15008284555023,8.8353431237919722e-09,2.5499999999999998,2.5500000000144203,-1.4420464822251233e-11
100,0.0030000000000000001,301.15012811470928,301.15012810345252,1.1256759080424672e-08,2.5499999999999998,2.5500000000114333,-1.1433520796799712e-11
100,0.0040000000000000001,301.15020895455825,301.15020893980852,1.4749730326002464e-08,2.5499999999999998,2.5500000000096148,-9.6149754824637057e-12
100,0.0050000000000000001,301.15034741997226,301.15034740059986,1.9372407678019954e-08,2.5499999999999998,2.5500000000083736,-8.3737461409327807e-12
100,0.0060000000000000001,301.15057898346669,301.1505789584117,2.505498741811607e-08,2.5499999999999998,2.5500000000074761,-7.4762418478258041e-12
100,0.0070000000000000001,301.15095890675951,301.1509588752466,3.1512911391473608e-08,2.5499999999999998,2.5500000000067931,-6.7932326430764078e-12
100,0.0080000000000000002,301.15157108333858,301.15157104518073,3.8157850212883204e-08,2.5499999999999998,2.5500000000062428,-6.2430061120721803e-12
100,0.0090000000000000011,301.15253990463498,301.15253986061958,4.4015393996232888e-08,2.5499999999999998,2.550000000005789,-5.7891469396054163e-12
100,0.01,301.15404570251144,301.15404565490775,4.7603691655240254e-08,2.5499999999999998,2.5500000000054261,-5.4263260551579151e-12
100,0.010999999999999999,301.15634428571195,301.15634423898933,4.672261866289773e-08,2.5499999999999998,2.550000000005137,-5.1372239795455243e-12
100,0.012,301.15979099391598,301.15979095577131,3.8144662539707497e-08,2.5499999999999998,2.5500000000049052,-4.9054094120037917e-12
100,0.013000000000000001,301.16486949992446,301.16486948263167,1.7292791198997293e-08,2.5499999999998635,2.5500000000045921,-4.7286619064834667e-12
100,0.014,301.17222522038054,301.17222524176759,-2.1387052129284712e-08,2.5499999998782186,2.5499999998870955,-8.8768992156929016e-12
100,0.014999999999999999,301.18270254026078,301.1827026239938,-8.3733027622656664e-08,2.5499999578353205,2.5499999585345821,-6.9926153756227905e-10
100,0.016,301.1973840394387,301.19738421556303,-1.7612433111935388e-07,2.5499943061963495,2.5499943437001042,-3.7503754768408726e-08
100,0.017000000000000001,301.21762858044906,301.2176288845979,-3.0414884122365038e-07,2.5496944472531236,2.5496950325378864,-5.8528476287733611e-07
100,0.018000000000000002,301.24510372342229,301.24510419533527,-4.7191298335746978e-07,2.5432585670011902,2.543259960710877,-1.393709686769995e-06
100,0.019,301.28180697943009,301.28180766200666,-6.8257656948844669e-07,2.4851891090585854,2.4851809145678332,8.1944907521780408e-06
100,0.02,301.33007046746997,301.3300714204031,-9.5293313506772392e-07,2.2508288049652974,2.2508118711361416,1.6933829155796332e-05
110,0,301.15011643135733,301.15011642320076,8.1565758591750637e-09,2.5499999999999998,2.5500000002384198,-2.3841995044904252e-10
110,0.001,301.15012910083243,301.1501290885476,1.2284829153941246e-08,2.5499999999999998,2.5500000000210297,-2.1029844532449715e-11
110,0.002,301.15017031990357,301.15017030575586,1.4147701676847646e-08,2.5499999999999998,2.5500000000144198,-1.4420020733041383e-11
110,0.0030000000000000001,301.15025033960171,301.15025032244711,1.7154604847746668e-08,2.5499999999999998,2.5500000000114316,-1.1431744439960312e-11
110,0.0040000000000000001,301.15038836831377,301.15038834695599,2.1357777768571395e-08,2.5499999999999998,2.5500000000096157,-9.6158636608834058e-12
110,0.0050000000000000001,301.15061596248535,301.15061593577349,2.6711859391070902e-08,2.5499999999999998,2.5500000000083718,-8.3719697840933804e-12
110,0.0060000000000000001,301.15098217319922,301.15098214016916,3.3030062240868574e-08,2.5499999999999998,2.5500000000074774,-7.4775741154553543e-12
110,0.0070000000000000001,301.15156082018706,301.15156078028303,3.9904023196868366e-08,2.5499999999999998,2.5500000000067886,-6.7887917509779072e-12
110,0.0080000000000000002,301.15246032974704,301.15246028314709,4.6599950564996107e-08,2.5499999999999998,2.5500000000062411,-6.24122975523278e-12
110,0.0090000000000000011,301.15383660451801,301.15383655259632,5.1921688282163814e-08,2.5499999999999998,2.5500000000057881,-5.7882587611857161e-12
110,0.01,301.15590937886236,301.15590932481757,5.4044789976614993e-08,2.5499999999999998,2.5500000000054235,-5.4236615198988147e-12
110,0.010999999999999999,301.15898243445207,301.15898238409278,5.0359290071355645e-08,2.5499999999999998,2.5500000000051375,-5.1376680687553744e-12
110,0.012,301.16346787615606,301.16346783882699,3.7329073165892623e-08,2.5499999999999994,2.550000000004903,-4.9036330551643914e-12
110,0.013000000000000001,301.169914357209,301.16991434670791,1.050108267008909e-08,2.549999999998541,2.5500000000033332,-4.7921666634920257e-12
110,0.014,301.17903865168387,301.17903868681759,-3.5133723486069357e-08,2.5499999992765812,2.5499999993000304,-2.3449242547712856e-11
110,0.014999999999999999,301.19175928029443,301.19175938527036,-1.0497592484171037e-07,2.5499998486575315,2.5499998505274113,-1.8698798065486244e-09
110,0.016,301.20923004282781,301.20923024730865,-2.0448084114832454e-07,2.5499865169273175,2.5499865831716746,-6.6244357110889496e-08
110,0.017000000000000001,301.23287042321101,301.23287076140741,-3.3819640066212742e-07,2.5494787044660217,2.5494794359314299,-7.3146540824353679e-07
110,0.018000000000000002,301.26438913548435,301.26438964490495,-5.0942060170200421e-07,2.5409672709110072,2.5409684079228678,-1.137011860663506e-06
110,0.019,301.30579685517898,301.30579757458588,-7.1940689849725459e-07,2.4760055781471366,2.475997115697663,8.462449473611855e-06
110,0.02,301.35940466215351,301.3594056458046,-9.8365109124642913e-07,2.2374567508238066,2.237440945352934,1.5805470872543026e-05
120,0,301.15022713423446,301.15022711978759,1.4446868590312079e-08,2.5499999999999998,2.5500000002384242,-2.3842439134114102e-10
120,0.001,301.15024838043485,301.15024836174638,1.8688467662286712e-08,2.5499999999999998,2.5500000000210323,-2.1032509067708816e-11
120,0.002,301.15031668685458,301.15031666597827,2.0876314010820352e-08,2.5499999999999998,2.5500000000144198,-1.4420020733041383e-11
120,0.0030000000000000001,301.1504464858308,301.15044646145469,2.437610646666144e-08,2.5499999999999998,2.5500000000114298,-1.1429968083120912e-11
120,0.0040000000000000001,301.15066431425674,301.1506642850868,2.9169939352868823e-08,2.5499999999999998,2.5500000000096148,-9.6149754824637057e-12
120,0.0050000000000000001,301.15101272144722,301.15101268633111,3.5116102026222507e-08,2.5499999999999998,2.5500000000083749,-8.3750784085623309e-12
120,0.0060000000000000001,301.15155609397999,301.151556052079,4.1900989344867412e-08,2.5499999999999998,2.5500000000074756,-7.4757977586159541e-12
120,0.0070000000000000001,301.15238872031995,301.1523886713702,4.8949743813864188e-08,2.5499999999999998,2.5500000000067899,-6.7901240186074574e-12
120,0.0080000000000000002,301.15364546324741,301.15364540793593,5.5311488722509239e-08,2.5499999999999998,2.5500000000062419,-6.2421179336524801e-12
120,0.0090000000000000011,301.15551541246907,301.15551535294077,5.952830406386056e-08,2.5499999999999998,2.5500000000057907,-5.7909232964448165e-12
120,0.01,301.15825883669936,301.15825877718754,5.9511819472390926e-08,2.5499999999999998,2.5500000000054244,-5.4245496983185149e-12
120,0.010999999999999999,301.16222762260264,301.16222757015197,5.2450673138082493e-08,2.5499999999999998,2.5500000000051362,-5.1363358011258242e-12
120,0.012,301.16788915302203,301.16788911824477,3.477725840639323e-08,2.5499999999999843,2.5500000000048884,-4.9040771443742415e-12
120,0.013000000000000001,301.17585321800181,301.17585321575058,2.2512267605634406e-09,2.5499999999893257,2.5499999999944492,-5.1234572140401724e-12
120,0.014,301.18690106340216,301.18690111323343,-4.9831271553557599e-08,2.5499999967695022,2.5499999968384524,-6.8950178899740422e-11
120,0.014999999999999999,301.20201508869832,301.20201521503481,-1.2633648793780594e-07,2.5499995564559033,2.5499995606573895,-4.2014862700057165e-09
120,0.016,301.22240707831412,301.22240731016569,-2.3185157260741107e-07,2.5499720842415816,2.5499721890332947,-1.0479171308475088e-07
120,0.017000000000000001,301.24954230860516,301.24954267869572,-3.7009056086390046e-07,2.54917950549136,2.5491803678944693,-8.6240310936958053e-07
120,0.018000000000000002,301.28515656863721,301.28515711189266,-5.432554530671041e-07,2.5383899735783544,2.5383908208991057,-8.4732075134041906e-07
120,0.019,301.33126321657937,301.33126396924672,-7.5266734711476602e-07,2.466911148250019,2.4669025210089606,8.6272410584342651e-06
120,0.02,301.39014700246577,301.39014898260632,-1.9801405528596661e-06,2.2247793190606306,2.2247644928994288,1.4826161201852983e-05
130,0,301.15040574615023,301.15040572282129,2.3328937004407635e-08,2.5499999999999998,2.5500000002197245,-2.1972468289277458e-10
130,0.001,301.15043884543076,301.15043881868627,2.6744487513497006e-08,2.5499999999999998,2.5500000000193825,-1.9382717653115833e-11
130,0.002,301.15054427928578,301.15054425011772,2.9168063520046417e-08,2.5499999999999998,2.5500000000132861,-1.3286260980294173e-11
130,0.0030000000000000001,301.15074128171341,301.15074124866891,3.3044500469259219e-08,2.5499999999999998,2.5500000000105354,-1.0535572414482886e-11
130,0.0040000000000000001,301.15106470893278,301.15106467066482,3.8267955915216589e-08,2.5499999999999998,2.5500000000088594,-8.8595797365087492e-12
130,0.0050000000000000001,301.15156939695925,301.15156935237769,4.4581554448086536e-08,2.5499999999999998,2.5500000000077172,-7.7173822887743881e-12
130,0.0060000000000000001,301.15233656372294,301.15233651220217,5.1520771648938535e-08,2.5499999999999998,2.5500000000068885,-6.8887118231941713e-12
130,0.0070000000000000001,301.15348252101779,301.15348246269235,5.8325440477347001e-08,2.5499999999999998,2.5500000000062588,-6.2589933236267825e-12
130,0.0080000000000000002,301.15516998224609,301.15516991841008,6.3836012031970313e-08,2.5499999999999998,2.5500000000057499,-5.7500670891386108e-12
130,0.0090000000000000011,301.15762222563393,301.1576221592436,6.6390327901899582e-08,2.5499999999999998,2.550000000005332,-5.3321791426697018e-12
130,0.01,301.16114028368798,301.16114021995526,6.3732727539900225e-08,2.5499999999999998,2.5500000000050003,-5.0004445029117051e-12
130,0.010999999999999999,301.16612316217453,301.16612310923728,5.293725280353101e-08,2.5499999999999998,2.5500000000047329,-4.7331027985819674e-12
130,0.012,301.17309083282214,301.17309080256246,3.0259684535849374e-08,2.5499999999998595,2.5500000000043861,-4.5266013160016882e-12
130,0.013000000000000001,301.18270938489007,301.18270939408347,-9.1933998191962019e-09,2.5499999999418717,2.549999999947933,-6.0613736252435046e-12
130,0.014,301.19581723016466,301.19581730067034,-7.050567774058436e-08,2.5499999884326452,2.5499999886176701,-1.8502488430272024e-10
130,0.014999999999999999,301.21345040426047,301.21345055671475,-1.5245427675836254e-07,2.549998888902226,2.5499988971544711,-8.252245109474643e-09
130,0.016,301.23686286140867,301.23686311009351,-2.4868484160833759e-07,2.5499479210151779,2.5499480734102424,-1.5239506456765639e-07
130,0.017000000000000001,301.26753241510397,301.26753279371957,-3.7861559576413129e-07,2.548787173787832,2.5487881462473405,-9.7245950847479889e-07
130,0.018000000000000002,301.30713489478183,301.30713545826234,-5.6348051202803617e-07,2.5355566918435111,2.535557234706499,-5.4286298789563148e-07
130,0.019,301.35746775799907,301.35746850959805,-7.5159897505727713e-07,2.457929527765522,2.4579208125192711,8.715246250901032e-06
130,0.02,301.42032860297883,301.42032951942872,-9.1644989197448012e-07,2.2127102136370871,2.212696246093524,1.3967543563087048e-05
140,0,301.15067583060403,301.15067579812961,3.2474417821504176e-08,2.5499999999999998,2.5500000002197267,-2.1972690333882383e-10
140,0.001,301.15072450715752,301.1507244711957,3.5961818412033608e-08,2.5499999999999998,2.5500000000193808,-1.9380941296276433e-11
140,0.002,301.15087842477368,301.15087838618973,3.8583948480663821e-08,2.5499999999999998,2.5500000000132861,-1.3286260980294173e-11
140,0.0030000000000000001,301.15116215583566,301.15116211310004,4.2735621264000656e-08,2.5499999999999998,2.5500000000105327,-1.0532907879223785e-11
140,0.0040000000000000001,301.15161972089885,301.15161967267147,4.822737764698104e-08,2.5499999999999998,2.5500000000088585,-8.8586915580890491e-12
140,0.0050000000000000001,301.15231931760621,301.15231926292034,5.4685870054527186e-08,2.5499999999999998,2.5500000000077154,-7.7156059319349879e-12
140,0.0060000000000000001,301.15336018206347,301.15336012056719,6.1496280068240594e-08,2.5499999999999998,2.5500000000068876,-6.8878236447744712e-12
140,0.0070000000000000001,301.15488178244561,301.15488171473629,6.7709322593145771e-08,2.5499999999999998,2.5500000000062601,-6.2603255912563327e-12
140,0.0080000000000000002,301.15707554045969,301.15707546854304,7.1916645083547337e-08,2.5499999999999998,2.5500000000057508,-5.7509552675583109e-12
140,0.0090000000000000011,301.16019922223489,301.16019915011123,7.21236688150384e-08,2.5499999999999998,2.5500000000053333,-5.333511410299252e-12
140,0.01,301.16459401967018,301.16459395386516,6.5805011217889842e-08,2.5499999999999998,2.5500000000049994,-4.9995563244920049e-12
140,0.010999999999999999,301.17070412900802,301.17070407848382,5.0524192829470849e-08,2.549999999999998,2.5500000000047311,-4.7331027985819674e-12
140,0.012,301.1790982666908,301.17909824190627,2.4784526431176346e-08,2.5499999999990854,2.5500000000036454,-4.5599080067404429e-12
140,0.013000000000000001,301.19049192072413,301.19049193408807,-1.3363944617594825e-08,2.5499999997493394,2.5499999997595797,-1.0240253089932594e-11
140,0.014,301.20576803056554,301.20576810151971,-7.0954172315396136e-08,2.5499999652137295,2.5499999656525909,-4.3886139167170768e-10
140,0.014999999999999999,301.22599209942592,301.22599226083724,-1.614113216419355e-07,2.549997541450558,2.5499975560140915,-1.4563533490274949e-08
140,0.016,301.25241582797923,301.25241612247663,-2.9449739713527379e-07,2.5499105394718069,2.5499107469912508,-2.0751944385111187e-07
140,0.017000000000000001,301.28646261493674,301.28646306865426,-4.5371751866696286e-07,2.5482945736715563,2.5482956328752993,-1.0592037429368872e-06
140,0.018000000000000002,301.32969095536862,301.32969155025495,-5.9488633041837602e-07,2.5324962472504557,2.5324964833401147,-2.3608965893373579e-07
140,0.019,301.38373932694793,301.38374003108885,-7.0414091624115827e-07,2.4490755979819605,2.4490668514477547,8.7465342057946316e-06
140,0.02,301.45026643593678,301.45026727990972,-8.439729413112218e-07,2.2011796851712204,2.2011664797848689,1.3205386351522463e-05
150,0,301.15106377660953,301.15106373367053,4.2939007016684627e-08,2.5499999999999998,2.5500000002197325,-2.1973267649855188e-10
150,0.001,301.15113213693911,301.15113209046871,4.6470404413412325e-08,2.5499999999999998,2.5500000000193856,-1.9385826277584783e-11
150,0.002,301.15134701011073,301.15134696090468,4.9206050789507572e-08,2.5499999999999998,2.5500000000132861,-1.3286260980294173e-11
150,0.0030000000000000001,301.15173874701844,301.15173869353305,5.3485393891605781e-08,2.5499999999999998,2.5500000000105318,-1.0532019700804085e-11
150,0.0040000000000000001,301.15236120926198,301.15236115023987,5.9022113418905064e-08,2.5499999999999998,2.5500000000088594,-8.8595797365087492e-12
150,0.0050000000000000001,301.15329678050608,301.15329671520749,6.5298593199258903e-08,2.5499999999999998,2.5500000000077176,-7.7178263779842382e-12
150,0.0060000000000000001,301.15466355567219,301.15466348415703,7.151516001613345e-08,2.5499999999999998,2.5500000000068912,-6.8913763584532717e-12
150,0.0070000000000000001,301.15662483519066,301.15662475863883,7.6551827987714205e-08,2.5499999999999998,2.5500000000062606,-6.2607696804661828e-12
150,0.0080000000000000002,301.15940101732696,301.15940093832171,7.900524678916554e-08,2.5499999999999998,2.5500000000057503,-5.7505111783484608e-12
150,0.0090000000000000011,301.16328388322631,301.16328380594774,7.7278571097849635e-08,2.5499999999999998,2.5500000000053342,-5.3343995887189521e-12
150,0.01,301.16865307450644,301.16865300500092,6.9505517785728443e-08,2.5499999999999998,2.5500000000050003,-5.0004445029117051e-12
150,0.010999999999999999,301.17599422505498,301.175994172034,5.302098315951298e-08,2.5499999999999869,2.5500000000047196,-4.7326587093721173e-12
150,0.012,301.18591767342247,301.18591764996609,2.3456379949493567e-08,2.5499999999953191,2.5499999999999932,-4.674038933671909e-12
150,0.013000000000000001,301.19917592764779,301.19917595311631,-2.5468523290328449e-08,2.5499999991041276,2.5499999991255651,-2.1437518427092073e-11
150,0.014,301.21667717204014,301.2166772715405,-9.9500368833105313e-08,2.5499999090816052,2.5499999100078456,-9.262404176979544e-10
150,0.014999999999999999,301.23949140183413,301.23949160129752,-1.9946338625231874e-07,2.5499950768486115,2.5499951004587849,-2.3610173371935161e-08
150,0.016,301.26884580452543,301.26884612385589,-3.1933046784615726e-07,2.5498562207297604,2.5498564890142985,-2.682845381407617e-07
150,0.017000000000000001,301.30610739773738,301.3061078460189,-4.4828152567788493e-07,2.5476969183095548,2.547698040271746,-1.1219621911529032e-06
150,0.018000000000000002,301.35275389853439,301.352754475724,-5.7718960988495382e-07,2.5292354761891844,2.5292354116367828,6.4552401646267299e-08
150,0.019,301.41033767834517,301.4103383862564,-7.0791122652735794e-07,2.4403582487055644,2.4403495137428926,8.7349626718413731e-06
150,0.02,301.48045083094269,301.48045169361365,-8.6267095866787713e-07,2.1901303125356217,2.1901177883316074,1.2524204014319196e-05
160,0,301.1515983252483,301.15159827058267,5.4665633797412738e-08,2.5499999999999998,2.5500000002197316,-2.1973178832013218e-10
160,0.001,301.15169078286294,301.15169072465824,5.8204705055686645e-08,2.5499999999999998,2.5500000000193848,-1.9384938099165083e-11
160,0.002,301.15197996865123,301.15197990770855,6.0942682011955185e-08,2.5499999999999998,2.550000000013287,-1.3287149158713873e-11
160,0.0030000000000000001,301.15250234283343,301.15250227767382,6.5159611040144227e-08,2.5499999999999998,2.5500000000105292,-1.0529355165544985e-11
160,0.0040000000000000001,301.15332209552406,301.15332202503919,7.0484873049281305e-08,2.5499999999999998,2.5500000000088607,-8.8609120041382994e-12
160,0.0050000000000000001,301.15453633978632,301.15453626346732,7.6318997344060335e-08,2.5499999999999998,2.5500000000077208,-7.7209350024531886e-12
160,0.0060000000000000001,301.15628247563546,301.15628239381516,8.1820303421409335e-08,2.5499999999999998,2.5500000000068903,-6.8904881800335716e-12
160,0.0070000000000000001,301.1587477618429,301.15874767597523,8.5867668531136587e-08,2.5499999999999998,2.5500000000062579,-6.2581051452070824e-12
160,0.0080000000000000002,301.16218105425645,301.16218096727647,8.6979980551404878e-08,2.5499999999999998,2.5500000000057494,-5.7496229999287607e-12
160,0.0090000000000000011,301.1669065127831,301.16690642962516,8.3157942754041869e-08,2.5499999999999998,2.5500000000053338,-5.3339554995091021e-12
160,0.01,301.17333881905489,301.17333874737375,7.1681142799207009e-08,2.5499999999999998,2.5500000000050038,-5.0039972165905056e-12
160,0.010999999999999999,301.18199906797582,301.18199901893013,4.9045695504901232e-08,2.5499999999999226,2.5500000000046583,-4.7357673338410677e-12
160,0.012,301.19353001617168,301.19353000485239,1.1319286841171561e-08,2.5499999999803395,2.5499999999853937,-5.0541792973035626e-12
160,0.013000000000000001,301.20870886974006,301.20870891460817,-4.4868102122563869e-08,2.5499999972530354,2.5499999973003944,-4.7359005606040228e-11
160,0.014,301.22845544006151,301.22845556102118,-1.2095966894776211e-07,2.5499997880845107,2.5499997898549891,-1.7704784305294652e-09
160,0.014999999999999999,301.25383353030043,301.2538337461533,-2.1585287868219893e-07,2.5499909139474779,2.5499909496887989,-3.5741321013915694e-08
160,0.016,301.28604407237054,301.28604439875761,-3.2638706670695683e-07,2.5497811767422514,2.5497815093956055,-3.326533541958554e-07
160,0.017000000000000001,301.32640989770283,301.32641034602756,-4.4832472667621914e-07,2.546991472770304,2.5469926342943903,-1.1615240862461462e-06
160,0.018000000000000002,301.37635388226283,301.37635446060079,-5.7833796063277987e-07,2.5257988972354068,2.5257985436594446,3.5357596228635657e-07
160,0.019,301.43737401477841,301.43737473016859,-7.1539017199029331e-07,2.4317822721075868,2.4317735809423522,8.6911652346088886e-06
160,0.02,301.51101996040205,301.51102083256364,-8.721615927242965e-07,2.1795141111308856,2.1795021999144026,1.1911216482918263e-05
170,0,301.15231003080203,301.15230996333008,6.7471944475983037e-08,2.5499999999999998,2.5500000002197338,-2.1973400876618143e-10
170,0.001,301.15243122101748,301.15243115003074,7.0986743594403379e-08,2.5499999999999998,2.550000000019387,-1.9387158545214334e-11
170,0.002,301.15280870108478,301.15280862744498,7.3639796482893871e-08,2.5499999999999998,2.5500000000132865,-1.3286705069504023e-11
170,0.0030000000000000001,301.15348524550257,301.15348516782723,7.7675338161498075e-08,2.5499999999999998,2.5500000000105305,-1.0530687433174535e-11
170,0.0040000000000000001,301.15453563817289,301.15453555550653,8.2666360867733601e-08,2.5499999999999998,2.5500000000088603,-8.8604679149284493e-12
170,0.0050000000000000001,301.15607192417485,301.15607183624564,8.7929208802961512e-08,2.5499999999999998,2.5500000000077194,-7.7196027348236385e-12
170,0.0060000000000000001,301.1582507589934,301.15825066650899,9.2484413016791223e-08,2.5499999999999998,2.5500000000068894,-6.8896000016138714e-12
170,0.0070000000000000001,301.16128278618595,301.1612826912006,9.4985352916410193e-08,2.5499999999999998,2.5500000000062566,-6.2567728775775322e-12
170,0.0080000000000000002,301.16544385891638,301.16544376527855,9.3637822828895878e-08,2.5499999999999998,2.5500000000057503,-5.7505111783484608e-12
170,0.0090000000000000011,301.17108773504623,301.17108764888889,8.6157342593651265e-08,2.5499999999999998,2.5500000000053342,-5.3343995887189521e-12
170,0.01,301.17865961632248,301.1786595464859,6.9836573857173789e-08,2.549999999999998,2.5500000000050029,-5.0048853950102057e-12
170,0.010999999999999999,301.18870958796555,301.1887095461866,4.1778946524573257e-08,2.5499999999996219,2.5500000000043692,-4.7473136532971694e-12
170,0.012,301.20190469749321,301.20190469818203,-6.8882854975527152e-10,2.5499999999298515,2.5499999999359479,-6.0964566728216596e-12
170,0.013000000000000001,301.21903818193147,301.21903824139963,-5.9468163726705825e-08,2.5499999925789694,2.5499999926798087,-1.0083933688065372e-10
170,0.014,301.24103433023339,301.24103446549429,-1.352609046989528e-07,2.5499995506945967,2.5499995538125639,-3.1179672177472639e-09
170,0.014999999999999999,301.26894776735554,301.26894799488952,-2.2753397388441954e-07,2.5499843264866437,2.5499843776427094,-5.115606560579522e-08
170,0.016,301.30395662179097,301.30395695644887,-3.3465789783804212e-07,2.5496816893660954,2.5496820879801905,-3.9861409506514178e-07
170,0.017000000000000001,301.34735002355126,301.34735047774319,-4.5419193384077516e-07,2.5461772246686154,2.5461784042798881,-1.1796112726614183e-06
170,0.018000000000000002,301.40051146585557,301.40051204943205,-5.8357647958473535e-07,2.5222086426284327,2.5222080149989163,6.2762951635875197e-07
170,0.019,301.46490043383312,301.46490115435677,-7.2052364430419402e-07,2.4233496412885911,2.4233410179691934,8.6233193976603673e-06
170,0.02,301.54203503047222,301.54203590650599,-8.7603376641709474e-07,2.1692905113472842,2.1692791553435735,1.1356003710716323e-05
180,0,301.15323064339327,301.15323056223781,8.1155462794413324e-08,2.5499999999999998,2.5500000002197352,-2.1973534103381098e-10
180,0.001,301.15338532334738,301.1533852387272,8.4620182860817295e-08,2.5499999999999998,2.5500000000193901,-1.9390267169683284e-11
180,0.002,301.15386539565509,301.1538653085488,8.7106286628113594e-08,2.5499999999999998,2.5500000000132843,-1.3284484623454773e-11
180,0.0030000000000000001,301.1547200021526,301.15471991134268,9.080991958398954e-08,2.5499999999999998,2.5500000000105287,-1.0528911076335135e-11
180,0.0040000000000000001,301.15603451862563,301.15603442340819,9.5217444595618872e-08,2.5499999999999998,2.5500000000088594,-8.8595797365087492e-12
180,0.0050000000000000001,301.15793572494522,301.1579356254278,9.9517421858763555e-08,2.5499999999999998,2.5500000000077194,-7.7196027348236385e-12
180,0.0060000000000000001,301.16059893785695,301.16059883528743,1.0256951554765692e-07,2.5499999999999998,2.5500000000068916,-6.8918204476631217e-12
180,0.0070000000000000001,301.16425693865716,301.16425683579081,1.0286635188094806e-07,2.5499999999999998,2.5500000000062584,-6.2585492344169324e-12
180,0.0080000000000000002,301.16921039715714,301.1692102986338,9.8523344149725745e-08,2.5499999999999998,2.5500000000057494,-5.7496229999287607e-12
180,0.0090000000000000011,301.17583931512104,301.17583922779005,8.7330988662870368e-08,2.5499999999999998,2.5500000000053347,-5.3348436779288022e-12
180,0.01,301.18461479900657,301.18461473211141,6.6895154304802418e-08,2.5499999999999932,2.5500000000049976,-5.0044413058003556e-12
180,0.010999999999999999,301.1961102543832,301.19611021952136,3.4861841413658112e-08,2.5499999999984428,2.5500000000032248,-4.7819526116654743e-12
180,0.012,301.21101092435799,301.21101093514892,-1.079092726286035e-08,2.5499999997816172,2.5499999997902489,-8.6317619718556671e-12
180,0.013000000000000001,301.23012063784381,301.23012070929582,-7.1452006977779092e-08,2.5499999819661645,2.5499999821675132,-2.0134871547838884e-10
180,0.014,301.25436475571297,301.25436490337199,-1.4765902278668364e-07,2.5499991199649963,2.5499991250940073,-5.1290109936985573e-09
180,0.014999999999999999,301.28478864319305,301.28478888223049,-2.3903743340270012e-07,2.5499744509735924,2.5499745208666833,-6.9893090870465358e-08
180,0.016,301.32255154203625,301.32255188639971,-3.443634568611742e-07,2.5495542202088886,2.5495546845439221,-4.6433503353426886e-07
180,0.017000000000000001,301.36891638288955,301.36891684464553,-4.6175597390174516e-07,2.5452545630923709,2.5452557415437811,-1.1784514102330945e-06
180,0.018000000000000002,301.42523672014556,301.4252373091328,-5.8898723409583909e-07,2.5184845359834598,2.5184836510703263,8.8491313343652678e-07
180,0.019,301.49294241132031,301.49294313579765,-7.2447733145963866e-07,2.4150603848790824,2.4150518472484475,8.5376306349083109e-06
180,0.02,301.57352494628941,301.57352663558265,-1.6892932421797013e-06,2.1594248516655918,2.1594140014245156,1.0850241076276745e-05
190,0,301.15439237379968,301.15439227754729,9.6252392722817603e-08,2.5499999999999998,2.5500000002384384,-2.3843860219585622e-10
190,0.001,301.15458530382773,301.15458520495145,9.8876284937432501e-08,2.5499999999999998,2.5500000000210399,-2.1040058584276267e-11
190,0.002,301.15518222017408,301.15518211914684,1.0102723990712548e-07,2.5499999999999998,2.5500000000144167,-1.4416912108572433e-11
190,0.0030000000000000001,301.15623851666311,301.15623841252273,1.0414038342787535e-07,2.5499999999999998,2.5500000000114227,-1.1422862655763311e-11
190,0.0040000000000000001,301.157849877226,301.15784976961453,1.0761146995719173e-07,2.5499999999999998,2.5500000000096148,-9.6149754824637057e-12
190,0.0050000000000000001,301.16015723184898,301.16015712131878,1.1053020898543764e-07,2.5499999999999998,2.5500000000083771,-8.3772988546115812e-12
190,0.0060000000000000001,301.16335350185068,301.16335339018201,1.116686689783819e-07,2.5499999999999998,2.5500000000074774,-7.4775741154553543e-12
190,0.0070000000000000001,301.16769189337288,301.16769178389404,1.0947883311018813e-07,2.5499999999999998,2.5500000000067859,-6.7861272157188068e-12
190,0.0080000000000000002,301.17349537106179,301.17349526893872,1.0212306733592413e-07,2.5499999999999998,2.5500000000062388,-6.2390093091835297e-12
190,0.0090000000000000011,301.18116679334901,301.18116670579457,8.7554440142412204e-08,2.5499999999999998,2.5500000000057925,-5.7926996532842168e-12
190,0.01,301.1911990341676,301.19119897051331,6.365428362187231e-08,2.5499999999999692,2.5500000000053986,-5.4294346796268655e-12
190,0.010999999999999999,301.20418428310757,301.20418425470945,2.8398119411576772e-08,2.5499999999944531,2.5499999999997334,-5.2802207051172445e-12
190,0.012,301.22082164540069,301.22082166547074,-2.0070046957698651e-08,2.5499999993941453,2.5499999994087261,-1.4580781027007106e-11
190,0.013000000000000001,301.24192219023729,301.24192227388079,-8.3643499237950891e-08,2.5499999599270455,2.5499999603034209,-3.7637537531054477e-10
190,0.014,301.26841071238158,301.26841087602958,-1.6364799648727058e-07,2.5499983880430603,2.5499983960108077,-7.9677473507899776e-09
190,0.014999999999999999,301.30132346484538,301.30132372027066,-2.5542527737343335e-07,2.5499603017714829,2.5499603936212552,-9.1849772232421856e-08
190,0.016,301.34180014824744,301.34180049600002,-3.477525751804933e-07,2.5493954907337515,2.5493960189761569,-5.2824240537319156e-07
190,0.017000000000000001,301.39106489525005,301.39106534790722,-4.5265716153153335e-07,2.5442249868351952,2.5442261472321315,-1.1603969363171984e-06
190,0.018000000000000002,301.45038493357202,301.45038552611538,-5.9254335837977123e-07,2.5146442448460942,2.5146431202726114,1.1245734827802778e-06
190,0.019,301.52099461939326,301.52099534437917,-7.2498590952818631e-07,2.4069131939455812,2.406904755226726,8.4387188552526027e-06
190,0.02,301.60399161303002,301.60399242444635,-8.114163279060449e-07,2.1498874190194743,2.1498770323622383,1.0386657236072239e-05
200,0,301.15582706120523,301.15582695039774,1.1080749118264066e-07,2.5499999999999998,2.5500000002384402,-2.3844037855269562e-10
200,0.001,301.15606287990528,301.15606276660714,1.1329814242344582e-07,2.5499999999999998,2.5500000000210421,-2.1042279030325517e-11
200,0.002,301.15679047357423,301.15679035854083,1.1503340147100971e-07,2.5499999999999998,2.5500000000144163,-1.4416468019362583e-11
200,0.0030000000000000001,301.15807121673021,301.15807109932314,1.1740706895579933e-07,2.5499999999999998,2.5500000000114258,-1.1425971280232261e-11
200,0.0040000000000000001,301.16001057325877,301.16001045350396,1.1975481584158842e-07,2.5499999999999998,2.5500000000096157,-9.6158636608834058e-12
200,0.0050000000000000001,301.16276273609628,301.16276261499365,1.2110263014619704e-07,2.5499999999999998,2.550000000008382,-8.3821838359199319e-12
200,0.0060000000000000001,301.16653686842392,301.16653674824647,1.2017744666081853e-07,2.5499999999999998,2.5500000000074752,-7.475353669406104e-12
200,0.0070000000000000001,301.17160466209322,301.17160454667584,1.1541737876541447e-07,2.5499999999999998,2.5500000000067868,-6.787015394138507e-12
200,0.0080000000000000002,301.17830881584399,301.17830871084396,1.0500002645130735e-07,2.5499999999999998,2.5500000000062397,-6.2398974876032298e-12
200,0.0090000000000000011,301.18707191624515,301.18707182934406,8.6901081886026077e-08,2.5499999999999994,2.5500000000057934,-5.794031920913767e-12
200,0.01,301.19840509129602,301.19840503217864,5.9117382988915779e-08,2.549999999999875,2.5500000000053098,-5.4347637501450663e-12
200,0.010999999999999999,301.21291570877617,301.21291568846141,2.0314757875894429e-08,2.5499999999825183,2.5499999999880401,-5.5218052352756786e-12
200,0.012,301.23131328899314,301.23131331841932,-2.9426189485093346e-08,2.5499999984765402,2.549999998502265,-2.5724755658984577e-11
200,0.013000000000000001,301.25441261022058,301.25441269998635,-8.9765762822935358e-08,2.5499999174972765,2.5499999181569919,-6.5971539342513097e-10
200,0.014,301.28313254349433,301.28313270715108,-1.6365675037377514e-07,2.5499972115202438,2.5499972233039965,-1.1783752640326384e-08
200,0.014999999999999999,301.31848832139997,301.31848857894857,-2.5754860644155997e-07,2.54994079119892,2.5499409079850226,-1.1678610256637967e-07
200,0.016,301.36157393218235,301.36157430663519,-3.7445283851411659e-07,2.5492025352889489,2.5492031243839128,-5.8909496392089977e-07
200,0.017000000000000001,301.4135311688774,301.41353166940888,-5.0053148470396991e-07,2.5430908502221512,2.5430919781294699,-1.1279073186543087e-06
200,0.018000000000000002,301.4755042737321,301.47550487589797,-6.0216586916794768e-07,2.510703466554602,2.5107021198440789,1.3467105230979826e-06
200,0.019,301.54858514659099,301.54858581054293,-6.6395193698554067e-07,2.3989058495291702,2.398897519299986,8.3302291842279885e-06
200,0.02,301.63376196448661,301.63376269296288,-7.2847626597649651e-07,2.1406521916651995,2.1406422311842825,9.9604809169484554e-06
210,0,301.15756536578346,301.15756524040972,1.2537373095256044e-07,2.5499999999999998,2.5500000002384438,-2.3844393126637442e-10
210,0.001,301.15784848040425,301.15784835270881,1.2769544355251128e-07,2.5499999999999998,2.5500000000210408,-2.1040946762695967e-11
210,0.002,301.15871984870114,301.15871971978805,1.2891308642792865e-07,2.5499999999999998,2.550000000014415,-1.4415135751733033e-11
210,0.0030000000000000001,301.16024643587463,301.16024630548606,1.3038857105129864e-07,2.5499999999999998,2.550000000011424,-1.1424194923392861e-11
210,0.0040000000000000001,301.16254278408809,301.16254265267662,1.3141146837369888e-07,2.5499999999999998,2.5500000000096152,-9.6154195716735558e-12
210,0.0050000000000000001,301.16577527218107,301.16577514122491,1.3095615258862381e-07,2.5499999999999998,2.5500000000083789,-8.3790752114509814e-12
210,0.0060000000000000001,301.17016779040404,301.17016766269506,1.2770897228620015e-07,2.5499999999999998,2.5500000000074778,-7.4780182046652044e-12
210,0.0070000000000000001,301.17600852582382,301.17600840568872,1.2013509831376723e-07,2.5499999999999998,2.5500000000067868,-6.787015394138507e-12
210,0.0080000000000000002,301.18365745030837,301.183657343677,1.0663137572919368e-07,2.5499999999999998,2.5500000000062375,-6.2376770415539795e-12
210,0.0090000000000000011,301.19355399121878,301.19355390547912,8.5739657151862048e-08,2.5499999999999976,2.5500000000057899,-5.7922555640743667e-12
210,0.01,301.20622423880997,301.20622418257722,5.6232750011986354e-08,2.5499999999995575,2.5500000000049963,-5.4387605530337169e-12
210,0.010999999999999999,301.222286884808,301.2222868679828,1.6825197235448286e-08,2.5499999999504341,2.5499999999565177,-6.0835780857360078e-12
210,0.012,301.24245686244535,301.24245689691691,-3.4471554499759804e-08,2.5499999964795261,2.5499999965259397,-4.6413539678269444e-11
210,0.013000000000000001,301.2675453503528,301.26754545095042,-1.0059761734737549e-07,2.5499998409314997,2.5499998420254926,-1.0939928962727663e-09
210,0.014,301.29845446510819,301.29845464874143,-1.836332330640289e-07,2.549995407939301,2.5499954246536136,-1.6714312600640824e-08
210,0.014999999999999999,301.33616480492384,301.33616508619087,-2.8126703455200186e-07,2.5499147523961128,2.5499148967817606,-1.4438564788221697e-07
210,0.016,301.38171440766479,301.38171479336,-3.8569521620956948e-07,2.5489727314907324,2.5489733773860741,-6.4589534165548912e-07
210,0.017000000000000001,301.43616908193184,301.43616956790737,-4.8597553359286394e-07,2.5418551487234406,2.5418562319259501,-1.0832025094664743e-06
210,0.018000000000000002,301.5005865634235,301.50058713642898,-5.7300547950944747e-07,2.5066761216928017,2.5066745701003619,1.5515924398634695e-06
210,0.019,301.57597995457064,301.57598060107296,-6.4650231479390641e-07,2.3910355267642629,2.3910273119149266,8.2148493363298769e-06
210,0.02,301.66328810410334,301.66328882707626,-7.2297291353606852e-07,2.1316963548785051,2.1316867878717445,9.5670067605801989e-06
220,0,301.15963611860525,301.15963597892056,1.3968468692837632e-07,2.5499999999999998,2.5500000002384446,-2.3844481944479412e-10
220,0.001,301.15997062584205,301.15997048404046,1.4180159269017167e-07,2.5499999999999998,2.5500000000210448,-2.1044943565584617e-11
220,0.002,301.16099790738696,301.16099776499146,1.423954927304294e-07,2.5499999999999998,2.5500000000144172,-1.4417356197782283e-11
220,0.0030000000000000001,301.16279005513121,301.16278991232161,1.4280959703683038e-07,2.5499999999999998,2.5500000000114231,-1.1423306744973161e-11
220,0.0040000000000000001,301.16546988716988,301.16546974485016,1.4231972045308794e-07,2.5499999999999998,2.5500000000096152,-9.6154195716735558e-12
220,0.0050000000000000001,301.16921479330932,301.16921465338424,1.3992507774673868e-07,2.5499999999999998,2.5500000000083789,-8.3790752114509814e-12
220,0.0060000000000000001,301.17426180966174,301.17426167524445,1.3441729151963955e-07,2.5499999999999998,2.5500000000074787,-7.4789063830849045e-12
220,0.0070000000000000001,301.18091360084213,301.18091347638665,1.2445548236428294e-07,2.5499999999999998,2.5500000000067882,-6.7883476617680572e-12
220,0.0080000000000000002,301.18954491784848,301.18954480922446,1.086240217773593e-07,2.5499999999999998,2.5500000000062388,-6.2390093091835297e-12
220,0.0090000000000000011,301.2006089722704,301.20060888685191,8.5418491835298482e-08,2.5499999999999892,2.5500000000057841,-5.7949200993334671e-12
220,0.01,301.21464301608341,301.21464296293112,5.3152291457081446e-08,2.5499999999985907,2.5500000000040557,-5.4649618164148706e-12
220,0.010999999999999999,301.23227223859203,301.23227222866365,9.9283852250664495e-09,2.5499999998717655,2.5499999998790241,-7.2586381349992735e-12
220,0.012,301.25421090442165,301.25421095050416,-4.6082504923106171e-08,2.5499999924387429,2.5499999925210934,-8.2350570806966061e-11
220,0.013000000000000001,301.2812595151276,301.28125963097062,-1.158430222858442e-07,2.5499997102600132,2.5499997119876272,-1.7276140518163174e-09
220,0.014,301.3142967941958,301.31429699241613,-1.9822033436867059e-07,2.5499927536820737,2.5499927765525823,-2.2870508598060724e-08
220,0.014999999999999999,301.3542656276706,301.35426591700076,-2.8933015983056976e-07,2.5498809631879258,2.5498811374509338,-1.7426300802370065e-07
220,0.016,301.4021528829818,301.40215326639037,-3.8340857599905576e-07,2.5487038123180228,2.5487045102350647,-6.9791704193633564e-07
220,0.017000000000000001,301.45896429449817,301.45896476907382,-4.7457564278374775e-07,2.5405213412995766,2.5405223696683286,-1.0283687519319074e-06
220,0.018000000000000002,301.5256971282451,301.52569768703694,-5.5879183946672129e-07,2.5025745434650966,2.5025728036117103,1.7398533862511556e-06
220,0.019,301.60331465228376,301.60331528749748,-6.3521372339891968e-07,2.3832990055015491,2.3832909108092335,8.0946923155522654e-06
220,0.02,301.69272695216995,301.69272766655956,-7.1438961413150537e-07,2.1229998199549143,2.1229906175319484,9.2024229658704826e-06
230,0,301.16206588910279,301.16206573567536,1.5342743608925957e-07,2.5499999999999998,2.550000000238446,-2.3844615171242367e-10
230,0.001,301.16245552752741,301.16245537221039,1.5531702501903055e-07,2.5499999999999998,2.5500000000210434,-2.1043611297955067e-11
230,0.002,301.16364977130854,301.16364961607525,1.5523329466304858e-07,2.5499999999999998,2.5500000000144181,-1.4418244376201983e-11
230,0.0030000000000000001,301.16572533297943,301.16572517844179,1.5453764490303001e-07,2.5499999999999998,2.550000000011424,-1.1424194923392861e-11
230,0.0040000000000000001,301.16881244426492,301.1688122917206,1.5254431673383806e-07,2.5499999999999998,2.5500000000096152,-9.6154195716735558e-12
230,0.0050000000000000001,301.17309826034489,301.17309811203182,1.4831306316409609e-07,2.5499999999999998,2.5500000000083825,-8.3826279251297819e-12
230,0.0060000000000000001,301.17883129591002,301.17883115521613,1.4069388498683111e-07,2.5499999999999998,2.5500000000074796,-7.4797945615046046e-12
230,0.0070000000000000001,301.18632654909811,301.18632642074175,1.2835636198360589e-07,2.5499999999999998,2.5500000000067855,-6.7856831265089568e-12
230,0.0080000000000000002,301.1959708512623,301.19597074145344,1.0980886600009399e-07,2.5499999999999994,2.5500000000062384,-6.2390093091835297e-12
230,0.0090000000000000011,301.20822785005168,301.20822776662033,8.3431359598762356e-08,2.5499999999999634,2.5500000000057579,-5.794476010123617e-12
230,0.01,301.22364189604457,301.22364184846145,4.7583114337612642e-08,2.5499999999959306,2.5500000000014489,-5.5182525215968781e-12
230,0.010999999999999999,301.24283997769754,301.24283997684529,8.5225337898009457e-10,2.5499999996936946,2.5499999997032585,-9.5639052233309485e-12
230,0.012,301.26653077424055,301.26653083177894,-5.7538386499800254e-08,2.5499999847635797,2.5499999849048622,-1.4128254122169892e-10
230,0.013000000000000001,301.2954999325467,301.29550005979178,-1.272450731448771e-07,2.5499994977772151,2.5499995003910363,-2.6138211595139182e-09
230,0.014,301.3306008963558,301.33060110281781,-2.0646200482588029e-07,2.5499889832673981,2.5499890136018775,-3.0334479372839951e-08
230,0.014999999999999999,301.37274108595886,301.37274137800767,-2.9204881002442562e-07,2.5498381694106751,2.5498383754034672,-2.0599279215716138e-07
230,0.016,301.42286395088507,301.42286433100691,-3.8012183267710498e-07,2.5483938644940083,2.5483946091575271,-7.4466351884794335e-07
230,0.017000000000000001,301.48192830874154,301.48192877560035,-4.668588076128799e-07,2.5390932060975904,2.5390941713967492,-9.652991588282589e-07
230,0.018000000000000002,301.55088724228938,301.55088779165857,-5.4936919013925944e-07,2.498409654623023,2.4984077423142117,1.9123088113026654e-06
230,0.019,301.63066938318917,301.63067000932921,-6.2614003581984434e-07,2.3756928210693316,2.3756848496533638,7.9714159677557461e-06
230,0.02,301.7221654065699,301.72216611271386,-7.0614396463497542e-07,2.1145447735968292,2.1145359100929735,8.8635038557605128e-06
240,0,301.16487873198838,301.16487856554602,1.6644236211504904e-07,2.5499999999999998,2.5500000002384464,-2.3844659580163352e-10
240,0.001,301.16532685303224,301.16532668492505,1.6810719216664438e-07,2.5499999999999998,2.5500000000210452,-2.1045387654794467e-11
240,0.002,301.16669793517315,301.16669776781748,1.6735566532588564e-07,2.5499999999999998,2.5500000000144141,-1.4414247573313332e-11
240,0.0030000000000000001,301.16907277134442,301.16907260577898,1.6556543869228335e-07,2.5499999999999998,2.5500000000114227,-1.1422862655763311e-11
240,0.0040000000000000001,301.17258808721283,301.17258792514133,1.6207150110858493e-07,2.5499999999999998,2.550000000009617,-9.617195928512956e-12
240,0.0050000000000000001,301.17743947482523,301.1774393188781,1.5594713431710261e-07,2.5499999999999998,2.550000000008382,-8.3821838359199319e-12
240,0.0060000000000000001,301.18388514958161,301.18388500353808,1.4604353282265947e-07,2.5499999999999998,2.5500000000074774,-7.4775741154553543e-12
240,0.0070000000000000001,301.19225016988651,301.19225003885344,1.3103306173434248e-07,2.5499999999999998,2.5500000000067859,-6.7861272157188068e-12
240,0.0080000000000000002,301.20293064505387,301.20293053557668,1.0947718465104117e-07,2.5499999999999989,2.5500000000062379,-6.2390093091835297e-12
240,0.0090000000000000011,301.21639734484882,301.21639726490776,7.9941059993871022e-08,2.5499999999998848,2.5500000000056811,-5.7962523669630173e-12
240,0.01,301.23319802777303,301.23319798660037,4.1172654619003879e-08,2.549999999989216,2.5499999999948559,-5.6399329650957952e-12
240,0.010999999999999999,301.25395774984787,301.25395775750724,-7.659366474399576e-09,2.5499999993178135,2.5499999993316074,-1.3793854947152795e-11
240,0.012,301.2793764367014,301.27937650341255,-6.6711152157949982e-08,2.5499999709684218,2.5499999712016916,-2.3326984788241134e-10
240,0.013000000000000001,301.3102231396449,301.31022327490064,-1.3525573194783647e-07,2.5499991665413977,2.5499991703502563,-3.808858561882289e-09
240,0.014,301.34732668385465,301.3473268954757,-2.1162105667826836e-07,2.5499837900037505,2.5499838291608996,-3.9157149078761222e-08
240,0.014999999999999999,301.39156286051644,301.39156315386623,-2.9334978535189293e-07,2.5497851066836645,2.5497853458159314,-2.3913226687710676e-07
240,0.016,301.44383887693311,301.44383925446982,-3.7753670767415315e-07,2.5480413168982041,2.5480421027335702,-7.8583536611276372e-07
240,0.017000000000000001,301.50507636685512,301.50507682811843,-4.6126331199047854e-07,2.5375747247152245,2.5375756203954785,-8.9568025396502549e-07
240,0.018000000000000002,301.57619474079053,301.57619528284761,-5.4205708011068054e-07,2.4941911291018708,2.4941890592298037,2.0698720670786486e-06
240,0.019,301.65809687339629,301.65809749162491,-6.1822862562621594e-07,2.368213374469001,2.3682055281517087,7.8463172923370905e-06
240,0.02,301.7516597522029,301.75165966716014,8.5042756836628541e-08,2.1063153310716376,2.1063067836388978,8.5474327398138428e-06
250,0,301.16809600630432,301.16809583029385,1.7601047375137568e-07,2.5499999999999998,2.5500000001870147,-1.8701484805205837e-10
250,0.001,301.16860554830066,301.16860536848242,1.7981824385060463e-07,2.5499999999999998,2.5500000000165053,-1.6505463662497277e-11
250,0.002,301.17016209404358,301.17016191559003,1.7845354705059435e-07,2.5499999999999998,2.5500000000113081,-1.1308287639621994e-11
250,0.0030000000000000001,301.17284994225952,301.17284976669856,1.7556095599502441e-07,2.5499999999999998,2.5500000000089598,-8.9599438979348633e-12
250,0.0040000000000000001,301.17681133796748,301.17681116745348,1.7051399936462985e-07,2.5499999999999998,2.5500000000075413,-7.5415229616737633e-12
250,0.0050000000000000001,301.18224891395624,301.18224875154118,1.6241506273217965e-07,2.5499999999999998,2.5500000000065746,-6.574740751830177e-12
250,0.0060000000000000001,301.18942874875654,301.18942859859379,1.5016274801382679e-07,2.5499999999999998,2.5500000000058658,-5.8659743729094771e-12
250,0.0070000000000000001,301.19868367967808,301.19868354715612,1.3252196140456363e-07,2.5499999999999998,2.5500000000053236,-5.3237414476825506e-12
250,0.0080000000000000002,301.21041641078676,301.21041630256707,1.0821969453900238e-07,2.5499999999999976,2.5500000000048888,-4.8911985572885897e-12
250,0.0090000000000000011,301.22510187220098,301.22510179612192,7.6079061273048865e-08,2.5499999999996641,2.5500000000042142,-4.5501380441237416e-12
250,0.01,301.24328823499815,301.24328819980872,3.5189430036552949e-08,2.5499999999735006,2.5499999999782159,-4.7153392301879649e-12
250,0.010999999999999999,301.26559598731291,301.26559600218894,-1.4876036402711179e-08,2.5499999985716255,2.5499999985916655,-2.0039969683693926e-11
250,0.012,301.29271455756486,301.29271463129885,-7.373398602794623e-08,2.5499999473471622,2.5499999477169704,-3.6980818407528204e-10
250,0.013000000000000001,301.32539616580283,301.32539630579021,-1.3998737813381013e-07,2.5499986689612792,2.5499986743303769,-5.3690976109521671e-09
250,0.014,301.36444702507396,301.3644472384301,-2.1335614519557566e-07,2.5499768278489889,2.5499768772053222,-4.9356333242656092e-08
250,0.014999999999999999,301.41071738961409,301.41071768742358,-2.9780949262203649e-07,2.5497205199556445,2.5497207931921517,-2.732365071977938e-07
250,0.016,301.46509675103323,301.46509713626563,-3.8523239709320478e-07,2.547644922170532,2.547645743470444,-8.2129991207935404e-07
250,0.017000000000000001,301.52853353441066,301.5285339790459,-4.4463524773163954e-07,2.5359699905511079,2.5359708115521897,-8.2100108178551068e-07
250,0.018000000000000002,301.60211975887938,301.6021202599515,-5.0107212246075505e-07,2.4899275373794136,2.4899253238624559,2.2135169577275349e-06
250,0.019,301.68728512815852,301.68728583177426,-7.0361573989430326e-07,2.3608570115991943,2.3608492911827654,7.7204164288247057e-06
250,0.02,301.78608347140789,301.78608452663639,-1.0552284948062152e-06,2.0982967706538402,2.0982885173048897,8.2533489504932334e-06
260,0,301.17173620258978,301.17173601539037,1.8719941863309941e-07,2.5499999999999998,2.5500000001870164,-1.8701662440889777e-10
260,0.001,301.17230966680455,301.172309476034,1.9077054957961082e-07,2.5499999999999998,2.5500000000165066,-1.6506795930126827e-11
260,0.002,301.17405898156761,301.17405879286844,1.8869917539632297e-07,2.5499999999999998,2.550000000011305,-1.1305179015153044e-11
260,0.0030000000000000001,301.1770713537345,301.17707116909162,1.8464288586983457e-07,2.5499999999999998,2.5500000000089602,-8.9603879871447134e-12
260,0.0040000000000000001,301.18149354518414,301.18149336718267,1.7800147134039435e-07,2.5499999999999998,2.5500000000075413,-7.5415229616737633e-12
260,0.0050000000000000001,301.18753382005957,301.1875336521328,1.6792677115518018e-07,2.5499999999999998,2.5500000000065728,-6.5729643949907768e-12
260,0.0060000000000000001,301.19546431695579,301.19546416354711,1.5340867776103551e-07,2.5499999999999998,2.5500000000058631,-5.8633098376503767e-12
260,0.0070000000000000001,301.20562350149714,301.20562336812429,1.3337285054149106e-07,2.5499999999999998,2.5500000000053236,-5.3237414476825506e-12
260,0.0080000000000000002,301.21841827628623,301.21841816946124,1.0682498441383359e-07,2.5499999999999905,2.5500000000048813,-4.8907544680787396e-12
260,0.0090000000000000011,301.23432527429941,301.23432520129978,7.2999625899683451e-08,2.5499999999990917,2.5500000000036542,-4.5625725419995433e-12
260,0.01,301.25389086506402,301.25389083376695,3.129707693005912e-08,2.5499999999390957,2.5499999999442822,-5.1865178818388813e-12
260,0.010999999999999999,301.27772952347038,301.27772954272507,-1.925468495755922e-08,2.549999997168511,2.549999997200723,-3.2212010836474292e-11
260,0.012,301.30652060687271,301.30652068712044,-8.0247730238625081e-08,2.5499999085962632,2.5499999091642271,-5.6796389813484893e-10
260,0.013000000000000001,301.34100460184021,301.341004753243,-1.5140278719627531e-07,2.5499979455366248,2.5499979528890844,-7.3524595300966666e-09
260,0.014,301.38198208871006,301.38198231399292,-2.2528286081069382e-07,2.5499677142786661,2.5499677752009027,-6.0922236588822898e-08
260,0.014999999999999999,301.43032242929468,301.43032271844169,-2.8914701033500023e-07,2.5496431804521924,2.5496434883351009,-3.0788290850125577e-07
260,0.016,301.48699368034272,301.4869940243824,-3.4403967674734304e-07,2.547203734020751,2.5472045850813942,-8.5106064329210085e-07
260,0.017000000000000001,301.55312699364413,301.55312741814021,-4.2449607917660614e-07,2.5342831371576442,2.534283879701352,-7.4254370785453716e-07
260,0.018000000000000002,301.63012197529497,301.6301225552449,-5.7994992630483466e-07,2.4856264758959932,2.4856241316920258,2.3442039673859938e-06
260,0.019,301.71978056763726,301.71978138454091,-8.1690365050235414e-07,2.3536200757167625,2.3536124812403405,7.594476421957097e-06
260,0.02,301.82443177966815,301.82443290767498,-1.1280068292762735e-06,2.0904763674381415,2.0904683906945305,7.9767436109712264e-06
270,0,301.17581481120118,301.17581461391643,1.9728474853764055e-07,2.5499999999999998,2.5500000001870156,-1.8701573623047807e-10
270,0.001,301.17645424936364,301.17645404874378,2.0061986560904188e-07,2.5499999999999998,2.5500000000165066,-1.6506795930126827e-11
270,0.002,301.17840228870841,301.1784020908587,1.9784971527769812e-07,2.5499999999999998,2.5500000000113032,-1.1303402658313644e-11
270,0.0030000000000000001,301.18174844716896,301.18174825450632,1.9266263961981167e-07,2.5499999999999998,2.5500000000089584,-8.9586116303053132e-12
270,0.0040000000000000001,301.18664301693235,301.18664283240577,1.8452658423484536e-07,2.5499999999999998,2.5500000000075427,-7.5428552293033135e-12
270,0.0050000000000000001,301.19329853893299,301.1932983662125,1.7272049035454984e-07,2.5499999999999998,2.5500000000065728,-6.5729643949907768e-12
270,0.0060000000000000001,301.20199153780715,301.20199138138003,1.5642712014596327e-07,2.5499999999999998,2.5500000000058636,-5.8637539268602268e-12
270,0.0070000000000000001,301.21306421287136,301.21306407811505,1.3475630566972541e-07,2.5499999999999998,2.550000000005324,-5.3241855368924007e-12
270,0.0080000000000000002,301.22692574485319,301.22692563820959,1.0664359706424875e-07,2.5499999999999718,2.5500000000048679,-4.8960835385969403e-12
270,0.0090000000000000011,301.24405291706489,301.2440528463722,7.0692692588636419e-08,2.5499999999977132,2.5500000000023006,-4.5874415377511468e-12
270,0.01,301.26498993826613,301.26498991287485,2.5391273084096611e-08,2.5499999998681235,2.5499999998741791,-6.0556004655154538e-12
270,0.010999999999999999,301.29034781635283,301.29034784598639,-2.9633554277097574e-08,2.5499999946541259,2.5499999947056291,-5.1503246112361012e-11
270,0.012,301.32080452329012,301.32080461476198,-9.1471861196623649e-08,2.5499998473948056,2.5499998482387705,-8.43964897967453e-10
270,0.013000000000000001,301.35710860588426,301.35710875919818,-1.5331391978179454e-07,2.5499969238038971,2.5499969336146533,-9.8107562074289945e-09
270,0.014,301.40009065435061,301.40009086348226,-2.0913165599267813e-07,2.5499560339433467,2.5499561077580242,-7.3814677481465196e-08
270,0.014999999999999999,301.45068841923967,301.4506886826789,-2.6343923309468664e-07,2.5495518999141868,2.549552242586544,-3.4267235715645938e-07
270,0.016,301.50999101728223,301.50999135406209,-3.3677986266411608e-07,2.5467170821575489,2.5467179573771097,-8.7521956082525776e-07
270,0.017000000000000001,301.57930406927125,301.57930452748741,-4.5821616367902607e-07,2.5325182829008375,2.5325189443087095,-6.6140787202684237e-07
270,0.018000000000000002,301.66023025414972,301.66023089841354,-6.4426382095916779e-07,2.4812946816170784,2.4812922187461131,2.4628709653917724e-06
270,0.019,301.7547503731796,301.75475126004841,-8.8686880417299108e-07,2.3464989389539621,2.3464914698289179,7.4691250442349144e-06
270,0.02,301.86528282956414,301.8652840172702,-1.1877060615006485e-06,2.0828426763450461,2.0828349596132343,7.7167318117687955e-06
280,0,301.18034429515569,301.18034408892356,2.0623213004000718e-07,2.5499999999999998,2.5500000001870151,-1.8701529214126822e-10
280,0.001,301.1810513161177,301.18105110676487,2.0935283373546554e-07,2.5499999999999998,2.5500000000165062,-1.6506351840916977e-11
280,0.002,301.18320271532735,301.18320250937023,2.0595712157955859e-07,2.5499999999999998,2.5500000000113019,-1.1302070390684094e-11
280,0.0030000000000000001,301.18688975533536,301.18688955554978,1.997855747504218e-07,2.5499999999999998,2.5500000000089593,-8.9594998087250133e-12
280,0.0040000000000000001,301.1922653429952,301.19226515262238,1.9037281617784174e-07,2.5499999999999998,2.5500000000075405,-7.5406347832540632e-12
280,0.0050000000000000001,301.19954508958227,301.19954491255197,1.7703030152915744e-07,2.5499999999999998,2.5500000000065746,-6.574740751830177e-12
280,0.0060000000000000001,301.20900852915736,301.20900837028262,1.588747409186908e-07,2.5499999999999998,2.5500000000058636,-5.8637539268602268e-12
280,0.0070000000000000001,301.22100028968134,301.22100015482175,1.348595901617955e-07,2.5499999999999989,2.5500000000053231,-5.3241855368924007e-12
280,0.0080000000000000002,301.23593106384953,301.23593095991208,1.0393745242254226e-07,2.5499999999999239,2.5500000000048195,-4.8956394493870903e-12
280,0.0090000000000000011,301.25427840470053,301.25427833922464,6.5475887822685763e-08,2.5499999999945975,2.549999999999236,-4.638511796883904e-12
280,0.01,301.27658773737306,301.27658771748099,1.9892070213245461e-08,2.5499999997292733,2.5499999997368366,-7.5632833329564164e-12
280,0.010999999999999999,301.303474580608,301.303474611529,-3.0921000870876014e-08,2.5499999903376622,2.5499999904185673,-8.0905060428904108e-11
280,0.012,301.33562978688605,301.33562987106347,-8.4177429471310461e-08,2.549999753953534,2.54999975517054,-1.2170060514904435e-09
280,0.013000000000000001,301.37383046666258,301.37383060504089,-1.3837831147611723e-07,2.5499955175255766,2.5499955303173913,-1.2791814718582373e-08
280,0.014,301.4189597779752,301.41895997449672,-1.9652151195259648e-07,2.5499413428936197,2.5499414308651684,-8.7971548712317826e-08
280,0.014999999999999999,301.47203837714278,301.47203864515774,-2.6801495778272511e-07,2.5494455421525317,2.549445919395207,-3.77242675320133e-07
280,0.016,301.53426849675066,301.53426886372375,-3.6697309724331717e-07,2.546184546267658,2.5461854402198578,-8.9395219982080221e-07
280,0.017000000000000001,301.60708818105115,301.6070886877834,-5.0673224905040115e-07,2.5306794888982274,2.5306800674233347,-5.7852510737532725e-07
280,0.018000000000000002,301.69222874868296,301.69222944204495,-6.9336198293967755e-07,2.4769381327888533,2.4769355623908496,2.5703980037761198e-06
280,0.019,301.79176449049208,301.79176541471475,-9.2422266106950701e-07,2.3394900413287916,2.3394826964793052,7.3448494863903591e-06
280,0.02,301.9081418173468,301.90814302966771,-1.2123209103265253e-06,2.0753852296924467,2.0753777578445645,7.4718478821900192e-06
290,0,301.18533420943345,301.18533399537131,2.140621404578269e-07,2.5499999999999998,2.5500000001870178,-1.8701795667652732e-10
290,0.001,301.18611001170711,301.18610979472902,2.1697809415854863e-07,2.5499999999999998,2.550000000016508,-1.6508128197756378e-11
290,0.002,301.18846819877882,301.18846798580842,2.1297040575518622e-07,2.5499999999999998,2.5500000000113059,-1.1306067193572744e-11
290,0.0030000000000000001,301.19250129358676,301.19250108780386,2.0578289650075021e-07,2.5499999999999998,2.5500000000089607,-8.9608320763545635e-12
290,0.0040000000000000001,301.19836407967404,301.19836388471646,1.9495757896947907e-07,2.5499999999999998,2.5500000000075405,-7.5406347832540632e-12
290,0.0050000000000000001,301.20627437899526,301.20627419914268,1.7985257727559656e-07,2.5499999999999998,2.550000000006575,-6.5751848410400271e-12
290,0.0060000000000000001,301.2165139981733,301.21651383841242,1.5976087297531194e-07,2.5499999999999998,2.5500000000058667,-5.8668625513291772e-12
290,0.0070000000000000001,301.22942979475238,301.22942966067637,1.3407600363279926e-07,2.5499999999999976,2.550000000005324,-5.326405982941651e-12
290,0.0080000000000000002,301.24543494799332,301.24543484548872,1.0250460036331788e-07,2.5499999999998035,2.5500000000047027,-4.8991921630658908e-12
290,0.0090000000000000011,301.26501077111823,301.2650107058725,6.5245728819718352e-08,2.5499999999879495,2.5499999999926888,-4.7393200475198682e-12
290,0.01,301.28870978400306,301.28870976104304,2.2960023216000991e-08,2.5499999994702236,2.5499999994802942,-1.007061101176987e-11
290,0.010999999999999999,301.31716124195799,301.31716126560889,-2.3650898128835252e-08,2.5499999832068827,2.5499999833310611,-1.2417844530432376e-10
290,0.012,301.351080776907,301.35108085160346,-7.4696458796097431e-08,2.5499996155460156,2.5499996172539947,-1.7079790914920068e-09
290,0.013000000000000001,301.39128605135289,301.39128618350986,-1.3215696981205838e-07,2.5499936261432672,2.5499936424807426,-1.6337475372552035e-08
290,0.014,301.43872008724287,301.43872028786365,-2.0062077510374365e-07,2.5499231731676204,2.5499232764782862,-1.0331066579993831e-07
290,0.014999999999999999,301.49448296443421,301.49448325152571,-2.8709149546557455e-07,2.5493230320852609,2.549323443353301,-4.1126804006808015e-07
290,0.016,301.55987079575635,301.55987119551452,-3.9975816434889566e-07,2.5456059300636094,2.5456068375558796,-9.0749227021902357e-07
290,0.017000000000000001,301.63641848386754,301.63641902969488,-5.4582733355346136e-07,2.5287707275989435,2.5287712222868723,-4.9468792884255208e-07
290,0.018000000000000002,301.72594031009851,301.72594103972312,-7.2962461672432255e-07,2.4725621373616762,2.4725594697353181,2.6676263580327486e-06
290,0.019,301.83056072049641,301.83056167232223,-9.5182582526831538e-07,2.3325899168560005,2.3325826948419843,7.2220140161505242e-06
290,0.02,301.95272756568602,301.95272879614674,-1.2304607253099675e-06,2.0680944752805051,2.0680872345057111,7.2407747939706724e-06
300,0,301.19079155316047,301.19079133249062,2.2066984683988267e-07,2.5499999999999998,2.5500000001870178,-1.8701795667652732e-10
300,0.001,301.19163700497182,301.1916367815931,2.2337871996569447e-07,2.5499999999999998,2.550000000016508,-1.6508128197756378e-11
300,0.002,301.19420446859874,301.19420424983463,2.1876411437915522e-07,2.5499999999999998,2.5500000000113028,-1.1302958569103794e-11
300,0.0030000000000000001,301.19858741318137,301.19858720255962,2.1062174937469536e-07,2.5499999999999998,2.5500000000089593,-8.9594998087250133e-12
300,0.0040000000000000001,301.20494209472707,301.20494189611838,1.9860868860632763e-07,2.5499999999999998,2.5500000000075391,-7.539302515624513e-12
300,0.0050000000000000001,301.21348825215716,301.21348806986509,1.82292069439427e-07,2.5499999999999998,2.5500000000065759,-6.5760730194597272e-12
300,0.0060000000000000001,301.22451009425896,301.22450993298145,1.6127751223393716e-07,2.5499999999999998,2.5500000000058676,-5.8677507297488773e-12
300,0.0070000000000000001,301.23835768817963,301.23835755286183,1.3531780496123247e-07,2.5499999999999932,2.5500000000053173,-5.3241855368924007e-12
300,0.0080000000000000002,301.25544902388009,301.25544891950909,1.0437099717819365e-07,2.549999999999522,2.5500000000044261,-4.9040771443742415e-12
300,0.0090000000000000011,301.27627326772267,301.27627319917843,6.8544238729373319e-08,2.5499999999744802,2.5499999999793959,-4.9156234638303431e-12
300,0.01,301.30139600537854,301.30139597751463,2.7863904961122898e-08,2.5499999990070998,2.5499999990211815,-1.4081624755135635e-11
300,0.010999999999999999,301.33146754292852,301.3314675610572,-1.8128673673345475e-08,2.549999971826626,2.5499999720125688,-1.8594281669948032e-10
300,0.012,301.36723547494972,301.3672355458184,-7.086867981342948e-08,2.5499994160366404,2.5499994183757955,-2.3391550918461235e-09
300,0.013000000000000001,301.40956259915248,301.40956273232194,-1.3316946478880709e-07,2.5499911345024477,2.5499911549849341,-2.0482486373651909e-08
300,0.014,301.45945072680962,301.45945093613682,-2.0932719735355931e-07,2.5499010375546396,2.549901157287163,-1.1973252345143237e-07
300,0.014999999999999999,301.51806994328638,301.51807024807687,-3.0479048973575118e-07,2.5491833624700817,2.5491838069306838,-4.4446060210034943e-07
300,0.016,301.58679148267635,301.58679190805844,-4.2538209754638956e-07,2.5449812361269379,2.5449821522469809,-9.1612004293750715e-07
300,0.017000000000000001,301.66722083488258,301.66722141110404,-5.7622145277491654e-07,2.5267958598886913,2.5267962704558431,-4.1056715183174219e-07
300,0.018000000000000002,301.76122639339388,301.76122715402749,-7.606336112075951e-07,2.4681714108466006,2.4681686554793423,2.7553672583557898e-06
300,0.019,301.87095832585709,301.87095930527084,-9.7941375543086906e-07,2.3257952051523918,2.3257881042592414,7.1008931503691031e-06
300,0.02,301.99885230824731,301.99885401491747,-1.7066701616386126e-06,2.0609616758227962,2.060954653496609,7.0223261872115472e-06
310,0,301.19672151576589,301.19672128762477,2.2814111844127183e-07,2.5499999999999998,2.5500000001963681,-1.9636825498992039e-10
310,0.001,301.19763730067359,301.19763707178572,2.2888787043484626e-07,2.5499999999999998,2.5500000000173344,-1.7334578217287344e-11
310,0.002,301.20041605340424,301.20041582962534,2.2377889763447456e-07,2.5499999999999998,2.5500000000118708,-1.1870948668502024e-11
310,0.0030000000000000001,301.20515211673512,301.20515190175689,2.1497822899618768e-07,2.5499999999999998,2.5500000000094061,-9.4062535538341763e-12
310,0.0040000000000000001,301.21200323804948,301.21200303578104,2.0226843844284303e-07,2.5499999999999998,2.5500000000079193,-7.9194428792561666e-12
310,0.0050000000000000001,301.22119139130564,301.22119120590804,1.8539759594204952e-07,2.5499999999999998,2.5500000000069027,-6.9029226779093733e-12
310,0.0060000000000000001,301.23300407828441,301.23300391413369,1.6415071968367556e-07,2.5499999999999994,2.5500000000061593,-6.1599614298302185e-12
310,0.0070000000000000001,301.24779633386669,301.24779619548474,1.3838194945492432e-07,2.5499999999999834,2.5500000000055736,-5.5901949735925882e-12
310,0.0080000000000000002,301.26599381064028,301.26599370265927,1.0798100902320584e-07,2.5499999999989051,2.5500000000040615,-5.156319815569077e-12
310,0.0090000000000000011,301.28809749558019,301.28809742283045,7.2749742230371339e-08,2.5499999999484326,2.5499999999538825,-5.4498627832799684e-12
310,0.01,301.31469077674302,301.31469074456533,3.2177695175050758e-08,2.5499999982103962,2.5499999982309016,-2.0505375175616791e-11
310,0.010999999999999999,301.34644966754371,301.34644968241855,-1.4874842690915102e-08,2.5499999542213021,2.5499999544932122,-2.7191005003146529e-10
310,0.012,301.3841569291518,301.38415699975474,-7.0602936830255203e-08,2.5499991354201579,2.5499991385539174,-3.133759474138742e-09
310,0.013000000000000001,301.42872051821695,301.42872065675959,-1.3854264580004383e-07,2.5499879128428851,2.5499879380968298,-2.5253944713199417e-08
310,0.014,301.4811960864032,301.48119630799914,-2.2159593981996295e-07,2.5498744343746402,2.5498745715006832,-1.3712604296500785e-07
310,0.014999999999999999,301.5428116499898,301.5428119688259,-3.1883610063232481e-07,2.5490255985919257,2.5490260751650791,-4.7657315338511808e-07
310,0.016,301.61498819916028,301.61498864094307,-4.4178278812978533e-07,2.5443106420335284,2.5443115621726782,-9.2013914976263322e-07
310,0.017000000000000001,301.69933942672719,301.69934004508332,-6.1835612541472074e-07,2.5247586189564952,2.5247589456766768,-3.2672018157597904e-07
310,0.018000000000000002,301.79761718692913,301.79761801583493,-8.2890579733430059e-07,2.4637701448732718,2.4637673105035045,2.8343697673349766e-06
310,0.019,301.91156615416105,301.91156711162932,-9.5746827355469577e-07,2.3191026575082154,2.3190956758166172,6.981691598184625e-06
310,0.02,302.04269843686734,302.04269944617999,-1.0093126547872089e-06,2.0539789057853723,2.0539720906027377,6.8151826346785072e-06
320,0,301.20312861010484,301.20312837709616,2.3300867724174168e-07,2.5499999999999998,2.5500000001963734,-1.9637358406043859e-10
320,0.001,301.20411541175287,301.20411517808992,2.3366294499282958e-07,2.5499999999999998,2.5500000000173331,-1.7333245949657794e-11
320,0.002,301.20710754877979,301.20710732047672,2.2830306534160627e-07,2.5499999999999998,2.5500000000118699,-1.1870060490082324e-11
320,0.0030000000000000001,301.21220040754258,301.21220018837505,2.1916753212281037e-07,2.5499999999999998,2.5500000000094034,-9.4035890185750759e-12
320,0.0040000000000000001,301.21955362855249,301.21955342240688,2.0614561435650103e-07,2.5499999999999998,2.5500000000079175,-7.9176665224167664e-12
320,0.0050000000000000001,301.22939221129906,301.22939202220459,1.8909446453108103e-07,2.5499999999999998,2.5500000000068987,-6.8989258750207227e-12
320,0.0060000000000000001,301.2420083014145,301.24200813355128,1.6786322021289379e-07,2.5499999999999989,2.5500000000061593,-6.1604055190400686e-12
320,0.0070000000000000001,301.257763940117,301.25776379785651,1.4226048961063498e-07,2.5499999999999576,2.5500000000055461,-5.588418616753188e-12
320,0.0080000000000000002,301.27709517077375,301.27709505883445,1.1193930049557821e-07,2.5499999999976168,2.550000000002794,-5.17719200843203e-12
320,0.0090000000000000011,301.30051800095049,301.30051792471761,7.6232879564486211e-08,2.5499999999001384,2.5499999999061016,-5.9632299098666408e-12
320,0.01,301.3286367643986,301.32863673023888,3.4159711503889412e-08,2.5499999968867706,2.5499999969165783,-2.9807711854346053e-11
320,0.010999999999999999,301.36215533252187,301.36215534758264,-1.5060777514008805e-08,2.5499999277424612,2.5499999281305072,-3.8804603974540441e-10
320,0.012,301.40189123013874,301.40189130175821,-7.1619467689743033e-08,2.5499987493858378,2.5499987535005078,-4.1146699381044982e-09
320,0.013000000000000001,301.44879172373561,301.44879186117913,-1.3744352145295125e-07,2.5499838170393478,2.5499838477093393,-3.0669991435416932e-08
320,0.014,301.50394894652101,301.50394916841321,-2.2189220771906548e-07,2.5498428521510315,2.5498430075220218,-1.5537099029572232e-07
320,0.014999999999999999,301.56860782850094,301.56860817003792,-3.4153697470173938e-07,2.5488488811802559,2.5488493885780632,-5.0739780732556028e-07
320,0.016,301.64415671051427,301.6441572111533,-5.0063903245245456e-07,2.5435944780215993,2.543595397890813,-9.1986921368913954e-07
320,0.017000000000000001,301.732088771093,301.73208944176082,-6.7066781639368855e-07,2.5226625994888048,2.5226628430940483,-2.4360524353284063e-07
320,0.018000000000000002,301.83392735230797,301.83392815118555,-7.9887757920005242e-07,2.4593620674597019,2.4593591621239099,2.9053357919472944e-06
320,0.019,301.95112271029137,301.95112358027677,-8.6998539927662932e-07,2.312509140690612,2.3125022761285567,6.8645620552310049e-06
320,0.02,302.08494736340145,302.08494830693303,-9.4353157464865944e-07,2.0471387780685033,2.0471321592233753,6.6188451279813876e-06
330,0,301.2100179036475,301.2100176659946,2.3765289824950742e-07,2.5499999999999998,2.550000000196373,-1.9637313997122874e-10
330,0.001,301.211076575915,301.2110763376495,2.3826549977457034e-07,2.5499999999999998,2.5500000000173362,-1.7336354574126744e-11
330,0.002,301.2142847674009,301.21428453460419,2.3279670813280973e-07,2.5499999999999998,2.5500000000118721,-1.1872280936131574e-11
330,0.0030000000000000001,301.21973925789581,301.21973903437049,2.235253191429365e-07,2.5499999999999998,2.5500000000094065,-9.4066976430440263e-12
330,0.0040000000000000001,301.22760223738914,301.227602027008,2.1038113118265755e-07,2.5499999999999998,2.5500000000079179,-7.9181106116266164e-12
330,0.0050000000000000001,301.23810277637199,301.23810258315035,1.9322163780088886e-07,2.5499999999999998,2.5500000000069032,-6.9033667671192234e-12
330,0.0060000000000000001,301.25153915891383,301.25153898708624,1.7182759393108427e-07,2.5499999999999985,2.550000000006158,-6.1595173406203685e-12
330,0.0070000000000000001,301.26828235567581,301.26828220977023,1.4590557384508429e-07,2.5499999999999003,2.5500000000054954,-5.5950799549009389e-12
330,0.0080000000000000002,301.2887809713942,301.28878085624063,1.1515356845848146e-07,2.5499999999950429,2.5500000000002578,-5.2149395912692853e-12
330,0.0090000000000000011,301.31356799339568,301.31356791405898,7.9336700764542911e-08,2.5499999998139602,2.5499999998207588,-6.7985617135946086e-12
330,0.01,301.343269517279,301.34326947922636,3.8052633044571849e-08,2.5499999947562082,2.5499999947995735,-4.3365311341858614e-11
330,0.010999999999999999,301.37861521546932,301.37861522572985,-1.0260521321470151e-08,2.549999888923316,2.5499998894651204,-5.4180437913942114e-10
330,0.012,301.42044950456562,301.42044957446956,-6.9903933308523847e-08,2.5499982289182603,2.5499982342234024,-5.3051421033956103e-09
330,0.013000000000000001,301.46974107736105,301.4697412256682,-1.4830715144853457e-07,2.5499786890690208,2.5499787258103135,-3.6741292674946635e-08
330,0.014,301.52758684086444,301.52758709341219,-2.5254774982386152e-07,2.5498057740740627,2.5498059484169184,-1.743428557077209e-07
330,0.014999999999999999,301.59520492527901,301.59520530700888,-3.8172987615325837e-07,2.5486524278227387,2.548652964585747,-5.3676300826310808e-07
330,0.016,301.6739113819109,301.67391190409091,-5.2218001656001434e-07,2.5428332063796639,2.5428341220133746,-9.1563371062974852e-07
330,0.017000000000000001,301.76507769798582,301.76507835038285,-6.5239703417319106e-07,2.520511251053867,2.5205114126535513,-1.6159968430073945e-07
330,0.018000000000000002,301.87007178901672,301.87007254534933,-7.5633261076291092e-07,2.4549504958496411,2.4549475269418499,2.968907791167652e-06
330,0.019,301.99019240502042,301.99019324286655,-8.3784613025272847e-07,2.3060116394365227,2.3060048898274692,6.7496090534469033e-06
330,0.02,302.12661274972947,302.12661367363103,-9.2390155259636231e-07,2.040434470480585,2.0404280381521791,6.4323284059142338e-06
340,0,301.2173960125628,301.21739577025335,2.4230945427916595e-07,2.5499999999999998,2.5500000001963721,-1.9637225179280904e-10
340,0.001,301.21852769554886,301.21852745264067,2.4290818601002684e-07,2.5499999999999998,2.5500000000173317,-1.7331913682028244e-11
340,0.002,301.2219555056019,301.22195526820303,2.3739886501061847e-07,2.5499999999999998,2.5500000000118712,-1.1871392757711874e-11
340,0.0030000000000000001,301.22777805624287,301.22777782817991,2.2806295874033822e-07,2.5499999999999998,2.5500000000094034,-9.4035890185750759e-12
340,0.0040000000000000001,301.23616084180628,301.23616062697039,2.1483589307536022e-07,2.5499999999999998,2.5500000000079188,-7.9189987900463166e-12
340,0.0050000000000000001,301.24733807420989,301.24733787660529,1.9760460645557032e-07,2.5499999999999998,2.5500000000069023,-6.9024785886995232e-12
340,0.0060000000000000001,301.26161549878526,301.26161532255099,1.7623426629143069e-07,2.5499999999999958,2.5500000000061562,-6.1604055190400686e-12
340,0.0070000000000000001,301.27937439019769,301.27937423965005,1.5054763480293332e-07,2.5499999999997791,2.5500000000053737,-5.5946358656910888e-12
340,0.0080000000000000002,301.30107689681211,301.30107677662448,1.2018762163279462e-07,2.5499999999901122,2.5499999999953888,-5.276667991438444e-12
340,0.0090000000000000011,301.32727275595329,301.32727267168752,8.4265764144220157e-08,2.5499999996654554,2.5499999996735605,-8.1050721689734928e-12
340,0.01,301.35860708184487,301.35860704100827,4.0836596326698782e-08,2.5499999914241602,2.5499999914867599,-6.2599703198884527e-11
340,0.010999999999999999,301.39582838273066,301.3958283961764,-1.3445742297335528e-08,2.549999833322655,2.5499998340638594,-7.4120443116498791e-10
340,0.012,301.43979520252697,301.4397952853538,-8.2826829839177663e-08,2.5499975399450232,2.5499975466725258,-6.7275025550372902e-09
340,0.013000000000000001,301.49147893718538,301.49147910783506,-1.706496846054506e-07,2.5499723576791116,2.5499724011494793,-4.3470367749876004e-08
340,0.014,301.55195975254702,301.55196002924095,-2.7669392466123099e-07,2.5497626821827026,2.5497628760978377,-1.9391513506050728e-07
340,0.014999999999999999,301.62241258564109,301.62241298102805,-3.9538696228191839e-07,2.5484355331203719,2.5484360976515226,-5.6453115071519733e-07
340,0.016,301.7040814002749,301.70408191729257,-5.1701766778933234e-07,2.5420274025973466,2.5420283103511538,-9.0775380723329135e-07
340,0.017000000000000001,301.79824236467169,301.79824299607088,-6.313991889328463e-07,2.5183078747612546,2.5183079557703034,-8.1009048802371808e-08
340,0.018000000000000002,301.90616002107669,301.90616075372458,-7.3264789079985349e-07,2.450538382903698,2.4505353572267325,3.0256769654180005e-06
340,0.019,302.02904377511379,302.02904459627825,-8.2116446264990373e-07,2.2996072537982282,2.2996006168963117,6.6369019164902454e-06
340,0.02,302.16801372683932,302.16801463943358,-9.1259425971657038e-07,2.0338596916320788,2.033853436749506,6.2548825727759549e-06
350,0,301.22527167265059,301.22527142544192,2.4720867486394127e-07,2.5499999999999998,2.5500000001963721,-1.9637225179280904e-10
350,0.001,301.22647783904574,301.2264775912268,2.478189458088309e-07,2.5499999999999998,2.5500000000173335,-1.7333690038867644e-11
350,0.002,301.23012983165097,301.23012958930093,2.4235004048023256e-07,2.5499999999999998,2.5500000000118703,-1.1870504579292174e-11
350,0.0030000000000000001,301.23632852644647,301.23632829334503,2.3310144570132252e-07,2.5499999999999998,2.5500000000094047,-9.4049212862046261e-12
350,0.0040000000000000001,301.24524339660093,301.24524317657119,2.2002973310009111e-07,2.5499999999999998,2.5500000000079166,-7.9167783439970663e-12
350,0.0050000000000000001,301.25711462041585,301.25711441740685,2.0300899450376164e-07,2.5499999999999994,2.5500000000069014,-6.9020344994896732e-12
350,0.0060000000000000001,301.2722561770853,301.27225599530738,1.8177792071583099e-07,2.5499999999999914,2.55000000000615,-6.1586291622006684e-12
350,0.0070000000000000001,301.29105999392323,301.29105983811331,1.5580991430397262e-07,2.5499999999995269,2.5500000000051246,-5.5977444901600393e-12
350,0.0080000000000000002,301.31400109668971,301.31400097256358,1.2412613159540342e-07,2.5499999999810168,2.5499999999863978,-5.3810289557532087e-12
350,0.0090000000000000011,301.34164349097114,301.34164340583789,8.5133251559454948e-08,2.5499999994175786,2.5499999994276639,-1.0085265955694922e-11
350,0.01,301.37464615067927,301.37464611404664,3.6632627598010004e-08,2.549999986348392,2.5499999864376401,-8.9248164414357234e-11
350,0.010999999999999999,301.41376802991687,301.41376805373346,-2.3816596694814507e-08,2.5499997553609512,2.5499997563559429,-9.9499164463168199e-10
350,0.012,301.4598705292841,301.45987062741159,-9.8127486580779077e-08,2.5499966430389103,2.5499966514418571,-8.4029467828372617e-09
350,0.013000000000000001,301.51391549638225,301.51391568308401,-1.8670175450097304e-07,2.5499646392234423,2.5499646900756585,-5.0852216215702128e-08
350,0.014,301.5769568412577,301.57695712890194,-2.8764424087057705e-07,2.549713061214455,2.5497132751761296,-2.1396167459997173e-07
350,0.014999999999999999,301.65012441392429,301.65012481069016,-3.9676586993664387e-07,2.5481975678178745,2.5481981584132165,-5.9059534196492791e-07
350,0.016,301.7346000246888,301.73460053309992,-5.0841111942645512e-07,2.5411777382748242,2.5411786348193792,-8.965445550401796e-07
350,0.017000000000000001,301.83158726473499,301.83158788161302,-6.1687802599408315e-07,2.5160556224405197,2.516055624519268,-2.0787482846174044e-09
350,0.018000000000000002,301.94227870433099,301.94227942229168,-7.1796068823459791e-07,2.4461283578533819,2.4461252816653656,3.0761880163154842e-06
350,0.019,302.06782549966249,302.06782630918173,-8.0951923564498429e-07,2.2932931960662,2.2932866695796617,6.526486538316334e-06
350,0.02,302.20931480652706,302.20931570986892,-9.0334185642859666e-07,2.0274086155167828,2.0274025296770883,6.0858396944141191e-06
360,0,301.23365580868574,301.23365555598269,2.5270304604418925e-07,2.5499999999999998,2.5500000001963725,-1.9637269588201889e-10
360,0.001,301.23493823016355,301.23493797681942,2.5334412612210144e-07,2.5499999999999998,2.5500000000173353,-1.7335466395707044e-11
360,0.002,301.23881983059772,301.23881958263746,2.4796025854811887e-07,2.5499999999999998,2.5500000000118734,-1.1873613203761124e-11
360,0.0030000000000000001,301.24540405190794,301.24540381309026,2.3881767674538423e-07,2.5499999999999998,2.5500000000094047,-9.4049212862046261e-12
360,0.0040000000000000001,301.25486475315785,301.25486452736874,2.2578910829906818e-07,2.5499999999999998,2.5500000000079197,-7.9198869684660167e-12
360,0.0050000000000000001,301.2674484170139,301.26744820843101,2.0858288962699589e-07,2.5499999999999985,2.5500000000069041,-6.9055872131684737e-12
360,0.0060000000000000001,301.28347724548968,301.28347705881259,1.8667708445718745e-07,2.5499999999999794,2.5500000000061407,-6.1612936974597687e-12
360,0.0070000000000000001,301.30335306165409,301.30335290242272,1.5923137652862351e-07,2.5499999999990313,2.5500000000046374,-5.6061821851471905e-12
360,0.0080000000000000002,301.32756178551125,301.327561660475,1.2503625157478382e-07,2.5499999999648115,2.5499999999703684,-5.5568882828538335e-12
360,0.0090000000000000011,301.35667802624386,301.35667794368686,8.2556994129845407e-08,2.5499999990157307,2.5499999990287536,-1.3022916078853086e-11
360,0.01,301.39136904512731,301.39136901499239,3.01349132314499e-08,2.5499999788003911,2.5499999789257721,-1.2538103888459773e-10
360,0.010999999999999999,301.43239704230706,301.43239707594813,-3.3641072150203399e-08,2.5499996481517853,2.5499996494643504,-1.31256516766598e-09
360,0.012,301.48061849291616,301.48061860237186,-1.0945569783871179e-07,2.549995493180254,2.5499955035314676,-1.035121366399494e-08
360,0.013000000000000001,301.53697921912874,301.53697941594874,-1.9681999674503459e-07,2.5499553386371034,2.5499553975116838,-5.8874580322054726e-08
360,0.014,301.60250415022767,301.60250444406734,-2.9383966193563538e-07,2.549656402091812,2.5496566364497886,-2.3435797658066804e-07
360,0.014999999999999999,301.67828136165065,301.67828175898137,-3.9733072298986372e-07,2.5479379771117827,2.5479385919888431,-6.1487706037866019e-07
360,0.016,301.76544096728145,301.76544147054602,-5.0326457312621642e-07,2.5402849657324049,2.5402858480467252,-8.8231432027185974e-07
360,0.017000000000000001,301.86513060683103,301.8651312142664,-6.074353677831823e-07,2.513757497744328,2.5137574227463775,7.4997950516575429e-08
360,0.018000000000000002,301.97849034228466,301.97849104774781,-7.0546315100727952e-07,2.4417227620790429,2.4417196411301449,3.1209488979833111e-06
360,0.019,302.10663044071197,302.1066312095611,-7.6884913369212882e-07,2.2870667883036488,2.2870603699163459,6.4183873029755034e-06
360,0.02,302.25061620391853,302.25061613974117,6.4177356762229465e-08,2.0210758336472425,2.0210699088926516,5.9247545909357768e-06
370,0,301.24256104561078,301.24256078724727,2.5836351369434851e-07,2.5499999999999998,2.5500000002103986,-2.1039880948592327e-10
370,0.001,301.24392167804103,301.24392141869902,2.5934201630661846e-07,2.5499999999999998,2.550000000018573,-1.8573143023559169e-11
370,0.002,301.24803879780382,301.24803854393406,2.5386975721630733e-07,2.5499999999999998,2.5500000000127194,-1.2719603148525493e-11
370,0.0030000000000000001,301.2550185072227,301.2550182627291,2.4449360580547363e-07,2.5499999999999998,2.5500000000100758,-1.0075940082288071e-11
370,0.0040000000000000001,301.26503908300703,301.26503885202408,2.3098294832379906e-07,2.5499999999999998,2.5500000000084819,-8.482103908136196e-12
370,0.0050000000000000001,301.27835309029012,301.27835287737702,2.1291310758897453e-07,2.5499999999999989,2.5500000000073912,-7.3923089871641423e-12
370,0.0060000000000000001,301.29529021803313,301.29529002839593,1.8963720549436403e-07,2.5499999999999545,2.5500000000065519,-6.5973893015325302e-12
370,0.0070000000000000001,301.31626063776855,301.31626047750717,1.6026137927838136e-07,2.549999999998088,2.5500000000041054,-6.0174087934683484e-12
370,0.0080000000000000002,301.34175854047646,301.34175841681002,1.2366643886707607e-07,2.5499999999368446,2.5499999999430414,-6.1968208342477737e-12
370,0.0090000000000000011,301.37236532056011,301.3723652419535,7.8606603892694693e-08,2.5499999983814901,2.5499999983990951,-1.7605028546086032e-11
370,0.01,301.40875167919251,301.40875165528956,2.3902941848064074e-08,2.5499999678213983,2.5499999679951766,-1.737783250632674e-10
370,0.010999999999999999,301.45167776062777,301.45167780188848,-4.1260705074819271e-08,2.5499995033317613,2.5499995050361286,-1.7043673139482962e-09
370,0.012,301.50199038008481,301.50199049697449,-1.1688968015732826e-07,2.5499940395822325,2.5499940521734472,-1.2591214737511791e-08
370,0.013000000000000001,301.56061652127164,301.5606167226606,-2.0138895706622861e-07,2.549944250516361,2.5499443180363897,-6.7520028679268762e-08
370,0.014,301.62855264265283,301.62855293367033,-2.9101749987603398e-07,2.5495922050298785,2.5495924600120667,-2.5498218825248387e-07
370,0.014999999999999999,301.7068500418892,301.7068504261714,-3.8428220250352751e-07,2.5476562783266932,2.5476569156415212,-6.3731482802253936e-07
370,0.016,301.79659792562904,301.79659841592576,-4.902967134512437e-07,2.5393499042486685,2.5393507696017923,-8.6535312382451934e-07
370,0.017000000000000001,301.89890856745109,301.89890917059421,-6.0314312122500269e-07,2.5114163586763638,2.5114162086217968,1.5005456699412889e-07
370,0.018000000000000002,302.01491267423262,302.01491334295144,-6.6871882609120803e-07,2.437323680503749,2.4373205201046821,3.160399066892694e-06
370,0.019,302.14577380604106,302.14577449123806,-6.8519699425451108e-07,2.2809254594633011,2.2809191468390475,6.3126242535460619e-06
370,0.02,302.29272138348489,302.29272215405075,-7.7056586178514408e-07,2.0148564457705476,2.0148506754824727,5.7702880749133101e-06
380,0,301.25200075451482,301.25200049035431,2.6416051923661144e-07,2.5499999999999998,2.5500000002103995,-2.1039969766434297e-10
380,0.001,301.25344157481015,301.2534413097535,2.6505665573495207e-07,2.5499999999999998,2.5500000000185734,-1.8573587112769019e-11
380,0.002,301.25780011308888,301.25779985376664,2.593222347968549e-07,2.5499999999999998,2.5500000000127185,-1.2718714970105793e-11
380,0.0030000000000000001,301.26518500207987,301.26518475261651,2.4946336907305522e-07,2.5499999999999998,2.5500000000100762,-1.0076384171497921e-11
380,0.0040000000000000001,301.27577860531619,301.27577837012313,2.3519305614172481e-07,2.5499999999999998,2.5500000000084815,-8.4816598189263459e-12
380,0.0050000000000000001,301.28983888231107,301.28983866627715,2.1603392497127061e-07,2.5499999999999985,2.5500000000073939,-7.3954176116330927e-12
380,0.0060000000000000001,301.30770178031048,301.30770158898969,1.9132079387418344e-07,2.5499999999999052,2.5500000000065079,-6.602718372050731e-12
380,0.0070000000000000001,301.32978388636138,301.32978372614286,1.6021851934056031e-07,2.5499999999963552,2.5500000000023939,-6.0387250755411515e-12
380,0.0080000000000000002,301.35658494762265,301.35658482582136,1.2180129260741523e-07,2.5499999998899798,2.549999999896599,-6.6191496728151833e-12
380,0.0090000000000000011,301.38868973423456,301.38868965900656,7.5228001605864847e-08,2.5499999974048397,2.5499999974284515,-2.3611779198517979e-11
380,0.01,301.42676860701471,301.42676858705261,1.9962101305281976e-08,2.5499999521733563,2.5499999524099564,-2.3660007286707696e-10
380,0.010999999999999999,301.47157610723718,301.47157615149752,-4.4260332288104109e-08,2.5499993108929342,2.5499993130730765,-2.1801422889211608e-09
380,0.012,301.52394697236929,301.52394709042909,-1.1805980193457799e-07,2.5499922255832979,2.5499922407213904,-1.5138092557265281e-08
380,0.013000000000000001,301.58478928768034,301.5847894903556,-2.0267526679162984e-07,2.5499311602795309,2.5499312370425424,-7.6763011502833933e-08
380,0.014,301.6550751073724,301.65507540453905,-2.9716665039813961e-07,2.5495199822586212,2.5495202579768201,-2.7571819893879024e-07
380,0.014999999999999999,301.73582985782008,301.73583025194739,-3.9412731211996288e-07,2.547352058078975,2.5473527159574911,-6.5787851610821235e-07
380,0.016,301.82812298729033,301.82812346982149,-4.8253116347041214e-07,2.5383734277858063,2.5383742737308883,-8.4594508198421181e-07
380,0.017000000000000001,301.93306304355133,301.93306360279882,-5.5924749631230952e-07,2.509034921233924,2.509034698250951,2.2298297297496106e-07
380,0.018000000000000002,302.05179964656844,302.05180028242546,-6.3585702037016745e-07,2.4329329693403583,2.4329297743643097,3.1949760486149614e-06
380,0.019,302.18553202172126,302.18553274884954,-7.2712828114163131e-07,2.2748667430646172,2.2748605338739738,6.2091906434247335e-06
380,0.02,302.33551968588779,302.33552053840202,-8.5251423342924681e-07,2.0087457353814822,2.0087401124097934,5.6229716887123971e-06
390,0,301.26198793283749,301.26198766278026,2.7005722813555622e-07,2.5499999999999998,2.5500000002104,-2.1040014175355282e-10
390,0.001,301.26351077822125,301.26351050734763,2.7087361331723514e-07,2.5499999999999998,2.5500000000185761,-1.8576251648028119e-11
390,0.002,301.2681161514754,301.26811588659086,2.6488453386264155e-07,2.5499999999999998,2.5500000000127203,-1.2720491326945194e-11
390,0.0030000000000000001,301.27591490428517,301.27591464973074,2.5455443619648577e-07,2.5499999999999998,2.5500000000100767,-1.0076828260707771e-11
390,0.0040000000000000001,301.287092887813,301.28709264826949,2.3954351036081789e-07,2.5499999999999998,2.5500000000084833,-8.4834361757657462e-12
390,0.0050000000000000001,301.30191247002813,301.30191225069149,2.1933664129392128e-07,2.5499999999999949,2.5500000000073908,-7.3958617008429428e-12
390,0.0060000000000000001,301.32071438848493,301.32071419520406,1.9328086864334182e-07,2.5499999999998084,2.5500000000064134,-6.6049388180999813e-12
390,0.0070000000000000001,301.3439196475191,301.34391948689603,1.6062307395259268e-07,2.5499999999932719,2.5499999999993506,-6.0786931044276571e-12
390,0.0080000000000000002,301.37203107374665,301.37203095319796,1.2054869102939847e-07,2.5499999998135463,2.5499999998207978,-7.2515327076416725e-12
390,0.0090000000000000011,301.40563406687068,301.40563399464912,7.2221553182316711e-08,2.5499999959347561,2.549999995966663,-3.1906921549307299e-11
390,0.01,301.44539605627858,301.44539604136492,1.4913666745997034e-08,2.5499999302851708,2.5499999306023353,-3.1716451687202607e-10
390,0.010999999999999999,301.49206424149577,301.49206429314,-5.164423555470421e-08,2.5499990590205548,2.5499990617705213,-2.7499664767560716e-09
390,0.012,301.54646140353765,301.54646153029165,-1.2675400284933858e-07,2.5499899886039783,2.549990006607282,-1.8003303736691123e-08
390,0.013000000000000001,301.60947995361539,301.60948016199916,-2.0838376713072648e-07,2.5499158453755641,2.5499159319474964,-8.6571932289558617e-08
390,0.014,301.68207490564851,301.68207519900301,-2.9335450335565838e-07,2.5494392603675662,2.5494395568319717,-2.9646440546926556e-07
390,0.014999999999999999,301.76525698405771,301.76525736273248,-3.7867476976316539e-07,2.547024969093941,2.5470256456736808,-6.765797397889628e-07
390,0.016,301.86008735633493,301.86008782001392,-4.636789867618063e-07,2.5373564541304963,2.5373572784974208,-8.2436692450116311e-07
390,0.017000000000000001,301.96767521720358,301.96767576830661,-5.5110302810135181e-07,2.506615763797337,2.5066154700444421,2.9375289489763645e-07
390,0.018000000000000002,302.08917849993344,302.08917914530809,-6.453746550505457e-07,2.4285522805647091,2.4285490554270224,3.2251376866909709e-06
390,0.019,302.2258065620864,302.22580731124373,-7.4915732284352998e-07,2.2688882757738469,2.2688821677437887,6.108030058182834e-06
390,0.02,302.37882240640772,302.37882328283644,-8.7642871449133963e-07,2.0027392807746569,2.0027337988559859,5.4819186710020062e-06
400,0,301.27253422556225,301.27253394983978,2.7572247063289979e-07,2.5499999999999998,2.5500000002104009,-2.1040102993197252e-10
400,0.001,301.27414067187152,301.27414039544851,2.7642300892694038e-07,2.5499999999999998,2.5500000000185765,-1.8576695737237969e-11
400,0.002,301.2789974708233,301.27899720074345,2.7007985181626282e-07,2.5499999999999998,2.5500000000127212,-1.2721379505364894e-11
400,0.0030000000000000001,301.28721726861102,301.28721700946897,2.5914204115906614e-07,2.5499999999999998,2.5500000000100762,-1.0076384171497921e-11
400,0.0040000000000000001,301.29898865570163,301.29898841244761,2.4325402137037599e-07,2.5499999999999998,2.5500000000084837,-8.4838802649755962e-12
400,0.0050000000000000001,301.31457729585372,301.31457707396009,2.21893628804537e-07,2.5499999999999905,2.5500000000073872,-7.3967498792626429e-12
400,0.0060000000000000001,301.33432722417103,301.33432702975932,1.9441171161815873e-07,2.5499999999996259,2.5500000000062331,-6.6071592641492316e-12
400,0.0070000000000000001,301.35866203676267,301.35866187668347,1.6007919612093247e-07,2.5499999999879459,2.5499999999940792,-6.1333160772392148e-12
400,0.0080000000000000002,301.38808563606881,301.38808551789521,1.1817360245913733e-07,2.5499999996919667,2.5499999997001477,-8.1810114238578535e-12
400,0.0090000000000000011,301.42318217379454,301.42318210565992,6.8134625053062337e-08,2.549999993767925,2.5499999938110931,-4.3168135732685187e-11
400,0.01,301.46461487229112,301.46461486249234,9.7987822300638072e-09,2.5499999001941291,2.5499999006131477,-4.1901859759718718e-10
400,0.010999999999999999,301.51312352809578,301.51312358445193,-5.6356157074333169e-08,2.549998733936194,2.5499987373610864,-3.4248923697077771e-09
400,0.012,301.56952071672418,301.56952084587255,-1.2914836133859353e-07,2.549987260158713,2.5499872813580571,-2.1199344057976077e-08
400,0.013000000000000001,301.63468700307459,301.63468721004426,-2.0696967339972616e-07,2.5498980765111043,2.5498981734265103,-9.6915405922715081e-08
400,0.014,301.709565749435,301.70956603780428,-2.8836927867814666e-07,2.5493495823142625,2.5493498994304518,-3.1711618930785335e-07
400,0.014999999999999999,301.79515829370041,301.79515866640742,-3.727070065906446e-07,2.546674726855251,2.5466754202607977,-6.9340554675889621e-07
400,0.016,301.89252022492963,301.89252068541629,-4.6048666035858332e-07,2.5362999353451863,2.5363007362002485,-8.0085506226623693e-07
400,0.017000000000000001,302.00275914302807,302.00275969614017,-5.5311210189756821e-07,2.5041613318788372,2.5041609696036167,3.6227522048903893e-07
400,0.018000000000000002,302.12703370105714,302.12703435307969,-6.5202254972973606e-07,2.4241830834239391,2.4241798322338197,3.2511901193466031e-06
400,0.019,302.26655307921283,302.26655383708453,-7.5787170317198616e-07,2.2629877905527476,2.2629817814183428,6.0091344047386031e-06
400,0.02,302.42257560516998,302.42257648942115,-8.8425116473445087e-07,1.9968329673988174,1.9968276206196618,5.3467791556460753e-06
410,0,301.28364926596436,301.28364898507903,2.8088533099435153e-07,2.5499999999999998,2.5500000002104009,-2.1040102993197252e-10
410,0.001,301.28534055832858,301.28534027688039,2.8144819452791126e-07,2.5499999999999998,2.5500000000185743,-1.8574475291188719e-11
410,0.002,301.2904523634881,301.2904520887987,2.7468939833852346e-07,2.5499999999999998,2.550000000012719,-1.2719159059315643e-11
410,0.0030000000000000001,301.29909865460354,301.29909839155039,2.6305315259378403e-07,2.5499999999999998,2.5500000000100767,-1.0076828260707771e-11
410,0.0040000000000000001,301.31146997790876,301.31146973172582,2.4618293537059799e-07,2.5499999999999994,2.5500000000084824,-8.4829920865558961e-12
410,0.0050000000000000001,301.3278342052385,301.32783398166418,2.2357431816999451e-07,2.5499999999999812,2.5500000000073788,-7.3976380576823431e-12
410,0.0060000000000000001,301.34853732807267,301.34853713343216,1.9464050637907349e-07,2.5499999999992915,2.5500000000059018,-6.610267888618182e-12
410,0.0070000000000000001,301.37400405663027,301.37400389783392,1.5879635384408175e-07,2.5499999999789891,2.5499999999852134,-6.2243543652584776e-12
410,0.0080000000000000002,301.40473796054232,301.40473784496811,1.1557420975805144e-07,2.5499999995030085,2.5499999995125169,-9.5083940720996907e-12
410,0.0090000000000000011,301.44132090061277,301.44132083584861,6.4764151375129586e-08,2.5499999906356536,2.5499999906938413,-5.8187676899024154e-11
410,0.01,301.48441156588399,301.48441155935211,6.531877261295449e-09,2.5499998594843531,2.5499998600303329,-5.4597970589043143e-10
410,0.010999999999999999,301.53474305032807,301.53474310887719,-5.8549119330564281e-08,2.5499983197551734,2.5499983239706503,-4.2154768564728329e-09
410,0.012,301.59311956693819,301.59311969655215,-1.2961396578248241e-07,2.5499839659381598,2.5499839906728101,-2.4734650327928875e-08
410,0.013000000000000001,301.66041257103467,301.66041277680097,-2.0576629822244286e-07,2.5498776188947696,2.5498777266512294,-1.0775645975513726e-07
410,0.014,301.73755669739074,301.73755698377494,-2.8638419280468952e-07,2.5492505090625937,2.5492508466426154,-3.375800217142455e-07
410,0.014999999999999999,301.82554594917843,301.82554632050295,-3.7132451780053088e-07,2.5463011059841656,2.5463018143583316,-7.0837416599189851e-07
410,0.016,301.92543046926761,301.92543093018332,-4.609157144841447e-07,2.5352048493175325,2.5352056249590671,-7.7564153455611518e-07
410,0.017000000000000001,302.03831397723388,302.03831453295857,-5.5572468227182981e-07,2.5016739434605917,2.5016735149421154,4.28518476258688e-07
410,0.018000000000000002,302.16535162757617,302.16535228375392,-6.5617774680504226e-07,2.4198266838722984,2.419823410408219,3.2734640793563585e-06
410,0.019,302.30774774429079,302.30774850658753,-7.6229673595662462e-07,2.257163110672034,2.2571571982029055,5.9124691285106223e-06
410,0.02,302.46675273528894,302.46675362276528,-8.8747634663377539e-07,1.9910229434777251,1.9910177263061801,5.2171715450022305e-06
420,0,301.29534036928055,301.29534008397627,2.8530428153317189e-07,2.5499999999999998,2.5500000002103986,-2.1039880948592327e-10
420,0.001,301.29711740372522,301.29711711801201,2.8571321308845654e-07,2.5499999999999998,2.5500000000185761,-1.8576251648028119e-11
420,0.002,301.30248675132373,301.30248647282696,2.7849677053382038e-07,2.5499999999999998,2.5500000000127194,-1.2719603148525493e-11
420,0.0030000000000000001,301.31156326295059,301.3115629968359,2.6611468229020829e-07,2.5499999999999998,2.5500000000100762,-1.0076384171497921e-11
420,0.0040000000000000001,301.32453871660891,301.32453846836046,2.4824845468174317e-07,2.5499999999999994,2.5500000000084837,-8.4843243541854463e-12
420,0.0050000000000000001,301.34168224282854,301.34168201835809,2.2447045466833515e-07,2.5499999999999616,2.5500000000073588,-7.397193968472493e-12
420,0.0060000000000000001,301.36334070407293,301.36334050975017,1.9432275166764157e-07,2.5499999999986964,2.5500000000053151,-6.6187055836053332e-12
420,0.0070000000000000001,301.38993884274726,301.38993868534573,1.5740153003207524e-07,2.549999999964307,2.5499999999706628,-6.3558047713740962e-12
420,0.0080000000000000002,301.42197900498041,301.42197889153448,1.1344593531248393e-07,2.5499999992155797,2.5499999992269582,-1.1378453734778304e-11
420,0.0090000000000000011,301.46004027402915,301.46004021161468,6.2414471813099226e-08,2.5499999861887694,2.5499999862666645,-7.7895023764540383e-11
420,0.01,301.50477691031676,301.50477690579925,4.5175170271249954e-09,2.549999805221947,2.5499998059241298,-7.0218275638467276e-10
420,0.010999999999999999,301.55691608915635,301.55691614897125,-5.9814908581756754e-08,2.5499977983548487,2.549997803486943,-5.1320943050825463e-09
420,0.012,301.61725503589349,301.61725516593162,-1.3003813137402176e-07,2.5499800259396785,2.5499800545548177,-2.861513914709235e-08
420,0.013000000000000001,301.68665775531474,301.68665796095411,-2.0563936686812667e-07,2.5498542334576548,2.5498543525131416,-1.1905548680246625e-07
420,0.014,301.76605160644601,301.76605189271834,-2.8627232495637145e-07,2.549141620921624,2.5491419786918632,-3.5777023921212958e-07
420,0.014999999999999999,301.85642395879415,301.85642433061594,-3.7182178402872523e-07,2.5459039366202307,2.5459046581355298,-7.2151529906250289e-07
420,0.016,301.95881907161584,301.95881953398037,-4.6236453954406898e-07,2.5340721924113652,2.5340729413530974,-7.489417321870917e-07
420,0.017000000000000001,302.07433517956423,302.07433573759727,-5.5803303666834836e-07,2.4991557943700462,2.4991553019009154,4.9246913080835952e-07
420,0.018000000000000002,302.20412158838764,302.20412224722082,-6.5883318711712491e-07,2.4154842415331581,2.4154809492713518,3.2922618062869446e-06
420,0.019,302.34937544188278,302.34937620651675,-7.6463396680992446e-07,2.2514121460133776,2.2514063280168215,5.8179965560789526e-06
420,0.02,302.51133711342192,302.51133866076952,-1.5473476082661364e-06,1.9853055949311142,1.985300502159435,5.0927716792603661e-06
430,0,301.30761254800512,301.30761225790502,2.901001039390394e-07,2.5499999999999998,2.5500000002197512,-2.1975132824536558e-10
430,0.001,301.30947589545656,301.30947560630312,2.891534336413315e-07,2.5499999999999998,2.5500000000193976,-1.9397816686250735e-11
430,0.002,301.31510436486923,301.31510408340165,2.8146757813374279e-07,2.5499999999999998,2.5500000000132856,-1.3285816891084323e-11
430,0.0030000000000000001,301.3246132963535,301.32461302796406,2.6838944222618011e-07,2.5499999999999998,2.5500000000105252,-1.0525358362656334e-11
430,0.0040000000000000001,301.33819509293727,301.33819484328268,2.4965459033410298e-07,2.549999999999998,2.550000000008859,-8.8609120041382994e-12
430,0.0050000000000000001,301.35611938443509,301.35611915950426,2.2493082951768884e-07,2.5499999999999257,2.5500000000076537,-7.7280404298107896e-12
430,0.0060000000000000001,301.37873308923008,301.37873289534645,1.9388363625694183e-07,2.5499999999976688,2.5500000000045935,-6.9246830491920264e-12
430,0.0070000000000000001,301.40646023648389,301.40646008024214,1.5624175375705818e-07,2.5499999999407938,2.5499999999476182,-6.8243188877659122e-12
430,0.0080000000000000002,301.43980141293753,301.43980130108486,1.1185267112523434e-07,2.5499999987870212,2.5499999988012321,-1.4210854715202004e-11
430,0.0090000000000000011,301.47933272569162,301.47933266496915,6.0722470607288415e-08,2.5499999799805324,2.5499999800841326,-1.0360023949829156e-10
430,0.01,301.52570422303609,301.52570422001907,3.0170212994562462e-09,2.5499997338880913,2.5499997347803527,-8.9226137589548671e-10
430,0.010999999999999999,301.57963778158444,301.57963784257691,-6.0992476846877253e-08,2.5499971492581648,2.5499971554431999,-6.1850351507075629e-09
430,0.012,301.64192453504666,301.64192466614918,-1.3110252439219039e-07,2.5499753546493302,2.5499753874937623,-3.2844432062972828e-08
430,0.013000000000000001,301.71342196247332,301.71342216988177,-2.0740844774991274e-07,2.54982767804588,2.5498278088168589,-1.3077097893443579e-07
430,0.014,301.79505069159387,301.79505098085917,-2.8926530148964957e-07,2.5490225185904993,2.5490228961994958,-3.7760899651573254e-07
430,0.014999999999999999,301.88779053685869,301.88779090950231,-3.726436261786148e-07,2.5454831007716838,2.5454838336400125,-7.3286832869001728e-07
430,0.016,301.99267298412332,301.99267344326677,-4.5914345037090243e-07,2.5329029730517689,2.5329036940074974,-7.2095572845043421e-07
430,0.017000000000000001,302.11076079429324,302.11076135575433,-5.6146109272958711e-07,2.4966089637761422,2.4966084096482102,5.541279319842829e-07
430,0.018000000000000002,302.24309468824362,302.24309534793611,-6.5969248908004374e-07,2.4111567847321709,2.4111534768720952,3.307860075629776e-06
430,0.019,302.39058494605371,302.39058566026114,-7.1420743097405648e-07,2.2457328896178725,2.2457271639423766,5.7256754959489342e-06
430,0.02,302.5538572242786,302.55385794883074,-7.2455213739885949e-07,1.9796776128163067,1.979672639854021,4.9729622857430655e-06
440,0,301.3204687672818,301.32046847452801,2.9275378210513736e-07,2.5499999999999998,2.5500000002197529,-2.1975310460220498e-10
440,0.001,301.32241872401795,301.32241843233805,2.9167989623601898e-07,2.5499999999999998,2.550000000019399,-1.9399148953880285e-11
440,0.002,301.32830709634959,301.32830681272333,2.8362626380840084e-07,2.5499999999999998,2.5500000000132825,-1.3282708266615373e-11
440,0.0030000000000000001,301.33824940360608,301.33824913362452,2.6998156954505248e-07,2.5500000000000003,2.5500000000105261,-1.0525802451866184e-11
440,0.0040000000000000001,301.35243820088391,301.35243795033585,2.5054805519175716e-07,2.5499999999999954,2.5500000000088572,-8.8618001825579995e-12
440,0.0050000000000000001,301.3711430457347,301.37114282065437,2.2508032770929276e-07,2.5499999999998599,2.5500000000075875,-7.7275963406009396e-12
440,0.0060000000000000001,301.39471032762896,301.39471013429289,1.9333606360305566e-07,2.5499999999959355,2.5500000000028744,-6.9388939039072284e-12
440,0.0070000000000000001,301.42356286151772,301.4235627064071,1.5511062656514696e-07,2.5499999999039562,2.5499999999110732,-7.1169736770571035e-12
440,0.0080000000000000002,301.45819915080915,301.45819904056827,1.1024087598343613e-07,2.5499999981598194,2.5499999981775456,-1.7726264900375099e-11
440,0.0090000000000000011,301.49919224527605,301.49919218667844,5.859760676685255e-08,2.5499999714475674,2.5499999715836479,-1.3608048021751529e-10
440,0.01,301.5471881460561,301.54718814581906,2.3703705664956942e-10,2.5499996413108801,2.5499996424313376,-1.1204575045553611e-09
440,0.010999999999999999,301.60290371161881,301.60290377562228,-6.4003472743934253e-08,2.5499963495336799,2.5499963569171618,-7.3834818259399526e-09
440,0.012,301.66712391125532,301.66712404331986,-1.320645424129907e-07,2.5499698612687474,2.5499698986916308,-3.742288345875977e-08
440,0.013000000000000001,301.74069787312385,301.74069807584084,-2.0271698986107367e-07,2.5497977085702006,2.5497978514293846,-1.4285918403800224e-07
440,0.014,301.8245321919058,301.82453247215517,-2.8024936682413681e-07,2.5488928239376705,2.5488932209640018,-3.970263313668454e-07
440,0.014999999999999999,301.91957817729582,301.91957855195761,-3.7466179492184892e-07,2.5450385286993251,2.5450392711815129,-7.4248218773220742e-07
440,0.016,302.02680754604057,302.0268080312801,-4.852395250054542e-07,2.5316982061587971,2.5316988980274804,-6.9186868323356521e-07
440,0.017000000000000001,302.14717022064065,302.14717080323271,-5.8259206525690388e-07,2.4940354196892258,2.4940348061760704,6.1351315538971107e-07
440,0.018000000000000002,302.28153135086552,302.28153198893625,-6.3807073047428275e-07,2.4068452238472844,2.4068419033280612,3.3205192231378078e-06
440,0.019,302.43059434702053,302.43059499488572,-6.4786519260451314e-07,2.2401234149084677,2.240117779446368,5.635462099640165e-06
440,0.02,302.59482938348469,302.59483002640332,-6.4291862145182677e-07,1.9741357819857988,1.9741309240669189,4.8579188798303363e-06
450,0,301.33391032120005,301.33391002652718,2.946728727692971e-07,2.5499999999999998,2.5500000002197525,-2.1975266051299513e-10
450,0.001,301.33594696786844,301.3359466743741,2.9349433816605597e-07,2.5499999999999998,2.5500000000193981,-1.9398260775460585e-11
450,0.002,301.3420954031792,301.34209511804045,2.8513875349744922e-07,2.5499999999999998,2.5500000000132848,-1.3284928712664623e-11
450,0.0030000000000000001,301.35247109193904,301.35247082091223,2.7102680633106502e-07,2.5500000000000003,2.5500000000105221,-1.0521805648977534e-11
450,0.0040000000000000001,301.36726639030104,301.36726613929727,2.5100376888076426e-07,2.5499999999999923,2.5500000000088527,-8.8604679149284493e-12
450,0.0050000000000000001,301.38675036871246,301.3867501438524,2.2486005946120713e-07,2.5499999999997436,2.5500000000074725,-7.7289286082304898e-12
450,0.0060000000000000001,301.41126847351779,301.41126828114449,1.9237330661781016e-07,2.54999999999308,2.5500000000000504,-6.9704242378065828e-12
450,0.0070000000000000001,301.44124195242614,301.44124179904469,1.5338144976340118e-07,2.549999999847405,2.5499999998549416,-7.5366379803654127e-12
450,0.0080000000000000002,301.47716696081,301.47716685287457,1.0793542060127947e-07,2.5499999972576997,2.5499999972801271,-2.2427393275847862e-11
450,0.0090000000000000011,301.519613245985,301.51961318950754,5.6477460930182133e-08,2.5499999598888761,2.5499999600658318,-1.769557833597446e-10
450,0.01,301.56922223931156,301.56922223954012,-2.2856738723930903e-10,2.5499995225967473,2.5499995239886326,-1.3918852737049292e-09
450,0.010999999999999999,301.62670420761719,301.62670426941287,-6.179567435538047e-08,2.5499953737128251,2.5499953824495685,-8.7367433287965923e-09
450,0.012,301.6928337427554,301.69283387220327,-1.2944786931257113e-07,2.5499634499802122,2.5499634923294248,-4.2349212581171969e-08
450,0.013000000000000001,301.76844224627308,301.76844245264192,-2.0636883846236742e-07,2.5497640801017543,2.5497642353780758,-1.5527632157841254e-07
450,0.014,301.85440527592306,301.85440557105824,-2.9513518029489205e-07,2.5487521805440059,2.5487525965041136,-4.1596010769140435e-07
450,0.014999999999999999,301.95162201719086,301.95162240976373,-3.9257287198779522e-07,2.5445701953808086,2.5445709457915822,-7.5041077352011598e-07
450,0.016,302.06098440225452,302.06098488786984,-4.85615316847543e-07,2.5304589083411244,2.5304595701915398,-6.6185041536215294e-07
450,0.017000000000000001,302.18333527354088,302.18333583064748,-5.5710660262775491e-07,2.4914370243780324,2.4914363537293225,6.7064870989952396e-07
450,0.018000000000000002,302.31941875312725,302.31941935186234,-5.9873508462260361e-07,2.4025503631946106,2.4025470327219525,3.3304726581029342e-06
450,0.019,302.46983073108191,302.46983134442399,-6.1334208112384658e-07,2.2345818737193923,2.2345763264124154,5.547306976882993e-06
450,0.02,302.63498095499091,302.63498157457565,-6.1958473906997824e-07,1.9686770608186148,1.9686723136061925,4.7472124222736056e-06
460,0,301.34793722310121,301.34793692720706,2.9589415362352156e-07,2.5499999999999998,2.5500000002197529,-2.1975310460220498e-10
460,0.001,301.35006047929511,301.35006018467135,2.9462376005540136e-07,2.5499999999999998,2.5500000000193981,-1.9398260775460585e-11
460,0.002,301.35646867616532,301.35646839016647,2.859988512682321e-07,2.5499999999999998,2.5500000000132834,-1.3283596445035073e-11
460,0.0030000000000000001,301.36727705224286,301.36727678078341,2.7145944159201463e-07,2.5499999999999989,2.5500000000105225,-1.0523582005816934e-11
460,0.0040000000000000001,301.38267750558805,301.38267725469638,2.5089167365877074e-07,2.5499999999999847,2.5500000000088421,-8.8573592904594989e-12
460,0.0050000000000000001,301.40293830423184,301.40293808005953,2.2417231093641021e-07,2.5499999999995415,2.5500000000072718,-7.73026087586004e-12
460,0.0060000000000000001,301.42840360036013,301.42840340911869,1.9124144046145375e-07,2.549999999988481,2.549999999995495,-7.013944980371889e-12
460,0.0070000000000000001,301.45949266279973,301.45949251063922,1.5216050996968988e-07,2.5499999997622322,2.5499999997703555,-8.1232798265773454e-12
460,0.0080000000000000002,301.49669869620357,301.4966985891063,1.0709726439017686e-07,2.5499999959810293,2.5499999960096558,-2.8626434556144886e-11
460,0.0090000000000000011,301.54058702798551,301.54058697182541,5.6160104122682242e-08,2.5499999444430199,2.5499999446707902,-2.2777024710762817e-10
460,0.01,301.59179228476262,301.59179228567814,-9.1552010417217389e-10,2.5499993720624059,2.5499993737739923,-1.7115864281436188e-09
460,0.010999999999999999,301.65101392327193,301.65101398826795,-6.4996015680662822e-08,2.5499941937254977,2.5499942039787462,-1.0253248472480436e-08
460,0.012,301.71900913405443,301.71900927129479,-1.3724036307394272e-07,2.5499560202454088,2.5499560678651267,-4.7619717946645324e-08
460,0.013000000000000001,301.79658178052239,301.79658199841083,-2.1788844151160447e-07,2.5497265479076567,2.5497267158858623,-1.6797820556746501e-07
460,0.014,301.88456585690511,301.88456616149591,-3.0459079880529316e-07,2.5486002540321513,2.5486006883877721,-4.3435562080418322e-07
460,0.014999999999999999,301.98380222218816,301.98380261353958,-3.9135142060331418e-07,2.5440781170719413,2.5440788737846978,-7.5671275645561309e-07
460,0.016,302.09510835884731,302.0951088282136,-4.6936628450566786e-07,2.5291860937603348,2.529186724816566,-6.3105623127057697e-07
460,0.017000000000000001,302.21924268917502,302.21924321985074,-5.3067572025611298e-07,2.4888155396809029,2.4888148141135753,7.2556732755302278e-07
460,0.018000000000000002,302.35686726022675,302.35686783153767,-5.7131092034978792e-07,2.3982729116966626,2.3982695737614685,3.3379351940254764e-06
460,0.019,302.50851464611168,302.50851523797405,-5.9186237422181875e-07,2.2291064908039191,2.2291010296460576,5.4611578614860434e-06
460,0.02,302.67456577268439,302.67456637670392,-6.0401953305699863e-07,1.963298593087385,1.9632939524991111,4.6405882738742577e-06
470,0,301.36254853716588,301.36254824072853,2.9643734933415544e-07,2.5499999999999998,2.550000000219752,-2.1975221642378528e-10
470,0.001,301.36475820227207,301.36475790718214,2.9508993293347885e-07,2.5499999999999998,2.5500000000193994,-1.9399593043090135e-11
470,0.002,301.37142551130341,301.37142522505559,2.8624782544284244e-07,2.5500000000000003,2.5500000000132848,-1.3284484623454773e-11
470,0.0030000000000000001,301.3826653361254,301.38266506472922,2.7139617486682255e-07,2.5499999999999989,2.550000000010523,-1.0524026095026784e-11
470,0.0040000000000000001,301.39866888577336,301.39866863527726,2.5049610030691838e-07,2.549999999999971,2.5500000000088314,-8.8604679149284493e-12
470,0.0050000000000000001,301.41970329227138,301.41970306876021,2.2351116513164015e-07,2.5499999999992009,2.5500000000069383,-7.737366303217641e-12
470,0.0060000000000000001,301.44611092542948,301.44611073500528,1.9042420262849191e-07,2.5499999999812246,2.5499999999883016,-7.0770056481705979e-12
470,0.0070000000000000001,301.47830830584195,301.47830815463544,1.5120650687094894e-07,2.5499999996362166,2.5499999996451517,-8.9350749021832598e-12
470,0.0080000000000000002,301.51678440338856,301.5167842976532,1.0573535291769076e-07,2.5499999942014986,2.5499999942381857,-3.6687097804133373e-11
470,0.0090000000000000011,301.56209798509769,301.56209793139124,5.3706457947555464e-08,2.5499999240635924,2.5499999243538252,-2.9023272674066902e-10
470,0.01,301.61487350641437,301.61487351176532,-5.3509552344621625e-09,2.5499991831680719,2.5499991852528261,-2.0847541470914166e-09
470,0.010999999999999999,301.67579484005535,301.67579491187888,-7.1823535563453333e-08,2.5499927788540298,2.5499927907947422,-1.194071241883421e-08
470,0.012,301.74559595920283,301.74559610465673,-1.4545389603881631e-07,2.5499474671313722,2.5499475203599085,-5.3228536245342184e-08
470,0.013000000000000001,301.82504763311056,301.8250478577462,-2.2463564164354466e-07,2.5496848684203024,2.5496850493409884,-1.80920685988184e-07
470,0.014,301.91493938150461,301.91493968745664,-3.0595202815675293e-07,2.548436732209522,2.5484371843747797,-4.5216525768054794e-07
470,0.014999999999999999,302.01605648729799,302.01605687161816,-3.8432017390732653e-07,2.5435623479941563,2.5435631094451208,-7.6145096450375149e-07
470,0.016,302.12915282352714,302.12915327753689,-4.5400975068332627e-07,2.5278807705925961,2.5278813702213019,-5.9962870579965966e-07
470,0.017000000000000001,302.25492149977538,302.25492200993642,-5.1016104407608509e-07,2.4861726321605384,2.4861718538515336,7.7830900480080345e-07
470,0.018000000000000002,302.39396658496332,302.39396713487236,-5.4990903208818054e-07,2.3940134924533627,2.3940101493477175,3.3431056452037922e-06
470,0.019,302.54677999763879,302.54678057043242,-5.7279362408735324e-07,2.2236955591816479,2.2236901822166475,5.3769650003587799e-06
470,0.02,302.71372766486627,302.71372825304371,-5.8817744275074801e-07,1.9579976821160445,1.9579931442997682,4.5378162762954588e-06
480,0,301.37774257603627,301.37774227954674,2.9648953159266966e-07,2.5499999999999998,2.5500000002197529,-2.1975310460220498e-10
480,0.001,301.38003834197264,301.38003804687236,2.9510027843571152e-07,2.5499999999999998,2.5500000000193972,-1.9397372597040885e-11
480,0.002,301.3869637875776,301.38696350143647,2.861411303456407e-07,2.5499999999999998,2.5500000000132839,-1.3284040534244923e-11
480,0.0030000000000000001,301.3986332572041,301.39863298608839,2.7111570943816332e-07,2.5499999999999976,2.550000000010523,-1.0525358362656334e-11
480,0.0040000000000000001,301.41523697585154,301.41523672585919,2.499923539289739e-07,2.5499999999999483,2.5500000000088101,-8.8618001825579995e-12
480,0.0050000000000000001,301.43704045657262,301.4370402338709,2.2270171484706225e-07,2.549999999998636,2.5500000000063752,-7.7391426600570412e-12
480,0.0060000000000000001,301.46438351925815,301.46438333012628,1.8913186750069144e-07,2.5499999999699936,2.5499999999771652,-7.1715966498686612e-12
480,0.0070000000000000001,301.49767873858326,301.49767858946973,1.4911353218849399e-07,2.5499999994528633,2.5499999994629015,-1.0038192499450815e-11
480,0.0080000000000000002,301.53740904523579,301.53740894281185,1.0242393955195439e-07,2.5499999917560361,2.5499999918030616,-4.7025494609442831e-11
480,0.0090000000000000011,301.58412408872874,301.58412403988012,4.8848619371710811e-08,2.5499998974931724,2.5499998978593754,-3.6620306786971923e-10
480,0.01,301.63843484581133,301.63843485747071,-1.1659381016215775e-08,2.5499989484528749,2.5499989509695142,-2.5166393413655896e-09
480,0.010999999999999999,301.70100585797775,301.70100593669525,-7.8717505402892129e-08,2.5499910957056788,2.5499911095117485,-1.3806069620869721e-08
480,0.012,301.77254445766977,301.77254460887048,-1.5120070884222514e-07,2.5499376816581409,2.5499377408260608,-5.9167919896907506e-08
480,0.013000000000000001,301.85378646207192,301.85378668907146,-2.2699953206029022e-07,2.5496388001361407,2.5496389941963686,-1.9406022788714949e-07
480,0.014,301.94547813721437,301.94547844019843,-3.0298406272777356e-07,2.5482613250473261,2.5482617943954611,-4.693481350237505e-07
480,0.014999999999999999,302.04835478945904,302.04835516472792,-3.7526888263528235e-07,2.5430229771633219,2.5430237418538559,-7.6469053400529674e-07
480,0.016,302.16311708526064,302.16311752502673,-4.3976609731544158e-07,2.5265439380203309,2.5265445057180309,-5.6769769996023456e-07
480,0.017000000000000001,302.29040700649324,302.29040749937013,-4.9287689307675464e-07,2.4835098780828297,2.4835090491643914,8.2891843833365897e-07
480,0.018000000000000002,302.43078601579731,302.43078654788565,-5.3208833605822292e-07,2.3897726512592321,2.3897693050934361,3.3461657960032198e-06
480,0.019,302.58471830574069,302.58471886202216,-5.5628146355957142e-07,2.2183474370579641,2.2183421423784808,5.2946794832919863e-06
480,0.02,302.75256254150401,302.75256233162207,2.0988193227822194e-07,1.9527717770098687,1.9527673382810913,4.4387287774227957e-06
490,0,301.39351686504233,301.39351657067698,2.9436534987326013e-07,2.5499999999999998,2.5500000002431302,-2.4313040469792213e-10
490,0.001,301.39589828994559,301.39589799536765,2.9457794425979955e-07,2.5499999999999998,2.5500000000214627,-2.1462831512053526e-11
490,0.002,301.4030804753105,301.40308018977606,2.855344405361393e-07,2.5500000000000003,2.5500000000147005,-1.4700241024456773e-11
490,0.0030000000000000001,301.41517701201332,301.41517674172059,2.7029273041989654e-07,2.5499999999999963,2.5500000000116403,-1.1644019082268642e-11
490,0.0040000000000000001,301.43237672249285,301.43237647368056,2.4881228455342352e-07,2.5499999999999079,2.5500000000097134,-9.8054897534893826e-12
490,0.0050000000000000001,301.45494282545809,301.45494260447003,2.2098805629866547e-07,2.5499999999977234,2.5500000000062966,-8.5731421961554588e-12
490,0.0060000000000000001,301.4832115725003,301.48321138582497,1.8667532231120276e-07,2.549999999952929,2.5499999999609662,-8.0371265198664332e-12
490,0.0070000000000000001,301.51759014113196,301.51758999541948,1.4571247675121413e-07,2.5499999991902285,2.549999999202412,-1.2183587472236468e-11
490,0.0080000000000000002,301.55855348479747,301.55855338682011,9.7977363111567684e-08,2.5499999884399345,2.5499999885006872,-6.0752736175118116e-11
490,0.0090000000000000011,301.60663975592479,301.60663971243349,4.3491297674336238e-08,2.549999863235918,2.5499998636941892,-4.5827119876662437e-10
490,0.01,301.66244385295573,301.66244387037898,-1.7423246845282847e-08,2.5499986594731063,2.5499986624862063,-3.0130999917332701e-09
490,0.010999999999999999,301.72660862720016,301.72660871112998,-8.3929819538752781e-08,2.5499891082033193,2.5499891240592487,-1.5855929458297169e-08
490,0.012,301.79981335908474,301.79981351346675,-1.5438200762218912e-07,2.549926551163181,2.5499266165919061,-6.5428725104510477e-08
490,0.013000000000000001,301.88275932219079,301.88275954833023,-2.2613943428950734e-07,2.5495881044428708,2.5495883117972329,-2.073543621250451e-07
490,0.014,301.97615270242437,301.97615299971096,-2.9728659001193591e-07,2.5480737645178748,2.5480742503879825,-4.8587010770262395e-07
490,0.014999999999999999,302.08068630455506,302.08068667351142,-3.6895636412737076e-07,2.5424601253670911,2.5424608918667317,-7.6649964064756659e-07
490,0.016,302.19702506404525,302.19702549588862,-4.3184337528145988e-07,2.5251765836882303,2.5251771190709942,-5.3538276389986095e-07
490,0.017000000000000001,302.32580965764913,302.32581012731941,-4.6967028310973546e-07,2.4808287682096313,2.4808278907646106,8.7744502064168728e-07
490,0.018000000000000002,302.46770736139592,302.4677078659517,-5.0455577138563967e-07,2.3855508641837684,2.3855475168996061,3.347284162291686e-06
490,0.019,302.62354207547111,302.6235426748691,-5.9939799257335835e-07,2.2130605450365635,2.2130553307852803,5.214251283192084e-06
490,0.02,302.79449235261404,302.79449314222438,-7.8961033977975603e-07,1.9476186818297863,1.9476143394385401,4.3423912461371117e-06
500,0,301.40986786907899,301.40986757553941,2.9353958552746917e-07,2.5499999999999998,2.5500000002431311,-2.4313129287634183e-10
500,0.001,301.41233432488599,301.41233403119287,2.9369311960181221e-07,2.5499999999999998,2.5500000000214644,-2.1464607868892926e-11
500,0.002,301.41977126964042,301.41977098517322,2.8446720534702763e-07,2.5499999999999998,2.550000000014697,-1.4697132399987822e-11
500,0.0030000000000000001,301.43229124093813,301.43229097203118,2.689069447114889e-07,2.5499999999999936,2.5500000000116354,-1.1641798636219391e-11
500,0.0040000000000000001,301.45008112349734,301.45008087654054,2.4695680167496903e-07,2.5499999999998386,2.5500000000096432,-9.8046015750696824e-12
500,0.0050000000000000001,301.47340102623383,301.47340080772716,2.1850667053513462e-07,2.5499999999962721,2.5500000000048599,-8.5877971400805109e-12
500,0.0060000000000000001,301.50258249377396,301.50258231033428,1.8343968122280785e-07,2.5499999999274348,2.549999999935658,-8.2231998987936095e-12
500,0.0070000000000000001,301.53802582951351,301.53802568781799,1.4169552287057741e-07,2.5499999988195299,2.5499999988336719,-1.4142020887675244e-11
500,0.0080000000000000002,301.58019624393364,301.58019615054667,9.3386972821463132e-08,2.5499999839991729,2.5499999840763694,-7.7196471437446235e-11
500,0.0090000000000000011,301.62961849611361,301.62961845717564,3.8937969293328933e-08,2.5499998195290825,2.549999820096533,-5.6745053100826226e-10
500,0.01,301.68686969529608,301.68686971626641,-2.0970333025616128e-08,2.5499983067441541,2.5499983103225015,-3.5783473961714662e-09
500,0.010999999999999999,301.75257002861667,301.7525701146256,-8.6008924427005695e-08,2.5499867775938805,2.5499867956883384,-1.8094457931994157e-08
500,0.012,301.82737150353699,301.8273716602892,-1.5675220765842823e-07,2.5499139596771681,2.5499140316759115,-7.1998743411683108e-08
500,0.013000000000000001,301.91194558808832,301.91194582055942,-2.3247110902957502e-07,2.5495325463728511,2.549532767133432,-2.2076058092679318e-07
500,0.014,302.0069722809136,302.00697258613582,-3.0522221550199902e-07,2.5478738043099094,2.5478743060119737,-5.01702064337195e-07
500,0.014999999999999999,302.11313591042324,302.11313626953307,-3.5910983342546388e-07,2.5418739423009034,2.5418747092471432,-7.6694623984963073e-07
500,0.016,302.23113624577746,302.2311366359371,-3.9015964148347848e-07,2.523779681572575,2.5237801843630812,-5.0279050611834464e-07
500,0.017000000000000001,302.36172487637742,302.36172530447175,-4.2809432443391415e-07,2.4781307123895302,2.4781297884460103,9.2394351991487156e-07
500,0.018000000000000002,302.5057721781518,302.50577269785481,-5.1970300773973577e-07,2.3813485443481333,2.381345197730385,3.3466177482566195e-06
500,0.019,302.66435700036556,302.6643576818031,-6.8143754106131382e-07,2.2078333651928044,2.2078282295538956,5.1356389088041965e-06
500,0.02,302.83885356450503,302.838854443554,-8.7904896872714744e-07,1.9425360624337973,1.9425318126552056,4.2497785917028352e-06
510,0,301.42679062770009,301.42679033562865,2.9207143370513222e-07,2.5499999999999998,2.5500000002431298,-2.4312996060871228e-10
510,0.001,301.42934124903724,301.42934095688366,2.9215357244538609e-07,2.5499999999999994,2.5500000000214635,-2.1464163779683076e-11
510,0.002,301.43703024252414,301.43702995981016,2.8271398377910373e-07,2.5499999999999994,2.5500000000146952,-1.4695800132358272e-11
510,0.0030000000000000001,301.4499687429356,301.44996847613311,2.6680248765842407e-07,2.5499999999999887,2.5500000000116301,-1.1641354547009541e-11
510,0.0040000000000000001,301.4683410982766,301.46834085388861,2.4438799073323025e-07,2.5499999999997249,2.5500000000095313,-9.8063779319090827e-12
510,0.0050000000000000001,301.49240344661604,301.49240323118892,2.1542712147493148e-07,2.5499999999940113,2.5500000000026208,-8.6095575113631639e-12
510,0.0060000000000000001,301.52248151014368,301.52248133021953,1.7992414313994232e-07,2.5499999998899576,2.5499999998984384,-8.4807716405066458e-12
510,0.0070000000000000001,301.55896740502067,301.55896726707863,1.3794203823636053e-07,2.5499999983034964,2.5499999983201893,-1.6692869309054004e-11
510,0.0080000000000000002,301.60231524038079,301.60231515085405,8.952673624662566e-08,2.5499999781219356,2.5499999782195313,-9.7595709291908861e-11
510,0.0090000000000000011,301.65303531091229,301.65303527630641,3.4605875498527894e-08,2.549999764313625,2.5499997650102384,-6.9661343360394312e-10
510,0.01,301.71168683344746,301.71168686026891,-2.682145350263454e-08,2.5499978796865244,2.5499978839046675,-4.2181431680887727e-09
510,0.010999999999999999,301.77886953243495,301.77886962618828,-9.375332865602104e-08,2.5499840624735119,2.5499840829999867,-2.0526474742155187e-08
510,0.012,301.85521505680282,301.85521521950898,-1.6270615788016585e-07,2.54989978830681,2.549899867172698,-7.8865888042400911e-08
510,0.013000000000000001,301.9413802790254,301.94138050646905,-2.2744364969184971e-07,2.5494718952846478,2.5494721295237914,-2.3423914363718268e-07
510,0.014,302.03804585752357,302.03804613977564,-2.822520741574408e-07,2.5476612194423587,2.5476617362637044,-5.1682134571962024e-07
510,0.014999999999999999,302.14592452120405,302.14592484990925,-3.2870519817151944e-07,2.5412646038637647,2.5412653699630443,-7.6609927956994284e-07
510,0.016,302.26578340309464,302.26578378318339,-3.8008874980732799e-07,2.5223541902090245,2.5223546602279669,-4.7001894243337006e-07
510,0.017000000000000001,302.39848233241781,302.39848278748485,-4.550670382741373e-07,2.4754170439391401,2.4754160754713213,9.6846781882931054e-07
510,0.018000000000000002,302.54502489272829,302.5450254592713,-5.6654300806258107e-07,2.3771660480271342,2.3771627037187382,3.3443083959916464e-06
510,0.019,302.70661248547003,302.70661319680283,-7.1133280243884656e-07,2.2026644422143224,2.2026593834276751,5.0587866473605914e-06
510,0.02,302.88468648184835,302.88468737033458,-8.8848622681325651e-07,1.9375216770095094,1.9375175166921821,4.1603173273063732e-06
520,0,301.44427847099666,301.44427818109966,2.8989700240344973e-07,2.5499999999999998,2.550000000243128,-2.4312818425187288e-10
520,0.001,301.44691212609433,301.44691183618147,2.899128617173119e-07,2.5499999999999998,2.5500000000214631,-2.1463275601263376e-11
520,0.002,301.45484965271947,301.45484937243583,2.8028364340570988e-07,2.5499999999999989,2.5500000000146947,-1.4695800132358272e-11
520,0.0030000000000000001,301.46820042321656,301.46820015913096,2.6408559961055289e-07,2.5499999999999803,2.5500000000116216,-1.1641354547009541e-11
520,0.0040000000000000001,301.4871456581181,301.48714541679749,2.4132060616466333e-07,2.5499999999995393,2.5500000000093461,-9.8068220211189328e-12
520,0.0050000000000000001,301.51193673230773,301.51193652035221,2.1195552335484535e-07,2.5499999999905496,2.5499999999991889,-8.6393114884231181e-12
520,0.0060000000000000001,301.54289263099037,301.54289245505208,1.7593828260942246e-07,2.549999999835693,2.5499999998445211,-8.8280494026093947e-12
520,0.0070000000000000001,301.58039642543093,301.5803962922094,1.3322153336048359e-07,2.5499999975944521,2.5499999976144441,-1.9992008049030119e-11
520,0.0080000000000000002,301.62489068237073,301.62489059849219,8.3878546774940332e-08,2.549999970429321,2.5499999705519811,-1.2266010429584639e-10
520,0.0090000000000000011,301.67687185933659,301.67687183092755,2.8409033347998047e-08,2.5499996952042268,2.5499996960523958,-8.4816909051710354e-10
520,0.01,301.73688401870942,301.73688405050075,-3.1791330457053846e-08,2.5499973665766418,2.5499973715142663,-4.9376245314647349e-09
520,0.010999999999999999,301.80551265376141,301.80551274787456,-9.4113147497409955e-08,2.5499809188288887,2.5499809419842574,-2.3155368733540627e-08
520,0.012,301.88338004638524,301.88338020156453,-1.5517929341513081e-07,2.5498839156207493,2.5498840016371163,-8.6016366918073572e-08
520,0.013000000000000001,301.97114424850753,301.97114446099812,-2.1249059045658214e-07,2.5494059254730823,2.5494061732245954,-2.4775151308276122e-07
520,0.014,302.06950422589267,302.0695044926656,-2.6677292908061645e-07,2.5474358057907707,2.5474363370007853,-5.3121001464262463e-07
520,0.014999999999999999,302.17921352305655,302.17921384660241,-3.2354586210203706e-07,2.5406323096125707,2.5406330736396097,-7.6402703896860658e-07
520,0.016,302.30110360993768,302.30110400174146,-3.9180378053060849e-07,2.5209010512380732,2.5209014883942036,-4.3715613040617995e-07
520,0.017000000000000001,302.43611572149752,302.43611620156241,-4.8006489805629826e-07,2.4726890238192198,2.4726880127452628,1.0110739570023952e-06
520,0.018000000000000002,302.58533688999046,302.5853374826799,-5.9268944596624351e-07,2.3730036802407679,2.3730003397529491,3.3404878188036946e-06
520,0.019,302.75003297672293,302.75003370465805,-7.2793511662894161e-07,2.1975523757081219,2.1975473920713626,4.9836367592703823e-06
520,0.02,302.93167011976016,302.93167101606667,-8.9630651700645103e-07,1.9325734335274694,1.9325693597047375,4.0738227318204423e-06
530,0,301.46232291936496,301.46232263236362,2.8700134180326131e-07,2.5499999999999998,2.5500000002431307,-2.4313084878713198e-10
530,0.001,301.46503821350774,301.46503792655511,2.869526269932976e-07,2.5499999999999998,2.5500000000214644,-2.1464607868892926e-11
530,0.002,301.47321998033965,301.47321970321002,2.7712962946679909e-07,2.5499999999999985,2.5500000000146974,-1.4698908756827223e-11
530,0.0030000000000000001,301.48697551528403,301.48697525467895,2.6060507707370562e-07,2.549999999999967,2.5500000000116083,-1.1641354547009541e-11
530,0.0040000000000000001,301.50648243349355,301.50648219611639,2.3737715082461364e-07,2.549999999999244,2.5500000000090539,-9.8099306455878832e-12
530,0.0050000000000000001,301.5319867987115,301.53198659127844,2.0743306095027947e-07,2.5499999999853316,2.5499999999940131,-8.6814999633588741e-12
530,0.0060000000000000001,301.56380042077734,301.56380024994309,1.7083425518649165e-07,2.5499999997582328,2.5499999997675302,-9.2974516974209109e-12
530,0.0070000000000000001,301.60229730867388,301.60229718083667,1.2783721103915013e-07,2.5499999966321085,2.5499999966563101,-2.4201529669198862e-11
530,0.0080000000000000002,301.64790937204498,301.64790929298192,7.9063056546146981e-08,2.5499999604652799,2.5499999606184396,-1.5315970713913885e-10
530,0.0090000000000000011,301.70112166085482,301.70112163520969,2.5645135792728979e-08,2.5499996094589314,2.5499996104835723,-1.0246408166381116e-09
530,0.01,301.76246773030874,301.76246776108604,-3.0777300707995892e-08,2.5499967545027804,2.5499967602445417,-5.741761288646785e-09
530,0.010999999999999999,301.83252609364433,301.83252618202772,-8.8383387719659368e-08,2.5499773000933326,2.5499773260769487,-2.5983616147584598e-08
530,0.012,301.91191910218203,301.91191924805281,-1.4587078567274148e-07,2.5498662180346208,2.549866311469974,-9.3435353232251828e-08
530,0.013000000000000001,302.00131582780665,302.00131603113499,-2.0332834083092166e-07,2.5493344167102312,2.5493346779711286,-2.6126089736067115e-07
530,0.014,302.10144042671385,302.10144068959909,-2.6288523713446921e-07,2.5471973795434906,2.5471979243982501,-5.4485475953214291e-07
530,0.014999999999999999,302.21308685380006,302.21308718243233,-3.2863226806512102e-07,2.5399772803752985,2.5399780411723709,-7.6079707245213513e-07
530,0.016,302.33713959904941,302.33714000463357,-4.055841600347776e-07,2.5194211882270432,2.5194215925085537,-4.0428151049098915e-07
530,0.017000000000000001,302.47459846052266,302.47459895882008,-4.9829742465590243e-07,2.4699478446020331,2.4699467927831531,1.0518188799935047e-06
530,0.018000000000000002,302.62660363462891,302.62660424414753,-6.0951862224101205e-07,2.3688616998787815,2.3688583646012105,3.3352775710149274e-06
530,0.019,302.79445615611024,302.79445689562925,-7.3951900958491024e-07,2.1924958144650923,2.1924909043233316,4.9101417607388953e-06
530,0.02,302.97962852046686,302.97962942298909,-9.0252223117204267e-07,1.9276893500639702,1.9276853599232873,3.9901406829745412e-06
540,0,301.48091384288091,301.48091355965522,2.8322568823568872e-07,2.5499999999999994,2.5500000002431298,-2.4313040469792213e-10
540,0.001,301.48370916843635,301.48370888533248,2.8310387278907001e-07,2.5499999999999994,2.5500000000214627,-2.1463275601263376e-11
540,0.002,301.49213027980227,301.49213000673177,2.7307049776936765e-07,2.5499999999999972,2.5500000000146952,-1.4698020578407522e-11
540,0.0030000000000000001,301.50628220175139,301.50628194551956,2.5623182864364935e-07,2.5499999999999425,2.5500000000115857,-1.1643130903848942e-11
540,0.0040000000000000001,301.52633870870756,301.52633847604096,2.3266659354703734e-07,2.5499999999987786,2.5500000000085947,-9.8161478945257841e-12
540,0.0050000000000000001,301.55254042499155,301.55254022247527,2.0251627574907616e-07,2.5499999999775906,2.5499999999863321,-8.7414520066886325e-12
540,0.0060000000000000001,301.58519219839718,301.58519203231685,1.6608032638032455e-07,2.5499999996491431,2.5499999996590619,-9.9187325020011485e-12
540,0.0070000000000000001,301.62465985457692,301.62465973067594,1.2390097481329576e-07,2.5499999953410404,2.5499999953705568,-2.9516389332684412e-11
540,0.0080000000000000002,301.67136657144977,301.67136649464067,7.6809101301478222e-08,2.5499999476857984,2.5499999478757522,-1.8995383044284608e-10
540,0.0090000000000000011,301.72578930408287,301.72578927820064,2.5882229692797409e-08,2.5499995039487064,2.5499995051773632,-1.2286567319108599e-09
540,0.01,301.78845592403826,301.78845595177137,-2.7733108254324179e-08,2.5499960293264921,2.549996035961855,-6.6353629257775992e-09
540,0.010999999999999999,301.85994396705598,301.85994405020625,-8.315026889249566e-08,2.5499731572166948,2.5499731862294697,-2.9012774849235257e-08
540,0.012,301.94088203105912,301.94088217120981,-1.4015068927619723e-07,2.5498465701921127,2.5498466712991967,-1.0110708403843205e-07
540,0.013000000000000001,302.03195483160874,302.03195503114654,-1.9953779428760754e-07,2.5492571547198892,2.5492574294521821,-2.7473229291530288e-07
540,0.014,302.13391260646131,302.13391286974445,-2.6328314106649486e-07,2.5469457766003729,2.5469463343469818,-5.5774660889795769e-07
540,0.014999999999999999,302.24758491270427,302.2475852470202,-3.343159278301755e-07,2.5392997560186363,2.5393005124948691,-7.5647623276609011e-07
540,0.016,302.37389791791372,302.37389833390262,-4.1598889310989762e-07,2.5179155057340017,2.517915877200696,-3.7146669429333201e-07
540,0.017000000000000001,302.51389320915968,302.51389372055371,-5.1139403467459488e-07,2.4671946342407596,2.46719354348016,1.0907605996202108e-06
540,0.018000000000000002,302.6687451957294,302.66874581837197,-6.2264257394417655e-07,2.3647403242055325,2.3647369954157087,3.3287898237865932e-06
540,0.019,302.83977367110145,302.83977442206304,-7.5096158980159089e-07,2.1874934544674085,2.1874886162104112,4.8382569972638123e-06
540,0.02,303.02844756860537,303.02844919285286,-1.6242474885075353e-06,1.9228675426539503,1.9228636335424143,3.9091115360267992e-06
550,0,301.50003997494684,301.50003969548578,2.7946106229137513e-07,2.5499999999999998,2.5500000002384544,-2.3845458940741082e-10
550,0.001,301.50291361668656,301.502913338111,2.7857555551236146e-07,2.5499999999999994,2.5500000000210514,-2.1052048992942218e-11
550,0.002,301.5115689116916,301.51156864324582,2.6844577405427117e-07,2.5499999999999958,2.5500000000144087,-1.4412915305683782e-11
550,0.0030000000000000001,301.5261085997742,301.52610834822929,2.5154491822831915e-07,2.5499999999999035,2.5500000000113223,-1.141886585287466e-11
550,0.0040000000000000001,301.54670269586239,301.5467024678133,2.2804908894613618e-07,2.5499999999980627,2.5500000000076977,-9.6349594969069585e-12
550,0.0050000000000000001,301.57358671890239,301.57358652066881,1.9823357888526516e-07,2.5499999999662717,2.5499999999749319,-8.6601836812860711e-12
550,0.0060000000000000001,301.60705935133626,301.60705918880524,1.625310233066557e-07,2.5499999994974512,2.5499999995080405,-1.0589307208874743e-11
550,0.0070000000000000001,301.64747972618579,301.64747960462876,1.2155703643657034e-07,2.5499999936278406,2.5499999936638678,-3.602718123829618e-11
550,0.0080000000000000002,301.69526466413487,301.69526458804978,7.608508667544811e-08,2.5499999314473758,2.549999931681235,-2.3385915426388237e-10
550,0.0090000000000000011,301.75088633342449,301.75088630647303,2.6951454401569208e-08,2.5499993751271721,2.5499993765899931,-1.4628209754619093e-09
550,0.01,301.81487095408926,301.81487097921263,-2.5123370051005622e-08,2.5499951756497659,2.5499951832727215,-7.6229556000839693e-09
550,0.010999999999999999,301.88779927047909,301.88779935027304,-7.9793949225859251e-08,2.5499684387476043,2.549968470991093,-3.2243488767846884e-08
550,0.012,301.97030951397142,301.97030965144671,-1.3747529692409444e-07,2.5498248453389718,2.5498249543539582,-1.0901498637139184e-07
550,0.013000000000000001,302.06310340865207,302.0631036085648,-1.9991273347841343e-07,2.5491739315886579,2.5491742197209204,-2.8813226249368995e-07
550,0.014,302.16695536121665,302.16695563092156,-2.6970491262545693e-07,2.5466808519272215,2.5466814218069316,-5.6987971008837235e-07
550,0.014999999999999999,302.28272411282063,302.28272445780192,-3.4498128798077232e-07,2.5385999933670491,2.5386007444964998,-7.5112945063793291e-07
550,0.016,302.41136408163698,302.41136450208091,-4.2044393921969458e-07,2.5163848885818902,2.5163852273585414,-3.3877665117643119e-07
550,0.017000000000000001,302.55392900611685,302.55392952442918,-5.183123334973061e-07,2.4644304596444955,2.4644293316891761,1.127955319368823e-06
550,0.018000000000000002,302.71155364746159,302.7115543086403,-6.6117871710957843e-07,2.3606397327834361,2.3606364116567318,3.3211267043142811e-06
550,0.019,302.8853978941732,302.88539867967984,-7.8550664284193772e-07,2.1825440373600351,2.1825392694198928,4.7679401422584533e-06
550,0.02,303.07655663781418,303.07655750952807,-8.7171389395734877e-07,1.9181061731822502,1.918102342397745,3.8307845051654965e-06
560,0,301.51968974704965,301.51968947254727,2.745023834904714e-07,2.5499999999999998,2.5500000002384575,-2.3845769803187977e-10
560,0.001,301.52264002022287,301.52263974659729,2.7362557375454344e-07,2.5499999999999998,2.5500000000210514,-2.1051604903732368e-11
560,0.002,301.53152449173052,301.53152422818965,2.6354086912760977e-07,2.5499999999999923,2.5500000000144047,-1.4412471216473932e-11
560,0.0030000000000000001,301.54644378629257,301.54644353951494,2.4677763121871976e-07,2.54999999999984,2.5500000000112601,-1.142019812050421e-11
560,0.0040000000000000001,301.56756453387203,301.56756431027935,2.2359267859428655e-07,2.5499999999969738,2.5500000000066216,-9.6478380839926103e-12
560,0.0050000000000000001,301.59511785002053,301.59511765567311,1.9434742171142716e-07,2.5499999999499505,2.5499999999587213,-8.7707618945387367e-12
560,0.0060000000000000001,301.62939741962379,301.62939726009233,1.5953145293678972e-07,2.549999999289045,2.5499999993006908,-1.1645795439108042e-11
560,0.0070000000000000001,301.67075742875369,301.67075730901541,1.1973827440669993e-07,2.5499999913779359,2.5499999914221987,-4.4262815634965591e-11
560,0.0080000000000000002,301.71961069170919,301.71961061613291,7.5576281233225018e-08,2.5499999109948668,2.5499999112809828,-2.8611601976535894e-10
560,0.0090000000000000011,301.77642742061244,301.77642739309323,2.7519206469150959e-08,2.5499992190008594,2.549999220730947,-1.7300876287151823e-09
560,0.01,301.84173515376182,301.84173517792442,-2.4162602585420245e-08,2.5499941767883878,2.5499941854973809,-8.7089930822514816e-09
560,0.010999999999999999,301.91612034760209,301.91612042667447,-7.9072378866840154e-08,2.5499630909273376,2.5499631266029041,-3.5675566500970035e-08
560,0.012,302.00023196453566,302.00023210075631,-1.3622064898299868e-07,2.5498009156878236,2.5498010328299503,-1.1714212666547041e-07
560,0.013000000000000001,302.09478692245443,302.09478711794492,-1.9549048602129915e-07,2.5490845461155547,2.5490848475460459,-3.0143049123410037e-07
560,0.014,302.2005763367091,302.20057659835396,-2.6164485689150752e-07,2.5464024788721802,2.5464030601263445,-5.8125416435572674e-07
560,0.014999999999999999,302.31846997798436,302.31847032282099,-3.4483662147977157e-07,2.5378782642637576,2.5378790090857151,-7.4482195744351998e-07
560,0.016,302.44941458937552,302.44941504236226,-4.5298673967408831e-07,2.5148302013199961,2.5148305075873338,-3.0626733771299541e-07
560,0.017000000000000001,302.59442081674314,302.59442139039186,-5.7364871963727637e-07,2.4616563300756735,2.4616551666103574,1.1634653160896846e-06
560,0.018000000000000002,302.7545353588992,302.75453602674429,-6.6784508589989855e-07,2.3565600709800347,2.356556758594222,3.3123858127481753e-06
560,0.019,302.93080072579619,302.93080144903479,-7.2323859967582393e-07,2.1776463484364657,2.1776416492935384,4.6991429272225105e-06
560,0.02,303.12421311718617,303.12421390849994,-7.9131376651275787e-07,1.9134035394194904,1.9133997846445476,3.7547749427435662e-06
570,0,301.53985221854464,301.53985194917368,2.6937095753964968e-07,2.5499999999999989,2.550000000238458,-2.3845903029950932e-10
570,0.001,301.54287759917077,301.54287733062682,2.6854394263864378e-07,2.5499999999999994,2.5500000000210514,-2.1052048992942218e-11
570,0.002,301.55198677251235,301.55198651388969,2.5862266284093494e-07,2.5499999999999874,2.5500000000144021,-1.4414691662523182e-11
570,0.0030000000000000001,301.567278559557,301.56727831738692,2.4217007421611925e-07,2.5499999999997423,2.5500000000111638,-1.142153038813376e-11
570,0.0040000000000000001,301.58891678397941,301.58891656449794,2.1948147832517861e-07,2.5499999999953462,2.5500000000050052,-9.6589403142388619e-12
570,0.0050000000000000001,301.61712907430513,301.61712888337377,1.9093135961156804e-07,2.5499999999267207,2.5499999999356402,-8.9195317798385076e-12
570,0.0060000000000000001,301.6522054313279,301.65220527435639,1.5697150956839323e-07,2.549999999005967,2.5499999990189721,-1.3005152510459084e-11
570,0.0070000000000000001,301.69449681351119,301.69449669539409,1.1811710010078968e-07,2.5499999884520479,2.5499999885064253,-5.4377391478510617e-11
570,0.0080000000000000002,301.74441406143507,301.74441398647815,7.4956915341317654e-08,2.5499998854487034,2.5499998857963964,-3.4769298551395877e-10
570,0.0090000000000000011,301.80242751923186,301.80242749107464,2.8157217002444668e-08,2.5499990310999729,2.5499990331331639,-2.0331909489357258e-09
570,0.01,301.86906767642245,301.86906769813879,-2.1716346054745372e-08,2.5499930147508372,2.5499930246483054,-9.897468178365898e-09
570,0.010999999999999999,301.94492698976018,301.94492706453292,-7.4772742664208636e-08,2.5499570577926551,2.5499570971006191,-3.9307963994872352e-08
570,0.012,302.03066268560389,302.03066281828603,-1.3268214615891338e-07,2.549774652771156,2.5497747782421869,-1.2547103089843858e-07
570,0.013000000000000001,302.12699975056233,302.12699994958183,-1.9901949599443469e-07,2.5489888041077844,2.5489891187054403,-3.1459765592600775e-07
570,0.014,302.23473255236462,302.23473282967416,-2.7730953888749355e-07,2.5461105484643598,2.5461111403349945,-5.9187063472521118e-07
570,0.014999999999999999,302.3547228384225,302.35472320569647,-3.6727396945934743e-07,2.5371348537761951,2.5371355913910718,-7.3761487673351667e-07
570,0.016,302.48789169642401,302.48789215994663,-4.6352261051652022e-07,2.5132522878364405,2.5132525618270121,-2.7399057156429762e-07
570,0.017000000000000001,302.6352039578926,302.63520451453678,-5.5664418141532224e-07,2.4588732003373726,2.4588720029920665,1.1973453060143413e-06
570,0.018000000000000002,302.79764568393676,302.79764632221008,-6.3827332041910267e-07,2.3525014531349369,2.3524981504814613,3.3026534755897785e-06
570,0.019,302.97619831000497,302.97619901964163,-7.0963665166345891e-07,2.1727992141492134,2.1727945823235255,4.6318256878841169e-06
570,0.02,303.17181547752688,303.17181626834247,-7.9081559078986174e-07,1.9087580216138889,1.9087543405527054,3.6810611834248164e-06
580,0,301.56051785038858,301.56051758606861,2.64319965026516e-07,2.5499999999999989,2.5500000002384566,-2.3845769803187977e-10
580,0.001,301.56361706806769,301.56361680449663,2.6357105298302486e-07,2.5499999999999989,2.5500000000210505,-2.1051604903732368e-11
580,0.002,301.57294725916313,301.57294700527649,2.5388663971170899e-07,2.5499999999999781,2.5500000000143936,-1.4415579840942883e-11
580,0.0030000000000000001,301.58860583112897,301.58860559329167,2.3783729830029188e-07,2.5499999999995895,2.5500000000110106,-1.142108629892391e-11
580,0.0040000000000000001,301.61075447548211,301.61075425975639,2.1572571995420731e-07,2.5499999999929446,2.5500000000026253,-9.680700685521515e-12
580,0.0050000000000000001,301.6396183075982,301.63961811965959,1.8793861045196536e-07,2.5499999998940663,2.5499999999031884,-9.1220364595301362e-12
580,0.0060000000000000001,301.67548489965679,301.67548474470476,1.549520334265253e-07,2.5499999986255979,2.5499999986403248,-1.4726886377047776e-11
580,0.0070000000000000001,301.71870342600602,301.71870330870428,1.1730173810065025e-07,2.5499999846823074,2.549999984748998,-6.6690653000023303e-11
580,0.0080000000000000002,301.76968416192744,301.76968408644103,7.548641178800608e-08,2.549999853791614,2.5499998542113644,-4.1975045661502008e-10
580,0.0090000000000000011,301.8288985436393,301.82889851388029,2.9759007702523377e-08,2.549998806450271,2.5499988088252308,-2.3749597843902848e-09
580,0.01,301.8968798780615,301.89687989823676,-2.0175264126010006e-08,2.5499916702237564,2.5499916814158912,-1.1192134774518081e-08
580,0.010999999999999999,301.97422455869764,301.97422463408003,-7.5382388331490802e-08,2.5499502812881305,2.5499503244269812,-4.3138850713830834e-08
580,0.012,302.06159329759367,302.06159343514332,-1.3754964811596437e-07,2.5497459277816485,2.5497460617656587,-1.3398401010888961e-07
580,0.013000000000000001,302.15971147498789,302.15971168318572,-2.0819783230763278e-07,2.5488865186210239,2.5488868462278358,-3.2760681190069363e-07
580,0.014,302.26936736580643,302.26936765313599,-2.8732955570376362e-07,2.5458049686881119,2.5458055704214968,-6.0173338489732942e-07
580,0.014999999999999999,302.39140692018503,302.39140729281314,-3.7262810792526579e-07,2.5363700585274276,2.5363707880954878,-7.2956806018709131e-07
580,0.016,302.52672415492509,302.52672461499452,-4.6006942966414499e-07,2.5116519711165375,2.5116522131083694,-2.4199183190631857e-07
580,0.017000000000000001,302.67624714228941,302.67624768750926,-5.452198479360959e-07,2.4560819738014636,2.4560807441501171,1.2296513465237524e-06
580,0.018000000000000002,302.84092091456154,302.84092153977639,-6.2521485233446583e-07,2.3484639654438451,2.3484606734331464,3.2920106987077702e-06
580,0.019,303.0216899276711,303.02169062768706,-7.0001595986468601e-07,2.1680015013683187,2.1679969354189912,4.5659493275174157e-06
580,0.02,303.21948347314242,303.21948425663459,-7.8349216892092954e-07,1.9041680643203771,1.9041644547747385,3.6095456386053826e-06
590,0,301.58167898395249,301.58167872438355,2.5956893523471081e-07,2.5499999999999985,2.5500000002384571,-2.3845858621029947e-10
590,0.001,301.58485106662306,301.58485080770549,2.5891756649798481e-07,2.5499999999999976,2.5500000000210488,-2.1051160814522518e-11
590,0.002,301.59439949420391,301.59439924467517,2.4952873900474515e-07,2.5499999999999643,2.5500000000143777,-1.4413359394893632e-11
590,0.0030000000000000001,301.61042066311813,301.61042042913937,2.3397876702802023e-07,2.5499999999993546,2.5500000000107792,-1.1424639012602711e-11
590,0.0040000000000000001,301.63307479034552,301.63307457777108,2.1257443449940183e-07,2.54999999998945,2.5499999999991578,-9.7077901273223688e-12
590,0.0050000000000000001,301.6625853511789,301.66258516549647,1.8568243831396103e-07,2.5499999998487035,2.549999999858088,-9.3844931825515232e-12
590,0.0060000000000000001,301.69923848405239,301.69923833035506,1.5369732864201069e-07,2.5499999981197088,2.5499999981366082,-1.6899370791634283e-11
590,0.0070000000000000001,301.74338251615819,301.74338239920382,1.1695436796799186e-07,2.5499999798680122,2.5499999799495745,-8.15623124594822e-11
590,0.0080000000000000002,301.79542774472395,301.79542766911686,7.5607090366247576e-08,2.5499998148549023,2.5499998153584107,-5.0350834612800099e-10
590,0.0090000000000000011,301.85584653405778,301.85584650455911,2.9498664844140876e-08,2.5499985395459936,2.5499985423042508,-2.7582571782147625e-09
590,0.01,301.92517364679219,301.9251736686806,-2.1888411083637038e-08,2.5499901225632233,2.549990135159649,-1.2596425680300172e-08
590,0.010999999999999999,302.0040065235562,302.00400660287113,-7.9314929735119222e-08,2.549942701385314,2.5499427485509654,-4.716565138451756e-08
590,0.012,302.09300499014472,302.09300513360739,-1.4346267107612221e-07,2.5497146118977092,2.5497147545609375,-1.4266322834188827e-07
590,0.013000000000000001,302.19288967069639,302.19288988514882,-2.1445242737172521e-07,2.5487775101517975,2.5487778505848291,-3.4043303154263072e-07
590,0.014,302.30443831263921,302.3044386040703,-2.9143109259166522e-07,2.5454856637512244,2.5454862746003801,-6.1084915570219778e-07
590,0.014999999999999999,302.4284793793928,302.42847975196241,-3.7256961604725802e-07,2.5355841851563619,2.5355849058956514,-7.2073928958360511e-07
590,0.016,302.56588269305996,302.56588314844896,-4.5538899939856492e-07,2.510030053116052,2.5100302634274105,-2.1031135855054117e-07
590,0.017000000000000001,302.71754757351175,302.71754811085231,-5.3734055427412386e-07,2.4532835052505635,2.453282244812065,1.2604384984626904e-06
590,0.018000000000000002,302.88438967202615,302.88439028855294,-6.1652679050894221e-07,2.3444476685669162,2.3444443880344332,3.2805324829965343e-06
590,0.019,303.06732829759324,303.0673289895945,-6.9200126517898752e-07,2.1632521163006193,2.1632476148271835,4.5014734357806674e-06
590,0.02,303.26727623162827,303.26727700761398,-7.7598571124326554e-07,1.899632178333309,1.8996286382017331,3.5401315758853968e-06
600,0,301.60332998694099,301.60332973155795,2.5538304271321977e-07,2.5499999999999989,2.5500000002384584,-2.3845947438871917e-10
600,0.001,301.60657425553671,301.60657400069374,2.5484297339062323e-07,2.5499999999999963,2.5500000000210497,-2.1053381260571769e-11
600,0.002,301.61633900303195,301.61633875724976,2.4578218926762929e-07,2.5499999999999421,2.5500000000143577,-1.4415579840942883e-11
600,0.0030000000000000001,301.63271996433292,301.63271973357769,2.3075523358784267e-07,2.5499999999990011,2.5500000000104315,-1.1430412172330762e-11
600,0.0040000000000000001,301.65587641891221,301.65587620889653,2.1001568484280142e-07,2.5499999999844283,2.5499999999941729,-9.744649531739924e-12
600,0.0050000000000000001,301.68603084482748,301.68603066099803,1.8382945654593641e-07,2.5499999997863858,2.549999999796114,-9.7282182309754717e-12
600,0.0060000000000000001,301.72346855955641,301.7234684071243,1.5243210782500682e-07,2.5499999974533982,2.5499999974730083,-1.9610091328559065e-11
600,0.0070000000000000001,301.76853742822436,301.76853731226367,1.1596068816288607e-07,2.5499999737710128,2.549999973870408,-9.9395158770221315e-11
600,0.0080000000000000002,301.82164767957545,301.82164760518231,7.439314231305616e-08,2.5499997673043513,2.549999767904616,-6.0026472681329324e-10
600,0.0090000000000000011,301.88327178755981,301.88327176003253,2.7527278234629193e-08,2.5499982243241699,2.5499982275101019,-3.1859319626903471e-09
600,0.01,301.95394425519578,301.95394428016186,-2.4966084311017767e-08,2.5499883497919993,2.5499883639054342,-1.4113434865237195e-08
600,0.010999999999999999,302.03426099521084,302.03426107861577,-8.340492740899208e-08,2.5499342562080445,2.5499343075931153,-5.1385070864995441e-08
600,0.012,302.12487787374062,302.12487802163093,-1.4789031865802826e-07,2.5496805765934747,2.5496807280842595,-1.5149078480547473e-07
600,0.013000000000000001,302.22650791791568,302.22650813600751,-2.1809182726428844e-07,2.5486616067842092,2.5486619598375673,-3.5305335810420502e-07
600,0.014,302.33991673703719,302.3399170301555,-2.9311831895029172e-07,2.5451525733486617,2.5451531925755906,-6.1922692884408548e-07
600,0.014999999999999999,302.46591590537224,302.46591627692021,-3.7154796928007272e-07,2.5347775488959905,2.5347782600802891,-7.1118429856298349e-07
600,0.016,302.6053543993815,302.6053548509874,-4.5160589934312156e-07,2.5083873147369542,2.5083874937216053,-1.7898465110022244e-07
600,0.017000000000000001,302.75910861741181,302.75910914884878,-5.3143696732149692e-07,2.4504786035571651,2.450477313796279,1.2897608860917842e-06
600,0.018000000000000002,302.92807192934532,302.92807253875532,-6.0940999446756905e-07,2.3404526000318291,2.3404493317431747,3.2682886543788925e-06
600,0.019,303.113144976255,303.11314566063436,-6.8437935851761722e-07,2.1585500027331639,2.1585455643750495,4.4383581143669915e-06
600,0.02,303.31522796125813,303.31522872145183,-7.601936999890313e-07,1.8951489376263422,1.895145464900674,3.4727256681410523e-06
610,0,301.62546706785406,301.62546681722819,2.506258738321776e-07,2.5499999999999989,2.5500000001729961,-1.7299717214314114e-10
610,0.001,301.62878308513785,301.62878283386436,2.5127349090325879e-07,2.549999999999994,2.5500000000152658,-1.5271783837533803e-11
610,0.002,301.63876293023134,301.63876268772231,2.4250903152278624e-07,2.5499999999999075,2.5500000000103635,-1.0456080445919724e-11
610,0.0030000000000000001,301.65550192666643,301.65550169877929,2.2788714204580174e-07,2.5499999999984766,2.5500000000067748,-8.29825097525827e-12
610,0.0040000000000000001,301.67915877191183,301.67915856431222,2.0759961216754164e-07,2.5499999999772989,2.5499999999844514,-7.1525008138451085e-12
610,0.0050000000000000001,301.7099553127332,301.70995513091844,1.8181475525125279e-07,2.5499999997016816,2.549999999709549,-7.8674844417037093e-12
610,0.0060000000000000001,301.74817628906555,301.74817613840833,1.5065722891449695e-07,2.5499999965838773,2.5499999966047837,-2.0906387732111398e-11
610,0.0070000000000000001,301.79416906563165,301.79416895146039,1.1417125733714784e-07,2.5499999661107742,2.5499999662295405,-1.1876633010388105e-10
610,0.0080000000000000002,301.848343325852,301.84834325354763,7.2304374043596908e-08,2.5499997096258538,2.549999710335511,-7.0965722187565916e-10
610,0.0090000000000000011,301.91117063203274,301.91117060710798,2.4924759145505959e-08,2.5499978541404529,2.5499978577996933,-3.6592404661917044e-09
610,0.01,301.98318366892482,301.98318369703662,-2.8111799110774882e-08,2.5499863286025479,2.5499863443469808,-1.5744432868558533e-08
610,0.010999999999999999,302.0649749035839,302.06497499041296,-8.6829061274329433e-08,2.5499248821625806,2.5499249379543327,-5.5791752107126058e-08
610,0.012,302.15719434091113,302.15719449178283,-1.5087169913385878e-07,2.5496436939323988,2.5496438543798514,-1.6044745265730853e-07
610,0.013000000000000001,302.26054606857628,302.26054628771328,-2.1913700720688212e-07,2.5485386442949971,2.5485390097403613,-3.6544536419214069e-07
610,0.014,302.37578344798061,302.37578373880496,-2.9082434593874495e-07,2.5448056519281259,2.5448062788043244,-6.268761985062099e-07
610,0.014999999999999999,302.50370345088527,302.50370382082457,-3.6993930052631185e-07,2.5339504722638084,2.5339511732192195,-7.0095541104819858e-07
610,0.016,302.6451429309447,302.64514338878382,-4.5783912128172233e-07,2.5067245158896516,2.5067246639315517,-1.480419000721156e-07
610,0.017000000000000001,302.80098575216601,302.80098628613143,-5.3396541943584452e-07,2.4476680342062336,2.4476667165338917,1.3176723419050518e-06
610,0.018000000000000002,302.97219950629579,302.97220010966049,-6.0336469687172212e-07,2.3364787764492982,2.3364755211036439,3.255345654373798e-06
610,0.019,303.15992256754083,303.15992329345193,-7.2591109301356482e-07,2.1538941402074325,2.1538897636417649,4.3765656676519882e-06
610,0.02,303.3655937821112,303.36559470172756,-9.1961635462212143e-07,1.8907163579751989,1.890712949013841,3.408961357864726e-06
620,0,301.6480878304443,301.64808758296203,2.4748226223891834e-07,2.5499999999999989,2.5500000001729948,-1.7299583987551159e-10
620,0.001,301.65147532221363,301.6514750740177,2.4819593136271578e-07,2.5499999999999905,2.5500000000152636,-1.5273116105163353e-11
620,0.002,301.66166949425985,301.66166925464478,2.3961507622516365e-07,2.5499999999998537,2.5500000000103129,-1.0459189070388675e-11
620,0.0030000000000000001,301.67876539653491,301.67876517128201,2.2525290432895417e-07,2.5499999999977057,2.5500000000060115,-8.3058004918257211e-12
620,0.0040000000000000001,301.70292131511081,301.70292110987276,2.0523805233096937e-07,2.5499999999672931,2.5499999999745087,-7.2155614816438174e-12
620,0.0050000000000000001,301.73435858564198,301.7343584059775,1.7966448240258615e-07,2.5499999995877074,2.5499999995961367,-8.4292572921640385e-12
620,0.0060000000000000001,301.77336133741494,301.77336118882181,1.4859313068882329e-07,2.5499999954591082,2.5499999954841295,-2.5021318350582078e-11
620,0.0070000000000000001,301.82027614501374,301.8202760329624,1.1205133887415286e-07,2.5499999565590814,2.5499999567029503,-1.4386891677986569e-10
620,0.0080000000000000002,301.87551152517619,301.87551145510582,7.0070370838948293e-08,2.5499996401108795,2.5499996409474064,-8.365268477916743e-10
620,0.0090000000000000011,301.93953716595587,301.93953714320685,2.2749020445189672e-08,2.5499974217467036,2.5499974259308433,-4.1841397013797632e-09
620,0.01,302.01288272970828,302.01288275953357,-2.9825287128915079e-08,2.5499840343657554,2.5499840518604859,-1.7494730553124782e-08
620,0.010999999999999999,302.09613606807034,302.09613615618156,-8.8111221430153819e-08,2.5499145140715664,2.5499145744554461,-6.0383879674219543e-08
620,0.012,302.1899408114121,302.1899409650257,-1.5361359828602872e-07,2.5496038368437182,2.5496040063619896,-1.6951827142008824e-07
620,0.013000000000000001,302.29499372011037,302.29499394713457,-2.2702420210407581e-07,2.5484084662197399,2.5484088438125605,-3.7759282056626375e-07
620,0.014,302.41204317412445,302.41204347766961,-3.035451641153486e-07,2.5444448679606109,2.5444455017731804,-6.3381256953931597e-07
620,0.014999999999999999,302.54189192159447,302.5418922937281,-3.7213362702459563e-07,2.5331032838572489,2.5331039739639052,-6.901066562647884e-07
620,0.016,302.68540932184555,302.68540975146118,-4.2961562485288596e-07,2.5050423956305363,2.5050425131425964,-1.1751206008270287e-07
620,0.017000000000000001,302.8435591990883,302.84355970069851,-5.0161020226369146e-07,2.4448525216752048,2.4448511774520516,1.344223153232349e-06
620,0.018000000000000002,303.01744638462338,303.01744700633793,-6.21714548287855e-07,2.3325261955378189,2.3325229537770786,3.2417607402912552e-06
620,0.019,303.20837629854572,303.20837708276508,-7.8421936677841586e-07,2.1492835372307271,2.1492792211957661,4.316034960982762e-06
620,0.02,303.41791026177054,303.41791124116355,-9.7939300758298486e-07,1.8863332478581092,1.8863299019990392,3.3458590700252699e-06
630,0,301.67119071929255,301.67119047466178,2.4463076897518476e-07,2.5499999999999972,2.5500000001729961,-1.7299894849998054e-10
630,0.001,301.67464949247807,301.67464924709316,2.453849106132111e-07,2.5499999999999847,2.5500000000152574,-1.5272672015953503e-11
630,0.002,301.6850574305256,301.68505719360951,2.3691609385423362e-07,2.5499999999997716,2.5500000000102307,-1.0459189070388675e-11
630,0.0030000000000000001,301.70250935013325,301.70250912742381,2.2270944555202732e-07,2.5499999999965874,2.5500000000049026,-8.3151263652325724e-12
630,0.0040000000000000001,301.72716314750494,301.72716294464357,2.0286137214498012e-07,2.5499999999534033,2.5499999999607099,-7.3065997696630802e-12
630,0.0050000000000000001,301.75923959035214,301.75923941290279,1.7744935121299932e-07,2.5499999994358191,2.5499999994449651,-9.1460172768620396e-12
630,0.0060000000000000001,301.79902199796692,301.79902185141964,1.4654727920060395e-07,2.5499999940162987,2.5499999940463325,-3.0033753262159735e-11
630,0.0070000000000000001,301.84685576684774,301.84685565665711,1.1019062640116317e-07,2.5499999447344135,2.5499999449077757,-1.7336221347363789e-10
630,0.0080000000000000002,301.9031476790301,301.90314761075246,6.8277643094916129e-08,2.5499995568418083,2.5499995578224355,-9.8062713504987187e-10
630,0.0090000000000000011,301.96836492788123,301.96836490742879,2.0452432636375306e-08,2.549996919270324,2.5499969240321132,-4.761789185181442e-09
630,0.01,302.04303384977936,302.04303388356846,-3.3789092412916943e-08,2.5499814411447672,2.5499814605096343,-1.93648670432367e-08
630,0.010999999999999999,302.12773852336841,302.12773861781579,-9.4447386800311506e-08,2.5499030853103921,2.5499031504653398,-6.5154947659351592e-08
630,0.012,302.22311977146495,302.22311993136964,-1.5990468682502978e-07,2.5495608793818101,2.5495610580662755,-1.7868446544611061e-07
630,0.013000000000000001,302.32987572588644,302.32987595246664,-2.2658019815935404e-07,2.5482709238856347,2.5482713133626969,-3.8947706215708422e-07
630,0.014,302.44876591639041,302.44876620758964,-2.9119922828613198e-07,2.5440702032228972,2.5440708432714607,-6.4004856348276462e-07
630,0.014999999999999999,302.58062149150157,302.58062184663072,-3.5512914564606035e-07,2.5322363172485591,2.5322369959342668,-6.7868570763351954e-07
630,0.016,302.72636404276119,302.72636447078878,-4.2802759026017156e-07,2.503341672358125,2.5033417597758252,-8.7417700189718062e-08
630,0.017000000000000001,302.88703388468929,302.8870344094683,-5.247790113571682e-07,2.442032751671904,2.442031382207734,1.3694641700645604e-06
630,0.018000000000000002,303.06382528473597,303.06382593721935,-6.5248337932644063e-07,2.3285948379237418,2.3285916103335746,3.2275901671319218e-06
630,0.019,303.25812182017967,303.25812262540308,-8.0522340795141645e-07,2.144717218976496,2.144712962229153,4.2567473430565883e-06
630,0.02,303.47152173903288,303.47152272951581,-9.9048293122905307e-07,1.8819985338010585,1.8819952494329675,3.2843680910499273e-06
640,0,301.69477450557952,301.69477426358822,2.4199130166380201e-07,2.5499999999999954,2.5500000001729903,-1.7299495169709189e-10
640,0.001,301.69830438106732,301.69830413829499,2.4277233023894951e-07,2.549999999999975,2.5500000000152485,-1.5273560194373204e-11
640,0.002,301.70892554146957,301.70892530708915,2.343804226256907e-07,2.5499999999996499,2.55000000001011,-1.0460077248808375e-11
640,0.0030000000000000001,301.72673254231285,301.72673232202226,2.2029058754924336e-07,2.5499999999949865,2.5500000000033145,-8.3280049523182242e-12
640,0.0040000000000000001,301.75188281679004,301.75188261621412,2.0057592564626248e-07,2.5499999999343244,2.5499999999417411,-7.4167338937058958e-12
640,0.0050000000000000001,301.78459641917789,301.78459624391758,1.752603111526696e-07,2.5499999992352533,2.549999999245296,-1.0042633391549316e-11
640,0.0060000000000000001,301.82515563190708,301.82515548760074,1.4430634109885432e-07,2.5499999921802252,2.5499999922163195,-3.6094238708983539e-11
640,0.0070000000000000001,301.87390441173363,301.87390430413745,1.0759617907751817e-07,2.5499999301960234,2.5499999304038257,-2.0780221987592995e-10
640,0.0080000000000000002,301.93124767168655,301.93124760670804,6.4978507907653693e-08,2.5499994576772962,2.5499994588207553,-1.1434591051795451e-09
640,0.0090000000000000011,301.99765046323847,301.9976504467827,1.6455771856271895e-08,2.5499963381956348,2.5499963435904953,-5.3948605582831988e-09
640,0.01,302.0736372692532,302.07363730674933,-3.7496135973924538e-08,2.549978521714122,2.5499785430706079,-2.1356485913059942e-08
640,0.010999999999999999,302.1597918694834,302.15979196517219,-9.5688790224812692e-08,2.549890527945506,2.5498905980448412,-7.0099335225393133e-08
640,0.012,302.25675859191671,302.2567587483897,-1.5647299278498394e-07,2.5495146969679352,2.549514884896888,-1.8792895284391875e-07
640,0.013000000000000001,302.36524614123675,302.36524636006374,-2.1882698320041527e-07,2.548125876411536,2.5481262774941498,-4.0108261378790644e-07
640,0.014,302.486035427861,302.48603571174374,-2.838827413143008e-07,2.5436816520905783,2.5436822976899065,-6.4559932821950383e-07
640,0.014999999999999999,302.61999264933883,302.61999300509615,-3.5575732226789114e-07,2.5313499099710017,2.5313505767102744,-6.667392726811272e-07
640,0.016,302.76808804796991,302.76808848891392,-4.4094400664107525e-07,2.5016230440648171,2.5016231018438986,-5.7779081519271358e-08
640,0.017000000000000001,302.93141920634577,302.93141975186836,-5.4552259598494857e-07,2.4392093732517117,2.4392079798078026,1.3934439091478623e-06
640,0.018000000000000002,303.11123570553769,303.11123637717628,-6.7163858830099343e-07,2.324684668509859,2.3246814556262447,3.2128836142675254e-06
640,0.019,303.30896011095348,303.30896092819597,-8.1724249412218342e-07,2.1401942400594249,2.1401900413635646,4.1986958603246194e-06
640,0.02,303.52619943122249,303.52620042709111,-9.9586861779243918e-07,1.8777110746155503,1.8777078501202207,3.2244953296345358e-06
650,0,301.71883790473288,301.71883766522586,2.3950701688590925e-07,2.5499999999999923,2.5500000001729881,-1.7299583987551159e-10
650,0.001,301.72243867457678,301.72243843427373,2.4030305212363601e-07,2.5499999999999607,2.5500000000152347,-1.5274004283583054e-11
650,0.002,301.73327241579676,301.73327218385003,2.3194672849058406e-07,2.5499999999994696,2.550000000009931,-1.0461409516437925e-11
650,0.0030000000000000001,301.751433368721,301.75143315083841,2.1788258663946181e-07,2.5499999999927194,2.550000000001063,-8.3435480746629764e-12
650,0.0040000000000000001,301.77707841542224,301.77707821728728,1.9813495555354166e-07,2.5499999999083753,2.5499999999159386,-7.5632833329564164e-12
650,0.0050000000000000001,301.81042679551894,301.8104266228425,1.7267643670493271e-07,2.5499999989727162,2.5499999989838771,-1.1160850021951774e-11
650,0.0060000000000000001,301.85175970646799,301.85175956500052,1.4146746707410784e-07,2.5499999898614014,2.5499999899047761,-4.3374637215265466e-11
650,0.0070000000000000001,301.90141981661719,301.90141971210033,1.0451685739099048e-07,2.5499999124377046,2.5499999126854886,-2.4778401552794094e-10
650,0.0080000000000000002,301.95981077879793,301.95981071680859,6.1989339883439243e-08,2.5499993402377061,2.5499993415642845,-1.3265784026827987e-09
650,0.0090000000000000011,302.02739693893818,302.0273969246187,1.4319482488645008e-08,2.5499956693472661,2.5499956754332129,-6.085946857581348e-09
650,0.01,302.10470359506303,302.10470363282963,-3.7766596960864263e-08,2.5499752475835664,2.5499752710544228,-2.3470856369556259e-08
650,0.010999999999999999,302.19231836421022,302.19231845766279,-9.3452570126828505e-08,2.54987677287335,2.5498768480843061,-7.5210956129723172e-08
650,0.012,302.29089441108005,302.29089456340006,-1.5232001260301331e-07,2.5494651666146253,2.549465363849643,-1.972350176515647e-07
650,0.013000000000000001,302.40115639357555,302.4011566085731,-2.1499755575860036e-07,2.5479731906802816,2.5479736030759748,-4.1239569315010272e-07
650,0.014,302.52390986641495,302.52391015000291,-2.8358795134408865e-07,2.5432792208474471,2.5432798713285556,-6.5048110853282992e-07
650,0.014999999999999999,302.66005444114421,302.66005480266762,-3.6152340499029378e-07,2.530444402591566,2.5304450569035146,-6.5431194862242137e-07
650,0.016,302.81060018598288,302.81060063872962,-4.5274674675965798e-07,2.4998871886305936,2.4998872172440363,-2.8613442726310723e-08
650,0.017000000000000001,302.97668565405269,302.97668621441477,-5.6036208206933225e-07,2.436383000808461,2.436381584598859,1.4162096020342574e-06
650,0.018000000000000002,303.15959480893105,303.15959549449769,-6.8556664700736292e-07,2.3207956374734451,2.320792439786405,3.1976870400463042e-06
650,0.019,303.36076934872221,303.36077017623103,-8.2750881347237737e-07,2.135713692197835,2.1357095503510926,4.1418467424669814e-06
650,0.02,303.5818128837696,303.58181388543375,-1.0016641454058117e-06,1.8734697491785557,1.8734665829786643,3.166199891380117e-06
660,0,301.74337939105419,301.74337915406596,2.3698822815276799e-07,2.5499999999999878,2.550000000172985,-1.7299717214314114e-10
660,0.001,301.74705081108783,301.74705057331681,2.3777101887390018e-07,2.5499999999999381,2.550000000015213,-1.5274892462002754e-11
660,0.002,301.75809639007457,301.75809616070342,2.2937115318200085e-07,2.5499999999992058,2.5500000000096712,-1.0465406319326576e-11
660,0.0030000000000000001,301.77661003021302,301.77660981498502,2.1522799897866207e-07,2.5499999999895406,2.5499999999979082,-8.3675288919948798e-12
660,0.0040000000000000001,301.80274805764788,301.80274786226897,1.9537890239007538e-07,2.5499999998734166,2.5499999998811691,-7.7524653363525431e-12
660,0.0050000000000000001,301.836728974567,301.83672880471198,1.6985501360977651e-07,2.5499999986319142,2.5499999986444557,-1.2541523375375618e-11
660,0.0060000000000000001,301.87883316420056,301.87883302545993,1.3874063142793602e-07,2.549999986954075,2.5499999870061378,-5.2062798516772091e-11
660,0.0070000000000000001,301.92940263665218,301.92940253443112,1.0222106539004017e-07,2.5499998908813071,2.5499998911752511,-2.93943980267386e-10
660,0.0080000000000000002,301.98884097816887,301.98884091755872,6.0610148011619458e-08,2.5499992018907269,2.5499992034222894,-1.5315624324330201e-09
660,0.0090000000000000011,302.05761377030433,302.05761375597837,1.432596263839514e-08,2.5499949028756985,2.5499949097132362,-6.8375376471863092e-09
660,0.01,302.1362498676487,302.13624990387842,-3.6229721445124596e-08,2.5499715890263479,2.5499716147352274,-2.5708879469732437e-08
660,0.010999999999999999,302.22534403497377,302.22534412586788,-9.0894104687322397e-08,2.5498617499591911,2.549861830442528,-8.0483336883929724e-08
660,0.012,302.32556149832578,302.32556164835017,-1.5002439113231958e-07,2.5494121671326759,2.5494123737190746,-2.0658639865445139e-07
660,0.013000000000000001,302.43764489727755,302.43764511200288,-2.1472533262567595e-07,2.5478127412855476,2.5478131646896847,-4.2340413708430447e-07
660,0.014,302.56242387774216,302.56242416462686,-2.8688469910775893e-07,2.5428629270123886,2.5428635817233181,-6.5471092947078091e-07
660,0.014999999999999999,302.70082710744708,302.70082747638844,-3.6894135746479151e-07,2.529520137864198,2.5295207793102907,-6.4144609268623753e-07
660,0.016,302.85389586049718,302.85389632389973,-4.6340255721588619e-07,2.4981347641529426,2.4981347640883063,6.4636296315256914e-11
660,0.017000000000000001,303.02279761237418,303.02279818461375,-5.7223957128371694e-07,2.4335542159382673,2.4335527781315647,1.4378067025866414e-06
660,0.018000000000000002,303.20883749038398,303.20883818676663,-6.9638264221794088e-07,2.3169276815022304,2.3169244994573819,3.1820448485042618e-06
660,0.019,303.41346514180623,303.41346597737441,-8.3556818708530045e-07,2.1312747017908711,2.1312706156291878,4.086161683236611e-06
660,0.02,303.63827441123232,303.63827578205257,-1.3708202573070594e-06,1.8692734691646744,1.8692703597177682,3.1094469061798691e-06
670,0,301.76839728107564,301.76839704508001,2.3599562837262056e-07,2.5499999999999794,2.5500000001916829,-1.9170354192965533e-10
670,0.001,301.77213910564427,301.7721388704116,2.3523267600467079e-07,2.5499999999999052,2.5500000000168308,-1.6925572055015436e-11
670,0.002,301.78339579882845,301.7833955720555,2.2677295419271104e-07,2.5499999999988239,2.550000000010427,-1.1603162874962436e-11
670,0.0030000000000000001,301.80226097930444,301.80226076668754,2.1261689653329086e-07,2.5499999999851326,2.5499999999944221,-9.2894580916436098e-12
670,0.0040000000000000001,301.82889055744971,301.82889036461643,1.9283328356323182e-07,2.549999999826746,2.5499999998354896,-8.7436724527378828e-12
670,0.0050000000000000001,301.86350259939388,301.86350243187434,1.6751954490246135e-07,2.5499999981930266,2.5499999982079258,-1.4899192990469601e-11
670,0.0060000000000000001,301.90637724001601,301.90637710318305,1.3683296629096731e-07,2.5499999833340534,2.5499999833970057,-6.2952310031505476e-11
670,0.0070000000000000001,301.9578567759051,301.95785667490645,1.0099864766743849e-07,2.5499998648699926,2.5499998652174813,-3.4748870447742775e-10
670,0.0080000000000000002,302.01834613859501,302.01834607830881,6.0286197367531713e-08,2.5499990397372363,2.5499990414977494,-1.7605130686604298e-09
670,0.0090000000000000011,302.08831402631392,302.088314011374,1.4939928405510727e-08,2.5499940282449636,2.5499940358974515,-7.6524879766282083e-09
670,0.01,302.16829504204247,302.16829507698839,-3.4945912830153247e-08,2.5499675151116312,2.5499675431831541,-2.8071522883976741e-08
670,0.010999999999999999,302.25889321913695,302.25889330874429,-8.9607340214570286e-08,2.5498453881751626,2.5498454740851866,-8.5910023983615247e-08
670,0.012,302.36078727697139,302.36078742685692,-1.4988552266004262e-07,2.5493555793212348,2.5493557952888755,-2.159676406598976e-07
670,0.013000000000000001,302.47473779354453,302.47473801095879,-2.1741425371146761e-07,2.5476444104561455,2.5476448445538113,-4.3409766581348208e-07
670,0.014,302.6015961087765,302.60159640172446,-2.9294795922396588e-07,2.5424327986850042,2.5424334569919713,-6.5830696716062675e-07
670,0.014999999999999999,302.74231373134552,302.74231410542717,-3.7408165098895552e-07,2.5285774599572766,2.5285780881397564,-6.281824798115565e-07
670,0.016,302.89794771148155,302.8979481810423,-4.6956074584159069e-07,2.4963664093062228,2.4963663810635519,2.8242670868650066e-08
670,0.017000000000000001,303.069648807308,303.06964940300765,-5.9569964605543646e-07,2.4307235691783537,2.4307221108993944,1.4582789593653445e-06
670,0.018000000000000002,303.25860539357558,303.25860612388675,-7.3031117153732339e-07,2.3130807253074339,2.3130775593080508,3.1659993831034683e-06
670,0.019,303.46591345879222,303.4659142640171,-8.0522488588030683e-07,2.1268764265926081,2.1268723949894941,4.0316031140186226e-06
670,0.02,303.69238327009185,303.69238407840805,-8.0831620152821415e-07,1.86512135862989,1.8651183049862565,3.0536436335104611e-06
680,0,301.79389006771873,301.79388983439753,2.333212023586384e-07,2.5499999999999696,2.5500000001916709,-1.9170132148360608e-10
680,0.001,301.79770211175457,301.79770187918143,2.3257314296643017e-07,2.549999999999855,2.5500000000167815,-1.6926460233435137e-11
680,0.002,301.80916940687865,301.80916918271151,2.2416713818529388e-07,2.5499999999982799,2.5500000000098844,-1.1604495142591986e-11
680,0.0030000000000000001,301.82838543080885,301.82838522067902,2.1012982642787392e-07,2.5499999999790752,2.5499999999884038,-9.3285379421104153e-12
680,0.0040000000000000001,301.85550595967061,301.85550576910242,1.9056818700846634e-07,2.5499999997649785,2.549999999774021,-9.042544490966975e-12
680,0.0050000000000000001,301.8907491023121,301.89074893669618,1.6561591564823175e-07,2.5499999976321108,2.5499999976490733,-1.6962431459432992e-11
680,0.0060000000000000001,301.93439548449726,301.93439534905502,1.3544223520511878e-07,2.5499999788563641,2.5499999789314662,-7.5102146723793339e-11
680,0.0070000000000000001,301.98678873273417,301.98678863251507,1.0021909702118137e-07,2.5499998336612943,2.5499998340693573,-4.0806291679018614e-10
680,0.0080000000000000002,302.048336460629,302.04833640059252,6.0036484228476183e-08,2.5499988505975399,2.5499988526116106,-2.0140706880056314e-09
680,0.0090000000000000011,302.11951200487607,302.11951199008405,1.4792021829634905e-08,2.5499930342226134,2.5499930427547577,-8.5321443243913109e-09
680,0.01,302.20085716908244,302.20085720481461,-3.5732170999835944e-08,2.5499629937407389,2.5499630242988327,-3.0558093833121802e-08
680,0.010999999999999999,302.29298615990257,302.29298625115428,-9.125170663537574e-08,2.5498276157366959,2.5498277072197313,-9.1483035369321897e-08
680,0.012,302.39659062603272,302.3965907764541,-1.5042138556964346e-07,2.5492952861410374,2.5492955115037521,-2.2536271471196301e-07
680,0.013000000000000001,302.51244500193792,302.51244521497716,-2.1303924313542666e-07,2.547468087960171,2.5474685324266568,-4.4446648583829074e-07
680,0.014,302.64140985480685,302.64141014077853,-2.8597168011401664e-07,2.5419888739117176,2.5419895351987307,-6.6128701314838167e-07
680,0.014999999999999999,302.78442838415327,302.78442876817593,-3.8402265545300907e-07,2.5276167137509482,2.5276173283096712,-6.1455872302218495e-07
680,0.016,302.94250818651636,302.94250869676227,-5.1024591130044428e-07,2.4945827437244286,2.4945826878126045,5.5911824059506898e-08
680,0.017000000000000001,303.11667913271452,303.11667976711334,-6.3439881614613114e-07,2.4278915816380731,2.427890103967826,1.477670247052032e-06
680,0.018000000000000002,303.30792254919896,303.30792325767652,-7.0847755750946817e-07,2.3092546831145615,2.3092515335228341,3.1495917274249052e-06
680,0.019,303.5170792121217,303.51707992613666,-7.1401495915779378e-07,2.122518054541759,2.1225140763988026,3.978142956384545e-06
680,0.02,303.7447601333331,303.74476084459252,-7.1125941758509725e-07,1.8610123675661412,1.8610093679559434,2.9996101977847189e-06
690,0,301.81985685455197,301.81985662375098,2.3080099254002562e-07,2.5499999999999532,2.5500000001916554,-1.9170220966202578e-10
690,0.001,301.8237390557876,301.82373882570079,2.3008681182545843e-07,2.5499999999997822,2.5500000000167096,-1.6927348411854837e-11
690,0.002,301.8354168327221,301.83541661093494,2.2178716108101071e-07,2.5499999999975098,2.5500000000091201,-1.1610268302320037e-11
690,0.0030000000000000001,301.85498373093282,301.85498352299533,2.0793748944925028e-07,2.5499999999708338,2.5499999999802134,-9.3796082012431725e-12
690,0.0040000000000000001,301.88259576652746,301.88259557788336,1.8864409412344685e-07,2.5499999996839033,2.5499999996933251,-9.4217966761789285e-12
690,0.0050000000000000001,301.91847165868654,301.9184714946793,1.6400724689447088e-07,2.5499999969204343,2.5499999969398988,-1.9464430067728244e-11
690,0.0060000000000000001,301.96289330019755,301.9628931660817,1.3411585086942068e-07,2.549999973352747,2.5499999734420862,-8.9339202702376497e-11
690,0.0070000000000000001,302.01620660680771,302.01620650774356,9.9064152436767472e-08,2.5499997964199639,2.5499997968969215,-4.769575845386953e-10
690,0.0080000000000000002,302.07882290610519,302.07882284705749,5.9047692957392428e-08,2.5499986309979974,2.5499986332923692,-2.2943718036572136e-09
690,0.0090000000000000011,302.15122100066174,302.15122098618247,1.4479269339062739e-08,2.5499919088718599,2.5499919183509765,-9.4791166027619056e-09
690,0.01,302.23394991415216,302.23394994833296,-3.4180800412286771e-08,2.5499579916867452,2.5499580248556137,-3.3168868540656149e-08
690,0.010999999999999999,302.32763201564296,302.32763210295809,-8.7315129349008203e-08,2.5498083602367756,2.5498084574321469,-9.7195371306924017e-08
690,0.012,302.4329656080979,302.4329657556699,-1.4757199551240774e-07,2.5492311728716439,2.549231407628922,-2.3475727806143709e-07
690,0.013000000000000001,302.55072509747032,302.55072531760106,-2.2013074385540676e-07,2.5472836709920696,2.5472841254952372,-4.5450316754624964e-07
690,0.014,302.68175564603786,302.68175595559791,-3.09560050482105e-07,2.5415312000735581,2.5415318637436966,-6.6367013840107347e-07
690,0.014999999999999999,302.82695823554872,302.82695864886398,-4.1331526290377951e-07,2.5266382441986401,2.5266388448100554,-6.0061141526901451e-07
690,0.016,302.98726121308584,302.98726173054393,-5.1745809059866588e-07,2.4927843684002906,2.4927842853364943,8.3063796285642866e-08
690,0.017000000000000001,303.16357666785649,303.16357727073881,-6.028823236192693e-07,2.4250587465437126,2.4250572505224737,1.4960212388892558e-06
690,0.018000000000000002,303.35674476156561,303.35674541721988,-6.5565427576075308e-07,2.3054494599900694,2.3054463271317527,3.1328583167677948e-06
690,0.019,303.5674752639643,303.56747594140353,-6.7743923182206345e-07,2.1181988048154392,2.1181948790722189,3.9257432202788323e-06
690,0.02,303.79630034532818,303.79630103911609,-6.9378791067720158e-07,1.8569454628967332,1.8569425159087933,2.9469879399002252e-06
700,0,301.84629772058361,301.8462974920634,2.2852020720165456e-07,2.5499999999999279,2.5500000001916283,-1.9170043330518638e-10
700,0.001,301.85025018155864,301.85024995371572,2.2784291786592803e-07,2.5499999999996743,2.5500000000166034,-1.6929124768694237e-11
700,0.002,301.86213882650588,301.86213860685626,2.1964962115816888e-07,2.549999999996432,2.5500000000080503,-1.1618261908097338e-11
700,0.0030000000000000001,301.88205750661302,301.88205730064919,2.0596382910298416e-07,2.5499999999597178,2.5499999999691596,-9.4417806906221813e-12
700,0.0040000000000000001,301.91016287664081,301.91016268975909,1.8688172076508636e-07,2.5499999995783291,2.5499999995882181,-9.8889785249411943e-12
700,0.0050000000000000001,301.94667481337996,301.94667465085831,1.6252164414254366e-07,2.5499999960237441,2.5499999960462176,-2.2473578553672269e-11
700,0.0060000000000000001,301.99187711898952,301.99187698593124,1.3305827906151535e-07,2.5499999666289677,2.5499999667349051,-1.0593748100973244e-10
700,0.0070000000000000001,302.04611859339093,302.04611849466744,9.872348982753465e-08,2.5499997522106925,2.5499997527656353,-5.5494275841283525e-10
700,0.0080000000000000002,302.10981451700087,302.10981445728703,5.9713840983022237e-08,2.5499983771581709,2.5499983797612304,-2.6030595456916217e-09
700,0.0090000000000000011,302.18344845984069,302.18344844392499,1.5915702533675358e-08,2.5499906395460039,2.549990650041408,-1.0495404101362737e-08
700,0.01,302.26757408094568,302.26757411447625,-3.3530568543937989e-08,2.5499524746372431,2.549952510540578,-3.5903334971720824e-08
700,0.010999999999999999,302.36281616782082,302.36281625834624,-9.0525418272591196e-08,2.5497875487775508,2.5497876518169722,-1.0303942143963241e-07
700,0.012,302.46986960110013,302.46986975868174,-1.5758160998302628e-07,2.5491631272528941,2.5491633713900952,-2.4413720112193005e-07
700,0.013000000000000001,302.58949432540709,302.58949456166357,-2.3625648282177281e-07,2.5470910640439763,2.5470915282452138,-4.6420123744894681e-07
700,0.014,302.72250401495074,302.72250433986994,-3.2491919910171418e-07,2.5410598332952312,2.5410604987705758,-6.6547534460781321e-07
700,0.014999999999999999,302.86974631386812,302.86974673111445,-4.1724632637851755e-07,2.5256423957480578,2.5256429821228745,-5.863748167023175e-07
700,0.016,303.03207366959163,303.0320741730946,-5.0350297442491865e-07,2.4909718660983544,2.4909717564058154,1.0969253905201981e-07
700,0.017000000000000001,303.21030598482395,303.21030655913182,-5.743078759223863e-07,2.4222255307133986,2.422224017341605,1.5133717936599567e-06
700,0.018000000000000002,303.405189223543,303.40518984768084,-6.241378400773101e-07,2.3016649530510165,2.3016618372175408,3.1158334756753447e-06
700,0.019,303.61735680133199,303.61735745473118,-6.533991836477071e-07,2.113917922157635,2.1139140477923384,3.8743652965855802e-06
700,0.02,303.8473018710045,303.84730254755976,-6.7655525981535902e-07,1.8529196796460321,1.8529167839424912,2.8957035409504783e-06
710,0,301.87321391321819,301.87321368671547,2.2650272057944676e-07,2.5499999999998888,2.5500000001915906,-1.9170176557281593e-10
710,0.001,301.87723691249374,301.87723668662784,2.2586590375794913e-07,2.5499999999995207,2.5500000000164529,-1.6932233393163187e-11
710,0.002,301.88933733519264,301.88933711739435,2.1779828784929123e-07,2.5499999999949372,2.5500000000065675,-1.163025231676329e-11
710,0.0030000000000000001,301.90960955212779,301.90960934778838,2.0433941472219885e-07,2.5499999999448537,2.5499999999543794,-9.5257135512838431e-12
710,0.0040000000000000001,301.93821117983697,301.93821099422729,1.8560967873781919e-07,2.5499999994418907,2.5499999994523672,-1.0476508549572827e-11
710,0.0050000000000000001,301.97536361165282,301.97536344991471,1.6173811445696629e-07,2.5499999949014471,2.5499999949275192,-2.6072033421087326e-11
710,0.0060000000000000001,302.02135280440996,302.02135267157894,1.3283101907290984e-07,2.5499999584619819,2.5499999585871702,-1.251883041675228e-10
710,0.0070000000000000001,302.07653030450797,302.07653020563441,9.8873556453327183e-08,2.5499996999906807,2.549999700633522,-6.4284133571845814e-10
710,0.0080000000000000002,302.14131439753942,302.14131433795944,5.9579974731605034e-08,2.549998084978522,2.5499980879202941,-2.9417721592039925e-09
710,0.0090000000000000011,302.21619108631461,302.21619107206322,1.425138407284976e-08,2.5499892128850496,2.5499892244679221,-1.1582872438964387e-08
710,0.01,302.30171433374807,302.30171437196765,-3.8219582165766042e-08,2.5499464072398226,2.5499464460005083,-3.8760685772132319e-08
710,0.010999999999999999,302.3985046704255,302.39850476945793,-9.9032433809043141e-08,2.5497651080987636,2.5497652171061596,-1.0900739599861708e-07
710,0.012,302.50724493255507,302.50724510133364,-1.6877856978680938e-07,2.5490910396113571,2.54909129310031,-2.5348895293930696e-07
710,0.013000000000000001,302.62867169583677,302.62867194239266,-2.4655588504174375e-07,2.5468901787640728,2.5468906523195147,-4.7355544197102972e-07
710,0.014,302.76356108125225,302.76356141055692,-3.2930466886682552e-07,2.5405748378767501,2.5405755045986003,-6.6672185017324637e-07
710,0.014999999999999999,302.91270819680932,302.91270860870412,-4.1189480270986678e-07,2.5246295118172868,2.5246300836986273,-5.7188134050534245e-07
710,0.016,303.07690061314071,303.07690110135229,-4.8821158316059154e-07,2.489145801777068,2.4891456659834281,1.3579363988824866e-07
710,0.017000000000000001,303.25688782717378,303.25688837980255,-5.5262876230699476e-07,2.4193923759641258,2.4193908462036111,1.5297605147068793e-06
710,0.018000000000000002,303.45335028872142,303.45335089015032,-6.014288942424173e-07,2.297901052571119,2.2978979540222286,3.0985488903567671e-06
710,0.019,303.66687272316881,303.66687335665245,-6.3348363710247213e-07,2.1096746729570155,2.1096708489772777,3.8239797377492835e-06
710,0.02,303.89792665363564,303.89792731365304,-6.6001740606225212e-07,1.848934093755481,1.8489312480534899,2.8457019911609649e-06
720,0,301.9006077941919,301.90060756923691,2.2495498797070468e-07,2.5499999999998351,2.5500000001915342,-1.9169910103755683e-10
720,0.001,301.90470175308718,301.90470152870995,2.2437723146140343e-07,2.5499999999993013,2.5500000000162335,-1.6932233393163187e-11
720,0.002,301.91701526358111,301.91701504709835,2.1648276060659555e-07,2.5499999999928842,2.5500000000045255,-1.1641354547009541e-11
720,0.0030000000000000001,301.93764333401606,301.93764313072478,2.0329127892182441e-07,2.549999999925141,2.5499999999347707,-9.6296304263887578e-12
720,0.0040000000000000001,301.96674466601979,301.96674448115454,1.8486525732441805e-07,2.5499999992668436,2.5499999992780293,-1.1185719017703377e-11
720,0.0050000000000000001,302.00454217154265,302.00454201033426,1.6120839063660242e-07,2.5499999935057232,2.5499999935360718,-3.0348612511943429e-11
720,0.0060000000000000001,302.05132363975332,302.05132350753473,1.3221858807810349e-07,2.5499999485969314,2.5499999487443352,-1.4740386689027218e-10
720,0.0070000000000000001,302.10744243240322,302.10744233477897,9.7624251793604344e-08,2.5499996386021397,2.5499996393436311,-7.4149131279455105e-10
720,0.0080000000000000002,302.17331796375311,302.17331790680271,5.6950398175104056e-08,2.5499977500287385,2.5499977533408842,-3.3121456688434137e-09
720,0.0090000000000000011,302.24943554715793,302.24943553759101,9.5669179245305713e-09,2.5499876148145062,2.5499876275577411,-1.2743234911738455e-08
720,0.01,302.33634498101503,302.3363450261445,-4.5129468162485864e-08,2.5499397531499648,2.5499397948897462,-4.173978140897816e-08
720,0.010999999999999999,302.43465704451722,302.43465715190649,-1.0738926903286483e-07,2.5497409647025755,2.5497410797939515,-1.1509137598508801e-07
720,0.012,302.54503695062385,302.54503712732458,-1.7670072338660248e-07,2.5490148029722848,2.5490150657718993,-2.6279961451436407e-07
720,0.013000000000000001,302.66819385307844,302.66819410451734,-2.5143890525214374e-07,2.5466809338036311,2.5466814163652964,-4.8256166529370148e-07
720,0.014,302.80486581580681,302.80486614453503,-3.2872821975615807e-07,2.5400762857475838,2.5400769531765688,-6.6742898496841008e-07
720,0.014999999999999999,302.9558002734301,302.95580067809863,-4.046685262437677e-07,2.5235999343218074,2.5236004914834056,-5.5716159819141353e-07
720,0.016,303.1217309028433,303.12173137774033,-4.7489703547398676e-07,2.4873067230181034,2.4873065616539267,1.6136417668732861e-07
720,0.017000000000000001,303.30335283840384,303.30335337370553,-5.353016945264244e-07,2.4165597004542336,2.416558155229402,1.5452248316449868e-06
720,0.018000000000000002,303.50129904833028,303.50129963107463,-5.8274434877603198e-07,2.2941576428486217,2.2941545618153687,3.081033252971821e-06
720,0.019,303.7161211594497,303.71612177437538,-6.1492568192988983e-07,2.1054683444079867,2.1054645698478796,3.7745601071392798e-06
720,0.02,303.94827863389901,303.94827847549345,1.584055553394137e-07,1.8449878164499687,1.8449850194200581,2.7970299105728458e-06
730,0,301.92848244649758,301.92848222354104,2.2295654389381525e-07,2.5499999999997534,2.5500000002148342,-2.1508084202537248e-10
730,0.001,301.93264784279353,301.93264761959239,2.2320114112517331e-07,2.5499999999989913,2.5500000000179894,-1.8998136397385679e-11
730,0.002,301.94517587174431,301.94517565635073,2.1539358385780361e-07,2.5499999999900873,2.5500000000031608,-1.3073542248775993e-11
730,0.0030000000000000001,301.96616214420607,301.96616194194547,2.0226059405104024e-07,2.5499999998992027,2.5499999999100837,-1.0881073819746234e-11
730,0.0040000000000000001,301.99576629781404,301.99576611402711,1.8378693766862852e-07,2.549999999043826,2.549999999056825,-1.2998935261521183e-11
730,0.0050000000000000001,302.03421236361942,302.03421220375242,1.5986699963832507e-07,2.549999991780544,2.5499999918167702,-3.6226133204309008e-11
730,0.0060000000000000001,302.08178913070492,302.08178900041338,1.3029153933530324e-07,2.5499999367439874,2.5499999369176436,-1.7365620053055864e-10
730,0.0070000000000000001,302.13885031007675,302.13885021533696,9.4739789346931502e-08,2.5499995667647211,2.5499995676171676,-8.5244655778637934e-10
730,0.0080000000000000002,302.20581418332864,302.20581413051474,5.2813902584603056e-08,2.5499973675367236,2.5499973712531463,-3.716422725119628e-09
730,0.0090000000000000011,302.2831622857513,302.28316228161026,4.1410430640098639e-09,2.5499858305462935,2.5499858445249437,-1.3978650237334023e-08
730,0.01,302.37143654266612,302.37143659411163,-5.1445510962366825e-08,2.5499324750809578,2.5499325199207177,-4.4839759905102028e-08
730,0.010999999999999999,302.47123419306797,302.47123430671303,-1.1364505780875334e-07,2.5497150449744992,2.5497151662583253,-1.2128382609333244e-07
730,0.012,302.5831998497452,302.58320003103393,-1.8128872625311487e-07,2.5489343131579254,2.5489345852151386,-2.7205721320200382e-07
730,0.013000000000000001,302.70801421804612,302.70801446975992,-2.5171380002575461e-07,2.5464632546548334,2.5464637458718897,-4.9121705636423485e-07
730,0.014,302.84637940099873,302.84637972230092,-3.2130219551618211e-07,2.5395642559435645,2.5395649235599191,-6.6761635464374081e-07
730,0.014999999999999999,302.9990015835412,302.99900197540757,-3.9186636513477424e-07,2.5225540032482625,2.5225545454933807,-5.422451181402721e-07
730,0.016,303.16657402032968,303.16657449179081,-4.7146113502094522e-07,2.4854551604602819,2.4854549740588516,1.8640143029102774e-07
730,0.017000000000000001,303.34976817645583,303.34976871889234,-5.4243650993157644e-07,2.4137278999610228,2.4137263401613356,1.5597996871896669e-06
730,0.018000000000000002,303.54924825809036,303.54924883319694,-5.7510658280079952e-07,2.2904346028568496,2.2904315395449153,3.0633119343370652e-06
730,0.019,303.76572583970284,303.76572644810039,-6.083975563342392e-07,2.1012982441037655,2.1012945180218252,3.7260819403250878e-06
730,0.02,304.0000505714728,304.0000512784892,-7.070163974276511e-07,1.8410802115368821,1.8410774627897462,2.7487471359055604e-06
740,0,301.95684097163564,301.95684074968523,2.2195041537997895e-07,2.5499999999996374,2.5500000002147196,-2.1508217429300203e-10
740,0.001,301.96107822116852,301.9610779989797,2.2218881667868118e-07,2.549999999998557,2.5500000000175582,-1.9001245021854629e-11
740,0.002,301.97382195950092,301.97382174515519,2.1434573227452347e-07,2.5499999999863121,2.5499999999994123,-1.3100187601366997e-11
740,0.0030000000000000001,301.99516820556482,301.99516800446179,2.0110303466935875e-07,2.5499999998653307,2.5499999998763747,-1.1044054559761207e-11
740,0.0040000000000000001,302.02527712987512,302.02527694749455,1.8238057464259327e-07,2.5499999987615838,2.5499999987756379,-1.4054091224124932e-11
740,0.0050000000000000001,302.06437316498312,302.06437300697633,1.5800679875610513e-07,2.5499999896606265,2.5499999897028043,-4.2177816794719547e-11
740,0.0060000000000000001,302.11274494990687,302.11274482216857,1.2773830349033233e-07,2.5499999225750534,2.5499999227778885,-2.02835082063757e-10
740,0.0070000000000000001,302.17074487057505,302.17074477927673,9.1298318238841603e-08,2.5499994830679609,2.549999484043223,-9.7526209330567326e-10
740,0.0080000000000000002,302.2387878645921,302.23878781611813,4.8473964397999225e-08,2.549996932378404,2.5499969365333568,-4.1549528262407875e-09
740,0.0090000000000000011,302.31734906976635,302.31734907049997,-7.3362116381758824e-10,2.5499838445818908,2.5499838598712059,-1.5289315147271054e-08
740,0.01,302.406959839796,302.40695989584054,-5.6044541452138219e-08,2.5499245348557578,2.5499245829135329,-4.8057775092757993e-08
740,0.010999999999999999,302.50820167462552,302.5082017918561,-1.1723057014023652e-07,2.549687275300029,2.5496874028756955,-1.2757566647536578e-07
740,0.012,302.62169779918548,302.6216979837539,-1.8456842099112691e-07,2.548849468871965,2.5488497501213563,-2.8124939133178373e-07
740,0.013000000000000001,302.74810261113174,302.7481028686131,-2.5748136067704763e-07,2.5462370734792139,2.5462375729985025,-4.9951928859925943e-07
740,0.014,302.88809019480368,302.88809052574135,-3.3093766660385882e-07,2.5390388341049506,2.5390395014079785,-6.673030279458203e-07
740,0.014999999999999999,303.0423446806555,303.0423450759701,-3.9531460060970858e-07,2.5214920562722862,2.5214925834303288,-5.2715804255143439e-07
740,0.016,303.21155709782653,303.21155754191534,-4.4408881194613059e-07,2.483591628240799,2.4835914173332432,2.1090755586428145e-07
740,0.017000000000000001,303.39643427543911,303.3964347628019,-4.8736279723016196e-07,2.4108973490953884,2.4108957755723348,1.573523053632897e-06
740,0.018000000000000002,303.59772327898094,303.59772383301976,-5.5403882015525596e-07,2.2867318067878175,2.2867287613770952,3.0454107222688265e-06
740,0.019,303.81624855362361,303.81624921065753,-6.5703392237992375e-07,2.0971637013466591,2.0971600228213649,3.6785252941484714e-06
740,0.02,304.05295022502213,304.05295100224708,-7.7722495461785002e-07,1.8372104106184139,1.8372077085051883,2.7021132256166425e-06
750,0,301.98568568751676,301.98568546667531,2.2084145712142345e-07,2.5499999999994718,2.5500000002145535,-2.1508173020379218e-10
750,0.001,301.98999503150816,301.98999481046832,2.2103984065324767e-07,2.5499999999979552,2.5500000000169583,-1.9003021378694029e-11
750,0.002,302.00295510311446,302.00295489004719,2.1306726694092504e-07,2.5499999999812566,2.5499999999943843,-1.3127721132377701e-11
750,0.0030000000000000001,302.02466201340366,302.02466181382323,1.9958042685175315e-07,2.5499999998214151,2.5499999998326679,-1.1252776488390737e-11
750,0.0040000000000000001,302.05527588871615,302.05527570824023,1.8047592220682418e-07,2.5499999984066739,2.5499999984219972,-1.5323298185876411e-11
750,0.0050000000000000001,302.09502066667443,302.09502051108757,1.5558686072836281e-07,2.5499999870702794,2.5499999871194139,-4.9134474267020778e-11
750,0.0060000000000000001,302.14418357453457,302.144183449808,1.2472656862883014e-07,2.5499999057203206,2.5499999059563718,-2.3605117860370228e-10
750,0.0070000000000000001,302.20311404921557,302.20311396150299,8.7712578533682972e-08,2.5499993859636789,2.5499993870752089,-1.1115299791697453e-09
750,0.0080000000000000002,302.27222179793966,302.27222175358321,4.4356454509397736e-08,2.549996439068146,2.5499964436980735,-4.6299275524575023e-09
750,0.0090000000000000011,302.35197367179836,302.35197367734941,-5.5510440688522067e-09,2.5499816407171583,2.549981657394226,-1.6677067726789119e-08
750,0.01,302.44288907200962,302.44288913409315,-6.2083529428491602e-08,2.5499158934598891,2.5499159448523008,-5.1392411659634263e-08
750,0.010999999999999999,302.5455337892314,302.54553391385502,-1.2462362519727321e-07,2.5496575821768737,2.549657716136168,-1.339592943239154e-07
750,0.012,302.66051255822089,302.66051274918999,-1.9096910364169162e-07,2.5487601717729182,2.5487604621383806,-2.9036546234095795e-07
750,0.013000000000000001,302.78846123289253,302.7884614898561,-2.5696357397464453e-07,2.5460023289327385,2.5460028364001399,-5.074674014338143e-07
750,0.014,302.93004028482108,302.93004060320851,-3.1838743552725646e-07,2.5385001119995247,2.538500778507859,-6.6650833430159651e-07
750,0.014999999999999999,303.08593203887364,303.08593241367345,-3.7479981074284296e-07,2.5204144284149836,2.5204149403415212,-5.1192653760523399e-07
750,0.016,303.25684419037481,303.25684462155078,-4.3117597670061514e-07,2.4817166244309421,2.4817163895488292,2.3488211287059357e-07
750,0.017000000000000001,303.44352113633488,303.44352163180713,-4.9547224989510141e-07,2.4080684024364563,2.4080668160093563,1.5864270999088603e-06
750,0.018000000000000002,303.64676227898508,303.64676285272463,-5.7373955542061594e-07,2.2830491245601818,2.283046097208822,3.0273513598189083e-06
750,0.019,303.86744327154753,303.86744393545621,-6.6390867914378759e-07,2.0930640703975505,2.093060438535336,3.6318622145259383e-06
750,0.02,304.106533551307,304.10653432249495,-7.7118795616115676e-07,1.8333775503485721,1.8333748937057912,2.6566427808738524e-06
760,0,302.0150174623858,302.01501724294695,2.1943884576103301e-07,2.549999999999236,2.5500000002143213,-2.1508528291747098e-10
760,0.001,302.0193988883745,302.01939866879798,2.1957652052151388e-07,2.5499999999971266,2.5500000000161389,-1.9012347252100881e-11
760,0.002,302.03257513130677,302.03257491988501,2.1142176365174237e-07,2.5499999999745371,2.5499999999877074,-1.3170353696523307e-11
760,0.0030000000000000001,302.05464201386332,302.05464181623194,1.9763137970585376e-07,2.5499999997648768,2.5499999997763814,-1.1504575070375722e-11
760,0.0040000000000000001,302.08575896648068,302.08575878837513,1.7810555164032849e-07,2.5499999979631314,2.549999997979973,-1.6841639194353775e-11
760,0.0050000000000000001,302.126148501194,302.12614834851769,1.5267630715243286e-07,2.5499999839221821,2.549999983979419,-5.723688190073517e-11
760,0.0060000000000000001,302.17609525114693,302.17609513000946,1.2113747516195872e-07,2.5499998857646977,2.549999886038409,-2.7371127586661714e-10
760,0.0070000000000000001,302.23594437276591,302.23594428948508,8.3280838225618936e-08,2.5499992737584787,2.5499992750206761,-1.2621974576632056e-09
760,0.0080000000000000002,302.3060990944266,302.30609905543588,3.8990719986031763e-08,2.5499958817501422,2.5499958868930244,-5.142882120168224e-09
760,0.0090000000000000011,302.38701723987106,302.38701725142153,-1.1550469025678467e-08,2.5499792020494207,2.5499792201924021,-1.8142981339508424e-08
760,0.01,302.47920668839379,302.47920675595361,-6.7559824401541846e-08,2.5499065110958909,2.5499065659373592,-5.4841468255517611e-08
760,0.010999999999999999,302.58321998353506,302.58322011096453,-1.2742947319566156e-07,2.5496258923225223,2.5496260327491487,-1.4042662632718361e-07
760,0.012,302.6996486673093,302.69964885618759,-1.8887828900915338e-07,2.5486663265344265,2.5486666259294415,-2.9939501500209076e-07
760,0.013000000000000001,302.82911834044552,302.82911859018361,-2.497380933164095e-07,2.5457589659826962,2.5457594810437993,-5.1506110310128861e-07
760,0.014,302.97228579301208,302.97228610228797,-3.0927589023121982e-07,2.5379481870644787,2.537948852315751,-6.6525127229155601e-07
760,0.014999999999999999,303.12983960585524,303.12983997491079,-3.6905555589328287e-07,2.5193214517373912,2.519321948312093,-4.965747018026434e-07
760,0.016,303.30250517894979,303.30250561123199,-4.3228220647506532e-07,2.4798306314798024,2.4798303731530011,2.5832680128345942e-07
760,0.017000000000000001,303.49105410812496,303.49105461027227,-5.0214731572850724e-07,2.4052413956058292,2.4052397970617485,1.5985440806609574e-06
760,0.018000000000000002,303.69631637200337,303.69631695211905,-5.8011568171423278e-07,2.2793864223953921,2.2793834132402346,3.0091551574962239e-06
760,0.019,303.91919236080679,303.91919302572336,-6.6491656980360858e-07,2.0889987247432464,2.0889951386844179,3.5860588285530071e-06
760,0.02,304.16066099590296,304.1606617638829,-7.679799409743282e-07,1.8295808366817325,1.8295782244192995,2.6122624330326971e-06
770,0,302.04483531552046,302.04483509794602,2.1757443846581737e-07,2.5499999999989083,2.5500000002139966,-2.1508839154193993e-10
770,0.001,302.04928852222167,302.04928830458249,2.1763918311989983e-07,2.5499999999959981,2.5500000000150185,-1.9020340857878182e-11
770,0.002,302.06267990370941,302.06267969444588,2.0926353272443521e-07,2.5499999999656762,2.5499999999788932,-1.3216983063557564e-11
770,0.0030000000000000001,302.0851046111863,302.08510441608462,1.9510167703629122e-07,2.5499999996925724,2.549999999704387,-1.1814549338851066e-11
770,0.0040000000000000001,302.11672075843751,302.11672058338456,1.7505294636066537e-07,2.5499999974120939,2.5499999974307461,-1.865219090291248e-11
770,0.0050000000000000001,302.15774861942219,302.15774847045361,1.4896858147039893e-07,2.5499999801160627,2.549999980182692,-6.6629368689063995e-11
770,0.0060000000000000001,302.20846933060011,302.20846921387897,1.1672113942040596e-07,2.5499998622441344,2.5499998625603673,-3.1623281770976064e-10
770,0.0070000000000000001,302.26922296454495,302.26922288624786,7.8297091476997593e-08,2.5499991446063053,2.549999146034529,-1.4282237614793303e-09
770,0.0080000000000000002,302.3404058695304,302.34040583560511,3.3925289244507439e-08,2.5499952541905628,2.5499952598858719,-5.6953091132072586e-09
770,0.0090000000000000011,302.42246725585949,302.42246727165019,-1.5790703855600441e-08,2.549976510986228,2.5499765306741984,-1.9687970365112051e-08
770,0.01,302.51590516421447,302.51590523403195,-6.9817474468436558e-08,2.5498963472384366,2.5498964056409341,-5.8402497504772555e-08
770,0.010999999999999999,302.62126216803927,302.62126229485165,-1.2681238104050863e-07,2.5495921327770432,2.5495922797466575,-1.469696142564203e-07
770,0.012,302.73912140588146,302.73912159134181,-1.8546035107647185e-07,2.5485678408951169,2.5485681492233812,-3.0832826425353232e-07
770,0.013000000000000001,302.87010373970725,302.87010398467066,-2.4496341666235821e-07,2.5455069357221869,2.5455074580230965,-5.2230090963334419e-07
770,0.014,303.01486689170207,303.01486719715945,-3.0545737672582618e-07,2.5373831619711371,2.5373838255217613,-6.635506242247402e-07
770,0.014999999999999999,303.17410722461676,303.17410759263504,-3.6801827718591085e-07,2.5182134550684352,2.5182139361936073,-4.8112517214704553e-07
770,0.016,303.34856434592876,303.34856478014757,-4.3421880491223419e-07,2.4779341166528459,2.4779338354085994,2.8124424655828761e-07
770,0.017000000000000001,303.53902797930493,303.53902848479225,-5.0548732133393059e-07,2.402416646271663,2.4024150363665631,1.6099050998974462e-06
770,0.018000000000000002,303.74634572651888,303.74634630896901,-5.8245012724000844e-07,2.2757435634436805,2.2757405726016007,2.990842079775291e-06
770,0.019,303.97142970171757,303.97143036645099,-6.6473342030803906e-07,2.0849670532218307,2.084963512129439,3.5410923917567061e-06
770,0.02,304.21525982972821,304.21526059523973,-7.6551151551029761e-07,1.825819511156358,1.8258169422300534,2.5689263045691746e-06
780,0,302.07513632633066,302.07513611131617,2.1501449509742088e-07,2.5499999999984526,2.5500000002135459,-2.1509327652324828e-10
780,0.001,302.07966073573226,302.07966052073942,2.1499283775483491e-07,2.5499999999944722,2.5500000000135006,-1.9028334463655483e-11
780,0.002,302.0932654097262,302.09326520336128,2.0636491626646603e-07,2.5499999999540752,2.5499999999673539,-1.3278711463726722e-11
780,0.0030000000000000001,302.11604450555063,302.11604431374263,1.9180799881723942e-07,2.549999999600697,2.5499999996128895,-1.2192469256433469e-11
780,0.0040000000000000001,302.14815433222577,302.14815416094899,1.7127678120232304e-07,2.5499999967313935,2.5499999967521916,-2.0798029964907983e-11
780,0.0050000000000000001,302.18981235912537,302.18981221439759,1.4472777820628835e-07,2.5499999755373,2.5499999756147638,-7.7463813141775972e-11
780,0.0060000000000000001,302.24129572410851,302.24129561190892,1.1219958651054185e-07,2.549999834641814,2.5499998350058815,-3.6406744285955028e-10
780,0.0070000000000000001,302.30293918397018,302.30293911008232,7.3887861162802437e-08,2.5499989965011189,2.5499989981117008,-1.6105818900769009e-09
780,0.0080000000000000002,302.3751324991843,302.37513246897595,3.0208354928618064e-08,2.5499945497705845,2.5499945560592465,-6.2886620355584455e-09
780,0.0090000000000000011,302.45831733704654,302.4583173552287,-1.8182163330493495e-08,2.5499735492559137,2.549973570568687,-2.131277332395598e-08
780,0.01,302.55298390759674,302.55298397803716,-7.0440421495732153e-08,2.5498853606900691,2.549885422762912,-6.207284286574577e-08
780,0.010999999999999999,302.65966769507469,302.65966782075395,-1.2567926432893728e-07,2.5495562310009547,2.5495563845812166,-1.535802618413129e-07
780,0.012,302.77894677611198,302.77894695928342,-1.831714371292037e-07,2.5484646256979584,2.5484649428539932,-3.1715603476811793e-07
780,0.013000000000000001,302.91144027194593,302.91144051450573,-2.4255979269582895e-07,2.5452461951815564,2.5452467243695986,-5.2918804227530813e-07
780,0.014,303.05780841128768,303.0578087152644,-3.0397671935133985e-07,2.536805144210359,2.5368058056352805,-6.6142492149978693e-07
780,0.014999999999999999,303.21875444737918,303.21875481536847,-3.6798928704229183e-07,2.5170907637644229,2.5170912293636318,-4.6559920896527274e-07
780,0.016,303.39502828356393,303.39502871896764,-4.3540370597838773e-07,2.476027532467822,2.4760272288299654,3.0363785663567455e-07
780,0.017000000000000001,303.58743118050313,303.58743168749743,-5.0699429721134948e-07,2.3995944550965951,2.399592834556509,1.6205400861224462e-06
780,0.018000000000000002,303.79682046307164,303.79682104628455,-5.8321290907770162e-07,2.2721204082480622,2.2721174358180467,2.9724300154576611e-06
780,0.019,304.02411285988211,304.02411352396189,-6.6407977783455863e-07,2.0809684597805389,2.0809649628375317,3.4969430071640772e-06
780,0.02,304.27028492863258,304.27028587910644,-9.5047386139412993e-07,1.8220928442599231,1.8220903176214436,2.5266384795497032e-06
790,0,302.10591586096047,302.10591564805884,2.1290162521836464e-07,2.549999999997826,2.5500000002783789,-2.8055291423356721e-10
790,0.001,302.11051067498465,302.1105104632494,2.1173525510675972e-07,2.5499999999924241,2.5500000000172451,-2.48210341169397e-11
790,0.002,302.12432616871479,302.12432596582198,2.0289280655561015e-07,2.5499999999389877,2.5499999999562943,-1.730660059706679e-11
790,0.0030000000000000001,302.1474552888518,302.14745510078268,1.8806912294166978e-07,2.5499999994846738,2.5499999995004554,-1.5781598250441675e-11
790,0.0040000000000000001,302.18005224326083,302.18005207597685,1.6728398577470216e-07,2.5499999958951092,2.5499999959210728,-2.5963675653883911e-11
790,0.0050000000000000001,302.22233141963471,302.22233127903797,1.4059673958399799e-07,2.549999970055429,2.5499999701476384,-9.2209351265637451e-11
790,0.0060000000000000001,302.27456583697131,302.274565728808,1.0816330586749245e-07,2.5499998023842738,2.5499998028039994,-4.1972558761926848e-10
790,0.0070000000000000001,302.33708513533753,302.33708506505963,7.0277906161209103e-08,2.5499988272697136,2.5499988290818405,-1.8121268929860435e-09
790,0.0080000000000000002,302.41027316187791,302.41027313448598,2.7391934054321609e-08,2.549993761480311,2.5499937684063609,-6.9260499557799449e-09
790,0.0090000000000000011,302.49456528874208,302.49456530864592,-1.9903836800949648e-08,2.549970297919788,2.5499703209393543,-2.3019566253168477e-08
790,0.01,302.59044569064929,302.59044576159653,-7.0947237418295117e-08,2.5498735096373046,2.5498735754884416,-6.5851136987760128e-08
790,0.010999999999999999,302.69844489518101,302.69844502031305,-1.2513203273556428e-07,2.5495181149681847,2.5495182752202274,-1.6025204274683347e-07
790,0.012,302.81913796760296,302.81913814973393,-1.8213097519037547e-07,2.5483565949199081,2.5483569207909742,-3.2587106613135575e-07
790,0.013000000000000001,302.95314366512861,302.95314390727361,-2.4214500626840163e-07,2.5449767071379936,2.544977242863685,-5.3572569136406401e-07
790,0.014,303.10112471211886,303.10112501707408,-3.049552219636098e-07,2.5362142456982175,2.536214904591906,-6.5889368849880725e-07
790,0.014999999999999999,303.26378868182451,303.26378904929641,-3.6747189824382076e-07,2.515953699497421,2.5159541495154825,-4.5001806148192713e-07
790,0.016,303.44188668342514,303.44188711573827,-4.323131292949256e-07,2.4741113171258653,2.4741109916154458,3.2551041950767967e-07
790,0.017000000000000001,303.63620098977526,303.63620150243753,-5.1266226819279836e-07,2.3967751066358276,2.3967734761593369,1.6304764907104641e-06
790,0.018000000000000002,303.84750300539758,303.84750359542369,-5.9002610441893921e-07,2.2685168150366342,2.2685138611031923,2.953933441851575e-06
790,0.019,304.07646100008958,304.07646162902881,-6.2893923313822597e-07,2.0770023636657262,2.0769989100753397,3.4535903865595685e-06
790,0.02,304.32350526484055,304.3235058924019,-6.2756134866503999e-07,1.8184007500924604,1.8183982665695788,2.4835228815689447e-06
800,0,302.13716805220395,302.13716784311208,2.0909186559947557e-07,2.5499999999969707,2.5500000002775316,-2.8056090783934451e-10
800,0.001,302.14183233607048,302.14183212818114,2.0788934307347517e-07,2.5499999999896974,2.5500000000145344,-2.4837021328494302e-11
800,0.002,302.15585580580449,302.15585560685122,1.9895327341146185e-07,2.5499999999195015,2.5499999999369076,-1.7406076580073204e-11
800,0.0030000000000000001,302.17933009812378,302.1793299141018,1.8402198520561797e-07,2.5499999993390259,2.5499999993553613,-1.6335377495124703e-11
800,0.0040000000000000001,302.21240721494644,302.21240705176433,1.6318210782628739e-07,2.5499999948730756,2.5499999949020129,-2.893729700303993e-11
800,0.0050000000000000001,302.25529843742527,302.25529830085441,1.3657086128660012e-07,2.549999963522573,2.5499999636290203,-1.0644729542264031e-10
800,0.0060000000000000001,302.30827282481897,302.3082727204071,1.0441186759635457e-07,2.5499997648374286,2.5499997653170214,-4.7959280990994557e-10
800,0.0070000000000000001,302.37165534551355,302.37165527849203,6.7021517224929994e-08,2.5499986345647137,2.5499986365948377,-2.0301240688525013e-09
800,0.0080000000000000002,302.44582473320759,302.44582470843295,2.4774635676294565e-08,2.5499928819135982,2.5499928895189949,-7.6053967568157077e-09
800,0.0090000000000000011,302.53121121650361,302.53121123845926,-2.1955656848149374e-08,2.5499667373859238,2.5499667621914996,-2.4805575815634029e-08
800,0.01,302.62829431794432,302.62829439065797,-7.2713646659394726e-08,2.5498607517068352,2.5498608214381808,-6.9731345586632187e-08
800,0.010999999999999999,302.73760092045927,302.73760104691047,-1.2645119795706705e-07,2.5494777132539457,2.549477880228284,-1.6697433835588527e-07
800,0.012,302.85970366964551,302.85970385078582,-1.811403080864693e-07,2.5482436656923242,2.5482440001550715,-3.3446274727566561e-07
800,0.013000000000000001,302.99521934823451,302.99521958401652,-2.3578201080454164e-07,2.5446984399240007,2.544698981837886,-5.4191388532132123e-07
800,0.014,303.14480586516004,303.14480616006341,-2.9490337283277768e-07,2.5356105824014263,2.5356112383738427,-6.5597241638570836e-07
800,0.014999999999999999,303.30915475906545,303.30915512774681,-3.6868135566692217e-07,2.5148025800705751,2.5148030144683959,-4.3439782082543843e-07
800,0.016,303.48897400870248,303.48897446598636,-4.5728387476628996e-07,2.4721858949370836,2.4721855480675585,3.4686952510298852e-07
800,0.017000000000000001,303.68495504921958,303.68495558209992,-5.3288033541321056e-07,2.3939588701857231,2.3939572304405918,1.6397451312322175e-06
800,0.018000000000000002,303.89772088125642,303.89772145093491,-5.6967849104694324e-07,2.2649326399541825,2.2649297045832908,2.9353708916879384e-06
800,0.019,304.12776080930917,304.12776137394877,-5.6463960618202691e-07,2.0730682044823774,2.0730647934437423,3.4110386351038358e-06
800,0.02,304.3753687351209,304.37536928289944,-5.4777854074927745e-07,1.8147424305596978,1.8147399880081849,2.4425515128267961e-06
810,0,302.1688863804518,302.16888617552758,2.0492421981543885e-07,2.5499999999958129,2.5500000002763805,-2.8056756917749226e-10
810,0.001,302.17361914761892,302.17361894390621,2.0371271602925844e-07,2.5499999999860909,2.5500000000109493,-2.4858337610567105e-11
810,0.002,302.18784762892756,302.18784743416654,1.947610144270584e-07,2.5499999998944927,2.5499999999120146,-1.7521983863844071e-11
810,0.0030000000000000001,302.21166215132484,302.21166197148824,1.7983660427489667e-07,2.5499999991572344,2.5499999991742319,-1.6997514507011147e-11
810,0.0040000000000000001,302.24521255720475,302.24521239814374,1.5906101680229767e-07,2.549999993630351,2.5499999936627527,-3.2401636929080269e-11
810,0.0050000000000000001,302.28870717316317,302.28870704057124,1.3259193565318128e-07,2.5499999557717739,2.5499999558944468,-1.2267298288293205e-10
810,0.0060000000000000001,302.34241141860758,302.34241131796375,1.0064383104690933e-07,2.5499997213025285,2.5499997218487529,-5.4622439904505882e-10
810,0.0070000000000000001,302.4066461194796,302.40664605595128,6.3528318605676759e-08,2.5499984158577691,2.5499984181252056,-2.2674364608121778e-09
810,0.0080000000000000002,302.48178561757146,302.48178559581879,2.1752668999397429e-08,2.5499919032637566,2.549991911593454,-8.3296973762969628e-09
810,0.0090000000000000011,302.56825577159668,302.56825579546143,-2.3864743070589611e-08,2.549962847424339,2.549962874096996,-2.6672656971982178e-08
810,0.01,302.66653189374102,302.66653196605262,-7.2311593157792231e-08,2.549847044021599,2.5498471177333646,-7.3711765580242172e-08
810,0.010999999999999999,302.77713649130493,302.77713661436621,-1.2306128382988391e-07,2.5494349551177136,2.5494351288585846,-1.7374087102339786e-07
810,0.012,302.90063630726917,302.90063648448722,-1.7721805534165469e-07,2.5481257583132559,2.5481261012382594,-3.4292500350474597e-07
810,0.013000000000000001,303.03763752521525,303.03763776306442,-2.3784917857483379e-07,2.5444113672361808,2.5444119149931166,-5.4775693580921825e-07
810,0.014,303.18877719881385,303.18877750645572,-3.0764186931264703e-07,2.534994273982198,2.534994926662085,-6.5267988702544244e-07
810,0.014999999999999999,303.35470831157375,303.35470869579115,-3.8421740100602619e-07,2.5136377192574599,2.5136381380146893,-4.1875722933681914e-07
810,0.016,303.53607599022354,303.53607644630426,-4.5608072696268209e-07,2.4702516767381213,2.4702513090190497,3.6771907163668516e-07
810,0.017000000000000001,303.73348397716472,303.73348448499843,-5.0783370397766703e-07,2.3911460005794396,2.3911443522083395,1.6483711000603307e-06
810,0.018000000000000002,303.94745378197013,303.94745431427719,-5.3230706953399931e-07,2.2613677373276406,2.2613648205722483,2.9167553923237222e-06
810,0.019,304.17838318894366,304.17838372105848,-5.3211482509141206e-07,2.0691654526993717,2.0691620834492146,3.3692501570925515e-06
810,0.02,304.42651405681016,304.4265145825492,-5.2573903985830839e-07,1.8111170450364191,1.811114642398671,2.4026377480890204e-06
820,0,302.20106420228768,302.20106400179446,2.0049321847182e-07,2.5499999999942582,2.5500000002748369,-2.8057867140773851e-10
820,0.001,302.20586448268438,302.20586428339504,1.9928933170376695e-07,2.5499999999813556,2.5500000000062402,-2.4884538873948259e-11
820,0.002,302.22029508509621,302.22029489473181,1.9036440335185034e-07,2.549999999862596,2.5499999998802605,-1.7664536500205941e-11
820,0.0030000000000000001,302.24444509471471,302.24444491921685,1.7549785980008892e-07,2.549999998931578,2.549999998949366,-1.7787993300544258e-11
820,0.0040000000000000001,302.27846233348316,302.27846217864709,1.5483607285204926e-07,2.5499999921266383,2.5499999921630763,-3.6437963757407488e-11
820,0.0050000000000000001,302.32255240880914,302.32255228021683,1.2859231901529711e-07,2.5499999466152619,2.5499999467563548,-1.4109291512909294e-10
820,0.0060000000000000001,302.37697743739511,302.3769773403024,9.7092708983836928e-08,2.5499996710120629,2.5499996716322042,-6.2014127166776234e-10
820,0.0070000000000000001,302.44205448945297,302.44205442865433,6.0798640788561897e-08,2.5499981684329849,2.5499981709580561,-2.5250712631930128e-09
820,0.0080000000000000002,302.51815378145051,302.51815376119328,2.0257232336007291e-08,2.5499908173201913,2.5499908264203692,-9.1001779445321063e-09
820,0.0090000000000000011,302.60569658051139,302.6056966046022,-2.4090809347399045e-08,2.5499586071835703,2.5499586358044803,-2.8620910086374352e-08
820,0.01,302.70515263865269,302.70515271088732,-7.2234627168654697e-08,2.5498323432565884,2.5498324210456516,-7.7789063190891738e-08
820,0.010999999999999999,302.81703672329871,302.81703684813095,-1.2483224054449238e-07,2.5493897705811701,2.5493899511252756,-1.8054410544365851e-07
820,0.012,302.94190345653374,302.94190363947979,-1.8294605297342059e-07,2.548002796251605,2.5480031475025999,-3.5125099495658674e-07
820,0.013000000000000001,303.08033929247944,303.08033953942078,-2.4694134026503889e-07,2.5441154679440183,2.5441160212024068,-5.532583884360065e-07
820,0.014,303.23295022084511,303.23295053580267,-3.1495756047661416e-07,2.5343654434612559,2.5343660924944924,-6.4903323648834998e-07
820,0.014999999999999999,303.40034394137581,303.40034432328667,-3.8191086559891119e-07,2.5124594266643085,2.5124598297768883,-4.0311257976100023e-07
820,0.016,303.58310605872487,303.58310649885772,-4.4013285105393152e-07,2.4683090603035116,2.4683086722387424,3.8806476920782984e-07
820,0.017000000000000001,303.78177138084027,303.78177186353554,-4.8269527042066329e-07,2.3883367389331953,2.3883350825533576,1.6563798377333683e-06
820,0.018000000000000002,303.99679341428777,303.9967939205012,-5.0621343916645856e-07,2.2578219602038145,2.2578190621020569,2.8981017576867885e-06
820,0.019,304.22851698782443,304.2285174991361,-5.1131166856066557e-07,2.065293595075266,2.0652902668965147,3.3281787512606797e-06
820,0.02,304.47715976286605,304.47716027315977,-5.1029371661570622e-07,1.8075238921223162,1.8075215284524797,2.3636698365248066e-06
830,0,302.2336951339733,302.23369493808957,1.9588372879297822e-07,2.5499999999921847,2.5500000002727785,-2.8059377044087341e-10
830,0.001,302.23856201599739,302.23856182129589,1.9470149936751113e-07,2.5499999999751775,2.5500000000000966,-2.4919177832316564e-11
830,0.002,302.25319203514755,302.25319184929617,1.8585137695481535e-07,2.5499999998221536,2.5499999998399936,-1.7839951738096715e-11
830,0.0030000000000000001,302.27767312665571,302.2776729555128,1.7114291495090583e-07,2.5499999986529578,2.5499999986716873,-1.8729462425426391e-11
830,0.0040000000000000001,302.31215124147462,302.31215109070331,1.507713136561506e-07,2.5499999903156652,2.5499999903567803,-4.1115111315548347e-11
830,0.0050000000000000001,302.35682945137978,302.35682932638156,1.2499822332756594e-07,2.5499999358426257,2.5499999360045487,-1.6192291951711013e-10
830,0.0060000000000000001,302.41196671792602,302.41196662377911,9.4146912488213275e-08,2.5499996131256175,2.5499996138274996,-7.0188210798960426e-10
830,0.0070000000000000001,302.47787631573755,302.47787625719212,5.8545424508338328e-08,2.5499978893805966,2.5499978921846229,-2.8040263444495395e-09
830,0.0080000000000000002,302.55492384469255,302.55492382627284,1.8419711977912812e-08,2.5499896154659312,2.5499896253839256,-9.9179944257343777e-09
830,0.0090000000000000011,302.64352466115315,302.64352468737388,-2.6220732252113521e-08,2.5499539952084782,2.5499540258587561,-3.0650277871302478e-08
830,0.01,302.74414039818765,302.74414047378804,-7.5600382842822e-08,2.5498166056941654,2.5498166876539226,-8.1959757203264871e-08
830,0.010999999999999999,302.85727404124174,302.85727417121387,-1.2997213616472436e-07,2.5493420905012716,2.5493422778779293,-1.8737665774537504e-07
830,0.012,302.98346282553632,302.98346301465784,-1.8912152199845877e-07,2.5478747061441966,2.5478750655786233,-3.5943442666663827e-07
830,0.013000000000000001,303.12326811291661,303.12326836463899,-2.5172238338200259e-07,2.5438107259000047,2.5438112843222545,-5.5842224977453725e-07
830,0.014,303.27726150868671,303.27726182358617,-3.1489946650253842e-07,2.5337242168988334,2.5337248619480781,-6.4504924468522518e-07
830,0.014999999999999999,303.44600690642676,303.4460072807459,-3.7431914279295597e-07,2.5112680076126148,2.5112683950917036,-3.8747908881475723e-07
830,0.016,303.63003894504806,303.63003937011393,-4.2506587760726688e-07,2.4663584307482114,2.4663580228354141,4.0791279731777763e-07
830,0.017000000000000001,303.82983943910671,303.82983990209539,-4.6298868028316065e-07,2.3855313133480207,2.3855296495521232,1.6637958974996536e-06
830,0.018000000000000002,304.04581444953726,304.04581493522284,-4.8568557531325496e-07,2.2542951611049338,2.2542922816808,2.8794241337948279e-06
830,0.019,304.2782754273502,304.27827592022305,-4.9287285719401552e-07,2.0614521252234428,2.0614488374174686,3.2878059741392462e-06
830,0.02,304.52742792395463,304.52742841874039,-4.9478575192551943e-07,1.8039623180231548,1.8039599924319449,2.3255912098285592e-06
840,0,302.2667732273726,302.26677303605516,1.9131744011247065e-07,2.5499999999894376,2.5500000002700483,-2.8061064583084772e-10
840,0.001,302.27170586331954,302.27170567313323,1.9018631292055943e-07,2.5499999999671696,2.5499999999921306,-2.4960922218042469e-11
840,0.002,302.28653277837344,302.28653259688053,1.814929078136629e-07,2.549999999771174,2.5499999997892275,-1.8053558648034596e-11
840,0.0030000000000000001,302.31134081538829,302.31134064833918,1.670491087679693e-07,2.5499999983107022,2.5499999983305428,-1.9840573628471248e-11
840,0.0040000000000000001,302.34627411511167,302.34627396807883,1.4703283568451297e-07,2.5499999881445139,2.5499999881910189,-4.6505022055498557e-11
840,0.0050000000000000001,302.39153321109194,302.39153308944941,1.21642528938537e-07,2.5499999232189241,2.5499999234043202,-1.8539614288215489e-10
840,0.0060000000000000001,302.44737372853871,302.4473736374652,9.1073502517247107e-08,2.5499995467257102,2.5499995475177131,-7.9200290770131687e-10
840,0.0070000000000000001,302.51410461602705,302.51410456054833,5.5478722060797736e-08,2.5499975755909339,2.5499975786962352,-3.1053013493931303e-09
840,0.0080000000000000002,302.59208576727076,302.59208575232861,1.4942145298846299e-08,2.5499882886760563,2.5499882994602965,-1.0784240167538428e-08
840,0.0090000000000000011,302.68172478799801,302.68172481849001,-3.0492003588733496e-08,2.54994898945918,2.5499490222197401,-3.2760560042532916e-08
840,0.01,302.78347254061293,302.78347262131308,-8.0700147009338252e-08,2.5497997872786979,2.5497998734989662,-8.6220268258330179e-08
840,0.010999999999999999,302.89781698486394,302.89781712012319,-1.3525925623980584e-07,2.5492918466384205,2.5492920408697435,-1.9423132302520685e-07
840,0.012,303.02527477413304,303.02527496730187,-1.9316883026476717e-07,2.5477414177861579,2.5477417852556972,-3.6746953924193804e-07
840,0.013000000000000001,303.16638012644108,303.16638037906819,-2.5262710323659121e-07,2.5434971297514846,2.5434976930044022,-5.6325291764025565e-07
840,0.014,303.32167072639919,303.32167103737987,-3.1098068120627431e-07,2.5330707230930138,2.5330713638372493,-6.4074423544724368e-07
840,0.014999999999999999,303.49167085884591,303.49167122378151,-3.6493560173767037e-07,2.5100637630406895,2.5100641349116231,-3.7187093360202539e-07
840,0.016,303.67687259749829,303.67687300853083,-4.1103254488916718e-07,2.4644001609210595,2.4643997336514318,4.2726962767858367e-07
840,0.017000000000000001,303.87771656647402,303.87771701271396,-4.4623993744608015e-07,2.3827299395820765,2.3827282689392075,1.6706428689339248e-06
840,0.018000000000000002,304.09457438421634,304.09457485268445,-4.6846810164424824e-07,2.2507871924023997,2.2507843316686311,2.8607337685393475e-06
840,0.019,304.32773518792055,304.32773566360015,-4.7567959882144351e-07,2.057640544317596,2.0576372961979126,3.2481196834410753e-06
840,0.02,304.57739889927092,304.57739892997722,-3.0706303277838742e-08,1.8004316998820107,1.800429411953016,2.2879289947042025e-06
850,0,302.30029287161398,302.3002926850271,1.8658687395145535e-07,2.5499999999858254,2.5500000002103524,-2.2452706360809316e-10
850,0.001,302.30529044055686,302.30529025482008,1.8573678062239196e-07,2.5499999999568552,2.5499999999769178,-2.0062618233396279e-11
850,0.002,302.32031178598703,302.32031160883872,1.7714830846671248e-07,2.5499999997072647,2.5499999997221865,-1.4921841540171954e-11
850,0.0030000000000000001,302.3454426351912,302.3454424723472,1.6284400317090331e-07,2.5499999978923507,2.5499999979108123,-1.8461676631886803e-11
850,0.0040000000000000001,302.38082522913373,302.38082508617299,1.4296074368758127e-07,2.5499999855529025,2.5499999856033444,-5.0441872900819362e-11
850,0.0050000000000000001,302.4266573288412,302.42665721120136,1.1763984275603434e-07,2.549999908482699,2.5499999086924889,-2.0978996317921883e-10
850,0.0060000000000000001,302.48319073709678,302.4831906500753,8.7021476247173268e-08,2.5499994708135865,2.5499994717029146,-8.8932816666442704e-10
850,0.0070000000000000001,302.55072921925313,302.55072916801237,5.1240760967630195e-08,2.5499972237486523,2.54999722717697,-3.4283176297833506e-09
850,0.0080000000000000002,302.62962564004567,302.62962562959746,1.0448218290548539e-08,2.5499868275169684,2.5499868392154799,-1.1698511492852504e-08
850,0.0090000000000000011,302.7202780563141,302.72027809144163,-3.5127527553413529e-08,2.5499435673309541,2.5499436022810658,-3.495011169363238e-08
850,0.01,302.82312443515781,302.82312452022586,-8.5068052158021601e-08,2.5497818436704094,2.5497819342360497,-9.0565640320505736e-08
850,0.010999999999999999,302.93863563062524,302.93863576922683,-1.3860159242540249e-07,2.5492389717200434,2.5492391728197727,-2.0109972931336983e-07
850,0.012,303.06730628476151,303.06730647913258,-1.9437106857367326e-07,2.5476028641155306,2.5476032394650936,-3.7534956298657107e-07
850,0.013000000000000001,303.20964345693443,303.20964370698556,-2.5005113002407597e-07,2.5431746727550175,2.5431752405086074,-5.6775358991956182e-07
850,0.014,303.36615306230374,303.36615336462029,-3.0231655046009109e-07,2.5324050932946758,2.5324057294275644,-6.3613288858732631e-07
850,0.014999999999999999,303.53732467999237,303.53732503012475,-3.5013238175451988e-07,2.5088469894218268,2.5088473457226295,-3.5630080263970854e-07
850,0.016,303.72361619812244,303.72361659855989,-4.0043744320428232e-07,2.4624346117877938,2.4624341656458597,4.461419340628936e-07
850,0.017000000000000001,303.92544153741613,303.92544198998655,-4.5257041847435175e-07,2.3799328217024791,2.3799311447588058,1.6769436732566589e-06
850,0.018000000000000002,304.14316713221228,304.14316760631181,-4.7409952230736963e-07,2.2472979062792109,2.2472950642379823,2.8420412285790064e-06
850,0.019,304.37712323521697,304.3771236877156,-4.5249862523633055e-07,2.0538583627242453,2.0538551536173335,3.2091069117612392e-06
850,0.02,304.62762964901356,304.62763010926989,-4.6025633082535933e-07,1.7969309118433598,1.7969286584697048,2.2533736550034433e-06
860,0,302.33424844244632,302.33424826070996,1.8173636817664374e-07,2.5499999999811029,2.5500000002056558,-2.2455282078226446e-10
860,0.001,302.33931008573347,302.33930990484561,1.8088786646330846e-07,2.5499999999436458,2.5499999999637724,-2.0126567079614688e-11
860,0.002,302.3545232522078,302.35452307990613,1.723016680443834e-07,2.5499999996275733,2.5499999996428016,-1.5228263094968497e-11
860,0.0030000000000000001,302.3799724391846,302.37997228119161,1.5799298580532195e-07,2.5499999973834155,2.5499999974034147,-1.999911347638772e-11
860,0.0040000000000000001,302.41579775144925,302.41579761335612,1.3809312804369256e-07,2.5499999824724267,2.5499999825299637,-5.7537086206593813e-11
860,0.0050000000000000001,302.46219375804384,302.46219364529588,1.1274795497229206e-07,2.5499998913439477,2.5499998915832656,-2.3931789883135934e-10
860,0.0060000000000000001,302.51940776966433,302.51940768753644,8.2127883160865167e-08,2.5499993843050466,2.5499993853030269,-9.9798036501397291e-10
860,0.0070000000000000001,302.58773739960048,302.58773735315634,4.6444142753898632e-08,2.5499968303273048,2.5499968341046033,-3.7772984740058746e-09
860,0.0080000000000000002,302.6675272193965,302.66752721339702,5.9994818002451211e-09,2.5499852221465793,2.5499852348113587,-1.2664779447391084e-08
860,0.0090000000000000011,302.75916427437642,302.75916431307735,-3.8700932236679364e-08,2.5499377056751524,2.5499377428964074,-3.7221254967079176e-08
860,0.01,302.86307220097922,302.86307228779111,-8.6811894561833469e-08,2.5497627302982804,2.5497628252929454,-9.4994665023051539e-08
860,0.010999999999999999,302.97970371299141,302.97970385021961,-1.372281985823065e-07,2.5491833994993289,2.5491836074765026,-2.0797717370513169e-07
860,0.012,303.10953133361244,303.10953152290728,-1.8929483758256538e-07,2.5474589811918644,2.5474593642632448,-3.8307138039428423e-07
860,0.013000000000000001,303.2530364961529,303.25303673985889,-2.4370598339373828e-07,2.542843352592814,2.5428439245235781,-5.7193076408168508e-07
860,0.014,303.41069757757913,303.41069787870236,-3.0112323656794615e-07,2.5317274609382037,2.5317280921708045,-6.3123260085617972e-07
860,0.014999999999999999,303.58297808549452,303.58297844317406,-3.5767953932008822e-07,2.5076179786988453,2.5076183194829902,-3.4078414490323894e-07
860,0.016,303.77031696126704,303.77031736507485,-4.0380780319537735e-07,2.4604621328061484,2.4604616682737603,4.6453238811139386e-07
860,0.017000000000000001,303.97312338416833,303.97312381578701,-4.3161867324670311e-07,2.377140152709782,2.3771384699938189,1.6827159630139477e-06
860,0.018000000000000002,304.1917779040196,304.19177834670046,-4.4268085730436724e-07,2.2438271545876733,2.243824331235992,2.8233516813358506e-06
860,0.019,304.42663974596815,304.42664019565422,-4.4968606971451663e-07,2.0501050966647716,2.0501019259175148,3.1707472567532591e-06
860,0.02,304.67805731172626,304.67805778548933,-4.737630661111325e-07,1.793459478342702,1.79345726011984,2.218222862060415e-06
870,0,302.36863385273034,302.36863367569106,1.7703928278933745e-07,2.5499999999749732,2.5500000001995642,-2.2459101245431157e-10
870,0.001,302.37375860935163,302.37375843314118,1.7621044889892801e-07,2.5499999999268304,2.5499999999470369,-2.0206503137387699e-11
870,0.002,302.38916065560346,302.38916048792566,1.6767779698056984e-07,2.5499999995287177,2.5499999995443159,-1.5598189406773599e-11
870,0.0030000000000000001,302.41492307473993,302.41492292129863,1.5344130588346161e-07,2.5499999967671303,2.54999999678892,-2.1789681170503172e-11
870,0.0040000000000000001,302.45118350034625,302.45118336673124,1.336150035058381e-07,2.549999978825753,2.5499999788913779,-6.5624838896383153e-11
870,0.0050000000000000001,302.4981327921696,302.49813268383076,1.0833883834493463e-07,2.5499998714820453,2.5499998717543018,-2.7225643961514834e-10
870,0.0060000000000000001,302.55601304764241,302.55601296983446,7.780795385770034e-08,2.54999928602638,2.5499992871431032,-1.1167231583897319e-09
870,0.0070000000000000001,302.62511481349219,302.62511477119546,4.2296733226976357e-08,2.5499963915845112,2.5499963957359517,-4.1514405246800834e-09
870,0.0080000000000000002,302.70577332996339,302.70577332779573,2.1676669348380528e-09,2.5499834623158057,2.5499834759979239,-1.3682118105151631e-08
870,0.0090000000000000011,302.7983636275963,302.798363669747,-4.2150702483922942e-08,2.5499313808214539,2.549931420393055,-3.9571601107013521e-08
870,0.01,302.90329432232744,302.90329441249634,-9.0168896349496208e-08,2.5497424024120172,2.5497425019141198,-9.9502102557380567e-08
870,0.010999999999999999,303.021000044142,303.02100018536225,-1.4122025504548219e-07,2.5491250648081274,2.5491252796648451,-2.1485671775067772e-07
870,0.012,303.15193261406773,303.15193280827253,-1.9420480157350539e-07,2.5473097081663099,2.5473100987983477,-3.9063203782774281e-07
870,0.013000000000000001,303.29655136764381,303.29655161497487,-2.4733105874474859e-07,2.5425031711876542,2.5425037469797078,-5.7579205359203911e-07
870,0.014,303.4553133849015,303.45531368287175,-2.9797024581057485e-07,2.5310379613857106,2.5310385874444901,-6.2605877948485045e-07
870,0.014999999999999999,303.62866473188211,303.62866507492959,-3.4304747487112763e-07,2.5063770182380698,2.5063773435656418,-3.2532757199277285e-07
870,0.016,303.81703397523347,303.81703435570461,-3.8047113548600464e-07,2.4584830623040435,2.4584825798458567,4.8245818673464669e-07
870,0.017000000000000001,304.02082900476933,304.02082941507223,-4.1030290276466985e-07,2.3743521151309501,2.3743504271408589,1.687990091259195e-06
870,0.018000000000000002,304.24043749116311,304.2404379256821,-4.3451899500723812e-07,2.2403747887343433,2.2403719840602774,2.804674065881585e-06
870,0.019,304.47623026768065,304.47623072315065,-4.5547000127044157e-07,2.0463802594483345,2.0463771264224504,3.1330258840611691e-06
870,0.02,304.72856598033485,304.7285664650426,-4.8470775482201134e-07,1.7900170004035427,1.7900148167017136,2.1837018291392951e-06
880,0,302.40344216854334,302.40344199635103,1.7219230130649521e-07,2.5499999999670599,2.5500000001916914,-2.2463142457240792e-10
880,0.001,302.4086289302781,302.40862875890889,1.7136920860139071e-07,2.5499999999055398,2.5499999999258458,-2.0305979120394113e-11
880,0.002,302.42421645994335,302.42421629709031,1.6285304127450217e-07,2.5499999994066971,2.5499999994227349,-1.6037837724525161e-11
880,0.0030000000000000001,302.45028620829675,302.4502860596545,1.4864224340271903e-07,2.5499999960241579,2.5499999960480273,-2.3869350940231016e-11
880,0.0040000000000000001,302.48697296568122,302.48697283682912,1.28852093439491e-07,2.5499999745257469,2.5499999746005617,-7.4814821005020349e-11
880,0.0050000000000000001,302.53446335570061,302.53446325207392,1.0362668945163023e-07,2.549999848543516,2.5499998488524138,-3.0889779623066715e-10
880,0.0060000000000000001,302.59299360031963,302.59299352716027,7.3159355906682322e-08,2.5499991747100088,2.5499991759562199,-1.246211134287023e-09
880,0.0070000000000000001,302.66284644221491,302.66284640450669,3.7708218769694213e-08,2.5499959035567072,2.5499959081085048,-4.5517976055009512e-09
880,0.0080000000000000002,302.74434710148967,302.74434710386851,-2.3788402359059546e-09,2.5499815373694981,2.5499815521210056,-1.4751507571020284e-08
880,0.0090000000000000011,302.83785816376559,302.83785821037378,-4.6608192860730924e-08,2.5499245685991374,2.5499246105997782,-4.2000640743111717e-08
880,0.01,302.943773359489,302.94377345372561,-9.423661140317563e-08,2.5497208151323649,2.5497209192164991,-1.0408413420037732e-07
880,0.010999999999999999,303.06251031208632,303.06251045622497,-1.4413865301321493e-07,2.5490639036092917,2.5490641253407094,-2.217314176711227e-07
880,0.012,303.19450250693615,303.19450270168568,-1.9474953205644852e-07,2.5471549872576218,2.5471553852838587,-3.9802623685858407e-07
880,0.013000000000000001,303.34019094443693,303.34019118863677,-2.4419983901680098e-07,2.5421541345350729,2.5421547138761276,-5.7934105468504526e-07
880,0.014,303.50001613955067,303.50001643017214,-2.9062147177683073e-07,2.5303367316917433,2.5303373523168524,-6.2062510908234003e-07
880,0.014999999999999999,303.67441124074463,303.67441157330245,-3.3255781772822957e-07,2.5051243907804679,2.5051247007242718,-3.0994380395554799e-07
880,0.016,303.86379698239506,303.86379735171437,-3.6931930935679702e-07,2.4564977278120206,2.4564972278904866,4.9992153394740058e-07
880,0.017000000000000001,304.06857891157028,304.06857931256582,-4.0099553189065773e-07,2.3715688815302096,2.3715671887491085,1.6927811010702953e-06
880,0.018000000000000002,304.28914687685847,304.28914730504783,-4.2818936663024942e-07,2.2369406594245507,2.2369378734096976,2.7860148530400863e-06
880,0.019,304.52587626520318,304.52587671675764,-4.5155445604905253e-07,2.042683373863746,2.0426802779088749,3.0959548711351204e-06
880,0.02,304.77913011236546,304.77913059411173,-4.817462695427821e-07,1.7866029954692701,1.786600845633195,2.149836075160394e-06
890,0,302.43866539107228,302.43866522397656,1.6709572037143516e-07,2.5499999999569076,2.5500000001815928,-2.2468515936679978e-10
890,0.001,302.44391288470615,302.44391271843432,1.6627183185846661e-07,2.5499999998787297,2.5499999998991552,-2.042543911784378e-11
890,0.002,302.45968200508787,302.45968184733493,1.5775293604747276e-07,2.5499999992568072,2.5499999992733677,-1.6560530724518685e-11
890,0.0030000000000000001,302.48605235376886,302.48605221023217,1.4353668120747898e-07,2.5499999951322962,2.5499999951585735,-2.6277202636038055e-11
890,0.0040000000000000001,302.52315552762457,302.52315540388639,1.2373817526167841e-07,2.5499999694745723,2.5499999695597966,-8.5224272083905817e-11
890,0.0050000000000000001,302.57117345628535,302.57117335778116,9.8504187917569652e-08,2.5499998221398563,2.5499998224893998,-3.4954350525140399e-10
890,0.0060000000000000001,302.63033597473742,302.6303359066913,6.8046119849896058e-08,2.5499990489905509,2.5499990503776031,-1.387052250834131e-09
890,0.0070000000000000001,302.70091755215589,302.70091751948053,3.2675359307177132e-08,2.5499953620551503,2.5499953670344548,-4.9793045242552125e-09
890,0.0080000000000000002,302.78323310883002,302.78323311597546,-7.1454451244790107e-09,2.5499794362498243,2.5499794521234884,-1.5873664160892531e-08
890,0.0090000000000000011,302.87763289269606,302.87763294343472,-5.0738663048832677e-08,2.5499172443610445,2.5499172888685311,-4.4507486585132483e-08
890,0.01,302.98449646149425,302.98449655865056,-9.7156316769542173e-08,2.5496979235008075,2.5496980322376213,-1.0873681377532307e-07
890,0.010999999999999999,303.10422592560724,303.10422607077447,-1.4516723467750126e-07,2.5489998530402356,2.5490000816353056,-2.2859506998429424e-07
890,0.012,303.23723873891828,303.23723893225014,-1.9333185719005996e-07,2.5469947637114236,2.5469951689620252,-4.0525060152063475e-07
890,0.013000000000000001,303.38396045528151,303.38396069545007,-2.4016856059461134e-07,2.5417962525221105,2.5417968351057727,-5.825836622008751e-07
890,0.014,303.54481795881173,303.54481824317321,-2.8436147658794653e-07,2.529623910374577,2.5296245253203606,-6.149457836279737e-07
890,0.014999999999999999,303.72023368629584,303.72023401124153,-3.2494568813490332e-07,2.5038603744233412,2.5038606690659355,-2.9464259432288031e-07
890,0.016,303.91062126138303,303.91062162276967,-3.6138663972451468e-07,2.4545064464313366,2.4545059295011837,5.1693015290510402e-07
890,0.017000000000000001,304.11638275460376,304.11638314814593,-3.9354216596620972e-07,2.3687906150143925,2.3687889179062234,1.6971081691075085e-06
890,0.018000000000000002,304.33790751303258,304.33790793456177,-4.2152919377258513e-07,2.2335246162892775,2.2335218489094792,2.7673797982075143e-06
890,0.019,304.57557224482946,304.57557269044662,-4.4561716094904114e-07,2.0390139798534532,2.0390109203288054,3.0595246478526406e-06
890,0.02,304.8297418824215,304.82974235867096,-4.7624945409552311e-07,1.7832169742403263,1.7832148576040583,2.1166362680347106e-06
900,0,302.47429441982734,302.47429425817603,1.6165131455636583e-07,2.5499999999439567,2.5500000001687071,-2.2475044048064774e-10
900,0.001,302.47960121566473,302.47960105484452,1.6082020692920196e-07,2.5499999998451437,2.5499999998657121,-2.05684358434155e-11
900,0.002,302.49554757419554,302.49554742191452,1.522810180176748e-07,2.54999999907354,2.5499999990907134,-1.7173373834111771e-11
900,0.0030000000000000001,302.52221106449372,302.52221092645595,1.3803776255372213e-07,2.5499999940661393,2.5499999940951943,-2.9054980643650197e-11
900,0.0040000000000000001,302.5597198103136,302.55971969209241,1.1822118040072382e-07,2.5499999635627399,2.5499999636597139,-9.6973984398118773e-11
900,0.0050000000000000001,302.60825071594741,302.60825062293537,9.3012033630657243e-08,2.5499997918452584,2.549999792239757,-3.9449865596452582e-10
900,0.0060000000000000001,302.66802691830134,302.66802685561902,6.2682318002771353e-08,2.5499989074007274,2.549998908940605,-1.5398775587982527e-09
900,0.0070000000000000001,302.73931442478238,302.73931439714829,2.7634087018668652e-08,2.5499947626618136,2.5499947680966901,-5.4348765488043682e-09
900,0.0080000000000000002,302.8224179188104,302.82241793037002,-1.1559620816115057e-08,2.5499771474995199,2.5499771645487361,-1.7049216261000311e-08
900,0.0090000000000000011,302.91767576032299,302.91767581444628,-5.4123290738061769e-08,2.5499093830069119,2.5499094300980549,-4.7091142985067336e-08
900,0.01,303.02545427751232,303.02545437658625,-9.9073929504811531e-08,2.5496736825275135,2.5496737959836677,-1.1345615424929179e-07
900,0.010999999999999999,303.14614153221794,303.14614167747476,-1.4525681990562589e-07,2.54893285145477,2.5489330868964428,-2.3544167282452122e-07
900,0.012,303.28014083152664,303.28014102295634,-1.9142970586472075e-07,2.5468289857626485,2.5468293980648049,-4.1230215641618884e-07
900,0.013000000000000001,303.42786433213672,303.42786456851775,-2.3638102675249684e-07,2.5414295387592651,2.5414301242851765,-5.8552591131189047e-07
900,0.014,303.58972711895234,303.58972739800561,-2.7905326760446769e-07,2.5288996372051598,2.5289002462397008,-6.0903454102145815e-07
900,0.014999999999999999,303.76614211615612,303.76614243479025,-3.1863413596511236e-07,2.502585242602541,2.5025855220355084,-2.7943296743160317e-07
900,0.016,303.95751610075592,303.95751645535,-3.5459407854432357e-07,2.4525095251672981,2.452508991675471,5.3349182715933807e-07
900,0.017000000000000001,304.16424694678153,304.16424733345144,-3.8666991031277576e-07,2.3660174696661995,2.3660157686767396,1.700989459951785e-06
900,0.018000000000000002,304.38672206336315,304.38672247817595,-4.148128027736675e-07,2.2301265078766912,2.2301237591007164,2.7487759748368035e-06
900,0.019,304.62531784524856,304.6253182832354,-4.3798684146167943e-07,2.0353716333726193,2.0353686096555341,3.023717085159916e-06
900,0.02,304.88040090174735,304.88040032848448,5.7326286651004921e-07,1.7798584523397847,1.7798563686721773,2.0836676073443527e-06
910,0,302.51031918201676,302.51031902735286,1.5466389413631987e-07,2.5499999999275245,2.5500000000541641,-1.2663958770531281e-10
910,0.001,302.51568372413186,302.51568356931375,1.5481811033168924e-07,2.5499999998032803,2.5499999998153484,-1.2068124277675452e-11
910,0.002,302.53180260681881,302.53180246051301,1.4630580835728324e-07,2.5499999988504678,2.5499999988624298,-1.1961986956521287e-11
910,0.0030000000000000001,302.55875123770994,302.55875110561851,1.3209142935011187e-07,2.5499999927967281,2.5499999928242723,-2.7544189151740284e-11
910,0.0040000000000000001,302.59665408534852,302.59665397299796,1.1235056263103615e-07,2.5499999566681031,2.5499999567743403,-1.0623724122638123e-10
910,0.0050000000000000001,302.64568284406437,302.64568275674708,8.7317289398924913e-08,2.5499997571942878,2.5499997576349243,-4.4063641624347838e-10
910,0.0060000000000000001,302.70605383664503,302.70605377931668,5.7328350067109568e-08,2.5499987483673845,2.5499987500696273,-1.7022427911683735e-09
910,0.0070000000000000001,302.77802464822321,302.77802462536863,2.2854578674014192e-08,2.5499941007257583,2.5499941066423757,-5.9166174182223585e-09
910,0.0080000000000000002,302.86189001139672,302.8618900268732,-1.5476473436137894e-08,2.5499746592660713,2.5499746775422465,-1.8276175239861914e-08
910,0.0090000000000000011,302.95797700569693,302.95797706256803,-5.6871101605793228e-08,2.5499009590073904,2.5499010087555107,-4.9748120289905273e-08
910,0.01,303.06663969131063,303.06663979169116,-1.0038053233074606e-07,2.5496480472379544,2.5496481654738785,-1.1823592416249085e-07
910,0.010999999999999999,303.18825336040499,303.18825350531711,-1.4491212141365395e-07,2.548862838460451,2.548863080723756,-2.4226330497256754e-07
910,0.012,303.32320864891938,303.32320883805011,-1.8913073063231423e-07,2.5466576045931575,2.5466580237693739,-4.1917621640408242e-07
910,0.013000000000000001,303.47190580006151,303.4719060311777,-2.311161892976088e-07,2.5410540104143426,2.5410545985862889,-5.881719462585977e-07
910,0.014,303.63474944570328,303.63474971503319,-2.6932991659123218e-07,2.5281640530078362,2.5281646559105839,-6.0290274772611951e-07
910,0.014999999999999999,303.81214465654631,303.81214496550081,-3.0895449754098081e-07,2.5012992640865899,2.5012995284081123,-2.6432152244737495e-07
910,0.016,304.00449678420165,304.00449714223686,-3.580352085919003e-07,2.4505072612571102,2.4505067116411068,5.4961600337577465e-07
910,0.017000000000000001,304.21222282314307,304.21222321599714,-3.9285407638089964e-07,2.3632495909364608,2.3632478864924407,1.704444020145246e-06
910,0.018000000000000002,304.43579049894709,304.43579089805206,-3.9910497662276612e-07,2.2267461820080978,2.2267434517942331,2.7302138647655738e-06
910,0.019,304.67580290560232,304.67580335756821,-4.5196588871476706e-07,2.0317559042502422,2.0317529157356291,2.9885146131114482e-06
910,0.02,304.93312101539328,304.93312160341981,-5.8802652347367257e-07,1.7765260293725287,1.7765239746149388,2.0547575898532955e-06
920,0,302.54672888203623,302.54672873359806,1.4843817552900873e-07,2.5499999999067873,2.5500000000335237,-1.2673639915306012e-10
920,0.001,302.55214953092121,302.55214938232075,1.4860046348985634e-07,2.5499999997513521,2.5499999997636307,-1.2278622563144381e-11
920,0.002,302.56843599308081,302.56843585296144,1.4011936855240492e-07,2.5499999985801263,2.5499999985929325,-1.2806200544446256e-11
920,0.0030000000000000001,302.5956614460041,302.59566132002305,1.2598104603966931e-07,2.5499999912911657,2.5499999913223661,-3.1200375616435849e-11
920,0.0040000000000000001,302.63394662061512,302.63394651421879,1.0639632819220424e-07,2.5499999486548117,2.5499999487758784,-1.2106671221090437e-10
920,0.0050000000000000001,302.68345795117779,302.68345786953171,8.1646078342600958e-08,2.5499997176795328,2.5499997181747269,-4.9519410794118812e-10
920,0.0060000000000000001,302.74440498743076,302.74440493530716,5.2123596105957404e-08,2.5499985702076078,2.5499985720885499,-1.8809420687659895e-09
920,0.0070000000000000001,302.81703708829161,302.81703706992283,1.8368780274613528e-08,2.5499933713599292,2.5499933777909023,-6.4309730873901572e-09
920,0.0080000000000000002,302.90163944355186,302.90163946243752,-1.8885657482314855e-08,2.5499719593066774,2.5499719788667963,-1.9560118857953057e-08
920,0.0090000000000000011,302.99852850901681,302.99852856768922,-5.8672412706073374e-08,2.5498919464284784,2.5498919989104283,-5.2481949897043023e-08
920,0.01,303.10804699318305,303.10804709311304,-9.99299913928553e-08,2.5496209727180563,2.5496210957946333,-1.2307657693000351e-07
920,0.010999999999999999,303.23055861333017,303.23055875552132,-1.4219114063962479e-07,2.5487897549518808,2.5487900040105855,-2.4905870477098802e-07
920,0.012,303.36644299827128,303.36644318472236,-1.8645107502379688e-07,2.5464805742859102,2.5464810001607079,-4.2587479764932823e-07
920,0.013000000000000001,303.51609148675209,303.51609172037752,-2.3362542833638145e-07,2.5406696880497877,2.540670278582025,-5.9053223733229743e-07
920,0.014,303.67990537646187,303.67990565588826,-2.7942638780587004e-07,2.5274172994730617,2.5274178960401956,-5.9656713391476046e-07
920,0.014999999999999999,303.85829959000006,303.85829990248538,-3.124853265035199e-07,2.5000027029803946,2.5000029522997842,-2.493193895780621e-07
920,0.016,304.05171641885022,304.05171674397138,-3.2512116376892664e-07,2.4484999424875431,2.4484993771801475,5.6530739556137632e-07
920,0.017000000000000001,304.26065456308442,304.26065490152882,-3.3844440849861712e-07,2.3604871160079739,2.3604854085231248,1.7074848490672423e-06
920,0.018000000000000002,304.48571575644803,304.48571615788154,-4.0143351043298026e-07,2.2233834862181787,2.2233807745220666,2.7116961121009808e-06
920,0.019,304.72766334334085,304.72766386773492,-5.2439406772464281e-07,2.0281663669511887,2.0281634130816886,2.953869500110784e-06
920,0.02,304.9874765884482,304.98747725776894,-6.6932074105352513e-07,1.773219417544238,1.7732173932383899,2.0243058480584608e-06
930,0,302.58351229980104,302.58351215787275,1.4192829667081241e-07,2.5499999998807517,2.5500000000076084,-1.2685674732892949e-10
930,0.001,302.5889873766655,302.58898723455178,1.4211371990313637e-07,2.5499999996872424,2.5499999996997711,-1.2528644788289967e-11
930,0.002,302.6054363743944,302.60543624068373,1.3371067097978084e-07,2.5499999982538761,2.54999999826767,-1.3793854947152795e-11
930,0.0030000000000000001,302.63293022604381,302.63293010631355,1.1973025948464056e-07,2.5499999895122092,2.5499999895475827,-3.5373481921396888e-11
930,0.0040000000000000001,302.67158592784642,302.67158582741814,1.0042828080258914e-07,2.5499999393722192,2.5499999395098767,-1.3765744100169286e-10
930,0.0050000000000000001,302.72156471091051,302.72156463475648,7.615403774252627e-08,2.5499996727492196,2.5499996733042782,-5.5505866569660611e-10
930,0.0060000000000000001,302.78306950794519,302.78306946055852,4.7386663482029689e-08,2.5499983711248957,2.5499983731984357,-2.0735400063642828e-09
930,0.0070000000000000001,302.85634175637091,302.85634174165949,1.4711417861690279e-08,2.5499925694382837,2.549992576414279,-6.9759953369441519e-09
930,0.0080000000000000002,302.9416576143422,302.94165763563501,-2.1292805740813492e-08,2.5499690349937705,2.54996905589267,-2.0898899499854906e-08
930,0.0090000000000000011,303.03932372683374,303.03932378705019,-6.0216450492589502e-08,2.5498823189560866,2.549882374245025,-5.5288938316522263e-08
930,0.01,303.14967278857307,303.14967289035934,-1.0178627007917385e-07,2.5495924141577873,2.5495925421296457,-1.2797185844348746e-07
930,0.010999999999999999,303.27305935177372,303.27305949707988,-1.4530615999319707e-07,2.5487135431406713,2.5487137989610744,-2.5582040308336218e-07
930,0.012,303.40985667609311,303.40985686476029,-1.8866717255150434e-07,2.5462978517773944,2.5462982841713511,-4.3239395663974278e-07
930,0.013000000000000001,303.56045594996499,303.56045617804347,-2.2807847699368722e-07,2.540276595465349,2.5402771880765069,-5.9261115792352825e-07
930,0.014,303.72526985221515,303.72527011267124,-2.6045609047287144e-07,2.5266595189820991,2.5266601090203009,-5.9003820185310474e-07
930,0.014999999999999999,303.9047428795817,303.90474316723947,-2.8765776960426592e-07,2.4986958187354924,2.4986960531673632,-2.3443187080474104e-07
930,0.016,304.09937059017369,304.09937090855033,-3.183766352776729e-07,2.4464878474970599,2.4464872669215585,5.8057550145207415e-07
930,0.017000000000000001,304.30972829341766,304.30972865952714,-3.6610947518056491e-07,2.3577301741451726,2.3577284640155249,1.7101296476695893e-06
930,0.018000000000000002,304.53650657070142,304.53650701178213,-4.4108071506343549e-07,2.2200382680773552,2.220035574846102,2.6932312531258162e-06
930,0.019,304.78054707115774,304.78054761097883,-5.398210873863718e-07,2.0246025833431487,2.0245996635565566,2.9197865920593813e-06
930,0.02,305.04286904624502,305.04286971157927,-6.653342552453978e-07,1.7699384390392925,1.7699364448210666,1.9942182258869678e-06
940,0,302.62065807480047,302.62065793955679,1.3524368114303797e-07,2.549999999848227,2.5499999999752267,-1.2699974405450121e-10
940,0.001,302.62618590013273,302.62618576465661,1.3547611388275982e-07,2.5499999996084521,2.5499999996212752,-1.2823075934420558e-11
940,0.002,302.64279240263352,302.64279227540902,1.2722449582724948e-07,2.5499999978617547,2.5499999978766965,-1.4941825554615207e-11
940,0.0030000000000000001,302.67054630096322,302.67054618743737,1.1352585715940222e-07,2.549999987417833,2.5499999874579524,-4.0119463307064507e-11
940,0.0040000000000000001,302.70956092926139,302.70956083459674,9.4664642347197514e-08,2.5499999286537434,2.5499999288099002,-1.5615686521641692e-10
940,0.0050000000000000001,302.75999246466517,302.75999239367707,7.0988107836456038e-08,2.549999621804786,2.5499996224253771,-6.2059113403734045e-10
940,0.0060000000000000001,302.82203750063098,302.82203745773052,4.2900467178696999e-08,2.5499981492054715,2.5499981514861485,-2.2806769806038574e-09
940,0.0070000000000000001,302.89593004416349,302.8959300333251,1.0838391517609125e-08,2.5499916895933739,2.5499916971458654,-7.55249152106785e-09
940,0.0080000000000000002,302.98193807790733,302.98193810261779,-2.4710459456400713e-08,2.5499658733213093,2.5499658956141338,-2.2292824475300677e-08
940,0.0090000000000000011,303.08035993418179,303.08035999725718,-6.3075390244193841e-08,2.5498720499209293,2.5498721080885964,-5.816766712740673e-08
940,0.01,303.19152089782654,303.19152100098506,-1.0315852705389261e-07,2.5495623268932071,2.5495624598109736,-1.3291776657098353e-07
940,0.010999999999999999,303.31577070228263,303.31577084555363,-1.4327099506772356e-07,2.5486341465815019,2.548634409124797,-2.6254329510422281e-07
940,0.012,303.45348289478153,303.4534830761981,-1.8141656710213283e-07,2.5461093968068091,2.5461098355389935,-4.3873218436019101e-07
940,0.013000000000000001,303.60505734886561,303.60505756521013,-2.1634451741192606e-07,2.5398747595438165,2.5398753539590464,-5.9441522992642604e-07
940,0.014,303.77092733971585,303.7709275888397,-2.4912384333219961e-07,2.5258908544423289,2.5258914377702593,-5.8332793040349884e-07
940,0.014999999999999999,303.95157234452171,303.95157262841821,-2.8389649742166512e-07,2.4973788661687775,2.4973790858342011,-2.1966542362861219e-07
940,0.016,304.14753687180411,304.14753719870083,-3.2689672480046283e-07,2.4444712460686535,2.4444706506404912,5.9542816233104645e-07
940,0.017000000000000001,304.35945410831022,304.35945449261516,-3.8430493987107184e-07,2.3549788870440005,2.3549771746502319,1.7123937685603607e-06
940,0.018000000000000002,304.58807125952359,304.58807171886673,-4.5934314130136045e-07,2.216710375028236,2.2167077002050353,2.674823200710108e-06
940,0.019,304.83427174996154,304.83427230079343,-5.5083188499338576e-07,2.0210641232653805,2.0210612369676038,2.8862977767829534e-06
940,0.02,305.09908872607889,305.09908939619822,-6.7011933424510062e-07,1.766682749918145,1.7666807852954267,1.9646227182867904e-06
950,0,302.65815494469069,302.6581548161455,1.285451958210615e-07,2.54999999980779,2.5499999999349581,-1.2716805386503438e-10
950,0.001,302.66373387071383,302.66373374187373,1.2884009947811137e-07,2.5499999995120479,2.5499999995252178,-1.3169909607313457e-11
950,0.002,302.68049295680396,302.68049283603034,1.2077362043783069e-07,2.54999999739232,2.549999997408591,-1.6270984559696444e-11
950,0.0030000000000000001,302.70849878188096,302.70849867450511,1.0737585398601368e-07,2.5499999849607651,2.5499999850062656,-4.5500492262817716e-11
950,0.0040000000000000001,302.74786117159465,302.74786108268216,8.8912486262415769e-08,2.5499999163156919,2.5499999164924261,-1.7673418284402942e-10
950,0.0050000000000000001,302.79873153263708,302.79873146692626,6.5710821672837483e-08,2.5499995641984645,2.5499995648906157,-6.9215122522336969e-10
950,0.0060000000000000001,302.86130062051893,302.86130058232845,3.8190478335309308e-08,2.5499979024146895,2.5499979049176908,-2.5030013617310942e-09
950,0.0070000000000000001,302.93579587380549,302.93579586690197,6.9035195338074118e-09,2.5499907262143111,2.549990734375557,-8.1612459013058469e-09
950,0.0080000000000000002,303.02247853652392,303.0224785639283,-2.7404382763052126e-08,2.549962460911626,2.5499624846537658,-2.3742139809712626e-08
950,0.0090000000000000011,303.12164091843766,303.12164098218085,-6.3743186728970613e-08,2.5498611123234638,2.5498611734401004,-6.1116636640434763e-08
950,0.01,303.23360431047774,303.23360441140301,-1.0092526281368919e-07,2.5495306664469082,2.549530804357218,-1.3791030983867358e-07
950,0.010999999999999999,303.35871826171751,303.35871839951687,-1.377993612550199e-07,2.5485515101949576,2.5485517794174557,-2.6922249807270759e-07
950,0.012,303.49736208687125,303.49736226057524,-1.7370399518767954e-07,2.5459151718636623,2.5459156167519623,-4.4488829997746393e-07
950,0.013000000000000001,303.64994952635328,303.64994973540007,-2.0904678876831895e-07,2.5394642101016216,2.5394648060526568,-5.9595103518716996e-07
950,0.014,303.81693731754643,303.81693756322954,-2.456831111885549e-07,2.5251114491332234,2.5251120255810977,-5.7644787432309386e-07
950,0.014999999999999999,303.99883796008476,303.99883824682399,-2.8673923679889413e-07,2.4960520954867498,2.4960523005127051,-2.0502595532434498e-07
950,0.016,304.19623614115159,304.19623647711933,-3.3596774073885172e-07,2.4424503994095486,2.442449789536369,6.0987317951344266e-07
950,0.017000000000000001,304.40980722617496,304.40980762294686,-3.9677189533904311e-07,2.352233369173538,2.3522316548815518,1.7142919861434791e-06
950,0.018000000000000002,304.64033515944135,304.6403356305637,-4.7112234824453481e-07,2.2133996538228944,2.2133969973480081,2.6564748862867305e-06
950,0.019,304.88872640630149,304.88872696552971,-5.5922822639331571e-07,2.0175505774490787,2.0175477240600874,2.853388991308492e-06
950,0.02,305.15601654402559,305.15601721882251,-6.7479692233973765e-07,1.7634519761317866,1.7634500405932669,1.9355385196817565e-06
960,0,302.69599197110324,302.69599184924215,1.218610918840568e-07,2.5499999997577532,2.5499999998851273,-1.2737411125840481e-10
960,0.001,302.70162041914301,302.70162029692932,1.222136916112504e-07,2.5499999993945912,2.5499999994081715,-1.3580248037214915e-11
960,0.002,302.71852739528248,302.71852728096121,1.1432126711952151e-07,2.5499999968324736,2.5499999968502745,-1.780087188762991e-11
960,0.0030000000000000001,302.74677747848165,302.74677737726222,1.0121942750629387e-07,2.5499999820879986,2.5499999821395849,-5.1586290794602974e-11
960,0.0040000000000000001,302.78647726194271,302.78647717874605,8.3196653122286079e-08,2.5499999021560398,2.5499999023555944,-1.9955459507059459e-10
960,0.0050000000000000001,302.83777386481012,302.83777380417519,6.063493174224277e-08,2.5499994992308173,2.5499995000009332,-7.7011597099385654e-10
960,0.0060000000000000001,302.90085300157125,302.9008529675221,3.404915105420514e-08,2.5499976285935699,2.5499976313347297,-2.7411597436355351e-09
960,0.0070000000000000001,302.97593679479013,302.9759367906853,4.1048338061955292e-09,2.5499896734451246,2.5499896822481323,-8.8030076561551596e-09
960,0.0080000000000000002,303.0632816121996,303.06328164058863,-2.8389024464559043e-08,2.5499587840228681,2.5499588092698775,-2.5247009372009188e-08
960,0.0090000000000000011,303.1631763251853,303.16317638773148,-6.2546178014599718e-08,2.5498494788588886,2.549849542993162,-6.4134273447535861e-08
960,0.01,303.27594150852491,303.27594160607447,-9.7549559541221242e-08,2.5494973885668348,2.5494975315123707,-1.4294553585258996e-07
960,0.010999999999999999,303.4019302012004,303.40193033407996,-1.3287956335261697e-07,2.5484655802870968,2.5484658561404649,-2.7585336814794914e-07
960,0.012,303.54153087866916,303.54153104725049,-1.6858132312336238e-07,2.5457151421335285,2.5457155929949642,-4.5086143574124549e-07
960,0.013000000000000001,303.69517319113112,303.69517339662178,-2.054906644843868e-07,2.5390449797436587,2.5390455769688569,-5.9722519818450337e-07
960,0.014,303.86333674886248,303.86333699413723,-2.4527474806745886e-07,2.5243214465622197,2.5243220159714124,-5.694091926855549e-07
960,0.014999999999999999,304.04656276380786,304.04656305404723,-2.9023937031524838e-07,2.494715752315297,2.4947159428341594,-1.905188624640175e-07
960,0.016,304.24546772259976,304.24546806556503,-3.429652792874549e-07,2.4404255604207901,2.4404249365024406,6.2391834942943092e-07
960,0.017000000000000001,304.46075757779869,304.460757983576,-4.0577731397206662e-07,2.3494937280922881,2.3494920122538447,1.7158384433280105e-06
960,0.018000000000000002,304.69324037047096,304.69324085069093,-4.8021996690295055e-07,2.2101059504710334,2.2101033122791542,2.6381918791784642e-06
960,0.019,304.94383492952994,304.94383549631112,-5.6678118198760785e-07,2.0140615553306729,2.0140587342925858,2.821038087130745e-06
960,0.02,305.21357338713517,305.21357416042412,-7.7328894576567109e-07,1.7602457362825015,1.7602438292965101,1.9069859913400933e-06
970,0,302.73415884154855,302.73415872449527,1.1705327551680966e-07,2.5499999996961153,2.5499999999078939,-2.1177859466092741e-10
970,0.001,302.73983535593783,302.73983524008247,1.1585535730773699e-07,2.5499999992520781,2.5499999992735707,-2.149258548911348e-11
970,0.002,302.75688592513933,302.75688581699671,1.0814261486302712e-07,2.5499999961672688,2.5499999961919166,-2.4647839325098175e-11
970,0.0030000000000000001,302.78537335251025,302.78537325708464,9.5425605195487151e-08,2.5499999787402627,2.5499999788027372,-6.2474470041706809e-11
970,0.0040000000000000001,302.82540142015029,302.82540134213792,7.8012362791923806e-08,2.5499998859531714,2.5499998861813715,-2.2820012546276303e-10
970,0.0050000000000000001,302.87711364670594,302.87711359037911,5.6326825870200992e-08,2.549999426148287,2.5499994270061155,-8.5782847492055225e-10
970,0.0060000000000000001,302.94069174502312,302.9406917141057,3.0917419735487783e-08,2.5499973254554602,2.5499973284538924,-2.9984321692211324e-09
970,0.0070000000000000001,303.0163539981379,303.01635399569693,2.4409700927208178e-09,2.5499885251835246,2.5499885346644091,-9.4808845219063187e-09
970,0.0080000000000000002,303.10435385716568,303.10435388555356,-2.8387887596181827e-08,2.5499548285569791,2.549954855366702,-2.6809722886156351e-08
970,0.0090000000000000011,303.20497915086258,303.20497921175377,-6.0891181874467293e-08,2.5498371219421219,2.549837189163076,-6.7220954136359978e-08
970,0.01,303.31855236589183,303.31855246046121,-9.45693727771868e-08,2.549462449263479,2.5494625972848954,-1.4802141645731126e-07
970,0.010999999999999999,303.44543248176137,303.44543261105548,-1.2929410786455264e-07,2.5483763045659535,2.5483765869992228,-2.8243326921639778e-07
970,0.012,303.58601879096398,303.5860189565542,-1.6559022242290666e-07,2.5455092754423658,2.545509732095085,-4.5665271919403949e-07
970,0.013000000000000001,303.74075696178295,303.74075716668318,-2.0490023189267959e-07,2.5386171037225065,2.5386177019685543,-5.9824604781155699e-07
970,0.014,303.91014720756044,303.91014745580873,-2.4824828415148659e-07,2.5235209903300602,2.5235215525543255,-5.6222426536578496e-07
970,0.014999999999999999,304.09475334243842,304.09475363556936,-2.9313093818927882e-07,2.4933700777341201,2.4933702538848013,-1.7615068115262034e-07
970,0.016,304.29520803584421,304.29520837898048,-3.4313626429138822e-07,2.4383969739572406,2.438396336387513,6.3756972767947673e-07
970,0.017000000000000001,304.51220046884163,304.51220088244258,-4.1360095792697393e-07,2.3467600647271163,2.3467583476823139,1.7170448023406948e-06
970,0.018000000000000002,304.74641800959847,304.7464184940514,-4.8445292577525834e-07,2.2068291107517188,2.2068264907726252,2.6199790936765055e-06
970,0.019,304.99841073672894,304.9984112413851,-5.0465615686334786e-07,2.0105966815314571,2.0105938923080973,2.7892233598336702e-06
970,0.02,305.26839015022807,305.26839061591727,-4.6568919742639991e-07,1.757064444047628,1.7570625673336882,1.876713939807928e-06
980,0,302.77264627267022,302.77264616192616,1.10744053927192e-07,2.5499999996205189,2.5499999998325933,-2.1207435807468755e-10
980,0.001,302.77836958425428,302.7783694746131,1.096411779144546e-07,2.5499999990798536,2.5499999991019124,-2.205879923167231e-11
980,0.002,302.79556003638385,302.79555993416386,1.0221998536508181e-07,2.5499999953797094,2.5499999954063775,-2.666800114070611e-11
980,0.0030000000000000001,302.82427896051087,302.82427887050278,9.0008086317538982e-08,2.5499999748514806,2.5499999749216604,-7.0179861921815245e-11
980,0.0040000000000000001,302.8646278703896,302.86462779705568,7.3333922046003863e-08,2.549999867464583,2.5499998677206448,-2.560618383995461e-10
980,0.0050000000000000001,302.9167475116534,302.916747459021,5.2632401548180496e-08,2.5499993441407334,2.5499993450904928,-9.4975938225161372e-10
980,0.0060000000000000001,302.98081675095568,302.98081672252459,2.8431088594516041e-08,2.5499969905828581,2.5499969938530436,-3.2701854557615206e-09
980,0.0070000000000000001,303.05705153165417,303.05705153035706,1.2971099749847781e-09,2.5499872750800647,2.5499872852708254,-1.0190760679762434e-08
980,0.0080000000000000002,303.14570418924882,303.14570421751466,-2.8265844775887672e-08,2.5499505800681987,2.5499506084940879,-2.8425889198047116e-08
980,0.0090000000000000011,303.24706347086902,303.24706353081189,-5.9942863117612433e-08,2.549824013732688,2.5498240841035442,-7.037085625327677e-08
980,0.01,303.36145561412707,303.3614557076686,-9.3541530077345669e-08,2.5494258048453955,2.5494259579756355,-1.5313024004370845e-07
980,0.010999999999999999,303.48924675892027,303.4892468873482,-1.2842792784795165e-07,2.5482836321550311,2.5482839211094142,-2.8895438308751409e-07
980,0.012,303.63084667252019,303.63084683563744,-1.6311724948536721e-07,2.5452975421994752,2.5452980044579059,-4.6225843064462424e-07
980,0.013000000000000001,303.78671301943609,303.78671321693008,-1.9749398916246719e-07,2.5381806198019281,2.5381812188188992,-5.9901697113673436e-07
980,0.014,303.95735382517449,303.95735406313156,-2.379570673838316e-07,2.5227102240050838,2.5227107789052821,-5.5490019823523085e-07
980,0.014999999999999999,304.14332310066459,304.14332339791122,-2.9724662908847677e-07,2.4920153083154224,2.4920154702380017,-1.6192257934477539e-07
980,0.016,304.34520140001922,304.34520177562325,-3.7560403143288568e-07,2.4363648770786215,2.4363642262402188,6.5083840272706084e-07
980,0.017000000000000001,304.56355176467019,304.56355220687442,-4.4220422523721936e-07,2.3440324736309508,2.3440307557033111,1.717927639699468e-06
980,0.018000000000000002,304.79884609148473,304.7988465525155,-4.6103076556391898e-07,2.2035689808362098,2.2035663789884721,2.6018477377043325e-06
980,0.019,305.05136998569179,305.05137040974478,-4.2405298472658615e-07,2.0071555998751807,2.0071528419170273,2.7579581534098452e-06
980,0.02,305.32113147061227,305.32113183719349,-3.6658121871369076e-07,1.7539075706756972,1.7539057222055761,1.8484701211907151e-06
990,0,302.81144642013851,302.81144631524751,1.0489100077393232e-07,2.549999999528199,2.5499999997406184,-2.1241941539074105e-10
990,0.001,302.81721550030062,302.81721539640284,1.0389777571617742e-07,2.5499999988725324,2.5499999988952524,-2.2720048065139054e-11
990,0.002,302.8345428657218,302.83454276891581,9.6805990779103013e-08,2.5499999944505274,2.5499999944795033,-2.8975932764296886e-11
990,0.0030000000000000001,302.86348873073155,302.86348864559039,8.51411527946766e-08,2.549999970348189,2.54999997042701,-7.8820949767077764e-11
990,0.0040000000000000001,302.90415294927249,302.90415288006091,6.9211580466799205e-08,2.5499998464255542,2.5499998467122955,-2.8674129737282783e-10
990,0.0050000000000000001,302.95667437056568,302.95667432117398,4.9391701395506971e-08,2.5499992523389827,2.5499992533882616,-1.049278886000593e-09
990,0.0060000000000000001,303.02123015589126,303.02123012979683,2.6094426175404806e-08,2.549996621424357,2.5499966249840478,-3.5596907643764553e-09
990,0.0070000000000000001,303.09803526515202,303.09803526537706,-2.2504309526993893e-10,2.5499859165376884,2.5499859274733736,-1.0935685246238336e-08
990,0.0080000000000000002,303.18734235257642,303.1873423815556,-2.8979172839171952e-08,2.5499460237720086,2.5499460538696552,-3.0097646597226912e-08
990,0.0090000000000000011,303.28944228920506,303.28944234852167,-5.9316619172022911e-08,2.5498101261594552,2.5498101997436917,-7.358423648184953e-08
990,0.01,303.40466539913569,303.4046654894313,-9.0295600330136949e-08,2.5493874119531239,2.5493875702232001,-1.5827007615598632e-07
990,0.010999999999999999,303.53338316605647,303.53338328790926,-1.2185279274490313e-07,2.548187513604157,2.5481878090186854,-2.954145283950993e-07
990,0.012,303.6760095240063,303.67600968041944,-1.5641313666492351e-07,2.5450799153396861,2.5450803830199149,-4.6768022876619852e-07
990,0.013000000000000001,303.83299982483879,303.83300002408691,-1.9924812022509286e-07,2.5377355681249143,2.5377361676712091,-5.9954629483272015e-07
990,0.014,304.00484429915701,304.00484455416222,-2.5500520450805197e-07,2.5218892910059263,2.5218898384545065,-5.4744858024591281e-07
990,0.014999999999999999,304.19205180060413,304.19205212138326,-3.2077912237582495e-07,2.4906516761657493,2.4906518240059783,-1.4784022894787086e-07
990,0.016,304.39511978512849,304.39512016649246,-3.8136397506605135e-07,2.4343294992902349,2.4343288355599615,6.6373027340915769e-07
990,0.017000000000000001,304.61448887897967,304.61448929531809,-4.1633842329247273e-07,2.3413110432419852,2.3413093247442274,1.7184977578743599e-06
990,0.018000000000000002,304.85048542056649,304.85048583541641,-4.1484992152618361e-07,2.2003254078308396,2.200322824028361,2.5838024786395408e-06
990,0.019,305.10326182801873,305.10326220882968,-3.8081094544395455e-07,2.0037379855029904,2.0037352583024219,2.7272005684864098e-06
990,0.02,305.37274965355181,305.37274998876273,-3.3521092746013892e-07,1.7507745100027419,1.7507726890851472,1.8209175947081491e-06
1000,0,302.85055317425486,302.85055307468684,9.9568012501549674e-08,2.549999999415919,2.549999999628739,-2.1281998385802581e-10
1000,0.001,302.85636726514485,302.85636716646246,9.8682392035698285e-08,2.5499999986239028,2.5499999986473858,-2.3482993327661461e-11
1000,0.002,302.87382939297822,302.87382930107367,9.190455330099212e-08,2.5499999933579494,2.5499999933895507,-3.1601388172930456e-11
1000,0.0030000000000000001,302.90299902230322,302.90299894156652,8.0736697327665752e-08,2.5499999651489302,2.5499999652374061,-8.8475893278427975e-11
1000,0.0040000000000000001,302.94397495305572,302.9439748875958,6.5459914821985876e-08,2.5499998225477798,2.5499998228682079,-3.2042812847521418e-10
1000,0.0050000000000000001,302.99689495687818,302.99689491042943,4.6448747070826357e-08,2.5499991498123795,2.5499991509691582,-1.156778672850578e-09
1000,0.0060000000000000001,303.06193544981176,303.06193542562124,2.4190512704080902e-08,2.5499962152917672,2.5499962191593424,-3.8675751490302446e-09
1000,0.0070000000000000001,303.13931134362019,303.13931134434387,-7.2367356551694684e-10,2.5499844427116636,2.5499844544279151,-1.1716251524518384e-08
1000,0.0080000000000000002,303.22927618245029,303.22927621015788,-2.7707585559255676e-08,2.5499411445545355,2.5499411763793947,-3.1824859192397525e-08
1000,0.0090000000000000011,303.3321225461973,303.3321226026772,-5.6479905197193148e-08,2.5497954309451796,2.549795507804423,-7.6859243414162393e-08
1000,0.01,303.44818244033974,303.44818252787599,-8.7536250248376746e-08,2.5493472275914333,2.5493473910285691,-1.6343713582500641e-07
1000,0.010999999999999999,303.57782695790218,303.57782708038769,-1.2248551684024278e-07,2.5480879008975834,2.5480882027075005,-3.0180991705819338e-07
1000,0.012,303.72146390586039,303.72146406949963,-1.6363924260076601e-07,2.5448563702645317,2.5448568431828225,-4.7291829075035707e-07
1000,0.013000000000000001,303.87953145343897,303.87953166582696,-2.1238798808553838e-07,2.5372819910858562,2.5372825909265035,-5.998406473750606e-07
1000,0.014,304.05248544853811,304.05248571542523,-2.6688712750910781e-07,2.5210583344922428,2.5210588743711986,-5.3987895576312894e-07
1000,0.014999999999999999,304.24077825317192,304.24077857371566,-3.2054373377832235e-07,2.4892794089712944,2.4892795428785566,-1.3390726216755411e-07
1000,0.016,304.44482815084802,304.44482851402859,-3.6318056118034292e-07,2.4322910627747731,2.4322903865219563,6.7625281685579353e-07
1000,0.017000000000000001,304.66498070313429,304.66498108855671,-3.8542242464245646e-07,2.3385958561564739,2.33859413738901,1.7187674639096429e-06
1000,0.018000000000000002,304.90146649418722,304.90146687689673,-3.8270951563390554e-07,2.1970982404936366,2.1970956746431418,2.5658504947401184e-06
1000,0.019,305.15436252699214,305.1543628832901,-3.5629796002467629e-07,2.0003435254466884,2.0003408285437709,2.6969029174317427e-06
1000,0.02,305.42356585327087,305.423566171414,-3.181431225129927e-07,1.7476648144592015,1.7476630205123092,1.7939468923700019e-06
1010,0,302.8899622710872,302.88996217631683,9.4770371106278617e-08,2.5499999992799087,2.5499999994932017,-2.1329293886651612e-10
1010,0.001,302.89582088463243,302.89582079064508,9.3987353011470987e-08,2.5499999983268204,2.5499999983511885,-2.4368063122892636e-11
1010,0.002,302.91341642344787,302.91341633592759,8.7520277247676859e-08,2.5499999920774377,2.5499999921120158,-3.4578118146555425e-11
1010,0.0030000000000000001,302.94280792986103,302.94280785298054,7.6880496635567397e-08,2.5499999591636175,2.5499999592628546,-9.9237063011514692e-11
1010,0.0040000000000000001,302.98409365329667,302.98409359093012,6.2366552810999565e-08,2.5499997955179796,2.5499997958753267,-3.5734704084688929e-10
1010,0.0050000000000000001,303.03741088041255,303.03741083605382,4.4358728246152168e-08,2.5499990355663615,2.5499990368390399,-1.2726784071048769e-09
1010,0.0060000000000000001,303.10293579473051,303.10293577145723,2.3273287297342904e-08,2.5499957693573965,2.5499957735518577,-4.1944612227950984e-09
1010,0.0070000000000000001,303.18088339713421,303.18088339768923,-5.5501914175692946e-10,2.5499828465099061,2.5499828590429363,-1.2533030169237236e-08
1010,0.0080000000000000002,303.27150742334805,303.27150745040166,-2.705360202526208e-08,2.5499359269823474,2.5499359605896799,-3.3607332472485041e-08
1010,0.0090000000000000011,303.37510001281004,303.37510006940494,-5.6594899433548562e-08,2.5497798996308156,2.5497799798247929,-8.019397723657562e-08
1010,0.01,303.49199060586835,303.49199069589412,-9.0025764620804694e-08,2.5493052091599622,2.5493053777876575,-1.6862769536274413e-07
1010,0.010999999999999999,303.62254319529342,303.62254332364921,-1.2835579354941729e-07,2.5479847474596524,2.5479850555966403,-3.0813698792542255e-07
1010,0.012,303.76715070887877,303.76715088089156,-1.7201278978973278e-07,2.5446268847828968,2.544627362755925,-4.7797302826779742e-07
1010,0.013000000000000001,303.92622509128734,303.9262253111558,-2.1986846832078299e-07,2.5368199332070476,2.5368205331137035,-5.9990665590703429e-07
1010,0.014,304.10018177147492,304.10018204001631,-2.6854138468479505e-07,2.5202174972628977,2.5202180294634338,-5.3220053608526996e-07
1010,0.014999999999999999,304.28941782262774,304.28941813513802,-3.1251028076439979e-07,2.4878987300456745,2.4878988501726274,-1.2012695282948016e-07
1010,0.016,304.49428431502167,304.49428466037511,-3.4535344184405403e-07,2.4302497826152667,2.4302490942018262,6.8841344047498865e-07
1010,0.017000000000000001,304.71505499697247,304.71505535859035,-3.6161787875244045e-07,2.3358869894163279,2.3358852706674389,1.7187488889902625e-06
1010,0.018000000000000002,304.95189513660364,304.95189549486543,-3.5826178645947948e-07,2.1938873300953396,2.193884782097026,2.5479983136733608e-06
1010,0.019,305.20483555856083,305.20483589369456,-3.3513373409732594e-07,1.9969719062051556,1.9969692391539895,2.6670511661386342e-06
1010,0.02,305.4737570626267,305.47375736384254,-3.0121583449727041e-07,1.7445780791252041,1.7445763116144686,1.7675107355508146e-06
1020,0,302.92967115658746,302.92967106585849,9.072897455553175e-08,2.5499999991157911,2.5499999993296396,-2.1384849446803855e-10
1020,0.001,302.93557402911995,302.93557393905058,9.0069363523070933e-08,2.5499999979731021,2.549999997998492,-2.538991239475763e-11
1020,0.002,302.95330226724872,302.95330218328172,8.396699513468775e-08,2.5499999905814241,2.5499999906193773,-3.7953196141415901e-11
1020,0.0030000000000000001,302.98291470595689,302.98291463204856,7.3908324793592328e-08,2.54999995229287,2.5499999524040797,-1.1120970810907238e-10
1020,0.0040000000000000001,303.02450931977899,303.02450925965491,6.0124079936940689e-08,2.5499997649964765,2.5499997653941917,-3.9771519411146983e-10
1020,0.0050000000000000001,303.07822310604041,303.07822306319133,4.2849080728046829e-08,2.5499989085400525,2.5499989099374525,-1.3973999735128473e-09
1020,0.0060000000000000001,303.14423190865693,303.14423188640063,2.2256301690504188e-08,2.5499952806514963,2.5499952851924608,-4.5409644933158688e-09
1020,0.0070000000000000001,303.22275009928893,303.2227501009146,-1.6256649360002484e-09,2.5499811205936562,2.5499811339802103,-1.3386554087446711e-08
1020,0.0080000000000000002,303.31402991305043,303.31402994201909,-2.8968656806682702e-08,2.5499303553126129,2.5499303907574067,-3.5444793766714611e-08
1020,0.0090000000000000011,303.41836006031923,303.41836012043262,-6.0113393374194857e-08,2.5497635035995101,2.5497635871860038,-8.3586493726528488e-08
1020,0.01,303.5360630215427,303.53606311693892,-9.5396217147936113e-08,2.5492613144822363,2.5492614883203255,-1.7383808925686139e-07
1020,0.010999999999999999,303.66749022335534,303.6674903581723,-1.3481695759764989e-07,2.5478780081581269,2.5478783225504991,-3.1439237213604088e-07
1020,0.012,303.81301416802097,303.81301434563636,-1.7761539083949174e-07,2.5443914390512679,2.5443919218963233,-4.8284505549389678e-07
1020,0.013000000000000001,303.97301664248874,303.97301686440676,-2.2191801463122829e-07,2.5363494410194716,2.5363500407703619,-5.9975089028441175e-07
1020,0.014,304.14787246249068,304.14787272711277,-2.646220877977612e-07,2.5193669216613221,2.5193674460834687,-5.2442214659720321e-07
1020,0.014999999999999999,304.33792885982871,304.33792916149037,-3.0166165743139572e-07,2.4865098583799412,2.4865099648821647,-1.0650222348473903e-07
1020,0.016,304.5434815561394,304.54348188480827,-3.2866887522686739e-07,2.4282058670108801,2.4282051667914195,7.0021946063647533e-07
1020,0.017000000000000001,304.76474962557506,304.76474996735078,-3.4177571706095478e-07,2.3331845148167383,2.3331827963627552,1.7184539831127665e-06
1020,0.018000000000000002,305.00185216835769,305.00185250668198,-3.3832429835456423e-07,2.1906925307055372,2.1906900004564007,2.5302491364342927e-06
1020,0.019,305.25479029209583,305.25479060943968,-3.1734384720039088e-07,1.9936228146095147,1.9936201769694202,2.6376400945604672e-06
1020,0.02,305.52343775617504,305.52343796929915,-2.1312411035978585e-07,1.7415139223129896,1.7415121807237706,1.7415892190619786e-06
1030,0,302.96967851030615,302.96967842551447,8.4791679455520352e-08,2.5499999989185036,2.5499999992078033,-2.8929969531077404e-10
1030,0.001,302.9756255036923,302.9756254170631,8.6629199813614832e-08,2.5499999975534,2.5499999975865659,-3.3165914459232226e-11
1030,0.002,302.99348605166085,302.99348597080217,8.0858683304541046e-08,2.5499999888390179,2.5499999888853022,-4.6284309718203076e-11
1030,0.0030000000000000001,303.02331882693585,303.02331875574089,7.1194961037690518e-08,2.5499999444273249,2.5499999445553923,-1.2806733451498076e-10
1030,0.0040000000000000001,303.06522150462797,303.0652214468389,5.7789065976976417e-08,2.5499997306157463,2.5499997310605171,-4.4477088678718246e-10
1030,0.0050000000000000001,303.11933054936236,303.1193305086216,4.074075832249946e-08,2.5499987676038911,2.5499987691378867,-1.5339955972137886e-09
1030,0.0060000000000000001,303.18582080431628,303.18582078423702,2.0079255591554102e-08,2.5499947460598853,2.5499947509699172,-4.910031936589121e-09
1030,0.0070000000000000001,303.26490471450069,303.26490471875837,-4.2576857595122419e-09,2.5499792573785438,2.5499792716579761,-1.427943230325468e-08
1030,0.0080000000000000002,303.35683090392394,303.35683093632298,-3.2399043448094744e-08,2.5499244135035859,2.5499244508424557,-3.7338869773861916e-08
1030,0.0090000000000000011,303.46188169095285,303.46188175539754,-6.4444691361131845e-08,2.54974621410028,2.5497463011368922,-8.7036612139712588e-08
1030,0.01,303.58036899453271,303.58036909481746,-1.002847511699656e-07,2.5492155018331077,2.5492156808995228,-1.7906641502918319e-07
1030,0.010999999999999999,303.71262799955076,303.71262813887836,-1.3932759657109273e-07,2.5477676393052979,2.5477679598798244,-3.2057452648004414e-07
1030,0.012,303.85900796990364,303.85900815000286,-1.8009922087003361e-07,2.5441500155136887,2.544150503050421,-4.875367323187163e-07
1030,0.013000000000000001,304.01985979406402,304.0198600140568,-2.1999278487783158e-07,2.5358705629476619,2.5358711623290402,-5.9938137830783944e-07
1030,0.014,304.19552038151915,304.19552063901017,-2.5749102405825397e-07,2.5185067494874929,2.51850726604123,-5.1655373711767538e-07
1030,0.014999999999999999,304.38629560590709,304.38629590122008,-2.9531298650908866e-07,2.4851130086944946,2.4851131017315966,-9.3037102022464069e-08
1030,0.016,304.59244861887032,304.59244894264634,-3.2377602110500447e-07,2.4261595174874446,2.4261588058107253,7.1167671933380916e-07
1030,0.017000000000000001,304.81421385864769,304.81421417516509,-3.165174007335736e-07,2.3304884992329651,2.3304867813399035,1.7178930615813215e-06
1030,0.018000000000000002,305.05187872554126,305.05187902681365,-3.0127239369903691e-07,2.1875136989059212,2.1875111863040981,2.5126018230459124e-06
1030,0.019,305.30597901116079,305.3059794110531,-3.9989231481740717e-07,1.9902959401608151,1.9902933314970486,2.6086637665567736e-06
1030,0.02,305.57759153070367,305.57759216839429,-6.3769061853236053e-07,1.7384726847713559,1.7384709705946684,1.7141766874839703e-06
1040,0,303.00998345753925,303.00998337564238,8.1896871506614843e-08,2.5499999986822091,2.549999998972257,-2.900479856293714e-10
1040,0.001,303.01597442837669,303.01597434459603,8.3780662407662021e-08,2.5499999970570677,2.5499999970915823,-3.4514613389546867e-11
1040,0.002,303.03396682181034,303.03396674368145,7.8128891800588463e-08,2.5499999868157013,2.5499999868662746,-5.0573323306934981e-11
1040,0.0030000000000000001,303.06401901880406,303.06401895020417,6.859988843643805e-08,2.5499999354469129,2.5499999355896716,-1.4275869375524053e-10
1040,0.0040000000000000001,303.10622809275287,303.10622803748936,5.5263512876990717e-08,2.5499996919789512,2.5499996924716712,-4.9272008695311342e-10
1040,0.0050000000000000001,303.16072938472149,303.16072934658615,3.8135340219014324e-08,2.5499986115572835,2.5499986132349188,-1.6776353639613717e-09
1040,0.0060000000000000001,303.22769572818498,303.22769571098877,1.719621423035278e-08,2.549994162321751,2.5499941676193143,-5.2975632769403092e-09
1040,0.0070000000000000001,303.30733611186247,303.30733611943185,-7.5693833423429169e-09,2.5499772490359827,2.549977264243843,-1.5207860304400356e-08
1040,0.0080000000000000002,303.39989347999648,303.39989351606664,-3.6070161968382308e-08,2.5499180852253915,2.5499181245106355,-3.9285243946807213e-08
1040,0.0090000000000000011,303.50564128617913,303.50564135415186,-6.7972734996146755e-08,2.5497280022712943,2.5497280928099726,-9.0538678332308109e-08
1040,0.01,303.62487837721193,303.62487847998926,-1.0277733508701203e-07,2.5491677299645876,2.5491679142703347,-1.8430574710848191e-07
1040,0.010999999999999999,303.75792186870302,303.75792200914964,-1.4044661611478659e-07,2.5476535986570141,2.5476539253342705,-3.2667725635704414e-07
1040,0.012,303.90509806527575,303.90509824710301,-1.8182726080340217e-07,2.5439025988416177,2.5439030908876248,-4.9204600705010648e-07
1040,0.013000000000000001,304.06673254401886,304.06673277006541,-2.2604655214308877e-07,2.5353833491987463,2.5353839480003928,-5.9880164648973278e-07
1040,0.014,304.24314282897853,304.2431430932607,-2.6428216415297356e-07,2.5176371219163127,2.5176376305168851,-5.0860057232426925e-07
1040,0.014999999999999999,304.43464103621977,304.43464131674665,-2.8052687639501528e-07,2.483708391492657,2.4837084712236388,-7.973098181679461e-08
1040,0.016,304.64155859814241,304.64155887110724,-2.7296482585370541e-07,2.4241109291043115,2.4241102063089062,7.2279540530573172e-07
1040,0.017000000000000001,304.86430712618642,304.86430740318491,-2.769984916994872e-07,2.3277990049442296,2.3277972878634556,1.7170807740107819e-06
1040,0.018000000000000002,305.10348269015407,305.10348304179877,-3.5164470091331168e-07,2.184350693353049,2.1843481982924389,2.4950606101192818e-06
1040,0.019,305.360001642746,305.3600021540322,-5.1128620270901592e-07,1.9869909824373104,1.986988402292498,2.580144812469598e-06
1040,0.02,305.63523038767613,305.63523111438093,-7.2670479767111829e-07,1.7354538787551683,1.7354521901617497,1.688593418647244e-06
1050,0,303.05058468811876,303.05058460903189,7.908687393864966e-08,2.5499999984001964,2.5499999986911157,-2.9091928865909722e-10
1050,0.001,303.0566193644201,303.05661928344119,8.0978907135431655e-08,2.5499999964720206,2.549999996508074,-3.6053382501677333e-11
1050,0.002,303.07474270589415,303.07474263055389,7.5340267358114943e-08,2.5499999844730028,2.5499999845283936,-5.539080305538846e-11
1050,0.0030000000000000001,303.10501253909081,303.10501247328841,6.5802396420622244e-08,2.5499999252201162,2.5499999253790948,-1.5897860805580422e-10
1050,0.0040000000000000001,303.14752484236664,303.14752478995212,5.2414520723687019e-08,2.549999648658452,2.5499996492032784,-5.4482640621245082e-10
1050,0.0050000000000000001,303.20241304502838,303.20241300981502,3.5213361115893349e-08,2.5499984391263073,2.549998440957685,-1.8313777161438338e-09
1050,0.0060000000000000001,303.2698468379732,303.26984682370647,1.4266731795942178e-08,2.549993526027631,2.5499935317341196,-5.7064886149760241e-09
1050,0.0070000000000000001,303.35003028604365,303.35003029638966,-1.0346013823436806e-08,2.5499750874949214,2.5499751036692935,-1.6174372063915143e-08
1050,0.0080000000000000002,303.44319899341752,303.44319903207497,-3.8657447021250846e-08,2.5499113538710638,2.5499113951564745,-4.1285410645741649e-08
1050,0.0090000000000000011,303.54961609933781,303.54961617031068,-7.0972873800201342e-08,2.5497088391627534,2.5497089332552014,-9.4092448055249633e-08
1050,0.01,303.66956705701796,303.66956716468309,-1.0766513014459633e-07,2.5491179581301777,2.5491181476845113,-1.895543335628247e-07
1050,0.010999999999999999,303.80335361108888,303.80335375908658,-1.4799769587625633e-07,2.5475358454098154,2.5475361781092314,-3.3269941601687947e-07
1050,0.012,303.95128830925159,303.95128849738427,-1.8813267388395616e-07,2.5436491758738753,2.5436496722494581,-4.9637558285908767e-07
1050,0.013000000000000001,304.11369236585858,304.11369258640593,-2.2054734927223762e-07,2.53488785165549,2.5348884496750812,-5.980195911803321e-07
1050,0.014,304.29090155839191,304.29090179672778,-2.3833587192712002e-07,2.5167581794218439,2.5167586799937585,-5.0057191458563466e-07
1050,0.014999999999999999,304.48328634121799,304.48328658582977,-2.4461178327328525e-07,2.4822962131155766,2.4822962797028949,-6.6587318325872502e-08
1050,0.016,304.691292118185,304.69129237661485,-2.5842984996415908e-07,2.4220602906589028,2.4220595570776475,7.3358125529665585e-07
1050,0.017000000000000001,304.91550206058452,304.91550236872672,-3.0814220508545986e-07,2.3251160899300105,2.3251143739034927,1.7160265177729173e-06
1050,0.018000000000000002,305.15671743411582,305.15671784694263,-4.1282680740550859e-07,2.1812033744555115,2.1812008968307883,2.477624723162819e-06
1050,0.019,305.41604085030389,305.41604141639328,-5.6608939758007182e-07,1.9837076642585727,1.9837051122071623,2.552051410420475e-06
1050,0.02,305.69494042521404,305.69494119130138,-7.660873393433576e-07,1.7324569535212275,1.732455289890958,1.6636302695438587e-06
1060,0,303.0914797271127,303.09147965089818,7.621451914019417e-08,2.5499999980647825,2.5499999983567001,-2.9191760120284016e-10
1060,0.001,303.09755762158733,303.097557543486,7.8101322742440971e-08,2.5499999957845736,2.5499999958223851,-3.7811531683473731e-11
1060,0.002,303.11581034070321,303.11581026825382,7.244938160511083e-08,2.5499999817681531,2.5499999818289405,-6.0787375133486421e-11
1060,0.0030000000000000001,303.1462948240993,303.14629476120189,6.2897413499740651e-08,2.5499999136031928,2.5499999137800446,-1.7685186648463969e-10
1060,0.0040000000000000001,303.18910538483078,303.18910533533602,4.9494758513901616e-08,2.5499996001942966,2.5499996007956303,-6.0133364954140234e-10
1060,0.0050000000000000001,303.24437273428094,303.24437270204487,3.2236073366220808e-08,2.549998248961451,2.5499982509571169,-1.9956658547926054e-09
1060,0.0060000000000000001,303.31226244012424,303.31226242907348,1.1050758530473104e-08,2.5499928336175866,2.5499928397549625,-6.1373759407956641e-09
1060,0.0070000000000000001,303.39297268565542,303.39297269985389,-1.4198462849890348e-08,2.5499727644439272,2.5499727816232598,-1.717933262312954e-08
1060,0.0080000000000000002,303.48673125676578,303.48673130034899,-4.3583213482634164e-08,2.5499042025678129,2.5499042459066712,-4.3338858279895476e-08
1060,0.0090000000000000011,303.59379186399775,303.59379194071096,-7.6713206453860039e-08,2.5496886957593294,2.5496887934551666,-9.7695837197875335e-08
1060,0.01,303.71443028121649,303.7144303933261,-1.1210960337848519e-07,2.5490661461076574,2.5490663409164527,-1.948087953174138e-07
1060,0.010999999999999999,303.84894140540683,303.84894155219462,-1.4678778370580403e-07,2.5474143401961995,2.5474146788346173,-3.3863841775172432e-07
1060,0.012,303.99763919753616,303.9976393744073,-1.7687113995634718e-07,2.5433897355566759,2.543390236083467,-5.00526791125111e-07
1060,0.013000000000000001,304.16086238163416,304.16086258144855,-1.9981439436378423e-07,2.5343841237732403,2.534384720814769,-5.9704152866046911e-07
1060,0.014,304.3389893688456,304.33898958651304,-2.1766743429907365e-07,2.5158700617071719,2.5158705541824289,-4.924752570190094e-07
1060,0.014999999999999999,304.53246555812024,304.53246579725294,-2.3913270297271083e-07,2.48087667579868,2.4808767294065213,-5.360784127717011e-08
1060,0.016,304.74184438088616,304.74184465874521,-2.7785904421762098e-07,2.4200077848896897,2.4200070408482737,7.4404141603423568e-07
1060,0.017000000000000001,304.96784001838211,304.96784036562218,-3.4724007491604425e-07,2.3224398081278443,2.3224380933871611,1.7147406832229706e-06
1060,0.018000000000000002,305.21138520143865,305.2113856554289,-4.5399025339065702e-07,2.1780716044699875,2.1780691441732696,2.4602967179099267e-06
1060,0.019,305.4736833289906,305.47368392489903,-5.9590843193291221e-07,1.9804457159109512,1.9804431915630174,2.5243479337966335e-06
1060,0.02,305.75624220375897,305.75624298835777,-7.8459879659931175e-07,1.7294815031694948,1.7294798639770543,1.6391924404501879e-06
1070,0,303.13266450219481,303.13266442902926,7.316555183933815e-08,2.5499999976671899,2.549999997960259,-2.9306912452398137e-10
1070,0.001,303.13878487709002,303.1387848020621,7.5027912771474803e-08,2.5499999949792804,2.5499999950190944,-3.9813929930687664e-11
1070,0.002,303.15716465200126,303.15716458270765,6.9293605520215351e-08,2.5499999786537222,2.5499999787205416,-6.6819438870879821e-11
1070,0.0030000000000000001,303.18785956341833,303.18785950384728,5.9571050314843887e-08,2.549999900439381,2.5499999006358784,-1.9649748494998676e-10
1070,0.0040000000000000001,303.23096177406597,303.23096172819868,4.5867295739299152e-08,2.5499995460927112,2.5499995467552083,-6.6249716823563176e-10
1070,0.0050000000000000001,303.28659872347515,303.28659869531373,2.8161423415440368e-08,2.5499980396354123,2.5499980418063402,-2.1709278819059818e-09
1070,0.0060000000000000001,303.35493144818383,303.35493144168868,6.495156412711367e-09,2.5499920813795556,2.5499920879703235,-6.5907679314136658e-09
1070,0.0070000000000000001,303.43615238827914,303.43615240716582,-1.8886680663854349e-08,2.5499702713335806,2.549970289556649,-1.8223068387612784e-08
1070,0.0080000000000000002,303.530482842661,303.53048288999867,-4.7337664454971673e-08,2.5498966141884987,2.5498966596335024,-4.544500376013616e-08
1070,0.0090000000000000011,303.63817050156075,303.63817057920051,-7.763975418129121e-08,2.5496675430021298,2.5496676443488857,-1.0134675587636366e-07
1070,0.01,303.75948788613351,303.75948799417921,-1.0804569683386944e-07,2.5490122542204028,2.5490124542862569,-2.000658541057021e-07
1070,0.010999999999999999,303.89473302998073,303.89473316671859,-1.3673786725121317e-07,2.5472890450782315,2.5472893895700874,-3.4449185593032894e-07
1070,0.012,304.04423423734079,304.04423440009629,-1.6275549796773703e-07,2.5431242688839655,2.5431247733850615,-5.0450109601030135e-07
1070,0.013000000000000001,304.20836104434733,304.20836123149104,-1.8714371208261582e-07,2.5338722204807187,2.5338728163544286,-5.9587370992986166e-07
1070,0.014,304.38754332020909,304.3875435339873,-2.1377820758061716e-07,2.5149729076395078,2.5149733919572879,-4.8431778010282756e-07
1070,0.014999999999999999,304.58229951654999,304.58229976574688,-2.4919688712543575e-07,2.4794499777294541,2.479450018523488,-4.0794033928648332e-08
1070,0.016,304.79327330166973,304.79327360301403,-3.0134430062389583e-07,2.4179535886765873,2.4179528344936125,7.541829747381712e-07
1070,0.017000000000000001,305.02127539839063,305.0212757759013,-3.775106733883149e-07,2.3197702096578205,2.3197684964246696,1.7132331509017718e-06
1070,0.018000000000000002,305.26732493734039,305.26732541961678,-4.82276391267078e-07,2.1749552479400793,2.1749528048607716,2.4430793077456769e-06
1070,0.019,305.5326828670344,305.5326834838213,-6.1678690599364927e-07,1.9772048650384051,1.9772023680128881,2.4970255170231326e-06
1070,0.02,305.81886974781827,305.81887054560599,-7.9778772033023415e-07,1.7265271623274756,1.7265255470921237,1.6152353519149898e-06
1080,0,303.17413331795382,303.1741332483432,6.9610621267202077e-08,2.5499999971974261,2.5499999974918128,-2.9438673720960651e-10
1080,0.001,303.1802952221542,303.1802951507305,7.142369895518641e-08,2.5499999940387497,2.549999994080828,-4.2078340811713133e-11
1080,0.002,303.19879912861768,303.19879906307068,6.5546998939680634e-08,2.5499999750772355,2.5499999751507731,-7.3537620437491569e-11
1080,0.0030000000000000001,303.22969938711447,303.2296993314983,5.561616944760317e-08,2.5499998855580781,2.5499998857761192,-2.1804114069823299e-10
1080,0.0040000000000000001,303.27308580978394,303.27308576806644,4.1717498788784724e-08,2.5499994858245603,2.5499994865531415,-7.2858119537499988e-10
1080,0.0050000000000000001,303.32908253317231,303.32908250917177,2.4000541998248082e-08,2.5499978096409426,2.5499978119985447,-2.3576021135340852e-09
1080,0.0060000000000000001,303.3978465030583,303.39784650027394,2.784361186058959e-09,2.5499912654478969,2.5499912725151046,-7.0672077079336759e-09
1080,0.0070000000000000001,303.47956575622197,303.47956577757492,-2.1352946077968227e-08,2.5499675993791908,2.5499676186850522,-1.9305861354013132e-08
1080,0.0080000000000000002,303.57445785452649,303.57445790206117,-4.7534683744743234e-08,2.5498885713632644,2.549888618966488,-4.7603223585213073e-08
1080,0.0090000000000000011,303.68276908512991,303.68276915979374,-7.4663830673671328e-08,2.5496453518101756,2.549645456853245,-1.0504306935388286e-07
1080,0.01,303.80477535162282,303.80477545330473,-1.016819055621454e-07,2.5489562433572632,2.5489564486795473,-2.0532228406366926e-07
1080,0.010999999999999999,303.94078597899585,303.94078610701564,-1.2801979210053105e-07,2.5471599235395543,2.5471602737970653,-3.502575109948225e-07
1080,0.012,304.09115182951837,304.0911519836668,-1.5414843801409006e-07,2.5428527688381015,2.5428532771382213,-5.083001197725423e-07
1080,0.013000000000000001,304.25627903328467,304.25627921533072,-1.8204605112259742e-07,2.5333521980845406,2.5333527926068489,-5.9452230827261587e-07
1080,0.014,304.43664913875642,304.43664935411175,-2.1535532823691028e-07,2.5140668551902507,2.5140673312966251,-4.7610637432526914e-07
1080,0.014999999999999999,304.63284551425056,304.63284577333036,-2.5907979761541355e-07,2.478016313106679,2.4780163412537926,-2.8147113528831369e-08
1080,0.016,304.84558444295146,304.84558476177966,-3.1882819939710316e-07,2.4158978732375029,2.4158971092244923,7.6401301063455662e-07
1080,0.017000000000000001,305.07574778647654,305.07574818624255,-3.9976600874069845e-07,2.3171073410329108,2.3171056295194301,1.7115134807177412e-06
1080,0.018000000000000002,305.32441273456698,305.32441324012177,-5.0555479447211837e-07,2.1718541717714719,2.1718517457985298,2.4259729420883502e-06
1080,0.019,305.59287346210033,305.5928740997137,-6.3761336832612869e-07,1.9739848380217966,1.9739823679384663,2.4700833303192837e-06
1080,0.02,305.88264983564108,305.882650655193,-8.1955192854366032e-07,1.7235935880874149,1.7235919963581805,1.5917292344180822e-06
1090,0,303.21587937707642,303.21587930941098,6.7665439473785227e-08,2.549999996644146,2.5499999968091225,-1.6497647692403916e-10
1090,0.001,303.22208176845788,303.22208170092057,6.7537314407672966e-08,2.549999992943452,2.5499999929765358,-3.3083757955409965e-11
1090,0.002,303.24070668043782,303.2407066188498,6.1588025346281938e-08,2.5499999709807728,2.5499999710538694,-7.3096639852110457e-11
1090,0.0030000000000000001,303.27180711704176,303.27180706535364,5.1688118674064754e-08,2.5499998687739893,2.5499998690093499,-2.3536061988238544e-10
1090,0.0040000000000000001,303.31547074286692,303.31547070484294,3.8023983961466001e-08,2.5499994188238153,2.5499994196183962,-7.9458084556449649e-10
1090,0.0050000000000000001,303.37181896002147,303.37181893912418,2.089728923237999e-08,2.5499975573887617,2.5499975599402918,-2.5515300983158795e-09
1090,0.0060000000000000001,303.44100583088613,303.441005830108,7.7812956078560092e-10,2.5499903818021288,2.549990389365246,-7.5631172435919325e-09
1090,0.0070000000000000001,303.52321713644596,303.52321715813025,-2.1684286366507877e-08,2.5499647395638023,2.5499647599880322,-2.0424229862925358e-08
1090,0.0080000000000000002,303.61867003058813,303.61867007630497,-4.5716831209574593e-08,2.5498800564913076,2.5498801063007166,-4.980940904175668e-08
1090,0.0090000000000000011,303.72761395040828,303.72761402098382,-7.0575538302364293e-08,2.5496220931013531,2.5496222018808266,-1.0877947342891048e-07
1090,0.01,303.85033363275357,303.85033372855753,-9.5803954991424689e-08,2.5488980749910093,2.5488982855629994,-2.1057199006691008e-07
1090,0.010999999999999999,303.98715520441232,303.98715532600772,-1.2159540574430139e-07,2.5470269404759494,2.5470272964064615,-3.5593051217475136e-07
1090,0.012,304.13845627493492,304.13845642420517,-1.4927024949429324e-07,2.5425752303310607,2.5425757422539697,-5.119229089523003e-07
1090,0.013000000000000001,304.30468067358095,304.30468085517742,-1.8159647652282729e-07,2.532824114177441,2.5328247071682544,-5.9299081334174275e-07
1090,0.014,304.48635778356532,304.48635800422034,-2.2065501070756e-07,2.513152041379767,2.5131525092248896,-4.6784512264252953e-07
1090,0.014999999999999999,304.68412477622883,304.68412504034677,-2.6411794351588469e-07,2.4765758722010212,2.476575887866614,-1.5665592822955432e-08
1090,0.016,304.89874546563328,304.89874578708526,-3.2145197792488034e-07,2.4138408043195922,2.4138400307785566,7.7354103567017773e-07
1090,0.017000000000000001,305.13110822905782,305.13110865013908,-4.2108126763196196e-07,2.3144512453688364,2.3144495357752106,1.7095936257760513e-06
1090,0.018000000000000002,305.38216775666922,305.38216829860903,-5.419398121375707e-07,2.1687682448905585,2.1687658359104756,2.4089800829685259e-06
1090,0.019,305.65279197584437,305.65279253892209,-5.6307771956198849e-07,1.9707853622709801,1.9707829187491479,2.4435218322071961e-06
1090,0.02,305.94352588721517,305.94352638822841,-5.0101323267881526e-07,1.720679217333662,1.7206776452304913,1.5721031707549571e-06
1100,0,303.25789580168106,303.25789573814609,6.3534969285683474e-08,2.5499999959945074,2.549999996161203,-1.6669554625536875e-10
1100,0.001,303.26413772200647,303.26413765855648,6.3449988374486566e-08,2.549999991671513,2.5499999917074878,-3.5974778711533872e-11
1100,0.002,303.28288084537047,303.28288078771834,5.765213018094073e-08,2.549999966300545,2.5499999663819368,-8.1391782202899776e-11
1100,0.0030000000000000001,303.31417710865935,303.31417706058522,4.8074127789732302e-08,2.5499998498862606,2.5499998501473926,-2.6113200490840427e-10
1100,0.0040000000000000001,303.35811261132898,303.35811257633884,3.4990137010026956e-08,2.5499993444860118,2.5499993453573331,-8.7132123738342671e-10
1100,0.0050000000000000001,303.41480706510009,303.4148070463138,1.8786295186146162e-08,2.5499972812055272,2.5499972839678833,-2.7623561216216785e-09
1100,0.0060000000000000001,303.48441333000306,303.48441333003643,-3.3367086871294305e-11,2.5499894262658582,2.5499894343530527,-8.0871944696525588e-09
1100,0.0070000000000000001,303.56711738403447,303.56711740493574,-2.0901268271700246e-08,2.5499616826414813,2.5499617042273108,-2.1585829568238069e-08
1100,0.0080000000000000002,303.66313920979456,303.66313925312073,-4.3326167542545591e-08,2.5498710517527581,2.5498711038224395,-5.2069681455435557e-08
1100,0.0090000000000000011,303.77273520751851,303.77273527460375,-6.708523869747296e-08,2.5495977378128201,2.5495978503730035,-1.1256018339622642e-07
1100,0.01,303.89620281308561,303.89620290532321,-9.2237598892097594e-08,2.5488377111954121,2.5488379270133108,-2.1581789866331746e-07
1100,0.010999999999999999,304.03388792505427,304.03388804366131,-1.1860703352795099e-07,2.5468900621845227,2.5468904236991414,-3.615146186852769e-07
1100,0.012,304.1861953585564,304.18619550395425,-1.4539784842781955e-07,2.5422916501461175,2.5422921655228259,-5.1537670842094485e-07
1100,0.013000000000000001,304.35360153382533,304.35360170742206,-1.7359673165628919e-07,2.5322880275500057,2.5322886188404112,-5.9129040552718948e-07
1100,0.014,304.53666651563833,304.53666672743748,-2.1179914710955927e-07,2.5122286022266271,2.5122290617720049,-4.5954537775116933e-07
1100,0.014999999999999999,304.73603904679612,304.7360393225955,-2.7579937977861846e-07,2.4751288414170323,2.4751288447722359,-3.355203670452056e-09
1100,0.016,304.9524441005305,304.95244446940842,-3.6887792020934285e-07,2.411782542385104,2.4117817596161983,7.827689056938425e-07
1100,0.017000000000000001,305.18664062455679,305.18664108558949,-4.6103269824016024e-07,2.3118019625859234,2.3118002551089503,1.7074769731451056e-06
1100,0.018000000000000002,305.43934242307427,305.43934292320228,-5.0012801011689589e-07,2.1656973378230902,2.1656949457303725,2.3920927176845908e-06
1100,0.019,305.7111104912812,305.71111096725537,-4.7597416141798021e-07,1.9676061575795609,1.9676037402913593,2.4172882016060271e-06
1100,0.02,306.00224600006339,306.00224644630305,-4.4623965322898584e-07,1.7177839718304015,1.7177824213216897,1.5505087118672378e-06
1110,0,303.3001768248381,303.30017676512142,5.9716683153965278e-08,2.5499999952340096,2.5499999954026564,-1.6864687424344993e-10
1110,0.001,303.30645756775351,303.30645750803461,5.9718900047300849e-08,2.549999990198494,2.5499999902377244,-3.9230396708944681e-11
1110,0.002,303.32531692842656,303.32531687423113,5.4195425036596134e-08,2.5499999609664554,2.5499999610570288,-9.0573326616549821e-11
1110,0.0030000000000000001,303.35680623622562,303.35680619111753,4.51080950369942e-08,2.5499998286775916,2.5499998289668171,-2.8922553241272908e-10
1110,0.0040000000000000001,303.40101086621718,303.40101083346428,3.2752893730503274e-08,2.5499992621667058,2.5499992631205042,-9.5379837361520003e-10
1110,0.0050000000000000001,303.45805014688239,303.45805012939138,1.749100420056493e-08,2.5499969793318793,2.5499969823177886,-2.9859092975925705e-09
1110,0.0060000000000000001,303.5280775735273,303.52807757380185,-2.7455371309770271e-10,2.5499883945058897,2.5499884031417266,-8.6358369344452512e-09
1110,0.0070000000000000001,303.61128167338552,303.61128169349865,-2.0113134269195143e-08,2.5499584191408737,2.5499584419279699,-2.2787096209953006e-08
1110,0.0080000000000000002,303.70788794594517,303.7078879874577,-4.151252142037265e-08,2.5498615391206361,2.549861593500474,-5.4379837965967681e-08
1110,0.0090000000000000011,303.81816231257727,303.81816237638799,-6.3810716710577253e-08,2.5495722569208792,2.5495723733007467,-1.1637986752077722e-07
1110,0.01,303.94241637216288,303.94241645861013,-8.6447244029841386e-08,2.5487751146609976,2.5487753357150682,-2.2105407060379889e-07
1110,0.010999999999999999,304.08101434957831,304.08101445959727,-1.1001895927620353e-07,2.5467492563516707,2.5467496233569604,-3.6700528971422841e-07
1110,0.012,304.23438079283858,304.23438093082262,-1.3798404552289867e-07,2.5420020268802475,2.5420025455410253,-5.1866077788176312e-07
1110,0.013000000000000001,304.40300673445012,304.40300691159428,-1.7714415889713564e-07,2.5317439981059118,2.5317445875302917,-5.8942437997089314e-07
1110,0.014,304.587450335114,304.58745056916024,-2.3404624016620801e-07,2.5112966727010297,2.5112971239116924,-4.5121066261089027e-07
1110,0.014999999999999999,304.78832658977274,304.78832689685231,-3.0707957421327592e-07,2.473675403356161,2.4736753945701775,8.7859834962955574e-09
1110,0.016,305.00628064488416,305.00628102644794,-3.8156377968334709e-07,2.4097232427916322,2.4097224510856754,7.9170595679300959e-07
1110,0.017000000000000001,305.24194195456249,305.24194238967482,-4.3511232661330723e-07,2.3091595295879248,2.3091578244133504,1.7051745744289803e-06
1110,0.018000000000000002,305.4958623819773,305.49586283450532,-4.5252801328388159e-07,2.1626413222975076,2.1626389469854921,2.3753120155234342e-06
1110,0.019,305.76844906601548,305.7684495060422,-4.4002672439091839e-07,1.9644469155800262,1.9644445241603326,2.3914196936036802e-06
1110,0.02,306.05990904014095,306.05990946402176,-4.2388080601085676e-07,1.7149079134167533,1.7149063843891796,1.5290275736656866e-06
1120,0,303.34271878297915,303.34271872656291,5.6416240568069043e-08,2.5499999943463285,2.5499999945171878,-1.7085932668692294e-10
1120,0.001,303.34903801137131,303.34903795484388,5.6527426295360783e-08,2.5499999884971585,2.5499999885400393,-4.2880810013912196e-11
1120,0.002,303.36801277923871,303.36801272791013,5.1328584049770143e-08,2.5499999549016383,2.5499999550023555,-1.0071721234794495e-10
1120,0.0030000000000000001,303.39969436144605,303.39969431867269,4.2773365294124233e-08,2.5499998049133166,2.5499998052331208,-3.1980418313537484e-10
1120,0.0040000000000000001,303.44416835286614,303.44416832171891,3.114723767794203e-08,2.5499991711799308,2.5499991722222397,-1.0423089058519963e-09
1120,0.0050000000000000001,303.50155503671454,303.50155501989195,1.6822582438180689e-08,2.5499966499205553,2.5499966531431899,-3.2226346036168252e-09
1120,0.0060000000000000001,303.57201021257561,303.57201021230435,2.7125679480377585e-10,2.5499872820315383,2.5499872912410462,-9.2095078230158833e-09
1120,0.0070000000000000001,303.65572675205567,303.6557267700249,-1.7969227883440908e-08,2.5499549393690231,2.5499549633971736,-2.402815058033525e-08
1120,0.0080000000000000002,303.75293713336379,303.75293717081831,-3.7454526591318427e-08,2.5498515003728719,2.5498515571119293,-5.673905745240404e-08
1120,0.0090000000000000011,303.86391707131435,303.86391712953434,-5.8219995935360203e-08,2.5495456214602545,2.5495457416966483,-1.202363937302664e-07
1120,0.01,303.98899004116845,303.9889901225244,-8.1355949532735394e-08,2.5487102487094937,2.5487104749871499,-2.2627765616789475e-07
1120,0.010999999999999999,304.12853194024007,304.12853204964068,-1.0940061656583566e-07,2.5466044920398607,2.5466048644408157,-3.7240095496215986e-07
1120,0.012,304.28297434875628,304.28297449462042,-1.4586413499273476e-07,2.5417063608871349,2.541706882664307,-5.217771721355291e-07
1120,0.013000000000000001,304.45280397980912,304.452804173206,-1.9339688606123673e-07,2.5311920867804836,2.5311926741789978,-5.8739851427347389e-07
1120,0.014,304.63855527035406,304.63855552142604,-2.5107198098339722e-07,2.5103563866822882,2.5103568295290404,-4.4284675215777725e-07
1120,0.014999999999999999,304.84079314417312,304.84079345679925,-3.1262612765203812e-07,2.472215736880881,2.4722157161232876,2.0757593421905085e-08
1120,0.016,305.06008425429945,305.06008462209815,-3.6779869105885155e-07,2.4076630559672738,2.4076622556084013,8.0035887251028726e-07
1120,0.017000000000000001,305.29695766693249,305.29695807327039,-4.0633790376887191e-07,2.30652398041165,2.3065222777174212,1.702694228722379e-06
1120,0.018000000000000002,305.55185954835082,305.55185997148476,-4.231339403304446e-07,2.1596000704451135,2.1595977118110667,2.3586340467396383e-06
1120,0.019,305.82510983779082,305.82511025777933,-4.1998850974778179e-07,1.9613073287028011,1.9613049627403853,2.3659624157623682e-06
1120,0.02,306.11687061787887,306.11687102924219,-4.1136331674351823e-07,1.7120508770015139,1.7120493692123291,1.5077891848402913e-06
1130,0,303.38552069956438,303.38552064571684,5.3847543313167989e-08,2.5499999933131288,2.549999993486491,-1.7336221347363789e-10
1130,0.001,303.3918784939379,303.39187843984826,5.4089639434096171e-08,2.5499999865372187,2.5499999865841905,-4.6971759815050973e-11
1130,0.002,303.4109690944332,303.41096904514558,4.9287621095572831e-08,2.5499999480219748,2.5499999481338782,-1.1190337545485818e-10
1130,0.0030000000000000001,303.44284426411195,303.44284422270573,4.1406224227102939e-08,2.5499997783404829,2.5499997786935023,-3.5301939149690043e-10
1130,0.0040000000000000001,303.48759068150378,303.48759065076291,3.0740864076506114e-08,2.5499990707966638,2.5499990719338026,-1.137138827544959e-09
1130,0.0050000000000000001,303.54533067173821,303.54533065410368,1.763453383318847e-08,2.5499962910345788,2.5499962945075327,-3.4729539244438001e-09
1130,0.0060000000000000001,303.61622343925086,303.61622343684337,2.4074893190118019e-09,2.5499860841941273,2.549986094002779,-9.808651668663515e-09
1130,0.0070000000000000001,303.7004669269021,303.70046694169639,-1.4794295566389337e-08,2.549951233415432,2.549951258724509,-2.5309077056334672e-08
1130,0.0080000000000000002,303.79830032615877,303.7983003603664,-3.4207630505989073e-08,2.549840917104349,2.5498409762508287,-5.9146479713945155e-08
1130,0.0090000000000000011,303.91000704581097,303.91000710245345,-5.6642477375135059e-08,2.5495178025428231,2.5495179266704295,-1.2412760641566933e-07
1130,0.01,304.03591759497266,304.03591767846848,-8.3495820035750512e-08,2.5486430773070197,2.5486433087928972,-2.3148587757759742e-07
1130,0.010999999999999999,304.17641137095359,304.17641148736425,-1.1641066066658823e-07,2.5464557396733554,2.5464561173735452,-3.7770018979088604e-07
1130,0.012,304.33191585093152,304.33191600746073,-1.5652921092623728e-07,2.5414046542209623,2.5414051789489802,-5.2472801792546875e-07
1130,0.013000000000000001,304.50290133595433,304.5029015394922,-2.035378656728426e-07,2.5306323554625303,2.5306329406810133,-5.8521848300685519e-07
1130,0.014,304.68986941677019,304.68986967170758,-2.5493739030935103e-07,2.5094078769201151,2.5094083113792713,-4.3445915620665687e-07
1130,0.014999999999999999,304.89333394713964,304.8933342532556,-3.061159645767475e-07,2.4707500171795376,2.4707499846200927,3.2559444917978908e-08
1130,0.016,305.11379462617685,305.1137949774253,-3.5124844544043299e-07,2.4056021275800283,2.405601318845799,8.0873422936278416e-07
1130,0.017000000000000001,305.35170517099925,305.35170555582636,-3.8482710351672722e-07,2.3038953463443064,2.303893646301137,1.7000431693503515e-06
1130,0.018000000000000002,305.60744007543468,305.60744047866882,-4.0323413941223407e-07,2.1565734536682362,2.156571111613129,2.3420551071851037e-06
1130,0.019,305.88126544823558,305.88126585347021,-4.0523462985220249e-07,1.9581871085259215,1.9581847676132016,2.3409127198892321e-06
1130,0.02,306.17331974560864,306.17332014658501,-4.0097637565850164e-07,1.7092126508361389,1.7092111639995031,1.4868366358111729e-06
1140,0,303.42858436300406,303.42858431063939,5.2364669045346091e-08,2.5499999921138703,2.549999992290056,-1.7618573266986459e-10
1140,0.001,303.43498118780934,303.43498113505512,5.2754216994799208e-08,2.549999984285074,2.5499999843366155,-5.1541437784408117e-11
1140,0.002,303.45418916161191,303.45418911322867,4.8383242301497376e-08,2.5499999402356006,2.5499999403598084,-1.2420775519217386e-10
1140,0.0030000000000000001,303.48626094940062,303.48626090822466,4.1175951537297806e-08,2.5499997486868939,2.5499997490759365,-3.8904257593230795e-10
1140,0.0040000000000000001,303.53128490047567,303.53128486914682,3.1328852401202312e-08,2.5499989602432884,2.5499989614818683,-1.2385799053049595e-09
1140,0.0050000000000000001,303.58938596270457,303.58938594370642,1.8998150608240394e-08,2.5499959006455253,2.5499959043828326,-3.7373073524804568e-09
1140,0.0060000000000000001,303.66072702768514,303.66072702347242,4.2127226151933428e-09,2.5499847961866626,2.5499848066203632,-1.043370057018933e-08
1140,0.0070000000000000001,303.74551067796523,303.74551069119491,-1.3229680462245597e-08,2.5499472911563443,2.5499473177862622,-2.6629917826426208e-08
1140,0.0080000000000000002,303.84398116881408,303.84398120265143,-3.3837352475529769e-08,2.5498297707389619,2.5498298323401678,-6.1601205914030288e-08
1140,0.0090000000000000011,303.95642625724565,303.95642631564681,-5.8401155911269598e-08,2.5494887713757288,2.549488899427105,-1.280513761692248e-07
1140,0.01,304.0831782064115,304.08317829423044,-8.7818932570371544e-08,2.5485735650760803,2.548573801752144,-2.3667606363630966e-07
1140,0.010999999999999999,304.22461299532057,304.22461311806927,-1.2274870186956832e-07,2.5463029710229694,2.5463033539247002,-3.8290173076660494e-07
1140,0.012,304.38114654309004,304.38114670625146,-1.6316141682182206e-07,2.5410969105809875,2.5410974380965285,-5.2751554102670184e-07
1140,0.013000000000000001,304.55322673476763,304.55322694270171,-2.0793407884411863e-07,2.5300648669193313,2.5300654498092041,-5.8288987281329696e-07
1140,0.014,304.741320332839,304.74132058750831,-2.5466931674600346e-07,2.5084512749995351,2.5084517010526874,-4.26053152313699e-07
1140,0.014999999999999999,304.94589454557831,304.94589484544116,-2.9986284744154545e-07,2.4692784158318379,2.4692783716403039,4.4191533987714138e-08
1140,0.016,305.16739406650333,305.16739440591522,-3.3941188348762807e-07,2.403540598700749,2.4035397818622442,8.1683850483571518e-07
1140,0.017000000000000001,305.40621562516208,305.40621599451094,-3.6934886793460464e-07,2.3012736559955465,2.3012719587675656,1.6972279808236124e-06
1140,0.018000000000000002,305.66268319765663,305.66268358425009,-3.8659345591440797e-07,2.1535613423267175,2.1535590167508065,2.3255759109552798e-06
1140,0.019,305.93702765941561,305.93702804867667,-3.8926106071812683e-07,1.9550859836230923,1.9550836673703762,2.3162527160724977e-06
1140,0.02,306.22937492790692,306.22937491385198,1.4054933217266807e-08,1.7063930068273077,1.7063915402295671,1.4665977405847741e-06
1150,0,303.47191382561232,303.47191377428891,5.1323411298653809e-08,2.5499999907256035,2.5499999910545847,-3.2898128665692639e-10
1150,0.001,303.47835041051451,303.47835035810925,5.2405255246412707e-08,2.549999981703531,2.5499999817733783,-6.9847239103637548e-11
1150,0.002,303.49767802493602,303.49767797661144,4.8324579893233022e-08,2.5499999314423794,2.5499999315891437,-1.4676437842808809e-10
1150,0.0030000000000000001,303.529950431923,303.52995039043128,4.1491716729069594e-08,2.5499997156601482,2.5499997160953503,-4.3520209658254316e-10
1150,0.0040000000000000001,303.57525784724527,303.57525781526533,3.1979936920834007e-08,2.5499988387000827,2.5499988400530507,-1.3529679598889288e-09
1150,0.0050000000000000001,303.63372783726135,303.63372781748473,1.977662122953916e-08,2.5499954766318789,2.5499954806532608,-4.021381894148135e-09
1150,0.0060000000000000001,303.70552650422422,303.7055264994857,4.7385242396558169e-09,2.5499834130437011,2.5499834241334627,-1.1089761553506605e-08
1150,0.0070000000000000001,303.79085981016868,303.79085982361789,-1.3449209745886037e-08,2.5499431022592471,2.5499431302541913,-2.7994944140630196e-08
1150,0.0080000000000000002,303.88997475325357,303.88997478851962,-3.5266054965177318e-08,2.5498180425416495,2.5498181066478649,-6.4106215447168324e-08
1150,0.0090000000000000011,304.00315993282254,304.00315999409275,-6.1270213791431161e-08,2.5494584992789227,2.5494586312881231,-1.320092004597484e-07
1150,0.01,304.13074485063498,304.13074494255517,-9.1920185241178842e-08,2.5485016773064038,2.5485019191553957,-2.4184899194423792e-07
1150,0.010999999999999999,304.27309714697435,304.27309727427632,-1.2730197340715677e-07,2.5461461591900036,2.546146547197607,-3.8800760338020268e-07
1150,0.012,304.43061693042557,304.43061709715664,-1.6673106983944308e-07,2.5407831352570547,2.5407836654020852,-5.3014503054171769e-07
1150,0.013000000000000001,304.60372750395715,304.6037277121286,-2.0817145696128136e-07,2.5294896847247821,2.5294902651458586,-5.8042107653477615e-07
1150,0.014,304.7928621977793,304.79286244629554,-2.4851624402799644e-07,2.5074867113092165,2.507487128945932,-4.1763671543293412e-07
1150,0.014999999999999999,304.99844786638977,304.99844815483578,-2.8844601729360875e-07,2.4678011008745595,2.4678010452235499,5.5651009578383537e-08
1150,0.016,305.22088747349079,305.22088780686323,-3.3337244076392381e-07,2.4014786059582516,2.4014777812833201,8.2467493145443882e-07
1150,0.017000000000000001,305.46054816301177,305.46054852878802,-3.6577625905920286e-07,2.2986589353207965,2.2986572410694368,1.6942513596518438e-06
1150,0.018000000000000002,305.71776695241016,305.71776731117376,-3.5876360016118269e-07,2.1505636062655991,2.150561297069491,2.3091961081078693e-06
1150,0.019,305.99288740316047,305.99288775934428,-3.5618381843960378e-07,1.9520036954989395,1.9520014035307889,2.2919681506028411e-06
1150,0.02,306.28632520417807,306.28632561187624,-4.0769816678221105e-07,1.7035931215278621,1.7035916795372472,1.4419906149143458e-06
1160,0,303.51551441256788,303.51551436106308,5.1504798648238648e-08,2.5499999891227421,2.5499999894552943,-3.3255220799333074e-10
1160,0.001,303.52199158236198,303.52199152972071,5.2641269121522782e-08,2.5499999787515084,2.549999978827024,-7.5515593778163748e-11
1160,0.002,303.54144131130488,303.54144126260542,4.8699462240620051e-08,2.549999921533368,2.5499999216949476,-1.6157963855789603e-10
1160,0.0030000000000000001,303.57391842210234,303.573918380083,4.2019337342935614e-08,2.5499996789466595,2.5499996794240052,-4.7734571850810426e-10
1160,0.0040000000000000001,303.61951481364275,303.61951478107454,3.2568209462624509e-08,2.5499987052997128,2.5499987067682461,-1.4685332949682106e-09
1160,0.0050000000000000001,303.67836017888908,303.67836015867357,2.0215509266563458e-08,2.5499950167774768,2.5499950210925513,-4.3150745199227458e-09
1160,0.0060000000000000001,303.75062283865242,303.75062283392828,4.7241428546840325e-09,2.5499819296414299,2.5499819414092562,-1.1767826268993531e-08
1160,0.0070000000000000001,303.83651047111675,303.83651048535256,-1.4235808976081898e-08,2.5499386561876092,2.5499386855832031,-2.9395593958980726e-08
1160,0.0080000000000000002,303.93627040220974,303.93627043922515,-3.7015411180618685e-08,2.5498057136304153,2.5498057802831147,-6.6652699359792678e-08
1160,0.0090000000000000011,304.05018899936556,304.05018906321379,-6.3848233367025387e-08,2.5494269577020638,2.5494270936937706,-1.3599170678446626e-07
1160,0.01,304.17858961271827,304.17858970747744,-9.4759172952763038e-08,2.5484273799644868,2.5484276269599051,-2.4699541834038996e-07
1160,0.010999999999999999,304.32182848510143,304.32182861487456,-1.2977312735529267e-07,2.5459852785890509,2.545985671599539,-3.9301048815332251e-07
1160,0.012,304.48028818567104,304.48028835488333,-1.6921228507271735e-07,2.5404633350756214,2.5404638676884623,-5.3261284094219263e-07
1160,0.013000000000000001,304.6543685319553,304.65436874440422,-2.1244892423055717e-07,2.5289068731903344,2.5289074510019458,-5.7781161144632165e-07
1160,0.014,304.84447580059492,304.84447605546796,-2.548730435592006e-07,2.5065143150133631,2.5065147242221162,-4.0920875310490601e-07
1160,0.014999999999999999,305.05101236866523,305.05101265690445,-2.8823922093579313e-07,2.4663182368683176,2.4663181699240955,6.6944222165687961e-08
1160,0.016,305.27437051837876,305.27437082482248,-3.0644372372989892e-07,2.3994162816864373,2.3994154494305548,8.3225588243251991e-07
1160,0.017000000000000001,305.51493500362176,305.51493531989831,-3.1627655516786035e-07,2.2960512076267627,2.2960495165013084,1.6911254543394705e-06
1160,0.018000000000000002,305.77309757279431,305.7730979161081,-3.4331378628849052e-07,2.1475801155469423,2.1475778226195028,2.2929274394734023e-06
1160,0.019,306.04928200072942,306.04928239961151,-3.9888209357741289e-07,1.9489400073231293,1.9489377392353384,2.2680877909131425e-06
1160,0.02,306.3439715775171,306.34397204510412,-4.6758702865190571e-07,1.7008124892146124,1.7008110685285012,1.420686111197611e-06
1170,0,303.55939155170643,303.55939149964735,5.2059078825550387e-08,2.5499999872768253,2.5499999876133685,-3.3654323772225325e-10
1170,0.001,303.56591005826829,303.56591000506745,5.3200835736788576e-08,2.5499999753837255,2.5499999754655325,-8.1807005614109585e-11
1170,0.002,303.58548409033307,303.5854840410766,4.9256470902037108e-08,2.5499999103902611,2.5499999105680407,-1.7777956884401647e-10
1170,0.0030000000000000001,303.61816930220192,303.61816925968589,4.2516035136941355e-08,2.54999963821066,2.5499996387334707,-5.2281068363413397e-10
1170,0.0040000000000000001,303.66405881205992,303.66405877917555,3.2884372558328323e-08,2.5499985591257364,2.5499985607173561,-1.5916197249055131e-09
1170,0.0050000000000000001,303.72328363656311,303.72328361637864,2.0184472759865457e-08,2.5499945187700108,2.5499945233940737,-4.6240629103522224e-09
1170,0.0060000000000000001,303.79601307396916,303.7960130697881,4.1810608308878727e-09,2.5499803406978465,2.5499803531707976,-1.247295111639346e-08
1170,0.0070000000000000001,303.88245479075681,303.88245480616246,-1.5405646536237327e-08,2.5499339422057199,2.5499339730417763,-3.0836056374994314e-08
1170,0.0080000000000000002,303.98285428614781,303.9828543250448,-3.8896985188330291e-08,2.549792764988239,2.5497928342318072,-6.9243568212584705e-08
1170,0.0090000000000000011,304.09749335156675,304.09749341820435,-6.6637596773944097e-08,2.5493941182408735,2.5493942582412958,-1.4000042236617105e-07
1170,0.01,304.22668714701047,304.22668724583616,-9.8825694294646382e-08,2.5483506397023814,2.548350891818683,-2.5211630161336984e-07
1170,0.010999999999999999,304.37077963916744,304.37077977420211,-1.3503466789188678e-07,2.5458203049307202,2.545820702843395,-3.9791267480993042e-07
1170,0.012,304.53013744929393,304.53013762277942,-1.7348548908557859e-07,2.5401375183474424,2.5401380532718227,-5.3492438034652423e-07
1170,0.013000000000000001,304.70514267981622,304.70514289051653,-2.1070030697956099e-07,2.5283164972992007,2.5283170723688522,-5.7506965145392996e-07
1170,0.014,304.8961859791504,304.89618622215875,-2.4300834411405958e-07,2.5055342140261114,2.5055346148028845,-4.0077677310179638e-07
1170,0.014999999999999999,305.10366176033875,305.1036620300564,-2.6971764555128175e-07,2.4648299849625861,2.4648299068939878,7.8068598252656329e-08
1170,0.016,305.32796772494692,305.32796801910479,-2.9415787139441818e-07,2.3973537540588952,2.397352914474689,8.3958420615815044e-07
1170,0.017000000000000001,305.56951020991164,305.56951053223435,-3.223227054149902e-07,2.2934504935940208,2.2934488057414395,1.6878525812558109e-06
1170,0.018000000000000002,305.82871518491248,305.82871554443346,-3.595209818740841e-07,2.1446107411295574,2.1446084643586194,2.2767709380033807e-06
1170,0.019,306.10604236057861,306.10604276507377,-4.0449515381624224e-07,1.9458947266566813,1.9458924820860066,2.2445706746587746e-06
1170,0.02,306.40199783383241,306.40199829688055,-4.6304813849928905e-07,1.6980504556604978,1.6980490555778418,1.400082656033419e-06
1180,0,303.60354975194002,303.603549699224,5.2716018217324745e-08,2.5499999851562731,2.549999985497279,-3.4100589019203653e-10
1180,0.001,303.61011014715763,303.61011009333356,5.3824066981178476e-08,2.5499999715503732,2.5499999716391506,-8.8777429851916168e-11
1180,0.002,303.62981002759653,303.62980997782586,4.9770676469051978e-08,2.5499998978848151,2.5499998980802885,-1.9547341523207251e-10
1180,0.0030000000000000001,303.66270553333652,303.66270549051194,4.2824581214517821e-08,2.5499995930931916,2.5499995936649849,-5.7179327939138602e-10
1180,0.0040000000000000001,303.70889038338845,303.70889035052522,3.2863226806512102e-08,2.5499983992111361,2.5499984009336654,-1.7225292303635342e-09
1180,0.0050000000000000001,303.76849598651211,303.76849596683132,1.9680783225339837e-08,2.5499939801996594,2.5499939851484177,-4.9487582920448858e-09
1180,0.0060000000000000001,303.84169136227814,303.84169135926811,3.0100295589363668e-09,2.5499786407731979,2.5499786539786884,-1.3205490478895854e-08
1180,0.0070000000000000001,303.92868264695835,303.92868266440155,-1.7443198885302991e-08,2.549928949383796,2.5499289817000239,-3.2316227915885065e-08
1180,0.0080000000000000002,304.02971192278636,304.02971196469667,-4.1910311665560585e-08,2.5497791774749672,2.549779249352758,-7.1877790830399135e-08
1180,0.0090000000000000011,304.14505511951404,304.14505518988898,-7.0374937877204502e-08,2.549359952652833,2.5493600966860943,-1.4403326131784411e-07
1180,0.01,304.27501882437338,304.27501892667931,-1.0230593261439935e-07,2.5482714238651152,2.548271681074445,-2.5720932983475109e-07
1180,0.010999999999999999,304.41993602784754,304.4199361643029,-1.3645535545947496e-07,2.5456512152030522,2.5456516179164694,-4.0271341728015386e-07
1180,0.012,304.58016113409678,304.58016130505257,-1.7095578641601605e-07,2.5398056948154499,2.5398062318975545,-5.3708210456804295e-07
1180,0.013000000000000001,304.75606493653635,304.75606514044819,-2.0391183852552786e-07,2.5277186226430133,2.5277191948433373,-5.7220032401161802e-07
1180,0.014,304.94803059568261,304.94803083016308,-2.3448046704288572e-07,2.5045465349894411,2.5045469273345704,-3.9234512927421861e-07
1180,0.014999999999999999,305.15645179408506,305.15645205767674,-2.6359168714407133e-07,2.4633365029620369,2.463336413937335,8.9024701832585151e-08
1180,0.016,305.3817340081356,305.38173430159844,-2.9346284691200708e-07,2.3952911472150467,2.3952903005493891,8.4666565758340084e-07
1180,0.017000000000000001,305.62429914309973,305.6242994696463,-3.2654656934028026e-07,2.2908568113369592,2.2908551268985899,1.6844383692316001e-06
1180,0.018000000000000002,305.8845927317393,305.8845930959169,-3.6417759474716149e-07,2.141655355951098,2.1416530952181478,2.2607329501767026e-06
1180,0.019,306.16309182081676,306.16309222649909,-4.0568232861915021e-07,1.9428676716923936,1.9428654503561322,2.2213362613765497e-06
1180,0.02,306.46031102081162,306.46031148239047,-4.6157884980857489e-07,1.6953066388303113,1.6953052588858883,1.3799444229523061e-06
1190,0,303.64799191503056,303.64799186182893,5.3201631544652628e-08,2.5499999827261171,2.5499999830720954,-3.4597835707472768e-10
1190,0.001,303.65459447901048,303.65459442475913,5.4251358960755169e-08,2.5499999671967748,2.5499999672932581,-9.6483265821234454e-11
1190,0.002,303.67442091962613,303.67442086960887,5.0017263220070163e-08,2.549999883878256,2.5499998840930158,-2.1475976552665088e-10
1190,0.0030000000000000001,303.70752747499711,303.70752743224392,4.2753185880428646e-08,2.5499995432110967,2.5499995438355718,-6.244751382666891e-10
1190,0.0040000000000000001,303.75400781763938,303.7540077853194,3.231997425245936e-08,2.5499982245368682,2.5499982263984462,-1.8615780028596873e-09
1190,0.0050000000000000001,303.81399286113458,303.81399284262255,1.8512025690142764e-08,2.5499933985577852,2.5499934038473553,-5.2895701152522179e-09
1190,0.0060000000000000001,303.88765028693564,303.88765028581929,1.1163479030074086e-09,2.5499768242705545,2.549976838236319,-1.3965764544821013e-08
1190,0.0070000000000000001,303.97518361881185,303.97518363881613,-2.0004279122076696e-08,2.5499236666032052,2.5499237004391806,-3.3835975354890024e-08
1190,0.0080000000000000002,304.07683067501245,304.0768307198033,-4.4790851916332031e-08,2.54976493183909,2.549765006393403,-7.4554312945451784e-08
1190,0.0090000000000000011,304.19286128025908,304.19286135311557,-7.2856494170991937e-08,2.5493244328722993,2.5493245809604659,-1.480881666182654e-07
1190,0.01,304.32357423358218,304.32357433699576,-1.0341358347432106e-07,2.5481897004972542,2.5481899627695266,-2.6227227234443262e-07
1190,0.010999999999999999,304.46929370361261,304.46929383896594,-1.3535333209802047e-07,2.5454779876526743,2.5454783950647601,-4.0741208584549327e-07
1190,0.012,304.63036543709325,304.63036560460563,-1.6751238263168489e-07,2.539467875603985,2.5394684146924851,-5.3908850006223474e-07
1190,0.013000000000000001,304.80715336620307,304.80715356528987,-1.9908679860236589e-07,2.5271133153613881,2.5271138845700412,-5.6920865310061686e-07
1190,0.014,305.00003730766878,305.00003753768948,-2.3002070292932331e-07,2.5035514032535611,2.5035517871715181,-3.8391795698089481e-07
1190,0.014999999999999999,305.20941237887041,305.20941263992574,-2.6105533379450208e-07,2.4618379453913417,2.4618378455781302,9.9813211473787078e-08
1190,0.016,305.43569046197337,305.4356907553514,-2.9337803653106675e-07,2.3932285813761371,2.3932277278703156,8.5350582157417421e-07
1190,0.017000000000000001,305.67930354749859,305.67930387559886,-3.2810027050800272e-07,2.2882701765042381,2.2882684956155908,1.6808886473818063e-06
1190,0.018000000000000002,305.94070819745599,305.94070856320337,-3.6574738260242157e-07,2.1387138363375113,2.1387115915179584,2.2448195529101156e-06
1190,0.019,306.22038987296509,306.22039027909597,-4.0613088003738085e-07,1.9398586498505832,1.9398564514751089,2.1983754743271078e-06
1190,0.02,306.51886567308122,306.5188661339501,-4.6086887550700339e-07,1.6925807225771745,1.6925793623672101,1.3602099644405286e-06
1200,0,303.69271902784766,303.69271897459151,5.3256144383340143e-08,2.5499999799477169,2.5499999802992317,-3.5151481725392841e-10
1200,0.001,303.699363753348,303.69936369912182,5.4226177326199831e-08,2.5499999622630214,2.5499999623680054,-1.0498402147618435e-10
1200,0.002,303.71931660987701,303.71931656012293,4.9754078190744622e-08,2.5499998682206648,2.549999868456414,-2.3574919794100424e-10
1200,0.0030000000000000001,303.75263357458471,303.75263353248033,4.2104375097551383e-08,2.5499994881559793,2.5499994888370332,-6.8105387995842648e-10
1200,0.0040000000000000001,303.79940770833417,303.79940767716334,3.1170827696769265e-08,2.5499980340304393,2.5499980360395145,-2.009075128484028e-09
1200,0.0050000000000000001,303.85976872245601,303.8597687056324,1.6823605619720183e-08,2.5499927712357322,2.5499927768826249,-5.6468927311925654e-09
1200,0.0060000000000000001,303.93388222483566,303.93388222585173,-1.0160761121369433e-09,2.54997488543655,2.5499749001906262,-1.4754076183010056e-08
1200,0.0070000000000000001,304.02194853620927,304.02194855850996,-2.2300696400634479e-08,2.5499180825618439,2.5499181179569597,-3.5395115727254733e-08
1200,0.0080000000000000002,304.12420099191309,304.1242010386963,-4.6783213747403352e-08,2.5497500087294056,2.5497500860014526,-7.7272046983267728e-08
1200,0.0090000000000000011,304.24090370798615,304.24090378196587,-7.3979720127681503e-08,2.5492875310250085,2.5492876831881048,-1.5216309634524805e-07
1200,0.01,304.37234889288248,304.37234899608382,-1.032013301482948e-07,2.5481054383484802,2.5481057056514711,-2.6730299085286902e-07
1200,0.010999999999999999,304.51885391455198,304.51885404822553,-1.3367355222726474e-07,2.5453006017653665,2.5453010137735319,-4.1200816536246521e-07
1200,0.012,304.68075845990967,304.68075862463337,-1.6472370134579251e-07,2.5391240731689475,2.5391246141150647,-5.4094611723343178e-07
1200,0.013000000000000001,304.85842220933523,304.85842240531605,-1.9598081735239248e-07,2.5265006420841254,2.5265012081836757,-5.6609955034758741e-07
1200,0.014,305.05222344828741,305.05222367577863,-2.2749122763343621e-07,2.5025489428599341,2.5025493183591254,-3.7549919129631348e-07
1200,0.014999999999999999,305.2625589181344,305.26255917781396,-2.5967955252781394e-07,2.4603344635590179,2.4603343531241193,1.1043489855921962e-07
1200,0.016,305.48984496518023,305.48984525835016,-2.9316993277461734e-07,2.3911661729547822,2.391165312844663,8.6011011912745516e-07
1200,0.017000000000000001,305.73451971942956,305.73452004797025,-3.2854069331733626e-07,2.2856906024328505,2.2856889252233397,1.6772095108308349e-06
1200,0.018000000000000002,305.99704570330226,305.99704606941089,-3.66108622529282e-07,2.1357860624369653,2.1357838334055512,2.2290314141137912e-06
1200,0.019,306.27791203811501,306.27791244400157,-4.058865670231171e-07,1.9368674598201852,1.936865284127224,2.1756929611260745e-06
1200,0.02,306.57763533289602,306.57763583357183,-5.006758101444575e-07,1.6898724220861434,1.6898710812633762,1.340822767259553e-06
1210,0,303.73773021837002,303.73773016450872,5.3861299420532305e-08,2.5499999767784671,2.5499999769724746,-1.9400747675035745e-10
1210,0.001,303.74441684450949,303.74441679087806,5.3631424634659197e-08,2.5499999566835987,2.5499999567834997,-9.9900976380240536e-11
1210,0.002,303.76449523589361,303.76449518697376,4.8919844175543403e-08,2.5499998507503565,2.5499998509990141,-2.4865753900371601e-10
1210,0.0030000000000000001,303.79802082835215,303.79802078739749,4.095466010767268e-08,2.549999427493177,2.5499994282270726,-7.3389561094927558e-10
1210,0.0040000000000000001,303.84508565518178,303.84508562549786,2.9683917546208249e-08,2.5499978265645016,2.5499978287232397,-2.1587380771848075e-09
1210,0.0050000000000000001,303.90581775538487,303.90581774031443,1.5070440895215143e-08,2.549992095523717,2.5499921015390838,-6.0153668712814579e-09
1210,0.0060000000000000001,303.98038025663146,303.98038025948534,-2.8538806873257272e-09,2.5499728183622978,2.549972833927868,-1.5565570166131693e-08
1210,0.0070000000000000001,304.06897007976107,304.0689701037017,-2.394062903476879e-08,2.5499121857796436,2.5499122227684334,-3.6988789808845013e-08
1210,0.0080000000000000002,304.1718162429699,304.17181629086576,-4.7895866828184808e-08,2.5497343887065571,2.549734468732165,-8.0025607918088326e-08
1210,0.0090000000000000011,304.28917780126528,304.28917787554798,-7.428269555020961e-08,2.5492492194419918,2.5492493756940391,-1.5625204730085329e-07
1210,0.01,304.42134153397404,304.42134163654606,-1.025720166580868e-07,2.548018606878268,2.5480188791739433,-2.722956753409278e-07
1210,0.010999999999999999,304.56861957547903,304.5686197077427,-1.3226366490926011e-07,2.5451190382462152,2.5451194547438876,-4.1649767235085733e-07
1210,0.012,304.73134724912615,304.73134741231479,-1.6318864481945639e-07,2.5387743012490072,2.5387748439031097,-5.4265410254217272e-07
1210,0.013000000000000001,304.90988137834194,304.90988157447458,-1.961326461241697e-07,2.5258806698759813,2.5258812327505402,-5.6287455896253391e-07
1210,0.014,305.1045992323709,305.104599464486,-2.3211509869724978e-07,2.501539276526648,2.5015396436161264,-3.6708947837027495e-07
1210,0.014999999999999999,305.31589767564265,305.31589794083732,-2.6519467155594612e-07,2.4588262056198515,2.4588260847262293,1.2089362222411637e-07
1210,0.016,305.54418981412846,305.54419009615339,-2.8202492785567301e-07,2.3891040346606967,2.389103168173802,8.664868946794968e-07
1210,0.017000000000000001,305.78989016584086,305.78989046248716,-2.9664630574188777e-07,2.283118100356031,2.2831164269453295,1.6734107015636823e-06
1210,0.018000000000000002,306.05336936867894,306.05336970849254,-3.398135959287174e-07,2.132871917665585,2.1328697042954823,2.213370102754908e-06
1210,0.019,306.33485750024363,306.33485786849008,-3.6824644666921813e-07,1.9338938958650833,1.9338917425724211,2.1532926621770088e-06
1210,0.02,306.63430411088268,306.63430443809682,-3.2721413845138159e-07,1.687179926753863,1.6871786006614944,1.3260923685809445e-06
1220,0,303.78302309241485,303.78302303961556,5.2799293825955829e-08,2.5499999731714871,2.5499999733722971,-2.0081003526684071e-10
1220,0.001,303.78975116894043,303.78975111642262,5.2517805215757107e-08,2.549999950386995,2.5499999504971815,-1.1018652656957784e-10
1220,0.002,303.8099536778987,303.80995363023459,4.7664116209489293e-08,2.5499998312932313,2.549999831566617,-2.7338575847579705e-10
1220,0.0030000000000000001,303.84368533015498,303.8436852906492,3.9505778204329545e-08,2.5499993607607245,2.5499993615595899,-7.9886541826112989e-10
1220,0.0040000000000000001,303.89103687775696,303.89103684970496,2.8051999834133312e-08,2.5499976009554937,2.5499976032795693,-2.3240755986364547e-09
1220,0.0050000000000000001,303.95213443899701,303.95213442565711,1.3339899851416703e-08,2.549991368609831,2.5499913750167051,-6.4068741423284337e-09
1220,0.0060000000000000001,304.02713851433737,304.02713851886756,-4.5301931095309556e-09,2.5499706169844742,2.5499706333952421,-1.6410767855745689e-08
1220,0.0070000000000000001,304.11624268115708,304.11624270654073,-2.5383656065969262e-08,2.5499059646042421,2.5499060032303014,-3.8626059239987853e-08
1220,0.0080000000000000002,304.21967198472021,304.21967203372537,-4.9005166147253476e-08,2.5497180522544567,2.5497181350768789,-8.2822422253769901e-08
1220,0.0090000000000000011,304.33768108559264,304.33768116079665,-7.5204013683105586e-08,2.5492094706728459,2.5492096310338401,-1.6036099426131045e-07
1220,0.01,304.47055226664315,304.47055237037029,-1.0372713177275728e-07,2.5479291762595357,2.547929453515398,-2.7725586226878818e-07
1220,0.010999999999999999,304.61859341097215,304.61859354459295,-1.3362080153456191e-07,2.5449332789991228,2.5449336998865837,-4.2088746088353446e-07
1220,0.012,304.78213595112936,304.78213611356438,-1.6243501477219979e-07,2.5384185748175896,2.538419119039466,-5.4422187645286613e-07
1220,0.013000000000000001,304.96153238367566,304.96153257161421,-1.879385536085465e-07,2.5252534661838326,2.5252540257287124,-5.595448797635072e-07
1220,0.014,305.15715197023138,305.15715218363493,-2.1340355260690558e-07,2.5005225256362817,2.500522884334849,-3.5869856729320304e-07
1220,0.014999999999999999,305.36937150738243,305.36937175660222,-2.4921979502323666e-07,2.4573133166364651,2.4573131854521306,1.3118433450642897e-07
1220,0.016,305.5985559267819,305.59855622848033,-3.0169843512339867e-07,2.3870422756065941,2.3870414029712625,8.726353315502422e-07
1220,0.017000000000000001,305.84502263813147,305.84502298902311,-3.508916393002437e-07,2.2805526796281548,2.2805510101362505,1.6694919042770096e-06
1220,0.018000000000000002,306.10898669529826,306.1089870451874,-3.4988914876521449e-07,2.1299712879001103,2.1299690900770867,2.197823023575296e-06
1220,0.019,306.39049277696199,306.39049305948504,-2.8252304673515027e-07,1.930937738092275,1.9309356069644497,2.1311278253222099e-06
1220,0.02,306.68935197594243,306.689352183474,-2.0753157059516525e-07,1.6845032800183732,1.6845019712372169,1.308781156339478e-06
1230,0,303.82859420198304,303.82859415063336,5.1349672958167503e-08,2.5499999690752873,2.5499999692836237,-2.0833645919537958e-10
1230,0.001,303.83536316087077,303.83536310983152,5.103925104776863e-08,2.5499999432952865,2.5499999434167662,-1.2147971517606493e-10
1230,0.002,303.85568804717377,303.8556880010637,4.6110073981253663e-08,2.5499998096621161,2.549999809962284,-3.0016789054343462e-10
1230,0.0030000000000000001,303.88962275174015,303.88962271388402,3.7856125345570035e-08,2.5499992874682973,2.5499992883366414,-8.6834406332059189e-10
1230,0.0040000000000000001,303.93725662983633,303.9372566035172,2.631912821016158e-08,2.5499973559622902,2.5499973584611038,-2.4988136004822081e-09
1230,0.0050000000000000001,303.99871380041526,303.99871378886246,1.155279960585176e-08,2.5499905875790967,2.5499905943951444,-6.8160477262324548e-09
1230,0.0060000000000000001,304.07415215992802,304.07415216628283,-6.354810011544032e-09,2.5499682750865245,2.5499682923712932,-1.7284768727421351e-08
1230,0.0070000000000000001,304.1637621203119,304.16376214754365,-2.7231749299971852e-08,2.5498994072166803,2.549899447518678,-4.0301997739078388e-08
1230,0.0080000000000000002,304.26776509409143,304.26776514478854,-5.0697110509645427e-08,2.549700979791508,2.5497010654485792,-8.5657071213773861e-08
1230,0.0090000000000000011,304.38641174784561,304.38641182384708,-7.6001470006303862e-08,2.5491682574984931,2.5491684219824946,-1.6448400153024068e-07
1230,0.01,304.51997999165587,304.51998009376325,-1.0210737855231855e-07,2.5478371173817309,2.5478373995596639,-2.8217793301976712e-07
1230,0.010999999999999999,304.66877250351359,304.66877263188866,-1.283750634684111e-07,2.5447433071064531,2.5447437322802045,-4.2517375131723156e-07
1230,0.012,304.83311322292542,304.83311337870066,-1.5577523981846753e-07,2.5380569100364121,2.5380574556850721,-5.4564866003303791e-07
1230,0.013000000000000001,305.01334163425383,305.01334182160201,-1.8734817786025815e-07,2.5246190987864487,2.52461965489828,-5.5611183125137131e-07
1230,0.014,305.20980287465238,305.20980310030046,-2.2564807977687451e-07,2.4994988102252895,2.4994991605520247,-3.5032673517676471e-07
1230,0.014999999999999999,305.42283107834083,305.42283134614723,-2.678063992789248e-07,2.4557959386381842,2.4557957973271471,1.4131103709402737e-07
1230,0.016,305.65272354787669,305.65272385133392,-3.0345722734637093e-07,2.3849810014148143,2.3849801228511751,8.7856363917282465e-07
1230,0.017000000000000001,305.8997050472945,305.89970536542353,-3.1812902534511522e-07,2.2779943479211373,2.2779926824587031,1.6654624341860824e-06
1230,0.018000000000000002,306.16388498362005,306.16388528476978,-3.0114972560113529e-07,2.127084060723234,2.1270818783336365,2.1823895974826257e-06
1230,0.019,306.44521465946099,306.44521491480162,-2.553406375227496e-07,1.9279987274010142,1.9279966181691612,2.1092318529536414e-06
1230,0.02,306.74345516737617,306.7434553681797,-2.0080352669538115e-07,1.6818426974284921,1.6818414060662037,1.2913622884358489e-06
1240,0,303.87443950606269,303.87443945648113,4.9581558414502069e-08,2.5499999644334301,2.5499999646500715,-2.166413715087856e-10
1240,0.001,303.88124872354018,303.88124867428547,4.9254708756052423e-08,2.5499999353237186,2.5499999354575666,-1.3384804375959902e-10
1240,0.002,303.90169410320107,303.90169405892169,4.427937483342248e-08,2.5499997856560896,2.5499997859852122,-3.2912250702565871e-10
1240,0.0030000000000000001,303.93582868689305,303.93582865093214,3.5960908917331835e-08,2.5499992070961697,2.5499992080387113,-9.4254160032392065e-10
1240,0.0040000000000000001,303.98374041188941,303.98374038752263,2.4366784145968268e-08,2.5499970902849003,2.5499970929681579,-2.6832576160984445e-09
1240,0.0050000000000000001,304.04555141364671,304.04555140403289,9.6138137450907379e-09,2.5499897494126698,2.5499897566559118,-7.2432420061829816e-09
1240,0.0060000000000000001,304.1214170519724,304.12141706005036,-8.0779614108905662e-09,2.5499657863000498,2.5499658044878317,-1.8187781947176518e-08
1240,0.0070000000000000001,304.21152465576409,304.21152468411088,-2.8346789804345462e-08,2.5498925016372809,2.5498925436535869,-4.2016305989989178e-08
1240,0.0080000000000000002,304.31609195503393,304.31609200575298,-5.0719052069325699e-08,2.5496831516817107,2.5496832402100997,-8.8528389063924351e-08
1240,0.0090000000000000011,304.43536509864344,304.43536517343159,-7.4788147230719915e-08,2.549125552943277,2.5491257215624028,-1.6861912577326166e-07
1240,0.01,304.56961601087721,304.5696161114148,-1.0053759069705848e-07,2.547742401852839,2.5477426889129164,-2.8706007748624529e-07
1240,0.010999999999999999,304.71913859342038,304.71913872201327,-1.2859288744948572e-07,2.5445491068079011,2.544549536164328,-4.2935642685648645e-07
1240,0.012,304.88424293702258,304.88424309701151,-1.599889287717815e-07,2.5376893242095528,2.5376898711466245,-5.4693707163266936e-07
1240,0.013000000000000001,305.06524634460391,305.06524653969484,-1.9509093363012653e-07,2.5239776357463808,2.5239781883262524,-5.5257987163770395e-07
1240,0.014,305.2624597601303,305.26245999201888,-2.3188857767308946e-07,2.4984682489757626,2.4984685909529381,-3.41977175466468e-07
1240,0.014999999999999999,305.47616840649096,305.47616867156523,-2.6507427719479892e-07,2.4542742106799063,2.4542740594051127,1.5127479358056917e-07
1240,0.016,305.70660631649861,305.70660660371954,-2.8722092793032061e-07,2.3829203143286288,2.3829194300516692,8.8427695965620501e-07
1240,0.017000000000000001,305.9539260711361,305.95392636249971,-2.9136361945347744e-07,2.2754431113727422,2.2754414500449878,1.6613277544763605e-06
1240,0.018000000000000002,306.21816716040797,306.2181674342263,-2.7381832978790044e-07,2.12421012422777,2.1242079571645638,2.1670632062154027e-06
1240,0.019,306.499228283712,306.49922851949066,-2.3577865704282885e-07,1.9250766021826047,1.9250745145048767,2.0876777280243175e-06
1240,0.02,306.79684972862327,306.79684991672207,-1.8809879520631512e-07,1.6791981079986436,1.6791968339261691,1.2740724744109144e-06
1250,0,303.92055473340042,303.9205546858667,4.75337174066226e-08,2.5499999591841718,2.5499999594099552,-2.2578339198275899e-10
1250,0.001,303.92740357227916,303.92740352507468,4.72044803245808e-08,2.5499999263802557,2.5499999265276236,-1.4736789566427433e-10
1250,0.002,303.94796753316012,303.9479674909266,4.2233523345203139e-08,2.549999759059792,2.54999975942017,-3.6037794970411596e-10
1250,0.0030000000000000001,303.98229880876721,303.98229877480657,3.3960645851038862e-08,2.5499991190941644,2.5499991201158334,-1.021668971645795e-09
1250,0.0040000000000000001,304.0304839186777,304.03048389616856,2.2509141217597062e-08,2.5499968025631987,2.5499968054409292,-2.8777304983407248e-09
1250,0.0050000000000000001,304.09264299889838,304.0926429908435,8.0548829828330781e-09,2.5499888509871074,2.5499888586759272,-7.6888198030644617e-09
1250,0.0060000000000000001,304.1689287811173,304.16892879029035,-9.1730498752440326e-09,2.5499631441063362,2.5499631632263395,-1.9120003358352733e-08
1250,0.0070000000000000001,304.25952520769005,304.25952523662755,-2.8937506613146979e-08,2.5498852357315727,2.5498852795002169,-4.3768644264474688e-08
1250,0.0080000000000000002,304.36464556496634,304.36464561604902,-5.1082679419778287e-08,2.5496645482455662,2.5496646396807754,-9.1435209181867094e-08
1250,0.0090000000000000011,304.48452990960658,304.48452998523629,-7.5629714046954177e-08,2.549081330286521,2.5490815030509903,-1.7276446939717971e-07
1250,0.01,304.61944140387584,304.61944150665624,-1.0278040463163052e-07,2.5476450020007411,2.5476452939013332,-2.9190059214201369e-07
1250,0.010999999999999999,304.76966098040958,304.76966111312106,-1.3271147736304556e-07,2.5443506634793422,2.5443510969148191,-4.3343547684315809e-07
1250,0.012,304.93547957308647,304.93547973820404,-1.6511756939507904e-07,2.5373158357388155,2.5373163838285686,-5.4808975313846986e-07
1250,0.013000000000000001,305.11718706916855,305.11718726777298,-1.9860442534991307e-07,2.5233291453641886,2.523329694317531,-5.4895334233862059e-07
1250,0.014,305.31505728051411,305.31505751078032,-2.3026620965538314e-07,2.497430959208641,2.4974312928615721,-3.3365293106157878e-07
1250,0.014999999999999999,305.52932871213903,305.52932896802031,-2.5588127527953475e-07,2.452748268899426,2.4527481078226963,1.6107672973220133e-07
1250,0.016,305.76018176593891,305.76018203667036,-2.7073144792666426e-07,2.3808603133250124,2.3808594235446208,8.8978039158860156e-07
1250,0.017000000000000001,306.00771415710295,306.00771442782082,-2.7071786234955653e-07,2.2728989746794341,2.2728973175867191,1.6570927150461046e-06
1250,0.018000000000000002,306.27191747416794,306.27191772764479,-2.5347685550514143e-07,2.121349365464718,2.1213472136273959,2.1518373221063314e-06
1250,0.019,306.55265859360918,306.55265881244338,-2.1883420231461059e-07,1.92217112151514,1.9221690550517367,2.0664634032829809e-06
1250,0.02,306.84966968431797,306.84966985933431,-1.7501633919891901e-07,1.6765693791571281,1.6765681221938213,1.2569633067727182e-06
1260,0,303.96693557571268,303.9669355303032,4.5409478843794204e-08,2.5499999532600786,2.5499999534959188,-2.358402362290235e-10
1260,0.001,303.97382339546272,303.97382335035638,4.5106332891009515e-08,2.5499999163651306,2.5499999165272618,-1.6213119735652981e-10
1260,0.002,303.99450400989701,303.99450396967904,4.0217969399236608e-08,2.5499997296427179,2.5499997300367943,-3.9407632712595841e-10
1260,0.0030000000000000001,304.0290287365973,304.02902870450578,3.2091520552057773e-08,2.549999022880602,2.5499990239865555,-1.105953550961658e-09
1260,0.0040000000000000001,304.07748260385648,304.07748258301393,2.0842549020017032e-08,2.5499964913756958,2.5499964944582483,-3.082552435529351e-09
1260,0.0050000000000000001,304.13998356814437,304.13998356154701,6.5973608798230998e-09,2.5499878890737513,2.5499878972268748,-8.1531235096576893e-09
1260,0.0060000000000000001,304.21668134224012,304.21668135276411,-1.0523990567889996e-08,2.549960341838009,2.5499603619196076,-2.008159860622527e-08
1260,0.0070000000000000001,304.30775572431099,304.30775575474729,-3.0436297038249904e-08,2.5498775972162977,2.5498776427749581,-4.5558660399791506e-08
1260,0.0080000000000000002,304.41341424093451,304.41341429403758,-5.3103065056347987e-08,2.5496451497708112,2.5496452441471509,-9.4376339632162853e-08
1260,0.0090000000000000011,304.53388881353948,304.53388889203876,-7.8499283517885488e-08,2.5490355630734993,2.5490357399916683,-1.769181690036703e-07
1260,0.01,304.66943103963678,304.66943114612496,-1.064881871570833e-07,2.5475448908738367,2.5475451875716826,-2.9669784584740455e-07
1260,0.010999999999999999,304.82030557695583,304.82030571356648,-1.3661065167980269e-07,2.5441479636114526,2.5441484010224111,-4.3741095856475454e-07
1260,0.012,304.98678107962837,304.98678124745663,-1.678282615102944e-07,2.5369364640801022,2.5369370131894651,-5.4910936286844958e-07
1260,0.013000000000000001,305.16911822407076,305.16911842238233,-1.9831156805594219e-07,2.5226736961347891,2.5226742413712779,-5.452364888469674e-07
1260,0.014,305.3675546375153,305.36755486291935,-2.2540405097970506e-07,2.4963870568785476,2.4963873822354237,-3.2535687610746322e-07
1260,0.014999999999999999,305.5822870316419,305.58228727750054,-2.4585864366599708e-07,2.4512182465742711,2.451218075856239,1.7071803215529258e-07
1260,0.016,305.81345151276582,305.81345176906046,-2.5629464062149054e-07,2.3788010942273012,2.3788001991483263,8.9507897493845689e-07
1260,0.017000000000000001,306.06110377360409,306.06110402736397,-2.5375987888764939e-07,2.270361941120989,2.2703602883595408,1.6527614481454123e-06
1260,0.018000000000000002,306.32520148449186,306.32520172077494,-2.3628308554179966e-07,2.1185016699589401,2.1184995332477579,2.1367111822101492e-06
1260,0.019,306.60559148256186,306.60559168581381,-2.0325194327597274e-07,1.9192820627041449,1.9192800171328457,2.0455712992362152e-06
1260,0.02,306.90200415377706,306.90200430064209,-1.4686503391203587e-07,1.6739563541888054,1.6739551141286462,1.2400601592243987e-06
1270,0,304.01357762770755,304.0135775866359,4.1071643863688223e-08,2.5499999465876422,2.5499999468812713,-2.936291210176023e-10
1270,0.001,304.0205037538546,304.02050371103093,4.2823671719816048e-08,2.5499999051703601,2.5499999053527036,-1.8234347365364556e-10
1270,0.002,304.04129897038985,304.04129893233954,3.8050302464398555e-08,2.5499996971585066,2.5499996975916797,-4.3317305298273823e-10
1270,0.0030000000000000001,304.07601362226768,304.07601359225072,3.0016963137313724e-08,2.5499989178412505,2.5499989190390986,-1.1978480429775118e-09
1270,0.0040000000000000001,304.12473103833679,304.12473101951338,1.882341393866227e-08,2.5499961552383406,2.5499961585382591,-3.2999185606286119e-09
1270,0.0050000000000000001,304.18756660636814,304.18756660182078,4.5473598220269196e-09,2.5499868603381906,2.5499868689763248,-8.6381342079278056e-09
1270,0.0060000000000000001,304.26466635449765,304.26466636724098,-1.2743328170472523e-08,2.5499573726808422,2.5499573937550193,-2.1074177070090627e-08
1270,0.0070000000000000001,304.35620489045215,304.35620492343526,-3.2983109576889547e-08,2.5498695736654766,2.549869621052772,-4.7387295420975306e-08
1270,0.0080000000000000002,304.4623824794682,304.46238253554395,-5.6075748489092803e-08,2.5496249365229393,2.5496250338747415,-9.7351802175182911e-08
1270,0.0090000000000000011,304.58342096580174,304.58342104762147,-8.1819734987220727e-08,2.5489882251258607,2.5489884062053734,-1.8107951271773004e-07
1270,0.01,304.71955817893547,304.7195582887208,-1.0978533282468561e-07,2.5474420422409625,2.547442343692309,-3.0145134655157335e-07
1270,0.010999999999999999,304.87104044248014,304.87104058161526,-1.3913512475483003e-07,2.5439409947881475,2.5439414360721733,-4.41284025765043e-07
1270,0.012,305.03811285823843,305.03811302657306,-1.6833462268550647e-07,2.5365512297008421,2.5365517797003494,-5.4999950727108171e-07
1270,0.013000000000000001,305.22100721763201,305.2210074124942,-1.9486219571263064e-07,2.5220113567058964,2.5220118981402573,-5.414343609011496e-07
1270,0.014,305.41992782376224,305.41992804050801,-2.1674577510566451e-07,2.4953366565700392,2.4953369736626927,-3.1709265346790971e-07
1270,0.014999999999999999,305.63503678196639,305.63503701853591,-2.3656951952943928e-07,2.4496842741782001,2.4496840939791431,1.8019905700938921e-07
1270,0.016,305.86644456778282,305.8664448195654,-2.5178258056257619e-07,2.3767427498146318,2.3767418496378898,9.0017674203579645e-07
1270,0.017000000000000001,306.11422301860119,306.11422326345445,-2.4485325411660597e-07,2.2678320125169722,2.2678303641806035,1.6483363687314068e-06
1270,0.018000000000000002,306.37847610113425,306.37847633696271,-2.3582845187775092e-07,2.1156669223056364,2.1156648006189496,2.1216866867845852e-06
1270,0.019,306.65950725516325,306.65950754211349,-2.8695023956970545e-07,1.9164092162247968,1.9164071912408331,2.0249839636221623e-06
1270,0.02,306.95806890309666,306.95806933880351,-4.3570685193117242e-07,1.6713593067697787,1.6713580846224878,1.2221472909246245e-06
1280,0,304.06047608279988,304.06047604395246,3.8847417727083666e-08,2.5499999390868648,2.5499999393925821,-3.0571722930972101e-10
1280,0.001,304.06743974950848,304.06743970890756,4.0600923512101872e-08,2.5499998926792613,2.5499998928791081,-1.9984680577067593e-10
1280,0.002,304.08834721520532,304.08834717938089,3.5824427868647035e-08,2.5499996613442053,2.5499996618163716,-4.7216630605362298e-10
1280,0.0030000000000000001,304.12324767329949,304.12324764553563,2.7763860543927876e-08,2.549998803328287,2.5499988046213971,-1.2931100634716586e-09
1280,0.0040000000000000001,304.17222241480192,304.17222239831113,1.6490787402290152e-08,2.5499957926033723,2.5499957961297466,-3.5263743036750839e-09
1280,0.0050000000000000001,304.23538370830659,304.23538370624686,2.0597212824213784e-09,2.5499857613398418,2.5499857704807289,-9.1408871583098517e-09
1280,0.0060000000000000001,304.3128730797921,304.31287309525038,-1.5458283542102436e-08,2.5499542296756781,2.549954251770596,-2.2094917895287836e-08
1280,0.0070000000000000001,304.40485882926521,304.40485886519326,-3.5928053421230288e-08,2.5498611525165416,2.5498612017680005,-4.9251458911214741e-08
1280,0.0080000000000000002,304.51153256849085,304.51153262754696,-5.9056105783383828e-08,2.5496038887555357,2.5496039891134865,-1.003579508385144e-07
1280,0.0090000000000000011,304.63310452390851,304.63310460819014,-8.4281623458082322e-08,2.5489392905514721,2.5489394757959047,-1.852444326821967e-07
1280,0.01,304.76979734876119,304.76979745964968,-1.1088849305451731e-07,2.5473364305906165,2.547336736748119,-3.0615750246099083e-07
1280,0.010999999999999999,304.92183829046246,304.92183842913886,-1.3867639836462331e-07,2.5437297456648928,2.5437301907177949,-4.4505290208718407e-07
1280,0.012,305.08944990876626,305.08945007721405,-1.6844779793245834e-07,2.5361601540384457,2.536160704799395,-5.5076094929162878e-07
1280,0.013000000000000001,305.27284044188161,305.27284064146653,-1.9958491748184315e-07,2.5213421958384368,2.521342733387574,-5.3754913720283071e-07
1280,0.014,305.47219684735904,305.47219707169131,-2.2433226831708453e-07,2.4942798714953089,2.4942801803563324,-3.0886102342364552e-07
1280,0.014999999999999999,305.6876868414497,305.68768706951641,-2.2806671040598303e-07,2.4481464794376402,2.4481462899146873,1.8952295288698906e-07
1280,0.016,305.91948019516275,305.91948040570674,-2.1054398757769377e-07,2.3746853699249719,2.3746844648445977,9.0508037420278242e-07
1280,0.017000000000000001,306.16780113333976,306.16780134019484,-2.0685507706730277e-07,2.2653091891566222,2.2653075453340659,1.6438225562964703e-06
1280,0.018000000000000002,306.43301789124405,306.43301815007959,-2.5883554144456866e-07,2.1128450070404758,2.1128429002705924,2.106769883436499e-06
1280,0.019,306.71575916055247,306.71575953683237,-3.7627989968314068e-07,1.9135523857868235,1.9135503810813734,2.0047054500871297e-06
1280,0.02,307.01702547200267,307.01702601654165,-5.4453897746498114e-07,1.6687779795808759,1.6687767742840098,1.2052968660913876e-06
1290,0,304.10762533128053,304.10762529492331,3.6357221233629389e-08,2.549999930670837,2.5499999309897765,-3.1893954144379677e-10
1290,0.001,304.11462562413334,304.11462558603534,3.8097994092822773e-08,2.5499998787659393,2.5499998789847966,-2.1885737666593741e-10
1290,0.002,304.13564251888312,304.13564248560209,3.3281025935139041e-08,2.5499996219195298,2.5499996224335515,-5.1402171408199138e-10
1290,0.0030000000000000001,304.17072381919638,304.17072379404641,2.5149972771032481e-08,2.5499986786592488,2.5499986800534549,-1.3942060839156056e-09
1290,0.0040000000000000001,304.21994835902115,304.21994834522968,1.3791463970846962e-08,2.5499954018582067,2.5499954056223242,-3.7641174621683149e-09
1290,0.0050000000000000001,304.28342466573713,304.28342466642277,-6.8564531829906628e-10,2.5499845885316077,2.5499845981949489,-9.663341238308476e-09
1290,0.0060000000000000001,304.36128893257114,304.36128895067276,-1.810161620596773e-08,2.549950905720479,2.5499509288658762,-2.3145397154422653e-08
1290,0.0070000000000000001,304.4537021526574,304.45370219088318,-3.822577809842187e-08,2.549852321076489,2.5498523722285422,-5.1152053259784225e-08
1290,0.0080000000000000002,304.56084625368692,304.56084631459782,-6.0910906540811993e-08,2.5495819867203879,2.5495820901151771,-1.0339478917487099e-07
1290,0.0090000000000000011,304.68291911698157,304.68291920326271,-8.6281147559930105e-08,2.5488887337537545,2.5488889231660568,-1.8941230228719519e-07
1290,0.01,304.82012853610723,304.82012865067827,-1.145710371019959e-07,2.5472280311296305,2.5472283419456114,-3.108159809528388e-07
1290,0.010999999999999999,304.97268557921495,304.97268572423383,-1.4501887335427455e-07,2.5435142059470026,2.5435146546658896,-4.4871888693620576e-07
1290,0.012,305.14079860542557,305.14079877942504,-1.7399946727891802e-07,2.5357632594598729,2.5357638108571745,-5.5139730159581291e-07
1290,0.013000000000000001,305.32467043259544,305.32467062724055,-1.9464511069600121e-07,2.5206662823688801,2.5206668159545376,-5.3358565743621966e-07
1290,0.014,305.52450270776217,305.52450290875834,-2.0099616904190043e-07,2.493216813493031,2.4932171141583654,-3.0066533440731291e-07
1290,0.014999999999999999,305.74051276654751,305.74051296278242,-1.9623490743470029e-07,2.446604987387667,2.4466047886974867,1.9869018030860275e-07
1290,0.016,305.97296801308534,305.97296821123251,-1.9814717688859673e-07,2.3726290415485742,2.3726281317549924,9.0979358180476311e-07
1290,0.017000000000000001,306.22223979659373,306.22224002746304,-2.3086931832949631e-07,2.262793469750759,2.2627918305285899,1.6392221691141629e-06
1290,0.018000000000000002,306.48887242817841,306.48887273566783,-3.0748941526326234e-07,2.1100358093804341,2.1100337174173758,2.0919630583371429e-06
1290,0.019,306.7736548704292,306.77365529367893,-4.2324973037466407e-07,1.9107113937431359,1.9107094090331807,1.9847099552716685e-06
1290,0.02,307.07767636519247,307.07767694344693,-5.7825445765047334e-07,1.6662120670359721,1.666210878258783,1.1887771891316845e-06
1300,0,304.15501863043426,304.15501859687458,3.3559672374394722e-08,2.5499999212452993,2.5499999215786673,-3.333679998718253e-10
1300,0.001,304.16205444980335,304.16205441451223,3.5291122912894934e-08,2.5499998632947674,2.549999863534246,-2.3947865912532507e-10
1300,0.002,304.18317738851755,304.18317735806335,3.0454202715191059e-08,2.5499995785861151,2.5499995791450099,-5.5889470829129095e-10
1300,0.0030000000000000001,304.21843360137598,304.21843357906295,2.2313031422527274e-08,2.5499985431160073,2.5499985446173641,-1.5013568166466484e-09
1300,0.0040000000000000001,304.26789903636734,304.2678990253948,1.0972541986120632e-08,2.5499949813243754,2.5499949853378281,-4.0134526813062621e-09
1300,0.0050000000000000001,304.33167790336995,304.33167790685076,-3.4808067539415788e-09,2.5499833382596417,2.5499833484654415,-1.0205799760854006e-08
1300,0.0060000000000000001,304.40990041253832,304.40990043352713,-2.0988807136745891e-08,2.5499473935725039,2.5499474177981911,-2.4225687234036286e-08
1300,0.0070000000000000001,304.50271970830335,304.50271974983218,-4.1528835481585702e-08,2.54984306652808,2.5498431196166922,-5.3088612173013416e-08
1300,0.0080000000000000002,304.61030799020619,304.61030805521835,-6.5012159211619291e-08,2.5495592106773866,2.5495593171384923,-1.0646110570888823e-07
1300,0.0090000000000000011,304.73285198210129,304.73285207305423,-9.0952937625843333e-08,2.5488365294404565,2.5488367230218509,-1.9358139446978839e-07
1300,0.01,304.87054824290499,304.87054836083905,-1.1793406429205788e-07,2.5471168197811718,2.5471171352066397,-3.1542546796714532e-07
1300,0.010999999999999999,305.02359934904428,305.02359949227883,-1.4323455843623378e-07,2.5432943663678098,2.5432948186501569,-4.5228234712979543e-07
1300,0.012,305.19221270392467,305.19221286728333,-1.6335866348526906e-07,2.5353605692221723,2.5353611211333749,-5.5191120251762982e-07
1300,0.013000000000000001,305.37660449647814,305.37660467250038,-1.7602224033907987e-07,2.5199836851733997,2.5199842147211249,-5.2954772522539884e-07
1300,0.014,305.57701180927978,305.57701199226085,-1.8298106851943885e-07,2.4921475930285846,2.4921478855364798,-2.925078952387139e-07
1300,0.014999999999999999,305.79371557956341,305.79371577140961,-1.9184619759471389e-07,2.445059920427811,2.4450597127256577,2.0770215325427444e-07
1300,0.016,306.02707557061319,306.02707578523683,-2.1462363974933396e-07,2.3705738489114245,2.3705729345906157,9.1432080884246147e-07
1300,0.017000000000000001,306.27757556571925,306.27757582816122,-2.6244197215419263e-07,2.260284851429371,2.2602832168908775,1.6345384934446372e-06
1300,0.018000000000000002,306.54587314034541,306.54587348092042,-3.4057501352435793e-07,2.1072392159133395,2.1072371386437529,2.0772695865645119e-06
1300,0.019,306.83284482240543,306.83284526963604,-4.4723060454998631e-07,1.9078860695120579,1.9078841045419546,1.9649701032964373e-06
1300,0.02,307.13961580974632,307.13961640258714,-5.9284081999066984e-07,1.6636613476065589,1.663660175072565,1.1725339938983836e-06
1310,0,304.20264795131425,304.20264792081622,3.0498028991132742e-08,2.5499999107081761,2.5499999110572804,-3.4910430102286227e-10
1310,0.001,304.20971800813646,304.20971797591216,3.222430677851662e-08,2.549999846119845,2.5499998463816591,-2.6181412593473397e-10
1310,0.002,304.23094304617405,304.23094301880894,2.7365103960619308e-08,2.5499995310267494,2.5499995316336896,-6.0694027581575938e-10
1310,0.0030000000000000001,304.26636735030428,304.26636733114151,1.9162769149261294e-08,2.5499983959437382,2.5499983975585523,-1.614814060246772e-09
1310,0.0040000000000000001,304.31606365953286,304.31606365185121,7.6816490945930127e-09,2.5499945292565065,2.5499945335312018,-4.274695264427919e-09
1310,0.0050000000000000001,304.38013153737347,304.3801315444008,-7.0273245000862516e-09,2.5499820067632073,2.5499820175317631,-1.0768555824824944e-08
1310,0.0060000000000000001,304.45869506856144,304.45869509341844,-2.4857001790223876e-08,2.5499436858505873,2.5499437111864358,-2.5335848530261273e-08
1310,0.0070000000000000001,304.55189993657291,304.55189998209278,-4.5519868763221893e-08,2.5498333759360663,2.549833430996717,-5.5060650705485159e-08
1310,0.0080000000000000002,304.65991007312641,304.6599101414804,-6.8353983806446195e-08,2.5495355409042064,2.5495356504598861,-1.0955567963932822e-07
1310,0.0090000000000000011,304.78290430871539,304.78290440084498,-9.2129596396262059e-08,2.5487826526319242,2.5487828503819383,-1.9775001414146232e-07
1310,0.01,304.92107380265469,304.92107391769883,-1.150441448771744e-07,2.5470027731822329,2.5470030931669503,-3.1998471738958756e-07
1310,0.010999999999999999,305.07462146340276,305.07462159853634,-1.3513357544070459e-07,2.543070218666859,2.5430706744105764,-4.557437174312895e-07
1310,0.012,305.24376499095393,305.24376514215925,-1.5120531315915287e-07,2.5349521074340702,2.5349526597393712,-5.5230530104921627e-07
1310,0.013000000000000001,305.42874541001174,305.42874557405895,-1.6404720781793003e-07,2.5192944731337796,2.5192949985728257,-5.2543904605073521e-07
1310,0.014,305.6298427845233,305.62984296181173,-1.7728842749420437e-07,2.4910723191954043,2.4910726035862965,-2.8439089216902858e-07
1310,0.014999999999999999,305.84739999422874,305.84740019147165,-1.97242911781359e-07,2.4435113983770003,2.4435111818166604,2.1656033988293188e-07
1310,0.016,306.08185392785862,306.08185415923623,-2.3137761218094965e-07,2.3685198735496642,2.3685189548833252,9.1866633900039574e-07
1310,0.017000000000000001,306.33377137460644,306.3337716606074,-2.8600095447472995e-07,2.2577833297853069,2.2577817000102507,1.629775056244398e-06
1310,0.018000000000000002,306.60388475313408,306.60388511759049,-3.6445641171667376e-07,2.1044551152434914,2.1044530525513214,2.0626921699573586e-06
1310,0.019,306.89312130812669,306.89312177474631,-4.6661961050631362e-07,1.9050762422058796,1.9050742967286165,1.9454772630655981e-06
1310,0.02,307.20261922118095,307.20261982762224,-6.0644129007414449e-07,1.6611256201980478,1.6611244636525002,1.1565455475537334e-06
1320,0,304.25050409744324,304.25050407053209,2.6911152417596895e-08,2.5499998989491095,2.5499998993153388,-3.6622926913310039e-10
1320,0.001,304.25760696032876,304.25760693172651,2.8602244128705934e-08,2.5499998270844482,2.5499998273704172,-2.8596902623689857e-10
1320,0.002,304.27892976298324,304.27892973934286,2.3640382096346002e-08,2.5499994789046054,2.5499994795629233,-6.5831784468173282e-10
1320,0.0030000000000000001,304.31451482504991,304.31451480976477,1.5285138488252414e-08,2.5499982363499076,2.5499982380847119,-1.7348043002129998e-09
1320,0.0040000000000000001,304.36443161201385,304.36443160834995,3.6638994060922414e-09,2.5499940438413473,2.5499940483894989,-4.5481516330880822e-09
1320,0.0050000000000000001,304.42877516959817,304.42877518062141,-1.1023246315744473e-08,2.5499805901746257,2.5499806015265087,-1.1351882989174555e-08
1320,0.0060000000000000001,304.5076640379088,304.50766406631658,-2.8407782792783109e-08,2.5499397750375321,2.549939801513442,-2.6475909908896256e-08
1320,0.0070000000000000001,304.60123783309695,304.60123788096502,-4.7868070396361873e-08,2.5498232362534146,2.5498232933210709,-5.7067656378251286e-08
1320,0.0080000000000000002,304.70965484882356,304.70965491731101,-6.8487452153931372e-08,2.5495109577057469,2.5495110703830353,-1.1267728838859625e-07
1320,0.0090000000000000011,304.83309025802629,304.83309034714568,-8.911939630706911e-08,2.5487270786688505,2.5487272805853642,-2.0191651373124841e-07
1320,0.01,304.9717357651225,304.97173587375119,-1.0862868293770589e-07,2.5468858686805631,2.5468861931731217,-3.2449255860100834e-07
1320,0.010999999999999999,305.12580181308243,305.12580193940363,-1.2632119705813238e-07,2.5428417555681224,2.542842214671603,-4.5910348056565908e-07
1320,0.012,305.29552359366551,305.2955237361474,-1.4248189472709782e-07,2.5345378990185914,2.5345384516008083,-5.5258221687282116e-07
1320,0.013000000000000001,305.48117202063531,305.481172179456,-1.5882068282735418e-07,2.5185987151050218,2.5185992363682419,-5.2126322014345305e-07
1320,0.014,305.6830703888939,305.68307056750751,-1.7861361811810639e-07,2.489991099717471,2.4899913760338404,-2.7631636934088988e-07
1320,0.014999999999999999,305.90161659886246,305.90161680523352,-2.0637105535570299e-07,2.4419595385273496,2.4419593132611288,2.2526622078800074e-07
1320,0.016,306.13730962980418,306.13730987683505,-2.4703086864974466e-07,2.3664671943778162,2.3664662715435125,9.2283430364048513e-07
1320,0.017000000000000001,306.39077759949225,306.39077790462585,-3.0513359661199502e-07,2.2552888989586166,2.2552872740230354,1.6249355812014699e-06
1320,0.018000000000000002,306.66280358187259,306.66280396812118,-3.8624858689217945e-07,2.1016833982321317,2.1016813500007094,2.0482314222469711e-06
1320,0.019,306.95434473230137,306.95434525906245,-5.2676108452942572e-07,1.9022817408333406,1.9022798146051387,1.9262282018317478e-06
1320,0.02,307.2665402314849,307.26654143962725,-1.2081423506060673e-06,1.6586046941326986,1.6586035530942622,1.1410384364030079e-06
1330,0,304.29857722775631,304.29857720333217,2.4424139155598823e-08,2.5499998858489668,2.5499998863647191,-5.1575232973277707e-10
1330,0.001,304.30571143488686,304.30571141024302,2.4643838969495846e-08,2.5499998060204598,2.5499998063440739,-3.2361402446667853e-10
1330,0.002,304.32712763874616,304.32712761909448,1.9651679394883104e-08,2.5499994218624571,2.5499994225835612,-7.2110406534875438e-10
1330,0.0030000000000000001,304.36286629427065,304.36286628289997,1.1370673291821731e-08,2.5499980635032635,2.5499980653710996,-1.8678361080048944e-09
1330,0.0040000000000000001,304.41299387649156,304.41299387647086,2.0691004465334117e-11,2.5499935231968456,2.5499935280362447,-4.8393991036732587e-09
1330,0.0050000000000000001,304.47760155191202,304.4776015659703,-1.4058286978979595e-08,2.5499790845193222,2.5499790964799818,-1.1960659573873045e-08
1330,0.0060000000000000001,304.55680354000918,304.55680357036471,-3.0355522540048696e-08,2.549935653482601,2.5499356811325944,-2.7649993405987061e-08
1330,0.0070000000000000001,304.65073544882182,304.65073549700276,-4.818093657377176e-08,2.5498126343275471,2.5498126934403786,-5.9112831518604025e-08
1330,0.0080000000000000002,304.75955302236002,304.75955308907368,-6.6713653268379858e-08,2.5494854414233563,2.5494855572514856,-1.1582812931010267e-07
1330,0.0090000000000000011,304.88343191382427,304.88343199896775,-8.5143483374849893e-08,2.5486697832195433,2.54866998930199,-2.0608244666320275e-07
1330,0.01,305.02256926386076,305.02256936677435,-1.0291358876202139e-07,2.5467660843311304,2.5467664132819943,-3.289508638815164e-07
1330,0.010999999999999999,305.17718796265513,305.17718808271235,-1.2005722282992792e-07,2.5426089707582511,2.5426094331232547,-4.6236500361729327e-07
1330,0.012,305.34754443814143,305.34754457579845,-1.3765702533419244e-07,2.5341179696766796,2.5341185224239404,-5.527472608513051e-07
1330,0.013000000000000001,305.53394056184715,305.53394072020103,-1.5835388467166922e-07,2.5178964798845644,2.5178969969109057,-5.1702634129568992e-07
1330,0.014,305.73673967982222,305.73673986505759,-1.8523536482462077e-07,2.4889040409528551,2.4889043092416605,-2.6828880539397915e-07
1330,0.014999999999999999,305.95638543515201,305.95638565299248,-2.1784046566608595e-07,2.4404044556964797,2.4404042218776802,2.3381879943329409e-07
1330,0.016,306.19341845450799,306.19341871661368,-2.6210568648821209e-07,2.364415887753867,2.3644149609277085,9.2682615848715955e-07
1330,0.017000000000000001,306.44847727163324,306.44847761633372,-3.4470048149159993e-07,2.2528015517513746,2.2527999317301299,1.6200212447081697e-06
1330,0.018000000000000002,306.72225635949371,306.72225681167777,-4.5218405375635484e-07,2.0989239578655021,2.0989219239824504,2.0338830517552253e-06
1330,0.019,307.01539143897867,307.01539195197319,-5.1299451797603979e-07,1.8995023955192674,1.8995004883001856,1.9072190817759349e-06
1330,0.02,307.32828082106698,307.3282813331661,-5.1209912044214434e-07,1.6560996204277034,1.6560984985256308,1.1219020725761197e-06
1340,0,304.34685775980756,304.34685773960638,2.0201184725010535e-08,2.5499998712793359,2.5499998718152743,-5.3593840476651167e-10
1340,0.001,304.35402197009631,304.35402194962836,2.0467950889724307e-08,2.5499997827477849,2.5499997830995298,-3.5174485546463075e-10
1340,0.002,304.37552764233396,304.37552762669719,1.5636771877325373e-08,2.5499993595219004,2.5499993603015292,-7.7962880595805473e-10
1340,0.0030000000000000001,304.41141366914604,304.41141366145854,7.6875039667356759e-09,2.549997876532847,2.5499978785344584,-2.001611321134078e-09
1340,0.0040000000000000001,304.46174413838753,304.46174414146776,-3.0802311812294647e-09,2.5499929653712727,2.549992970509452,-5.1381792154359118e-09
1340,0.0050000000000000001,304.52660737330024,304.52660738954825,-1.6248009160335641e-08,2.5499774857159649,2.5499774983018884,-1.2585923414576428e-08
1340,0.0060000000000000001,304.60611488581014,304.60611491708318,-3.1273032163880998e-08,2.5499313134041097,2.5499313422539904,-2.8849880706616204e-08
1340,0.0070000000000000001,304.7004005730758,304.70040062061474,-4.7538947001157794e-08,2.5498015569065791,2.5498016180947483,-6.1188169198089781e-08
1340,0.0080000000000000002,304.80962061057215,304.8096206750551,-6.4482946982025169e-08,2.5494589724438006,2.5494590914439321,-1.1900013152654765e-07
1340,0.0090000000000000011,304.93395460770478,304.93395468948484,-8.1780058280855883e-08,2.5486107422866651,2.5486109525265541,-2.1023988905355395e-07
1340,0.01,305.0736086548041,305.07360875419965,-9.9395549568725983e-08,2.5466433988920563,2.5466437322447146,-3.3335265836598182e-07
1340,0.010999999999999999,305.22882083256144,305.22882094977308,-1.1721164128175587e-07,2.5423718588648674,2.5423723243881491,-4.6552328170079704e-07
1340,0.012,305.39986944394627,305.39986957876971,-1.3482343774740002e-07,2.5336923458517902,2.5336928986494565,-5.5279766630889071e-07
1340,0.013000000000000001,305.58708342371244,305.58708357744649,-1.5373404949059477e-07,2.5171878361830862,2.5171883489097304,-5.1272664425283665e-07
1340,0.014,305.79085273404746,305.79085291605884,-1.8201137663709233e-07,2.487811247898315,2.4878115082032499,-2.6030493494033635e-07
1340,0.014999999999999999,306.01163384094946,306.01163407482574,-2.3387627834381419e-07,2.4388462622783136,2.4388460200536493,2.4222466432632928e-07
1340,0.016,306.24994215812319,306.24994247028582,-3.1216262641464709e-07,2.3623660275439278,2.3623650968929248,9.3065100292832881e-07
1340,0.017000000000000001,306.50632186720725,306.50632225580472,-3.8859747064634576e-07,2.2503212797532126,2.2503196647117196,1.6150414929860801e-06
1340,0.018000000000000002,306.78128747911319,306.78128790795114,-4.2883795003945124e-07,2.0961766890076148,2.0961746693549443,2.0196526704374662e-06
1340,0.019,307.07524327640101,307.07524370367742,-4.2727640447992599e-07,1.8967380485399075,1.8967361600445427,1.888495364754661e-06
1340,0.02,307.3884026453066,307.3884030555912,-4.1028459918379667e-07,1.6536099839527998,1.6536088784185643,1.1055342354904241e-06
1350,0,304.39533738825082,304.39533737203436,1.6216461062867893e-08,2.5499998551020013,2.549999855659812,-5.5781068653004695e-10
1350,0.001,304.4025305233647,304.40253050679399,1.6570709249208448e-08,2.5499997570737585,2.5499997574558062,-3.8204772678795962e-10
1350,0.002,304.42412257329818,304.42412256128478,1.2013401828880887e-08,2.5499992914825502,2.5499992923245394,-8.4198914507283007e-10
1350,0.0030000000000000001,304.46015132168117,304.46015131712971,4.5514525481848978e-09,2.5499976745270048,2.5499976766696575,-2.1426527219148284e-09
1350,0.0040000000000000001,304.51067928612537,304.51067929162002,-5.4946553973422851e-09,2.5499923683423944,2.5499923737924637,-5.4500692847625487e-09
1350,0.0050000000000000001,304.57579319617207,304.57579321390034,-1.7728268630889943e-08,2.5499757895766835,2.5499758028092154,-1.3232531959062044e-08
1350,0.0060000000000000001,304.65560358767402,304.65560361937395,-3.1699926239525666e-08,2.5499267468920976,2.5499267769717449,-3.007964721746248e-08
1350,0.0070000000000000001,304.75024484041751,304.75024488734761,-4.693009714173968e-08,2.5497899906455319,2.5497900539423557,-6.3296823782366118e-08
1350,0.0080000000000000002,304.85987605990192,304.85987612278046,-6.2878541484678863e-08,2.5494315312080094,2.54943165340352,-1.2219551059899914e-07
1350,0.0090000000000000011,304.98468322265529,304.98468330156845,-7.8913160450611031e-08,2.5485499322135703,2.5485501466040485,-2.1439047825921875e-07
1350,0.01,305.12488290273626,305.1248829973045,-9.4568235908809584e-08,2.5465177918202047,2.546518129520158,-3.3769995333443603e-07
1350,0.010999999999999999,305.28072757731701,305.280727687818,-1.1050099146814318e-07,2.5421304154350546,2.5421308840168373,-4.6858178270881012e-07
1350,0.012,305.45251185586272,305.45251198585044,-1.2998771126149222e-07,2.5332610546955494,2.5332616074342611,-5.5273871168992628e-07
1350,0.013000000000000001,305.64057792278976,305.64057808204774,-1.5925797924865037e-07,2.5164728525967988,2.5164733609668182,-5.083700194141727e-07
1350,0.014,305.84531714474974,305.8453173490222,-2.0427245317478082e-07,2.486712824194603,2.4867130765636118,-2.5236900880187818e-07
1350,0.014999999999999999,306.06716364483435,306.06716390917251,-2.6433815492055146e-07,2.4372850682919407,2.4372848178091,2.5048284069129068e-07
1350,0.016,306.30657557223628,306.30657589916638,-3.2693009188733413e-07,2.3603176851879146,2.3603167508777796,9.3431013503675331e-07
1350,0.017000000000000001,306.564001790117,306.56400216291149,-3.7279448861227138e-07,2.2478480734583535,2.2478464634609954,1.609997358098525e-06
1350,0.018000000000000002,306.83983616358228,306.83983655478056,-3.9119828443290316e-07,2.0934414882479553,2.0934394827108531,2.0055371021676649e-06
1350,0.019,307.13436752308672,307.13436790791786,-3.8483113939946634e-07,1.8939885762727953,1.8939867062605458,1.870012249494124e-06
1350,0.02,307.44773807939936,307.44773845226672,-3.7286736187525094e-07,1.6511352435803341,1.6511341538860891,1.0896942450600022e-06
1360,0,304.4440099169114,304.44400990424737,1.2664031601161696e-08,2.5499998371684129,2.5499998377498856,-5.8147264780927799e-10
1360,0.001,304.45123125850102,304.45123124537275,1.3128271802997915e-08,2.5499997287925331,2.5499997292071659,-4.1463277256070796e-10
1360,0.002,304.47290770487479,304.47290769597566,8.8991214397537988e-09,2.5499992173212518,2.5499992182295999,-9.0834806343309538e-10
1360,0.0030000000000000001,304.50907645932784,304.50907645735236,1.9754793356696609e-09,2.5499974565324361,2.5499974588236287,-2.291192569003897e-09
1360,0.0040000000000000001,304.5597993673926,304.55979937472654,-7.3339379014214501e-09,2.5499917300167008,2.549991735792057,-5.7753561932827324e-09
1360,0.0050000000000000001,304.6251628322467,304.62516285088032,-1.8633613763086032e-08,2.5499739918073865,2.5499740057080915,-1.3900705031488769e-08
1360,0.0060000000000000001,304.70527799515884,304.70527802659751,-3.1438673886441393e-08,2.5499219459110982,2.5499219772503388,-3.1339240535999124e-08
1360,0.0070000000000000001,304.80028144290338,304.80028148812323,-4.5219849198474549e-08,2.5497779221125283,2.5497779875507494,-6.5438221064084701e-08
1360,0.0080000000000000002,304.91033670255814,304.91033676211379,-5.9555645748332608e-08,2.5494030982195657,2.5494032236326127,-1.2541304705848688e-07
1360,0.0090000000000000011,305.03563668721313,305.03563676168488,-7.4471756761340657e-08,2.5484873296901038,2.5484875482228246,-2.1853272080818442e-07
1360,0.01,305.17640701224366,305.1764071031796,-9.0935941443603951e-08,2.5463892432662676,2.5463895852581118,-3.4199184417715855e-07
1360,0.010999999999999999,305.33290966872988,305.33290977993141,-1.1120152976218378e-07,2.5418846369138612,2.5418851084550678,-4.7154120652592724e-07
1360,0.012,305.50544592384705,305.50544606227885,-1.3843180113326525e-07,2.5328241240342884,2.532824676607234,-5.5257294562238712e-07
1360,0.013000000000000001,305.69435662385081,305.69435679899436,-1.751435547703295e-07,2.5157515975811937,2.5157521015408744,-5.0395968065330976e-07
1360,0.014,305.90001755175314,305.90001777271783,-2.2096469365351368e-07,2.485608872132711,2.4856091166153398,-2.4448262880838456e-07
1360,0.014999999999999999,306.12282751191708,306.1228277830088,-2.7109172151540406e-07,2.4357209814292791,2.4357207228344078,2.5859487129409331e-07
1360,0.016,306.36318774936325,306.36318806625854,-3.1689529578216025e-07,2.3582709297675821,2.3582699919601868,9.3780739529591983e-07
1360,0.017000000000000001,306.62147330485919,306.62147365454041,-3.4968121553902165e-07,2.245381922365318,2.2453803174728368,1.6048924811329357e-06
1360,0.018000000000000002,306.89799964014611,306.8980000049512,-3.6480508924796595e-07,2.0907182543308807,2.0907162627922498,1.9915386308966276e-06
1360,0.019,307.19299048066017,307.19299084313514,-3.6247496382202371e-07,1.8912538610110756,1.8912520092975533,1.8517135222939629e-06
1360,0.02,307.50655416587159,307.50655452129513,-3.5542353771234048e-07,1.6486750983263749,1.6486740241025173,1.0742238576444407e-06
1370,0,304.49287173590182,304.49287172618858,9.7132328846782912e-09,2.5499998173191343,2.5499998179261634,-6.0702909365772939e-10
1370,0.001,304.50012096388525,304.50012095358898,1.0296275831933599e-08,2.5499996976844561,2.5499996981340955,-4.496394367947687e-10
1370,0.002,304.52188102158374,304.52188101515821,6.4255232246068772e-09,2.5499991365912664,2.5499991375701585,-9.7889207850698767e-10
1370,0.0030000000000000001,304.55818904953748,304.55818904943106,1.064108801074326e-10,2.5499972215532307,2.5499972240007098,-2.4474791082695901e-09
1370,0.0040000000000000001,304.60910704937487,304.60910705772136,-8.3464897215890232e-09,2.5499910482286801,2.5499910543430091,-6.1143290430720754e-09
1370,0.0050000000000000001,304.67472215547815,304.67472217403673,-1.8558580450189766e-08,2.5499720880081638,2.5499721025988258,-1.459066201192627e-08
1370,0.0060000000000000001,304.75514722970252,304.75514725986113,-3.0158616937114857e-08,2.54991690230298,2.5499169349315762,-3.2628596269290711e-08
1370,0.0070000000000000001,304.85052192508687,304.8505219680099,-4.292303401598474e-08,2.5497653377949798,2.5497654054067316,-6.7611751752849614e-08
1370,0.0080000000000000002,304.96101429619773,304.96101435318707,-5.6989335917023709e-08,2.5493736540529661,2.5493737827044871,-1.2865152099195143e-07
1370,0.0090000000000000011,305.08682287094797,305.08682294401984,-7.3071873885055538e-08,2.5484229117580064,2.5484231344231585,-2.2266515209423687e-07
1370,0.01,305.22817882671779,305.22817891924365,-9.2525851869140752e-08,2.5462577340695014,2.5462580802970027,-3.4622750133550539e-07
1370,0.010999999999999999,305.38534754756455,305.38534766463613,-1.1707157909768284e-07,2.5416345206229845,2.5416349950252921,-4.7440230765971592e-07
1370,0.012,305.55862844541315,305.55862859348497,-1.4807181969445082e-07,2.5323815823365639,2.5323821346394744,-5.5230291051699965e-07
1370,0.013000000000000001,305.74835163514746,305.74835182068836,-1.8554089820099762e-07,2.5150241394261679,2.5150246389249085,-4.9949874059151966e-07
1370,0.014,305.954870039252,305.95487026663125,-2.2737924609828042e-07,2.4844994926607238,2.4844997293080162,-2.3664729242867111e-07
1370,0.014999999999999999,306.17854593650611,306.1785462058391,-2.6933298613585066e-07,2.4341541071013557,2.4341538405390244,2.6656233131916451e-07
1370,0.016,306.41973194481255,306.41973225076367,-3.0595111866205116e-07,2.3562258280761483,2.3562248869295672,9.4114658111266181e-07
1370,0.017000000000000001,306.67874784248784,306.67874817477838,-3.3229053997274605e-07,2.2429228150645613,2.2429212153341354,1.5997304259052214e-06
1370,0.018000000000000002,306.95585616187014,306.95585650718175,-3.4531160508777248e-07,2.0880068890636778,2.0880049114039254,1.9776597524057138e-06
1370,0.019,307.25124063837205,307.25124098270101,-3.4432895290592569e-07,1.8885337730211771,1.8885319394269195,1.8335942575387065e-06
1370,0.02,307.56499186721277,307.56499220716023,-3.3994746218013461e-07,1.646229305788405,1.6462282467297886,1.0590586163594651e-06
1380,0,304.54192187399116,304.54192186629581,7.6953483585384674e-09,2.5499997953832723,2.5499997960178749,-6.3460259269731978e-10
1380,0.001,304.54919903730189,304.54919902888133,8.4205566963646561e-09,2.5499996635154374,2.5499996640026308,-4.8719339673652939e-10
1380,0.002,304.57104299784015,304.571042992873,4.9671484703139868e-09,2.549999048821475,2.5499990498752747,-1.0537997141568667e-09
1380,0.0030000000000000001,304.60749124441031,304.60749124510465,-6.943423613847699e-10,2.5499969685499471,2.5499969711617081,-2.6117610296694238e-09
1380,0.0040000000000000001,304.65860653615789,304.65860654449568,-8.3377926785033196e-09,2.5499903207401471,2.5499903272074116,-6.4672645017083141e-09
1380,0.0050000000000000001,304.72447738448926,304.72447740225016,-1.7760896753316047e-08,2.5499700736737707,2.5499700889763766,-1.5302605849143447e-08
1380,0.0060000000000000001,304.80521882546913,304.80521885434035,-2.8871227186755277e-08,2.5499116077898627,2.5499116417374825,-3.394761982633554e-08
1380,0.0070000000000000001,304.90097350408951,304.90097354588443,-4.1794919525273144e-08,2.549752224105712,2.5497522939225141,-6.9816802117372845e-08
1380,0.0080000000000000002,305.01191299181698,305.01191304878142,-5.6964438499562675e-08,2.5493431793616232,2.5493433112713642,-1.3190974090804275e-07
1380,0.0090000000000000011,305.13823909197106,305.13823916709123,-7.5120169640285894e-08,2.5483566558158546,2.5483568826022167,-2.2678636213413483e-07
1380,0.01,305.28018466541721,305.28018476258069,-9.7163479040318634e-08,2.546123245752105,2.5461235961582527,-3.5040614765335931e-07
1380,0.010999999999999999,305.43801327043633,305.43801339427421,-1.2383787861836026e-07,2.5413800647396196,2.5413805419054976,-4.7716587792123732e-07
1380,0.012,305.6120167251957,305.61201688048544,-1.5528974017797736e-07,2.5319334586816344,2.5319340106127601,-5.5193112569185132e-07
1380,0.013000000000000001,305.80250966256392,305.80250985322573,-1.9066180811933009e-07,2.5142905462324983,2.514291041222724,-4.9499022569676754e-07
1380,0.014,306.00982034927932,306.00982057718227,-2.2790294451624504e-07,2.4833847853912552,2.4833850142556746,-2.2886441941594171e-07
1380,0.014999999999999999,306.23427754153522,306.23427780544858,-2.6391336405140464e-07,2.4325845484835722,2.4325842740967909,2.743867812959877e-07
1380,0.016,306.47619392437082,306.47619421943904,-2.9506821874747402e-07,2.3541824446887647,2.3541815003573379,9.4433142683314486e-07
1380,0.017000000000000001,306.73584760439064,306.73584792234146,-3.1795082122698659e-07,2.2404707393374586,2.2404691448226841,1.5945147744389487e-06
1380,0.018000000000000002,307.01346396755093,307.01346429755904,-3.3000810617522802e-07,2.085307297506064,2.0853053336070722,1.9638989918746574e-06
1380,0.019,307.30920070544801,307.30920103558338,-3.3013537859005737e-07,1.8858281728727653,1.88582635721111,1.8156616552467142e-06
1380,0.02,307.62313868894773,307.62313905977157,-3.7082384096720489e-07,1.6437976510917107,1.6437966072183761,1.0438733346607165e-06
1390,0,304.59116158108901,304.59116157419754,6.8914687290089205e-09,2.5499997711779034,2.5499997716271334,-4.4922998654328694e-10
1390,0.001,304.59846700024872,304.59846699268024,7.5684738476411439e-09,2.5499996260362967,2.5499996265447442,-5.0844750631995339e-10
1390,0.002,304.62039591374025,304.62039590939588,4.3443719732749742e-09,2.5499989535155589,2.5499989546358148,-1.1202558880540892e-09
1390,0.0030000000000000001,304.6569863927798,304.65698639378758,-1.0077769729832653e-09,2.5499966964386869,2.5499966992126781,-2.7739912589197502e-09
1390,0.0040000000000000001,304.70830223782843,304.70830224620676,-8.3783220361510757e-09,2.5499895452396117,2.5499895520653983,-6.8257866026044667e-09
1390,0.0050000000000000001,304.77443350875603,304.77443352647282,-1.771678626028006e-08,2.5499679441941763,2.5499679602233662,-1.6029189975341751e-08
1390,0.0060000000000000001,304.85549725317088,304.85549728225294,-2.9082059427310014e-08,2.5499060539770886,2.5499060892665755,-3.5289486888245847e-08
1390,0.0070000000000000001,304.95163835561345,304.95163839830792,-4.2694466628745431e-08,2.5497385673890602,2.549738639435688,-7.2046627774824401e-08
1390,0.0080000000000000002,305.06303032960699,305.06303038855441,-5.8947421166521963e-08,2.5493116548856456,2.5493117900665063,-1.3518086072750179e-07
1390,0.0090000000000000011,305.18987573859067,305.18987581694171,-7.83510358814965e-08,2.5482885396236479,2.5482887705133388,-2.3088969092199818e-07
1390,0.01,305.33240578229879,305.33240588368824,-1.0138944617210655e-07,2.5459857605133531,2.5459861150354239,-3.5452207081121401e-07
1390,0.010999999999999999,305.49087846119346,305.49087858950213,-1.2830867035518168e-07,2.5411212682755955,2.5411217481035933,-4.7982799777912533e-07
1390,0.012,305.66557468572989,305.66557484465011,-1.5892021565377945e-07,2.5314797827289044,2.5314803341844949,-5.5145559052505178e-07
1390,0.013000000000000001,305.85679178403893,305.85679197663518,-1.9259624650658225e-07,2.5135508858895315,2.5135513763223947,-4.9043286320937796e-07
1390,0.014,306.06483411443418,306.06483434271752,-2.2828334067526157e-07,2.4822648486092218,2.4822650697406154,-2.2113139364066114e-07
1390,0.014999999999999999,306.29000087319554,306.29000113569487,-2.6249932716382318e-07,2.431012406559943,2.4310121244863652,2.8207357782861209e-07
1390,0.016,306.53257150584369,306.53257179082459,-2.8498089932327275e-07,2.3521408420328642,2.3521398946633658,9.4736949840523721e-07
1390,0.017000000000000001,306.7927889828112,306.79278927228677,-2.894755652960157e-07,2.2380256822810063,2.2380240930273243,1.5892536819883674e-06
1390,0.018000000000000002,307.07084050520081,307.07084080169761,-2.9649680755028385e-07,2.0826193873805448,2.0826174371226034,1.9502579413632759e-06
1390,0.019,307.3668352452811,307.36683556831491,-3.230338165849389e-07,1.8831369154814213,1.8831351175716537,1.7979097675091538e-06
1390,0.02,307.68078192202029,307.68078225127306,-3.2925277082540561e-07,1.6413779065033358,1.6413768715732646,1.0349300711975928e-06
1400,0,304.6405935196849,304.64059351360783,6.0770730669901241e-09,2.5499997445074727,2.549999744988674,-4.812013010280225e-10
1400,0.001,304.64792764859038,304.6479276418674,6.7229848355054855e-09,2.5499995849821029,2.5499995855336319,-5.5152904465671782e-10
1400,0.002,304.66994290125052,304.66994289785271,3.3978153624047991e-09,2.5499988501511819,2.54999885135565,-1.2044680808287467e-09
1400,0.0030000000000000001,304.7066779747164,304.70667797686042,-2.1440200725919567e-09,2.549996404090197,2.5499964070452354,-2.9550384361698434e-09
1400,0.0040000000000000001,304.75819768554425,304.75819769535661,-9.8123678071715403e-09,2.5499887193417039,2.5499887265492522,-7.2075483359412829e-09
1400,0.0050000000000000001,304.82459341367195,304.82459343322802,-1.9556068764359225e-08,2.5499656948552025,2.5499657116409571,-1.6785754564097033e-08
1400,0.0060000000000000001,304.90598362707635,304.90598365847319,-3.1396837130159838e-08,2.5499002323562534,2.5499002690238655,-3.6667612057783572e-08
1400,0.0070000000000000001,305.00251434891595,305.00251439438421,-4.546825493889628e-08,2.5497243539269085,2.5497244282397635,-7.4312854980718157e-08
1400,0.0080000000000000002,305.1143593437908,305.11435940583613,-6.2045330651017139e-08,2.5492790614593752,2.5492791999342708,-1.384748955501891e-07
1400,0.0090000000000000011,305.24171970403978,305.24171978559849,-8.1558710007811897e-08,2.5482185413069911,2.5482187762910491,-2.3498405798960675e-07
1400,0.01,305.38482243162241,305.38482253618514,-1.0456273003001115e-07,2.5458452612234237,2.545845619807511,-3.5858408731215263e-07
1400,0.010999999999999999,305.54391756411633,305.54391769561084,-1.3149451660865452e-07,2.5408581310567167,2.5408586134551454,-4.8239842875830163e-07
1400,0.012,305.71927341061337,305.71927357247614,-1.6186277207452804e-07,2.5310205846882909,2.53102113557566,-5.5088736905517521e-07
1400,0.013000000000000001,305.91116955326038,305.91116974622713,-1.9296675191071699e-07,2.5128052260540938,2.5128057118922436,-4.8583814971081551e-07
1400,0.014,306.11988741138532,306.11988763154346,-2.2015814238329767e-07,2.4811397792800745,2.4811399927384317,-2.1345835721220396e-07
1400,0.014999999999999999,306.34569831992263,306.34569856088598,-2.4096334527712315e-07,2.4294377801667393,2.4294374905515981,2.8961514120240395e-07
1400,0.016,306.58884924308239,306.58884950224962,-2.5916722279362148e-07,2.3501010804589448,2.3501001302037201,9.5025522472980128e-07
1400,0.017000000000000001,306.84954653501973,306.84954681585396,-2.8083422876079567e-07,2.2355876304366711,2.2355860464951012,1.5839415699048232e-06
1400,0.018000000000000002,307.12793878964658,307.1279390942002,-3.0455362320935819e-07,2.0799430683143307,2.0799411315937468,1.9367205839060375e-06
1400,0.019,307.42410092062727,307.42410123824124,-3.1761396712681744e-07,1.8804598362654863,1.8804580559478172,1.7803176690645017e-06
1400,0.02,307.73802281987878,307.73802313285961,-3.1298083058572956e-07,1.6389702738847582,1.63896925156535,1.0223194082392695e-06
1410,0,304.6902208141816,304.69022080913942,5.0421817832102533e-09,2.5499997151632154,2.549999715678767,-5.1555160140992484e-10
1410,0.001,304.69758410324175,304.69758409752268,5.7190732150047552e-09,2.5499995400715401,2.5499995406691096,-5.9756954939871321e-10
1410,0.002,304.71968701609802,304.71968701362312,2.4749056137807202e-09,2.5499987381792404,2.5499987394728372,-1.2935967852456542e-09
1410,0.0030000000000000001,304.7565687625513,304.75656876552199,-2.9706939130846877e-09,2.5499960903290857,2.5499960934738892,-3.1448035286985032e-09
1410,0.0040000000000000001,304.80829491660666,304.80829492718976,-1.0583107723505236e-08,2.5499878405867995,2.5499878481908564,-7.6040569396695901e-09
1410,0.0050000000000000001,304.87495768586626,304.87495770625048,-2.0384220533742337e-08,2.5499633208394488,2.5499633384042393,-1.7564790510959938e-08
1410,0.0060000000000000001,304.9566761436497,304.95667617612719,-3.2477487366122659e-08,2.5498941343085231,2.5498941723834996,-3.8074976504987035e-08
1410,0.0070000000000000001,305.05359625823468,305.05359630530216,-4.7067487685126252e-08,2.5497095699447927,2.5497096465534259,-7.6608633214902966e-08
1410,0.0080000000000000002,305.16589048787614,305.16589055230918,-6.4433038460265379e-08,2.5492453800184407,2.549245521803587,-1.4178514629037409e-07
1410,0.0090000000000000011,305.29375664745015,305.29375673225564,-8.4805492406303529e-08,2.5481466393600707,2.5481468784234442,-2.3906337354162588e-07
1410,0.01,305.43741570650468,305.43741581464786,-1.0814318329721573e-07,2.5457017314155368,2.5457020940030159,-3.6258747915240974e-07
1410,0.010999999999999999,305.59710816371245,305.59710829761332,-1.3390086905928911e-07,2.5405906537006451,2.5405911385750044,-4.8487435932997869e-07
1410,0.012,305.77308867031024,305.77308883130843,-1.6099818367365515e-07,2.5305558952904286,2.530556445515515,-5.5022508638202794e-07
1410,0.013000000000000001,305.96561865148209,305.96561883961522,-1.8813312863130704e-07,2.5120536341311528,2.5120541153354483,-4.8120429552156452e-07
1410,0.014,306.17495680654355,306.17495702089542,-2.1435187136376044e-07,2.4800096730612382,2.4800098789020559,-2.0584081772412333e-07
1410,0.014999999999999999,306.40134757399181,306.40134781330892,-2.3931710302349529e-07,2.4278607660400704,2.4278604690204721,2.9701959824990354e-07
1410,0.016,306.64500795845612,306.6450082210032,-2.6254707563566626e-07,2.3480632183165966,2.3480622653178718,9.5299872482357273e-07
1410,0.017000000000000001,306.90611355993553,306.90611384193824,-2.8200270207889844e-07,2.2331565698930613,2.2331549913064412,1.5785866200879184e-06
1410,0.018000000000000002,307.18478519196833,307.18478548558318,-2.9361484621404088e-07,2.0772782511153061,2.0772763278322999,1.9232830061888251e-06
1410,0.019,307.48107798171446,307.48107827407159,-2.9235712872832664e-07,1.8777967174770738,1.8777949545476,1.7629294737364631e-06
1410,0.02,307.79497505256938,307.79497533598544,-2.8341605684545357e-07,1.6365751769634489,1.6365741674263055,1.0095371434371003e-06
1420,0,304.74004621260548,304.7400462080758,4.5296815187612083e-09,2.5499996829225009,2.5499996834749088,-5.5240789720301109e-10
1420,0.001,304.74743900280265,304.7474389975763,5.2263544603192713e-09,2.5499994910061816,2.5499994916529065,-6.4672489585859694e-10
1420,0.002,304.76963053162092,304.76963052959576,2.0251604837540071e-09,2.5499986170229634,2.5499986184107937,-1.3878302951297883e-09
1420,0.0030000000000000001,304.80666030686564,304.80666031026902,-3.4033860174531583e-09,2.5499957539328379,2.5499957572763723,-3.3435343382848259e-09
1420,0.0040000000000000001,304.85859426263335,304.85859427372759,-1.1094243745901622e-08,2.5499869064403478,2.5499869144559311,-8.0155833082073968e-09
1420,0.0050000000000000001,304.92552481037234,304.92552483151144,-2.1139101136213867e-08,2.5499608172267916,2.5499608355932595,-1.8366467902097838e-08
1420,0.0060000000000000001,305.00757074543827,305.00757077911106,-3.367279077792773e-08,2.5498877511074651,2.5498877906189152,-3.951145011171775e-08
1420,0.0070000000000000001,305.10487683836186,305.10487688720644,-4.8844583488971693e-08,2.5496942016176609,2.5496942805509719,-7.8933310998507977e-08
1420,0.0080000000000000002,305.21761288974989,305.21761295650435,-6.6754466843121918e-08,2.5492105916070891,2.5492107367175287,-1.4511043966436432e-07
1420,0.0090000000000000011,305.34597198622555,305.34597207359582,-8.7370267465303186e-08,2.5480728126500973,2.5480730557764066,-2.4312630930722889e-07
1420,0.01,305.49016767160367,305.49016778205282,-1.1044915027014213e-07,2.5455551552810998,2.545555521812656,-3.6653155621735323e-07
1420,0.010999999999999999,305.65042975318579,305.65042988870005,-1.3551425581681542e-07,2.5403188375989196,2.540319324855469,-4.8725654933079454e-07
1420,0.012,305.82699850881539,305.82699867070414,-1.6188874951694743e-07,2.5300857457602675,2.5300862952312908,-5.4947102334779174e-07
1420,0.013000000000000001,306.02011715781327,306.02011734654144,-1.8872816553994198e-07,2.5112961772542861,2.511296653788301,-4.7653401491487557e-07
1420,0.014,306.23002262025665,306.23002283524607,-2.1498942714970326e-07,2.4788746243075033,2.4788748225876116,-1.982801083322272e-07
1420,0.014999999999999999,306.45693482369808,306.45693506298824,-2.3929015924295527e-07,2.4262814588528121,2.4262811545646996,3.0428811248484067e-07
1420,0.016,306.70104512125033,306.701045380957,-2.5970666683861054e-07,2.3460273120220627,2.3460263564189279,9.5560313484455151e-07
1420,0.017000000000000001,306.96250472949185,306.9625050032534,-2.7376154321245849e-07,2.2307324863452727,2.2307309131538329,1.5731914397854041e-06
1420,0.018000000000000002,307.24141440874826,307.24141468754328,-2.7879502795258304e-07,2.0746248464073891,2.0746229364653677,1.9099420214274687e-06
1420,0.019,307.53781678523865,307.53781705793244,-2.7269379643257707e-07,1.8751473360468938,1.8751455902728533,1.7457740404402955e-06
1420,0.02,307.85169264188812,307.85169290533258,-2.6344446268922184e-07,1.634192658114777,1.6341916614494623,9.9666531472308861e-07
1430,0,304.79007149882386,304.79007149472352,4.1003431761055253e-09,2.5499996475482143,2.5499996481401284,-5.9191407331127266e-10
1430,0.001,304.79749395719818,304.79749395242084,4.7773482947377488e-09,2.5499994374698178,2.5499994381689626,-6.9914474210008848e-10
1430,0.002,304.81977451664363,304.81977451513609,1.5075443116074894e-09,2.5499984860771394,2.5499984875645194,-1.4873799969450374e-09
1430,0.0030000000000000001,304.85695271807992,304.85695272214133,-4.0614054341858719e-09,2.5499953936310411,2.5499953971825358,-3.5514946539194625e-09
1430,0.0040000000000000001,304.90909439898445,304.90909441097205,-1.1987594916718081e-08,2.5499859142925478,2.5499859227349568,-8.4424089941137481e-09
1430,0.0050000000000000001,304.97629151374281,304.9762915361099,-2.2367089513863903e-08,2.549958178995392,2.5499581981863431,-1.9190951050518379e-08
1430,0.0060000000000000001,305.05866171555613,305.05866175085964,-3.5303514778206591e-08,2.5498810739224034,2.5498811148992839,-4.0976880555376738e-08
1430,0.0070000000000000001,305.15634753642848,305.1563475873017,-5.087321142127621e-08,2.5496782350758385,2.5496783163620709,-8.1286232411770243e-08
1430,0.0080000000000000002,305.26951496369105,305.26951503277337,-6.9082318532309728e-08,2.5491746773848427,2.5491748258344273,-1.4844958462489899e-07
1430,0.0090000000000000011,305.39835118624723,305.39835127606705,-8.9819820914271986e-08,2.5479970404198089,2.5479972875913415,-2.4717153257469704e-07
1430,0.01,305.54306127929061,305.54306139210638,-1.1281576917099301e-07,2.5454055176617749,2.5454058880774038,-3.7041562883644019e-07
1430,0.010999999999999999,305.70386362205255,305.70386375965774,-1.3760518413619138e-07,2.5400426848957847,2.54004317444151,-4.8954572529069651e-07
1430,0.012,305.88098390889468,305.88098407238431,-1.6348963072232436e-07,2.5296101677892584,2.5296107164166659,-5.4862740750394323e-07
1430,0.013000000000000001,306.07464772817968,306.07464791766904,-1.8948935576190706e-07,2.5105329222682511,2.5105333940982351,-4.7182998397232723e-07
1430,0.014,306.28507184983016,306.28507206412615,-2.1429599428302026e-07,2.4777347260823936,2.4777349168600105,-1.9077761681529637e-07
1430,0.014999999999999999,306.51245457610406,306.51245481236174,-2.3625767653356888e-07,2.4246999512603287,2.4246996398386074,3.1142172129960954e-07
1430,0.016,306.75696575070845,306.75696600415381,-2.5344536425109254e-07,2.3439934161345906,2.3439924580631399,9.5807145061854726e-07
1430,0.017000000000000001,307.01873724997006,307.01873751382561,-2.638555542944232e-07,2.2283153651083536,2.2283137973502631,1.5677580904593924e-06
1430,0.018000000000000002,307.29785494074002,307.29785520648244,-2.6574241474008886e-07,2.0719827627031369,2.0719808660134849,1.8966896520034027e-06
1430,0.019,307.59435312184519,307.5943533798806,-2.5803541348068393e-07,1.872511494057969,1.8725097651627569,1.7288952121052859e-06
1430,0.02,307.90821232259498,307.90821257204817,-2.4945319410107913e-07,1.6318226752079741,1.6318216913859243,9.8382204982705446e-07
1440,0,304.84029717476221,304.84029717128516,3.4770550882967655e-09,2.5499996087881218,2.5499996094223278,-6.3420602103292367e-10
1440,0.001,304.84774926545492,304.84774926134224,4.1126781979983207e-09,2.5499993791277693,2.5499993798827632,-7.549938452200422e-10
1440,0.002,304.87011865531656,304.87011865459868,7.1787553679314442e-10,2.5499983447073151,2.5499983462997675,-1.5924523921739819e-09
1440,0.0030000000000000001,304.90744463997959,304.90744464503882,-5.0592348088684957e-09,2.5499950081046023,2.5499950118735377,-3.7689353860059782e-09
1440,0.0040000000000000001,304.95979249662258,304.95979250989257,-1.3269982446217909e-08,2.5499848614580305,2.5499848703428123,-8.8847817991677402e-09
1440,0.0050000000000000001,305.02725308051731,305.02725310450705,-2.3989741748664528e-08,2.5499554010226833,2.5499554210610587,-2.0038375403430564e-08
1440,0.0060000000000000001,305.10994210317722,305.10994214046246,-3.728524688995094e-08,2.5498740938217024,2.5498741362927824,-4.2471079986228233e-08
1440,0.0070000000000000001,305.20799894391041,305.20799899709198,-5.3181565817794763e-08,2.5496616564108385,2.5496617400775494,-8.3666710892771334e-08
1440,0.0080000000000000002,305.32158481961136,305.32158489123651,-7.1625152031629113e-08,2.5491376186329933,2.5491377704344282,-1.5180143497772747e-07
1440,0.0090000000000000011,305.45088012639297,305.45088021883475,-9.2441780452645617e-08,2.5479193022899143,2.5479195534877812,-2.5119786695171342e-07
1440,0.01,305.59608077801403,305.59608089330544,-1.1529141374921892e-07,2.5452528040419109,2.5452531782811731,-3.7423926224633419e-07
1440,0.010999999999999999,305.75739340719986,305.75739354682412,-1.3962426237412728e-07,2.539762198468023,2.5397626902109072,-4.9174288418996071e-07
1440,0.012,305.93502937297859,305.93502953761845,-1.6463985730297281e-07,2.5291291935089308,2.5291297412055256,-5.4769659474374066e-07
1440,0.013000000000000001,306.12919763287357,306.12919782213282,-1.8925925360235851e-07,2.5097639357124288,2.5097644028071455,-4.6709471668293645e-07
1440,0.014,306.34009668996936,306.34009690209967,-2.1213031686784234e-07,2.476590070168776,2.4765902535030535,-1.8333427753702836e-07
1440,0.014999999999999999,306.56790599938194,306.5679062310615,-2.3167956442193827e-07,2.4231163339441135,2.423116015522047,3.1842206649201898e-07
1440,0.016,306.81277739367539,306.81277763991056,-2.4623517447253107e-07,2.3419615834289944,2.3419606230218313,9.6040716313083863e-07
1440,0.017000000000000001,307.07482722978341,307.07482748400349,-2.5422008320674649e-07,2.2259051910608916,2.2259036287727434,1.5622881481824891e-06
1440,0.018000000000000002,307.35413003355393,307.35413028795102,-2.5439709361307905e-07,2.0693519058464926,2.0693500223233676,1.8835231250236006e-06
1440,0.019,307.65071438872997,307.65071463490659,-2.4617662575110444e-07,1.8698890152693739,1.8698873029911636,1.7122782103307088e-06
1440,0.02,307.96456134607138,307.96456190544245,-5.5937107390491292e-07,1.6294651509592599,1.6294641797579184,9.7120134157080429e-07
1450,0,304.89072234660671,304.89072234297913,3.6275764614401851e-09,2.5499995663742108,2.5499995671705307,-7.9631989891026933e-10
1450,0.001,304.89820382615517,304.89820382298512,3.1700437830295414e-09,2.5499993156261755,2.5499993164509189,-8.2474338469751274e-10
1450,0.002,304.9206612255017,304.92066122589387,-3.9216274672071449e-10,2.5499981922489896,2.5499981939592917,-1.7103021221487325e-09
1450,0.0030000000000000001,304.9581333259884,304.95813333238777,-6.3993752519309055e-09,2.5499945959849506,2.5499945999866469,-4.0016963076539014e-09
1450,0.0040000000000000001,305.01068440616547,305.01068442106254,-1.4897068467689678e-08,2.5499837451755298,2.5499837545231845,-9.347654650326831e-09
1450,0.0050000000000000001,305.07840363367495,305.07840365961033,-2.5935378289432265e-08,2.5499524780863676,2.5499524989993221,-2.0912954479257451e-08
1450,0.0060000000000000001,305.16140407375696,305.16140411329894,-3.9541987462143879e-08,2.5498668017760262,2.5498668457735252,-4.399749897743277e-08
1450,0.0070000000000000001,305.2598211867886,305.25982124247878,-5.5690179578959942e-08,2.5496444516810852,2.5496445377584576,-8.6077372341009095e-08
1450,0.0080000000000000002,305.37381067042628,305.37381074468948,-7.4263198257540353e-08,2.5490993967609166,2.5490995519288306,-1.5516791407321762e-07
1450,0.0090000000000000011,305.50354550219049,305.50354559720438,-9.5013888312678318e-08,2.5478395782614656,2.5478398334684775,-2.5520701196768414e-07
1450,0.01,305.64921206096136,305.64921217848763,-1.1752626960515045e-07,2.5450970005412188,2.545097378545941,-3.7800472219018388e-07
1450,0.010999999999999999,305.81100525534805,305.81100539654614,-1.4119808611212648e-07,2.5394773819055549,2.5394778757571062,-4.9385155120873492e-07
1450,0.012,305.98912266504595,305.98912283036395,-1.6531799928998225e-07,2.5286428554655878,2.5286434021488868,-5.4668329907414659e-07
1450,0.013000000000000001,306.18375779990066,306.18375798912285,-1.8922219169326127e-07,2.5089892838050019,2.5089897461379698,-4.623329679098731e-07
1450,0.014,306.39509263897702,306.39509285034825,-2.1137122985237511e-07,2.4754407470789808,2.4754409230321777,-1.7595319690144606e-07
1450,0.014999999999999999,306.62328930429163,306.62328953120618,-2.2691455114909331e-07,2.4215306956540164,2.4215303703654349,3.2528858140423722e-07
1450,0.016,306.86847890326942,306.86847913972991,-2.3646049385206425e-07,2.3399318649626935,2.3399309023512895,9.626114039207323e-07
1450,0.017000000000000001,307.13074007387547,307.13074032652395,-2.5264847636208287e-07,2.2235019485135572,2.2235003917334817,1.5567800755178496e-06
1450,0.018000000000000002,307.41005059664644,307.41005085321848,-2.5657203650553129e-07,2.066732179844804,2.0667303094023586,1.8704424453730439e-06
1450,0.019,307.70619357289627,307.70619378378791,-2.1089164192744647e-07,1.8672797385202273,1.8672780426184088,1.6959018185325192e-06
1450,0.02,308.01862685660012,308.01862696525643,-1.0865630883927224e-07,1.6271210932845641,1.6271201379093312,9.5537523292499316e-07
1460,0,304.94134474452954,304.94134474228156,2.2479866856883746e-09,2.5499995200220242,2.5499995208666482,-8.4462392635487049e-10
1460,0.001,304.94885517234161,304.94885517059532,1.746286670822883e-09,2.549999246591284,2.5499992474792053,-8.8792129204762205e-10
1460,0.002,304.97139917616886,304.97139917811268,-1.9438175513641909e-09,2.5499980280068097,2.5499980298338123,-1.827002549248391e-09
1460,0.0030000000000000001,305.00901477801671,305.00901478616709,-8.1503799265192356e-09,2.5499941558532906,2.5499941600921185,-4.2388279553051689e-09
1460,0.0040000000000000001,305.06176486567801,305.06176488257523,-1.689721784714493e-08,2.5499825626076431,2.5499825724294811,-9.8218380095715929e-09
1460,0.0050000000000000001,305.12973640699641,305.1297364351995,-2.820308964146534e-08,2.5499494048655023,2.5499494266720717,-2.180656943906456e-08
1460,0.0060000000000000001,305.21303923108519,305.21303927314227,-4.2057081373059191e-08,2.5498591886616673,2.5498592342102504,-4.5548583127441589e-08
1460,0.0070000000000000001,305.31180427228026,305.31180433067954,-5.8399280078447191e-08,2.5496266069175664,2.5496266954284259,-8.8510859530543939e-08
1460,0.0080000000000000002,305.42618116407766,305.42618124119514,-7.7117476848798105e-08,2.5490599933121247,2.5490601518539089,-1.585417841454273e-07
1460,0.0090000000000000011,305.55633507725111,305.55633517528838,-9.8037276075046975e-08,2.5477578487177479,2.547758107909925,-2.5919217705450137e-07
1460,0.01,305.70244271684641,305.70244283759627,-1.2074985988874687e-07,2.5449380939070352,2.5449384756133897,-3.8170635452416946e-07
1460,0.010999999999999999,305.86468740806833,305.86468755207409,-1.4400575309991837e-07,2.5391882394920344,2.5391887353597782,-4.9586774375498521e-07
1460,0.012,306.04325314672724,306.04325331198345,-1.6525621049368056e-07,2.5281511865956374,2.5281517321806546,-5.4558501716428509e-07
1460,0.013000000000000001,306.2383172128504,306.23831739547052,-1.8262011280967272e-07,2.5082090324281783,2.5082094899706497,-4.5754247146589933e-07
1460,0.014,306.45004019488238,306.45004039425362,-1.9937124307034537e-07,2.4742868460657546,2.4742870146963818,-1.6863062723970756e-07
1460,0.014999999999999999,306.67855084698033,306.6785510711652,-2.2418487333197845e-07,2.4199431232510467,2.4199427912235789,3.3202746774207981e-07
1460,0.016,306.92392143670065,306.92392169256607,-2.5586541596567258e-07,2.3379043101359751,2.3379033454439706,9.6469200450144399e-07
1460,0.017000000000000001,307.18612861097739,307.18612887641848,-2.6544108777670772e-07,2.221105621052927,2.221104069813538,1.5512393889416387e-06
1460,0.018000000000000002,307.46499783923264,307.46499806578561,-2.2655297016171971e-07,2.064123488038208,2.0641216305797334,1.8574584745856271e-06
1460,0.019,307.76013786675628,307.76013800409913,-1.3734285175814875e-07,1.8646835221733351,1.864681842380874,1.6797924611289261e-06
1460,0.02,308.0708824644521,308.07088248627457,-2.1822472717758501e-08,1.6247901862712739,1.6247892443816341,9.4188963983832252e-07
1470,0,304.99216082602993,304.99216082556882,4.6111381379887462e-10,2.5499994694299959,2.5499994703261462,-8.9615026510614371e-10
1470,0.001,304.99969958456427,304.99969958464476,-8.0490281106904149e-11,2.5499991716287371,2.549999172583747,-9.5500984897967101e-10
1470,0.002,305.02232826766613,305.02232827155257,-3.8864413909323048e-09,2.5499978512537704,2.5499978532036001,-1.949829631087141e-09
1470,0.0030000000000000001,305.06008392611386,305.06008393638882,-1.0274959549860796e-08,2.5499936862398678,2.5499936907260423,-4.4861745429614075e-09
1470,0.0040000000000000001,305.11302772368686,305.11302774294558,-1.9258720840298338e-08,2.5499813108406304,2.5499813211529001,-1.0312269704826349e-08
1470,0.0050000000000000001,305.1812440046761,305.18124403552872,-3.0852618237986462e-08,2.5499461759416482,2.5499461986650656,-2.2723417369974186e-08
1470,0.0060000000000000001,305.26483889169708,305.26483893674418,-4.5047102048556553e-08,2.5498512452638842,2.5498512923916374,-4.7127753255438165e-08
1470,0.0070000000000000001,305.36393832913922,305.36393839088345,-6.1744231061311439e-08,2.5496081081294006,2.5496081990991843,-9.0969783705929785e-08
1470,0.0080000000000000002,305.47868547550922,305.47868555612337,-8.061414291660185e-08,2.5490193899700846,2.5490195518950816,-1.6192499696643381e-07
1470,0.0090000000000000011,305.60923733098872,305.60923743191125,-1.0092253432958387e-07,2.547674094425906,2.5476743575810574,-2.6315515144759161e-07
1470,0.01,305.75576043858212,305.75576056015717,-1.2157505580034922e-07,2.5447760715064742,2.5447764568529991,-3.8534652491151178e-07
1470,0.010999999999999999,305.91842536851863,305.91842551023132,-1.4171268958307337e-07,2.5388947761857996,2.5388952739808408,-4.9779504118774298e-07
1470,0.012,306.09739941799648,306.09739957977905,-1.6178256601051544e-07,2.5276542202017525,2.5276547646081613,-5.4440640884223512e-07
1470,0.013000000000000001,306.29283648543355,306.2928366692999,-1.8386634792477707e-07,2.5074232471142719,2.507423699842096,-4.5272782411842627e-07
1470,0.014,306.50486247637849,306.50486268584274,-2.0946424683643272e-07,2.4731284551334864,2.4731286165030371,-1.61369550610857e-07
1470,0.014999999999999999,306.73355416501255,306.73355440010209,-2.3508954427597928e-07,2.4183537017496977,2.4183533631115148,3.3863818282853231e-07
1470,0.016,306.9789097424067,306.97890999079578,-2.4838908530000481e-07,2.3358789667418294,2.3358780000920611,9.6664976823035431e-07
1470,0.017000000000000001,307.2408109622391,307.24081119542433,-2.3318523290072335e-07,2.2187161914213749,2.2187146457569371,1.5456644377742634e-06
1470,0.018000000000000002,307.51898006768977,307.5189802496663,-1.8197653162133065e-07,2.0615257341165423,2.0615238895431953,1.8445733469540926e-06
1470,0.019,307.81293875809564,307.81293885560405,-9.7508404905966017e-08,1.8621002603644408,1.8620985964593557,1.6639050850475456e-06
1470,0.02,308.12197943151892,308.12197942474307,6.775849215046037e-09,1.6224719922924427,1.6224710634759456,9.2881649704779079e-07
1480,0,305.04316593252167,305.0431659343011,-1.7794263840187341e-09,2.5499994142787519,2.5499994152298227,-9.5107077768830095e-10
1480,0.001,305.05073225324145,305.05073225560426,-2.3628103917872068e-09,2.5499990903228369,2.5499990913490254,-1.026188467534439e-09
1480,0.002,305.07344324958427,305.07344325587781,-6.293532806012081e-09,2.5499976612304307,2.549997663309425,-2.0789943100396613e-09
1480,0.0030000000000000001,305.11133482562866,305.11133483851205,-1.2883390354545554e-08,2.5499931856232734,2.5499931903672453,-4.7439718819930476e-09
1480,0.0040000000000000001,305.16446614719081,305.16446616931353,-2.2122719656181289e-08,2.5499799868842707,2.5499799977034479,-1.0819177109766542e-08
1480,0.0050000000000000001,305.23291858637504,305.23291862033597,-3.3960930068133166e-08,2.5499427858000874,2.5499428094636567,-2.3663569326259903e-08
1480,0.0060000000000000001,305.31679415688581,305.31679420513285,-4.824704546990688e-08,2.5498429622802874,2.549843011015045,-4.8734757562840514e-08
1480,0.0070000000000000001,305.41621335119294,305.41621341586921,-6.4676271449570777e-08,2.5495889413093256,2.5495890347627652,-9.3453439653501391e-08
1480,0.0080000000000000002,305.53131225187445,305.53131233466655,-8.2792098510253709e-08,2.548977568563791,2.5489777338802573,-1.6531646629402985e-07
1480,0.0090000000000000011,305.6622387217862,305.66223882390773,-1.0212153256361489e-07,2.5475882965382035,2.5475885636331088,-2.670949053040772e-07
1480,0.01,305.80914735783153,305.80914748026925,-1.2243771152498084e-07,2.544610921318363,2.5446113102433472,-3.8892498421816413e-07
1480,0.010999999999999999,305.97219270168495,305.97219284563715,-1.4395220659935148e-07,2.5385969976010125,2.5385974972355343,-4.9963452175560974e-07
1480,0.012,306.15151994580708,306.15152011284948,-1.6704240124454373e-07,2.5271519899297363,2.5271525330794318,-5.4314969544222436e-07
1480,0.013000000000000001,306.3472521231576,306.3472523143555,-1.9119789840260637e-07,2.5066319930326495,2.5066324409238998,-4.4789125031030608e-07
1480,0.014,306.55947268001631,306.5594728936166,-2.1360028767958283e-07,2.4719656610499765,2.4719658152205937,-1.541706171614976e-07
1480,0.014999999999999999,306.78820263401707,306.78820286228876,-2.282716877743951e-07,2.4167625143598714,2.416762169237443,3.4512242841344687e-07
1480,0.016,307.03337243216373,307.03337265894953,-2.2678580080537358e-07,2.3338558810049861,2.3338549125173844,9.6848760167134174e-07
1480,0.017000000000000001,307.29479019696174,307.29479039860695,-2.0164520719845314e-07,2.2163336414616528,2.2163321014052735,1.5400563793122046e-06
1480,0.018000000000000002,307.57211001431284,307.5721101635807,-1.4926786207070109e-07,2.0589388232855619,2.058936991492617,1.8317929448841141e-06
1480,0.019,307.86480562898049,307.86480569945962,-7.0479131863976363e-08,1.8595298557732125,1.8595282075926625,1.6481805500401236e-06
1480,0.02,308.17215555581288,308.1721555288309,2.6981979317497462e-08,1.6201662814421114,1.6201653654281292,9.1601398222174168e-07
1490,0,305.09435446898988,305.09435447352882,-4.53894699603552e-09,2.5499993542304331,2.5499993552399669,-1.0095337898974321e-09
1490,0.001,305.10194745801869,305.10194746317831,-5.1596202865766827e-09,2.5499990022358308,2.549999003337454,-1.1016232370764101e-09
1490,0.002,305.12473803476689,305.12473804395785,-9.1909555521851871e-09,2.5499974571441286,2.5499974593588304,-2.2147017553209025e-09
1490,0.0030000000000000001,305.16276080521044,305.16276082111978,-1.5909336070762947e-08,2.5499926524297658,2.5499926574422322,-5.0124664419115561e-09
1490,0.0040000000000000001,305.21607268919115,305.21607271443361,-2.5242457013519015e-08,2.549978587671776,2.5499785990145529,-1.134277693992658e-08
1490,0.0050000000000000001,305.28475173692289,305.28475177398627,-3.7063387026137207e-08,2.5499392288310996,2.5499392534581902,-2.4627090589035561e-08
1490,0.0060000000000000001,305.36889536938043,305.36889542055638,-5.1175959470128873e-08,2.5498343303242317,2.5498343806935595,-5.0369327819765886e-08
1490,0.0070000000000000001,305.46861792265298,305.46861798999112,-6.7338135067984695e-08,2.5495690924391043,2.5495691884002047,-9.5961100399222232e-08
1490,0.0080000000000000002,305.58404731134402,305.58404739666844,-8.5324415977083845e-08,2.5489345110731123,2.548934679788232,-1.6871511965277364e-07
1490,0.0090000000000000011,305.7153205321402,305.71532063713659,-1.0499638847250026e-07,2.5475004365930158,2.5475007076034735,-2.710104576308936e-07
1490,0.01,305.86257760356727,305.86257772985118,-1.2628390777535969e-07,2.5444426319250577,2.5444430243665845,-3.9244152683082234e-07
1490,0.010999999999999999,306.0259533969608,306.02595354592358,-1.4896278344167513e-07,2.5382949099891148,2.5382954113763949,-5.0138728013848777e-07
1490,0.012,306.20556670195168,306.20556687412483,-1.7217314507433912e-07,2.5266445297461564,2.5266450715632236,-5.4181706721223577e-07
1490,0.013000000000000001,306.40150586827622,306.40150606209528,-1.9381906213311595e-07,2.505835334977518,2.5058357780124076,-4.4303488966335181e-07
1490,0.014,306.61381058053064,306.6138107907405,-2.1020986196162994e-07,2.4707985493585229,2.4707986963929369,-1.4703441397756478e-07
1490,0.014999999999999999,306.84244984848539,306.84245006473077,-2.1624538248943281e-07,2.4151696425277103,2.4151692910457996,3.5148191068756773e-07
1490,0.016,307.08729715706716,307.08729736344458,-2.063774218186154e-07,2.3318350976118785,2.3318341274036398,9.702082386375821e-07
1490,0.017000000000000001,307.34810481255778,307.34810498862362,-1.7606583924134611e-07,2.2139579521282235,2.2139564177113762,1.5344168473596653e-06
1490,0.018000000000000002,307.62448058591804,307.62448070878878,-1.2287074468986248e-07,2.0563626635528536,2.0563608444304506,1.8191224029351361e-06
1490,0.019,307.91587042269987,307.91587046956943,-4.6869558900652919e-08,1.8569722023427042,1.8569705697320791,1.6326106251352002e-06
1490,0.02,308.22155091061148,308.22155086448589,4.6125592234602664e-08,1.6178728712692898,1.6178719678349618,9.0343432801454071e-07
1500,0,305.14572004170253,305.14572004941522,-7.7126856012910139e-09,2.549999288927987,2.5499992899996871,-1.071700062027503e-09
1500,0.001,305.15333869091637,305.15333869925945,-8.3430791164573748e-09,2.5499989069071649,2.5499989080886549,-1.1814900169326847e-09
1500,0.002,305.17620577107908,305.17620578347413,-1.2395048543112352e-08,2.549997238168201,2.5499972405253648,-2.3571637974839632e-09
1500,0.0030000000000000001,305.21435442790437,305.21435444703201,-1.9127639916405315e-08,2.5499920850326276,2.5499920903245226,-5.291894922265783e-09
1500,0.0040000000000000001,305.26783904753353,305.26783907599167,-2.8458146061893785e-08,2.5499771100597437,2.549977121943011,-1.1883267259094055e-08
1500,0.0050000000000000001,305.33673390879403,305.33673394907441,-4.0280383473145775e-08,2.5499354993312924,2.5499355249453104,-2.5614018017705575e-08
1500,0.0060000000000000001,305.42113116205422,305.42113121652295,-5.4468728194478899e-08,2.5498253399282245,2.5498253919593989,-5.2031174480049458e-08
1500,0.0070000000000000001,305.52113797962062,305.52113805050783,-7.0887210767978104e-08,2.5495485474948252,2.5495486459868624,-9.8492037192698945e-08
1500,0.0080000000000000002,305.6368726508216,305.6368727402018,-8.9380193912802497e-08,2.5488901996339091,2.5488903717537941,-1.7211988501131259e-07
1500,0.0090000000000000011,305.76845931039628,305.76845942011022,-1.0971393749059644e-07,2.5474104965155178,2.5474107714163652,-2.7490084741899068e-07
1500,0.01,305.91602090443098,305.91602103586632,-1.3143534260962042e-07,2.5442711925041452,2.5442715884001288,-3.9589598355149747e-07
1500,0.010999999999999999,306.07966994185369,306.079670095501,-1.5364730643341318e-07,2.5379885202205679,2.5379890232749958,-5.0305442789166932e-07
1500,0.012,306.25949659597097,306.259496770721,-1.7475002778155613e-07,2.5261318739166931,2.526132414327372,-5.4041067887311556e-07
1500,0.013000000000000001,306.4555538645148,306.45555405677015,-1.9225535652367398e-07,2.5050333373564899,2.5050337755172976,-4.3816080763647847e-07
1500,0.014,306.6678398166826,306.66784001948838,-2.0280577928133425e-07,2.4696272043903851,2.4696273443518533,-1.3996146819295063e-07
1500,0.014999999999999999,306.89627746833003,306.89627767079492,-2.0246488929842599e-07,2.4135751659749247,2.4135748082566075,3.5771831718989233e-07
1500,0.016,307.14069348949528,307.14069367677678,-1.8728150052993442e-07,2.3298166597352874,2.3298156879210019,9.7181428548864801e-07
1500,0.017000000000000001,307.40079764576683,307.40079779974928,-1.539824552310165e-07,2.2115891035657893,2.2115875748178033,1.5287479859793507e-06
1500,0.018000000000000002,307.67616542720924,307.67616552777821,-1.0056896826426964e-07,2.0537971661592631,2.0537953595969713,1.8065622917617929e-06
1500,0.019,307.96622652600325,307.96622655256772,-2.6564464405964827e-08,1.8544271865542086,1.8544255693554703,1.617198738257386e-06
1500,0.02,308.27026248893293,308.27026146987458,1.0190583452640567e-06,1.6155916003747044,1.6155907093973543,8.9097735012089174e-07
1510,0,305.19725545007935,305.19725546320905,-1.3129692888469435e-08,2.5499992179944617,2.5499992190947967,-1.100334934278635e-09
1510,0.001,305.20489862095422,305.20489863296569,-1.201146915263962e-08,2.5499988038527595,2.5499988051154312,-1.2626717449393254e-09
1510,0.002,305.22783872311453,305.22783873915472,-1.6040189620980527e-08,2.5499970034412254,2.5499970059455568,-2.5043314089145952e-09
1510,0.0030000000000000001,305.26610723614169,305.26610725894966,-2.280796707054833e-08,2.5499914817515519,2.5499914873322562,-5.5807043430888825e-09
1510,0.0040000000000000001,305.31975564094375,305.31975567317392,-3.2230161650659284e-08,2.5499755508281767,2.5499755632675227,-1.2439345997705686e-08
1510,0.0050000000000000001,305.38885386451125,305.38885390873196,-4.4220712425158126e-08,2.5499315915049876,2.5499316181280669,-2.6623079296683727e-08
1510,0.0060000000000000001,305.47348794072667,305.47348799939761,-5.8670934777182993e-08,2.5498159815473569,2.5498160352661916,-5.3718834713833985e-08
1510,0.0070000000000000001,305.57375671258222,305.57375678800537,-7.5423145062814001e-08,2.5495272924521206,2.549527393496577,-1.0104445635761294e-07
1510,0.0080000000000000002,305.68976733995095,305.68976743417011,-9.4219160473585362e-08,2.5488446165429202,2.548844792071665,-1.7552874487236636e-07
1510,0.0090000000000000011,305.82162932098561,305.82162943559371,-1.1460809901109315e-07,2.5473184586181099,2.5473187373823674,-2.7876425745532174e-07
1510,0.01,305.96944670175594,305.96944683756743,-1.3581149005403859e-07,2.5440965928200225,2.5440969921074021,-3.9928737960437388e-07
1510,0.010999999999999999,306.1333081639558,306.13330832050366,-1.5654785556762363e-07,2.5376778357668859,2.5376783404031653,-5.0463627943031497e-07
1510,0.012,306.31327477657442,306.31327495136088,-1.7478646441304591e-07,2.5256140569851939,2.5256145959170802,-5.3893188622922139e-07
1510,0.013000000000000001,306.50936541375876,306.50936560134255,-1.875837938314362e-07,2.5042260641799223,2.5042264974501993,-4.3327027698936149e-07
1510,0.014,306.72154028231608,306.72154047481257,-1.9249648630648153e-07,2.4684517092775633,2.468451842229102,-1.3295153866721421e-07
1510,0.014999999999999999,306.94968417296423,306.94968436277327,-1.8980904314958025e-07,2.4119791627363441,2.4119787989023149,3.6383402912676388e-07
1510,0.016,307.19359477608629,307.19359494854888,-1.7246259176317835e-07,2.3278006090577299,2.3277996357487609,9.7330896897673824e-07
1510,0.017000000000000001,307.45299121678357,307.45299134340291,-1.2661934079005732e-07,2.2092270752455652,2.2092255521923474,1.523053217766801e-06
1510,0.018000000000000002,307.72757371776908,307.72757379180564,-7.4036563546542311e-08,2.051242245179977,2.0512404510690003,1.7941109766717034e-06
1510,0.019,308.01716820067679,308.01716826837281,-6.7696021233132342e-08,1.8518946906829139,1.8518930887332035,1.6019497104391434e-06
1510,0.02,308.32194357383253,308.32194371984326,-1.4601073416997679e-07,1.6133219665017178,1.6133210866618872,8.7983983054762405e-07
1520,0,305.24895250742571,305.24895252445486,-1.7029151422320865e-08,2.5499991410322993,2.5499991422027186,-1.1704193170203325e-09
1520,0.001,305.25661889577185,305.25661891170284,-1.5930993413348915e-08,2.5499986925642588,2.5499986939162111,-1.3519523278660017e-09
1520,0.002,305.27962802482824,305.27962804485031,-2.0022071112180129e-08,2.5499967520662548,2.5499967547271978,-2.6609430214818985e-09
1520,0.0030000000000000001,305.31800945319668,305.31800948009879,-2.6902114313998027e-08,2.5499908408520509,2.5499908467347625,-5.8827116511395161e-09
1520,0.0040000000000000001,305.37181130943497,305.37181134592691,-3.6491940136329504e-08,2.5499739066805365,2.5499739196947537,-1.3014217259410543e-08
1520,0.0050000000000000001,305.44109850285207,305.44109855155307,-4.8700997012929292e-08,2.5499274994656647,2.5499275271225921,-2.765692741490966e-08
1520,0.0060000000000000001,305.5259500461122,305.525950109495,-6.3382799453393091e-08,2.5498062455627322,2.5498063009970737,-5.543434156152216e-08
1520,0.0070000000000000001,305.62645531680192,305.62645539707495,-8.0273025560018141e-08,2.5495053132912822,2.5495054169110412,-1.0361975899542131e-07
1520,0.0080000000000000002,305.74270904318712,305.74270914206522,-9.8878103926836047e-08,2.5487977442624232,2.5487979232050533,-1.7894263004691879e-07
1520,0.0090000000000000011,305.8748047776607,305.87480489600614,-1.1834544011435355e-07,2.5472243056005599,2.54722458820219,-2.8260163009719008e-07
1520,0.01,306.02282664491378,306.02282678247741,-1.3756363159700413e-07,2.5439188232153667,2.5439192258327048,-4.0261733813551359e-07
1520,0.010999999999999999,306.18683927468749,306.18683943058278,-1.5589529311910155e-07,2.5373628646829376,2.5373633708185337,-5.0613559610113157e-07
1520,0.012,306.36687617605872,306.3668763499046,-1.7384587636115612e-07,2.5250911137534207,2.5250916511377453,-5.373843245948251e-07
1520,0.013000000000000001,306.56292764205057,306.56292783265644,-1.9060587419517105e-07,2.5034135790510192,2.5034140074177329,-4.2836671365620305e-07
1520,0.014,306.77493099493046,306.77493119237425,-1.9744379642361309e-07,2.4672721459658482,2.4672722719723104,-1.2600646215332745e-07
1520,0.014999999999999999,307.00276887789244,307.00276905458645,-1.766940158631769e-07,2.4103817091955184,2.4103813393662272,3.6982929119133701e-07
1520,0.016,307.24628473076331,307.24628485509697,-1.2433366691766423e-07,2.3257869857974738,2.3257860111041193,9.7469335447186722e-07
1520,0.017000000000000001,307.505325981927,307.50532605714403,-7.5217030826024711e-08,2.2068718461223522,2.2068703287885896,1.5173337626350758e-06
1520,0.018000000000000002,307.77982047939486,307.77982055892409,-7.9529229424224468e-08,2.0486978168955052,2.0486960351323198,1.781763185437768e-06
1520,0.019,308.06987754140494,308.06987769611038,-1.5470544667550712e-07,1.8493745921649487,1.8493730053134025,1.5868515461647803e-06
1520,0.02,308.37588618832086,308.37588644956946,-2.6124860141862882e-07,1.611063895512524,1.6110630273784701,8.68134053977343e-07
1530,0,305.30080179805731,305.30080181948966,-2.1432356334116776e-08,2.5499990576226073,2.5499990588673289,-1.2447216590771859e-09
1530,0.001,305.30848990105756,305.30848992141858,-2.0361028418847127e-08,2.5499985725083003,2.5499985739545203,-1.4462200326192942e-09
1530,0.002,305.33156345514328,305.33156347967395,-2.4530663722543977e-08,2.5499964831100712,2.5499964859350275,-2.8249562689097729e-09
1530,0.0030000000000000001,305.37004981495608,305.37004984648661,-3.1530532851320459e-08,2.5499901605449011,2.5499901667412561,-6.196354984666641e-09
1530,0.0040000000000000001,305.42399327872755,305.42399331997728,-4.1249734294979135e-08,2.5499721742438561,2.5499721878504196,-1.3606563431523e-08
1530,0.0050000000000000001,305.49345306565624,305.49345311917727,-5.3521034715231508e-08,2.549923217237446,2.5499232459516969,-2.8714250976946687e-08
1530,0.0060000000000000001,305.57850032231141,305.5785003903793,-6.8067890879319748e-08,2.5497961222848962,2.5497961794611022,-5.7176205991993356e-08
1530,0.0070000000000000001,305.67921401205007,305.6792140965556,-8.4505529684975045e-08,2.5494825960022798,2.549482702218425,-1.0621614521255651e-07
1530,0.0080000000000000002,305.79567553656545,305.79567563900912,-1.0244366421829909e-07,2.5487495654246937,2.5487497477842447,-1.8235955101530976e-07
1530,0.0090000000000000011,305.92796199246169,305.9279621140916,-1.216299096995499e-07,2.5471280205499198,2.547128306961131,-2.864112111922168e-07
1530,0.01,306.07613813762674,306.07613827940429,-1.4177754792399355e-07,2.5437378746025683,2.5437382804875273,-4.0588495897608823e-07
1530,0.010999999999999999,306.240247528076,306.24024768964591,-1.6156991478055716e-07,2.5370436155895946,2.5370441231423149,-5.0755272029689991e-07
1530,0.012,306.42030400456974,306.42030418160465,-1.7703490584608517e-07,2.5245630792614757,2.5245636150307558,-5.3576928005227842e-07
1530,0.013000000000000001,306.61628582899641,306.61628601026064,-1.8126422673958587e-07,2.5025959451566222,2.502596368607874,-4.2345125184084509e-07
1530,0.014,306.82813615568512,306.82813632375593,-1.6807081237857346e-07,2.466088595227971,2.4660887143538619,-1.1912589092943904e-07
1530,0.014999999999999999,307.05577462560922,307.05577476500923,-1.394000150867214e-07,2.4087828801183666,2.408782504411942,3.757064246379116e-07
1530,0.016,307.29912467516101,307.2991247855789,-1.1041788638976868e-07,2.3237758287398691,2.3237748527692301,9.7597063897225667e-07
1530,0.017000000000000001,307.55815851697588,307.55815861909048,-1.0211459766651387e-07,2.2045233947729708,2.2045218831799747,1.5115929961062591e-06
1530,0.018000000000000002,307.83295625772837,307.83295638594569,-1.2821732298107236e-07,2.0461637992333799,2.0461620297168794,1.7695165004383284e-06
1530,0.019,308.12376857683205,308.12376876301181,-1.8617976138557424e-07,1.84686675885928,1.8468651869432511,1.571916028897391e-06
1530,0.02,308.43106689450923,308.43106716562392,-2.7111468625662383e-07,1.6088173562695545,1.608816499761285,8.5650826942007541e-07
1540,0,305.35279250714245,305.35279253350711,-2.6364659788669087e-08,2.5499989673244428,2.5499989686478601,-1.323417375687086e-09
1540,0.001,305.36050060914988,305.36050063445907,-2.5309191187261604e-08,2.5499984431257676,2.5499984446714228,-1.545655159418402e-09
1540,0.002,305.38363334763784,305.38363337715344,-2.9515604182961397e-08,2.5499961956024517,2.5499961985990303,-2.9965785408592183e-09
1540,0.0030000000000000001,305.42221559559965,305.42221563214264,-3.6542985526466509e-08,2.5499894389856137,2.5499894455074772,-6.5218634937025399e-09
1540,0.0040000000000000001,305.47628737332826,305.47628741957277,-4.6244508666859474e-08,2.5499703500688997,2.5499703642854534,-1.421655371203201e-08
1540,0.0050000000000000001,305.54590163030224,305.54590168874819,-5.8445948525331914e-08,2.5499187387566353,2.5499187685516849,-2.9795049538705598e-08
1540,0.0060000000000000001,305.63112102392409,305.63112109686824,-7.2944146722875303e-08,2.549785601957284,2.5497856609013749,-5.8944090941537297e-08
1540,0.0070000000000000001,305.73201362488311,305.7320137143808,-8.9497689259587787e-08,2.5494591265896815,2.5494592354225598,-1.0883287826501942e-07
1540,0.0080000000000000002,305.84864754425735,305.84864765197733,-1.0771998404379701e-07,2.5487000628362186,2.5487002486147285,-1.8577850990908473e-07
1540,0.0090000000000000011,305.98108464048551,305.98108476725906,-1.2677355698542669e-07,2.5470295869401656,2.5470298771323621,-2.9019219649484285e-07
1540,0.01,306.12937377386351,306.12937391874914,-1.4488563238046481e-07,2.5435537384550422,2.5435541475452697,-4.0909022747115387e-07
1540,0.010999999999999999,306.2935445694846,306.29354472851003,-1.5902543282209081e-07,2.5367200976566302,2.5367206065454284,-5.0888879821187061e-07
1540,0.012,306.47360330994047,306.47360347534504,-1.6540457181690726e-07,2.5240299887688735,2.5240305228576405,-5.3408876699023722e-07
1540,0.013000000000000001,306.66953327694654,306.66953343823764,-1.6129109781104489e-07,2.5017732252587148,2.5017736437844151,-4.1852570031863934e-07
1540,0.014,306.88130230738517,306.88130245495688,-1.4757171129531343e-07,2.4649011366768945,2.464901248987037,-1.1231014251933402e-07
1540,0.014999999999999999,307.10888009826795,307.10888022874758,-1.3047963420831366e-07,2.4071827486853454,2.4071823672183217,3.8146702374675101e-07
1540,0.016,307.35226647370547,307.35226659394277,-1.2023730278087896e-07,2.3217671752752369,2.3217661981319102,9.7714332669696091e-07
1540,0.017000000000000001,307.61152927918869,307.61152940572578,-1.2653708836296573e-07,2.2021816994968257,2.202180193663553,1.5058332727413415e-06
1540,0.018000000000000002,307.88684721482451,307.88684736945271,-1.5462819646927528e-07,2.0436401112197342,2.0436383538523772,1.7573673569692971e-06
1540,0.019,308.17854981502182,308.17855001847045,-2.0344862150523113e-07,1.8443710580110544,1.8443695008525596,1.5571584948137485e-06
1540,0.02,308.48714529933187,308.48714557944993,-2.8011805852656835e-07,1.6065822545802113,1.6065814095746833,8.4500552799404716e-07
1550,0,305.40491240650925,305.40491243827205,-3.176279506078572e-08,2.5499988696740798,2.5499988710807711,-1.4066912079613303e-09
1550,0.001,305.4126385927633,305.41263862347688,-3.0713579235452926e-08,2.5499983038310456,2.549998305481509,-1.6504633215674858e-09
1550,0.002,305.43582469277959,305.43582472772005,-3.494045586194261e-08,2.5499958885354399,2.5499958917114744,-3.1760345464704187e-09
1550,0.0030000000000000001,305.4744928754584,305.47449291746722,-4.2008821310446365e-08,2.5499886742739419,2.5499886811334145,-6.8594725455284333e-09
1550,0.0040000000000000001,305.52867856335968,305.52867861514409,-5.1784411425614962e-08,2.5499684306303672,2.5499684454747333,-1.4844366180710722e-08
1550,0.0050000000000000001,305.59842811908402,305.59842818317463,-6.4090613705047872e-08,2.5499140578732997,2.549914088772617,-3.0899317327026665e-08
1550,0.0060000000000000001,305.68379558480427,305.68379566344186,-7.8637583555973833e-08,2.5497746747596475,2.549774735497305,-6.0737657570086867e-08
1550,0.0070000000000000001,305.78483852632246,305.78483862122431,-9.4901849934103666e-08,2.5494348910774685,2.5494350025466921,-1.1146922362925693e-07
1550,0.0080000000000000002,305.90161316148885,305.90161327344168,-1.1195282922926708e-07,2.548649219481721,2.548649408680264,-1.8919854305465833e-07
1550,0.0090000000000000011,306.03416917432003,306.03416930261056,-1.2829053730456508e-07,2.5469289886316338,2.546929282575447,-2.9394381328984309e-07
1550,0.01,306.18254493952725,306.18254508138205,-1.4185479813022539e-07,2.5433664067985009,2.5433668190316658,-4.1223316493699258e-07
1550,0.010999999999999999,306.34676428161964,306.34676443202136,-1.5040171774671762e-07,2.5363923205859367,2.5363928307309425,-5.1014500579427136e-07
1550,0.012,306.52683628514234,306.52683643747037,-1.5232802752507268e-07,2.5234918777362534,2.5234924100810305,-5.3234477714880768e-07
1550,0.013000000000000001,306.72275990584427,306.72276005356906,-1.4772479062230559e-07,2.5009454816865722,2.5009458952783832,-4.1359181102151865e-07
1550,0.014,306.93453500366917,306.93453514283073,-1.3916155694460031e-07,2.4637098487790912,2.4637099543385883,-1.0555949714330382e-07
1550,0.014999999999999999,307.16218073650862,307.16218086812751,-1.3161889000912197e-07,2.4055813865223876,2.4055809994097324,3.871126552645876e-07
1550,0.016,307.40576094195706,307.40576107318259,-1.3122553355060518e-07,2.3197610614421733,2.3197600832282381,9.782139351877106e-07
1550,0.017000000000000001,307.66541433561895,307.66541447912101,-1.4350206356539275e-07,2.1998467383766904,2.1998452383200937,1.5000565967149271e-06
1550,0.018000000000000002,307.94138548060727,307.94138565242719,-1.7181992006953806e-07,2.0411266724445638,2.0411249271319827,1.7453125811250914e-06
1550,0.019,308.23405113866244,308.23405135542839,-2.1676595451936009e-07,1.8418873619133669,1.8418858193350716,1.5425782953215617e-06
1550,0.02,308.54393640040087,308.54393668948819,-2.8908732474519638e-07,1.6043584842244922,1.6043576505885648,8.3363592739971182e-07
1560,0,305.45714807184328,305.45714810963591,-3.7792631246702513e-08,2.5499987641842803,2.5499987656790051,-1.4947247883867476e-09
1560,0.001,305.46489028553498,305.46489032229806,-3.6763083244295558e-08,2.5499981540112864,2.549998155772117,-1.7608305924454726e-09
1560,0.002,305.48812353684428,305.48812357788535,-4.1041062104341108e-08,2.5499955608626359,2.5499955642261782,-3.3635423335454107e-09
1560,0.0030000000000000001,305.52686719704764,305.52686724521101,-4.816337195734377e-08,2.5499878644534086,2.5499878716628093,-7.2094006320355675e-09
1560,0.0040000000000000001,305.58115202692443,305.58115208484475,-5.7920317431126023e-08,2.5499664123271528,2.5499664278173042,-1.5490151383801276e-08
1560,0.0050000000000000001,305.65101792258423,305.65101799256666,-6.9982434069970623e-08,2.5499091683528921,2.5499092003799113,-3.202701925886231e-08
1560,0.0060000000000000001,305.73651085850719,305.73651094232002,-8.3812835782737238e-08,2.5497633308114858,2.5497633933680373,-6.2556551494452606e-08
1560,0.0070000000000000001,305.83767920306315,305.83767930165118,-9.8588031960389344e-08,2.5494098755137431,2.5494099896381859,-1.1412444278491307e-07
1560,0.0080000000000000002,305.9545697351104,305.95456984826859,-1.1315819392621052e-07,2.5485970185279716,2.5485972111466544,-1.9261868278164229e-07
1560,0.0090000000000000011,306.08722390304621,306.08722402915203,-1.2610581734406878e-07,2.546826209870213,2.5468265075355379,-2.9766532483321839e-07
1560,0.01,306.23567512028484,306.23567525624736,-1.3596252301795175e-07,2.5431758722021862,2.5431762875160082,-4.1531382199977429e-07
1560,0.010999999999999999,306.39994813350125,306.39994827509776,-1.4159650163492188e-07,2.536060294595043,2.5360608059175442,-5.1132250122876144e-07
1560,0.012,306.58006164815288,306.58006179085521,-1.4270233350544004e-07,2.5229487818077243,2.5229493123469835,-5.3053925919144262e-07
1560,0.013000000000000001,306.77603534204724,306.77603548227631,-1.4022907635080628e-07,2.5001127763295452,2.5001131849808087,-4.0865126349487468e-07
1560,0.014,306.98790203893651,306.98790217549146,-1.3655494512931909e-07,2.4625148088677502,2.4625149077419297,-9.8874179510488602e-08
1560,0.014999999999999999,307.21572509680919,307.21572523206038,-1.352511844743276e-07,2.4039788637311617,2.4039784710862819,3.9264487972090478e-07
1560,0.016,307.45962003412922,307.45962017457714,-1.4044792351342039e-07,2.3177575219741562,2.317756542789164,9.7918499220028821e-07
1560,0.017000000000000001,307.71977824380571,307.71977839979917,-1.5599346170347417e-07,2.1975184893028157,2.1975169950381437,1.4942646719973141e-06
1560,0.018000000000000002,307.99648961521228,307.99648979989473,-1.8468244888936169e-07,2.0386234028379171,2.0386216694873567,1.7333505604177901e-06
1560,0.019,308.29016033105569,308.29016055887001,-2.2781432562624104e-07,1.8394155475592324,1.8394140193883015,1.5281709309089564e-06
1560,0.02,308.60132189415367,308.60132259337627,-6.9922259626764571e-07,1.6021459352002883,1.6021451127837751,8.2241651311321107e-07
1570,0,305.50948543990711,305.50948548256684,-4.2659735299821477e-08,2.5499986503435603,2.5499986519452875,-1.6017271953217005e-09
1570,0.001,305.51724159348709,305.51724163664375,-4.3156660467502661e-08,2.549997993025662,2.5499979949038556,-1.8781936006462274e-09
1570,0.002,305.54051575370664,305.54051580111485,-4.7408207137777936e-08,2.5499952114984952,2.5499952150586589,-3.5601637193849456e-09
1570,0.0030000000000000001,305.57932458744369,305.57932464180067,-5.4356974032998551e-08,2.5499870075108766,2.5499870150834054,-7.5725288262162849e-09
1570,0.0040000000000000001,305.63369445764295,305.63369452134503,-6.3702088937134249e-08,2.5499642914826337,2.5499643076372687,-1.6154634963072567e-08
1570,0.0050000000000000001,305.70365939028358,305.7036594652601,-7.4976526320824632e-08,2.5499040638779169,2.5499040970565341,-3.3178617186990778e-08
1570,0.0060000000000000001,305.78925843495409,305.78925852245925,-8.7505156898259884e-08,2.5497515601754648,2.5497516245763121,-6.4400847321621768e-08
1570,0.0070000000000000001,305.89053268436322,305.89053278475507,-1.0039184417109936e-07,2.5493840659753459,2.5493841827735473,-1.1679820133281282e-07
1570,0.0080000000000000002,306.0075223625704,306.00752247513532,-1.1256491916356026e-07,2.5485434433273877,2.5485436393657506,-1.9603836287629406e-07
1570,0.0090000000000000011,306.14026455891951,306.140264681823,-1.229034864991263e-07,2.54672123528634,2.546721536642703,-3.0135636297501378e-07
1570,0.01,306.28879234515477,306.28879247561554,-1.3046076219325187e-07,2.5429821277700495,2.5429825461026527,-4.1833260322476917e-07
1570,0.010999999999999999,306.45313611876247,306.45313625354015,-1.3477767879521707e-07,2.5357240304009316,2.5357245428237043,-5.1242277265828307e-07
1570,0.012,306.63332800356483,306.63332813986852,-1.3630369721795432e-07,2.5224007367938097,2.5224012654682277,-5.2867441802106896e-07
1570,0.013000000000000001,306.82940993770285,306.82941007441224,-1.3670938869836391e-07,2.4992751706304315,2.4992755743364024,-4.0370597087502347e-07
1570,0.014,307.04144556953992,307.04144570679455,-1.3725463077207678e-07,2.4613160931559057,2.4613161854105656,-9.2254659911361614e-08
1570,0.014999999999999999,307.2695348116942,307.26953494803735,-1.3634314655064372e-07,2.4023752489189829,2.4023748508540059,3.9806497698080534e-07
1570,0.016,307.51382628885801,307.51382643302583,-1.4416781368709053e-07,2.3157565903469761,2.3157556102882411,9.8005873505613295e-07
1570,0.017000000000000001,307.77451394459558,307.77451412416207,-1.7956648434847011e-07,2.195196929967504,2.1951954415089228,1.488458581277996e-06
1570,0.018000000000000002,308.0517898953359,308.05179011749664,-2.2216073602976394e-07,2.0361302227369706,2.0361285012565569,1.7214804137744011e-06
1570,0.019,308.34572287876802,308.34572307935639,-2.0058837435499299e-07,1.8369554956210039,1.8369539816894687,1.5139315352463711e-06
1570,0.02,308.65607204564174,308.6560721445237,-9.8881969279318582e-08,1.5999446288663579,1.5999438179262007,8.1094015724758606e-07
1580,0,305.56191068128561,305.56191073062791,-4.9342304464516928e-08,2.5499985276154487,2.5499985293152898,-1.6998411567215044e-09
1580,0.001,305.56967879960172,305.56967884937399,-4.977226808478008e-08,2.549997820204629,2.5499978222049053,-2.0002763889692687e-09
1580,0.002,305.59298802766386,305.59298808146605,-5.3802182264917064e-08,2.5499948393176433,2.5499948430820663,-3.7644229955446917e-09
1580,0.0030000000000000001,305.6318526101914,305.63185267051097,-6.0319564454403007e-08,2.5499861013761405,2.5499861093238891,-7.9477486814027998e-09
1580,0.0040000000000000001,305.68629507561337,305.68629514455728,-6.894390480738366e-08,2.5499620643450287,2.5499620811818535,-1.683682482322979e-08
1580,0.0050000000000000001,305.75634454788258,305.75634462701265,-7.9130074936983874e-08,2.5498987380496354,2.5498987724027034,-3.4353067945858129e-08
1580,0.0060000000000000001,305.84203466144237,305.84203475160837,-9.0165997335134307e-08,2.5497393528608239,2.549739419130121,-6.6269297160914675e-08
1580,0.0070000000000000001,305.9434013898487,305.94340149106938,-1.0122067806150881e-07,2.5493574485723451,2.5493575680613079,-1.194889627242901e-07
1580,0.0080000000000000002,306.06048121659046,306.06048132805813,-1.1146767064929008e-07,2.548488477421436,2.5484886768773563,-1.9945592022452274e-07
1580,0.0090000000000000011,306.19331018761534,306.19331030787657,-1.2026123386021936e-07,2.546614049893777,2.5466143549093547,-3.0501557768403131e-07
1580,0.01,306.34192445297793,306.34192458012353,-1.2714559716187068e-07,2.5427851671319037,2.5427855884209003,-4.2128899657711827e-07
1580,0.010999999999999999,306.506362862245,306.50636299356393,-1.3131892728779349e-07,2.5353835392041555,2.5353840526505493,-5.1344639384609536e-07
1580,0.012,306.68667189192206,306.68667202307103,-1.3114896546539967e-07,2.5218477786550033,2.521848305406571,-5.2675156769765863e-07
1580,0.013000000000000001,306.88291240404169,306.88291253054336,-1.2650167491301545e-07,2.4984327255794203,2.4984331243363633,-3.987569430208282e-07
1580,0.014,307.09516609695407,307.09516622184805,-1.2489397249737522e-07,2.4601137767494885,2.4601138624500392,-8.5700550656042651e-08
1580,0.014999999999999999,307.32353676896639,307.32353691145227,-1.4248587376641808e-07,2.4007706092287151,2.4007702058536862,4.0337502893450505e-07
1580,0.016,307.56813825646469,307.56813844032888,-1.8386418787486036e-07,2.3137582988247907,2.3137573179865991,9.8083819155547758e-07
1580,0.017000000000000001,307.82905943433599,307.82905965430569,-2.1996970644977409e-07,2.19288203784552,2.1928805552053916,1.4826401284473434e-06
1580,0.018000000000000002,308.10630087713787,308.1063010786645,-2.0152663182670949e-07,2.0336470530429884,2.0336453433403467,1.7097026416834638e-06
1580,0.019,308.39969007087353,308.39969018128897,-1.1041544212275767e-07,1.8345070908087686,1.8345055909474381,1.4998613304673114e-06
1580,0.02,308.70879866327203,308.70879867018226,-6.9102270572329871e-09,1.5977544290841048,1.597753629218897,7.9986520784558479e-07
1590,0,305.61441115802751,305.61441121385212,-5.5824614264565753e-08,2.5499983954377621,2.5499983972410472,-1.8032850768179287e-09
1590,0.001,305.62218951135173,305.62218956749712,-5.6145381677197292e-08,2.549997634849194,2.5499976369777126,-2.1285186946329304e-09
1590,0.002,305.64552875306555,305.64552881290194,-5.9836395394086139e-08,2.5499944431542034,2.5499944471315943,-3.9773908611095976e-09
1590,0.0030000000000000001,305.68444113005279,305.68444119581068,-6.5757888023654232e-08,2.5499851439215546,2.5499851522574914,-8.3359368296953562e-09
1590,0.0040000000000000001,305.73894610205127,305.73894617555914,-7.3507862907717936e-08,2.5499597270877752,2.5499597446252067,-1.7537431507008705e-08
1590,0.0050000000000000001,305.80906906541122,305.80906914797112,-8.2559893144207308e-08,2.5498931843897905,2.5498932199406026,-3.5550812071960536e-08
1590,0.0060000000000000001,305.89483987359517,305.894839965882,-9.2286825292831054e-08,2.5497266988267673,2.5497267669887211,-6.81619538589473e-08
1590,0.0070000000000000001,305.99629146480964,305.99629156678139,-1.0197175015491666e-07,2.5493300094524383,2.5493301316488335,-1.2219639522470516e-07
1590,0.0080000000000000002,306.11345897994175,306.11345909069968,-1.1075792372139404e-07,2.5484321045438425,2.5484323074146684,-2.0287082591607941e-07
1590,0.0090000000000000011,306.24637977486412,306.24637989245724,-1.1759311746573076e-07,2.5465046390882145,2.546504947730885,-3.0864267053232197e-07
1590,0.01,306.39509463642941,306.3950947579101,-1.2148069572504028e-07,2.5425849844345882,2.5425854086180455,-4.2418345724826167e-07
1590,0.010999999999999999,306.55965020250193,306.5596503249551,-1.2245317293491098e-07,2.5350388326732749,2.5350393470681198,-5.1439484494153476e-07
1590,0.012,306.74010194463074,306.74010206770447,-1.2307373253861442e-07,2.5212899434858929,2.5212904682587349,-5.2477284206986496e-07
1590,0.013000000000000001,306.93651602645792,306.93651615522668,-1.2876876098744106e-07,2.4975855017085369,2.4975858955145158,-3.9380597893767799e-07
1590,0.014,307.14896702089931,307.14896716560708,-1.4470776932284934e-07,2.4589079336602429,2.4589080128724872,-7.9212244319393221e-08
1590,0.014999999999999999,307.37752734443899,307.37752751362984,-1.6919085510380683e-07,2.3991650103686242,2.3991646017923114,4.0857631278257145e-07
1590,0.016,307.62224426103552,307.62224445031489,-1.8927937617263524e-07,2.3117626785031029,2.3117616969776167,9.8152548622110203e-07
1590,0.017000000000000001,307.88310245452408,307.88310264137334,-1.8684926317291684e-07,2.1905737901755589,2.1905723133654003,1.4768101586071225e-06
1590,0.018000000000000002,308.15997486668846,308.15997501529614,-1.4860768260405166e-07,2.0311738153671484,2.0311721173503772,1.6980167711899696e-06
1590,0.019,308.45257062118367,308.45257069879455,-7.7610877724509919e-08,1.8320702237046222,1.8320687377519649,1.4859526573651749e-06
1590,0.02,308.76039372728081,308.76039372260101,4.6798049879726022e-09,1.5955751865777676,1.5955743976189587,7.8895880895046844e-07
1600,0,305.66697620553396,305.66697626740881,-6.1874857237853575e-08,2.5499982532218568,2.5499982551341085,-1.9122516903280484e-09
1600,0.001,305.67476340169577,305.67476346376145,-6.2065680594969308e-08,2.5499974362301789,2.5499974384933011,-2.2631221341384844e-09
1600,0.002,305.6981286440647,305.69812870943321,-6.5368510604457697e-08,2.5499940218011443,2.5499940260004275,-4.1992831434356503e-09
1600,0.0030000000000000001,305.73708267968641,305.73708275033567,-7.0649264216626761e-08,2.5499841329616921,2.5499841416989963,-8.737304213468633e-09
1600,0.0040000000000000001,305.79164274776508,305.79164282527739,-7.7512311236205278e-08,2.5499572758099673,2.5499572940665427,-1.8256575362585181e-08
1600,0.0050000000000000001,305.86183171840372,305.86183180382335,-8.5419628703675698e-08,2.5498873963423905,2.5498874331141694,-3.6771778955113632e-08
1600,0.0060000000000000001,305.94767717116491,305.94767726484997,-9.368505970996921e-08,2.5497135879858339,2.5497136580642681,-7.007843416673154e-08
1600,0.0070000000000000001,306.04921066338255,306.04921076489012,-1.015075667964993e-07,2.5493017348052343,2.5493018597250017,-1.2491976741912936e-07
1600,0.0080000000000000002,306.16646743697288,306.16646754508423,-1.0811135098265368e-07,2.548374308623607,2.5483745149058006,-2.062821935489012e-07
1600,0.0090000000000000011,306.29948671862104,306.29948683170323,-1.1308219427519361e-07,2.5463929886456751,2.5463933008827033,-3.1223702823268695e-07
1600,0.01,306.44831253015786,306.4483126470297,-1.1687183132380596e-07,2.5423815743330782,2.5423820013492362,-4.2701615798890202e-07
1600,0.010999999999999999,306.61299450145737,306.61299462261456,-1.2115719982830342e-07,2.5346899229295752,2.5346904381988922,-5.1526931699186207e-07
1600,0.012,306.79358757376326,306.7935877022241,-1.2846084018747206e-07,2.5207272674998511,2.5207277902399041,-5.2274005302166415e-07
1600,0.013000000000000001,306.99014880677458,306.99014894738002,-1.4060543662708369e-07,2.4967335590865996,2.496733947941137,-3.8885453745862719e-07
1600,0.014,307.20272901418741,307.20272917065626,-1.5646884321540711e-07,2.4576986368186433,2.4576987096084801,-7.2789836824682652e-08
1600,0.014999999999999999,307.43135703332274,307.43135720376142,-1.7043868183463928e-07,2.3975585166423237,2.3975581029719653,4.1367035841233246e-07
1600,0.016,307.67601546458303,307.67601563826145,-1.7367841564919217e-07,2.3097697593480548,2.3097687772251128,9.8212294208366302e-07
1600,0.017000000000000001,307.93660883732741,307.93660899508126,-1.5775384554217453e-07,2.1882721639507179,2.1882706929809097,1.4709698081816214e-06
1600,0.018000000000000002,308.21292801977432,308.21292813790035,-1.1812602451755083e-07,2.0287104321879696,2.0287087457651434,1.6864228262747361e-06
1600,0.019,308.50461738560483,308.50461744187231,-5.6267481340910308e-08,1.8296447874184709,1.829643315222093,1.4721963779162905e-06
1600,0.02,308.81115257969378,308.81115256165322,1.8040566374111222e-08,1.5934067784846546,1.5934060002831221,7.7820153254748448e-07
1610,0,305.71959759179629,305.71959765911532,-6.7319035679247463e-08,2.5499981003518952,2.5499981023788312,-2.0269359524149877e-09
1610,0.001,305.72739261463272,305.72739268199717,-6.7364453570917249e-08,2.5499972235874959,2.5499972259917905,-2.4042945412361405e-09
1610,0.002,305.75078097515865,305.75078104538682,-7.0228168169705896e-08,2.5499935740096351,2.5499935784399534,-4.4303183344140962e-09
1610,0.0030000000000000001,305.78977241166251,305.78977248642673,-7.4764216151379514e-08,2.5499830662530361,2.5499830754050907,-9.1520546696699512e-09
1610,0.0040000000000000001,305.84438273008141,305.84438281064706,-8.056565548031358e-08,2.5499547065368291,2.5499547255312112,-1.8994382067205606e-08
1610,0.0050000000000000001,305.91463328194612,305.91463336905582,-8.7109697233245242e-08,2.5498813672754963,2.5498814052913752,-3.8015878889297028e-08
1610,0.0060000000000000001,306.00055043732823,306.00055053115335,-9.382512189404224e-08,2.5497000102072569,2.5497000822255935,-7.2018336627621693e-08
1610,0.0070000000000000001,306.10216519067654,306.10216529090206,-1.0022552032751264e-07,2.5492726108664288,2.5492727385247815,-1.2765835277761539e-07
1610,0.0080000000000000002,306.21951297030574,306.21951307641029,-1.0610455092319171e-07,2.548315073787832,2.5483152834769922,-2.0968916025765338e-07
1610,0.0090000000000000011,306.35263356328045,306.35263367500914,-1.1172869562869892e-07,2.5462790847207488,2.5462794005188285,-3.1579807968640239e-07
1610,0.01,306.50157080261948,306.50157092050227,-1.1788279152824543e-07,2.5421749319816302,2.5421753617689302,-4.2978729997145138e-07
1610,0.010999999999999999,306.6663713098514,306.66637143545358,-1.2560218465296202e-07,2.5343368225320888,2.5343373386030779,-5.1607098905392945e-07
1610,0.012,306.84708121184087,306.84708134735507,-1.3551419897339656e-07,2.5201597870142769,2.5201603076692529,-5.2065497602171718e-07
1610,0.013000000000000001,307.04373948920295,307.04373963618588,-1.4698292716275319e-07,2.495876957314636,2.4958773412186668,-3.8390403078736313e-07
1610,0.014,307.25636664662647,307.25636680407348,-1.5744700476716389e-07,2.4564859580867715,2.456486024520157,-6.6433385459419014e-08
1610,0.014999999999999999,307.48494789921409,307.48494806170226,-1.6248816336883465e-07,2.3959511909785558,2.3959507723198654,4.1865869038204551e-07
1610,0.016,307.72941112393329,307.72941128078338,-1.5685009202570654e-07,2.3077795702320194,2.3077785875992016,9.8263281778088185e-07
1610,0.017000000000000001,307.98960132056328,307.98960145637267,-1.3580938684754074e-07,2.1859771359197593,2.1859756707995412,1.4651202180360201e-06
1610,0.018000000000000002,308.26525491454925,308.265255011112,-9.6562757789797615e-08,2.0262568270153087,2.026255152094572,1.6749207367716679e-06
1610,0.019,308.55597839469795,308.55597843352297,-3.8825021420052508e-08,1.8272306754585186,1.8272292168690589,1.4585894596574889e-06
1610,0.02,308.86123598516099,308.86123595414529,3.101570200669812e-08,1.5912490891206692,1.5912483215345137,7.6758615552563469e-07
1620,0,305.77226958354487,305.7722696553783,-7.1833426318335114e-08,2.5499979361841083,2.5499979383316549,-2.1475465850073761e-09
1620,0.001,305.78007176738794,305.78007183910108,-7.1713145644025644e-08,2.5499969961294244,2.5499969986816691,-2.5522446378545283e-09
1620,0.002,305.80348138672815,305.80348146081502,-7.4086869972234126e-08,2.5499930984884247,2.5499931031591432,-4.6707184786498601e-09
1620,0.0030000000000000001,305.84250756203721,305.8425076398791,-7.7841889378760243e-08,2.5499819414936979,2.5499819510740904,-9.5803924793358419e-09
1620,0.0040000000000000001,305.8971652375767,305.8971653202284,-8.2651695265667513e-08,2.549952015220228,2.5499520349711888,-1.9750960866815603e-08
1620,0.0050000000000000001,305.9674748579456,305.96747494610082,-8.8155218236352084e-08,2.5498750904830603,2.5498751297660895,-3.9283029273917691e-08
1620,0.0060000000000000001,306.0534620062889,306.05346210032678,-9.4037886810838245e-08,2.5496859553202875,2.5496860293015469,-7.3981259340882843e-08
1620,0.0070000000000000001,306.15515702141988,306.15515712155212,-1.0013224027716205e-07,2.5492426239218786,2.5492427543333052,-1.3041142654657278e-07
1620,0.0080000000000000002,306.27259451374283,306.27259462023591,-1.0649307569110533e-07,2.548254384364363,2.5482545974552409,-2.1309087783194514e-07
1620,0.0090000000000000011,306.40581253883613,306.40581265223159,-1.1339545835653553e-07,2.5461629138446593,2.5461632331699295,-3.1932527022604518e-07
1620,0.01,306.5548509759281,306.55485109712589,-1.2119778602937004e-07,2.5419650530249123,2.5419654855220117,-4.3249709946735493e-07
1620,0.010999999999999999,306.71974843673047,306.71974856678605,-1.3005558230361203e-07,2.5339795444629263,2.5339800612639718,-5.1680104551365957e-07
1620,0.012,306.9005368701159,306.90053700965927,-1.3954337418908835e-07,2.51958753843636,2.5195880569557212,-5.1851936122560005e-07
1620,0.013000000000000001,307.09723302542119,307.09723317373613,-1.483149389969185e-07,2.4950157555217323,2.4950161344775474,-3.7895581517233268e-07
1620,0.014,307.30982618635659,307.30982634031977,-1.5396318531202269e-07,2.455269968271204,2.4552700284141205,-6.0142916424865689e-08
1620,0.014999999999999999,307.53826214284396,307.53826229606477,-1.5322081026170054e-07,2.3943430949606812,2.3943426714178435,4.235428376908601e-07
1620,0.016,307.78242420023571,307.78242434271397,-1.4247825674829073e-07,2.3057921389661868,2.3057911559088895,9.8305729734349256e-07
1620,0.017000000000000001,308.04211299357752,308.04211311203233,-1.1845480685224175e-07,2.1836886825991932,2.1836872233366242,1.4592625690035277e-06
1620,0.018000000000000002,308.31702773695514,308.3170278158268,-7.8871664754842641e-08,2.0238129244456857,2.0238112609357981,1.6635098876172094e-06
1620,0.019,308.60675200966244,308.60675203240885,-2.2746405647922074e-08,1.8248277818410246,1.8248263367106625,1.4451303620433009e-06
1620,0.02,308.91074778678541,308.91074698251123,8.0427417969985981e-07,1.5891020067765189,1.5891012496938877,7.5708263125306985e-07
1630,0,305.82498855865572,305.82498863524091,-7.6585195074585499e-08,2.5499977600460704,2.5499977623110035,-2.264933129936253e-09
1630,0.001,305.83279749582056,305.83279757105208,-7.5231525897834217e-08,2.549996753031897,2.5499967557382512,-2.7063542518135364e-09
1630,0.002,305.85622723460585,305.85622731180172,-7.719586392340716e-08,2.5499925939032302,2.549992598823362,-4.9201318574887409e-09
1630,0.0030000000000000001,305.89528649831146,305.89528657869641,-8.0384950251755072e-08,2.5499807563231722,2.5499807663452416,-1.0022069396597999e-08
1630,0.0040000000000000001,305.94998963442941,305.94998971900566,-8.457624289803789e-08,2.5499491977392306,2.5499492182652705,-2.0526039978818744e-08
1630,0.0050000000000000001,306.02035633332321,306.02035642288428,-8.9561069671617588e-08,2.5498685591867702,2.549868599759566,-4.0572795789728389e-08
1630,0.0060000000000000001,306.10641121803747,306.1064113132266,-9.518913657302619e-08,2.549671413117502,2.5496714890839982,-7.596649620467133e-08
1630,0.0070000000000000001,306.20818322841836,306.2081833298289,-1.0141053508050391e-07,2.5492117603115569,2.5492118934895585,-1.3317800151568804e-07
1630,0.0080000000000000002,306.32570462658487,306.32570473486311,-1.0827824326042901e-07,2.5481922248842599,2.5481924413705368,-2.1648627690495914e-07
1630,0.0090000000000000011,306.45900932321899,306.45900943910044,-1.1588144843699411e-07,2.5460444629231853,2.5460447857410369,-3.2281785156129672e-07
1630,0.01,306.60813008817172,306.60813021237374,-1.242020175595826e-07,2.5417519335891683,2.5417523687347692,-4.3514560088553367e-07
1630,0.010999999999999999,306.77309410498196,306.77309423786625,-1.3288428135638242e-07,2.5336181021129027,2.5336186195733674,-5.1746046469958173e-07
1630,0.012,306.95391631146259,306.95391645235662,-1.4089403066464001e-07,2.5190105582493696,2.5190110745840948,-5.1633472519796442e-07
1630,0.013000000000000001,307.15059010020434,307.15059024633109,-1.4612675158787169e-07,2.4941500123612985,2.4941503863723296,-3.7401103103462674e-07
1630,0.014,307.36307532903515,307.36307547548773,-1.4645257806478185e-07,2.4540507371359084,2.4540507910541698,-5.3918261411212143e-08
1630,0.014999999999999999,307.59128453737344,307.59128468120019,-1.4382675317392568e-07,2.3927342888556842,2.3927338605312083,4.28324475887365e-07
1630,0.016,307.8350709134055,307.83507104931118,-1.3590567959909094e-07,2.3038074923309364,2.3038065089322615,9.8339867493635325e-07
1630,0.017000000000000001,308.09422804564775,308.09422814466529,-9.9017540833301609e-08,2.1814067802944304,2.1814053268961686,1.453398261741512e-06
1630,0.018000000000000002,308.3685215747746,308.36852161957705,-4.4802447973779636e-08,2.0213786501137236,2.0213769979241762,1.6521895473964321e-06
1630,0.019,308.65777496017972,308.65777499125153,-3.1071806461113738e-08,1.8224360014400307,1.822434569622333,1.4318176977390351e-06
1630,0.02,308.96200268379147,308.96200275631514,-7.2523675953561906e-08,1.5869653344378143,1.5869645874307186,7.4700709573605195e-07
1640,0,305.87775223163209,305.87775231115666,-7.9524568263877882e-08,2.5499975712359588,2.5499975736339588,-2.3980000207757257e-09
1640,0.001,305.88556763918888,305.88556771727184,-7.808296231814893e-08,2.5499964934377846,2.5499964963062713,-2.8684867814376958e-09
1640,0.002,305.90901667053674,305.90901675034206,-7.9805317909631412e-08,2.5499920588761555,2.5499920640560623,-5.1799067257718434e-09
1640,0.0030000000000000001,305.9481076885466,305.94810777120813,-8.2661529177130433e-08,2.5499795083221186,2.5499795188002956,-1.0478176992734234e-08
1640,0.0040000000000000001,306.00285441159775,306.00285449812094,-8.6523186837439425e-08,2.5499462499006955,2.5499462712211747,-2.1320479159925299e-08
1640,0.0050000000000000001,306.07327554617666,306.07327563746242,-9.1285755843273364e-08,2.5498617665379397,2.5498618084236662,-4.1885726442814075e-08
1640,0.0060000000000000001,306.15939417821977,306.15939427509909,-9.6879318789433455e-08,2.5496563733580802,2.549656451332293,-7.7974212864262427e-08
1640,0.0070000000000000001,306.26123679075931,306.26123689401788,-1.0325857147108763e-07,2.5491800064334029,2.5491801423912985,-1.3595789560838512e-07
1640,0.0080000000000000002,306.37883169733334,306.37883180766948,-1.1033614555344684e-07,2.5481285800840765,2.5481287999591213,-2.1987504483789166e-07
1640,0.0090000000000000011,306.51220659757234,306.51220671544257,-1.178702291326772e-07,2.5459237192343922,2.545924045510195,-3.2627580281996416e-07
1640,0.01,306.66138490175274,306.66138502722953,-1.2547678807095508e-07,2.5415355702733713,2.5415360080068674,-4.3773349611697654e-07
1640,0.010999999999999999,306.82638048823833,306.82638062132253,-1.3308419966051588e-07,2.5332525092674407,2.5332530273182789,-5.1805083822742404e-07
1640,0.012,307.00719075318278,307.00719089453014,-1.4134735693005496e-07,2.518428882999443,2.5184293971025817,-5.1410313872679581e-07
1640,0.013000000000000001,307.20378836991955,307.20378851962846,-1.4970891015764209e-07,2.4932797860077645,2.4932801550790589,-3.6907129441487996e-07
1640,0.014,307.41611336037965,307.41611351214408,-1.5176442502706777e-07,2.4528283334152476,2.4528283811749669,-4.7759719290496605e-08
1640,0.014999999999999999,307.64406906754834,307.64406920244016,-1.3489182038028957e-07,2.3911248316426557,2.3911243986378725,4.3300478314023394e-07
1640,0.016,307.88752798523825,307.88752808020303,-9.496477559878258e-08,2.30182565610491,2.3018246724462341,9.8365867584604416e-07
1640,0.017000000000000001,308.14635448652336,308.14635454480759,-5.8284228998672916e-08,2.179131405124942,2.179129957596837,1.4475281049364241e-06
1640,0.018000000000000002,308.42044854796291,308.42044860514522,-5.7182319324056152e-08,2.0189539306130482,2.0189522896549228,1.6409581253817862e-06
1640,0.019,308.70980574202093,308.70980582949812,-8.7477189936180366e-08,1.8200552294980572,1.8200538108516107,1.4186464465382187e-06
1640,0.02,309.0145768770455,309.01457701393133,-1.3688583067050786e-07,1.5848389824800186,1.5848382456097048,7.3687031387770219e-07
1650,0,305.9305587362478,305.93055881835113,-8.2103326803917298e-08,2.5499973690218316,2.54999737155944,-2.5376083456762899e-09
1650,0.001,305.93838032428096,305.93838040489555,-8.0614597663952736e-08,2.5499962164561989,2.5499962194942301,-3.0380311599742527e-09
1650,0.002,305.96184774819938,305.96184783041031,-8.2210931395820808e-08,2.5499914919851103,2.5499914974348097,-5.4496993584507436e-09
1650,0.0030000000000000001,306.00096889859657,306.00096898349966,-8.4903092556487536e-08,2.5499781950121831,2.5499782059606355,-1.0948452366932315e-08
1650,0.0040000000000000001,306.05575661288105,306.05575670149125,-8.8610192960913992e-08,2.5499431674399076,2.5499431895738818,-2.2133974209026519e-08
1650,0.0050000000000000001,306.12622814133277,306.12622823458656,-9.3253788691072259e-08,2.5498547056193916,2.5498547488407532,-4.3221361600842556e-08
1650,0.0060000000000000001,306.21240426401442,306.21240436275747,-9.8743043963622767e-08,2.5496408257710428,2.5496409057747385,-8.0003695668295904e-08
1650,0.0070000000000000001,306.31430790953669,306.31430801452603,-1.0498933988856152e-07,2.5491473487470708,2.5491474874971982,-1.3875012738751025e-07
1650,0.0080000000000000002,306.43196208185407,306.43196219382475,-1.1197067806278937e-07,2.5480634349079914,2.5480636581641307,-2.2325613935336719e-07
1650,0.0090000000000000011,306.5653868871957,306.56538700699571,-1.1980000635958277e-07,2.5458006704262925,2.545801000124722,-3.2969842944652328e-07
1650,0.01,306.7145955177416,306.71459564630317,-1.2856156672569341e-07,2.541315960140464,2.541316400401338,-4.4026087397952551e-07
1650,0.010999999999999999,306.87958926567069,306.87958940327024,-1.3759955663772416e-07,2.5328827800928204,2.5328832986659688,-5.1857314842251867e-07
1650,0.012,307.06035209935703,307.06035224372965,-1.4437262052524602e-07,2.5178425492828591,2.5178430611089033,-5.1182604421384781e-07
1650,0.013000000000000001,307.25684608668814,307.25684623082492,-1.4413677718039253e-07,2.4924051341535876,2.4924054982912276,-3.6413764004095128e-07
1650,0.014,307.46900991503452,307.46901004742278,-1.3238826568340301e-07,2.4516028248268711,2.4516028664939302,-4.1667059136329954e-08
1650,0.014999999999999999,307.69676358374716,307.69676369319797,-1.0945080930468976e-07,2.3895147810404405,2.3895143434550206,4.3758541989902255e-07
1650,0.016,307.94002237264584,307.94002245721475,-8.4568910097004846e-08,2.2998466550932104,2.299845671253717,9.8383949342917276e-07
1650,0.017000000000000001,308.19872168160265,308.19872175450053,-7.2897876179922605e-08,2.1768625330481015,2.1768610913946587,1.4416534428463024e-06
1650,0.018000000000000002,308.47285099900995,308.47285108080632,-8.1796372342068935e-08,2.016538693421341,2.0165370636066005,1.6298147405002794e-06
1650,0.019,308.76249084708979,308.76249095396309,-1.0687330131986528e-07,1.8176853602286587,1.8176839546112769,1.4056173818222106e-06
1650,0.02,309.06784306099325,309.06784321081625,-1.4982299489929574e-07,1.5827228726950677,1.5827221458555834,7.2683948437735069e-07
1660,0,305.98340582526487,305.98340590975789,-8.4493024132825667e-08,2.549997152640902,2.5499971553248635,-2.6839614974960568e-09
1660,0.001,305.99123319747309,305.99123328045727,-8.2984172422584379e-08,2.5499959211617966,2.5499959243769905,-3.2151938889057874e-09
1660,0.002,306.01471776110679,306.01471784563148,-8.4524685917131137e-08,2.549990891763263,2.549990897492981,-5.7297180333648612e-09
1660,0.0030000000000000001,306.05386673163974,306.05386681877906,-8.7139312654471723e-08,2.549976813855837,2.5499768252889168,-1.1433079816214331e-08
1660,0.0040000000000000001,306.10869169647964,306.10869178724948,-9.076984497369267e-08,2.5499399460212397,2.549939968987851,-2.2966611279429117e-08
1660,0.0050000000000000001,306.17920788841678,306.17920798379822,-9.5381437859032303e-08,2.5498473694473858,2.5498474140269649,-4.4579579139281122e-08
1660,0.0060000000000000001,306.26543303457686,306.26543313554362,-1.0096675850945758e-07,2.5496247600584767,2.5496248421129848,-8.2054508077078481e-08
1660,0.0070000000000000001,306.36738566388556,306.36738577142523,-1.0753967671917053e-07,2.549113773777552,2.549113915331541,-1.4155398897486293e-07
1660,0.0080000000000000002,306.48508276535347,306.48508288040739,-1.1505392194521846e-07,2.5479967745097563,2.5479970011385467,-2.2662879040069583e-07
1660,0.0090000000000000011,306.61853676105056,306.61853688422354,-1.2317298114794539e-07,2.5456753045143059,2.5456756375996021,-3.3308529623354843e-07
1660,0.01,306.76775192988043,306.76775206079424,-1.3091380424157251e-07,2.5410931007085749,2.5410935434366113,-4.4272803645384329e-07
1660,0.010999999999999999,306.93272072366318,306.93272086005368,-1.3639049711855478e-07,2.532508929122669,2.5325094481512216,-5.190285525813465e-07
1660,0.012,307.11342085326868,307.11342099035738,-1.3708870483242208e-07,2.5172515937337803,2.5172521032388366,-5.0950505636748744e-07
1660,0.013000000000000001,307.30981451281201,307.30981464384826,-1.3103624496579869e-07,2.4915261140067035,2.4915264732179474,-3.592112438610684e-07
1660,0.014,307.52185147187993,307.5218515903419,-1.1846196912301821e-07,2.4503742780847624,2.4503743137249554,-3.5640193019048638e-08
1660,0.014999999999999999,307.74947772364573,307.74947782643659,-1.0279086382070091e-07,2.3879041935347551,2.387903751466899,4.4206785609901544e-07
1660,0.016,307.9926506549823,307.99265074524163,-9.0259334228903754e-08,2.2978705131553792,2.2978695292122864,9.8394309278049263e-07
1660,0.017000000000000001,308.25136020121101,308.25136028830411,-8.7093098954937886e-08,2.1746001398790362,2.1745987041036665,1.4357753697069597e-06
1660,0.018000000000000002,308.52565340072948,308.52565349677928,-9.6049802777997684e-08,2.0141328668058094,2.0141312480476357,1.6187581737270307e-06
1660,0.019,308.81565781735469,308.81565793359681,-1.1624211992966593e-07,1.815326288921177,1.8153248961885373,1.3927326396601103e-06
1660,0.02,309.12159831562104,309.12159847057097,-1.5494993022002745e-07,1.5806169118794615,1.5806161949559994,7.1692346215179725e-07
1670,0,306.03629033652231,306.03629042337855,-8.6856232428544899e-08,2.549996921298828,2.5499969241361033,-2.8372753035910137e-09
1670,0.001,306.04412293621107,306.04412302155544,-8.5344368017103989e-08,2.5499956065940936,2.549995609994288,-3.4001943483019659e-09
1670,0.002,306.06762289381379,306.06762298069867,-8.6884881511650747e-08,2.5499902566985031,2.5499902627186852,-6.0201821305838621e-09
1670,0.0030000000000000001,306.10679652359312,306.10679661311968,-8.9526565716369078e-08,2.5499753622562609,2.5499753741885027,-1.1932241861245529e-08
1670,0.0040000000000000001,306.16165379574431,306.16165388899157,-9.3247251697903266e-08,2.5499365812388608,2.5499366050573293,-2.3818468530834025e-08
1670,0.0050000000000000001,306.23220745493131,306.23220755296973,-9.8038412943424191e-08,2.5498397509735562,2.5498397969337909,-4.5960234729136573e-08
1670,0.0060000000000000001,306.31847169997252,306.31847180382755,-1.0385502946519409e-07,2.5496081658987038,2.5496082500249297,-8.4126225985414749e-08
1670,0.0070000000000000001,306.42046038042662,306.420460490957,-1.1053037951569422e-07,2.5490792681187062,2.5490794124874947,-1.4436878847945422e-07
1670,0.0080000000000000002,306.5381847233125,306.53818484095103,-1.1763853535740054e-07,2.5479285842544899,2.5479288142467444,-2.2999225457454031e-07
1670,0.0090000000000000011,306.67165072380533,306.67165084815866,-1.2435333474059007e-07,2.5455476098786307,2.5455479463146324,-3.3643600172439392e-07
1670,0.01,306.82085652852584,306.82085665793869,-1.2941285376655287e-07,2.5408669899423075,2.5408674350776281,-4.4513532060364014e-07
1670,0.010999999999999999,306.98579039837847,306.98579052970808,-1.3132961385053932e-07,2.5321309712447593,2.5321314906629935,-5.1941823420165179e-07
1670,0.012,307.16643011189029,307.16643024081117,-1.2892087397631258e-07,2.5166560530124475,2.5166565601542055,-5.0714175792165861e-07
1670,0.013000000000000001,307.36274486548018,307.36274498751789,-1.2203770438645734e-07,2.4906427822882895,2.4906431365815238,-3.5429323430591353e-07
1670,0.014,307.57470071374718,307.57470082583643,-1.1208925343453302e-07,2.4491427589122283,2.4491427885912396,-2.9679011248617826e-08
1670,0.014999999999999999,307.80227024279668,307.8022703448226,-1.0202592193309101e-07,2.3862931244045562,2.3862926779510087,4.464535474646425e-07
1670,0.016,308.04544642306286,308.04544651868957,-9.562671721141669e-08,2.2958972532330026,2.2958962692615992,9.8397140346762058e-07
1670,0.017000000000000001,308.30425952066804,308.30425961686751,-9.6199471499858191e-08,2.1723442013056973,2.1723427714107904,1.4298949069235789e-06
1670,0.018000000000000002,308.57879480107215,308.57879490664533,-1.0557317864368088e-07,2.0117363797137262,2.0117347719265011,1.607787225132995e-06
1670,0.019,308.86920790740641,308.86920803133171,-1.2392530379656819e-07,1.812977913264171,1.8129765332738221,1.379990348882032e-06
1670,0.02,309.17573461166944,309.17573477202063,-1.6035119188018143e-07,1.5785210046703002,1.5785202975463588,7.0712394140137746e-07
1680,0,306.08920798995325,306.0892080794157,-8.9462446339894086e-08,2.5499966741689892,2.5499966771667477,-2.9977584858897899e-09
1680,0.001,306.09704509908988,306.09704518706627,-8.7976388840615982e-08,2.5499952717567895,2.5499952753500379,-3.5932483655187752e-09
1680,0.002,306.12055823423293,306.12055832382612,-8.9593186203273945e-08,2.5499895852329284,2.5499895915542319,-6.3213034806608448e-09
1680,0.0030000000000000001,306.15975263445279,306.1597527268068,-9.2354014213924529e-08,2.5499738375572458,2.5499738500033602,-1.2446114361353011e-08
1680,0.0040000000000000001,306.21463641138183,306.21463650758227,-9.6200437837978825e-08,2.5499330686174733,2.549933093307073,-2.4689599698035636e-08
1680,0.0050000000000000001,306.28521960238209,306.28521970341359,-1.0103150316354004e-07,2.5498318430868507,2.5498318904500308,-4.7363180044612818e-08
1680,0.0060000000000000001,306.37151283279053,306.37151293942554,-1.0663501370800077e-07,2.549591032949436,2.5495911191678378,-8.621840175138118e-08
1680,0.0070000000000000001,306.47352562443342,306.47352573705444,-1.1262102361797588e-07,2.5490438184366786,2.5490439656304962,-1.4719381757899441e-07
1680,0.0080000000000000002,306.59126446742039,306.59126458579311,-1.1837272495540674e-07,2.5478588497203098,2.5478590830661068,-2.3334579690725832e-07
1680,0.0090000000000000011,306.7247308958473,306.72473101890694,-1.2305963537073694e-07,2.5454175752614803,2.5454179150116398,-3.3975015956144716e-07
1680,0.01,306.8739199667861,306.87392009254285,-1.2575674190884456e-07,2.5406376262440666,2.5406380737271426,-4.4748307592712422e-07
1680,0.010999999999999999,307.03881970761279,307.03881983329865,-1.2568585816552513e-07,2.5317489216881035,2.5317494414314514,-5.1974334791538013e-07
1680,0.012,307.21941221848283,307.21941234102331,-1.2254048442628118e-07,2.5160559637938209,2.5160564685315077,-5.0473768675729502e-07
1680,0.013000000000000001,307.41567712646446,307.41567724324182,-1.167773575616593e-07,2.4897551952308827,2.4897555446155772,-3.493846945090695e-07
1680,0.014,307.62759791715416,307.62759802688993,-1.0973576536343899e-07,2.447908332054868,2.4479083558382424,-2.3783374381025624e-08
1680,0.014999999999999999,307.85517127828854,307.85517138178659,-1.0349805279474822e-07,2.3846816277477823,2.384681177003841,4.5074394128263862e-07
1680,0.016,308.09841899685188,308.09841909734303,-1.004911496238492e-07,2.2939268973768789,2.2939259134505692,9.8392630976107398e-07
1680,0.017000000000000001,308.35740125438537,308.357401357333,-1.0294763796991901e-07,2.1700946928985982,2.1700932688855969,1.4240130012943553e-06
1680,0.018000000000000002,308.63222953521483,308.63222964764867,-1.1243383823966724e-07,2.0093491617279193,2.0093475648268599,1.5969010593863686e-06
1680,0.019,308.92307700306651,308.92307713133738,-1.2827086948163924e-07,1.8106401331941,1.810638765806305,1.3673877949926805e-06
1680,0.02,309.23018540994724,309.23018443082668,9.7912055707638501e-07,1.5764350557157476,1.5764343581989206,6.9751682696406192e-07
1690,0,306.14215355501091,306.14215364838822,-9.3377309440256795e-08,2.5499964103917891,2.5499964135714448,-3.1796556498875361e-09
1690,0.001,306.14999434726786,306.14999443830033,-9.1032461568829603e-08,2.5499949156170998,2.5499949194129115,-3.795811664986104e-09
1690,0.002,306.17351815258297,306.17351824521376,-9.2630784820357803e-08,2.5499888757623435,2.5499888823964851,-6.6341416804505116e-09
1690,0.0030000000000000001,306.21272906961468,306.21272916496309,-9.5348411832674174e-08,2.5499722370431379,2.5499722500186821,-1.297554419465996e-08
1690,0.0040000000000000001,306.26763331059766,306.26763340964516,-9.9047497315041255e-08,2.5499294036130782,2.5499294291937145,-2.5580636275890356e-08
1690,0.0050000000000000001,306.33823829379867,306.33823839732673,-1.0352806611990673e-07,2.5498236386155098,2.5498236874042659,-4.8788756146223022e-08
1690,0.0060000000000000001,306.42455143322138,306.42455154169681,-1.0847543308045715e-07,2.5495733508508729,2.5495734391819096,-8.8331036707245403e-08
1690,0.0070000000000000001,306.52657872683261,306.52657884026655,-1.1343394135110429e-07,2.549007411473212,2.5490075615020018,-1.5002878983594314e-07
1690,0.0080000000000000002,306.64432332390311,306.6443234417203,-1.1781719422288006e-07,2.5477875566998303,2.5477877933888906,-2.3668906035112514e-07
1690,0.0090000000000000011,306.77778435263548,306.77778447360271,-1.209672291224706e-07,2.5452851897642343,2.5452855327919739,-3.430277395466419e-07
1690,0.01,306.92695639488261,306.92695651715962,-1.2227701517986134e-07,2.5404050084454566,2.5404054582174278,-4.4977197122264556e-07
1690,0.010999999999999999,307.09183007697993,307.09183019831272,-1.2133278914916446e-07,2.5313627960103275,2.5313633160156801,-5.2000535255558589e-07
1690,0.012,307.2723942667447,307.27239438466302,-1.1791831866503344e-07,2.5154513627566475,2.5154518650512956,-5.0229464809703472e-07
1690,0.013000000000000001,307.4686402923553,307.46864040396514,-1.1160983603986097e-07,2.4888634085767971,2.4888637530637712,-3.4448697405764506e-07
1690,0.014,307.68056844521493,307.68056854739353,-1.0217860335615114e-07,2.4466710612934688,2.4466710792469066,-1.7953437847495479e-08
1690,0.014999999999999999,307.90819704892078,307.90819714473525,-9.5814471023913939e-08,2.3830697565064596,2.3830693015663256,4.5494013400926292e-07
1690,0.016,308.1515755530632,308.15157566083082,-1.0776761882880237e-07,2.2919594667735006,2.2919584829641528,9.8380934776542972e-07
1690,0.017000000000000001,308.41080732681598,308.41080745746342,-1.3064743598079076e-07,2.1678515901155682,2.1678501719853362,1.4181302319116185e-06
1690,0.018000000000000002,308.68609501895816,308.68609514872765,-1.2976948937648558e-07,2.0069711430867629,2.0069695569880275,1.5860987354621159e-06
1690,0.019,308.97782258500257,308.97782271246541,-1.2746284028253285e-07,1.8083128506027011,1.8083114956802024,1.3549224986419972e-06
1690,0.02,309.28666599169753,309.28666620808741,-2.1638987846017699e-07,1.574359102437181,1.5743584149263852,6.8751079584927766e-07
1700,0,306.19512133061079,306.19512142705645,-9.6445660346944351e-08,2.5499961290739592,2.5499961324290856,-3.3551263989295421e-09
1700,0.001,306.20296495789074,306.20296505197393,-9.4083191015670309e-08,2.5499945371051083,2.5499945411107259,-4.0056176153768774e-09
1700,0.002,306.22649690181089,306.22649699742641,-9.5615519057901111e-08,2.5499881266357964,2.5499881335930064,-6.9572099192782844e-09
1700,0.0030000000000000001,306.26572017831495,306.26572027649496,-9.8180009899806464e-08,2.5499705579388148,2.5499705714581586,-1.3519343866619238e-08
1700,0.0040000000000000001,306.32063925957863,306.32063936115964,-1.0158100849366747e-07,2.54992558161379,2.5499256081042758,-2.6490485804941954e-08
1700,0.0050000000000000001,306.391259292634,306.39125939818797,-1.0555396556810592e-07,2.5498151303290357,2.5498151805648304,-5.023579463525607e-08
1700,0.0060000000000000001,306.47758511854437,306.47758522827678,-1.097324116017262e-07,2.5495551092287796,2.5495551996915751,-9.0462795476753399e-08
1700,0.0070000000000000001,306.57962023104074,306.57962034467971,-1.1363897556293523e-07,2.5489700340488297,2.5489701869210628,-1.5287223309456976e-07
1700,0.0080000000000000002,306.69736588056514,306.69736599725593,-1.1669078503473429e-07,2.5477146912014463,2.5477149312220866,-2.4002064025197001e-07
1700,0.0090000000000000011,306.83082060155897,306.83082071978987,-1.1823090062534902e-07,2.5451504428443923,2.5451507891121627,-3.4626777045687618e-07
1700,0.01,306.97998050596823,306.97998062369788,-1.1772965535783442e-07,2.5401691357986382,2.5401695878004333,-4.5200179510374028e-07
1700,0.010999999999999999,307.14484073931516,307.14484085475641,-1.1544125300133601e-07,2.5309726100852674,2.5309731302900831,-5.2020481566827925e-07
1700,0.012,307.32539856596844,307.32539867911646,-1.1314801895423443e-07,2.5148422865729438,2.5148427863864984,-4.9981355454420395e-07
1700,0.013000000000000001,307.52165874148722,307.52165885425677,-1.1276955547145917e-07,2.4879674775769804,2.4879678171774495,-3.3960046907921537e-07
1700,0.014,307.73364233556276,307.7336424479559,-1.123931383517629e-07,2.4454310094570921,2.4454310216454727,-1.218838052707838e-08
1700,0.014999999999999999,307.96140115674109,307.96140126310155,-1.0636045999490307e-07,2.3814575624915424,2.3814571034473402,4.5904420220566067e-07
1700,0.016,308.20504115871233,308.20504125193486,-9.3222524810698815e-08,2.2899949817708207,2.2899939981478701,9.8362295064546856e-07
1700,0.017000000000000001,308.46475847633462,308.46475856346427,-8.7129649273265386e-08,2.1656148683042469,2.1656134560562181,1.4122480287426242e-06
1700,0.018000000000000002,308.74088902533515,308.74088914448532,-1.1915017239516601e-07,2.0046022547214699,2.0046006793410993,1.5753803705997882e-06
1700,0.019,309.03396569537398,309.03396590228203,-2.0690805513368105e-07,1.8059959702131194,1.8059946276172534,1.3425958660384651e-06
1700,0.02,309.34476817283411,309.34476850779026,-3.3495615525680478e-07,1.5722930258750099,1.5722923479385396,6.7793647029468218e-07
1710,0,306.24810575201485,306.24810585149146,-9.9476608284021495e-08,2.5499958292878584,2.5499958328262742,-3.5384157826001683e-09
1710,0.001,306.25595143290377,306.25595152997289,-9.7069118965009693e-08,2.5499941351131117,2.549994139337239,-4.2241272701915022e-09
1710,0.002,306.27948921917465,306.27948931763001,-9.8455359420768218e-08,2.549987336155108,2.5499873434466718,-7.2915637971959768e-09
1710,0.0030000000000000001,306.31872120233572,306.31872130307676,-1.0074103329316131e-07,2.549968797409667,2.5499688114880277,-1.4078360699443238e-08
1710,0.0040000000000000001,306.37365042272427,306.37365052640621,-1.0368194125476293e-07,2.5499215979406502,2.54992162536041,-2.7419759796032395e-08
1710,0.0050000000000000001,306.44428026924015,306.44428037619514,-1.0695498531276826e-07,2.5498063109401734,2.5498063626448029,-5.1704629466797769e-08
1710,0.0060000000000000001,306.53061378162863,306.53061389177122,-1.1014259371222579e-07,2.5495362976975025,2.5495363903111761,-9.261367361901307e-08
1710,0.0070000000000000001,306.63265301127774,306.63265312405878,-1.1278103784206905e-07,2.5489316730659617,2.5489318287898244,-1.5572386269369076e-07
1710,0.0080000000000000002,306.7503986560402,306.75039877054485,-1.1450464398876647e-07,2.5476402394505913,2.5476404827908112,-2.4334021997418631e-07
1710,0.0090000000000000011,306.88385025353995,306.88385036878901,-1.1524906540216762e-07,2.5450133243126101,2.545013673782881,-3.4947027094389682e-07
1710,0.01,307.03300730619446,307.03300742149975,-1.1530528354342096e-07,2.5399300079679432,2.5399304621411991,-4.5417325589269808e-07
1710,0.010999999999999999,307.19787184611232,307.19787196104807,-1.1493574447740684e-07,2.5305783800909887,2.530578900434167,-5.2034317832294619e-07
1710,0.012,307.37845317014438,307.37845328369417,-1.1354978823874262e-07,2.5142287718978906,2.5142292691940349,-4.9729614426397006e-07
1710,0.013000000000000001,307.57477581157661,307.57477592084376,-1.0926714821835048e-07,2.4870674569899323,2.4870677917163837,-3.3472645144527746e-07
1710,0.014,307.78689220654877,307.78689230730618,-1.0075740419779322e-07,2.4441882384356046,2.4441882449239145,-6.4883098893631086e-09
1710,0.014999999999999999,308.01490172423269,308.01490181555005,-9.1317360784159973e-08,2.3798450964066582,2.3798446333494332,4.6305722500861179e-07
1710,0.016,308.25897731107619,308.2589774015629,-9.0486707904346986e-08,2.2880334619025069,2.2880324785339448,9.8336856213521173e-07
1710,0.017000000000000001,308.51939944872532,308.51939955912775,-1.1040242497983854e-07,2.1633845027052585,2.163383096338364,1.4063668944963581e-06
1710,0.018000000000000002,308.79659431344265,308.79659447348013,-1.6003747305148863e-07,2.0022424282937457,2.0022408635485309,1.5647452147327101e-06
1710,0.019,309.0911696408196,309.09116988007821,-2.3925861114548752e-07,1.803689401741245,1.8036880713385512,1.3304026937888125e-06
1710,0.02,309.40393937615158,309.40393972936562,-3.5321403402122087e-07,1.5702366940261252,1.5702360255144676,6.6851165758663456e-07
1720,0,306.3011019310494,306.30110203334334,-1.0229393865301972e-07,2.5499955100708021,2.5499955138005381,-3.729736075541723e-09
1720,0.001,306.30894901829288,306.3089491181031,-9.9810222309315577e-08,2.5499937084949957,2.5499937129465513,-4.4515555686075459e-09
1720,0.002,306.33249077637441,306.33249087733253,-1.0095811830979073e-07,2.5499865025744488,2.5499865102118622,-7.637413368399848e-09
1720,0.0030000000000000001,306.37172859428807,306.3717286971098,-1.0282172979714232e-07,2.5499669525616375,2.5499669672143734,-1.4652735913500692e-08
1720,0.0040000000000000001,306.42666447540518,306.42666458054458,-1.0513940651435405e-07,2.5499174478485052,2.5499174762169945,-2.8368489335406366e-08
1720,0.0050000000000000001,306.4973006481394,306.49730075575076,-1.0761135627035401e-07,2.5497971731069042,2.5497972263019744,-5.3195070126577093e-08
1720,0.0060000000000000001,306.58363918226507,306.58363929219252,-1.0992744137183763e-07,2.5495169058629621,2.549517000646178,-9.478321594258432e-08
1720,0.0070000000000000001,306.68568178507229,306.68568189689711,-1.1182481784999254e-07,2.5488923155119161,2.5488924740949268,-1.5858301072313452e-07
1720,0.0080000000000000002,306.80343002228983,306.80343013540926,-1.1311942671454744e-07,2.5475641878907429,2.5475644345378825,-2.4664713960120821e-07
1720,0.0090000000000000011,306.93688630125632,306.93688641489973,-1.1364340934960637e-07,2.5448738243294655,2.5448741769644241,-3.5263495856696636e-07
1720,0.01,307.08605607901177,307.08605619209436,-1.1308259217912564e-07,2.5396876250213705,2.5396880813081317,-4.5628676126341361e-07
1720,0.010999999999999999,307.25095192197989,307.25095203284741,-1.1086751783295767e-07,2.5301801224979283,2.530180642919504,-5.2042157561160707e-07
1720,0.012,307.4316002314514,307.43160033785597,-1.0640457048793905e-07,2.5136108553601089,2.5136113501039428,-4.9474383390091248e-07
1720,0.013000000000000001,307.62805159841088,307.62805169829414,-9.9883266102551715e-08,2.486163401081134,2.4861637309469784,-3.298658444172986e-07
1720,0.014,307.8403957348944,307.8403958284598,-9.3565404313267209e-08,2.4429428091926182,2.4429428100456283,-8.5301010699367907e-10
1720,0.014999999999999999,308.06878156678522,308.06878165932864,-9.2543416485568741e-08,2.3782324078718915,2.3782319408913248,4.6698056666016896e-07
1720,0.016,308.31344220030797,308.31344230403545,-1.0372747283327044e-07,2.2860749259114281,2.2860739428635455,9.8304788265224374e-07
1720,0.017000000000000001,308.57472306989905,308.57472320344067,-1.335416186520888e-07,2.1611604684577292,2.1611590679701091,1.4004876200957028e-06
1720,0.018000000000000002,308.85310988937579,308.85311007515276,-1.8577696891952655e-07,1.999891596276498,1.9998900420834855,1.554193012509586e-06
1720,0.019,309.14925160569396,309.14925186597361,-2.6027964850072749e-07,1.8013930567451937,1.8013917384106393,1.3183345544121039e-06
1720,0.02,309.46397307633941,309.46397344459064,-3.6825122151640244e-07,1.5681900014197283,1.5681893422066242,6.5921310410388401e-07
1730,0,306.35410602694895,306.35410613159962,-1.0465066679898882e-07,2.5499951704243857,2.5499951743536982,-3.9293124309836003e-09
1730,0.001,306.36195404848252,306.36195415055545,-1.020729314404889e-07,2.5499932560656138,2.5499932607537321,-4.6881183379809954e-09
1730,0.002,306.38549844679494,306.38549854973792,-1.0294297680957243e-07,2.5499856240999197,2.5499856320948737,-7.9949540321422319e-09
1730,0.0030000000000000001,306.42474016770421,306.42474027206657,-1.043623569785268e-07,2.5499650204412792,2.549965035683909,-1.5242629824996357e-08
1730,0.0040000000000000001,306.47968062807956,306.47968073418764,-1.0610807521516108e-07,2.5499131265268868,2.5499131558635835,-2.9336696627524361e-08
1730,0.0050000000000000001,306.55032156558985,306.55032167352886,-1.0793900173666771e-07,2.5497877094344492,2.5497877641413735,-5.4706924323966177e-08
1730,0.0060000000000000001,306.63666501331164,306.63666512290689,-1.0959524843201507e-07,2.549496923325596,2.549497020296561,-9.6970965035581003e-08
1730,0.0070000000000000001,306.73871360116004,306.73871371195588,-1.1079583828177419e-07,2.548851948461774,2.5488521099107859,-1.6144901193726469e-07
1730,0.0080000000000000002,306.8564714691085,306.85647158033112,-1.1122261867058114e-07,2.5474865231843458,2.5474867731251081,-2.4994076230910878e-07
1730,0.0090000000000000011,306.98994617802509,306.98994628852751,-1.105024125536147e-07,2.5447319334022249,2.544732289163798,-3.5576157308980783e-07
1730,0.01,307.13915211852674,307.13915222679282,-1.082660787687928e-07,2.5394419874222161,2.5394424457649607,-4.5834274464695568e-07
1730,0.010999999999999999,307.30411602791372,307.30411613227744,-1.0436372122057946e-07,2.529777854057377,2.5297783744985165,-5.204411395176578e-07
1730,0.012,307.48488528813903,307.48488538739826,-9.9259239050297765e-08,2.5129885735523207,2.5129890657103311,-4.9215801034563356e-07
1730,0.013000000000000001,307.68153962568209,307.68153972019434,-9.4512245141231688e-08,2.485255363622656,2.4852556886421877,-3.250195317328064e-07
1730,0.014,307.89420658298167,307.8942066760838,-9.3102130449551623e-08,2.4416947817781334,2.4416947770603676,4.7177657336305856e-09
1730,0.014999999999999999,308.12308061104733,308.1230807102823,-9.92349669104442e-08,2.3766195454468186,2.3766190746312099,4.7081560872186401e-07
1730,0.016,308.36844483628192,308.36844495383536,-1.1755344075936591e-07,2.2841193917718643,2.2841184091092841,9.8266258019563679e-07
1730,0.017000000000000001,308.6306935836426,308.63069373573558,-1.5209297998808324e-07,2.1589427406077375,2.1589413459967428,1.3946109946871843e-06
1730,0.018000000000000002,308.91035282186778,308.91035302714948,-2.0528170807665447e-07,1.9975496920698763,1.9975481483463602,1.5437235161286367e-06
1730,0.019,309.20809514707804,309.20809542455936,-2.7748131969929091e-07,1.799106846621505,1.7991055402322575,1.3063892474463046e-06
1730,0.02,309.52474603373543,309.52474641534042,-3.8160499116202118e-07,1.5661528497016344,1.5661521996681242,6.5003351013004362e-07
1740,0,306.40711546891595,306.40711557539521,-1.0647926274032216e-07,2.5499948093138225,2.5499948134511827,-4.1373602321925773e-09
1740,0.001,306.41496415482192,306.41496425863801,-1.0381609172327444e-07,2.5499927766001815,2.54999278153422,-4.9340385110951956e-09
1740,0.002,306.43851047997208,306.43851058440828,-1.0443619657962699e-07,2.5499846988891637,2.5499847072535577,-8.3643940662625482e-09
1740,0.0030000000000000001,306.4777552425864,306.47775534804089,-1.0545448958509951e-07,2.549962998035844,2.5499630138840295,-1.5848185430655803e-08
1740,0.0040000000000000001,306.53269978804656,306.53269989470795,-1.0666138905435218e-07,2.5499086291009379,2.54990865942534,-3.0324402100490033e-08
1740,0.0050000000000000001,306.60334613350369,306.60334624131633,-1.0781263881654013e-07,2.549777912477265,2.5497779687172653,-5.6240000212426366e-08
1740,0.0060000000000000001,306.6896973532705,306.68969746188986,-1.0861936061701272e-07,2.5494763396832538,2.5494764388597142,-9.9176460377492504e-08
1740,0.0070000000000000001,306.79175845055221,306.79175855931214,-1.087599343918555e-07,2.5488105590811703,2.5488107234023953,-1.6432122507126223e-07
1740,0.0080000000000000002,306.90953802222191,306.90953813013601,-1.0791410431920667e-07,2.5474072322135863,2.5474074854340603,-2.5322047392251079e-07
1740,0.0090000000000000011,307.04305110714478,307.04305121298756,-1.0584278697933769e-07,2.5445876423815159,2.5445880012313995,-3.5884988358603209e-07
1740,0.01,307.19232368044538,307.19232378297858,-1.0253319260300486e-07,2.5391930960207914,2.5391935563624437,-4.6034165235298019e-07
1740,0.010999999999999999,307.35739928944776,307.35739938785315,-9.8405394055589568e-08,2.5293715917902135,2.5293721121932089,-5.2040299536315615e-07
1740,0.012,307.53834828305719,307.5383483775941,-9.4536915185017278e-08,2.5123619630223835,2.5123624525624231,-4.895400396165428e-07
1740,0.013000000000000001,307.73527992046206,307.73528001328856,-9.2826496711495565e-08,2.4843433978930278,2.484343718081405,-3.2018837714531401e-07
1740,0.014,307.94835732109163,307.94835741708329,-9.5991651960503077e-08,2.4404442153411279,2.4404442051168553,1.0224272539716139e-08
1740,0.014999999999999999,308.17781472921723,308.17781483654124,-1.0732401278801262e-07,2.3750065566530179,2.375006082089326,4.7456369189902148e-07
1740,0.016,308.42397595802009,308.42397608823808,-1.3021798395129736e-07,2.2821668767108108,2.282165894496536,9.8221427480282841e-07
1740,0.017000000000000001,308.68727225591925,308.68727242351008,-1.675908265497128e-07,2.1567312941212267,2.1567299053834117,1.388737814966845e-06
1740,0.018000000000000002,308.96825736008867,308.96825758143291,-2.2134423716124729e-07,1.9952166500289221,1.9952151166929197,1.533336002390584e-06
1740,0.019,309.26761733911366,309.26761763140331,-2.9228965559013886e-07,1.7968306827948533,1.796829388228868,1.2945659852992009e-06
1740,0.02,309.58617232106917,309.58617350171681,-1.1806476436504454e-06,1.5641251443959341,1.5641245033999391,6.409959949493782e-07
1750,0,306.4601291388808,306.46012924542867,-1.0654787274688715e-07,2.549994425667292,2.549994430030742,-4.3634500457301328e-09
1750,0.001,306.46797845027879,306.46797855513364,-1.0485484835953685e-07,2.549992268833682,2.5499922740240382,-5.1903561448796154e-09
1750,0.002,306.49152669594895,306.49152680119283,-1.0524388471822022e-07,2.5499837250509847,2.5499837337974847,-8.7464999687369982e-09
1750,0.0030000000000000001,306.53077486436729,306.5307749702053,-1.0583801213215338e-07,2.5499608822733904,2.5499608987433868,-1.6469996477752602e-08
1750,0.0040000000000000001,306.58572481482287,306.58572492126115,-1.0643827863532351e-07,2.5499039506323458,2.5499039819643401,-3.1331994332362001e-08
1750,0.0050000000000000001,306.6563797071172,306.65637981392217,-1.0680497553039459e-07,2.5497677747410554,2.5497678325354731,-5.779441769604432e-08
1750,0.0060000000000000001,306.74274483034372,306.74274493701125,-1.0666752814358915e-07,2.5494551445340492,2.5494552459335846,-1.0139953543486513e-07
1750,0.0070000000000000001,306.84482906306391,306.84482916882507,-1.0576115982985357e-07,2.5487681346289812,2.5487683018282374,-1.6719925621799803e-07
1750,0.0080000000000000002,306.96264726389944,306.96264736779267,-1.0389322824266856e-07,2.5473263020810681,2.5473265585669731,-2.5648590495919166e-07
1750,0.0090000000000000011,307.0962239457694,307.09622404681346,-1.0104406555910828e-07,2.5444409424579288,2.5444413043578229,-3.6189989405244205e-07
1750,0.01,307.24559861173361,307.24559870923571,-9.7502095286472468e-08,2.5389409520462003,2.5389414143303468,-4.6228414651849903e-07
1750,0.010999999999999999,307.41083310232193,307.41083319635578,-9.4033850928099127e-08,2.5289613529759167,2.5289618732843682,-5.2030845143491433e-07
1750,0.012,307.5920211965522,307.59202128869816,-9.2145967300893972e-08,2.5117310602646734,2.5117315471561175,-4.8689144405145157e-07
1750,0.013000000000000001,307.78930049314545,307.7893005875851,-9.4439656095346436e-08,2.48342755667736,2.4834278720507474,-3.1537338740506016e-07
1750,0.014,308.00286621359635,308.00286631710469,-1.0350834145356202e-07,2.4391911681420448,2.4391911524754479,1.5666596908658903e-08
1750,0.014999999999999999,308.23298572156762,308.23298583835435,-1.1678673672577133e-07,2.373393487996065,2.3733930097701021,4.782259628299812e-07
1750,0.016,308.48001014817686,308.48001028204106,-1.3386420505412389e-07,2.2802173972285873,2.2802164155242299,9.8170435736122386e-07
1750,0.017000000000000001,308.74437346741678,308.74437364992184,-1.8250506172989844e-07,2.1545261039017216,2.1545247210330167,1.3828687048800248e-06
1750,0.018000000000000002,309.02655991728136,309.02656017690992,-2.5962856398109579e-07,1.9928924054005555,1.9928908823713636,1.5230291918744143e-06
1750,0.019,309.32701879073159,309.32701908121146,-2.9047987482044846e-07,1.79456447713951,1.7945631942755775,1.2828639324169444e-06
1750,0.02,309.64603333888033,309.64603361853733,-2.7965700155618833e-07,1.5621068818727128,1.5621062501019352,6.3177077769260848e-07
1760,0,306.51314757687692,306.51314768401198,-1.071350652637193e-07,2.549994018375298,2.5499940229643969,-4.5890988786823073e-09
1760,0.001,306.52099773650571,306.52099784185407,-1.0534836292208638e-07,2.549991731460294,2.5499917369159242,-5.4556301698482912e-09
1760,0.002,306.54454869323501,306.54454879869121,-1.0545619488766533e-07,2.5499827006450126,2.5499827097853469,-9.1403342672435883e-09
1760,0.0030000000000000001,306.58380199698985,306.58380210257536,-1.0558551366557367e-07,2.5499586700229382,2.5499586871302298,-1.7107291583329243e-08
1760,0.0040000000000000001,306.63876065160099,306.63876075714836,-1.0554737173151807e-07,2.5498990861203219,2.5498991184790363,-3.235871437468063e-08
1760,0.0050000000000000001,306.70942985968674,306.7094299648154,-1.0512866310818936e-07,2.5497572886847704,2.5497573480540798,-5.9369309468593201e-08
1760,0.0060000000000000001,306.79581829177664,306.79581839589349,-1.0411685025246697e-07,2.5494333274791718,2.5494334311183122,-1.0363914038080679e-07
1760,0.0070000000000000001,306.89794009948793,306.89794020185298,-1.0236504977001459e-07,2.5487246624598954,2.5487248325418399,-1.7008194452827752e-07
1760,0.0080000000000000002,307.01581793925658,307.01581803915747,-9.9900887562398566e-08,2.5472437201103046,2.5472439798463049,-2.5973600026318877e-07
1760,0.0090000000000000011,307.14948729575474,307.14948739281613,-9.7061388260044623e-08,2.5442918251585223,2.5442921900694921,-3.6491096988555682e-07
1760,0.01,307.29900237256561,307.29900246703653,-9.447091997571988e-08,2.5386855570981721,2.5386860212684548,-4.6417028265466342e-07
1760,0.010999999999999999,307.46444371440742,307.46444380693475,-9.2527329798031133e-08,2.5285471551417955,2.5285476753000111,-5.2015821561113285e-07
1760,0.012,307.64592746126908,307.64592755209566,-9.0826574705715757e-08,2.5110959017118355,2.5110963859249731,-4.8421313758595375e-07
1760,0.013000000000000001,307.84361555292799,307.84361564286854,-8.9940556335932342e-08,2.4825078922677375,2.4825082028426975,-3.1057495997188767e-07
1760,0.014,308.05772506497647,308.05772516116633,-9.6189864962070715e-08,2.437935697565262,2.4379356765198366,2.1045425402377305e-08
1760,0.014999999999999999,308.28853300398703,308.28853312645271,-1.2246567848706036e-07,2.3717803849870616,2.3717799031829379,4.8180412370868453e-07
1760,0.016,308.53637071611485,308.5363708913693,-1.7525445628052694e-07,2.2782709691190925,2.2782699879843227,9.811347698729378e-07
1760,0.017000000000000001,308.80160115606361,308.80160138645772,-2.3039410734781995e-07,2.152327144809548,2.1523257678046916,1.3770048563621629e-06
1760,0.018000000000000002,309.08457521699376,309.08457546436563,-2.4737187231949065e-07,1.9905768942383657,1.9905753814358849,1.5128024808408469e-06
1760,0.019,309.38557186258248,309.38557208988192,-2.2729943793819984e-07,1.7923081429955161,1.7923068717103761,1.2712851400475955e-06
1760,0.02,309.70473833459323,309.70473854713032,-2.1253708837321028e-07,1.5600979556005121,1.5600973327526613,6.2284785085076066e-07
1770,0,306.56617316215932,306.56617326913658,-1.0697726793296169e-07,2.5499935862900451,2.5499935911139273,-4.8238821825918876e-09
1770,0.001,306.57402467447503,306.57402477956873,-1.0509370440558996e-07,2.5499911631328178,2.5499911688637327,-5.7309148537854071e-09
1770,0.002,306.59757998243862,306.59758008735503,-1.049164097821631e-07,2.5499816236813633,2.5499816332280232,-9.546659907044841e-09
1770,0.0030000000000000001,306.6368415774628,306.63684168205134,-1.0458853694217396e-07,2.5499563580946289,2.549956375855289,-1.7760660053767197e-08
1770,0.0040000000000000001,306.69181423745937,306.69181434142001,-1.0396064453743747e-07,2.5498940305025788,2.5498940639075243,-3.3404945476434023e-08
1770,0.0050000000000000001,306.76250607210687,306.76250617500455,-1.0289767260474036e-07,2.5497464467226174,2.5497465076874084,-6.096479099326757e-08
1770,0.0060000000000000001,306.84893019338273,306.84893029469424,-1.0131151384484838e-07,2.549410878125641,2.5494109840207466,-1.0589510557323933e-07
1770,0.0070000000000000001,306.95110719950651,306.95110729869157,-9.9185058388684411e-08,2.548680130026912,2.5486803029958391,-1.7296892718121626e-07
1770,0.0080000000000000002,307.0690686773292,307.06906877386501,-9.6535814009257592e-08,2.547159473846166,2.5471597368165981,-2.6297043209666526e-07
1770,0.0090000000000000011,307.20286189715875,307.2028619905185,-9.3359744823828805e-08,2.5441402823433257,2.5441406502264923,-3.6788316659652764e-07
1770,0.01,307.35255575571011,307.3525558454898,-8.9779689460556256e-08,2.538426913139042,2.5384273791397902,-4.6600074821157023e-07
1770,0.010999999999999999,307.51824775684651,307.51824784354073,-8.6694228684791597e-08,2.5281290160525391,2.5281295360061313,-5.1995359218182102e-07
1770,0.012,307.70007133367926,307.70007142049843,-8.6819170519447653e-08,2.5104565237268504,2.5104570052334378,-4.8150658749079867e-07
1770,0.013000000000000001,307.89820206986218,307.89820216479308,-9.4930896921141539e-08,2.4815844564637461,2.4815847622577825,-3.0579403631492141e-07
1770,0.014,308.11286046152196,308.11286057698953,-1.1546757150426856e-07,2.4366778601313017,2.4366778337704416,2.636086016138961e-08
1770,0.014999999999999999,308.34430811176082,308.34430825997629,-1.4821546301391209e-07,2.3701672921634662,2.3701668068641797,4.8529928653451293e-07
1770,0.016,308.5928342955271,308.59283448047972,-1.8495262565920711e-07,2.276327607489756,2.2763266269829265,9.8050682950656665e-07
1770,0.017000000000000001,308.85873137113731,308.85873158232778,-2.1119046778039774e-07,2.1501343916785443,2.1501330205317193,1.3711468249688608e-06
1770,0.018000000000000002,309.14226079977624,309.14226101778735,-2.1801110960950609e-07,1.9882700533366848,1.988268550681948,1.5026547368623966e-06
1770,0.019,309.44361582682109,309.44361603639572,-2.0957463675586041e-07,1.7900615968742355,1.790060337048204,1.2598260314966581e-06
1770,0.02,309.76289027018152,309.76289047416725,-2.0398573497004691e-07,1.5580982515072641,1.5580976374539399,6.1405332418829062e-07
1780,0,306.61921018962573,306.61921029565895,-1.060332124325214e-07,2.5499931282248181,2.5499931332928343,-5.0680162289040709e-09
1780,0.001,306.62706384095981,306.62706394502305,-1.0406324690848123e-07,2.5499905624621384,2.5499905684785529,-6.0164144777274942e-09
1780,0.002,306.65062598056062,306.65062608419873,-1.0363811497882125e-07,2.5499804921203393,2.5499805020860067,-9.9656674024117819e-09
1780,0.0030000000000000001,306.68990040001813,306.68990050295099,-1.029328586810152e-07,2.5499539432399327,2.5499539616701594,-1.8430226678134431e-08
1780,0.0040000000000000001,306.74489422771978,306.74489432956369,-1.0184390930589871e-07,2.5498887786563569,2.5498888131270228,-3.4470665877250894e-08
1780,0.0050000000000000001,306.81561923135234,306.81561933162459,-1.0027224561781622e-07,2.549735241226057,2.5497353038066826,-6.2580625570518578e-08
1780,0.0060000000000000001,306.90209380488807,306.90209390301487,-9.8126804459752748e-08,2.5493877860890182,2.5493878942559856,-1.0816696738302767e-07
1780,0.0070000000000000001,307.0043457652846,307.00434586063585,-9.5351254003617214e-08,2.5486345248837088,2.5486347007432815,-1.7585957268195784e-07
1780,0.0080000000000000002,307.1224160526898,307.12241614471077,-9.2020968622819055e-08,2.5470735510551545,2.547073817243811,-2.6618865645033907e-07
1780,0.0090000000000000011,307.25636332560583,307.25636341417089,-8.856505928633851e-08,2.5439863062017247,2.5439866770180499,-3.7081632520141738e-07
1780,0.01,307.40626923754348,307.40626932364233,-8.6098850715643493e-08,2.5381650224857455,2.5381654902617794,-4.6777603390779632e-07
1780,0.010999999999999999,307.57224385069264,307.5722439373377,-8.6645059127476998e-08,2.5277069536999628,2.5277074733956222,-5.1969565939558038e-07
1780,0.012,307.7544301957185,307.75443028856154,-9.284303814638406e-08,2.5098129625954431,2.5098134413684754,-4.787730323307926e-07
1780,0.013000000000000001,307.95300650628519,307.953006613078,-1.0679281103875837e-07,2.4806573005733035,2.480657601604642,-3.0103133852321662e-07
1780,0.014,308.16818432192849,308.16818445032476,-1.2839626606364618e-07,2.4354177115090918,2.4354176798958593,3.1613232476246367e-08
1780,0.014999999999999999,308.40020072806487,308.40020088250844,-1.5444356904481538e-07,2.368554253109612,2.3685537643968808,4.8871273117256919e-07
1780,0.016,308.64930374736201,308.64930392643754,-1.7907552773976931e-07,2.2743873267815742,2.274386346959544,9.7982203017821234e-07
1780,0.017000000000000001,308.9157314008595,308.91573159697742,-1.9611792367868475e-07,2.1479478193284609,2.1479464540331508,1.365295310140624e-06
1780,0.018000000000000002,309.19968697764017,309.19968718012757,-2.0248739929229487e-07,1.9859718202229275,1.9859703276376575,1.4925852700464759e-06
1780,0.019,309.50131496299917,309.50131516192516,-1.9892598857040866e-07,1.7878247565210657,1.7878235080399456,1.2484811200419443e-06
1780,0.02,309.82068303637686,309.82068323356481,-1.971879441953206e-07,1.5561076740358464,1.556107068662727,6.0537311941111227e-07
1790,0,306.67226479891639,306.67226490327073,-1.0435434205646743e-07,2.549992642953379,2.5499926482751039,-5.3217248385806215e-09
1790,0.001,306.68012163397265,306.6801217362846,-1.023119580167986e-07,2.549989928016684,2.5499899343290324,-6.3123484217442183e-09
1790,0.002,306.7036938436442,306.70369394531764,-1.0167343589273514e-07,2.5499793038721412,2.5499793142696858,-1.0397544603080178e-08
1790,0.0030000000000000001,306.74298682026466,306.74298692088911,-1.0062444744107779e-07,2.5499514221518691,2.5499514412679707,-1.911610159055499e-08
1790,0.0040000000000000001,306.79801049810624,306.79801059718244,-9.9076203241565963e-08,2.5498833253994495,2.5498833609553109,-3.5555861366276531e-08
1790,0.0050000000000000001,306.86878082978546,306.86878092674681,-9.6961343842849601e-08,2.5497236645258048,2.5497237287424031,-6.4216598261168656e-08
1790,0.0060000000000000001,306.9553219427209,306.95532203699742,-9.4276515483215917e-08,2.5493640409960721,2.5493641514503342,-1.1045426218103671e-07
1790,0.0070000000000000001,307.05766901039095,307.05766910157047,-9.1179515493422514e-08,2.5485878346869399,2.5485880134402188,-1.7875327884553371e-07
1790,0.0080000000000000002,307.17587179913704,307.17587188726714,-8.8130093445215607e-08,2.5469859397255963,2.5469862091157336,-2.6939013730853389e-07
1790,0.0090000000000000011,307.30999871030247,307.30999879633106,-8.6028592249931535e-08,2.5438298892488191,2.5438302629591414,-3.7371032224342571e-07
1790,0.01,307.46014092298515,307.4601410092265,-8.6241357166727539e-08,2.537899887801935,2.5379003572985703,-4.6949663534689989e-07
1790,0.010999999999999999,307.62641597005825,307.62641606043906,-9.03808086150093e-08,2.5272809862930159,2.5272815056785105,-5.1938549461283401e-07
1790,0.012,307.80896980097992,307.80896990075217,-9.9772250905516557e-08,2.509165254518805,2.5091657305324926,-4.7601368757810292e-07
1790,0.013000000000000001,308.00797619426885,308.00797630898842,-1.1471956895547919e-07,2.4797264754136386,2.4797267717011917,-2.9628755315869171e-07
1790,0.014,308.2236324077918,308.22363254174968,-1.339578830084065e-07,2.4341553065280279,2.4341552697251645,3.6802863423446297e-08
1790,0.014999999999999999,308.45615031823752,308.45615047292517,-1.5468765468540369e-07,2.3669413104766721,2.3669408184309488,4.9204572327710139e-07
1790,0.016,308.70574305608278,308.70574322932498,-1.7324219925285433e-07,2.2724501407889339,2.2724491617071103,9.7908182361550189e-07
1790,0.017000000000000001,308.97260820935605,308.97260839563893,-1.8628287534738774e-07,2.1457674025736591,2.1457660431226802,1.3594509788994458e-06
1790,0.018000000000000002,309.25690980772293,309.25690999959312,-1.9187018551747315e-07,1.9836821331976806,1.9836806506042042,1.4825934764317594e-06
1790,0.019,309.55876214453338,309.55876233423959,-1.8970621340486105e-07,1.7855975396781707,1.7855963024291781,1.2372489925915886e-06
1790,0.02,309.87821868425408,309.87821887406437,-1.8981029370479519e-07,1.5541261330601612,1.5541255362587338,5.9680142738827158e-07
1800,0,306.72534472595913,306.72534482780486,-1.0184572829530225e-07,2.5499921292093806,2.5499921347946053,-5.5852247271559463e-09
1800,0.001,306.73320599397954,306.73320609370847,-9.9728936220344622e-08,2.5499892583219133,2.5499892649408422,-6.6189289604778878e-09
1800,0.002,306.7567920931898,306.75679219206523,-9.8875432286149589e-08,2.5499780567966077,2.5499780676390871,-1.0842479358785795e-08
1800,0.0030000000000000001,306.79611021161412,306.79611030911531,-9.7501185791770695e-08,2.5499487914652574,2.5499488112836661,-1.9818408691918421e-08
1800,0.0040000000000000001,306.85117334338179,306.85117343896644,-9.5584653081459692e-08,2.549877665491262,2.5498777021517598,-3.6660497748641774e-08
1800,0.0050000000000000001,306.92200182228817,306.92200191547209,-9.3183928129292326e-08,2.5497117089138279,2.5497117747862865,-6.5872458598903449e-08
1800,0.0060000000000000001,307.00862546915909,307.00862555965119,-9.0492108029138763e-08,2.549339632487392,2.5493397452439086,-1.1275651656816876e-07
1800,0.0070000000000000001,307.11108629711674,307.11108638502651,-8.7909768353711115e-08,2.5485400471984203,2.5485402288478589,-1.8164943860199401e-07
1800,0.0080000000000000002,307.22944162654716,307.22944171264612,-8.6098964402481215e-08,2.5468966280677074,2.5468969006420767,-2.7257436929772894e-07
1800,0.0090000000000000011,307.36376732401976,307.36376740999049,-8.5970725649531232e-08,2.5436710243217333,2.5436714008867685,-3.7656503515393069e-07
1800,0.01,307.51416070778919,307.5141607963489,-8.8559716004965594e-08,2.537631512090174,2.5376319832532355,-4.7116306145511544e-07
1800,0.010999999999999999,307.68074248750429,307.68074258227733,-9.4773042746965075e-08,2.5268511322480456,2.5268516512722132,-5.1902416764448844e-07
1800,0.012,307.86365697978914,307.86365708484226,-1.0505311820452334e-07,2.508513435606623,2.5085139088363677,-4.7322974472407964e-07
1800,0.013000000000000001,308.06306983261635,308.0630699516845,-1.1906814734174986e-07,2.4787920313124734,2.4787923228758162,-2.9156334280244778e-07
1800,0.014,308.27916266658428,308.27916280217073,-1.3558644695876865e-07,2.4328906991899366,2.4328906572598266,4.193011005071412e-08
1800,0.014999999999999999,308.51212443814723,308.51212459074998,-1.5260275176842697e-07,2.365328506002208,2.3653280107026973,4.9529951073878919e-07
1800,0.016,308.76213992732465,308.76214009504184,-1.6771718946984038e-07,2.2705160626791292,2.2705150843914867,9.7828764245022626e-07
1800,0.017000000000000001,309.02937645200092,309.02937663067758,-1.7867665746962302e-07,2.1435931162306923,2.1435917626162362,1.3536144560788443e-06
1800,0.018000000000000002,309.31397054395808,309.31397072779663,-1.8383855149295414e-07,1.9814009313325478,1.9813994586540313,1.472678516467596e-06
1800,0.019,309.61601668912016,309.61601687155974,-1.8243957811137079e-07,1.7833798642719998,1.7833786381430106,1.226128989229025e-06
1800,0.02,309.93556017325056,309.93556035702767,-1.8377710375716561e-07,1.5521535416093466,1.5521529532747804,5.8833456617612967e-07
