time_s,radius_m,fvm_temperature_K,analytic_temperature_K,temperature_error_K,fvm_moisture_kg_per_kg,analytic_frozen_D_moisture_kg_per_kg,moisture_error_kg_per_kg
0,0,301.14999999999998,301.14999999999998,0,2.5499999999999998,,
0,0.001,301.14999999999998,301.14999999999998,0,2.5499999999999998,,
0,0.002,301.14999999999998,301.14999999999998,0,2.5499999999999998,,
0,0.0030000000000000001,301.14999999999998,301.14999999999998,0,2.5499999999999998,,
0,0.0040000000000000001,301.14999999999998,301.14999999999998,0,2.5499999999999998,,
0,0.0050000000000000001,301.14999999999998,301.14999999999998,0,2.5499999999999998,,
0,0.0060000000000000001,301.14999999999998,301.14999999999998,0,2.5499999999999998,,
0,0.0070000000000000001,301.14999999999998,301.14999999999998,0,2.5499999999999998,,
0,0.0080000000000000002,301.14999999999998,301.14999999999998,0,2.5499999999999998,,
0,0.0090000000000000011,301.14999999999998,301.14999999999998,0,2.5499999999999998,,
0,0.01,301.14999999999998,301.14999999999998,0,2.5499999999999998,,
0,0.010999999999999999,301.14999999999998,301.14999999999998,0,2.5499999999999998,,
0,0.012,301.14999999999998,301.14999999999998,0,2.5499999999999998,,
0,0.013000000000000001,301.14999999999998,301.14999999999998,0,2.5499999999999998,,
0,0.014,301.14999999999998,301.14999999999998,0,2.5499999999999998,,
0,0.014999999999999999,301.14999999999998,301.14999999999998,0,2.5499999999999998,,
0,0.016,301.14999999999998,301.14999999999998,0,2.5499999999999998,,
0,0.017000000000000001,301.14999999999998,301.14999999999998,0,2.5499999999999998,,
0,0.018000000000000002,301.14999999999998,301.14999999999998,0,2.5499999999999998,,
0,0.019,301.14999999999998,301.14999999999998,0,2.5499999999999998,,
0,0.02,301.14999999999998,301.14999999999998,0,2.5499999999999998,,
10,0,301.14999999999998,301.15000000309425,-3.0942715056880843e-09,2.5499999999999998,,
10,0.001,301.14999999999998,301.15000000027317,-2.7318947104504332e-10,2.5499999999999998,,
10,0.002,301.14999999999998,301.15000000018699,-1.8701484805205837e-10,2.5499999999999998,,
10,0.0030000000000000001,301.14999999999998,301.15000000014811,-1.4813394955126569e-10,2.5499999999999998,,
10,0.0040000000000000001,301.14999999999998,301.15000000012469,-1.2471446098061278e-10,2.5499999999999998,,
10,0.0050000000000000001,301.14999999999998,301.15000000010872,-1.0874146028072573e-10,2.5499999999999998,,
10,0.0060000000000000001,301.14999999999998,301.15000000009695,-9.6974872576538473e-11,2.5499999999999998,,
10,0.0070000000000000001,301.14999999999998,301.15000000008791,-8.7936768977669999e-11,2.5499999999999998,,
10,0.0080000000000000002,301.14999999999998,301.15000000008081,-8.0831341620068997e-11,2.5499999999999998,,
10,0.0090000000000000011,301.15000000000043,301.15000000007529,-7.4862782639684156e-11,2.5499999999999998,,
10,0.01,301.15000000001265,301.15000000007825,-6.5597305365372449e-11,2.5499999999999998,,
10,0.010999999999999999,301.15000000024952,301.15000000024787,1.6484591469634324e-12,2.5499999999999998,,
10,0.012,301.15000000393326,301.15000000325523,6.78028300171718e-10,2.5499999999999998,,
10,0.013000000000000001,301.15000004947092,301.15000004351651,5.9544049690885004e-09,2.5499999999999998,,
10,0.014,301.15000049620494,301.15000046054007,3.5664868391904747e-08,2.5499999999999998,,
10,0.014999999999999999,301.15000397540587,301.15000382504581,1.5036005152069265e-07,2.5499999999999998,,
10,0.016,301.150025541773,301.15002512630934,4.1546365991962375e-07,2.5499999999999998,,
10,0.017000000000000001,301.15013248719868,301.15013194778516,5.3941352007313981e-07,2.5499999999999732,,
10,0.018000000000000002,301.15056021604613,301.1505612209707,-1.0049245702248299e-06,2.5499999948113405,,
10,0.019,301.15195608256698,301.15196360983873,-7.5272717481311702e-06,2.5498765247781341,,
10,0.02,301.15573074732094,301.15575333130334,-2.2583982399737579e-05,2.4547932917269888,,
20,0,301.14999999999998,301.15000000309419,-3.0942146622692235e-09,2.5499999999999998,,
20,0.001,301.14999999999998,301.15000000027311,-2.7313262762618251e-10,2.5499999999999998,,
20,0.002,301.14999999999998,301.15000000018699,-1.8701484805205837e-10,2.5499999999999998,,
20,0.0030000000000000001,301.14999999999998,301.15000000014805,-1.4807710613240488e-10,2.5499999999999998,,
20,0.0040000000000000001,301.15000000000049,301.15000000012503,-1.2454393072403036e-10,2.5499999999999998,,
20,0.0050000000000000001,301.15000000000549,301.1500000001127,-1.0720668797148392e-10,2.5499999999999998,,
20,0.0060000000000000001,301.15000000005097,301.15000000013731,-8.6345153249567375e-11,2.5499999999999998,,
20,0.0070000000000000001,301.15000000042556,301.15000000044375,-1.8189894035458565e-11,2.5499999999999998,,
20,0.0080000000000000002,301.15000000317065,301.15000000285482,3.1582203519064933e-10,2.5499999999999998,,
20,0.0090000000000000011,301.15000002107558,301.15000001919356,1.8820287550624926e-09,2.5499999999999998,,
20,0.01,301.15000012485081,301.15000011658753,8.2632709563768003e-09,2.5499999999999998,,
20,0.010999999999999999,301.15000065897664,301.15000062862117,3.0355465696629835e-08,2.5499999999999998,,
20,0.012,301.15000310056888,301.15000300629191,9.4276970230566803e-08,2.5499999999999998,,
20,0.013000000000000001,301.15001302082874,301.15001277605313,2.447756060064421e-07,2.5499999999999998,,
20,0.014,301.15004889846983,301.15004838203964,5.1643019105540588e-07,2.5499999999999998,,
20,0.014999999999999999,301.15016464566582,301.1501638219151,8.2375072452123277e-07,2.5499999999999998,,
20,0.016,301.15049872227013,301.15049798029639,7.4197373578499537e-07,2.5499999999999927,,
20,0.017000000000000001,301.15136458768319,301.15136532638166,-7.3869847483365447e-07,2.5499999997776053,,
20,0.018000000000000002,301.1533891262946,301.153394371194,-5.2448993983489345e-06,2.5499983889857418,,
20,0.019,301.15768326063045,301.1576978454741,-1.4584843654574797e-05,2.5482591360647531,,
20,0.02,301.16599899042285,301.16602889751448,-2.9907091629866045e-05,2.4125390489709866,,
30,0,301.15000000000265,301.1500000030963,-3.0936462280806154e-09,2.5499999999999998,,
30,0.001,301.15000000000634,301.15000000027811,-2.7176838557352312e-10,2.5499999999999998,,
30,0.002,301.15000000003056,301.15000000021223,-1.8167156667914242e-10,2.5499999999999998,,
30,0.0030000000000000001,301.15000000016323,301.15000000028783,-1.2460077414289117e-10,2.5499999999999998,,
30,0.0040000000000000001,301.15000000085519,301.15000000088031,-2.5124791136477143e-11,2.5499999999999998,,
30,0.0050000000000000001,301.15000000426704,301.15000000397902,2.8802560336771421e-10,2.5499999999999998,,
30,0.0060000000000000001,301.15000002001403,301.15000001865025,1.3637873053085059e-09,2.5499999999999998,,
30,0.0070000000000000001,301.1500000876843,301.15000008284181,4.8424908527522348e-09,2.5499999999999998,,
30,0.0080000000000000002,301.15000035759948,301.15000034252211,1.5077375792316161e-08,2.5499999999999998,,
30,0.0090000000000000011,301.15000135512582,301.15000131299507,4.2130750443902798e-08,2.5499999999999998,,
30,0.01,301.15000476799452,301.15000466229583,1.0569868891252554e-07,2.5499999999999998,,
30,0.010999999999999999,301.150015575471,301.15001533892462,2.3654638425796293e-07,2.5499999999999998,,
30,0.012,301.1500472619349,301.15004679549168,4.6644322537758853e-07,2.5499999999999998,,
30,0.013000000000000001,301.15013334092458,301.15013254919211,7.9173247513608658e-07,2.5499999999999998,,
30,0.014,301.15035026327638,301.15034916615571,1.0971206734211592e-06,2.5499999999999998,,
30,0.014999999999999999,301.15085816764957,301.15085712245462,1.0451949492562562e-06,2.5499999999999998,,
30,0.016,301.15196528897212,301.15196531343236,-2.4460234726575436e-08,2.5499999999950429,,
30,0.017000000000000001,301.15421740695689,301.15422051163841,-3.1046815252011584e-06,2.5499999778044922,,
30,0.018000000000000002,301.15850488181223,301.15851424100691,-9.3591946779270074e-06,2.5499735811790685,,
30,0.019,301.16616865494348,301.16618843787535,-1.9782931872214249e-05,2.5441477350080004,,
30,0.02,301.17907810226086,301.17911291198465,-3.4809723786111135e-05,2.3813579111839243,,
40,0,301.15000000071979,301.15000000373271,-3.012928573298268e-09,2.5499999999999998,,
40,0.001,301.15000000124303,301.15000000139088,-1.4784973245696165e-10,2.5499999999999998,,
40,0.002,301.15000000382679,301.15000000369793,1.2886403055745177e-10,2.5499999999999998,,
40,0.0030000000000000001,301.15000001335164,301.15000001260489,7.4675199357443489e-10,2.5499999999999998,,
40,0.0040000000000000001,301.15000004689455,301.15000004449132,2.4032260625972413e-09,2.5499999999999998,,
40,0.0050000000000000001,301.15000016032911,301.15000015357538,6.7537371251091827e-09,2.5499999999999998,,
40,0.0060000000000000001,301.15000052649765,301.15000050897311,1.7524541817692807e-08,2.5499999999999998,,
40,0.0070000000000000001,301.15000164984281,301.15000160752771,4.2315093651268398e-08,2.5499999999999998,,
40,0.0080000000000000002,301.15000491641536,301.15000482152681,9.4888548574090237e-08,2.5499999999999998,,
40,0.0090000000000000011,301.15001390636189,301.15001370973056,1.9663133343783556e-07,2.5499999999999998,,
40,0.01,301.15003730417976,301.15003693026898,3.7391077967185993e-07,2.5499999999999998,,
40,0.010999999999999999,301.15009488126674,301.15009423558627,6.4568047264401685e-07,2.5499999999999998,,
40,0.012,301.15022886868735,301.15022787404541,9.9464193681342294e-07,2.5499999999999998,,
40,0.013000000000000001,301.1505238895013,301.15052257110233,1.3183989722165279e-06,2.5499999999999998,,
40,0.014,301.15113904193419,301.15113767512406,1.3668101246366859e-06,2.5499999999999998,,
40,0.014999999999999999,301.15235507312246,301.15235438606362,6.8705884359587799e-07,2.5499999999999079,,
40,0.016,301.15463723838246,301.15463862668338,-1.3883009160053916e-06,2.5499999996834397,,
40,0.017000000000000001,301.15871022998942,301.15871590474853,-5.6747591088424088e-06,2.5499996065376158,,
40,0.018000000000000002,301.16563619164646,301.16564916921965,-1.2977573192074487e-05,2.5498563940621137,,
40,0.019,301.1768820211895,301.17690589189465,-2.3870705149420246e-05,2.5380131878543888,,
40,0.02,301.1943601391431,301.1943986369921,-3.849784900467057e-05,2.3556096021543649,,
50,0,301.15000002426109,301.15000002587465,-1.6135572877828963e-09,2.5499999999999998,,
50,0.001,301.1500000355316,301.15000003384415,1.6874537323019467e-09,2.5499999999999998,,
50,0.002,301.15000008294624,301.15000007937596,3.5702782952284906e-09,2.5499999999999998,,
50,0.0030000000000000001,301.15000022228838,301.15000021429177,7.9966184785007499e-09,2.5499999999999998,,
50,0.0040000000000000001,301.15000060970675,301.15000059191163,1.7795116491470253e-08,2.5499999999999998,,
50,0.0050000000000000001,301.1500016512511,301.15000161289066,3.8360440157703124e-08,2.5499999999999998,,
50,0.0060000000000000001,301.15000435362572,301.15000427452225,7.9103472216957016e-08,2.5499999999999998,,
50,0.0070000000000000001,301.15001109905199,301.15001094430352,1.5474847714358475e-07,2.5499999999999998,,
50,0.0080000000000000002,301.15002726128466,301.15002697606462,2.8522003958642017e-07,2.5499999999999998,,
50,0.0090000000000000011,301.1500643829736,301.1500638911898,4.917837941320613e-07,2.5499999999999998,,
50,0.01,301.15014605399421,301.15014526781863,7.8617557619509171e-07,2.5499999999999998,,
50,0.010999999999999999,301.15031812250254,301.1503169729732,1.1495293392727035e-06,2.5499999999999998,,
50,0.012,301.15066530703734,301.15066380690769,1.5001296560512856e-06,2.5499999999999998,,
50,0.013000000000000001,301.15133642896654,301.15133477491395,1.6540525962227548e-06,2.5499999999999998,,
50,0.014,301.15258004737535,301.15257875747358,1.2899017747258767e-06,2.549999999999998,,
50,0.014999999999999999,301.15479097660233,301.15479104131782,-6.4715493408584734e-08,2.5499999999953769,,
50,0.016,301.15856591032366,301.15856891637293,-3.0060492690608953e-06,2.5499999941202907,,
50,0.017000000000000001,301.16476342813763,301.16477160335006,-8.1752124287959305e-06,2.5499971406554005,,
50,0.018000000000000002,301.17456070717628,301.17457684036322,-1.61331869321657e-05,2.5495492183943713,,
50,0.019,301.18949729334651,301.18952451010642,-2.7216759917791933e-05,2.5305549252570452,,
50,0.02,301.21149627211008,301.21153770354709,-4.1431437011851813e-05,2.3332666170016623,,
60,0,301.15000027895991,301.15000027184357,7.116341294022277e-09,2.5499999999999998,,
60,0.001,301.15000037008713,301.15000035797027,1.2116856851207558e-08,2.5499999999999998,,
60,0.002,301.15000071913187,301.1500006994201,1.9711762888618978e-08,2.5499999999999998,,
60,0.0030000000000000001,301.15000160883289,301.15000157301716,3.5815730825561332e-08,2.5499999999999998,,
60,0.0040000000000000001,301.15000372734465,301.15000366075662,6.6588029312697472e-08,2.5499999999999998,,
60,0.0050000000000000001,301.1500086138077,301.15000849186305,1.2194465170978219e-07,2.5499999999999998,,
60,0.0060000000000000001,301.15001956021723,301.15001934411549,2.1610173916997155e-07,2.5499999999999998,,
60,0.0070000000000000001,301.15004333420188,301.15004296747077,3.6673111480922671e-07,2.5499999999999998,,
60,0.0080000000000000002,301.15009330654544,301.15009271538349,5.9116194961461588e-07,2.5499999999999998,,
60,0.0090000000000000011,301.15019484646803,301.15019394878345,8.976845720098936e-07,2.5499999999999998,,
60,0.01,301.15039415225561,301.15039288197983,1.2702757885563187e-06,2.5499999999999998,,
60,0.010999999999999999,301.15077193585819,301.15077028941442,1.6464437635477225e-06,2.5499999999999998,,
60,0.012,301.15146345024493,301.15146155960468,1.8906402488028107e-06,2.5499999999999998,,
60,0.013000000000000001,301.15268607850851,301.15268430908213,1.769426376085903e-06,2.5499999999999998,,
60,0.014,301.1547749483928,301.15477401029068,9.3810211865275051e-07,2.5499999999999314,,
60,0.014999999999999999,301.15822573346185,301.1582267835891,-1.0501272527108085e-06,2.5499999999114542,,
60,0.016,301.16374205014671,301.16374675418149,-4.704034779479116e-06,2.5499999482069606,,
60,0.017000000000000001,301.1722829590646,301.1722934813655,-1.0522300897264358e-05,2.5499877403833846,,
60,0.018000000000000002,301.18510450743292,301.18512340663847,-1.889920554276614e-05,2.5489670644212836,,
60,0.019,301.20378854910797,301.20381857722549,-3.002811752139678e-05,2.5222921052796621,,
60,0.02,301.23025292048777,301.2302965163355,-4.3595847728283843e-05,2.3133168085574716,,
70,0,301.15000170201472,301.15000166553079,3.648392521427013e-08,2.5499999999999998,,
70,0.001,301.15000211821143,301.15000207216184,4.6049592583585763e-08,2.5499999999999998,,
70,0.002,301.15000362041104,301.15000355455226,6.5858785092132166e-08,2.5499999999999998,,
70,0.0030000000000000001,301.15000710269703,301.15000699809536,1.0460166777193081e-07,2.5499999999999998,,
70,0.0040000000000000001,301.15001454854456,301.15001437713499,1.7140956742878188e-07,2.5499999999999998,,
70,0.0050000000000000001,301.15002995454103,301.15002967545365,2.7908737365578418e-07,2.5499999999999998,,
70,0.0060000000000000001,301.15006102005339,301.15006057710923,4.429441560205305e-07,2.5499999999999998,,
70,0.0070000000000000001,301.15012205975938,301.15012138233493,6.7742445253315964e-07,2.5499999999999998,,
70,0.0080000000000000002,301.15023879110646,301.15023780178291,9.8932355285796802e-07,2.5499999999999998,,
70,0.0090000000000000011,301.15045585074574,301.15045448415759,1.3665881510860345e-06,2.5499999999999998,,
70,0.01,301.15084805479898,301.15084629224054,1.7625584405323025e-06,2.5499999999999998,,
70,0.010999999999999999,301.15153646349364,301.15153438638629,2.0771073536707263e-06,2.5499999999999998,,
70,0.012,301.15271015086449,301.15270801246947,2.1383950183917477e-06,2.5499999999999998,,
70,0.013000000000000001,301.1546541343568,301.15465244289027,1.6914665366130066e-06,2.5499999999999989,,
70,0.014,301.15778317947786,301.15778277812876,4.0134909795597196e-07,2.5499999999986565,,
70,0.014999999999999999,301.16268040512347,301.16268252896975,-2.1238462863948371e-06,2.5499999991061464,,
70,0.016,301.17013968463016,301.17014597912214,-6.2944919818619383e-06,2.5499997203527887,,
70,0.017000000000000001,301.18121348527632,301.1812260392411,-1.2553964779726812e-05,2.5499625718575278,,
70,0.018000000000000002,301.19727333305053,301.19729490786989,-2.1574819356828812e-05,2.5480573815582259,,
70,0.019,301.2200915316547,301.22012588096476,-3.434931005585895e-05,2.5135644947740721,,
70,0.02,301.25193486279875,301.25198653545306,-5.1672654308276833e-05,2.2951681037117448,,
80,0,301.15000691558413,301.15000680710369,1.084804353013169e-07,2.5499999999999998,,
80,0.001,301.15000823852534,301.15000811431173,1.2421361361703021e-07,2.5499999999999998,,
80,0.002,301.15001282651161,301.15001266361867,1.6289294535454246e-07,2.5499999999999998,,
80,0.0030000000000000001,301.1500227796177,301.1500225451793,2.3443840291292872e-07,2.5499999999999998,,
80,0.0040000000000000001,301.15004246726369,301.15004211812544,3.4913824720206321e-07,2.5499999999999998,,
80,0.0050000000000000001,301.15008005662565,301.15007953701581,5.196098413762229e-07,2.5499999999999998,,
80,0.0060000000000000001,301.15015011444791,301.15014935659104,7.5785686703966348e-07,2.5499999999999998,,
80,0.0070000000000000001,301.15027776683394,301.15027669690318,1.0699307608774689e-06,2.5499999999999998,,
80,0.0080000000000000002,301.15050504914745,301.15050360156351,1.4475839407168678e-06,2.5499999999999998,,
80,0.0090000000000000011,301.15090019499826,301.15089833814341,1.8568548512121197e-06,2.5499999999999998,,
80,0.01,301.15157065915469,301.15156843460511,2.2245495756578748e-06,2.5499999999999998,,
80,0.010999999999999999,301.15268060393055,301.15267817891134,2.4250192041108676e-06,2.5499999999999998,,
80,0.012,301.15447339229479,301.15447112121166,2.2710831331096415e-06,2.5499999999999998,,
80,0.013000000000000001,301.15729939124299,301.15729787877154,1.5124714423109253e-06,2.5499999999999794,,
80,0.014,301.16164927022828,301.16164943115569,-1.6092741361717344e-07,2.5499999999849727,,
80,0.014999999999999999,301.16819317778419,301.16819630090583,-3.1231216439664422e-06,2.5499999942473965,,
80,0.016,301.17782658703641,301.17783442225965,-7.835223243546352e-06,2.549998925081665,,
80,0.017000000000000001,301.191723361718,301.19173822953297,-1.4867814968511084e-05,2.5499093702385918,,
80,0.018000000000000002,301.2113941435951,301.2114189886808,-2.4845085704328085e-05,2.5467992957354979,,
80,0.019,301.23874247701258,301.23878074704839,-3.8270035815912706e-05,2.504589386978989,,
80,0.02,301.27610406379989,301.27615936369506,-5.5299895166172064e-05,2.2784380661591683,,
90,0,301.15002129318015,301.15002104957858,2.4360156203329097e-07,2.5499999999999998,,
90,0.001,301.15002458574054,301.15002431846716,2.67273378540267e-07,2.5499999999999998,,
90,0.002,301.15003568766758,301.15003535807313,3.2959445661617792e-07,2.5499999999999998,,
90,0.0030000000000000001,301.1500586414121,301.15005820108985,4.4032225332557573e-07,2.5499999999999998,,
90,0.0040000000000000001,301.15010147981224,301.15010087128388,6.0852835304103792e-07,2.5499999999999998,,
90,0.0050000000000000001,301.1501784054982,301.15017756204821,8.4344998185770237e-07,2.5499999999999998,,
90,0.0060000000000000001,301.15031331241113,301.15031216215061,1.1502605161695101e-06,2.5499999999999998,,
90,0.0070000000000000001,301.15054511024425,301.15054358648638,1.5237578736559954e-06,2.5499999999999998,,
90,0.0080000000000000002,301.15093541582161,301.15093347582592,1.9399956840970844e-06,2.5499999999999998,,
90,0.0090000000000000011,301.1515792393763,301.15157689288367,2.3464926357519289e-06,2.5499999999999998,,
90,0.01,301.15261930395189,301.15261665171215,2.6522397433836886e-06,2.5499999999999998,,
90,0.010999999999999999,301.1542645926591,301.1542618738975,2.7187616069568321e-06,2.5499999999999998,,
90,0.012,301.15681364159286,301.15681128902526,2.3525676056124212e-06,2.5499999999999998,,
90,0.013000000000000001,301.16068301101063,301.16068171310457,1.2979060670659237e-06,2.5499999999997507,,
90,0.014,301.16644125212002,301.1664420227512,-7.7063117487341515e-07,2.5499999998890677,,
90,0.014999999999999999,301.1748483942813,301.17485264601675,-4.2517354472693114e-06,2.5499999733770284,,
90,0.016,301.18690020285572,301.18690981198387,-9.6091281420740415e-06,2.5499967685561264,,
90,0.017000000000000001,301.20387488326503,301.20389221594797,-1.7332682944015687e-05,2.5498139717165844,,
90,0.018000000000000002,301.22737748542187,301.22740533944415,-2.7854022278006596e-05,2.54519513736042,,
90,0.019,301.25937461118923,301.25941604249385,-4.1431304623529286e-05,2.4955062130636247,,
90,0.02,301.30221050595634,301.30226854794307,-5.8041986733314843e-05,2.2628626378617871,,
100,0,301.15005376687031,301.15005330770055,4.5916976887383498e-07,2.5499999999999998,,
100,0.001,301.15006065886678,301.15006016731672,4.9155005399370566e-07,2.5499999999999998,,
100,0.002,301.15008342480155,301.15008284555023,5.7925132068703533e-07,2.5499999999999998,,
100,0.0030000000000000001,301.15012883395616,301.15012810345252,7.3050364335358609e-07,2.5499999999999998,,
100,0.0040000000000000001,301.1502098909171,301.15020893980852,9.5110857500912971e-07,2.5499999999999998,,
100,0.0050000000000000001,301.15034864526609,301.15034740059986,1.2446662367437966e-06,2.5499999999999998,,
100,0.0060000000000000001,301.15058056623639,301.1505789584117,1.6078246858342027e-06,2.5499999999999998,,
100,0.0070000000000000001,301.15096089920996,301.1509588752466,2.0239633613527985e-06,2.5499999999999998,,
100,0.0080000000000000002,301.15157350074986,301.15157104518073,2.4555691311434202e-06,2.5499999999999998,,
100,0.0090000000000000011,301.15254269636819,301.15253986061958,2.8357486030472501e-06,2.5499999999999998,,
100,0.01,301.15404871428177,301.15404565490775,3.0593740234508005e-06,2.5499999999999998,,
100,0.010999999999999999,301.15634721326234,301.15634423898933,2.9742730021098396e-06,2.5499999999999998,,
100,0.012,301.15979332871484,301.15979095577131,2.3729435270070098e-06,2.5499999999999963,,
100,0.013000000000000001,301.16487046869355,301.16486948263167,9.8606187748373486e-07,2.549999999997949,,
100,0.014,301.17222372304673,301.17222524176759,-1.5187208646239014e-06,2.5499999994025715,,
100,0.014999999999999999,301.18269709644585,301.1827026239938,-5.5275479553529294e-06,2.5499999039266061,,
100,0.016,301.19737276128802,301.19738421556303,-1.1454275011146819e-05,2.5499919148703913,,
100,0.017000000000000001,301.21760919472797,301.2176288845979,-1.9689869930061832e-05,2.5496620032356647,,
100,0.018000000000000002,301.24507366448006,301.24510419533527,-3.0530855212873576e-05,2.5432616933015715,,
100,0.019,301.28176356275645,301.28180766200666,-4.4099250203544216e-05,2.4864052319117014,,
100,0.02,301.33001112984988,301.3300714204031,-6.0290553221875598e-05,2.2482505954936256,,
110,0,301.15011718893874,301.15011642320076,7.6573797969103907e-07,2.5499999999999998,,
110,0.001,301.15012989515009,301.1501290885476,8.0660248613639851e-07,2.5499999999999998,,
110,0.002,301.15017122434034,301.15017030575586,9.1858447603954119e-07,2.5499999999999998,,
110,0.0030000000000000001,301.1502514299425,301.15025032244711,1.1074953931711207e-06,2.5499999999999998,,
110,0.0040000000000000001,301.15038972164655,301.15038834695599,1.3746905551670352e-06,2.5499999999999998,,
110,0.0050000000000000001,301.15061765292353,301.15061593577349,1.7171500417134666e-06,2.5499999999999998,,
110,0.0060000000000000001,301.1509842628252,301.15098214016916,2.1226560420473106e-06,2.5499999999999998,,
110,0.0070000000000000001,301.15156334393163,301.15156078028303,2.563648592968093e-06,2.5499999999999998,,
110,0.0080000000000000002,301.1524632731273,301.15246028314709,2.9899802029831335e-06,2.5499999999999998,,
110,0.0090000000000000011,301.15383987347332,301.15383655259632,3.3208769991688314e-06,2.5499999999999998,,
110,0.01,301.15591276138792,301.15590932481757,3.4365703527328151e-06,2.5499999999999998,,
110,0.010999999999999999,301.15898555448734,301.15898238409278,3.1703945637673314e-06,2.5499999999999998,,
110,0.012,301.16347014154678,301.16346783882699,2.3027197926239751e-06,2.549999999999963,,
110,0.013000000000000001,301.16991490587924,301.16991434670791,5.5917132613103604e-07,2.5499999999874765,,
110,0.014,301.17903630350929,301.17903868681759,-2.3833082991586707e-06,2.5499999974839409,,
110,0.014999999999999999,301.19175250626893,301.19175938527036,-6.8790014324804361e-06,2.5499997140210677,,
110,0.016,301.20921696618336,301.20923024730865,-1.3281125291086937e-05,2.5499824267539606,,
110,0.017000000000000001,301.23284886690647,301.23287076140741,-2.1894500946473272e-05,2.5494402120775539,,
110,0.018000000000000002,301.26435672552191,301.26438964490495,-3.2919383045282302e-05,2.5410235563211891,,
110,0.019,301.30575117843625,301.30579757458588,-4.6396149627980776e-05,2.4773452545249817,,
110,0.02,301.35934346316242,301.3594056458046,-6.2182642182051495e-05,2.2344581703368509,,
120,0,301.15022828740354,301.15022711978759,1.167615948816092e-06,2.5499999999999998,,
120,0.001,301.15024957781611,301.15024836174638,1.2160697338003956e-06,2.5499999999999998,,
120,0.002,301.15031801538163,301.15031666597827,1.3494033623828727e-06,2.5499999999999998,,
120,0.0030000000000000001,301.15044803205831,301.15044646145469,1.5706036151641456e-06,2.5499999999999998,,
120,0.0040000000000000001,301.15066616114791,301.1506642850868,1.8760611055768095e-06,2.5499999999999998,,
120,0.0050000000000000001,301.1510149420422,301.15101268633111,2.2557110810339509e-06,2.5499999999999998,,
120,0.0060000000000000001,301.15155874031478,301.151556052079,2.6882357815338764e-06,2.5499999999999998,,
120,0.0070000000000000001,301.15239180642368,301.1523886713702,3.1350534754892578e-06,2.5499999999999998,,
120,0.0080000000000000002,301.15364894129959,301.15364540793593,3.5333636674295121e-06,2.5499999999999998,,
120,0.0090000000000000011,301.15551914162415,301.15551535294077,3.788683386574121e-06,2.5499999999999998,,
120,0.01,301.15826254480004,301.15825877718754,3.7676124975405401e-06,2.5499999999999998,,
120,0.010999999999999999,301.16223086216723,301.16222757015197,3.2920152648330259e-06,2.5499999999999989,,
120,0.012,301.16789125462947,301.16788911824477,2.1363846940403164e-06,2.5499999999997498,,
120,0.013000000000000001,301.17585324654681,301.17585321575058,3.0796229566476541e-08,2.5499999999398435,,
120,0.014,301.18689778522241,301.18690111323343,-3.3280110187661194e-06,2.5499999912866795,,
120,0.014999999999999999,301.20200695959761,301.20201521503481,-8.2554371942933358e-06,2.5499992688161135,,
120,0.016,301.2223922631585,301.22240731016569,-1.5047007195789774e-05,2.5499657914271801,,
120,0.017000000000000001,301.24951874079721,301.24954267869572,-2.3937898504300392e-05,2.5491372850214979,,
120,0.018000000000000002,301.28512205236882,301.28515711189266,-3.5059523838754103e-05,2.5385086828850398,,
120,0.019,301.33121556816053,301.33126396924672,-4.8401086189642228e-05,2.4683646472333014,,
120,0.02,301.39008508101114,301.39014898260632,-6.3901595183324389e-05,2.2213740346829622,,
130,0,301.15040738882033,301.15040572282129,1.6659990365042177e-06,2.5499999999999998,,
130,0.001,301.15044053853001,301.15043881868627,1.7198437376464426e-06,2.5499999999999998,,
130,0.002,301.15054612062841,301.15054425011772,1.8705106867855648e-06,2.5499999999999998,,
130,0.0030000000000000001,301.15074336575327,301.15074124866891,2.1170843638174119e-06,2.5499999999999998,,
130,0.0040000000000000001,301.1510671213432,301.15106467066482,2.4506783802280552e-06,2.5499999999999998,,
130,0.0050000000000000001,301.15157220624025,301.15156935237769,2.8538625542751106e-06,2.5499999999999998,,
130,0.0060000000000000001,301.15233980816697,301.15233651220217,3.2959648024188937e-06,2.5499999999999998,,
130,0.0070000000000000001,301.15348619000906,301.15348246269235,3.727316709500883e-06,2.5499999999999998,,
130,0.0080000000000000002,301.15517399125474,301.15516991841008,4.0728446606408397e-06,2.5499999999999998,,
130,0.0090000000000000011,301.15762638486461,301.1576221592436,4.2256210122104676e-06,2.5499999999999998,,
130,0.01,301.16114426128144,301.16114021995526,4.0413261785943178e-06,2.5499999999999998,,
130,0.010999999999999999,301.16612644415142,301.16612310923728,3.3349141403959948e-06,2.5499999999999949,,
130,0.012,301.17309268351454,301.17309080256246,1.88095208386585e-06,2.5499999999986547,,
130,0.013000000000000001,301.182708812736,301.18270939408347,-5.8134747860094649e-07,2.549999999762274,,
130,0.014,301.19581296291881,301.19581730067034,-4.3377515339670936e-06,2.5499999742410733,,
130,0.014999999999999999,301.2134408776613,301.21345055671475,-9.679053448508057e-06,2.5499983455050623,,
130,0.016,301.23684625152356,301.23686311009351,-1.6858569949818047e-05,2.5499390157390391,,
130,0.017000000000000001,301.26750682069479,301.26753279371957,-2.5973024776249076e-05,2.548744214131796,,
130,0.018000000000000002,301.30709881205945,301.30713545826234,-3.6646202886458923e-05,2.5357456553487956,,
130,0.019,301.35742076562184,301.35746850959805,-4.7743976210767869e-05,2.4594882596470513,,
130,0.02,301.4202716300216,301.42032951942872,-5.7889407116817893e-05,2.2089097416456966,,
140,0,301.15067805370506,301.15067579812961,2.255575452636549e-06,2.5499999999999998,,
140,0.001,301.15072678537064,301.1507244711957,2.314174935236224e-06,2.5499999999999998,,
140,0.002,301.15088086360964,301.15087838618973,2.4774199118837714e-06,2.5499999999999998,,
140,0.0030000000000000001,301.15116485433396,301.15116211310004,2.7412339136390074e-06,2.5499999999999998,,
140,0.0040000000000000001,301.15162276393687,301.15161967267147,3.0912653983250493e-06,2.5499999999999998,,
140,0.0050000000000000001,301.15232276548113,301.15231926292034,3.5025607871830289e-06,2.5499999999999998,,
140,0.0060000000000000001,301.15336405567894,301.15336012056719,3.9351117493424681e-06,2.5499999999999998,,
140,0.0070000000000000001,301.15488604330062,301.15488171473629,4.3285643300805532e-06,2.5499999999999998,,
140,0.0080000000000000002,301.15708006511971,301.15707546854304,4.5965766730660107e-06,2.5499999999999998,,
140,0.0090000000000000011,301.16020377160118,301.16019915011123,4.6214899498409068e-06,2.5499999999999998,,
140,0.01,301.1645982040572,301.16459395386516,4.2501920347604027e-06,2.5499999999999998,,
140,0.010999999999999999,301.17070737073004,301.17070407848382,3.2922462196438573e-06,2.5499999999999714,,
140,0.012,301.17909976316088,301.17909824190627,1.5212546031762031e-06,2.5499999999940322,,
140,0.013000000000000001,301.19049061521935,301.19049193408807,-1.3188687262299936e-06,2.5499999992002658,,
140,0.014,301.20576260768576,301.20576810151971,-5.4938339530963276e-06,2.5499999331199974,,
140,0.014999999999999999,301.22598103746833,301.22599226083724,-1.122336891512532e-05,2.5499966112012036,,
140,0.016,301.25239754576324,301.25241612247663,-1.8576713387119526e-05,2.5498987628527199,,
140,0.017000000000000001,301.2864357164284,301.28646306865426,-2.7352225856702717e-05,2.5482543371281681,,
140,0.018000000000000002,301.3296545103961,301.32969155025495,-3.7039858852949692e-05,2.5327621074231588,,
140,0.019,301.38369305484247,301.38374003108885,-4.6976246380836528e-05,2.450731869922691,,
140,0.02,301.45021062257331,301.45026727990972,-5.665733641535553e-05,2.1969938656733343,,
150,0,301.15106666543585,301.15106373367053,2.9317653229554708e-06,2.5499999999999998,,
150,0.001,301.15113508378175,301.15113209046871,2.9933130463177804e-06,2.5499999999999998,,
150,0.002,301.15135012453908,301.15134696090468,3.163634403335891e-06,2.5499999999999998,,
150,0.0030000000000000001,301.15174212896602,301.15173869353305,3.4354329727648292e-06,2.5499999999999998,,
150,0.0040000000000000001,301.15236493907315,301.15236115023987,3.7888332826696569e-06,2.5499999999999998,,
150,0.0050000000000000001,301.15330090660177,301.15329671520749,4.1913942823157413e-06,2.5499999999999998,,
150,0.0060000000000000001,301.15466807815449,301.15466348415703,4.5939974597786204e-06,2.5499999999999998,,
150,0.0070000000000000001,301.15662968471236,301.15662475863883,4.9260735295320046e-06,2.5499999999999998,,
150,0.0080000000000000002,301.15940602899354,301.15940093832171,5.0906718342957902e-06,2.5499999999999998,,
150,0.0090000000000000011,301.16328876593514,301.16328380594774,4.959987393249321e-06,2.5499999999999998,,
150,0.01,301.16865737726511,301.16865300500092,4.3722641862586897e-06,2.5499999999999994,,
150,0.010999999999999999,301.17599730399337,301.175994172034,3.1319593745138263e-06,2.549999999999859,,
150,0.012,301.18591866710233,301.18591764996609,1.0171362418986973e-06,2.549999999977473,,
150,0.013000000000000001,301.19917375367351,301.19917595311631,-2.1994428038851765e-06,2.5499999976477938,,
150,0.014,301.21667056245155,301.2166772715405,-6.7090889501741913e-06,2.5499998440920093,,
150,0.014999999999999999,301.23947899308075,301.23949160129752,-1.2608216763965174e-05,2.5499936070057774,,
150,0.016,301.26882628201889,301.26884612385589,-1.9841837001877138e-05,2.5498415028346364,,
150,0.017000000000000001,301.30607966486281,301.3061078460189,-2.8181156096707127e-05,2.5476631799677905,,
150,0.018000000000000002,301.35271721445338,301.352754475724,-3.7261270620092546e-05,2.5295838932588706,,
150,0.019,301.41029170398917,301.4103383862564,-4.6682267225151008e-05,2.4421050879691153,,
150,0.02,301.48039554758464,301.48045169361365,-5.6146029010051279e-05,2.1855677311662203,,
160,0,301.15160195685274,301.15159827058267,3.6862700767414935e-06,2.5499999999999998,,
160,0.001,301.15169447340702,301.15169072465824,3.7487487816179055e-06,2.5499999999999998,,
160,0.002,301.15198382775554,301.15197990770855,3.920046992789139e-06,2.5499999999999998,,
160,0.0030000000000000001,301.15250646732204,301.15250227767382,4.1896482230185939e-06,2.5499999999999998,,
160,0.0040000000000000001,301.15332655720778,301.15332202503919,4.5321685888666252e-06,2.5499999999999998,,
160,0.0050000000000000001,301.15454117121288,301.15453626346732,4.9077455628321331e-06,2.5499999999999998,,
160,0.0060000000000000001,301.15628765207833,301.15628239381516,5.2582631724362727e-06,2.5499999999999998,,
160,0.0070000000000000001,301.1587531790384,301.15874767597523,5.5030631642694061e-06,2.5499999999999998,,
160,0.0080000000000000002,301.16218650209822,301.16218096727647,5.5348217529171961e-06,2.5499999999999998,,
160,0.0090000000000000011,301.1669116463583,301.16690642962516,5.2167331432428909e-06,2.5499999999999998,,
160,0.01,301.17334313029971,301.17333874737375,4.3829259652738983e-06,2.5499999999999967,,
160,0.010999999999999999,301.18200186389458,301.18199901893013,2.8449644560168963e-06,2.5499999999994118,,
160,0.012,301.19353041244511,301.19353000485239,4.0759272224022425e-07,2.5499999999258396,,
160,0.013000000000000001,301.20870581011314,301.20870891460817,-3.1044950219438761e-06,2.5499999938224001,,
160,0.014,301.22844774992598,301.22845556102118,-7.8110952017595991e-06,2.5499996679730312,,
160,0.014999999999999999,301.25382000532136,301.2538337461533,-1.3740831946051912e-05,2.5499887402807562,,
160,0.016,301.28602358971062,301.28604439875761,-2.0809046986869362e-05,2.5497636567381115,,
160,0.017000000000000001,301.32638152391866,301.32641034602756,-2.8822108902204491e-05,2.5469681959342791,,
160,0.018000000000000002,301.37631694640817,301.37635446060079,-3.7514192626986187e-05,2.5262347142802701,,
160,0.019,301.43732812106538,301.43737473016859,-4.660910320808398e-05,2.4336132957737711,,
160,0.02,301.51096493559442,301.51102083256364,-5.5896969229252136e-05,2.1745823561211002,,
170,0,301.15231447147556,301.15230996333008,4.5081454800310894e-06,2.5499999999999998,,
170,0.001,301.15243571936503,301.15243115003074,4.5693342940467119e-06,2.5499999999999998,,
170,0.002,301.1528133623562,301.15280862744498,4.7349112151096051e-06,2.5499999999999998,,
170,0.0030000000000000001,301.15349015894679,301.15348516782723,4.9911195674212649e-06,2.5499999999999998,,
170,0.0040000000000000001,301.15454086253624,301.15453555550653,5.3070297099111485e-06,2.5499999999999998,,
170,0.0050000000000000001,301.15607747159964,301.15607183624564,5.6353540003328817e-06,2.5499999999999998,,
170,0.0060000000000000001,301.15825657570764,301.15825066650899,5.9091986486237147e-06,2.5499999999999998,,
170,0.0070000000000000001,301.16128872999036,301.1612826912006,6.0387897633518151e-06,2.5499999999999998,,
170,0.0080000000000000002,301.16544967450244,301.16544376527855,5.9092238871016889e-06,2.5499999999999998,,
170,0.0090000000000000011,301.17109302961398,301.17108764888889,5.3807250992576883e-06,2.5499999999999998,,
170,0.01,301.17866383973694,301.1786595464859,4.2932510382343025e-06,2.5499999999999856,,
170,0.010999999999999999,301.18871202338812,301.1887095461866,2.4772015194685082e-06,2.5499999999978558,,
170,0.012,301.20190446920435,301.20190469818203,-2.2897768303664634e-07,2.5499999997827509,,
170,0.013000000000000001,301.21903428590235,301.21903824139963,-3.9554972772748442e-06,2.5499999852654081,,
170,0.014,301.24102568919074,301.24103446549429,-8.7763035594434768e-06,2.5499993450358245,,
170,0.014999999999999999,301.26893330554418,301.26894799488952,-1.4689345334772952e-05,2.5499812854314223,,
170,0.016,301.30393534703825,301.30395695644887,-2.1609410623568692e-05,2.5496617212393091,,
170,0.017000000000000001,301.3473210992085,301.34735047774319,-2.937853469120455e-05,2.5461684677369303,,
170,0.018000000000000002,301.40047425523136,301.40051204943205,-3.779420069349726e-05,2.5227360164437558,,
170,0.019,301.46485450605553,301.46490115435677,-4.6648301236018597e-05,2.4252589589829747,,
170,0.02,301.54198012934302,301.54203590650599,-5.5777162970116478e-05,2.1639963678489456,,
180,0,301.15323594555514,301.15323056223781,5.3833173296879977e-06,2.5499999999999998,,
180,0.001,301.15339067946121,301.1533852387272,5.440734014428017e-06,2.5499999999999998,,
180,0.002,301.15387090167656,301.1538653085488,5.5931277529452927e-06,2.5499999999999998,,
180,0.0030000000000000001,301.15472573487204,301.15471991134268,5.8235293636244023e-06,2.5499999999999998,,
180,0.0040000000000000001,301.15604051905461,301.15603442340819,6.0956464267292176e-06,2.5499999999999998,,
180,0.0050000000000000001,301.15794198081477,301.1579356254278,6.3553869722454692e-06,2.5499999999999998,,
180,0.0060000000000000001,301.16060536389426,301.16059883528743,6.5286068320347113e-06,2.5499999999999998,,
180,0.0070000000000000001,301.16426335522675,301.16425683579081,6.5194359422093839e-06,2.5499999999999998,,
180,0.0080000000000000002,301.16921650894142,301.1692102986338,6.2103076174935268e-06,2.5499999999999998,,
180,0.0090000000000000011,301.17584469273777,301.17583922779005,5.4649477192469931e-06,2.5499999999999998,,
180,0.01,301.18461886759582,301.18461473211141,4.1354844029228843e-06,2.5499999999999421,,
180,0.010999999999999999,301.19611229378137,301.19611021952136,2.0742600099765696e-06,2.5499999999930596,,
180,0.012,301.21101008496748,301.21101093514892,-8.5018143636261811e-07,2.549999999424359,,
180,0.013000000000000001,301.2301159743044,301.23012070929582,-4.7349914211736177e-06,2.5499999676406531,,
180,0.014,301.25435527697385,301.25436490337199,-9.6263981390620756e-06,2.549998789827586,,
180,0.014999999999999999,301.28477337321112,301.28478888223049,-1.5509019362980325e-05,2.5499703923839152,,
180,0.016,301.32252958140106,301.32255188639971,-2.2304998651634378e-05,2.5495323680170427,,
180,0.017000000000000001,301.36888695995736,301.36891684464553,-2.988468816056411e-05,2.545264411534633,,
180,0.018000000000000002,301.42519922186671,301.4252373091328,-3.8087266091224592e-05,2.5191070409436422,,
180,0.019,301.49289638783978,301.49294313579765,-4.674795786741015e-05,2.4170425254613894,,
180,0.02,301.57347014100549,301.57352663558265,-5.6494577165722148e-05,2.1537744480456298,,
190,0,301.15439857269007,301.15439227754729,6.2951427821644756e-06,2.5499999999999998,,
190,0.001,301.15459155032545,301.15458520495145,6.3453740040131379e-06,2.5499999999999998,,
190,0.002,301.15518859580573,301.15518211914684,6.4766588820930338e-06,2.5499999999999998,,
190,0.0030000000000000001,301.15624508099893,301.15623841252273,6.6684762032309663e-06,2.5499999999999998,,
190,0.0040000000000000001,301.1578566496068,301.15784976961453,6.8799922701145988e-06,2.5499999999999998,,
190,0.0050000000000000001,301.16016417319651,301.16015712131878,7.0518777306460834e-06,2.5499999999999998,,
190,0.0060000000000000001,301.16336049549568,301.16335339018201,7.1053136707632802e-06,2.5499999999999998,,
190,0.0070000000000000001,301.16769872588691,301.16769178389404,6.9419928649949725e-06,2.5499999999999998,,
190,0.0080000000000000002,301.1735017150001,301.17349526893872,6.4460613771188946e-06,2.5499999999999998,,
190,0.0090000000000000011,301.18117219464176,301.18116670579457,5.4888471936465066e-06,2.5499999999999989,,
190,0.01,301.19120290740443,301.19119897051331,3.936891118883068e-06,2.5499999999997951,,
190,0.010999999999999999,301.20418591783562,301.20418425470945,1.6631261701149924e-06,2.549999999979732,,
190,0.012,301.22082022546107,301.22082166547074,-1.4400096688405029e-06,2.5499999986017974,,
190,0.013000000000000001,301.24191682570012,301.24192227388079,-5.4481806728290394e-06,2.5499999338255801,,
190,0.014,301.26840047916306,301.26841087602958,-1.0396866514383873e-05,2.5499978864402051,,
190,0.014999999999999999,301.30130744304688,301.30132372027066,-1.6277223778615735e-05,2.5499551011508377,,
190,0.016,301.34177746693581,301.34180049600002,-2.3029064209367789e-05,2.5493725169284445,,
190,0.017000000000000001,301.39103486397079,301.39106534790722,-3.0483936427572189e-05,2.5442575043906723,,
190,0.018000000000000002,301.45034739214623,301.45038552611538,-3.8133969155751402e-05,2.5153649559601869,,
190,0.019,301.52095040911905,301.52099534437917,-4.4935260120837484e-05,2.4089630489854423,,
190,0.02,301.60394261995839,301.60399242444635,-4.9804487957771926e-05,2.1438863197902771,,
200,0,301.15583417279038,301.15582695039774,7.222392639505415e-06,2.5499999999999998,,
200,0.001,301.15607003025036,301.15606276660714,7.263643226451677e-06,2.5499999999999998,,
200,0.002,301.15679772502989,301.15679035854083,7.3664890578584163e-06,2.5499999999999998,,
200,0.0030000000000000001,301.15807860762737,301.15807109932314,7.5083042361256958e-06,2.5499999999999998,,
200,0.0040000000000000001,301.16001809858551,301.16001045350396,7.6450815527095983e-06,2.5499999999999998,,
200,0.0050000000000000001,301.16277032931367,301.16276261499365,7.7143200201135187e-06,2.5499999999999998,,
200,0.0060000000000000001,301.16654438350889,301.16653674824647,7.6352624205355824e-06,2.5499999999999998,,
200,0.0070000000000000001,301.17161185696472,301.17160454667584,7.3102888791254372e-06,2.5499999999999998,,
200,0.0080000000000000002,301.17831533896077,301.17830871084396,6.628116807405604e-06,2.5499999999999998,,
200,0.0090000000000000011,301.18707729855367,301.18707182934406,5.469209611419501e-06,2.5499999999999945,,
200,0.01,301.19840874556053,301.19840503217864,3.7133818864276691e-06,2.5499999999993457,,
200,0.010999999999999999,301.21291693747366,301.21291568846141,1.2490122571762186e-06,2.5499999999459142,,
200,0.012,301.23131130080668,301.23131331841932,-2.0176126440674125e-06,2.5499999968519842,,
200,0.013000000000000001,301.25440654557832,301.25441269998635,-6.1544080267594836e-06,2.5499998728114952,,
200,0.014,301.28312151463552,301.28313270715108,-1.1192515557922889e-05,2.5499964846108769,,
200,0.014999999999999999,301.31847148319747,301.31848857894857,-1.7095751104534429e-05,2.5499343606416431,,
200,0.016,301.36155060813468,301.36157430663519,-2.3698500513091858e-05,2.5491793849919815,,
200,0.017000000000000001,301.41350103658249,301.41353166940888,-3.0632826394594304e-05,2.5431500443334758,,
200,0.018000000000000002,301.47546754749453,301.47550487589797,-3.7328403436731605e-05,2.5115250266126972,,
200,0.019,301.54854262975198,301.54858581054293,-4.3180790953556425e-05,2.4010186289973245,,
200,0.02,301.63371486864247,301.63376269296288,-4.7824320404288301e-05,2.1343055433519309,,
210,0,301.15757338698234,301.15756524040972,8.1465726111673575e-06,2.5499999999999998,,
210,0.001,301.15785652942839,301.15784835270881,8.1767195752036059e-06,2.5499999999999998,,
210,0.002,301.15872796489504,301.15871971978805,8.2451069829403423e-06,2.5499999999999998,,
210,0.0030000000000000001,301.16025463340668,301.16024630548606,8.3279206251063442e-06,2.5499999999999998,,
210,0.0040000000000000001,301.16255103217804,301.16254265267662,8.3795014234055998e-06,2.5499999999999998,,
210,0.0050000000000000001,301.16578347741233,301.16577514122491,8.3361874203546904e-06,2.5499999999999998,,
210,0.0060000000000000001,301.17017578020722,301.17016766269506,8.1175121522392146e-06,2.5499999999999998,,
210,0.0070000000000000001,301.1760160341737,301.17600840568872,7.6284849797048082e-06,2.5499999999999998,,
210,0.0080000000000000002,301.1836641069778,301.183657343677,6.7633008029588382e-06,2.5499999999999998,,
210,0.0090000000000000011,301.19355931599961,301.19355390547912,5.4105204867482826e-06,2.5499999999999803,,
210,0.01,301.20622764208144,301.20622418257722,3.4595042279761401e-06,2.549999999998092,,
210,0.010999999999999999,301.2222876761499,301.2222868679828,8.0816710124054225e-07,2.54999999986667,,
210,0.012,301.24245427037329,301.24245689691691,-2.6265436190442415e-06,2.5499999933686772,,
210,0.013000000000000001,301.26753855890826,301.26754545095042,-6.8920421654183883e-06,2.5499997684493678,,
210,0.014,301.29844267520252,301.29845464874143,-1.1973538903475855e-05,2.5499943968990286,,
210,0.014999999999999999,301.33614732591872,301.33616508619087,-1.7760272157829604e-05,2.5499070498150562,,
210,0.016,301.3816907731661,301.38171479336,-2.402019390501664e-05,2.5489505147961951,,
210,0.017000000000000001,301.43613916261364,301.43616956790737,-3.0405293728108518e-05,2.5419449463381376,,
210,0.018000000000000002,301.50055062977867,301.50058713642898,-3.6506650303635979e-05,2.50760079636578,,
210,0.019,301.57593864228795,301.57598060107296,-4.1958785004680976e-05,2.3932067225580149,,
210,0.02,301.66324226727414,301.66328882707626,-4.6559802115098137e-05,2.1250089041250888,,
220,0,301.15964502951545,301.15963597892056,9.0505948833197181e-06,2.5499999999999998,,
220,0.001,301.15997955212424,301.15997048404046,9.0680837843137851e-06,2.5499999999999998,,
220,0.002,301.16100686268902,301.16099776499146,9.0976975570811192e-06,2.5499999999999998,,
220,0.0030000000000000001,301.16279902760351,301.16278991232161,9.1152818981754535e-06,2.5499999999999998,,
220,0.0040000000000000001,301.16547881966812,301.16546974485016,9.0748179673028062e-06,2.5499999999999998,,
220,0.0050000000000000001,301.16922356634575,301.16921465338424,8.9129615048477717e-06,2.5499999999999998,,
220,0.0060000000000000001,301.17427022604954,301.17426167524445,8.550805091545044e-06,2.5499999999999998,,
220,0.0070000000000000001,301.1809213729195,301.18091347638665,7.8965328498270537e-06,2.5499999999999998,,
220,0.0080000000000000002,301.18955165845063,301.18954480922446,6.8492261675601185e-06,2.5499999999999994,,
220,0.0090000000000000011,301.20061419097118,301.20060888685191,5.3041192700220563e-06,2.5499999999999376,,
220,0.01,301.21464612280994,301.21464296293112,3.1598788154951762e-06,2.5499999999948768,,
220,0.010999999999999999,301.232272557626,301.23227222866365,3.2896235779844574e-07,2.5499999996935871,,
220,0.012,301.25420770275736,301.25421095050416,-3.2477468039360247e-06,2.5499999868273306,,
220,0.013000000000000001,301.28125204917745,301.28125963097062,-7.581793170174933e-06,2.5499995980987546,,
220,0.014,301.3142843763452,301.31429699241613,-1.261607093283601e-05,2.5499913971092067,,
220,0.014999999999999999,301.35424770801239,301.35426591700076,-1.8208988365131518e-05,2.5498719996568933,,
220,0.016,301.40212913228402,301.40215326639037,-2.4134106354267715e-05,2.548683786074311,,
220,0.017000000000000001,301.45893466556049,301.45896476907382,-3.0103513324775122e-05,2.5406455721963952,,
220,0.018000000000000002,301.52566187021483,301.52569768703694,-3.5816822105516621e-05,2.5036042670748673,,
220,0.019,301.60327426126855,301.60331528749748,-4.1026228927876218e-05,2.3855243626081881,,
220,0.02,301.69268206131619,301.69272766655956,-4.5605243371937831e-05,2.1159759784306686,,
230,0,301.16207565611256,301.16206573567536,9.9204372077110747e-06,2.5499999999999998,,
230,0.001,301.162465296449,301.16245537221039,9.9242386113473913e-06,2.5499999999999998,,
230,0.002,301.16365952833917,301.16364961607525,9.9122639198867546e-06,2.5499999999999998,,
230,0.0030000000000000001,301.16573503903805,301.16572517844179,9.8605962648434797e-06,2.5499999999999998,,
230,0.0040000000000000001,301.16882201538107,301.1688122917206,9.7236604688077932e-06,2.5499999999999998,,
230,0.0050000000000000001,301.17310755123736,301.17309811203182,9.4392055416392395e-06,2.5499999999999998,,
230,0.0060000000000000001,301.17884008565426,301.17883115521613,8.9304381276633649e-06,2.5499999999999998,,
230,0.0070000000000000001,301.18633452985597,301.18632642074175,8.1091142192235566e-06,2.5499999999999998,,
230,0.0080000000000000002,301.19597762147635,301.19597074145344,6.8800229087173648e-06,2.549999999999998,,
230,0.0090000000000000011,301.20823291400609,301.20822776662033,5.1473857638484333e-06,2.5499999999998186,,
230,0.01,301.22364467224202,301.22364184846145,2.8237805622666201e-06,2.549999999987214,,
230,0.010999999999999999,301.24283981883093,301.24283997684529,-1.5801435893081361e-07,2.5499999993383398,,
230,0.012,301.26652700116108,301.26653083177894,-3.8306178566926974e-06,2.5499999751595506,,
230,0.013000000000000001,301.29549188290065,301.29550005979178,-8.1768911286417278e-06,2.549999331242979,,
230,0.014,301.33058798506949,301.33060110281781,-1.3117748324020795e-05,2.549987219968922,,
230,0.014999999999999999,301.37272286982318,301.37274137800767,-1.8508184496113245e-05,2.549828014647098,,
230,0.016,301.42284018457082,301.42286433100691,-2.4146436089722556e-05,2.5483774144791198,,
230,0.017000000000000001,301.48189897699024,301.48192877560035,-2.979861011453977e-05,2.5392555916395843,,
230,0.018000000000000002,301.55085255519737,301.55088779165857,-3.5236461201293423e-05,2.499546068640774,,
230,0.019,301.63062972935751,301.63067000932921,-4.0279971699419548e-05,2.3779683140852921,,
230,0.02,301.72212127064165,301.72216611271386,-4.4842072213668871e-05,2.1071886642328028,,
240,0,301.16488931017869,301.16487856554602,1.0744632675141474e-05,2.5499999999999998,,
240,0.001,301.16533741897359,301.16532668492505,1.073404854423643e-05,2.5499999999999998,,
240,0.002,301.1667084463881,301.16669776781748,1.0678570617983496e-05,2.5499999999999998,,
240,0.0030000000000000001,301.16908316062046,301.16907260577898,1.0554841480825417e-05,2.5499999999999998,,
240,0.0040000000000000001,301.17259824337202,301.17258792514133,1.0318230692973884e-05,2.5499999999999998,,
240,0.0050000000000000001,301.17744922712421,301.1774393188781,9.908246113354835e-06,2.5499999999999998,,
240,0.0060000000000000001,301.18389425469724,301.18388500353808,9.2511591560651141e-06,2.5499999999999998,,
240,0.0070000000000000001,301.19225830265503,301.19225003885344,8.263801589691866e-06,2.5499999999999998,,
240,0.0080000000000000002,301.20293739454627,301.20293053557668,6.8589695843002119e-06,2.549999999999994,,
240,0.0090000000000000011,301.21640221770446,301.21639726490776,4.9527967007634288e-06,2.5499999999995109,,
240,0.01,301.23320046084865,301.23319798660037,2.4742482764850138e-06,2.5499999999701064,,
240,0.010999999999999999,301.25395713389048,301.25395775750724,-6.2361675645661307e-07,2.5499999986484441,,
240,0.012,301.27937215161637,301.27937650341255,-4.3517961785255466e-06,2.5499999552762658,,
240,0.013000000000000001,301.31021459982645,301.31022327490064,-8.6750741843388823e-06,2.5499989281391668,,
240,0.014,301.34731338912803,301.3473268954757,-1.3506347670499963e-05,2.5499815620039676,,
240,0.014999999999999999,301.3915444451597,301.39156315386623,-1.8708706534198427e-05,2.5497738928156206,,
240,0.016,301.44381514708817,301.44383925446982,-2.4107381648263981e-05,2.5480299409352924,,
240,0.017000000000000001,301.50504731666928,301.50507682811843,-2.9511449156416347e-05,2.5377788705120694,,
240,0.018000000000000002,301.57616054066466,301.57619528284761,-3.4742182947411493e-05,2.4954356149450287,,
240,0.019,301.65805782986297,301.65809749162491,-3.9661761945808394e-05,2.3705351875705345,,
240,0.02,301.75161650554492,301.75165966716014,-4.3161615224107663e-05,2.0986308251956207,,
250,0,301.16810734069361,301.16809583029385,1.151039975866297e-05,2.5499999999999998,,
250,0.001,301.16861685577646,301.16860536848242,1.1487294045764429e-05,2.5499999999999998,,
250,0.002,301.17017330262485,301.17016191559003,1.1387034817289532e-05,2.5499999999999998,,
250,0.0030000000000000001,301.17286095611672,301.17284976669856,1.1189418160029163e-05,2.5499999999999998,,
250,0.0040000000000000001,301.17682201886998,301.17681116745348,1.0851416504920053e-05,2.5499999999999998,,
250,0.0050000000000000001,301.18225906683301,301.18224875154118,1.0315291831375362e-05,2.5499999999999998,,
250,0.0060000000000000001,301.18943811039009,301.18942859859379,9.5117962928270572e-06,2.5499999999999998,,
250,0.0070000000000000001,301.19869191179203,301.19868354715612,8.3646359030353779e-06,2.5499999999999998,,
250,0.0080000000000000002,301.21042309905846,301.21041630256707,6.7964913910145697e-06,2.5499999999999829,,
250,0.0090000000000000011,301.22510653279767,301.22510179612192,4.7366757485178823e-06,2.5499999999987657,,
250,0.01,301.24329032999236,301.24328819980872,2.1301836454767908e-06,2.5499999999340752,,
250,0.010999999999999999,301.26559494962328,301.26559600218894,-1.0525656648496806e-06,2.5499999973732197,,
250,0.012,301.29270982502533,301.29271463129885,-4.8062735231724218e-06,2.5499999227421513,,
250,0.013000000000000001,301.32538722387119,301.32539630579021,-9.0819190177171549e-06,2.549998338567018,,
250,0.014,301.36443346186439,301.3644472384301,-1.3776565708667476e-05,2.5499740834772351,,
250,0.014999999999999999,301.41069896779373,301.41071768742358,-1.8719629849783814e-05,2.5497084437765012,,
250,0.016,301.46507343536047,301.46509713626563,-2.3700905160239927e-05,2.5476402144727106,,
250,0.017000000000000001,301.5285051929061,301.5285339790459,-2.8786139807834843e-05,2.5362193819665833,,
250,0.018000000000000002,301.60208513523105,301.6021202599515,-3.5124720454859926e-05,2.4912812446597457,,
250,0.019,301.68724038500216,301.68728583177426,-4.5446772105606215e-05,2.3632215212097938,,
250,0.02,301.78602185750128,301.78608452663639,-6.266913510444283e-05,2.0902875707976989,,
260,0,301.1717482292533,301.17173601539037,1.2213862930821051e-05,2.5499999999999998,,
260,0.001,301.17232165164296,301.172309476034,1.2175608958386874e-05,2.5499999999999998,,
260,0.002,301.17407082282028,301.17405879286844,1.2029951847125631e-05,2.5499999999999998,,
260,0.0030000000000000001,301.17708292712206,301.17707116909162,1.1758030439068534e-05,2.5499999999999998,,
260,0.0040000000000000001,301.18150468636992,301.18149336718267,1.1319187251501717e-05,2.5499999999999998,,
260,0.0050000000000000001,301.18754431167798,301.1875336521328,1.0659545182534202e-05,2.5499999999999998,,
260,0.0060000000000000001,301.19547387922358,301.19546416354711,9.7156764695682796e-06,2.5499999999999998,,
260,0.0070000000000000001,301.20563178764831,301.20562336812429,8.4195240219742118e-06,2.5499999999999998,,
260,0.0080000000000000002,301.2184248742272,301.21841816946124,6.704765951326408e-06,2.5499999999999527,,
260,0.0090000000000000011,301.23432971598373,301.23432520129978,4.5146839511289727e-06,2.5499999999970719,,
260,0.01,301.25389264531964,301.25389083376695,1.8115526927431347e-06,2.5499999998620746,,
260,0.010999999999999999,301.27772813037501,301.27772954272507,-1.4123500591267657e-06,2.549999995118136,,
260,0.012,301.30651556479631,301.30652068712044,-5.1223241257503105e-06,2.5499998714073979,,
260,0.013000000000000001,301.34099552068437,301.341004753243,-9.232558625171805e-06,2.549997500732188,,
260,0.014,301.38196868936438,301.38198231399292,-1.3624628536490491e-05,2.5499644112154392,,
260,0.014999999999999999,301.43030447417243,301.43032271844169,-1.8244269256229018e-05,2.5496305043960099,,
260,0.016,301.48697071044273,301.4869940243824,-2.3313939664149075e-05,2.5472073708758884,,
260,0.017000000000000001,301.55309784373844,301.55312741814021,-2.9574401764875802e-05,2.5345811368781024,,
260,0.018000000000000002,301.63008423997286,301.6301225552449,-3.8315272036015813e-05,2.4870903470037695,,
260,0.019,301.71973042063462,301.71978138454091,-5.0963906289780425e-05,2.3560238354611838,,
260,0.02,301.82436452836106,301.82443290767498,-6.8379313916011597e-05,2.0821458719476893,,
270,0,301.17582745913813,301.17581461391643,1.2845221704083087e-05,2.5499999999999998,,
270,0.001,301.17646684067273,301.17645404874378,1.2791928952538001e-05,2.5499999999999998,,
270,0.002,301.17841469230046,301.1784020908587,1.2601441767401411e-05,2.5499999999999998,,
270,0.0030000000000000001,301.18176051124141,301.18174825450632,1.2256735089977155e-05,2.5499999999999998,,
270,0.0040000000000000001,301.18665455276096,301.18664283240577,1.1720355189481779e-05,2.5499999999999998,,
270,0.0050000000000000001,301.19330930963133,301.1932983662125,1.0943418828901486e-05,2.5499999999999998,,
270,0.0060000000000000001,301.20200125114377,301.20199138138003,9.8697637440636754e-06,2.5499999999999998,,
270,0.0070000000000000001,301.21307251959803,301.21306407811505,8.4414829757406551e-06,2.5499999999999989,,
270,0.0080000000000000002,301.22693224432345,301.22692563820959,6.6061138568329625e-06,2.5499999999998804,,
270,0.0090000000000000011,301.24405717198658,301.2440528463722,4.3256143840153527e-06,2.5499999999934251,,
270,0.01,301.26499149944596,301.26498991287485,1.5865711020524031e-06,2.5499999997248421,,
270,0.010999999999999999,301.29034625455847,301.29034784598639,-1.5914279174467083e-06,2.5499999912859685,,
270,0.012,301.32079945691663,301.32080461476198,-5.157845350822754e-06,2.5499997930053726,,
270,0.013000000000000001,301.35709970009628,301.35710875919818,-9.05910189885617e-06,2.5499963403659587,,
270,0.014,301.40007755585066,301.40009086348226,-1.3307631604675407e-05,2.54995214212861,,
270,0.014999999999999999,301.45067059443136,301.4506886826789,-1.808824754334637e-05,2.5495389519779992,,
270,0.016,301.50996749700255,301.50999135406209,-2.3857059545662196e-05,2.5467308089692118,,
270,0.017000000000000001,301.57927317295014,301.57930452748741,-3.1354537270544824e-05,2.5328681300273406,,
270,0.018000000000000002,301.66018943215801,301.66023089841354,-4.1466255538580299e-05,2.4828694732282637,,
270,0.019,301.75469632478797,301.75475126004841,-5.4935260436650424e-05,2.3489386692383381,,
270,0.02,301.86521195391236,301.8652840172702,-7.2063357833940245e-05,2.0741941434901778,,
280,0,301.18035748901286,301.18034408892356,1.3400089301285334e-05,2.5499999999999998,,
280,0.001,301.18106443907863,301.18105110676487,1.3332313756109215e-05,2.5499999999999998,,
280,0.002,301.18321560829679,301.18320250937023,1.309892655854128e-05,2.5499999999999998,,
280,0.0030000000000000001,301.18690224087749,301.18688955554978,1.2685327703820803e-05,2.5499999999999998,,
280,0.0040000000000000001,301.19227721094768,301.19226515262238,1.2058325296493422e-05,2.5499999999999998,,
280,0.0050000000000000001,301.1995560882076,301.19954491255197,1.1175655629358516e-05,2.5499999999999998,,
280,0.0060000000000000001,301.20901836110022,301.20900837028262,9.9908176025564899e-06,2.5499999999999998,,
280,0.0070000000000000001,301.22100861421558,301.22100015482175,8.459393825432926e-06,2.5499999999999958,,
280,0.0080000000000000002,301.23593750653566,301.23593095991208,6.5466235810163198e-06,2.5499999999997121,,
280,0.0090000000000000011,301.25428257410204,301.25427833922464,4.2348773945377616e-06,2.5499999999859555,,
280,0.01,301.27658924520074,301.27658771748099,1.527719746263756e-06,2.5499999994742422,,
280,0.010999999999999999,301.3034730562751,301.303474611529,-1.5552539025520673e-06,2.5499999850036681,,
280,0.012,301.33562487111845,301.33562987106347,-4.9999450197901751e-06,2.549999676727448,,
280,0.013000000000000001,301.37382176515104,301.37383060504089,-8.8398898583363916e-06,2.5499947700525984,,
280,0.014,301.41894676070751,301.41895997449672,-1.3213789202382031e-05,2.5499368472287176,,
280,0.014999999999999999,301.47202022667727,301.47203864515774,-1.8418480465243192e-05,2.549432714979508,,
280,0.016,301.5342439386431,301.53426886372375,-2.4925080651883036e-05,2.54621016588779,,
280,0.017000000000000001,301.60705535969618,301.6070886877834,-3.3328087226891512e-05,2.5310842991565488,,
280,0.018000000000000002,301.69218522450791,301.69222944204495,-4.4217537038093724e-05,2.4786244348649369,,
280,0.019,301.79170741330921,301.79176541471475,-5.8001405534469086e-05,2.341962617274274,,
280,0.02,301.90806827036766,301.90814302966771,-7.4759300048299338e-05,2.0664217684151054,,
290,0,301.18534787337251,301.18533399537131,1.387800119800886e-05,2.5499999999999998,,
290,0.001,301.18612359165559,301.18610979472902,1.3796926566556067e-05,2.5499999999999998,,
290,0.002,301.18848151033939,301.18846798580842,1.3524530970698834e-05,2.5499999999999998,,
290,0.0030000000000000001,301.19251413730558,301.19250108780386,1.3049501717432577e-05,2.5499999999999998,,
290,0.0040000000000000001,301.19837622914974,301.19836388471646,1.2344433287125867e-05,2.5499999999999998,,
290,0.0050000000000000001,301.20628557496735,301.20627419914268,1.1375824669812573e-05,2.5499999999999998,,
290,0.0060000000000000001,301.21652394758036,301.21651383841242,1.0109167931204865e-05,2.5499999999999998,,
290,0.0070000000000000001,301.22943817536731,301.22942966067637,8.5146909327704634e-06,2.5499999999999883,,
290,0.0080000000000000002,301.245441417969,301.24543484548872,6.5724802880140487e-06,2.549999999999343,,
290,0.0090000000000000011,301.26501498042592,301.2650107058725,4.2745534187815792e-06,2.5499999999713352,,
290,0.01,301.28871138150549,301.28870976104304,1.6204624557758507e-06,2.5499999990340512,,
290,0.010999999999999999,301.31715986858302,301.31716126560889,-1.3970258692097559e-06,2.5499999750343472,,
290,0.012,301.35107603395477,301.35108085160346,-4.8176486870943336e-06,2.5499995087871041,,
290,0.013000000000000001,301.39127743588239,301.39128618350986,-8.7476274757136707e-06,2.5499926887998581,,
290,0.014,301.43870689554774,301.43872028786365,-1.33923159069127e-05,2.5499180759622804,,
290,0.014999999999999999,301.49446417940487,301.49448325152571,-1.9072120835517126e-05,2.5493107813926841,,
290,0.016,301.55984499013408,301.55987119551452,-2.6205380436294945e-05,2.5456452923398953,,
290,0.017000000000000001,301.63638378120851,301.63641902969488,-3.5248486369710008e-05,2.5292334943920527,,
290,0.018000000000000002,301.72589444198832,301.72594103972312,-4.6597734808528912e-05,2.4743603901003111,,
290,0.019,301.83050119695122,301.83056167232223,-6.0475371014945267e-05,2.3350923563512409,,
290,0.02,301.95265194158674,301.95272879614674,-7.685456000672275e-05,2.0588190565932925,,
300,0,301.19080561740873,301.19079133249062,1.4284918108842248e-05,2.5499999999999998,,
300,0.001,301.19165097428186,301.1916367815931,1.4192688752245886e-05,2.5499999999999998,,
300,0.002,301.1942181379232,301.19420424983463,1.388808857427648e-05,2.5499999999999998,,
300,0.0030000000000000001,301.19860056655307,301.19858720255962,1.3363993446091627e-05,2.5499999999999998,,
300,0.0040000000000000001,301.20495449609803,301.20494189611838,1.2599979640981473e-05,2.5499999999999998,,
300,0.0050000000000000001,301.21349964196503,301.21348806986509,1.1572099936074665e-05,2.5499999999999998,,
300,0.0060000000000000001,301.2245201899832,301.22450993298145,1.0257001747504546e-05,2.5499999999999998,,
300,0.0070000000000000001,301.23836618831513,301.23835755286183,8.6354532982113597e-06,2.5499999999999718,,
300,0.0080000000000000002,301.25545561318847,301.25544891950909,6.6936793814420525e-06,2.5499999999985703,,
300,0.0090000000000000011,301.27627761961043,301.27627319917843,4.4204319920027046e-06,2.5499999999438767,,
300,0.01,301.30139777537744,301.30139597751463,1.797862807961792e-06,2.5499999982876611,,
300,0.010999999999999999,301.33146634649671,301.3314675610572,-1.2145604841862223e-06,2.5499999596744387,,
300,0.012,301.36723084439132,301.3672355458184,-4.7014270876388764e-06,2.5499992719862963,,
300,0.013000000000000001,301.40955391927503,301.40956273232194,-8.8130469180214277e-06,2.5499899818574341,,
300,0.014,301.45943715690521,301.45945093613682,-1.3779231608168629e-05,2.5498953606925521,,
300,0.014999999999999999,301.51805034238919,301.51807024807687,-1.9905687679511175e-05,2.5491722049846364,,
300,0.016,301.58676436244122,301.58679190805844,-2.7545617228952324e-05,2.5450362285577501,,
300,0.017000000000000001,301.667184365948,301.66722141110404,-3.7045156034309912e-05,2.5273194559742653,,
300,0.018000000000000002,301.76117848390555,301.76122715402749,-4.8670121941540856e-05,2.4700819198258652,,
300,0.019,301.87089677503496,301.87095930527084,-6.2530235879876273e-05,2.3283246590077114,,
300,0.02,301.99877537058524,301.99885401491747,-7.8644332234034664e-05,2.0513771449377045,,
310,0,301.19673592538942,301.19672128762477,1.4637764650160534e-05,2.5499999999999998,,
310,0.001,301.19765160743503,301.19763707178572,1.4535649313529575e-05,2.5499999999999998,,
310,0.002,301.20043003775214,301.20041582962534,1.4208126799530874e-05,2.5499999999999998,,
310,0.0030000000000000001,301.20516555241386,301.20515190175689,1.3650656967456598e-05,2.5499999999999998,,
310,0.0040000000000000001,301.21201588519648,301.21200303578104,1.2849415440996381e-05,2.5499999999999998,,
310,0.0050000000000000001,301.22120299430242,301.22119120590804,1.1788394374434574e-05,2.5499999999999998,,
310,0.0060000000000000001,301.23301436586979,301.23300391413369,1.0451736102368159e-05,2.5499999999999994,,
310,0.0070000000000000001,301.24780502012788,301.24779619548474,8.8246431459992891e-06,2.5499999999999337,,
310,0.0080000000000000002,301.26600059422651,301.26599370265927,6.8915672386538063e-06,2.5499999999970204,,
310,0.0090000000000000011,301.28810205327721,301.28809742283045,4.6304467673508043e-06,2.5499999998942147,,
310,0.01,301.31469274701539,301.31469074456533,2.002450059990224e-06,2.5499999970621885,,
310,0.010999999999999999,301.3464486204121,301.34644968241855,-1.0620064472277591e-06,2.5499999366368158,,
310,0.012,301.38415232119081,301.38415699975474,-4.6785639256086142e-06,2.5499989452969545,,
310,0.013000000000000001,301.42871163467464,301.42872065675959,-9.0220849529032421e-06,2.5499865207768249,,
310,0.014,301.48118197356661,301.48119630799914,-1.4334432535179076e-05,2.5498682211870713,,
310,0.014999999999999999,301.54279104459539,301.5428119688259,-2.0924230511809583e-05,2.5490161096258119,,
310,0.016,301.61495951213789,301.61498864094307,-2.9128805181244388e-05,2.5443831814219373,,
310,0.017000000000000001,301.6993009981129,301.69934004508332,-3.9046970414347015e-05,2.5253457985981562,,
310,0.018000000000000002,301.79756814607748,301.79761801583493,-4.9869757447140728e-05,2.4657930945457083,,
310,0.019,301.91150767068979,301.91156711162932,-5.9440939537580562e-05,2.3216564010178922,,
310,0.02,302.04263404117188,302.04269944617999,-6.5405008115249075e-05,2.0440879838904769,,
320,0,301.20314333174144,301.20312837709616,1.4954645280340628e-05,2.5499999999999998,,
320,0.001,301.20413002585906,301.20411517808992,1.484776913684982e-05,2.5499999999999998,,
320,0.002,301.20712182755886,301.20710732047672,1.4507082141790306e-05,2.5499999999999998,,
320,0.0030000000000000001,301.2122141198779,301.21220018837505,1.393150284911826e-05,2.5499999999999998,,
320,0.0040000000000000001,301.2195665344646,301.21955342240688,1.3112057729358639e-05,2.5499999999999998,,
320,0.0050000000000000001,301.22940405986941,301.22939202220459,1.2037664816944016e-05,2.5499999999999998,,
320,0.0060000000000000001,301.24201882914895,301.24200813355128,1.0695597666199319e-05,2.5499999999999976,,
320,0.0070000000000000001,301.25777286807261,301.25776379785651,9.0702160946420918e-06,2.5499999999998537,,
320,0.0080000000000000002,301.27710219793988,301.27709505883445,7.1391054348168836e-06,2.5499999999940384,,
320,0.0090000000000000011,301.30052279073163,301.30051792471761,4.8660140237188898e-06,2.5499999998074458,,
320,0.01,301.32863892082406,301.32863673023888,2.1905851781411911e-06,2.5499999951085042,,
320,0.010999999999999999,301.36215436326376,301.36215534758264,-9.843188877312059e-07,2.5499999029211566,,
320,0.012,301.40188649587134,301.40189130175821,-4.8058868742373306e-06,2.5499985034691863,,
320,0.013000000000000001,301.44878238186368,301.44879186117913,-9.4793154516992217e-06,2.5499821636977917,,
320,0.014,301.50393391827947,301.50394916841321,-1.525013374248374e-05,2.549836168997949,,
320,0.014999999999999999,301.56858585135933,301.56860817003792,-2.231867858881742e-05,2.548841691955757,,
320,0.016,301.64412655592747,301.6441572111533,-3.0655225828013499e-05,2.5436865030334941,,
320,0.017000000000000001,301.73204965433399,301.73208944176082,-3.9787426828752359e-05,2.5233160009695892,,
320,0.018000000000000002,301.83387940232541,301.83392815118555,-4.8748860137948213e-05,2.4614975331841289,,
320,0.019,301.95106720240312,301.95112358027677,-5.6377873647761589e-05,2.3150845661012798,,
320,0.02,302.08488643466046,302.08494830693303,-6.1872272567597975e-05,2.0369441012406537,,
330,0,301.21003292719297,301.2100176659946,1.5261198370808415e-05,2.5499999999999998,,
330,0.001,301.21109149003667,301.2110763376495,1.5152387163652747e-05,2.5499999999999998,,
330,0.002,301.21429934112899,301.21428453460419,1.4806524802679633e-05,2.5499999999999998,,
330,0.0030000000000000001,301.2197532589712,301.21973903437049,1.4224600704437762e-05,2.5499999999999998,,
330,0.0040000000000000001,301.22761542710873,301.227602027008,1.3400100726812525e-05,2.5499999999999998,,
330,0.0050000000000000001,301.23811490665554,301.23810258315035,1.2323505188760464e-05,2.5499999999999998,,
330,0.0060000000000000001,301.25154996818105,301.25153898708624,1.0981094817452686e-05,2.5499999999999932,,
330,0.0070000000000000001,301.26829156169214,301.26828220977023,9.3519219035442802e-06,2.5499999999996903,,
330,0.0080000000000000002,301.28878825863859,301.28878085624063,7.4023979550474905e-06,2.5499999999885028,,
330,0.0090000000000000011,301.3135729923045,301.31356791405898,5.0782455218723044e-06,2.5499999996605793,,
330,0.01,301.34327177378481,301.34326947922636,2.2945584419176157e-06,2.5499999920768075,,
330,0.010999999999999999,301.37861415294253,301.37861522572985,-1.072787313205481e-06,2.5499998546734441,,
330,0.012,301.42044438812457,301.42044957446956,-5.1863449925804161e-06,2.549997916676273,,
330,0.013000000000000001,301.46973100232765,301.4697412256682,-1.0223340552784066e-05,2.549976755839507,,
330,0.014,301.52757077777352,301.52758709341219,-1.6315638674768707e-05,2.5497987116431191,,
330,0.014999999999999999,301.59518185152865,301.59520530700888,-2.3455480231859838e-05,2.5486482226332732,,
330,0.016,301.6738805021115,301.67391190409091,-3.1401979413203662e-05,2.5429466709081141,,
330,0.017000000000000001,301.76503870027295,301.76507835038285,-3.9650109897593211e-05,2.521233399456368,,
330,0.018000000000000002,301.87002503023257,301.87007254534933,-4.7515116762042453e-05,2.4571984546783967,,
330,0.019,301.9901389071797,301.99019324286655,-5.4335686854756204e-05,2.3086062486131671,,
330,0.02,302.12655395552264,302.12661367363103,-5.9718108389006375e-05,2.0299385720220919,,
340,0,301.21741134804569,301.21739577025335,1.5577792339627194e-05,2.5499999999999998,,
340,0.001,301.21854292156644,301.21852745264067,1.5468925766981556e-05,2.5499999999999998,,
340,0.002,301.2219703911515,301.22195526820303,1.5122948468615505e-05,2.5499999999999998,,
340,0.0030000000000000001,301.22779236953403,301.22777782817991,1.4541354119046446e-05,2.5499999999999998,,
340,0.0040000000000000001,301.23617434449176,301.23616062697039,1.3717521369471797e-05,2.5499999999999998,,
340,0.0050000000000000001,301.24735051666562,301.24733787660529,1.2640060333524161e-05,2.5499999999999998,,
340,0.0060000000000000001,301.26162661272951,301.26161532255099,1.1290178520084737e-05,2.5499999999999847,,
340,0.0070000000000000001,301.27938387692973,301.27937423965005,9.6372796747346001e-06,2.5499999999993674,,
340,0.0080000000000000002,301.30108440953938,301.30107677662448,7.6329149010234687e-06,2.5499999999785694,,
340,0.0090000000000000011,301.32727787591045,301.32727267168752,5.2042229299331666e-06,2.54999999941914,,
340,0.01,301.35860929086482,301.35860704100827,2.2498565499518008e-06,2.5499999874874444,,
340,0.010999999999999999,301.39582703986417,301.3958283961764,-1.3563122251980531e-06,2.5499997870369762,,
340,0.012,301.43978953822574,301.4397952853538,-5.7471280570098315e-06,2.5499971502053662,,
340,0.013000000000000001,301.49146808249924,301.49147910783506,-1.1025335822978377e-05,2.5499701301720852,,
340,0.014,301.55194281808633,301.55196002924095,-1.7211154613505641e-05,2.5497553565215196,,
340,0.014999999999999999,301.62238879174129,301.62241298102805,-2.4189286762066331e-05,2.5484350463970822,,
340,0.016,301.70405023645895,301.70408191729257,-3.1680833615155279e-05,2.5421642698489473,,
340,0.017000000000000001,301.79820373151966,301.79824299607088,-3.9264551219275745e-05,2.5191011849401734,,
340,0.018000000000000002,301.90611429585897,301.90616075372458,-4.6457865607862914e-05,2.4528987232838704,,
340,0.019,302.02899175650003,302.02904459627825,-5.2839778220459266e-05,2.3022186520909775,,
340,0.02,302.16795645521148,302.16801463943358,-5.8184222098134342e-05,2.0230650148145175,,
350,0,301.22528734377829,301.22527142544192,1.5918336373488273e-05,2.5499999999999998,,
350,0.001,301.22649340131699,301.2264775912268,1.5810090189916082e-05,2.5499999999999998,,
350,0.002,301.2301450547202,301.23012958930093,1.5465419267002289e-05,2.5499999999999998,,
350,0.0030000000000000001,301.23634317804283,301.23632829334503,1.4884697804973257e-05,2.5499999999999998,,
350,0.0040000000000000001,301.24525723516848,301.24524317657119,1.4058597287203156e-05,2.5499999999999998,,
350,0.0050000000000000001,301.25712738799479,301.25711441740685,1.2970587931704358e-05,2.5499999999999998,,
350,0.0060000000000000001,301.27226758886474,301.27225599530738,1.1593557360356499e-05,2.549999999999967,,
350,0.0070000000000000001,301.29106972361359,301.29105983811331,9.8855002761411015e-06,2.549999999998755,,
350,0.0080000000000000002,301.31400875794981,301.31400097256358,7.7853862308074895e-06,2.5499999999612899,,
350,0.0090000000000000011,301.34164861713867,301.34164340583789,5.2113007882326201e-06,2.5499999990327633,,
350,0.01,301.37464817800225,301.37464611404664,2.0639556055357389e-06,2.5499999806968043,,
350,0.010999999999999999,301.41376629264079,301.41376805373346,-1.7610926761335577e-06,2.5499996939975174,,
350,0.012,301.45986427682078,301.45987062741159,-6.3505908087790885e-06,2.5499961642001789,,
350,0.013000000000000001,301.51390394129561,301.51391568308401,-1.1741788398467179e-05,2.5499621082400528,,
350,0.014,301.57693924027762,301.57695712890194,-1.7888624313400214e-05,2.5497056145156622,,
350,0.014999999999999999,301.65010017285471,301.65012481069016,-2.4637835451812862e-05,2.5482015811554577,,
350,0.016,301.73456880487532,301.73460053309992,-3.1728224598737143e-05,2.5413399755014154,,
350,0.017000000000000001,301.83154905960731,301.83158788161302,-3.8822005706151685e-05,2.5169224021290528,,
350,0.018000000000000002,301.9422338553569,301.94227942229168,-4.5566934772978129e-05,2.4486008883588153,,
350,0.019,302.06777463501078,302.06782630918173,-5.1674170947535458e-05,2.2959190868869914,,
350,0.02,302.20925870968688,302.20931570986892,-5.7000182039246283e-05,2.0163175211323354,,
360,0,301.23367184351025,301.23365555598269,1.6287527557778958e-05,2.5499999999999998,,
360,0.001,301.23495415599456,301.23493797681942,1.6179175133856916e-05,2.5499999999999998,,
360,0.002,301.2388354157244,301.23881958263746,1.5833086933980667e-05,2.5499999999999998,,
360,0.0030000000000000001,301.24541906021392,301.24540381309026,1.5247123656081385e-05,2.5499999999999998,,
360,0.0040000000000000001,301.25487893470705,301.25486452736874,1.440733831259422e-05,2.5499999999999998,,
360,0.0050000000000000001,301.26746149884877,301.26744820843101,1.3290417768985208e-05,2.5499999999999989,,
360,0.0060000000000000001,301.28348891960337,301.28347705881259,1.1860790777973307e-05,2.5499999999999332,,
360,0.0070000000000000001,301.30336297037957,301.30335290242272,1.0067956850434712e-05,2.5499999999976293,,
360,0.0080000000000000002,301.32756950597798,301.327561660475,7.8455029779433971e-06,2.5499999999320857,,
360,0.0090000000000000011,301.35668305737698,301.35667794368686,5.1136901220161235e-06,2.5499999984296133,,
360,0.01,301.39137080251629,301.39136901499239,1.7875238995657128e-06,2.549999970858269,,
360,0.010999999999999999,301.43239486737576,301.43239707594813,-2.2085723685449921e-06,2.5499995682254766,,
360,0.012,301.48061168216083,301.48061860237186,-6.9202110353216995e-06,2.5499949134604347,,
360,0.013000000000000001,301.53696707591314,301.53697941594874,-1.23400355960257e-05,2.5499525011095647,,
360,0.014,301.60248605565266,301.60250444406734,-1.8388414673609077e-05,2.5496490032522825,,
360,0.014999999999999999,301.67825685355115,301.67828175898137,-2.4905430223043368e-05,2.5479473162949557,,
360,0.016,301.76540980989705,301.76544147054602,-3.1660648971865157e-05,2.5404745395402308,,
360,0.017000000000000001,301.86509283123092,301.8651312142664,-3.8383035473543714e-05,2.5146999507480907,,
360,0.018000000000000002,301.97844624084405,301.97849104774781,-4.4806903758853878e-05,2.4443072193005277,,
360,0.019,302.10658048626976,302.1066312095611,-5.07232913378175e-05,2.2897049679452675,,
360,0.02,302.25056011069341,302.25061613974117,-5.6029047755146166e-05,2.0096906061002375,,
370,0,301.24257746586574,301.24256078724727,1.6678618464993633e-05,2.5499999999999998,,
370,0.001,301.2439379872531,301.24392141869902,1.656855408782576e-05,2.5499999999999998,,
370,0.002,301.24805475883238,301.24803854393406,1.6214898323596572e-05,2.5499999999999998,,
370,0.0030000000000000001,301.2550338755492,301.2550182627291,1.5612820106980507e-05,2.5499999999999998,,
370,0.0040000000000000001,301.26505359548258,301.26503885202408,1.4743458507382456e-05,2.5499999999999998,,
370,0.0050000000000000001,301.27836645480505,301.27835287737702,1.357742803520523e-05,2.5499999999999972,,
370,0.0060000000000000001,301.29530210164722,301.29529002839593,1.2073251298261312e-05,2.5499999999998657,,
370,0.0070000000000000001,301.31627065431638,301.31626047750717,1.0176809212225635e-05,2.5499999999956207,,
370,0.0080000000000000002,301.34176623991925,301.34175841681002,7.8231092288660875e-06,2.5499999998840237,,
370,0.0090000000000000011,301.37237018356171,301.3723652419535,4.941608210629056e-06,2.5499999975094556,,
370,0.01,301.40875312116646,301.40875165528956,1.465876891870721e-06,2.5499999568783069,,
370,0.010999999999999999,301.45167514929864,301.45167780188848,-2.6525898420004523e-06,2.5499994009179918,,
370,0.012,301.50198306897465,301.50199049697449,-7.4279998329984664e-06,2.5499933473001635,,
370,0.013000000000000001,301.56060389844725,301.5606167226606,-1.2824213342810253e-05,2.5499411104094705,,
370,0.014,301.62853419039811,301.62855293367033,-1.874327222139982e-05,2.5495850500063728,,
370,0.014999999999999999,301.70682539913071,301.7068504261714,-2.5027040692293667e-05,2.5476718103879148,,
370,0.016,301.79656693295703,301.79659841592576,-3.1482968722684745e-05,2.5395687764238226,,
370,0.017000000000000001,301.89887123867197,301.89890917059421,-3.7931922236111859e-05,2.5124365881189576,,
370,0.018000000000000002,302.0148690256035,302.01491334295144,-4.4317347942524066e-05,2.4400197362105858,,
370,0.019,302.14572361276112,302.14577449123806,-5.0878476940852124e-05,2.2835738122367366,,
370,0.02,302.29266407982192,302.29272215405075,-5.8074228832083463e-05,2.0031792856610293,,
380,0,301.25201756755024,301.25200049035431,1.7077195934689371e-05,2.5499999999999998,,
380,0.001,301.25345827235293,301.2534413097535,1.6962599431735725e-05,2.5499999999999998,,
380,0.002,301.25781644787014,301.25779985376664,1.6594103499301127e-05,2.5499999999999998,,
380,0.0030000000000000001,301.26520071688105,301.26518475261651,1.5964264548529172e-05,2.5499999999999998,,
380,0.0040000000000000001,301.27579342051024,301.27577837012313,1.5050387105475238e-05,2.5499999999999998,,
380,0.0050000000000000001,301.28985248540886,301.28983866627715,1.3819131709169596e-05,2.5499999999999936,,
380,0.0060000000000000001,301.30771381545838,301.30770158898969,1.222646869791788e-05,2.5499999999997378,,
380,0.0070000000000000001,301.32979394514996,301.32978372614286,1.0219007094747212e-05,2.5499999999921403,,
380,0.0080000000000000002,301.35659256347481,301.35658482582136,7.7376534477480163e-06,2.5499999998068632,,
380,0.0090000000000000011,301.38869438326498,301.38868965900656,4.7242584173545765e-06,2.5499999961352868,,
380,0.01,301.4267697183783,301.42676858705261,1.1313256891298806e-06,2.5499999373681752,,
380,0.010999999999999999,301.47157308539232,301.47157615149752,-3.0661051937386219e-06,2.549999181644925,,
380,0.012,301.52393923219165,301.52394709042909,-7.8582374385405274e-06,2.5499914094694174,,
380,0.013000000000000001,301.58477630012862,301.5847894903556,-1.3190226979986619e-05,2.5499277294451321,,
380,0.014,301.65505644595152,301.65507540453905,-1.8958587531869853e-05,2.5495132942388792,,
380,0.014999999999999999,301.73580522413243,301.73583025194739,-2.502781495650197e-05,2.5473746884010642,,
380,0.016,301.82809219102921,301.82812346982149,-3.1278792278044421e-05,2.53862355157833,,
380,0.017000000000000001,301.93302593524868,301.93306360279882,-3.7667550145670248e-05,2.5101349328472065,,
380,0.018000000000000002,302.05175603635126,302.05180028242546,-4.4246074196507834e-05,2.4357402370214585,,
380,0.019,302.18548163047069,302.18553274884954,-5.111837884896886e-05,2.2775232367021618,,
380,0.02,302.33546216742667,302.33552053840202,-5.8370975352772803e-05,1.9967788070133363,,
390,0,301.26200512744839,301.26198766278026,1.7464668133015948e-05,2.5499999999999998,,
390,0.001,301.2635278505918,301.26351050734763,1.7343244167022931e-05,2.5499999999999998,,
390,0.002,301.26813283995659,301.26811588659086,1.6953365729932557e-05,2.5499999999999998,,
390,0.0030000000000000001,301.27593093568805,301.27591464973074,1.6285957315176347e-05,2.5499999999999998,,
390,0.0040000000000000001,301.28710796451304,301.28709264826949,1.5316243548113562e-05,2.5499999999999998,,
390,0.0050000000000000001,301.30192626017885,301.30191225069149,1.4009487358634942e-05,2.5499999999999861,,
390,0.0060000000000000001,301.32072651750497,301.32071419520406,1.2322300904088479e-05,2.5499999999995064,,
390,0.0070000000000000001,301.3439296922806,301.34391948689603,1.020538456941722e-05,2.549999999986265,,
390,0.0080000000000000002,301.37203856148966,301.37203095319796,7.6082916962150193e-06,2.5499999996858058,,
390,0.0090000000000000011,301.40563848111054,301.40563399464912,4.486461421038257e-06,2.5499999941232927,,
390,0.01,301.44539685155371,301.44539604136492,8.1018879427574575e-07,2.549999910591175,,
390,0.010999999999999999,301.49206086734256,301.49206429314,-3.4257974448337336e-06,2.5499988981990525,,
390,0.012,301.54645333530556,301.54646153029165,-8.1949860941676889e-06,2.5499890381299641,,
390,0.013000000000000001,301.60946672396523,301.60948016199916,-1.343803393183407e-05,2.5499121443470325,,
390,0.014,301.6820561268749,301.68207519900301,-1.907212811147474e-05,2.5494332897937575,,
390,0.014999999999999999,301.76523235045698,301.76525736273248,-2.5012275500557735e-05,2.5470556386350913,,
390,0.016,301.86005662217804,301.86008782001392,-3.1197835880902858e-05,2.537639770983068,,
390,0.017000000000000001,301.96763815905081,301.96767576830661,-3.7609255798543018e-05,2.5077974691040086,,
390,0.018000000000000002,302.08913488317097,302.08917914530809,-4.4262137123496359e-05,2.4314703212346149,,
390,0.019,302.22575613098002,302.22580731124373,-5.1180263710648433e-05,2.271550956458714,,
390,0.02,302.37876491033705,302.37882328283644,-5.837249938167588e-05,1.9904846773522586,,
400,0,301.27255177329994,301.27253394983978,1.7823460154886561e-05,2.5499999999999998,,
400,0.001,301.27415808896575,301.27414039544851,1.7693517236239131e-05,2.5499999999999998,,
400,0.002,301.27901447836388,301.27899720074345,1.7277620429467788e-05,2.5499999999999998,,
400,0.0030000000000000001,301.28723357568703,301.28721700946897,1.6566218050684256e-05,2.5499999999999998,,
400,0.0040000000000000001,301.29900394677679,301.29898841244761,1.5534329179445194e-05,2.5499999999999994,,
400,0.0050000000000000001,301.31459122219604,301.31457707396009,1.4148235948141519e-05,2.5499999999999718,,
400,0.0060000000000000001,301.33433939759823,301.33432702975932,1.2367838905902317e-05,2.5499999999990952,,
400,0.0070000000000000001,301.35867202701058,301.35866187668347,1.0150327113933599e-05,2.5499999999765879,,
400,0.0080000000000000002,301.38809297331187,301.38808551789521,7.4554166644702491e-06,2.5499999994999025,,
400,0.0090000000000000011,301.42318635756874,301.42318210565992,4.2519088196968369e-06,2.5499999912311364,,
400,0.01,301.46461538712521,301.46461486249234,5.2463286692727706e-07,2.5499998744064363,,
400,0.010999999999999999,301.51311986446649,301.51312358445193,-3.719985443240148e-06,2.5499985364558464,,
400,0.012,301.56951239382033,301.56952084587255,-8.4520522136699583e-06,2.5499861658930572,,
400,0.013000000000000001,301.63467358808458,301.63468721004426,-1.3621959681131557e-05,2.5498941352478077,,
400,0.014,301.70954686769318,301.70956603780428,-1.9170111102084775e-05,2.5493446067470877,,
400,0.014999999999999999,301.7951336261097,301.79515866640742,-2.5040297714440385e-05,2.5467144093783469,,
400,0.016,301.89248949391782,301.89252068541629,-3.1191498464977485e-05,2.536618371947533,,
400,0.017000000000000001,302.00272209419285,302.00275969614017,-3.7601947326493246e-05,2.5054265515250682,,
400,0.018000000000000002,302.12699009079813,302.12703435307969,-4.4262281562623684e-05,2.427211411127435,,
400,0.019,302.26650267699989,302.26655383708453,-5.1160084638013359e-05,2.2656547791011135,,
400,0.02,302.42251821376965,302.42257648942115,-5.8275651497297076e-05,1.9842927224362537,,
410,0,301.28366712483762,301.28364898507903,1.8139758594770683e-05,2.5499999999999998,,
410,0.001,301.28535827728177,301.28534027688039,1.8000401382778364e-05,2.5499999999999998,,
410,0.002,301.29046964502885,301.2904520887987,1.7556230147874885e-05,2.5499999999999998,,
410,0.0030000000000000001,301.29911518984699,301.29909839155039,1.6798296599063178e-05,2.5499999999999998,,
410,0.0040000000000000001,301.31148543480919,301.31146973172582,1.5703083363405312e-05,2.5499999999999985,,
410,0.0050000000000000001,301.32784822154474,301.32783398166418,1.423988055648806e-05,2.5499999999999452,,
410,0.0060000000000000001,301.34854950720336,301.34853713343216,1.2373771198781469e-05,2.5499999999983847,,
410,0.0070000000000000001,301.37401396745071,301.37400389783392,1.0069616791952285e-05,2.5499999999610092,,
410,0.0080000000000000002,301.40474514190993,301.40473784496811,7.2969418170032441e-06,2.5499999992200655,,
410,0.0090000000000000011,301.44132487099307,301.44132083584861,4.0351444567932049e-06,2.5499999871444419,,
410,0.01,301.48441183737367,301.48441155935211,2.7802155955214403e-07,2.5499998262096457,,
410,0.010999999999999999,301.53473914518247,301.53474310887719,-3.9636947235521802e-06,2.5499980802437729,,
410,0.012,301.59311103360483,301.59311969655215,-8.6629473230459553e-06,2.5499827199105187,,
410,0.013000000000000001,301.66039899627543,301.66041277680097,-1.3780525534912158e-05,2.5498734774577154,,
410,0.014,301.73753771179156,301.73755698377494,-1.9271983376256685e-05,2.5492468329358515,,
410,0.014999999999999999,301.82552122534264,301.82554632050295,-2.509516031068415e-05,2.5463508054350372,,
410,0.016,301.92539971481352,301.92543093018332,-3.1215369801884663e-05,2.535560315034743,,
410,0.017000000000000001,302.03827692722001,302.03831453295857,-3.7605738555157586e-05,2.5030244103991084,,
410,0.018000000000000002,302.1653080417077,302.16535228375392,-4.4242046215003938e-05,2.4229647704971304,,
410,0.019,302.30769741278209,302.30774850658753,-5.1093805438995332e-05,2.2598325993730533,,
410,0.02,302.46669549380971,302.46675362276528,-5.8128955572556151e-05,1.978199035646951,,
420,0,301.2953584888852,301.29534008397627,1.8404908928459918e-05,2.5499999999999998,,
420,0.001,301.29713537405428,301.29711711801201,1.8256042267239536e-05,2.5499999999999998,,
420,0.002,301.30250425650041,301.30248647282696,1.7783673456506222e-05,2.5499999999999998,,
420,0.0030000000000000001,301.31157997714917,301.3115629968359,1.6980313262138225e-05,2.5499999999999998,,
420,0.0040000000000000001,301.32455429349352,301.32453846836046,1.5825133061753149e-05,2.5499999999999972,,
420,0.0050000000000000001,301.34169631003095,301.34168201835809,1.4291672869148897e-05,2.5499999999998959,,
420,0.0060000000000000001,301.36335286071994,301.36334050975017,1.235096976870409e-05,2.549999999997187,,
420,0.0070000000000000001,301.3899486606461,301.38993868534573,9.9753003723890288e-06,2.5499999999364622,,
420,0.0080000000000000002,301.42198603378671,301.42197889153448,7.1422522296415991e-06,2.5499999988066184,,
420,0.0090000000000000011,301.46004405014537,301.46004021161468,3.8385306879717973e-06,2.5499999814614558,,
420,0.01,301.50477696852931,301.50477690579925,6.2730066474614432e-08,2.5499997628714075,,
420,0.010999999999999999,301.55691197529688,301.55691614897125,-4.1736743696674239e-06,2.5499975112271782,,
420,0.012,301.6172463183886,301.61725516593162,-8.8475430288781354e-06,2.5499786220157818,,
420,0.013000000000000001,301.68664403362442,301.68665796095411,-1.3927329689522594e-05,2.5498499426234309,,
420,0.014,301.76603251522005,301.76605189271834,-1.9377498290396034e-05,2.5491395751885895,,
420,0.014999999999999999,301.85639916796009,301.85642433061594,-2.5162655845178961e-05,2.5459646845896136,,
420,0.016,301.95878828415562,301.95881953398037,-3.1249824758106115e-05,2.5344665770072381,,
420,0.017000000000000001,302.07429812978171,302.07433573759727,-3.7607815556839341e-05,2.5005931570281272,,
420,0.018000000000000002,302.20407804315414,302.20412224722082,-4.4204066682596022e-05,2.4187315212215861,,
420,0.019,302.34932518927752,302.34937620651675,-5.1017239229622646e-05,2.2540823953701294,,
420,0.02,302.51127973228421,302.51133866076952,-5.8928485316300794e-05,1.9721999516422406,,
430,0,301.30763087491221,301.30761225790502,1.8617007185639523e-05,2.5499999999999998,,
430,0.001,301.30949406431068,301.30947560630312,1.8458007559729595e-05,2.5499999999999998,,
430,0.002,301.31512204279375,301.31510408340165,1.7959392096145166e-05,2.5499999999999998,,
430,0.0030000000000000001,301.32463014243024,301.32461302796406,1.7114466174916743e-05,2.5499999999999998,,
430,0.0040000000000000001,301.33821074895542,301.33819484328268,1.5905672739791044e-05,2.549999999999994,,
430,0.0050000000000000001,301.35613347067851,301.35611915950426,1.4311174254544312e-05,2.5499999999998102,,
430,0.0060000000000000001,301.37874520311425,301.37873289534645,1.2307767804031755e-05,2.5499999999952121,,
430,0.0070000000000000001,301.4064699543556,301.40646008024214,9.8741134593183233e-06,2.5499999998985521,,
430,0.0080000000000000002,301.43980829504432,301.43980130108486,6.9939594595780363e-06,2.5499999982063311,,
430,0.0090000000000000011,301.47933632384974,301.47933266496915,3.6588805869541829e-06,2.5499999736758618,,
430,0.01,301.52570409003096,301.52570422001907,-1.2998810916542425e-07,2.5499996806739942,,
430,0.010999999999999999,301.57963348093989,301.57963784257691,-4.3616370248855674e-06,2.5499968088035132,,
430,0.012,301.64191564952472,301.64192466614918,-9.0166244604006351e-06,2.5499737889108784,,
430,0.013000000000000001,301.713408098966,301.71342216988177,-1.4070915767661063e-05,2.5498232998572012,,
430,0.014,301.7950314778887,301.79505098085917,-1.9502970474150061e-05,2.5490224602808866,,
430,0.014999999999999999,301.88776560741042,301.88779090950231,-2.530209189899324e-05,2.5455559540582198,,
430,0.016,301.99264198176024,301.99267344326677,-3.1461506523555727e-05,2.5333381446865739,,
430,0.017000000000000001,302.11072350518828,302.11076135575433,-3.7850566059205448e-05,2.4981347891670898,,
430,0.018000000000000002,302.24305155819735,302.24309534793611,-4.3789738754185237e-05,2.4145126579189999,,
430,0.019,302.3905379071528,302.39058566026114,-4.7753108333381533e-05,2.2484022251705484,,
430,0.02,302.55380977659422,302.55385794883074,-4.8172236517984857e-05,1.9662921045315263,,
440,0,301.32048724942325,301.32046847452801,1.8774895238493627e-05,2.5499999999999998,,
440,0.001,301.32243704030373,301.32241843233805,1.8607965671435522e-05,2.5499999999999998,,
440,0.002,301.32832489894804,301.32830681272333,1.8086224713442789e-05,2.5499999999999998,,
440,0.0030000000000000001,301.33826633866852,301.33824913362452,1.7205044002821523e-05,2.5499999999999998,,
440,0.0040000000000000001,301.3524539005362,301.35243795033585,1.5950200349834631e-05,2.5499999999999887,,
440,0.0050000000000000001,301.37115712491254,301.37114282065437,1.4304258172614936e-05,2.5499999999996628,,
440,0.0060000000000000001,301.39472238339744,301.39471013429289,1.2249104543116118e-05,2.5499999999920258,,
440,0.0070000000000000001,301.42357247499569,301.4235627064071,9.7685885975806741e-06,2.549999999841094,,
440,0.0080000000000000002,301.45820589151367,301.45819904056827,6.8509453967635636e-06,2.549999997348896,,
440,0.0090000000000000011,301.49919567720593,301.49919218667844,3.4905274901575467e-06,2.5499999631578141,,
440,0.01,301.54718783413705,301.54718814581906,-3.1168201530817896e-07,2.5499995752474058,,
440,0.010999999999999999,301.60289922630915,301.60290377562228,-4.5493131324292335e-06,2.5499959500165281,,
440,0.012,301.66711482913269,301.66712404331986,-9.214187173256505e-06,2.5499681323944867,,
440,0.013000000000000001,301.74068377488038,301.74069807584084,-1.4300960458513146e-05,2.5497933168231324,,
440,0.014,301.82451267074373,301.82453247215517,-1.9801411440312222e-05,2.5488951356372871,,
440,0.014999999999999999,301.91955289155283,301.91957855195761,-2.5660404787686275e-05,2.5451245669752023,,
440,0.016,302.02677636100032,302.0268080312801,-3.1670279781792487e-05,2.532176009639076,,
440,0.017000000000000001,302.14713346039463,302.14717080323271,-3.7342838083986862e-05,2.4956511964602881,,
440,0.018000000000000002,302.28149008208135,302.28153198893625,-4.1906854903572821e-05,2.4103090609576072,,
440,0.019,302.43055044834017,302.43059499488572,-4.4546545552748285e-05,2.2427902241677287,,
440,0.02,302.59478525894792,302.59483002640332,-4.4767455392502598e-05,1.9604722539457384,,
450,0,301.33392891056445,301.33391002652718,1.8884037274347065e-05,2.5499999999999998,,
450,0.001,301.33596538470505,301.3359466743741,1.8710330948579212e-05,2.5499999999999998,,
450,0.002,301.34211328696216,301.34209511804045,1.8168921712913289e-05,2.5499999999999998,,
450,0.0030000000000000001,301.35248807802418,301.35247082091223,1.7257111949220416e-05,2.5499999999999998,,
450,0.0040000000000000001,301.36728210299691,301.36726613929727,1.5963699638632534e-05,2.5499999999999785,,
450,0.0050000000000000001,301.38676441888208,301.3867501438524,1.4275029684540641e-05,2.5499999999994141,,
450,0.0060000000000000001,301.41128045815321,301.41126828114449,1.2177008727576322e-05,2.5499999999869853,,
450,0.0070000000000000001,301.44125145603715,301.44124179904469,9.6569924608047586e-06,2.5499999997555318,,
450,0.0080000000000000002,301.47717355805764,301.47716685287457,6.7051830683340086e-06,2.5499999961427746,,
450,0.0090000000000000011,301.51961650454246,301.51961318950754,3.3150349167954118e-06,2.549999949133225,,
450,0.01,301.56922172195357,301.56922223954012,-5.175865567252913e-07,2.5499994415053027,,
450,0.010999999999999999,301.62669947393965,301.62670426941287,-4.7954732167454495e-06,2.5499949094855188,,
450,0.012,301.69282435480164,301.69283387220327,-9.5174016223609215e-06,2.5499615596243594,,
450,0.013000000000000001,301.7684277887123,301.76844245264192,-1.4663929619018745e-05,2.5497597607719102,,
450,0.014,301.85438540738801,301.85440557105824,-2.0163670228612318e-05,2.5487572698119934,,
450,0.014999999999999999,301.95159656731857,301.95162240976373,-2.5842445154466986e-05,2.5446705189619312,,
450,0.016,302.06095351083422,302.06098488786984,-3.1377035611512838e-05,2.5309811635940771,,
450,0.017000000000000001,302.18329953749185,302.18333583064748,-3.629315563102864e-05,2.4931441657825828,,
450,0.018000000000000002,302.31937930671603,302.31941935186234,-4.0045146306511015e-05,2.4061215080263541,,
450,0.019,302.46978917694491,302.46983134442399,-4.2167479080035264e-05,2.2372446027694242,,
450,0.02,302.63493912889322,302.63498157457565,-4.2445682424840925e-05,1.9547373086179316,,
460,0,301.3479558769946,301.34793692720706,1.8949787545352592e-05,2.5499999999999998,,
460,0.001,301.35007895508545,301.35006018467135,1.8770414101254573e-05,2.5499999999999998,,
460,0.002,301.35648660274802,301.35646839016647,1.8212581551324547e-05,2.5499999999999998,,
460,0.0030000000000000001,301.36729405596134,301.36727678078341,1.7275177924602758e-05,2.5499999999999989,,
460,0.0040000000000000001,301.3826932040601,301.38267725469638,1.5949363728395838e-05,2.5499999999999603,,
460,0.0050000000000000001,301.4029523042156,301.40293808005953,1.4224156075215433e-05,2.5499999999990042,,
460,0.0060000000000000001,301.42841549686801,301.42840340911869,1.2087749325928598e-05,2.5499999999791623,,
460,0.0070000000000000001,301.45950203914936,301.45949251063922,9.5285101338049571e-06,2.5499999996302138,,
460,0.0080000000000000002,301.49670512464564,301.4966985891063,6.5355393417121377e-06,2.549999994470395,,
460,0.0090000000000000011,301.54059007092269,301.54058697182541,3.0990972845756914e-06,2.5499999306614387,,
460,0.01,301.59179149783984,301.59179228567814,-7.878383030401892e-07,2.5499992735818786,,
460,0.010999999999999999,301.65100886395908,301.65101398826795,-5.1243088705632545e-06,2.5499936593521753,,
460,0.012,301.71899938224072,301.71900927129479,-9.8890540698448604e-06,2.5499539734107199,,
460,0.013000000000000001,301.79656697932694,301.79658199841083,-1.5019083889455942e-05,2.5497223995171918,,
460,0.014,301.88454577959089,301.88456616149591,-2.0381905017075042e-05,2.5486085527642195,,
460,0.014999999999999999,301.98377686195897,301.98380261353958,-2.5751580608357472e-05,2.5441938447885266,,
460,0.016,302.09507802385696,302.0951088282136,-3.0804356640601327e-05,2.5297545945135353,,
460,0.017000000000000001,302.21920807061554,302.21924321985074,-3.5149235202425189e-05,2.4906153864801044,,
460,0.018000000000000002,302.35682943337929,302.35686783153767,-3.8398158380914538e-05,2.4019506845077618,,
460,0.019,302.5084749778714,302.50851523797405,-4.0260102650790941e-05,2.2317636417624258,,
460,0.02,302.67452573995644,302.67456637670392,-4.0636747485223168e-05,1.9490843702720444,,
470,0,301.36256721791165,301.36254824072853,1.8977183117385721e-05,2.5499999999999998,,
470,0.001,301.36477670018286,301.36475790718214,1.8793000720052078e-05,2.5499999999999998,,
470,0.002,301.37144344620617,301.37142522505559,1.8221150583030976e-05,2.5499999999999998,,
470,0.0030000000000000001,301.38268232624688,301.38266506472922,1.7261517655242642e-05,2.5499999999999976,,
470,0.0040000000000000001,301.39868454185751,301.39866863527726,1.5906580244973156e-05,2.5499999999999292,,
470,0.0050000000000000001,301.41971721525437,301.41970306876021,1.4146494152100786e-05,2.5499999999983416,,
470,0.0060000000000000001,301.44612270490688,301.44611073500528,1.196990160678979e-05,2.5499999999672354,,
470,0.0070000000000000001,301.47831751936371,301.47830815463544,9.3647282710662694e-06,2.5499999994495068,,
470,0.0080000000000000002,301.51679061707148,301.5167842976532,6.3194182757797535e-06,2.5499999921826539,,
470,0.0090000000000000011,301.56210075689842,301.56209793139124,2.8255071811145172e-06,2.5499999066114101,,
470,0.01,301.61487239469142,301.61487351176532,-1.1170739071530988e-06,2.549999064770252,,
470,0.010999999999999999,301.675789421351,301.67579491187888,-5.4905278830119641e-06,2.5499921692445704,,
470,0.012,301.74558585962399,301.74559610465673,-1.0245032740385795e-05,2.5499452725338525,,
470,0.013000000000000001,301.82503257612279,301.8250478577462,-1.52816234049169e-05,2.5496810023480232,,
470,0.014,301.91491925039753,301.91493968745664,-2.0437059106370725e-05,2.548448695957815,,
470,0.014999999999999999,302.01603139333446,302.01605687161816,-2.5478283703250781e-05,2.5436946151630617,,
470,0.016,302.12912316308888,302.12915327753689,-3.0114448009044281e-05,2.5284972832405068,,
470,0.017000000000000001,302.25488797864222,302.25492200993642,-3.4031294205760787e-05,2.4880664554455465,,
470,0.018000000000000002,302.39393018999442,302.39396713487236,-3.6944877933819953e-05,2.3977971927518542,,
470,0.019,302.54674190772374,302.54678057043242,-3.8662708675474278e-05,2.2263456880286703,,
470,0.02,302.71368911019243,302.71372825304371,-3.9142851278484159e-05,1.9435107031135961,,
480,0,301.37776124858306,301.37774227954674,1.896903631859459e-05,2.5499999999999998,,
480,0.001,301.38005682727101,301.38003804687236,1.8780398647777474e-05,2.5499999999999998,,
480,0.002,301.38698169681072,301.38696350143647,1.8195374252627516e-05,2.5499999999999998,,
480,0.0030000000000000001,301.39865020026093,301.39863298608839,1.7214172544299799e-05,2.5499999999999954,,
480,0.0040000000000000001,301.41525255548538,301.41523672585919,1.5829626192953583e-05,2.5499999999998759,,
480,0.0050000000000000001,301.43705426598183,301.4370402338709,1.4032110925654706e-05,2.5499999999972895,,
480,0.0060000000000000001,301.46439514059608,301.46438333012628,1.1810469800366263e-05,2.5499999999493519,,
480,0.0070000000000000001,301.49768774295001,301.49767858946973,9.1534802777459845e-06,2.5499999991927278,,
480,0.0080000000000000002,301.53741499531287,301.53740894281185,6.0525010212586494e-06,2.5499999890926826,,
480,0.0090000000000000011,301.58412654594991,301.58412403988012,2.5060697907974827e-06,2.5499998756365541,,
480,0.01,301.63843338460447,301.63843485747071,-1.4728662449670082e-06,2.5499988074631692,,
480,0.010999999999999999,301.70100008972878,301.70100593669525,-5.8469664736549021e-06,2.5499904062585261,,
480,0.012,301.77253406607986,301.77254460887048,-1.0542790619183506e-05,2.549935352081377,,
480,0.013000000000000001,301.8537712490504,301.85378668907146,-1.5440021059021092e-05,2.5496353408741679,,
480,0.014,301.94545807443819,301.94547844019843,-2.0365760235563357e-05,2.5482774323050839,,
480,0.014999999999999999,302.04833006617434,302.04835516472792,-2.5098553578573046e-05,2.5431729336573525,,
480,0.016,302.16308813935188,302.16311752502673,-2.9385674849891075e-05,2.5272102006583772,,
480,0.017000000000000001,302.29037452528422,302.29040749937013,-3.2974085911519069e-05,2.485498882019423,,
480,0.018000000000000002,302.43075089710993,302.43078654788565,-3.5650775714657357e-05,2.3936615603464397,,
480,0.019,302.58468157811336,302.58471886202216,-3.7283908795870957e-05,2.2209891513891602,,
480,0.02,302.75252479305499,302.75256233162207,-3.7538567084993701e-05,1.9380137192605913,,
490,0,301.39353549286051,301.39351657067698,1.8922183528502501e-05,2.5499999999999998,,
490,0.001,301.39591672591501,301.39589799536765,1.8730547367340478e-05,2.5499999999999998,,
490,0.002,301.4030983215041,301.40308018977606,1.8131728040771122e-05,2.5499999999999998,,
490,0.0030000000000000001,301.41519386924858,301.41517674172059,1.7127527996763092e-05,2.5499999999999923,,
490,0.0040000000000000001,301.43239218463043,301.43237647368056,1.5710949867298041e-05,2.5499999999997884,,
490,0.0050000000000000001,301.45495647735038,301.45494260447003,1.3872880344933947e-05,2.54999999999565,,
490,0.0060000000000000001,301.4832229893974,301.48321138582497,1.1603572431795328e-05,2.5499999999229557,,
490,0.0070000000000000001,301.51759889043689,301.51758999541948,8.8950174017554673e-06,2.5499999988328699,,
490,0.0080000000000000002,301.5585591315575,301.55855338682011,5.7447373933428025e-06,2.5499999849688915,,
490,0.0090000000000000011,301.60664187380064,301.60663971243349,2.1613671492559661e-06,2.5499998361484812,,
490,0.01,301.66244204243594,301.66244387037898,-1.8279430378242978e-06,2.5499984930967399,,
490,0.010999999999999999,301.72660254223308,301.72660871112998,-6.1688969026363338e-06,2.5499883349559718,,
490,0.012,301.7998027420324,301.79981351346675,-1.0771434347134345e-05,2.5499241037999294,,
490,0.013000000000000001,301.88274404585377,301.88275954833023,-1.5502476458095771e-05,2.5495851898018129,,
490,0.014,301.97613281899231,301.97615299971096,-2.0180718649953633e-05,2.5480945159763517,,
490,0.014999999999999999,302.08066209974527,302.08068667351142,-2.4573766154389887e-05,2.5426289337825563,,
490,0.016,302.19699707452878,302.19702549588862,-2.8421359843378013e-05,2.5258943053022156,,
490,0.017000000000000001,302.32577846797915,302.32581012731941,-3.1659340265832725e-05,2.4829140926967113,,
490,0.018000000000000002,302.46767284654175,302.4677078659517,-3.5019409949654801e-05,2.3895442474827497,,
490,0.019,302.62350224347608,302.6235426748691,-4.0431393017570372e-05,2.2156925018812093,,
490,0.02,302.79444319721267,302.79449314222438,-4.9945011710406106e-05,1.9325911663518036,,
500,0,301.4098864108297,301.40986757553941,1.8835290291008278e-05,2.5499999999999998,,
500,0.001,301.41235266979123,301.41233403119287,1.8638598362485936e-05,2.5499999999999998,,
500,0.002,301.41978900994684,301.41977098517322,1.8024773623892543e-05,2.5499999999999998,,
500,0.0030000000000000001,301.43230796786111,301.43229097203118,1.6995829923871497e-05,2.5499999999999856,,
500,0.0040000000000000001,301.45009642197414,301.45008087654054,1.5545433598163072e-05,2.5499999999996477,,
500,0.0050000000000000001,301.47341447372389,301.47340080772716,1.3665996732470376e-05,2.5499999999931373,,
500,0.0060000000000000001,301.50259366111663,301.50258231033428,1.1350782358476863e-05,2.5499999998845717,,
500,0.0070000000000000001,301.53803428483656,301.53802568781799,8.5970185637052055e-06,2.5499999983350992,,
500,0.0080000000000000002,301.58020156092601,301.58019615054667,5.4103793445392512e-06,2.5499999795272457,,
500,0.0090000000000000011,301.62962026817081,301.62961845717564,1.8109951724909479e-06,2.5499997862898165,,
500,0.01,301.68686755717738,301.68686971626641,-2.1590890355582815e-06,2.5499981120977675,,
500,0.010999999999999999,301.75256368728861,301.7525701146256,-6.4273369844158879e-06,2.5499859173797801,,
500,0.012,301.82736077861699,301.8273716602892,-1.0881672210416582e-05,2.5499114164570029,,
500,0.013000000000000001,301.91193045580536,301.91194582055942,-1.5364754062829888e-05,2.5495303276396228,,
500,0.014,302.00695289755788,302.00697258613582,-1.9688577935994545e-05,2.547899722094161,,
500,0.014999999999999999,302.11311256219449,302.11313626953307,-2.3707338584699755e-05,2.5420627762174317,,
500,0.016,302.23110915823759,302.2311366359371,-2.7477699518385634e-05,2.5245505413659148,,
500,0.017000000000000001,302.36169386372211,302.36172530447175,-3.1440749637567933e-05,2.4803134356346699,,
500,0.018000000000000002,302.50573624317525,302.50577269785481,-3.6454679559483338e-05,2.3854456535458342,,
500,0.019,302.66431417735231,302.6643576818031,-4.3504450786713278e-05,2.2104542687841695,,
500,0.02,302.83880122647753,302.838854443554,-5.3217076469991298e-05,1.927240727647298,,
510,0,301.42680903621459,301.42679033562865,1.8700585940223391e-05,2.5499999999999998,,
510,0.001,301.42935945545054,301.42934095688366,1.849856687385909e-05,2.5499999999999998,,
510,0.002,301.43704782892456,301.43702995981016,1.786911440149197e-05,2.5499999999999989,,
510,0.0030000000000000001,301.44998529106192,301.44996847613311,1.6814928812891594e-05,2.5499999999999736,,
510,0.0040000000000000001,301.46835618509419,301.46834085388861,1.5331205588609009e-05,2.549999999999423,,
510,0.0050000000000000001,301.49241664435078,301.49240323118892,1.3413161866537848e-05,2.5499999999893461,,
510,0.0060000000000000001,301.52249238897269,301.52248133021953,1.1058753159431944e-05,2.5499999998295371,,
510,0.0070000000000000001,301.55897553956549,301.55896726707863,8.2724868661898654e-06,2.5499999976550067,,
510,0.0080000000000000002,301.60232022148699,301.60231515085405,5.0706329375316272e-06,2.5499999724228175,,
510,0.0090000000000000011,301.65303676422565,301.65303527630641,1.4879192349326331e-06,2.5499997239063199,,
510,0.01,301.71168444545032,301.71168686026891,-2.4148185957528767e-06,2.5499976538352058,,
510,0.010999999999999999,301.77886308169508,301.77886962618828,-6.5444932033642544e-06,2.5499831130842119,,
510,0.012,301.8552044418646,301.85521521950898,-1.0777644376958051e-05,2.5498971762084377,,
510,0.013000000000000001,301.94136552469126,301.94138050646905,-1.4981777781031269e-05,2.5494705373354765,,
510,0.014,302.03802707231125,302.03804613977564,-1.9067464393174305e-05,2.5476928463310418,,
510,0.014999999999999999,302.14590178110126,302.14592484990925,-2.3068807990966889e-05,2.541474646194593,,
510,0.016,302.26575656291772,302.26578378318339,-2.7220265678806754e-05,2.5231798370568566,,
510,0.017000000000000001,302.39845081304622,302.39848278748485,-3.1974438627457857e-05,2.4776981849502073,,
510,0.018000000000000002,302.54498754521126,302.5450254592713,-3.7914060044386133e-05,2.3813661230438208,,
510,0.019,302.70656763942804,302.70661319680283,-4.55573747899507e-05,2.2052730405916434,,
510,0.02,302.88463221156428,302.88468737033458,-5.515877029438343e-05,1.9219601122778502,,
520,0,301.44429669456707,301.44427818109966,1.851346740977533e-05,2.5499999999999998,,
520,0.001,301.44693014241352,301.44691183618147,1.8306232050235849e-05,2.5499999999999998,,
520,0.002,301.45486703417339,301.45484937243583,1.7661737558682944e-05,2.549999999999998,,
520,0.0030000000000000001,301.46821674313736,301.46820015913096,1.6584006402808882e-05,2.5499999999999545,,
520,0.0040000000000000001,301.48716048766136,301.48714541679749,1.5070863867094886e-05,2.5499999999990717,,
520,0.0050000000000000001,301.51194964228154,301.51193652035221,1.3121929328008264e-05,2.5499999999837115,,
520,0.0060000000000000001,301.54290319704103,301.54289245505208,1.0741988944573677e-05,2.549999999751674,,
520,0.0070000000000000001,301.5804042376995,301.5803962922094,7.9454900969722075e-06,2.5499999967365929,,
520,0.0080000000000000002,301.62489536051169,301.62489059849219,4.7620195005038113e-06,2.5499999632405923,,
520,0.0090000000000000011,301.67687307267579,301.67687183092755,1.2417482366799959e-06,2.5499996465185726,,
520,0.01,301.73688150882811,301.73688405050075,-2.5416726430194103e-06,2.5499971065762415,,
520,0.010999999999999999,301.80550625272679,301.80551274787456,-6.4951477725117002e-06,2.5499798791802371,,
520,0.012,301.88336967907179,301.88338020156453,-1.0522492743803014e-05,2.5498812669679478,,
520,0.013000000000000001,301.97112990453064,301.97114446099812,-1.4556467476722901e-05,2.5494056068449162,,
520,0.014,302.06948588956556,302.0695044926656,-1.8603100045311294e-05,2.5474737044254314,,
520,0.014999999999999999,302.17919106221899,302.17921384660241,-2.2784383418184007e-05,2.540864751042831,,
520,0.016,302.30107664535132,302.30110400174146,-2.735639014872504e-05,2.5217831032558764,,
520,0.017000000000000001,302.43608352009875,302.43611620156241,-3.2681463665085175e-05,2.4750695448114444,,
520,0.018000000000000002,302.5852983365678,302.5853374826799,-3.9146112101207109e-05,2.3773059510129997,,
520,0.019,302.74998666182552,302.75003370465805,-4.7042832534316403e-05,2.2001474592304167,,
520,0.02,302.93161454324007,302.93167101606667,-5.6472826599929249e-05,1.9167471941515226,,
530,0,301.46234090488804,301.46232263236362,1.8272524414442159e-05,2.5499999999999998,,
530,0.001,301.4650559873225,301.46503792655511,1.8060767388305976e-05,2.5499999999999998,,
530,0.002,301.47323710683253,301.47321970321002,1.7403622507572436e-05,2.5499999999999967,,
530,0.0030000000000000001,301.48699156192271,301.48697525467895,1.6307243754454248e-05,2.549999999999923,,
530,0.0040000000000000001,301.50649696957259,301.50648219611639,1.4773456200600776e-05,2.5499999999985308,,
530,0.0050000000000000001,301.5319993993873,301.53198659127844,1.2808108863282541e-05,2.5499999999754568,,
530,0.0060000000000000001,301.56381067465446,301.56380024994309,1.0424711376799678e-05,2.5499999996428939,,
530,0.0070000000000000001,301.60230482937226,301.60229718083667,7.6485355862132565e-06,2.5499999955099706,,
530,0.0080000000000000002,301.64791381324864,301.64790929298192,4.5202667138255492e-06,2.5499999514855713,,
530,0.0090000000000000011,301.70112273260173,301.70112163520969,1.0973920439028007e-06,2.5499995512934581,,
530,0.01,301.76246521182628,301.76246776108604,-2.5492597615084378e-06,2.5499964574473535,,
530,0.010999999999999999,301.8325198355227,301.83252618202772,-6.3465050175182114e-06,2.5499761703945834,,
530,0.012,301.91190900942837,301.91191924805281,-1.0238624440717103e-05,2.549863570775146,,
530,0.013000000000000001,302.00130181706817,302.00131603113499,-1.421406682311499e-05,2.5493353296335961,,
530,0.014,302.10142235714079,302.10144068959909,-1.8332458296299592e-05,2.5472421316313594,,
530,0.014999999999999999,302.21306444137798,302.21308718243233,-2.2741054351627099e-05,2.5402333178847827,,
530,0.016,302.33711233565634,302.33714000463357,-2.7668977224948321e-05,2.5203612324430189,,
530,0.017000000000000001,302.47456556699672,302.47459895882008,-3.3391823365036544e-05,2.4724286533229942,,
530,0.018000000000000002,302.62656407530471,302.62660424414753,-4.0168842815546668e-05,2.3732653879249033,,
530,0.019,302.79440872793492,302.79445689562925,-4.8167694330913946e-05,2.1950762149467447,,
530,0.02,302.97957200776557,302.97962942298909,-5.7415223523094028e-05,1.9115999607759602,,
540,0,301.48093154140514,301.48091355965522,1.7981749920181755e-05,2.5499999999999998,,
540,0.001,301.48372665231722,301.48370888533248,1.7766984740319458e-05,2.5499999999999998,,
540,0.002,301.49214710877135,301.49213000673177,1.7102039578276163e-05,2.549999999999994,,
540,0.0030000000000000001,301.50629794149518,301.50628194551956,1.5995975616078795e-05,2.5499999999998733,,
540,0.0040000000000000001,301.52635293168413,301.52633847604096,1.4455643167821108e-05,2.5499999999977101,,
540,0.0050000000000000001,301.55255271631972,301.55254022247527,1.2493844451455516e-05,2.5499999999635259,,
540,0.0060000000000000001,301.58520216461079,301.58519203231685,1.013229393720394e-05,2.5499999994927296,,
540,0.0070000000000000001,301.6246671347763,301.62465973067594,7.4041003585989529e-06,2.5499999938887647,,
540,0.0080000000000000002,301.6713708492444,301.67136649464067,4.3546037318265007e-06,2.5499999365722039,,
540,0.0090000000000000011,301.72579031718919,301.72578927820064,1.0389885574113578e-06,2.5499994350156818,,
540,0.01,301.7884534669177,301.78845595177137,-2.4848536668287124e-06,2.5499956924006577,,
540,0.010999999999999999,301.85993788126109,301.85994405020625,-6.1689451626989467e-06,2.5499719391414675,,
540,0.012,301.94087217884947,301.94088217120981,-9.9923603329443722e-06,2.5498439681590943,,
540,0.013000000000000001,302.03194105162697,302.03195503114654,-1.3979519565054943e-05,2.5492595051161309,,
540,0.014,302.13389465579866,302.13391286974445,-1.8213945793377206e-05,2.5469979821144029,,
540,0.014999999999999999,302.24756240633286,302.2475852470202,-2.2840687336156407e-05,2.5395805914859273,,
540,0.016,302.37387028201152,302.37389833390262,-2.8051891092673031e-05,2.5189150978553592,,
540,0.017000000000000001,302.5138596665347,302.51389372055371,-3.4054019010909542e-05,2.4697765862133099,,
540,0.018000000000000002,302.66870479711963,302.66874581837197,-4.1021252343398373e-05,2.3692446440399393,,
540,0.019,302.83972537630621,302.83977442206304,-4.9045756838950183e-05,2.1900580438284822,,
540,0.02,303.02839090829502,303.02844919285286,-5.8284557837851025e-05,1.906516499529223,,
550,0,301.50005734869239,301.50003969548578,1.7653206612067152e-05,2.5499999999999998,,
550,0.001,301.50293077509463,301.502913338111,1.743698362588475e-05,2.5499999999999998,,
550,0.002,301.51158541441157,301.51156864324582,1.6771165746831684e-05,2.5499999999999905,,
550,0.0030000000000000001,301.52612401540455,301.52610834822929,1.5667175262024102e-05,2.5499999999997951,,
550,0.0040000000000000001,301.54671660451373,301.5467024678133,1.4136700428935001e-05,2.5499999999964822,,
550,0.0050000000000000001,301.57359871906385,301.57358652066881,1.2198395040741161e-05,2.5499999999465017,,
550,0.0060000000000000001,301.60706906834253,301.60705918880524,9.879537287815765e-06,2.5499999992877753,,
550,0.0070000000000000001,301.6474868212012,301.64747960462876,7.2165724418482569e-06,2.5499999917671996,,
550,0.0080000000000000002,301.6952688416157,301.69526458804978,4.2535659190434671e-06,2.549999917813186,,
550,0.0090000000000000011,301.75088734405989,301.75088630647303,1.0375868555456691e-06,2.5499992940595648,,
550,0.01,301.81486858970351,301.81487097921263,-2.3895091203485208e-06,2.5499947961856919,,
550,0.010999999999999999,301.88779334775722,301.88779935027304,-6.0025158177268167e-06,2.5499671356056073,,
550,0.012,301.97029984547521,301.97030965144671,-9.8059715014642279e-06,2.5498223384944292,,
550,0.013000000000000001,302.06308976206429,302.0631036085648,-1.3846500507952442e-05,2.5491779390345379,,
550,0.014,302.1669374097782,302.16695563092156,-1.8221143363916781e-05,2.5467411283072354,,
550,0.014999999999999999,302.28270138424966,302.28272445780192,-2.3073552256391849e-05,2.5389068322527066,,
550,0.016,302.41133594096726,302.41136450208091,-2.8561113651903725e-05,2.5174455528455373,,
550,0.017000000000000001,302.55389476208933,302.55392952442918,-3.4762339851113211e-05,2.4671143603238588,,
550,0.018000000000000002,302.71151285997456,302.7115543086403,-4.1448665740517754e-05,2.3652438932412529,,
550,0.019,302.88535084993583,302.88539867967984,-4.7829744005412067e-05,2.1850917260814495,,
550,0.02,303.07650464853259,303.07655750952807,-5.2860995481296413e-05,1.9014949492112665,,
560,0,301.51970677479829,301.51968947254727,1.7302251023920689e-05,2.5499999999999998,,
560,0.001,301.52265683439686,301.52263974659729,1.7087799562887085e-05,2.5499999999999998,,
560,0.002,301.53154065663739,301.53152422818965,1.6428447736416274e-05,2.5499999999999825,,
560,0.0030000000000000001,301.54645887761376,301.54644353951494,1.5338098819484003e-05,2.5499999999996747,,
560,0.0040000000000000001,301.56757814232617,301.56756431027935,1.3832046818151866e-05,2.5499999999946725,,
560,0.0050000000000000001,301.59512958830828,301.59511765567311,1.1932635175071482e-05,2.5499999999225031,,
560,0.0060000000000000001,301.62940692961422,301.62939726009233,9.6695218871900579e-06,2.5499999990110398,,
560,0.0070000000000000001,301.67076438758556,301.67075730901541,7.0785701495879039e-06,2.5499999890168783,,
560,0.0080000000000000002,301.71961481484055,301.71961061613291,4.1987076428995351e-06,2.549999894407724,,
560,0.0090000000000000011,301.77642845935208,301.77642739309323,1.0662588465493172e-06,2.5499991243615159,,
560,0.01,301.84173288468588,301.84173517792442,-2.2932385377316677e-06,2.5499937523272553,,
560,0.010999999999999999,301.91611455171608,301.91612042667447,-5.8749583899952995e-06,2.5499617078361743,,
560,0.012,302.00022239582023,302.00023210075631,-9.7049360761047865e-06,2.5497985603483007,,
560,0.013000000000000001,302.09477327028611,302.09478711794492,-1.3847658806298568e-05,2.5490904437771218,,
560,0.014,302.20055819633569,302.20057659835396,-1.8402018270080589e-05,2.5464714602277496,,
560,0.014999999999999999,302.31844685729169,302.31847032282099,-2.3465529295663146e-05,2.5382123143676179,,
560,0.016,302.44938598719222,302.44941504236226,-2.9055170045921841e-05,2.5159534304218707,,
560,0.017000000000000001,302.59438637473886,302.59442139039186,-3.5015652997572033e-05,2.464442936928438,,
560,0.018000000000000002,302.75449503590363,302.75453602674429,-4.099084065956049e-05,2.3612632764649804,,
560,0.019,302.93075492654577,302.93080144903479,-4.6522489014932944e-05,2.1801760840415891,,
560,0.02,303.12416263549505,303.12421390849994,-5.1273004885388218e-05,1.8965335714150491,,
570,0,301.53986889726394,301.53985194917368,1.6948090262758342e-05,2.5499999999999998,,
570,0.001,301.54289406822016,301.54287733062682,1.6737593341531465e-05,2.5499999999999989,,
570,0.002,301.5520026047916,301.55198651388969,1.6090901908683009e-05,2.549999999999971,,
570,0.0030000000000000001,301.56729334079614,301.56727831738692,1.5023409218883899e-05,2.5499999999994913,,
570,0.0040000000000000001,301.58893011679203,301.58891656449794,1.3552294092278316e-05,2.5499999999920364,,
570,0.0050000000000000001,301.61714058452986,301.61712888337377,1.1701156097387866e-05,2.549999999889065,,
570,0.0060000000000000001,301.65221477341737,301.65220527435639,9.499060979578644e-06,2.5499999986411921,,
570,0.0070000000000000001,301.69450367356313,301.69449669539409,6.9781690399395302e-06,2.5499999854832121,,
570,0.0080000000000000002,301.74441815605599,301.74441398647815,4.169577835000382e-06,2.5499998654292169,,
570,0.0090000000000000011,301.80242858829229,301.80242749107464,1.0972176482937357e-06,2.5499989213930059,,
570,0.01,301.86906546835178,301.86906769813879,-2.2297870145848719e-06,2.5499925431082673,,
570,0.010999999999999999,301.94492123993348,301.94492706453292,-5.824599440984457e-06,2.5499556018485094,,
570,0.012,302.03065309214963,302.03066281828603,-9.7261363976031134e-06,2.5497725118154322,,
570,0.013000000000000001,302.12698595718928,302.12699994958183,-1.3992392553063837e-05,2.5489968386472577,,
570,0.014,302.2347141525272,302.23473282967416,-1.8677146954360069e-05,2.5461888847847707,,
570,0.014999999999999999,302.35469941598666,302.35472320569647,-2.3789709814536764e-05,2.5374973240679308,,
570,0.016,302.48786290748177,302.48789215994663,-2.925246485574462e-05,2.5144395429281001,,
570,0.017000000000000001,302.63516963124107,302.63520451453678,-3.4883295711551909e-05,2.4617632248358361,,
570,0.018000000000000002,302.79760589856568,302.79764632221008,-4.0423644406928361e-05,2.3573029047746989,,
570,0.019,302.9761534087404,302.97619901964163,-4.5610901224790723e-05,2.175309980004164,,
570,0.02,303.17176598543176,303.17181626834247,-5.0282910706300754e-05,1.8916307250068078,,
580,0,301.56053419326093,301.56051758606861,1.6607192321771436e-05,2.5499999999999998,,
580,0.001,301.56363320667964,301.56361680449663,1.6402183007357962e-05,2.549999999999998,,
580,0.002,301.57296277760736,301.57294700527649,1.5772330868912832e-05,2.5499999999999523,,
580,0.0030000000000000001,301.58862032670424,301.58860559329167,1.4733412569967186e-05,2.5499999999992147,,
580,0.0040000000000000001,301.61076756245279,301.61075425975639,1.3302696402206493e-05,2.5499999999882466,,
580,0.0050000000000000001,301.63962962236451,301.63961811965959,1.1502704921895202e-05,2.5499999998429836,,
580,0.0060000000000000001,301.67549410399141,301.67548474470476,9.3592866505787242e-06,2.5499999981516948,,
580,0.0070000000000000001,301.71871020706254,301.71870330870428,6.8983582650616881e-06,2.549999980981537,,
580,0.0080000000000000002,301.76968822776979,301.76968408644103,4.1413287590330583e-06,2.5499998298125481,,
580,0.0090000000000000011,301.82889961358472,301.82889851388029,1.0997044341820583e-06,2.5499986801347192,,
580,0.01,301.89687766851671,301.89687989823676,-2.2297200530374539e-06,2.5499911495589207,,
580,0.010999999999999999,301.97421876752685,301.97422463408003,-5.8665531810220273e-06,2.549948761734619,,
580,0.012,302.06158359294648,302.06159343514332,-9.8421968459661002e-06,2.5497440708406254,,
580,0.013000000000000001,302.15969749658257,302.15971168318572,-1.4186603152666066e-05,2.548896950078698,,
580,0.014,302.26934874605041,302.26936765313599,-1.8907085575392557e-05,2.5458933250607876,,
580,0.014999999999999999,302.39138332788718,302.39140729281314,-2.3964925958352978e-05,2.5367621580471216,,
580,0.016,302.52669535460825,302.52672461499452,-2.9260386270379968e-05,2.5129046818632017,,
580,0.017000000000000001,302.67621305053729,302.67624768750926,-3.4636971975032793e-05,2.4590760833398631,,
580,0.018000000000000002,302.84088163077348,302.84092153977639,-3.9909002907734248e-05,2.3533628621545373,,
580,0.019,303.02164572107046,303.02169062768706,-4.4906616608386685e-05,2.1704923151807813,,
580,0.02,303.21943472160683,303.21948425663459,-4.9535027756064665e-05,1.8867848314267066,,
590,0,301.58169501616266,301.58167872438355,1.6291779104449233e-05,2.5499999999999998,,
590,0.001,301.58486690068327,301.58485080770549,1.6092977773496386e-05,2.5499999999999958,,
590,0.002,301.59441472638554,301.59439924467517,1.5481710363474122e-05,2.5499999999999234,,
590,0.0030000000000000001,301.61043490221203,301.61042042913937,1.4473072667442466e-05,2.5499999999988039,,
590,0.0040000000000000001,301.63308766052688,301.63307457777108,1.3082755799587176e-05,2.5499999999828606,,
590,0.0050000000000000001,301.66259649567547,301.66258516549647,1.1330179006563412e-05,2.549999999780145,,
590,0.0060000000000000001,301.69924756637141,301.69923833035506,9.2360163534976891e-06,2.5499999975098198,,
590,0.0070000000000000001,301.74338921801547,301.74338239920382,6.8188116415512923e-06,2.5499999752928901,,
590,0.0080000000000000002,301.79543176028687,301.79542766911686,4.0911700125434436e-06,2.5499997863409996,,
590,0.0090000000000000011,301.85584756103992,301.85584650455911,1.0564808121671376e-06,2.5499983950518281,,
590,0.01,301.92517137633746,301.9251736686806,-2.2923431401977723e-06,2.5499895514514002,,
590,0.010999999999999999,302.00400063247332,302.00400660287113,-5.9703978081415698e-06,2.5499411297800316,,
590,0.012,302.09299514021512,302.09300513360739,-9.9933922683703713e-06,2.5497131155269073,,
590,0.013000000000000001,302.19287551953084,302.19288988514882,-1.4365617971634492e-05,2.548790611804697,,
590,0.014,302.30441953823799,302.3044386040703,-1.9065832304931973e-05,2.5455847195885424,,
590,0.014999999999999999,302.42845571613498,302.42847975196241,-2.4035827436819091e-05,2.5360071219804268,,
590,0.016,302.56585397110041,302.56588314844896,-2.9177348551456816e-05,2.511349617811359,,
590,0.017000000000000001,302.71751374952072,302.71754811085231,-3.4361331586296728e-05,2.4563823249926049,,
590,0.018000000000000002,302.88435083930233,302.88439028855294,-3.9449250607503927e-05,2.3494432080402823,,
590,0.019,303.06728466819095,303.0673289895945,-4.4321403549929528e-05,2.1657220285867469,,
590,0.02,303.26722809222002,303.26727700761398,-4.8915393961124209e-05,1.8819943788343361,,
600,0,301.6033457399638,301.60332973155795,1.6008405850698182e-05,2.5499999999999994,,
600,0.001,301.60658981637692,301.60657400069374,1.5815683184428053e-05,2.5499999999999923,,
600,0.002,301.61635397950698,301.61633875724976,1.522225721828363e-05,2.5499999999998799,,
600,0.0030000000000000001,301.63273397525114,301.63271973357769,1.4241673454762349e-05,2.5499999999982035,,
600,0.0040000000000000001,301.6558890957221,301.65587620889653,1.2886825572877569e-05,2.5499999999752929,,
600,0.0050000000000000001,301.68604183387453,301.68603066099803,1.1172876497766993e-05,2.549999999695308,,
600,0.0060000000000000001,301.72347752198908,301.7234684071243,9.1148647811678529e-06,2.5499999966755369,,
600,0.0070000000000000001,301.76854403721404,301.76853731226367,6.7249503672428546e-06,2.5499999681594629,,
600,0.0080000000000000002,301.8216516151798,301.82164760518231,4.009997496723372e-06,2.5499997336328613,,
600,0.0090000000000000011,301.88327273042711,301.88327176003253,9.7039458069048123e-07,2.5499980600706271,,
600,0.01,301.95394188127136,301.95394428016186,-2.3988905013538897e-06,2.5499877273001088,,
600,0.010999999999999999,302.03425497433318,302.03426107861577,-6.1042825905133213e-06,2.5499326465858996,,
600,0.012,302.12486787503229,302.12487802163093,-1.0146598640403681e-05,2.549679524428266,,
600,0.013000000000000001,302.22649362380628,302.22650813600751,-1.4512201232719235e-05,2.5486776649841527,,
600,0.014,302.3398978655153,302.3399170301555,-1.9164640207236516e-05,2.5452630216266687,,
600,0.014999999999999999,302.46589223705456,302.46591627692021,-2.4039865650138381e-05,2.5352325291675228,,
600,0.016,302.60532580314987,302.6053548509874,-2.9047837529105891e-05,2.5097751004667774,,
600,0.017000000000000001,302.75907506706102,302.75910914884878,-3.4081787759987492e-05,2.4536827182115877,,
600,0.018000000000000002,302.92803350485019,302.92807253875532,-3.9033905125052115e-05,2.3455439796346371,,
600,0.019,303.11310184716189,303.11314566063436,-4.3813472473175352e-05,2.1609980954770625,,
600,0.02,303.31518086987728,303.31522872145183,-4.7851574549895304e-05,1.8772579192606593,,
610,0,301.62548257333015,301.62546681722819,1.5756101959141233e-05,2.5499999999999994,,
610,0.001,301.62879840355282,301.62878283386436,1.5569688457617303e-05,2.5499999999999883,,
610,0.002,301.63877767906189,301.63876268772231,1.4991339583048102e-05,2.5499999999998129,,
610,0.0030000000000000001,301.65551573246086,301.65550169877929,1.4033681566161249e-05,2.5499999999973322,,
610,0.0040000000000000001,301.67917127073076,301.67915856431222,1.2706418544894404e-05,2.5499999999647716,,
610,0.0050000000000000001,301.7099661513937,301.70995513091844,1.1020475255918427e-05,2.5499999995818605,,
610,0.0060000000000000001,301.74818512453396,301.74817613840833,8.9861256356016384e-06,2.549999995600261,,
610,0.0070000000000000001,301.79417556262234,301.79416895146039,6.6111619503317343e-06,2.5499999592797287,,
610,0.0080000000000000002,301.84834715331237,301.84834325354763,3.899764749348833e-06,2.5499996701278391,,
610,0.0090000000000000011,301.91117145983367,301.91117060710798,8.5272569094740902e-07,2.5499976685566708,,
610,0.01,301.98318116657475,301.98318369703662,-2.530461870264844e-06,2.5499856543673434,,
610,0.010999999999999999,302.06496874293367,302.06497499041296,-6.2474792912325938e-06,2.5499232511955254,,
610,0.012,302.15718420447189,302.15719449178283,-1.0287310942658223e-05,2.5496431768266201,,
610,0.013000000000000001,302.26053166467312,302.26054628771328,-1.4623040158312506e-05,2.5485579582879834,,
610,0.014,302.37576453534103,302.37578373880496,-1.9203463921257935e-05,2.544928198437415,,
610,0.014999999999999999,302.50367987616704,302.50370382082457,-2.3944657527863455e-05,2.5344386992831907,,
610,0.016,302.64511464952591,302.64514338878382,-2.8739257913912297e-05,2.5081818587403268,,
610,0.017000000000000001,302.8009526907847,302.80098628613143,-3.3595346735637577e-05,2.4509779897366424,,
610,0.018000000000000002,302.972161082909,302.97220010966049,-3.902675149447532e-05,2.3416651940335607,,
610,0.019,303.15987702810509,303.15992329345193,-4.6265346838936239e-05,2.1563195255613872,,
610,0.02,303.36553805636396,303.36559470172756,-5.6645363599727716e-05,1.8725735047443635,,
620,0,301.64810311529493,301.64808758296203,1.5532332895418222e-05,2.5499999999999976,,
620,0.001,301.65149042390721,301.6514750740177,1.5349889508797787e-05,2.5499999999999798,,
620,0.002,301.66168403747758,301.66166925464478,1.4782832806758961e-05,2.5499999999997134,,
620,0.0030000000000000001,301.67877901317661,301.67876517128201,1.3841894599408988e-05,2.5499999999960856,,
620,0.0040000000000000001,301.70293364375686,301.70292110987276,1.2533884103049786e-05,2.5499999999502942,,
620,0.0050000000000000001,301.73436927223213,301.7343584059775,1.0866254626762384e-05,2.5499999994315301,,
620,0.0060000000000000001,301.77337003472235,301.77336118882181,8.8459005382901523e-06,2.5499999942254643,,
620,0.0070000000000000001,301.82028251118209,301.8202760329624,6.4782196886881138e-06,2.5499999483032707,,
620,0.0080000000000000002,301.87551522211197,301.87551145510582,3.7670061487915518e-06,2.5499995940733449,,
620,0.0090000000000000011,301.9395378588751,301.93953714320685,7.1566824999536038e-07,2.5499972132946365,,
620,0.01,302.01288008966378,302.01288275953357,-2.6698697865867871e-06,2.5499833086742525,,
620,0.010999999999999999,302.09612977976502,302.09613615618156,-6.3764165361135383e-06,2.5499128812240692,,
620,0.012,302.18993058820075,302.1899409650257,-1.0376824945979024e-05,2.5496039529919772,,
620,0.013000000000000001,302.29497932403166,302.29499394713457,-1.4623102913446928e-05,2.5484313479487017,,
620,0.014,302.41202442685608,302.41204347766961,-1.9050813534704503e-05,2.5445802305714511,,
620,0.014999999999999999,302.54186867242748,302.5418922937281,-2.3621300613285712e-05,2.5336259572314144,,
620,0.016,302.68538132723654,302.68540975146118,-2.842422463800176e-05,2.5065706009360271,,
620,0.017000000000000001,302.8435259040761,302.84355970069851,-3.3796622403770016e-05,2.4482688269430599,,
620,0.018000000000000002,303.01740669180765,303.01744700633793,-4.0314530281193584e-05,2.3378068501655314,,
620,0.019,303.208328471914,303.20837708276508,-4.8610851081321016e-05,2.1516853568537142,,
620,0.02,303.41785216620792,303.41791124116355,-5.907495562951226e-05,1.8679397789282521,,
630,0,301.67120580311268,301.67119047466178,1.5328450899687596e-05,2.5499999999999945,,
630,0.001,301.67466439579562,301.67464924709316,1.5148702459555352e-05,2.5499999999999674,,
630,0.002,301.68507178282982,301.68505719360951,1.4589220313609985e-05,2.5499999999995677,,
630,0.0030000000000000001,301.70252278664111,301.70250912742381,1.3659217302119941e-05,2.5499999999943208,,
630,0.0040000000000000001,301.72717530796564,301.72716294464357,1.2363322070996219e-05,2.5499999999305669,,
630,0.0050000000000000001,301.75925011955667,301.75923941290279,1.0706653881698003e-05,2.5499999992340507,,
630,0.0060000000000000001,301.79903054575959,301.79902185141964,8.6943399537631194e-06,2.5499999924811418,,
630,0.0070000000000000001,301.8468619881275,301.84685565665711,6.3314703879768786e-06,2.5499999348253004,,
630,0.0080000000000000002,301.90315123475648,301.90314761075246,3.6240040230950399e-06,2.5499995035107332,,
630,0.0090000000000000011,301.96836548847915,301.96836490742879,5.8105035805056104e-07,2.5499966864699162,,
630,0.01,302.04303110216347,302.04303388356846,-2.7814049872176838e-06,2.5499806650166481,,
630,0.010999999999999999,302.1277321812571,302.12773861781579,-6.4365586922576767e-06,2.549901472990391,,
630,0.012,302.22310958467625,302.22311993136964,-1.0346693386509287e-05,2.5495617344260411,,
630,0.013000000000000001,302.32986147788733,302.32987595246664,-1.4474579302259372e-05,2.5482976977778415,,
630,0.014,302.44874739341213,302.44876620758964,-1.8814177508374996e-05,2.5442191111643644,,
630,0.014999999999999999,302.58059840776576,302.58062184663072,-2.3438864957370242e-05,2.5327946320953831,,
630,0.016,302.72633592327207,302.72636447078878,-2.8547516706112219e-05,2.5049420149832131,,
630,0.017000000000000001,302.88699994092207,302.8870344094683,-3.4468546232346853e-05,2.445555880017654,,
630,0.018000000000000002,303.06378434564311,303.06382593721935,-4.1591576234623062e-05,2.3339689305056872,,
630,0.019,303.25807238378883,303.25812262540308,-5.0241614246715471e-05,2.1470946470548924,,
630,0.02,303.47146218012847,303.47152272951581,-6.0549387342234695e-05,1.8633556990159796,,
640,0,301.6947894002659,301.69477426358822,1.5136677689042699e-05,2.5499999999999909,,
640,0.001,301.698319096859,301.69830413829499,1.4958564008793473e-05,2.5499999999999488,,
640,0.002,301.7089397107485,301.70892530708915,1.440365934968213e-05,2.5499999999993554,,
640,0.0030000000000000001,301.7267458022431,301.72673232202226,1.3480220843575808e-05,2.5499999999918477,,
640,0.0040000000000000001,301.75189480789436,301.75188261621412,1.2191680241357972e-05,2.5499999999039358,,
640,0.0050000000000000001,301.78460678619882,301.78459624391758,1.0542281245307095e-05,2.5499999989767854,,
640,0.0060000000000000001,301.82516402497191,301.82515548760074,8.5373711726788315e-06,2.5499999902841153,,
640,0.0070000000000000001,301.87391048838589,301.87390430413745,6.1842484342378157e-06,2.5499999183809132,,
640,0.0080000000000000002,301.93125110049107,301.93124760670804,3.4937830264425429e-06,2.5499993962615988,,
640,0.0090000000000000011,301.9976509292444,301.9976504467827,4.8246170081256423e-07,2.5499960796521615,,
640,0.01,302.07363448025484,302.07363730674933,-2.8264944944567105e-06,2.5499776969856742,,
640,0.010999999999999999,302.15978555959208,302.15979196517219,-6.4055801090034947e-06,2.549888961650328,,
640,0.012,302.25674851594607,302.2567587483897,-1.0232443628410692e-05,2.5495164040887635,,
640,0.013000000000000001,302.36523205152906,302.36524636006374,-1.4308534673546092e-05,2.5481568791527955,,
640,0.014,302.48601702704815,302.48603571174374,-1.8684695589854527e-05,2.5438448452455078,,
640,0.014999999999999999,302.61996952034832,302.61999300509615,-2.3484747828206309e-05,2.5319450561768484,,
640,0.016,302.768059576388,302.76808848891392,-2.8912525920077314e-05,2.5032967687189953,,
640,0.017000000000000001,302.93138452454969,302.93141975186836,-3.5227318676334107e-05,2.4428397640119437,,
640,0.018000000000000002,303.11119369218875,303.11123637717628,-4.268498753390304e-05,2.3301514024420422,,
640,0.019,303.30890947084856,303.30896092819597,-5.1457347410632792e-05,2.1425464809228907,,
640,0.02,303.52613885426717,303.52620042709111,-6.1572823938149668e-05,1.8588201157749131,,
650,0,301.71885261586658,301.71883766522586,1.4950640718325303e-05,2.5499999999999843,,
650,0.001,301.72245320779115,301.72243843427373,1.4773517420962889e-05,2.5499999999999208,,
650,0.002,301.73328640535289,301.73327218385003,1.4221502851796686e-05,2.5499999999990495,,
650,0.0030000000000000001,301.75144645346325,301.75143315083841,1.3302624836342147e-05,2.5499999999884166,,
650,0.0040000000000000001,301.77709023763094,301.77707821728728,1.2020343660879007e-05,2.5499999998683038,,
650,0.0050000000000000001,301.81043700254617,301.8104266228425,1.0379703667240392e-05,2.5499999986442869,,
650,0.0060000000000000001,301.85176795314095,301.85175956500052,8.3881404293606465e-06,2.5499999875361978,,
650,0.0070000000000000001,301.90142576859591,301.90141971210033,6.056495578832255e-06,2.5499998984390717,,
650,0.0080000000000000002,301.95981411672176,301.95981071680859,3.3999131687778572e-06,2.5499992699141907,,
650,0.0090000000000000011,302.02739736230745,302.0273969246187,4.3768875457317336e-07,2.5499953837807818,,
650,0.01,302.10470082342812,302.10470363282963,-2.809401507875009e-06,2.5499743769928549,,
650,0.010999999999999999,302.19231213177045,302.19231845766279,-6.3258923432840675e-06,2.5498752813303667,,
650,0.012,302.29088445008432,302.29089456340006,-1.011331573863572e-05,2.5494678466081266,,
650,0.013000000000000001,302.40114240311607,302.4011566085731,-1.4205457034677238e-05,2.5480087709771988,,
650,0.014,302.52389146718878,302.52391015000291,-1.8682814129533654e-05,2.5434574490633151,,
650,0.014999999999999999,302.66003112334414,302.66005480266762,-2.3679323476244463e-05,2.5310775641192027,,
650,0.016,302.81057126494767,302.81060063872962,-2.9373781956110179e-05,2.5016355102097312,,
650,0.017000000000000001,302.97665025277615,302.97668621441477,-3.5961638616299751e-05,2.4401210607715336,,
650,0.018000000000000002,303.15955188474464,303.15959549449769,-4.3609753049622668e-05,2.3263542193989695,,
650,0.019,303.36071777206945,303.36077017623103,-5.2404161579033826e-05,2.1380399765212834,,
650,0.02,303.58175156119393,303.58181388543375,-6.2324239820554794e-05,1.8543318942238831,,
660,0,301.74339392127973,301.74337915406596,1.476721377002832e-05,2.5499999999999745,,
660,0.001,301.74706516435367,301.74705057331681,1.459103685874652e-05,2.5499999999998786,,
660,0.002,301.75811020274512,301.75809616070342,1.4042041698303365e-05,2.5499999999986116,,
660,0.0030000000000000001,301.77662294374318,301.77660981498502,1.3128758155289688e-05,2.5499999999837004,,
660,0.0040000000000000001,301.80275971798847,301.80274786226897,1.185571949235964e-05,2.5499999998210381,,
660,0.0050000000000000001,301.83673903447789,301.83672880471198,1.0229765905478416e-05,2.549999998217813,,
660,0.0060000000000000001,301.87884128619561,301.87883302545993,8.2607356830521894e-06,2.5499999841221883,,
660,0.0070000000000000001,301.92940849622062,301.92940253443112,5.9617894976327079e-06,2.5499998743963608,,
660,0.0080000000000000002,301.98884426639728,301.98884091755872,3.3488385611235572e-06,2.5499991218100515,,
660,0.0090000000000000011,302.05761419423584,302.05761375597837,4.3825747297887574e-07,2.5499945891525013,,
660,0.01,302.1362471459455,302.13624990387842,-2.7579329184845847e-06,2.5499706762992713,,
660,0.010999999999999999,302.22533788612742,302.22534412586788,-6.2397404576586268e-06,2.5498603652609257,,
660,0.012,302.32555161934192,302.32556164835017,-1.0029008251422056e-05,2.5494159484730949,,
660,0.013000000000000001,302.43763093289039,302.43764511200288,-1.4179112497458846e-05,2.54785325961732,,
660,0.014,302.56240538374374,302.56242416462686,-1.8780883124236425e-05,2.5430569494287814,,
660,0.014999999999999999,302.70080351591764,302.70082747638844,-2.3960470798556344e-05,2.5301924921088164,,
660,0.016,302.85386645807279,302.85389632389973,-2.9865826945751905e-05,2.499958868105153,,
660,0.017000000000000001,303.02276154334112,303.02279818461375,-3.664127262936745e-05,2.4374003207434085,,
660,0.018000000000000002,303.20879379306774,303.20883818676663,-4.4393698885869526e-05,2.3225773220379549,,
660,0.019,303.41341281883678,303.41346597737441,-5.3158537639319547e-05,2.1335742845989136,,
660,0.02,303.63821196612776,303.63827578205257,-6.3815924818300118e-05,1.8498899307819552,,
670,0,301.76841163484801,301.76839704508001,1.4589767999950709e-05,2.5499999999999603,,
670,0.001,301.77215328397477,301.7721388704116,1.4413563178550248e-05,2.549999999999816,,
670,0.002,301.78340944142809,301.7833955720555,1.3869372594399465e-05,2.5499999999979948,,
670,0.0030000000000000001,301.80227373178161,301.80226076668754,1.296509407211488e-05,2.5499999999772771,,
670,0.0040000000000000001,301.82890207118839,301.82889036461643,1.1706571967806667e-05,2.5499999997588496,,
670,0.0050000000000000001,301.86351253408128,301.86350243187434,1.010220694297459e-05,2.5499999976747714,,
670,0.0060000000000000001,301.90638526625543,301.90637710318305,8.1630723798298277e-06,2.5499999799077111,,
670,0.0070000000000000001,301.95786257719141,301.95785667490645,5.9022849541179312e-06,2.5499998455705213,,
670,0.0080000000000000002,302.01834941150042,302.01834607830881,3.3331916142742557e-06,2.5499989490309272,,
670,0.0090000000000000011,302.0883144772888,302.088314011374,4.6591480895585846e-07,2.5499936854109886,,
670,0.01,302.16829237905677,302.16829507698839,-2.6979316203323833e-06,2.5499665650485714,,
670,0.010999999999999999,302.25888713674942,302.25889330874429,-6.1719948689642479e-06,2.5498441459086512,,
670,0.012,302.36077743441467,302.36078742685692,-9.9924422443109506e-06,2.5493605982102907,,
670,0.013000000000000001,302.47472378624025,302.47473801095879,-1.422471854084506e-05,2.5476902388172156,,
670,0.014,302.60157743208066,302.60159640172446,-1.8969643804211955e-05,2.5426433830780528,,
670,0.014999999999999999,302.74228973765929,302.74231410542717,-2.4367767878175073e-05,2.5292901771482406,,
670,0.016,302.89791760666407,302.8979481810423,-3.0574378229175636e-05,2.4982674520187569,,
670,0.017000000000000001,303.06961185164784,303.06964940300765,-3.7551359810095164e-05,2.4346780646678878,,
670,0.018000000000000002,303.25856159911905,303.25860612388675,-4.4524767702114332e-05,2.3188206395902577,,
670,0.019,303.46586459646943,303.4659142640171,-4.9667547671106149e-05,2.1291485861848325,,
670,0.02,303.69233308212495,303.69238407840805,-5.0996283107451745e-05,1.8454933179156507,,
680,0,301.79390425512901,301.79388983439753,1.4420731474729109e-05,2.5499999999999376,,
680,0.001,301.79771612605396,301.79770187918143,1.4246872524381615e-05,2.549999999999728,,
680,0.002,301.80918289270278,301.80916918271151,1.3709991264931887e-05,2.5499999999971319,,
680,0.0030000000000000001,301.82839803933393,301.82838522067902,1.2818654909096949e-05,2.5499999999686076,,
680,0.0040000000000000001,301.85551734866016,301.85550576910242,1.1579557735785784e-05,2.5499999996776674,,
680,0.0050000000000000001,301.89075893837042,301.89074893669618,1.0001674240811553e-05,2.5499999969881086,,
680,0.0060000000000000001,301.93440344476062,301.93439534905502,8.0957055956787372e-06,2.5499999747369024,,
680,0.0070000000000000001,301.986794505143,301.98678863251507,5.8726279235088441e-06,2.5499998111938207,,
680,0.0080000000000000002,302.04833974163972,302.04833640059252,3.3410472042305628e-06,2.5499987483860753,,
680,0.0090000000000000011,302.11951249318969,302.11951199008405,5.031056389270816e-07,2.5499926615386537,,
680,0.01,302.20085455368326,302.20085720481461,-2.6511313535593217e-06,2.5499620123034807,,
680,0.010999999999999999,302.29298010049928,302.29298625115428,-6.1506549968726176e-06,2.5498265551069146,,
680,0.012,302.39658072500168,302.3965907764541,-1.0051452420611895e-05,2.549301686544347,,
680,0.013000000000000001,302.51243077293969,302.51244521497716,-1.4442037468143099e-05,2.5475196095948718,,
680,0.014,302.64139071028825,302.64141014077853,-1.9430490283411928e-05,2.5422167960558082,,
680,0.014999999999999999,302.78440369043261,302.78442876817593,-2.5077743316614942e-05,2.5283709563972314,,
680,0.016,302.94247744795337,302.94250869676227,-3.1248808909367654e-05,2.4965618529290357,,
680,0.017000000000000001,303.11664232289252,303.11667976711334,-3.7444220822635543e-05,2.4319547851672407,,
680,0.018000000000000002,303.30788046737513,303.30792325767652,-4.2790301392869878e-05,2.3150840911839219,,
680,0.019,303.51703363640513,303.51707992613666,-4.6289731528759148e-05,2.1247620915467729,,
680,0.02,303.7447135589079,303.74476084459252,-4.7285684615872015e-05,1.841141031541246,,
690,0,301.8198708928345,301.81985662375098,1.4269083521867287e-05,2.5499999999999048,,
690,0.001,301.82375292400855,301.82373882570079,1.4098307758558803e-05,2.5499999999995993,,
690,0.002,301.83543018171179,301.83541661093494,1.3570776843607746e-05,2.549999999995936,,
690,0.0030000000000000001,301.85499621825534,301.85498352299533,1.2695260011241771e-05,2.5499999999570027,,
690,0.0040000000000000001,301.88260705632706,301.88259557788336,1.1478443695978058e-05,2.5499999995724871,,
690,0.0050000000000000001,301.91848142325989,301.9184714946793,9.9285805958970741e-06,2.5499999961256248,,
690,0.0060000000000000001,301.96290122034213,301.9628931660817,8.0542604337097146e-06,2.549999968429935,,
690,0.0070000000000000001,302.01621236990621,302.01620650774356,5.8621626521926373e-06,2.5499997704062412,,
690,0.0080000000000000002,302.07882620061764,302.07882284705749,3.3535601460243925e-06,2.5499985163999805,,
690,0.0090000000000000011,302.15122150557295,302.15122098618247,5.1939048262283904e-07,2.5499915058504881,,
690,0.01,302.2339472825501,302.23394994833296,-2.6657828584575327e-06,2.5499569860853799,,
690,0.010999999999999999,302.32762585413002,302.32763210295809,-6.2488280718753231e-06,2.5498075241840437,,
690,0.012,302.43295545952861,302.4329657556699,-1.0296141283561155e-05,2.5492391065429905,,
690,0.013000000000000001,302.55071044367412,302.55072531760106,-1.4873926943437255e-05,2.547341280122597,,
690,0.014,302.68173595564298,302.68175595559791,-1.9999954929517116e-05,2.5417772431206265,,
690,0.014999999999999999,302.82693307931896,302.82695864886398,-2.5569545016423945e-05,2.5274351665755557,,
690,0.016,302.98723044563542,302.98726173054393,-3.1284908516227006e-05,2.4948426435943887,,
690,0.017000000000000001,303.1635406281128,303.16357727073881,-3.6642626014327107e-05,2.4292309482446961,,
690,0.018000000000000002,303.35670439610504,303.35674541721988,-4.1021114839168149e-05,2.3113675870727532,,
690,0.019,303.5674320852678,303.56747594140353,-4.3856135732767143e-05,2.1204140403076721,,
690,0.02,303.796256181427,303.79630103911609,-4.4857689090349595e-05,1.8368320085583001,,
700,0,301.84631163325088,301.8462974920634,1.4141187477889616e-05,2.5499999999998568,,
700,0.001,301.85026392760159,301.85024995371572,1.3973885870655067e-05,2.5499999999994172,,
700,0.002,301.86215206349635,301.86213860685626,1.3456640090225847e-05,2.5499999999942946,,
700,0.0030000000000000001,301.88206989842928,301.88205730064919,1.2597780084888655e-05,2.5499999999415932,,
700,0.0040000000000000001,301.91017409263253,301.91016268975909,1.1402873440147232e-05,2.5499999994371949,,
700,0.0050000000000000001,301.94668452869024,301.94667465085831,9.8778319284065219e-06,2.5499999950492267,,
700,0.0060000000000000001,301.9918850128891,301.99187698593124,8.0269578575098421e-06,2.5499999607803887,,
700,0.0070000000000000001,302.04612434457852,302.04611849466744,5.8499110764387297e-06,2.5499997222485637,,
700,0.0080000000000000002,302.10981779505079,302.10981445728703,3.3377637578269059e-06,2.5499982493005957,,
700,0.0090000000000000011,302.18344891292645,302.18344844392499,4.690014634434192e-07,2.5499902059900919,,
700,0.01,302.26757132217097,302.26757411447625,-2.7923052812184324e-06,2.5499514534168006,,
700,0.010999999999999999,302.36280976616894,302.36281625834624,-6.4921773059722909e-06,2.5497869840887892,,
700,0.012,302.46985908739168,302.46986975868174,-1.0671290056052385e-05,2.549172753746813,,
700,0.013000000000000001,302.58947922637429,302.58949456166357,-1.5335289276663389e-05,2.5471551655925486,,
700,0.014,302.7224839257359,302.72250433986994,-2.0414134041857324e-05,2.5413247871717175,,
700,0.014999999999999999,302.86972100771334,302.86974673111445,-2.5723401108734834e-05,2.5264831434234742,,
700,0.016,303.0320432243214,303.0320741730946,-3.0948773201089352e-05,2.4931103789806555,,
700,0.017000000000000001,303.21027088442747,303.21030655913182,-3.5674704349730746e-05,2.4265069947087321,,
700,0.018000000000000002,303.40515038512979,303.40518984768084,-3.9462551058022655e-05,2.307671029772528,,
700,0.019,303.61731549302243,303.61735745473118,-4.1961708745930082e-05,2.1161036974220644,,
700,0.02,303.84725951967243,303.84730254755976,-4.3027887329571968e-05,1.832565265673691,,
710,0,301.87322772732938,301.87321368671547,1.4040613905308419e-05,2.5499999999997875,,
710,0.001,301.87725056324604,301.87723668662784,1.3876618197627977e-05,2.5499999999991605,,
710,0.002,301.88935048624995,301.88933711739435,1.3368855604767305e-05,2.54999999999206,,
710,0.0030000000000000001,301.90962187218878,301.90960934778838,1.2524400403890468e-05,2.549999999921289,,
710,0.0040000000000000001,301.93822234055267,301.93821099422729,1.1346325379690825e-05,2.5499999992643723,,
710,0.0050000000000000001,301.97537328626856,301.97536344991471,9.8363538540979789e-06,2.5499999937140974,,
710,0.0060000000000000001,302.0213606641226,302.02135267157894,7.9925436580197129e-06,2.5499999515524738,,
710,0.0070000000000000001,302.07653601209682,302.07653020563441,5.806462411328539e-06,2.549999665655343,,
710,0.0080000000000000002,302.14131759871316,302.14131433795944,3.2607537150397548e-06,2.549997943008135,,
710,0.0090000000000000011,302.21619140076581,302.21619107206322,3.2870258337425184e-07,2.5499887489277659,,
710,0.01,302.30171135011244,302.30171437196765,-3.0218552069527505e-06,2.5499453803663807,,
710,0.010999999999999999,302.39849795161672,302.39850476945793,-6.8178412107045006e-06,2.5497648655125964,,
710,0.012,302.50723403907523,302.50724510133364,-1.1062258408855996e-05,2.5491025262847091,,
710,0.013000000000000001,302.62865623296977,302.62867194239266,-1.5709422882537183e-05,2.546961188070302,,
710,0.014,302.76354077018334,302.76356141055692,-2.0640373577407445e-05,2.5408594986982167,,
710,0.014999999999999999,302.91268296011179,302.91270860870412,-2.5648592327343067e-05,2.5255152212151715,,
710,0.016,303.07687065425313,303.07690110135229,-3.044709916366628e-05,2.4913655966957462,,
710,0.017000000000000001,303.25685367629359,303.25688837980255,-3.4703508958955354e-05,2.4237833415264411,,
710,0.018000000000000002,303.45331278998924,303.45335089015032,-3.8100161077636585e-05,2.3039943150854558,,
710,0.019,303.66683295087688,303.66687335665245,-4.0405775564522628e-05,2.1118303496911026,,
710,0.02,303.89788576642752,303.89792731365304,-4.1547225521298969e-05,1.8283398627187448,,
720,0,301.90062153533569,301.90060756923691,1.3966098777018487e-05,2.5499999999996881,,
720,0.001,301.904715333181,301.90470152870995,1.3804471052480949e-05,2.5499999999988026,,
720,0.002,301.9170283501723,301.91701504709835,1.3303073956194567e-05,2.5499999999890437,,
720,0.0030000000000000001,301.9376555976566,301.93764313072478,1.2466931821109029e-05,2.5499999998947351,,
720,0.0040000000000000001,301.96675577669328,301.96674448115454,1.1295538740796474e-05,2.5499999990450735,,
720,0.0050000000000000001,302.00455179589363,302.00454201033426,9.7855593708118249e-06,2.5499999920677983,,
720,0.0060000000000000001,302.05133143655456,302.05132350753473,7.9290198300441261e-06,2.5499999404781084,,
720,0.0070000000000000001,302.10744804663079,302.10744233477897,5.7118518270726781e-06,2.5499995994478275,,
720,0.0080000000000000002,302.17332102074522,302.17331790680271,3.1139425118453801e-06,2.5499975931245022,,
720,0.0090000000000000011,302.24943564969311,302.24943553759101,1.1210210004719556e-07,2.5499871209606635,,
720,0.01,302.33634171344573,302.3363450261445,-3.3126987659670704e-06,2.549938732095979,,
720,0.010999999999999999,302.43464998870076,302.43465715190649,-7.1632057370152324e-06,2.549741099008199,,
720,0.012,302.54502571748731,302.54503712732458,-1.1409837270548451e-05,2.5490283249753403,,
720,0.013000000000000001,302.66817813059993,302.66819410451734,-1.597391741370302e-05,2.5467592763380655,,
720,0.014,302.80484542901411,302.80486614453503,-2.0715520918201946e-05,2.5403814552512523,,
720,0.014999999999999999,302.9557752458449,302.95580067809863,-2.5432253721646703e-05,2.5245317323214493,,
720,0.016,303.1217015036849,303.12173137774033,-2.9874055428535939e-05,2.4896088174294002,,
720,0.017000000000000001,303.30331959847308,303.30335337370553,-3.3775232452626369e-05,2.4210603831101838,,
720,0.018000000000000002,303.50126273181934,303.50129963107463,-3.6899255292155431e-05,2.3003373329468677,,
720,0.019,303.71608268990121,303.71612177437538,-3.9084474167339067e-05,2.1075933044172626,,
720,0.02,303.94823900122771,303.94827847549345,-3.9474265747685422e-05,1.8241548956719622,,
730,0,301.92849613223035,301.92848222354104,1.3908689311392664e-05,2.5499999999995477,,
730,0.001,301.93266136812656,301.93264761959239,1.3748534172464133e-05,2.5499999999983074,,
730,0.002,301.9451889046851,301.94517565635073,1.3248334369109216e-05,2.5499999999850043,,
730,0.0030000000000000001,301.96617435354079,301.96616194194547,1.2411595321282221e-05,2.5499999998602552,,
730,0.0040000000000000001,301.99577734829774,301.99576611402711,1.123427063021154e-05,2.5499999987685751,,
730,0.0050000000000000001,302.03422191256385,302.03421220375242,9.7088114330290409e-06,2.5499999900492907,,
730,0.0060000000000000001,302.08179682387794,302.08178900041338,7.8234645570773864e-06,2.5499999272538552,,
730,0.0070000000000000001,302.13885577784265,302.13885021533696,5.5625056916142057e-06,2.549999522326841,,
730,0.0080000000000000002,302.20581703890349,302.20581413051474,2.9083887511660578e-06,2.5499971949233649,,
730,0.0090000000000000011,302.28316212828281,302.28316228161026,-1.5332744851548341e-07,2.5499853077149321,,
730,0.01,302.37143296826372,302.37143659411163,-3.6258479099160468e-06,2.5499314729096412,,
730,0.010999999999999999,302.47122681648403,302.47123430671303,-7.4902289952660794e-06,2.5497156151043847,,
730,0.012,302.58318833784443,302.58320003103393,-1.1693189492234524e-05,2.5489500534155458,,
730,0.013000000000000001,302.70799833381176,302.70801446975992,-1.6135948158080282e-05,2.5465493657293328,,
730,0.014,302.84635905510942,302.84637972230092,-2.066719150661811e-05,2.5398907409383669,,
730,0.014999999999999999,302.99897688897659,302.99900197540757,-2.5086430980536534e-05,2.5235330068171971,,
730,0.016,303.16654532346774,303.16657449179081,-2.9168323067096935e-05,2.4878405453958821,,
730,0.017000000000000001,303.34973595840631,303.34976871889234,-3.2760486021743418e-05,2.418338492539879,,
730,0.018000000000000002,303.54921274386021,303.54924883319694,-3.6089336731492949e-05,2.2966999681030349,,
730,0.019,303.76568642824282,303.76572644810039,-4.0019857578954543e-05,2.1033918887832539,,
730,0.02,304.0000057171344,304.0000512784892,-4.5561354795609077e-05,1.8200096944058068,,
740,0,301.95685460632478,301.95684074968523,1.3856639554887806e-05,2.5499999999993488,,
740,0.001,301.96109169420015,301.9610779989797,1.3695220445697487e-05,2.5499999999976271,,
740,0.002,301.97383493566912,301.97382174515519,1.3190513925565028e-05,2.5499999999796352,,
740,0.0030000000000000001,301.99518034866975,301.99516800446179,1.2344207959813502e-05,2.549999999815789,,
740,0.0040000000000000001,302.02528809723526,302.02527694749455,1.1149740714699874e-05,2.5499999984220958,,
740,0.0050000000000000001,302.06438260418525,302.06437300697633,9.597208929790213e-06,2.5499999875878756,,
740,0.0060000000000000001,302.11275249603807,302.11274482216857,7.6738695042877225e-06,2.5499999115377316,,
740,0.0070000000000000001,302.170750145086,302.17074477927673,5.3658092724617745e-06,2.5499994328656914,,
740,0.0080000000000000002,302.23879047759448,302.23878781611813,2.661476344201219e-06,2.54999674334102,,
740,0.0090000000000000011,302.31734862799442,302.31734907049997,-4.425055522006005e-07,2.5499832941499307,,
740,0.01,302.40695596253244,302.40695989584054,-3.9333081076620147e-06,2.5499235663042303,,
740,0.010999999999999999,302.50819401941294,302.5082017918561,-7.7724431548631401e-06,2.5496883444164316,,
740,0.012,302.62168609754048,302.6216979837539,-1.1886213428624615e-05,2.5488676180555561,,
740,0.013000000000000001,302.7480867102002,302.7481028686131,-1.6158412904587749e-05,2.5463313979553965,,
740,0.014,302.88807009128794,302.88809052574135,-2.0434453404050146e-05,2.5393874459396666,,
740,0.014999999999999999,303.04232051766053,303.0423450759701,-2.455830957615035e-05,2.5225193721313368,,
740,0.016,303.21152908415792,303.21155754191534,-2.8457757423439034e-05,2.4860612687806523,,
740,0.017000000000000001,303.39640250753149,303.3964347628019,-3.2255270411951642e-05,2.4156180227225965,,
740,0.018000000000000002,303.59768752857218,303.59772383301976,-3.6304447576185339e-05,2.2930821006791109,,
740,0.019,303.81620817243396,303.81624921065753,-4.1038223571376875e-05,2.0992254508454691,,
740,0.02,304.05290427371784,304.05295100224708,-4.6728529241590877e-05,1.8159034284153002,,
750,0,301.98569926072258,301.98568546667531,1.379404727686051e-05,2.5499999999990721,,
750,0.001,301.9900084401425,301.98999481046832,1.3629674185722251e-05,2.5499999999967016,,
750,0.002,302.0029680057487,302.00295489004719,1.3115701506194455e-05,2.5499999999725516,,
750,0.0030000000000000001,302.0246740666779,302.02466181382323,1.2252854673988622e-05,2.5499999997588239,,
750,0.0040000000000000001,302.05528674179664,302.05527570824023,1.1033556404527189e-05,2.5499999979904824,,
750,0.0050000000000000001,302.09502995877432,302.09502051108757,9.4476867502635287e-06,2.5499999846020605,,
750,0.0060000000000000001,302.14419093395367,302.144183449808,7.4841456694230146e-06,2.5499998929458925,,
750,0.0070000000000000001,302.2031190951202,302.20311396150299,5.1336172077753872e-06,2.5499993295030672,,
750,0.0080000000000000002,302.27222414655768,302.27222175358321,2.3929744656925322e-06,2.5499962329678887,,
750,0.0090000000000000011,302.35197294882278,302.35197367734941,-7.2852662924560718e-07,2.5499810645640708,,
750,0.01,302.44288493242777,302.44288913409315,-4.2016653765131196e-06,2.5499149750210273,,
750,0.010999999999999999,302.54552594388662,302.54553391385502,-7.9699684079059807e-06,2.5496592177522244,,
750,0.012,302.66050080243485,302.66051274918999,-1.1946755137159926e-05,2.5487809282633949,,
750,0.013000000000000001,302.78844546659417,302.7884614898561,-1.6023261935060873e-05,2.5461053209284024,,
750,0.014,302.93002050835418,302.93004060320851,-2.0094854335184209e-05,2.5388716660479758,,
750,0.014999999999999999,303.08590830946849,303.08593241367345,-2.4104204953800945e-05,2.5214911527338808,,
750,0.016,303.2568165365476,303.25684462155078,-2.8085003179967316e-05,2.4842714601813163,,
750,0.017000000000000001,303.44348945118548,303.44352163180713,-3.2180621644783969e-05,2.4128993074796043,,
750,0.018000000000000002,303.64672624047716,303.64676285272463,-3.6612247470202419e-05,2.2894836066980191,,
750,0.019,303.86740234355347,303.86744393545621,-4.1591902743220999e-05,2.0950933614682588,,
750,0.02,304.10648708532653,304.10653432249495,-4.7237168416813802e-05,1.8118352020961024,,
760,0,302.01503095046525,302.01501724294695,1.3707518291994347e-05,2.5499999999986893,,
760,0.001,302.01941220787592,302.01939866879798,1.353907794054976e-05,2.5499999999954506,,
760,0.002,302.03258793275944,302.03257491988501,1.301287443311594e-05,2.5499999999632701,,
760,0.0030000000000000001,302.05465394587964,302.05464181623194,1.2129647700476198e-05,2.5499999996863094,,
760,0.0040000000000000001,302.085769670773,302.08575878837513,1.0882397873501759e-05,2.5499999974558687,,
760,0.0050000000000000001,302.12615761139,302.12614834851769,9.2628723109555722e-06,2.549999980998336,,
760,0.0060000000000000001,302.17610239399858,302.17609513000946,7.2639891186554451e-06,2.5499998710491991,,
760,0.0070000000000000001,302.23594917287244,302.23594428948508,4.8833873620424129e-06,2.5499992105360398,,
760,0.0080000000000000002,302.30610118362432,302.30609905543588,2.1281884414747765e-06,2.5499956580409133,,
760,0.0090000000000000011,302.38701627184838,302.38701725142153,-9.7957314437735477e-07,2.5499786026027231,,
760,0.01,302.47920235761933,302.47920675595361,-4.3983342834508221e-06,2.5499056610986153,,
760,0.010999999999999999,302.58321204510435,302.58322011096453,-8.0658601859795453e-06,2.5496281662137759,,
760,0.012,302.6996369512957,302.69964885618759,-1.1904891891845182e-05,2.5486898963770144,,
760,0.013000000000000001,302.82910275216045,302.82911859018361,-1.5838023159631121e-05,2.5458710885776101,,
760,0.014,302.97226629144899,302.97228610228797,-1.9810838978173706e-05,2.5383435022283991,,
760,0.014999999999999999,303.12981615839965,303.12983997491079,-2.3816511145469121e-05,2.5204486698591961,,
760,0.016,303.3024777006637,303.30250561123199,-2.7910568292099924e-05,2.4824715770528321,,
760,0.017000000000000001,303.49102240516123,303.49105461027227,-3.220511104018442e-05,2.4101826625761076,,
760,0.018000000000000002,303.69628011501896,303.69631695211905,-3.6837100083175756e-05,2.2859043586237622,,
760,0.019,303.91915110823862,303.91919302572336,-4.191748473658663e-05,2.0909950106927297,,
760,0.02,304.16061426896624,304.1606617638829,-4.7494916657342401e-05,1.8078042039369593,,
770,0,302.04484868549184,302.04483509794602,1.3587545822701941e-05,2.549999999998164,,
770,0.001,302.04930171923945,302.04928830458249,1.3414656962140725e-05,2.5499999999937741,,
770,0.002,302.06269256990123,302.06267969444588,1.2875455354333099e-05,2.5499999999511935,,
770,0.0030000000000000001,302.08511638774377,302.08510441608462,1.1971659148457547e-05,2.5499999995945655,,
770,0.0040000000000000001,302.1167312817505,302.11672058338456,1.069836594069784e-05,2.5499999967972915,,
770,0.0050000000000000001,302.15775752151228,302.15774847045361,9.0510586687742034e-06,2.5499999766698784,,
770,0.0060000000000000001,302.20847624236785,302.20846921387897,7.0284888806781964e-06,2.549999845369689,,
770,0.0070000000000000001,302.26922752250312,302.26922288624786,4.6362552552636771e-06,2.5499990741131491,,
770,0.0080000000000000002,302.34040772627293,302.34040583560511,1.8906678178609582e-06,2.5499950124367148,,
770,0.0090000000000000011,302.42246609353299,302.42246727165019,-1.1781172020164377e-06,2.5499758912677128,,
770,0.01,302.51590070878115,302.51590523403195,-4.5252508016346837e-06,2.5498955859263246,,
770,0.010999999999999999,302.62125420046829,302.62126229485165,-8.0943833609126159e-06,2.5495951212940366,,
770,0.012,302.73910976528043,302.73912159134181,-1.1826061381725594e-05,2.5485944377463494,,
770,0.013000000000000001,302.87008831376158,302.87010398467066,-1.5670909078835393e-05,2.5456286606635357,,
770,0.014,303.01484759246677,303.01486719715945,-1.9604692681696179e-05,2.537803060200257,,
770,0.014999999999999999,303.17408395262908,303.17410759263504,-2.36400059634434e-05,2.5193922412613379,,
770,0.016,303.34853695143909,303.34856478014757,-2.7828708482502407e-05,2.4806620621466249,,
770,0.017000000000000001,303.5389962338615,303.53902848479225,-3.2250930757982132e-05,2.4074683866862552,,
770,0.018000000000000002,303.74630931827085,303.74634630896901,-3.6990698163208435e-05,2.2823442259059856,,
770,0.019,303.97138826195493,303.97143036645099,-4.2104496060346719e-05,2.0869298044144067,,
770,0.02,304.21521298820647,304.21526059523973,-4.7607033252461406e-05,1.8038096608045613,,
780,0,302.07514954125452,302.07513611131617,1.3429938348963333e-05,2.5499999999974485,,
780,0.001,302.07967377375917,302.07966052073942,1.3253019744752237e-05,2.5499999999915426,,
780,0.002,302.09327790576594,302.09326520336128,1.2702404660558386e-05,2.5499999999355816,,
780,0.0030000000000000001,302.11605609532887,302.11604431374263,1.1781586238157615e-05,2.5499999994791764,,
780,0.0040000000000000001,302.14816464981504,302.14815416094899,1.0488866053037782e-05,2.5499999959902744,,
780,0.0050000000000000001,302.18982103885907,302.18981221439759,8.82446147443261e-06,2.5499999714951689,,
780,0.0060000000000000001,302.24130240512403,302.24129561190892,6.7932151068816893e-06,2.5499998153769492,,
780,0.0070000000000000001,302.30294351750831,302.30293911008232,4.4074259903936763e-06,2.5499989182276095,,
780,0.0080000000000000002,302.37513415816534,302.37513246897595,1.6891893892534426e-06,2.5499942896655936,,
780,0.0090000000000000011,302.458316026538,302.4583173552287,-1.3286907005749526e-06,2.5499729129284794,,
780,0.01,302.5529793737943,302.55298397803716,-4.6042428607506736e-06,2.5498847102981643,,
780,0.010999999999999999,302.65965972971378,302.65966782075395,-8.0910401720757363e-06,2.5495600149689097,,
780,0.012,302.77893521328713,302.77894695928342,-1.1745996289391769e-05,2.5484944707653829,,
780,0.013000000000000001,302.9114249755599,302.91144051450573,-1.5538945831394813e-05,2.5453780025896049,,
780,0.014,303.05778925384982,303.0578087152644,-1.9461414581201097e-05,2.5372504500394388,,
780,0.014999999999999999,303.21873128414086,303.21875481536847,-2.3531227611783834e-05,2.518322180999315,,
780,0.016,303.39500092896822,303.39502871896764,-2.778999942165683e-05,2.4788433439457163,,
780,0.017000000000000001,303.58739939525066,303.58743168749743,-3.2292246771703503e-05,2.4047567623038719,,
780,0.018000000000000002,303.79678395868643,303.79682104628455,-3.7087598116158915e-05,2.2788030754244111,,
780,0.019,304.0240713231758,304.02411352396189,-4.2200786083412822e-05,2.082897163495196,,
780,0.02,304.27023766513378,304.27028587910644,-4.8213972661415028e-05,1.7998508296066535,,
790,0,302.10592888583972,302.10591564805884,1.3237780876806937e-05,2.5499999999964813,,
790,0.001,302.11052352011046,302.1105104632494,1.3056861064342229e-05,2.5499999999885929,,
790,0.002,302.12433846412091,302.12432596582198,1.2498298929131124e-05,2.5499999999155274,,
790,0.0030000000000000001,302.14746666745953,302.14745510078268,1.1566676846541668e-05,2.5499999993348705,,
790,0.0040000000000000001,302.18006233974864,302.18005207597685,1.0263771798690868e-05,2.5499999950063752,,
790,0.0050000000000000001,302.22233987338711,302.22233127903797,8.594349139912083e-06,2.5499999653365295,,
790,0.0060000000000000001,302.27457229706624,302.274565728808,6.5682582430781622e-06,2.5499997804844097,,
790,0.0070000000000000001,302.3370892672998,302.33708506505963,4.20224017716464e-06,2.5499987407106763,,
790,0.0080000000000000002,302.41027465537064,302.41027313448598,1.520884666206257e-06,2.5499934828663728,,
790,0.0090000000000000011,302.49456386472662,302.49456530864592,-1.4439193023463304e-06,2.5499696493347601,,
790,0.01,302.59044110604685,302.59044576159653,-4.65554967377102e-06,2.5498729944669725,,
790,0.010999999999999999,302.69843694296179,302.69844502031305,-8.0773512536325143e-06,2.5495227797844251,,
790,0.012,302.81912647062506,302.81913814973393,-1.1679108865791932e-05,2.5483899168950002,,
790,0.013000000000000001,302.95312846250386,302.95314390727361,-1.5444769758232724e-05,2.5451190852125865,,
790,0.014,303.10110563634589,303.10112501707408,-1.9380728190299124e-05,2.5366857858009664,,
790,0.014999999999999999,303.26376552765061,303.26378904929641,-2.3521645800883562e-05,2.5172387992497716,,
790,0.016,303.44185919610561,303.44188711573827,-2.7919632657358306e-05,2.4770158370937541,,
790,0.017000000000000001,303.63616898083302,303.63620150243753,-3.2521604509838653e-05,2.4020480566023812,,
790,0.018000000000000002,303.84746681929352,303.84750359542369,-3.6776130173166166e-05,2.2752807718167016,,
790,0.019,304.07642225893125,304.07646162902881,-3.9370097567825724e-05,2.0788965237214474,,
790,0.02,304.32346694590825,304.3235058924019,-3.8946493646108138e-05,1.795927558029383,,
800,0,302.13718085864144,302.13716784311208,1.3015529361837253e-05,2.549999999995185,,
800,0.001,302.14184496130702,302.14183212818114,1.2833125879296858e-05,2.5499999999847205,,
800,0.002,302.1558678778058,302.15585560685122,1.2270954584892024e-05,2.549999999889923,,
800,0.0030000000000000001,302.17934124967479,302.1793299141018,1.1335572992265952e-05,2.5499999991553906,,
800,0.0040000000000000001,302.21241708358161,302.21240705176433,1.00318172826519e-05,2.5499999938126838,,
800,0.0050000000000000001,302.25530666892575,302.25529830085441,8.3680713487410685e-06,2.5499999580385864,,
800,0.0060000000000000001,302.3082790780287,302.3082727204071,6.3576216007277253e-06,2.5499997400455698,,
800,0.0070000000000000001,302.371659297988,302.37165527849203,4.0194959751715942e-06,2.5499985392252036,,
800,0.0080000000000000002,302.44582608678013,302.44582470843295,1.3783471786155133e-06,2.5499925848021427,,
800,0.0090000000000000011,302.53120970135438,302.53121123845926,-1.5371048789347697e-06,2.5499660816307679,,
800,0.01,302.62828969326506,302.62829439065797,-4.6973929102023249e-06,2.5498603981986037,,
800,0.010999999999999999,302.73759296945622,302.73760104691047,-8.0774542539074901e-06,2.5494833489389603,,
800,0.012,302.85969218726996,302.85970385078582,-1.1663515863347129e-05,2.5482807006769392,,
800,0.013000000000000001,302.99520412406338,302.99521958401652,-1.5459953147001215e-05,2.5448518846521186,,
800,0.014,303.1447866749246,303.14480616006341,-1.9485138807340263e-05,2.5361091851608002,,
800,0.014999999999999999,303.30913139756109,303.30915512774681,-2.3730185716885899e-05,2.5161424021452818,,
800,0.016,303.48894640710336,303.48897446598636,-2.8058883003723167e-05,2.4751799428183419,,
800,0.017000000000000001,303.68492349637648,303.68495558209992,-3.2085723432828672e-05,2.3993425222470721,,
800,0.018000000000000002,303.89768628038439,303.89772145093491,-3.5170550518159871e-05,2.2717771777424614,,
800,0.019,304.12772474820019,304.12776137394877,-3.6625748577989725e-05,2.0749273399996215,,
800,0.02,304.3753332532641,304.37536928289944,-3.6029635339218657e-05,1.7920391825166224,,
810,0,302.16889894890738,302.16888617552758,1.2773379808095342e-05,2.5499999999934584,,
810,0.001,302.17363153481682,302.17361894390621,1.2590910614562745e-05,2.5499999999796699,,
810,0.002,302.18785946341541,302.18784743416654,1.2029248864564579e-05,2.549999999857425,,
810,0.0030000000000000001,302.21167306796917,302.21166197148824,1.1096480932337727e-05,2.5499999989333397,,
810,0.0040000000000000001,302.24522219782142,302.24521239814374,9.7996776844411215e-06,2.5499999923712955,,
810,0.0050000000000000001,302.28871519014137,302.28870704057124,8.1495701351741445e-06,2.5499999494266521,,
810,0.0060000000000000001,302.3424174790934,302.34241131796375,6.1611296473529364e-06,2.5499996933501659,,
810,0.0070000000000000001,302.40664990942958,302.40664605595128,3.8534782902388542e-06,2.5499983112593902,,
810,0.0080000000000000002,302.481786844564,302.48178559581879,1.2487452067944105e-06,2.5499915878567898,,
810,0.0090000000000000011,302.56825416494655,302.56825579546143,-1.6305148733408714e-06,2.5499621903705969,,
810,0.01,302.6665272006872,302.66653196605262,-4.7653654178247962e-06,2.5498468808258377,,
810,0.010999999999999999,302.77712846966494,302.77713661436621,-8.1447012689750409e-06,2.5494416563607318,,
810,0.012,302.90062471893805,302.90063648448722,-1.1765549174924672e-05,2.548166749740302,,
810,0.013000000000000001,303.03762214116881,303.03763776306442,-1.5621895613548986e-05,2.544576382101396,,
810,0.014,303.18875783211411,303.18877750645572,-1.9674341615427693e-05,2.5355207690771038,,
810,0.014999999999999999,303.35468489329526,303.35470869579115,-2.3802495888958219e-05,2.5150332916349871,,
810,0.016,303.5360486868762,303.53607644630426,-2.7759428064655367e-05,2.4733360493444239,,
810,0.017000000000000001,303.73345332043306,303.73348448499843,-3.1164565371000208e-05,2.3966403981565794,,
810,0.018000000000000002,303.9474207444091,303.94745431427719,-3.3569868094218691e-05,2.2682921541676828,,
810,0.019,304.17834913257036,304.17838372105848,-3.4588488119879912e-05,2.0709890931771144,,
810,0.02,304.42648053862132,304.4265145825492,-3.4043927882976277e-05,1.7881847972422982,,
820,0,302.20107652216399,302.20106400179446,1.252036952337221e-05,2.5499999999911735,,
820,0.001,302.20587662238177,302.20586428339504,1.2338986721260881e-05,2.549999999973124,,
820,0.002,302.22030667581282,302.22029489473181,1.178108101385078e-05,2.5499999998164102,,
820,0.0030000000000000001,302.24445577486495,302.24444491921685,1.0855648099550308e-05,2.5499999986600215,,
820,0.0040000000000000001,302.27847174957213,302.27846217864709,9.5709250444997451e-06,2.5499999906387245,,
820,0.0050000000000000001,302.3225602186514,302.32255228021683,7.9384345781363663e-06,2.5499999393050308,,
820,0.0060000000000000001,302.3769833130678,302.3769773403024,5.9727653933805414e-06,2.5499996396202951,,
820,0.0070000000000000001,302.44205811923473,302.44205442865433,3.6905803995068709e-06,2.5499980541207767,,
820,0.0080000000000000002,302.51815486996787,302.51815376119328,1.1087745974691643e-06,2.5499904840324672,,
820,0.0090000000000000011,302.60569484677507,302.6056966046022,-1.757827135406842e-06,2.5499579555349867,,
820,0.01,302.70514781302165,302.70515271088732,-4.897865665043355e-06,2.5498324013019875,,
820,0.010999999999999999,302.81702854685119,302.81703684813095,-8.3012797631454305e-06,2.5493976367803297,,
820,0.012,302.94189168932007,302.94190363947979,-1.1950159716889175e-05,2.5480479948001133,,
820,0.013000000000000001,303.08032373905752,303.08033953942078,-1.5800363257767458e-05,2.5442925636378497,,
820,0.014,303.2329307797325,303.23295053580267,-1.9756070173571061e-05,2.5349206614690818,,
820,0.014999999999999999,303.40032067702782,303.40034432328667,-2.3646258853204927e-05,2.5139117653671148,,
820,0.016,303.58307928164157,303.58310649885772,-2.721721614307171e-05,2.4714845323017758,,
820,0.017000000000000001,303.78174170808131,303.78177186353554,-3.0155454226132861e-05,2.3939419102205015,,
820,0.018000000000000002,303.99676177473413,303.9967939205012,-3.2145767079327925e-05,2.2648255608183496,,
820,0.019,304.22848454839681,304.2285174991361,-3.2950739296211395e-05,2.0670812814866948,,
820,0.02,304.47712777813746,304.47716027315977,-3.2495022310286004e-05,1.7843636771088316,,
830,0,302.23370720186733,302.23369493808957,1.2263777762200334e-05,2.549999999988172,,
830,0.001,302.23857390546942,302.23856182129589,1.208417353382174e-05,2.5499999999646907,,
830,0.002,302.25320338113306,302.25319184929617,1.1531836889844271e-05,2.5499999997649287,,
830,0.0030000000000000001,302.27768357142133,302.2776729555128,1.0615908536237839e-05,2.5499999983252528,,
830,0.0040000000000000001,302.31216043521641,302.31215109070331,9.3445131028602191e-06,2.5499999885652866,,
830,0.0050000000000000001,302.35683705462083,302.35682932638156,7.7282392680899648e-06,2.5499999274552576,,
830,0.0060000000000000001,302.4119724031749,302.41196662377911,5.7793957921603578e-06,2.5499995780065121,,
830,0.0070000000000000001,302.47787976804295,302.47787625719212,3.5108508313896891e-06,2.549997764930493,,
830,0.0080000000000000002,302.55492476119548,302.55492382627284,9.3492263886219007e-07,2.5499892649478859,,
830,0.0090000000000000011,302.64352275065113,302.64352468737388,-1.9367227537259168e-06,2.549953356549163,,
830,0.01,302.74413538311779,302.74414047378804,-5.0906702426800621e-06,2.5498169182539221,,
830,0.010999999999999999,302.85726566597532,302.85727417121387,-8.5052385543349374e-06,2.5493512257985405,,
830,0.012,302.98345087562399,302.98346301465784,-1.2139033856328751e-05,2.5479243696493099,,
830,0.013000000000000001,303.12325244880464,303.12326836463899,-1.5915834353563696e-05,2.5440004200357351,,
830,0.014,303.27724211348175,303.27726182358617,-1.9710104425030295e-05,2.5343089889136503,,
830,0.014999999999999999,303.44598394069726,303.4460072807459,-2.3340048642239708e-05,2.5127781165904888,,
830,0.016,303.63001279455631,303.63003937011393,-2.6575557626529189e-05,2.4696257551225287,,
830,0.017000000000000001,303.82981073657953,303.82983990209539,-2.9165515854856494e-05,2.3912472719751454,,
830,0.018000000000000002,304.04578405303948,304.04581493522284,-3.0882183352787251e-05,2.2613772567285499,,
830,0.019,304.27824434765807,304.27827592022305,-3.1572564978432638e-05,2.0632034126379506,,
830,0.02,304.52739720822927,304.52742841874039,-3.1210511110657535e-05,1.7805751518951536,,
840,0,302.26678504340282,302.26677303605516,1.2007347663711698e-05,2.549999999984252,,
840,0.001,302.27171750271759,302.27170567313323,1.1829584366296331e-05,2.5499999999538887,,
840,0.002,302.28654387961058,302.28653259688053,1.1282730042694311e-05,2.5499999997006517,,
840,0.0030000000000000001,302.31135102366073,302.31134064833918,1.0375321551236993e-05,2.549999997917165,,
840,0.0040000000000000001,302.34628308238047,302.34627396807883,9.1143016334171989e-06,2.5499999860944325,,
840,0.0050000000000000001,302.39154059775433,302.39153308944941,7.5083049182467221e-06,2.5499999136342617,,
840,0.0060000000000000001,302.44737920449046,302.4473736374652,5.5670252550044097e-06,2.549999507583907,,
840,0.0070000000000000001,302.51410786128963,302.51410456054833,3.3007412980623485e-06,2.5499974406177794,,
840,0.0080000000000000002,302.59208647300483,302.59208575232861,7.2067621204041643e-07,2.5499879218374644,,
840,0.0090000000000000011,302.68172265953558,302.68172481849001,-2.1589544303424191e-06,2.5499483723017278,,
840,0.01,302.78346730494212,302.78347262131308,-5.3163709594628017e-06,2.5498003900343544,,
840,0.010999999999999999,302.89780840535252,302.89781712012319,-8.7147706722134899e-06,2.5493023599494227,,
840,0.012,303.02526267462912,303.02527496730187,-1.2292672749936173e-05,2.547795811144403,,
840,0.013000000000000001,303.16636442481445,303.16638037906819,-1.5954253740346758e-05,2.5436999465807189,,
840,0.014,303.32165147406943,303.32167103737987,-1.9563310445391835e-05,2.533685880359041,,
840,0.014999999999999999,303.49164827870328,303.49167122378151,-2.2945078228531202e-05,2.511632634073794,,
840,0.016,303.6768471093103,303.67687300853083,-2.5899220531755418e-05,2.4677600694293762,,
840,0.017000000000000001,303.87768878811301,303.87771701271396,-2.8224600953308254e-05,2.3885566852475755,,
840,0.018000000000000002,304.09454510026649,304.09457485268445,-2.9752417958661681e-05,2.2579471005913185,,
840,0.019,304.32770528425374,304.32773566360015,-3.0379346412701125e-05,2.0593550026185206,,
840,0.02,304.57736918508044,304.57739892997722,-2.9744896778538532e-05,1.7768185850993035,,
850,0,302.30030443456434,302.3002926850271,1.1749537236482865e-05,2.5499999999791663,,
850,0.001,302.30530182810929,302.30529025482008,1.157328921408407e-05,2.5499999999401313,,
850,0.002,302.32032263890346,302.32031160883872,1.1030064740680245e-05,2.5499999996208085,,
850,0.0030000000000000001,302.34545260003483,302.3454424723472,1.0127687630756554e-05,2.549999997421982,,
850,0.0040000000000000001,302.38083395782286,302.38082508617299,8.8716498680696532e-06,2.549999983162039,,
850,0.0050000000000000001,302.42666448005127,302.42665721120136,7.2688499130890705e-06,2.5499998975724663,,
850,0.0060000000000000001,302.48319597760036,302.4831906500753,5.3275250593287637e-06,2.5499994273481654,,
850,0.0070000000000000001,302.55073222574475,302.55072916801237,3.0577323855141003e-06,2.5499970779147794,,
850,0.0080000000000000002,302.62962610255579,302.62962562959746,4.7295833383032004e-07,2.5499864455512689,,
850,0.0090000000000000011,302.72027568479007,302.72027809144163,-2.4066515607046313e-06,2.5499429811644232,,
850,0.01,302.82311897099743,302.82312452022586,-5.5492284332103736e-06,2.549782774773298,,
850,0.010999999999999999,302.93862686459801,302.93863576922683,-8.9046288280769659e-06,2.5492509767589477,,
850,0.012,303.06729408163864,303.06730647913258,-1.2397493946991744e-05,2.5476622591857865,,
850,0.013000000000000001,303.20962778536131,303.20964370698556,-1.5921624253678601e-05,2.5433911428873381,,
850,0.014,303.36613402660538,303.36615336462029,-1.9338014908498735e-05,2.5330514668547019,,
850,0.014999999999999999,303.5373025484916,303.53732503012475,-2.2481633152438008e-05,2.5104756020402794,,
850,0.016,303.72359141364171,303.72361659855989,-2.5184918172271864e-05,2.4658878154129109,,
850,0.017000000000000001,303.9254146740044,303.92544198998655,-2.7315982151776552e-05,2.3858703407719721,,
850,0.018000000000000002,304.1431387626638,304.14316760631181,-2.8843648010479228e-05,2.2545349508572707,,
850,0.019,304.37709373127609,304.3771236877156,-2.995643950498561e-05,2.0555355763394467,,
850,0.02,304.62759906387328,304.62763010926989,-3.1045396610807074e-05,1.7730928820308445,,
860,0,302.33425974599163,302.33424826070996,1.1485281675049919e-05,2.5499999999726053,,
860,0.001,302.33932121430684,302.33930990484561,1.1309461228847795e-05,2.5499999999227061,,
860,0.002,302.35453384728288,302.35452307990613,1.0767376750209223e-05,2.5499999995221185,,
860,0.0030000000000000001,302.37998214725667,302.37997228119161,9.8660650564852403e-06,2.5499999968237796,,
860,0.0040000000000000001,302.41580622339137,302.41579761335612,8.6100352518769796e-06,2.5499999796956567,,
860,0.0050000000000000001,302.46220065072123,302.46219364529588,7.0054253455964499e-06,2.5499998789718368,,
860,0.0060000000000000001,302.51941274813447,302.51940768753644,5.0605980277396156e-06,2.5499993362116884,,
860,0.0070000000000000001,302.58774014058753,302.58773735315634,2.7874311854247935e-06,2.5499966733517541,,
860,0.0080000000000000002,302.66752741709189,302.66752721339702,2.0369486719573615e-07,2.5499848265559781,,
860,0.0090000000000000011,302.75916164978008,302.75916431307735,-2.6632972662810062e-06,2.5499371610129966,,
860,0.01,302.86306651587063,302.86307228779111,-5.7719204846762295e-06,2.5497640304285851,,
860,0.010999999999999999,302.97969478912262,302.97970385021961,-9.0610969891713466e-06,2.5491970147984939,,
860,0.012,303.10951907681908,303.10953152290728,-1.2446088192064053e-05,2.5475236566911321,,
860,0.013000000000000001,303.25302092337523,303.25303673985889,-1.5816483653452451e-05,2.5430740127171472,,
860,0.014,303.41067884038586,303.41069787870236,-1.9038316509067954e-05,2.532405881295936,,
860,0.014999999999999999,303.58295647471812,303.58297844317406,-2.1968455939713749e-05,2.5093073001196959,,
860,0.016,303.7702928726759,303.77031736507485,-2.4492398949860217e-05,2.4640093222052015,,
860,0.017000000000000001,303.97309724521972,303.97312381578701,-2.657056728594398e-05,2.3831884187815269,,
860,0.018000000000000002,304.19175009424936,304.19177834670046,-2.8252451102162013e-05,2.2511406657122173,,
860,0.019,304.42661054884434,304.42664019565422,-2.964680987815882e-05,2.0517446647265869,,
860,0.02,304.67802691405808,304.67805778548933,-3.0871431249579473e-05,1.7693974297052006,,
870,0,302.36864488314916,302.36863367569106,1.1207458101125667e-05,2.5499999999641902,,
870,0.001,302.37376946445119,302.37375843314118,1.1031310009457229e-05,2.5499999999007517,,
870,0.002,302.38917097618571,302.38916048792566,1.0488260045349307e-05,2.5499999994007152,,
870,0.0030000000000000001,302.4149325063031,302.41492292129863,9.5850044772305409e-06,2.5499999961042246,,
870,0.0040000000000000001,302.4511916926063,302.45118336673124,8.3258750578352192e-06,2.5499999756137108,,
870,0.0050000000000000001,302.4981394012558,302.49813268383076,6.7174250375501288e-06,2.5499998575038552,,
870,0.0060000000000000001,302.55601773942914,302.55601296983446,4.769594681874878e-06,2.5499992329996779,,
870,0.0070000000000000001,302.62511726875096,302.62511477119546,2.4975554993034166e-06,2.5499962232524855,,
870,0.0080000000000000002,302.70577325222422,302.70577332779573,-7.557150638604071e-08,2.549983054936376,,
870,0.0090000000000000011,302.7983607545911,302.798363669747,-2.9151559033380181e-06,2.5499308892484156,,
870,0.01,302.90328844149582,302.90329441249634,-5.971000518911751e-06,2.5497441148351379,,
870,0.010999999999999999,303.0209910116651,303.02100018536225,-9.1736971512546006e-06,2.5491404137347029,,
870,0.012,303.15192037502612,303.15193280827253,-1.2433246411092114e-05,2.547379949566301,,
870,0.013000000000000001,303.29653597245493,303.29655161497487,-1.5642519940683997e-05,2.5427485638032099,,
870,0.014,303.45529499506341,303.45531368287175,-1.8687808335471345e-05,2.5317492581849241,,
870,0.014999999999999999,303.62864360781634,303.62866507492959,-2.1467113242579217e-05,2.5081280033101083,,
870,0.016,303.81701044357629,303.81703435570461,-2.3912128312986169e-05,2.4621249082355585,,
870,0.017000000000000001,304.02080341246983,304.02082941507223,-2.6002602396602015e-05,2.3805110895563946,,
870,0.018000000000000002,304.24041016194678,304.2404379256821,-2.7763735317876126e-05,2.2477641030103963,,
870,0.019,304.47620147561605,304.47623072315065,-2.9247534598653147e-05,2.0479817991024687,,
870,0.02,304.72853594821459,304.7285664650426,-3.0516828019244713e-05,1.7657318637164161,,
880,0,302.40345290595513,302.40344199635103,1.0909604100106662e-05,2.5499999999534557,,
880,0.001,302.40863949158364,302.40862875890889,1.0732674752489402e-05,2.5499999998732306,,
880,0.002,302.42422648459632,302.42421629709031,1.0187506006786862e-05,2.549999999252059,,
880,0.0030000000000000001,302.45029534064383,302.4502860596545,9.2809893317280512e-06,2.549999995242286,,
880,0.0040000000000000001,302.48698085497045,302.48697283682912,8.0181413295576931e-06,2.5499999708246537,,
880,0.0050000000000000001,302.53446965909546,302.53446325207392,6.4070215444189671e-06,2.5499998328074436,,
880,0.0060000000000000001,302.59299798745667,302.59299352716027,4.460296395336627e-06,2.5499991164462541,,
880,0.0070000000000000001,302.66284860189131,302.66284640450669,2.1973846173750644e-06,2.5499957237300301,,
880,0.0080000000000000002,302.74434675106016,302.74434710386851,-3.5280834254081128e-07,2.5499811203976743,,
880,0.0090000000000000011,302.83785506151077,302.83785821037378,-3.1488630156673025e-06,2.5499241428188455,,
880,0.01,302.94376731949166,302.94377345372561,-6.1342339563452697e-06,2.5497229857531765,,
880,0.010999999999999999,303.06250121999858,303.06251045622497,-9.2362263899303798e-06,2.5490811143750083,,
880,0.012,303.19449033363418,303.19450270168568,-1.2368051500288857e-05,2.5472310866714158,,
880,0.013000000000000001,303.34017575354835,303.34019118863677,-1.5435088414506026e-05,2.5424148076770403,,
880,0.014,303.49999808492367,303.50001643017214,-1.8345248463447206e-05,2.5310817334052014,,
880,0.014999999999999999,303.67439055167506,303.67441157330245,-2.1021627389927744e-05,2.5069379819523916,,
880,0.016,303.86377393803798,303.86379735171437,-2.3413676387917803e-05,2.4602348815793729,,
880,0.017000000000000001,304.06855381030391,304.06857931256582,-2.5502261905785417e-05,2.3778385139348979,,
880,0.018000000000000002,304.28912000878887,304.28914730504783,-2.7296258963360742e-05,2.2444051200981487,,
880,0.019,304.52584789468779,304.52587671675764,-2.8822069850775733e-05,2.0442465182755822,,
880,0.02,304.77910047363832,304.77913059411173,-3.0120473411443527e-05,1.7620957014104821,,
890,0,302.43867581145668,302.43866522397656,1.058748011928401e-05,2.5499999999398382,,
890,0.001,302.44392312815194,302.44391271843432,1.0409717617676506e-05,2.5499999998389025,,
890,0.002,302.45969170980703,302.45968184733493,9.8624720976658864e-06,2.5499999990708457,,
890,0.0030000000000000001,302.48606116355188,302.48605221023217,8.9533197069613379e-06,2.5499999942139326,,
890,0.0040000000000000001,302.52316309259305,302.52315540388639,7.6887066597919329e-06,2.5499999652260819,,
890,0.0050000000000000001,302.5711794368338,302.57117335778116,6.0790526390519517e-06,2.5499998044868519,,
890,0.0060000000000000001,302.63034004718287,302.6303359066913,4.1404915691600763e-06,2.5499989851906832,,
890,0.0070000000000000001,302.70091941645336,302.70091751948053,1.8969728330375801e-06,2.5499951706829496,,
890,0.0080000000000000002,302.78323249851439,302.78323311597546,-6.1746106894133845e-07,2.549979012268786,,
890,0.0090000000000000011,302.87762958673727,302.87763294343472,-3.3566974479981582e-06,2.5499168982423961,,
890,0.01,302.98449029704898,302.98449655865056,-6.2616015839012107e-06,2.5497006009151364,,
890,0.010999999999999999,303.10421680982927,303.10422607077447,-9.2609452053693531e-06,2.5490190587083941,,
890,0.012,303.23722665734556,303.23723893225014,-1.2274904577225243e-05,2.5470770197815558,,
890,0.013000000000000001,303.38394547421342,303.38396069545007,-1.5221236651541403e-05,2.5420727594974459,,
890,0.014,303.54480021983369,303.54481824317321,-1.8023339521278103e-05,2.5304034440092655,,
890,0.014999999999999999,303.72021339273533,303.72023401124153,-2.0618506198388786e-05,2.505737501718118,,
890,0.016,303.91059865865299,303.91062162276967,-2.2964116681123414e-05,2.4583395403023984,,
890,0.017000000000000001,304.11635810832956,304.11638314814593,-2.5039816364369472e-05,2.3751708437882399,,
890,0.018000000000000002,304.33788108950478,304.33790793456177,-2.6845056993352046e-05,2.2410635735944822,,
890,0.019,304.57554429731795,304.57557269044662,-2.8393128673087631e-05,2.0405383749599553,,
890,0.02,304.829712644582,304.82974235867096,-2.9714088952914608e-05,1.7584884475898963,,
900,0,302.47430449787817,302.47429425817603,1.0239702135095285e-05,2.5499999999226528,,
900,0.001,302.47961111629837,302.47960105484452,1.0061453849630198e-05,2.549999999796289,,
900,0.002,302.49555693524462,302.49554742191452,9.5133300987981784e-06,2.5499999988508995,,
900,0.0030000000000000001,302.52221953041101,302.52221092645595,8.6039550524219521e-06,2.5499999929917956,,
900,0.0040000000000000001,302.55972703378831,302.55971969209241,7.3416958912275732e-06,2.5499999587038018,,
900,0.0050000000000000001,302.60825636269306,302.60825062293537,5.7397576824769203e-06,2.549999772109496,,
900,0.0060000000000000001,302.66803067344324,302.66802685561902,3.817824222096533e-06,2.549998837773614,,
900,0.0070000000000000001,302.73931600095182,302.73931439714829,1.6038035255405703e-06,2.5499945597917981,,
900,0.0080000000000000002,302.8224170657723,302.82241793037002,-8.6459772319358308e-07,2.5499767195061631,,
900,0.0090000000000000011,302.91767227551327,302.91767581444628,-3.5389330150792375e-06,2.5499091316301103,,
900,0.01,303.0254480163411,303.02545437658625,-6.360245151881827e-06,2.5496769180711807,,
900,0.010999999999999999,303.14613241654382,303.14614167747476,-9.260930937671219e-06,2.5489541899426471,,
900,0.012,303.28012885451972,303.28014102295634,-1.2168436626325274e-05,2.5469177035453008,,
900,0.013000000000000001,303.42784955800863,303.42786456851775,-1.5010509116564208e-05,2.5417224378849839,,
900,0.014,303.5897096767975,303.58972739800561,-1.7721208109833242e-05,2.529714528019821,,
900,0.014999999999999999,303.76612218831843,303.76614243479025,-2.0246471819973522e-05,2.5045268236052931,,
900,0.016,303.95749390738348,303.95751645535,-2.2547966523234209e-05,2.45643917279039,,
900,0.017000000000000001,304.164222729127,304.16424733345144,-2.4604324437405012e-05,2.3725082224493481,,
900,0.018000000000000002,304.38669606852721,304.38672247817595,-2.6409648739900149e-05,2.2377393193618063,,
900,0.019,304.62529031333406,304.6253182832354,-2.7969901339019998e-05,2.0368569363753188,,
900,0.02,304.88037133293312,304.88040032848448,-2.8995551360821992e-05,1.7549096107994688,,
910,0,302.51032889405042,302.51031902735286,9.8666975532069046e-06,2.5499999999010736,,
910,0.001,302.51569325893297,302.51568356931375,9.6896192189888097e-06,2.5499999997436356,,
910,0.002,302.53181160324499,302.53180246051301,9.1427319830472698e-06,2.5499999985850588,,
910,0.0030000000000000001,302.55875934242243,302.55875110561851,8.2368039215907629e-06,2.5499999915448197,,
910,0.0040000000000000001,302.5966609552641,302.59665397299796,6.9822661430407607e-06,2.5499999511308551,,
910,0.0050000000000000001,302.64568815178671,302.64568275674708,5.3950396363688924e-06,2.5499997352037518,,
910,0.0060000000000000001,302.70605727720988,302.70605377931668,3.4978932035301114e-06,2.549998672633405,,
910,0.0070000000000000001,302.7780259470689,302.77802462536863,1.3217002674537071e-06,2.5499938865160106,,
910,0.0080000000000000002,302.86188893320713,302.8618900268732,-1.0936660714833124e-06,2.5499742306983619,,
910,0.0090000000000000011,302.95797336340394,302.95797706256803,-3.6991640968153661e-06,2.5499008187093821,,
910,0.01,303.06663335421609,303.06663979169116,-6.4374750650131318e-06,2.549651895033306,,
910,0.010999999999999999,303.18824426018074,303.18825350531711,-9.245136368463136e-06,2.548886452537662,,
910,0.012,303.32319678236081,303.32320883805011,-1.205568929663059e-05,2.5467530954398838,,
910,0.013000000000000001,303.4718912283866,303.4719060311777,-1.4802791099555179e-05,2.5413638647600463,,
910,0.014,303.63473229363939,303.63474971503319,-1.7421393806671404e-05,2.5290151242432066,,
910,0.014999999999999999,303.81212511946188,303.81214496550081,-1.9846038924242748e-05,2.5033062039435054,,
910,0.016,304.00447512418754,304.00449714223686,-2.2018049321559374e-05,2.4545340580693216,,
910,0.017000000000000001,304.21219921674992,304.21222321599714,-2.399924721885327e-05,2.3698507851045054,,
910,0.018000000000000002,304.43576457631423,304.43579089805206,-2.6321737834678061e-05,2.2344322127014267,,
910,0.019,304.67577318096448,304.67580335756821,-3.0176603729614726e-05,2.033201782879674,,
910,0.02,304.93308479105571,304.93312160341981,-3.6812364101024286e-05,1.751357858128896,,
920,0,302.54673820820079,302.54672873359806,9.4746027343717287e-06,2.5499999998741099,,
920,0.001,302.55215868085907,302.55214938232075,9.2985383162158541e-06,2.5499999996788678,,
920,0.002,302.56844460831633,302.56843585296144,8.7553548837604467e-06,2.5499999982650507,,
920,0.0030000000000000001,302.59566917698606,302.59566132002305,7.856963009089668e-06,2.5499999898378731,,
920,0.0040000000000000001,302.63395312988058,302.63394651421879,6.6156617890555935e-06,2.5499999423665023,,
920,0.0050000000000000001,302.68346291920648,302.68345786953171,5.0496747689976473e-06,2.5499996932567321,,
920,0.0060000000000000001,302.74440811945647,302.74440493530716,3.1841493068895943e-06,2.5499984881025335,,
920,0.0070000000000000001,302.81703812187726,302.81703706992283,1.0519544275666703e-06,2.54999314609117,,
920,0.0080000000000000002,302.90163815654068,302.90163946243752,-1.3058968306722818e-06,2.5499715340713105,,
920,0.0090000000000000011,302.99852472732232,302.99852856768922,-3.840366900931258e-06,2.5498919348476976,,
920,0.01,303.10804059801848,303.10804709311304,-6.4950945670716465e-06,2.549625489717986,,
920,0.010999999999999999,303.23054954808077,303.23055875552132,-9.2074405415587535e-06,2.5488157922349637,,
920,0.012,303.36643127554868,303.36644318472236,-1.1909173679214291e-05,2.5465831557233942,,
920,0.013000000000000001,303.51607719320214,303.51609172037752,-1.45271753808629e-05,2.5409970651848659,,
920,0.014,303.6798886630155,303.67990565588826,-1.6992872758692101e-05,2.5283053720945001,,
920,0.014999999999999999,303.85828061964747,303.85829990248538,-1.9282837911305251e-05,2.5020758944074779,,
920,0.016,304.05169523443948,304.05171674397138,-2.1509531904939649e-05,2.4526244661152452,,
920,0.017000000000000001,304.26063087758013,304.26065490152882,-2.4023948697049491e-05,2.3671986591569465,,
920,0.018000000000000002,304.48568875408949,304.48571615788154,-2.7403792046243325e-05,2.2311421086490517,,
920,0.019,304.7276315975443,304.72766386773492,-3.2270190615690808e-05,2.0295725003922995,,
920,0.02,304.9874382384175,304.98747725776894,-3.9019351447677764e-05,1.7478326717309876,,
930,0,302.58352122534382,302.58351215787275,9.0674710691018845e-06,2.5499999998405762,,
930,0.001,302.58899612781551,302.58898723455178,8.8932637254401925e-06,2.5499999995995468,,
930,0.002,302.60544459694194,302.60543624068373,8.3562582062768342e-06,2.5499999978813488,,
930,0.0030000000000000001,302.63293757563565,302.63293010631355,7.469322099495912e-06,2.5499999878313497,,
930,0.0040000000000000001,302.67159207370929,302.67158582741814,6.2462911500915652e-06,2.549999932255163,,
930,0.0050000000000000001,302.72156934197955,302.72156463475648,4.7072230699995998e-06,2.5499996457120186,,
930,0.0060000000000000001,302.78307233968843,302.78306946055852,2.8791299087060906e-06,2.5499982824040961,,
930,0.0070000000000000001,302.85634253821667,302.85634174165949,7.9655717399873538e-07,2.5499923335266357,,
930,0.0080000000000000002,302.94165613762078,302.94165763563501,-1.4980142282183806e-06,2.5499686174941538,,
930,0.0090000000000000011,303.03931983313333,303.03932378705019,-3.9539168597002572e-06,2.5498824550765171,,
930,0.01,303.14966637811864,303.14967289035934,-6.5122407022499829e-06,2.5495976601872652,,
930,0.010999999999999999,303.27305039023508,303.27305949707988,-9.1068448000442004e-06,2.5487421560838177,,
930,0.012,303.4098451952903,303.40985686476029,-1.1669469984099123e-05,2.5464078473849687,,
930,0.013000000000000001,303.56044203315554,303.56045617804347,-1.4144887927614036e-05,2.5406220672102831,,
930,0.014,303.72525359063991,303.72527011267124,-1.6522031330623577e-05,2.5275854114340404,,
930,0.014999999999999999,303.90472428866786,303.90474316723947,-1.8878571609093342e-05,2.5008361420372331,,
930,0.016,304.09934948768523,304.09937090855033,-2.142086509593355e-05,2.4507106581513245,,
930,0.017000000000000001,304.30970417501766,304.30972865952714,-2.4484509481226269e-05,2.3645519645714148,,
930,0.018000000000000002,304.53647854523331,304.53650701178213,-2.8466548826600047e-05,2.227868862205475,,
930,0.019,304.78051390649961,304.78054761097883,-3.3704479221796646e-05,2.0259686688646235,,
930,0.02,305.04282935594898,305.04286971157927,-4.0355630289923283e-05,1.7443339475297981,,
940,0,302.62066659030876,302.62065793955679,8.6507519654333009e-06,2.5499999997990646,,
940,0.001,302.62619424383246,302.62618576465661,8.4791758467872569e-06,2.5499999995028118,,
940,0.002,302.64280022601702,302.64279227540902,7.9506079941893404e-06,2.5499999974230292,,
940,0.0030000000000000001,302.67055326614184,302.67054618743737,7.078704470586672e-06,2.5499999854807327,,
940,0.0040000000000000001,302.70956671321312,302.70956083459674,5.8786163776858302e-06,2.5499999206253183,,
940,0.0050000000000000001,302.75999676575753,302.75999239367707,4.3720804683289316e-06,2.5499995919673912,,
940,0.0060000000000000001,302.82204004583031,302.82203745773052,2.5880997895910696e-06,2.5499980536484235,,
940,0.0070000000000000001,302.89593059690617,302.8959300333251,5.6358106803600094e-07,2.5499914436035778,,
940,0.0080000000000000002,302.9819364464235,302.98193810261779,-1.6561942857151735e-06,2.549965468485758,,
940,0.0090000000000000011,303.08035597949373,303.08035999725718,-4.0177634446081356e-06,2.5498723541153638,,
940,0.01,303.19151453946239,303.19152100098506,-6.4615226733621967e-06,2.5495683646883189,,
940,0.010999999999999999,303.31576191784558,303.31577084555363,-8.927708051942318e-06,2.5486654924637984,,
940,0.012,303.45347170733413,303.4534830761981,-1.1368863965799392e-05,2.5462271360925244,,
940,0.013000000000000001,303.60504379509928,303.60505756521013,-1.3770110854238737e-05,2.5402389017263922,,
940,0.014,303.77091141436557,303.7709275888397,-1.6174474126273708e-05,2.5268553824144129,,
940,0.014999999999999999,303.9515539237961,303.95157262841821,-1.8704622107179603e-05,2.4995871892652546,,
940,0.016,304.14751563086378,304.14753719870083,-2.1567837052316463e-05,2.448792886934736,,
940,0.017000000000000001,304.35942946162936,304.35945449261516,-2.5030985796092864e-05,2.3619108142087151,,
940,0.018000000000000002,304.58804235599331,304.58807171886673,-2.9362873419813695e-05,2.2246123282696924,,
940,0.019,304.83423754355204,304.83427230079343,-3.4757241394345328e-05,2.0223898733425525,,
940,0.02,305.09904812141104,305.09908939619822,-4.1274787179190753e-05,1.7408613523085499,,
950,0,302.65816304616328,302.6581548161455,8.2300177837169031e-06,2.5499999997479055,,
950,0.001,302.66374180369741,302.66373374187373,8.0618236779628205e-06,2.5499999993853217,,
950,0.002,302.68050037995999,302.68049283603034,7.5439296551849111e-06,2.5499999968775993,,
950,0.0030000000000000001,302.70850536528877,302.70849867450511,6.6907836639984453e-06,2.5499999827361339,,
950,0.0040000000000000001,302.74786660162658,302.74786108268216,5.5189444196912518e-06,2.5499999072883717,,
950,0.0050000000000000001,302.79873551902415,302.79873146692626,4.0520978927816032e-06,2.5499995313725283,,
950,0.0060000000000000001,302.8613029039758,302.86130058232845,2.3216473437059904e-06,2.5499977998297974,,
950,0.0070000000000000001,302.93579623390207,302.93579586690197,3.6700009786727605e-07,2.549990470873376,,
950,0.0080000000000000002,303.02247679899591,303.0224785639283,-1.7649323922341864e-06,2.5499620742217597,,
950,0.0090000000000000011,303.1216369602547,303.12164098218085,-4.0219261450147314e-06,2.5498616063959467,,
950,0.01,303.23359805983949,303.23360441140301,-6.3515635133626347e-06,2.5495375616914377,,
950,0.010999999999999999,303.35870968907335,303.35871839951687,-8.7104435237961297e-06,2.5485857511041936,,
950,0.012,303.49735118280933,303.49736226057524,-1.1077765918798832e-05,2.5460409901388381,,
950,0.013000000000000001,303.64993626380476,303.64994973540007,-1.3471595309511031e-05,2.5398476023177241,,
950,0.014,303.81692159983692,303.81693756322954,-1.5963392627327266e-05,2.5261154253375695,,
950,0.014999999999999999,303.99881956260435,303.99883824682399,-1.8684219639908406e-05,2.4983292739490026,,
950,0.016,304.19621466131952,304.19623647711933,-2.1815799811975012e-05,2.4468713970320843,,
950,0.017000000000000001,304.40978206031048,304.40980762294686,-2.556263638098244e-05,2.3592753141471716,,
950,0.018000000000000002,304.64030552252683,304.6403356305637,-3.0108036867204646e-05,2.2213723613685739,,
950,0.019,304.88869140162456,304.88872696552971,-3.5563905157687259e-05,2.0188357146125711,,
950,0.02,305.15597527509851,305.15601721882251,-4.1943723999793292e-05,1.7374145119673809,,
960,0,302.69599966086446,302.69599184924215,7.8116223107826954e-06,2.5499999996851299,,
960,0.001,302.70162794462203,302.70162029692932,7.6476927119983884e-06,2.5499999992431901,,
960,0.002,302.7185344241085,302.71852728096121,7.1431472861149814e-06,2.5499999962308268,,
960,0.0030000000000000001,302.74678369060371,302.74677737726222,6.3133414869298576e-06,2.5499999795418127,,
960,0.0040000000000000001,302.78648235511145,302.78647717874605,5.1763653914349561e-06,2.549999892037476,,
960,0.0050000000000000001,302.83777756197895,302.83777380417519,3.7578037677121756e-06,2.5499994632267091,,
960,0.0060000000000000001,302.90085505836424,302.9008529675221,2.090842144752969e-06,2.5499975188233077,,
960,0.0070000000000000001,302.97593700631052,302.9759367906853,2.156252207896614e-07,2.5499894096564111,,
960,0.0080000000000000002,303.0632798178749,303.06328164058863,-1.8227137275061978e-06,2.5499584215421498,,
960,0.0090000000000000011,303.16317240963821,303.16317638773148,-3.9780932752364606e-06,2.5498501860862888,,
960,0.01,303.27593539587212,303.27594160607447,-6.2102023434817966e-06,2.5495052099263988,,
960,0.010999999999999999,303.40192184011988,303.40193033407996,-8.4939600810685079e-06,2.5485028831002934,,
960,0.012,303.54152021651993,303.54153104725049,-1.0830730559518997e-05,2.5458493803861031,,
960,0.013000000000000001,303.69516013770846,303.69517339662178,-1.3258913327263144e-05,2.5394482051228708,,
960,0.014,303.86332113385163,303.86333699413723,-1.5860285600410862e-05,2.5253656805215887,,
960,0.014999999999999999,304.0465442959765,304.04656305404723,-1.8758070723379205e-05,2.4970626294083917,,
960,0.016,304.24544596186269,304.24546806556503,-2.2103702349340892e-05,2.4449464250844821,,
960,0.017000000000000001,304.46073193156786,304.460757983576,-2.605200813832198e-05,2.3566455639830144,,
960,0.018000000000000002,304.69321012228778,304.69324085069093,-3.0728403146440542e-05,2.218148815609323,,
960,0.019,304.94379930063724,304.94383549631112,-3.6195673885686119e-05,2.0153058100538757,,
960,0.02,305.21353082854165,305.21357416042412,-4.3331882466191018e-05,1.73399304175971,,
970,0,302.7341661302836,302.73415872449527,7.4057883239220246e-06,2.5499999996084206,,
970,0.001,302.73984248565097,302.73983524008247,7.2455684971828305e-06,2.5499999990719129,,
970,0.002,302.75689257448619,302.75688581699671,6.7574894728750223e-06,2.5499999954665453,,
970,0.0030000000000000001,302.78537921324431,302.78537325708464,5.9561596685853146e-06,2.5499999758356586,,
970,0.0040000000000000001,302.82540620295237,302.82540134213792,4.860814442508854e-06,2.5499998746463266,,
970,0.0050000000000000001,302.87711708843693,302.87711359037911,3.4980578220711323e-06,2.5499993867765038,,
970,0.0060000000000000001,302.94069361531814,302.9406917141057,1.9012124425898946e-06,2.5499972083818263,,
970,0.0070000000000000001,303.01635410434733,303.01635399569693,1.0865039712371072e-07,2.5499882540412266,,
970,0.0080000000000000002,303.10435204621638,303.10435388555356,-1.839337187448109e-06,2.5499544969593648,,
970,0.0090000000000000011,303.20497530625016,303.20497921175377,-3.9055036040736013e-06,2.5498380671147967,,
970,0.01,303.31854639797422,303.31855246046121,-6.0624869888670219e-06,2.5494712684172547,,
970,0.010999999999999999,303.44542431004703,303.44543261105548,-8.3010084495072078e-06,2.5484168409267651,,
970,0.012,303.5860083182032,303.5860189565542,-1.0638351000125112e-05,2.5456522802091883,,
970,0.013000000000000001,303.74074404055284,303.74075716668318,-1.3126130340879172e-05,2.5390407486984472,,
970,0.014,303.91013159838405,303.91014745580873,-1.5857424671139597e-05,2.5246062881764155,,
970,0.014999999999999999,304.09473466327489,304.09475363556936,-1.8972294469676854e-05,2.4957874844675048,,
970,0.016,304.29518574647153,304.29520837898048,-2.2632508944298024e-05,2.4430182000630323,,
970,0.017000000000000001,304.51217407778501,304.51220088244258,-2.6804657579759805e-05,2.3540216571059118,,
970,0.018000000000000002,304.74638780449732,304.7464184940514,-3.0689554080254311e-05,2.2149415449527923,,
970,0.019,304.99837885735087,304.9984112413851,-3.2384034227561642e-05,2.0117997917141923,,
970,0.02,305.26836078796453,305.26839061591727,-2.9827952744199138e-05,1.7305972861176475,,
980,0,302.77265318088104,302.77264616192616,7.0189548750931863e-06,2.5499999995150673,,
980,0.001,302.7783763397145,302.7783694746131,6.8651013975795649e-06,2.54999999886628,,
980,0.002,302.79556633063305,302.79555993416386,6.3964691889850656e-06,2.549999994566448,,
980,0.0030000000000000001,302.8242844985383,302.82427887050278,5.6280355238413904e-06,2.549999971548659,,
980,0.0040000000000000001,302.86463237641385,302.86462779705568,4.5793581762154645e-06,2.5499998548679157,,
980,0.0050000000000000001,302.91675073575215,302.916747459021,3.2767311495263129e-06,2.5499993012134778,,
980,0.0060000000000000001,302.9808184743269,302.98081672252459,1.7518023014417849e-06,2.549996866133136,,
980,0.0070000000000000001,303.05705156944288,303.05705153035706,3.9085819025785895e-08,2.5499869978840852,,
980,0.0080000000000000002,303.14570238960744,303.14570421751466,-1.8279072264704155e-06,2.5499502866668466,,
980,0.0090000000000000011,303.24705970869957,303.24706353081189,-3.8221123190851358e-06,2.5498252231942047,,
980,0.01,303.36144977774933,303.3614557076686,-5.9299192685102753e-06,2.5494356965154688,,
980,0.010999999999999999,303.48923872781796,303.4892468873482,-8.1595302390269353e-06,2.5483275784481547,,
980,0.012,303.63083628540079,303.63084683563744,-1.0550236652306921e-05,2.5454496654377934,,
980,0.013000000000000001,303.7867000378277,303.78671321693008,-1.3179102381855046e-05,2.5386252738874573,,
980,0.014,303.95733791495405,303.95735406313156,-1.6148177508057415e-05,2.523837388288328,,
980,0.014999999999999999,304.1433038826882,304.14332339791122,-1.9515223016242089e-05,2.4945040635001852,,
980,0.016,304.3451786375619,304.34520177562325,-2.3138061351346551e-05,2.4410869435149896,,
980,0.017000000000000001,304.56352570886799,304.56355220687442,-2.6498006434394483e-05,2.3514036809567429,,
980,0.018000000000000002,304.79881786160018,304.7988465525155,-2.8690915314655285e-05,2.2117504036278963,,
980,0.019,305.05134171672478,305.05137040974478,-2.8693019999082026e-05,2.0083173095693154,,
980,0.02,305.32110599026612,305.32113183719349,-2.5846927371730999e-05,1.7272269029400367,,
990,0,302.81145297782689,302.81144631524751,6.6625793806451838e-06,2.5499999994019067,,
990,0.001,302.81722191223218,302.81721539640284,6.5158293409695034e-06,2.5499999986203008,,
990,0.002,302.83454883752967,302.83454276891581,6.0686138567689341e-06,2.5499999935098656,,
990,0.0030000000000000001,302.86349398126265,302.86348864559039,5.3356722560238268e-06,2.549999966604326,,
990,0.0040000000000000001,302.90415721590585,302.90415288006091,4.3358449488550832e-06,2.549999832433262,,
990,0.0050000000000000001,302.95667741483834,302.95667432117398,3.093664361131232e-06,2.5499992056718934,,
990,0.0060000000000000001,303.02123176708386,303.02123012979683,1.6372870277336915e-06,2.5499964895771954,,
990,0.0070000000000000001,303.0980352606141,303.09803526537706,-4.7629669097659644e-09,2.5499856348088685,,
990,0.0080000000000000002,303.18734057329567,303.1873423815556,-1.8082599240187847e-06,2.5499457765480069,,
990,0.0090000000000000011,303.28943858903023,303.28944234852167,-3.759491448818153e-06,2.5498116278453304,,
990,0.01,303.40465962679428,303.4046654894313,-5.8626370105230308e-06,2.5493984539314805,,
990,0.010999999999999999,303.53337514182931,303.53338328790926,-8.1460799492560909e-06,2.5482350509268996,,
990,0.012,303.67599901906095,303.67600968041944,-1.0661358487595862e-05,2.5452415142979881,,
990,0.013000000000000001,303.83298656075601,303.83300002408691,-1.3463330901686277e-05,2.5382018236922002,,
990,0.014,304.00482799387072,304.00484455416222,-1.6560291498990409e-05,2.5230591205124142,,
990,0.014999999999999999,304.19203228440352,304.19205212138326,-1.9836979731735482e-05,2.4932125864783958,,
990,0.016,304.39509718528149,304.39512016649246,-2.298121097510375e-05,2.4391528697999858,,
990,0.017000000000000001,304.61446382344616,304.61448929531809,-2.5471871936133539e-05,2.3487917172787958,,
990,0.018000000000000002,304.85045916288215,304.85048583541641,-2.6672534261251712e-05,2.2085752465777504,,
990,0.019,305.10323619130048,305.10326220882968,-2.6017529194177769e-05,2.0048580389377419,,
990,0.02,305.37272675174512,305.37274998876273,-2.323701761497432e-05,1.7238812082599624,,
1000,0,302.85055941887794,302.85055307468684,6.3441910924666445e-06,2.5499999992652622,,
1000,0.001,302.85637337128276,302.85636716646246,6.2048202948972175e-06,2.5499999983270958,,
1000,0.002,302.87383508064431,302.87382930107367,5.7795706425167737e-06,2.5499999922735315,,
1000,0.0030000000000000001,302.90300402380586,302.90299894156652,5.0822393404814648e-06,2.549999960918107,,
1000,0.0040000000000000001,302.94397901734885,302.9439748875958,4.1297530515294056e-06,2.5499998070501069,,
1000,0.0050000000000000001,302.9968978536163,302.99689491042943,2.9431868711071729e-06,2.549999099226437,,
1000,0.0060000000000000001,303.06193697059871,303.06193542562124,1.5449774650733161e-06,2.5499960760835676,,
1000,0.0070000000000000001,303.13931129924623,303.13931134434387,-4.5097635847923812e-08,2.549984158207367,,
1000,0.0080000000000000002,303.22927439517071,303.22927621015788,-1.8149871721107047e-06,2.549940952185616,,
1000,0.0090000000000000011,303.33211883713852,303.3321226026772,-3.7655386790902412e-06,2.549797254420616,,
1000,0.01,303.4481766144761,303.44818252787599,-5.9133998888682981e-06,2.5493595007646412,,
1000,0.010999999999999999,303.57781879295146,303.57782708038769,-8.287436230602907e-06,2.5481392150287072,,
1000,0.012,303.72145315606468,303.72146406949963,-1.0913434948633949e-05,2.545027807352914,,
1000,0.013000000000000001,303.87951788202417,303.87953166582696,-1.3783802785383159e-05,2.5377704431513122,,
1000,0.014,304.0524688996947,304.05248571542523,-1.6815730532471207e-05,2.5222716240727627,,
1000,0.014999999999999999,304.24075876223276,304.24077857371566,-1.9811482900422561e-05,2.491913269023712,,
1000,0.016,304.44480607085956,304.44482851402859,-2.2443169029884302e-05,2.4372161863178672,,
1000,0.017000000000000001,304.66495680448014,304.66498108855671,-2.428407657362186e-05,2.3461858423715909,,
1000,0.018000000000000002,304.90144198484836,304.90146687689673,-2.4892048372748832e-05,2.2054159300316036,,
1000,0.019,305.15433895604139,305.1543628832901,-2.3927248719246563e-05,2.0014216694052225,,
1000,0.02,305.42354489836958,305.423566171414,-2.1273044410463626e-05,1.7205597315211889,,
1010,0,302.88996824404506,302.88996217631683,6.0677282363030827e-06,2.5499999991008742,,
1010,0.001,302.8958267260312,302.89582079064508,5.9353861274757946e-06,2.5499999979787935,,
1010,0.002,302.91342186665435,302.91341633592759,5.5307267530224635e-06,2.5499999908313251,,
1010,0.0030000000000000001,302.94281271873768,302.94280785298054,4.8657571483090578e-06,2.5499999543967675,,
1010,0.0040000000000000001,302.98409754499528,302.98409359093012,3.954065164180065e-06,2.5499997784015882,,
1010,0.0050000000000000001,303.03741364742228,303.03741083605382,2.8113684606978495e-06,2.5499989808899572,,
1010,0.0060000000000000001,303.10293722384966,303.10293577145723,1.4523924392051413e-06,2.5499956228890013,,
1010,0.0070000000000000001,303.18088328481247,303.18088339768923,-1.1287676215943065e-07,2.5499825612399167,,
1010,0.0080000000000000002,303.27150556778747,303.27150745040166,-1.88261418543334e-06,2.5499357988715454,,
1010,0.0090000000000000011,303.37509620487936,303.37510006940494,-3.8645255813207768e-06,2.5497820761273977,,
1010,0.01,303.49198462321755,303.49199069589412,-6.0726765696017537e-06,2.5493187975315843,,
1010,0.010999999999999999,303.62253480645745,303.62254332364921,-8.5171917589832447e-06,2.5480400288256524,,
1010,0.012,303.76713969533046,303.76715088089156,-1.1185561106685782e-05,2.5448085274431342,,
1010,0.013000000000000001,303.92621129360975,303.9262253111558,-1.4017546050126839e-05,2.5373311792211579,,
1010,0.014,304.10016515971142,304.10018204001631,-1.688030488367076e-05,2.5214750376698301,,
1010,0.014999999999999999,304.28939858073329,304.28941813513802,-1.9554404730115493e-05,2.4906063224609363,,
1010,0.016,304.49426291803013,304.49428466037511,-2.1742344983977091e-05,2.4352770937278865,,
1010,0.017000000000000001,304.71503225212837,304.71505535859035,-2.310646198111499e-05,2.3435861273516072,,
1010,0.018000000000000002,304.95187216181364,304.95189549486543,-2.3333051785812131e-05,2.2022723121159662,,
1010,0.019,305.20481368543216,305.20483589369456,-2.2208262407730217e-05,1.9980078943656399,,
1010,0.02,305.47373767409522,305.47375736384254,-1.9689747318807349e-05,1.7172620542149533,,
1020,0,302.92967689760087,302.92967106585849,5.8317423849985062e-06,2.5499999989038256,,
1020,0.001,302.93557964430954,302.93557393905058,5.705258956822945e-06,2.5499999975664176,,
1020,0.002,302.95330750063994,302.95330218328172,5.3173582159615762e-06,2.5499999891540064,,
1020,0.0030000000000000001,302.98291930949455,302.98291463204856,4.6774459860898787e-06,2.5499999469377435,,
1020,0.0040000000000000001,303.02451305432476,303.02450925965491,3.794669851231447e-06,2.5499997461448891,,
1020,0.0050000000000000001,303.07822574172081,303.07822306319133,2.6785294835462992e-06,2.5499988496112413,,
1020,0.0060000000000000001,303.14423322273075,303.14423188640063,1.3363301150093321e-06,2.5499951270951819,,
1020,0.0070000000000000001,303.22274987183738,303.2227501009146,-2.2907721586307161e-07,2.5499808368363936,,
1020,0.0080000000000000002,303.31402792196189,303.31402994201909,-2.0200571952955215e-06,2.5499303016168233,,
1020,0.0090000000000000011,303.41835607848992,303.41836012043262,-4.0419427023152821e-06,2.5497660660508461,,
1020,0.01,303.53605682060311,303.53606311693892,-6.2963358118395263e-06,2.5492763051929992,,
1020,0.010999999999999999,303.66748158887845,303.6674903581723,-8.7692938564032374e-06,2.5479374517970421,,
1020,0.012,303.81300293022105,303.81301434563636,-1.1415415315241262e-05,2.5445836596267322,,
1020,0.013000000000000001,303.97300272322445,303.97301686440676,-1.41411823051385e-05,2.5368840806614843,,
1020,0.014,304.14785593393492,304.14787272711277,-1.6793177849194763e-05,2.5206694993946623,,
1020,0.014999999999999999,304.33791000367927,304.33792916149037,-1.9157811095737998e-05,2.489291953873658,,
1020,0.016,304.54346090694639,304.54348188480827,-2.0977861879600823e-05,2.4333357861604572,,
1020,0.017000000000000001,304.76472798030841,304.76474996735078,-2.1987042373439181e-05,2.3409926384240181,,
1020,0.018000000000000002,305.00183054890954,305.00185250668198,-2.1957772446512536e-05,2.1991442531689809,,
1020,0.019,305.2547698580068,305.25479060943968,-2.0751432884935639e-05,1.9946164091785337,,
1020,0.02,305.52342037113874,305.52343796929915,-1.7598160411580466e-05,1.7139877840376279,,
1030,0,302.9696840503708,302.96967842551447,5.6248563282679243e-06,2.5499999986684574,,
1030,0.001,302.97563092174528,302.9756254170631,5.5046821785253996e-06,2.5499999970797589,,
1030,0.002,302.99349109842876,302.99348597080217,5.1276265935484844e-06,2.5499999872089232,,
1030,0.0030000000000000001,303.02332325831395,303.02331875574089,4.5025730628367455e-06,2.5499999384284702,,
1030,0.0040000000000000001,303.06522508116444,303.0652214468389,3.6343255374049477e-06,2.5499997099098621,,
1030,0.0050000000000000001,303.1193330357296,303.1193305086216,2.5271079948652186e-06,2.5499987042728058,,
1030,0.0060000000000000001,303.18582196746746,303.18582078423702,1.1832304380732239e-06,2.5499945856666497,,
1030,0.0070000000000000001,303.26490432140594,303.26490471875837,-3.9735243717586854e-07,2.5499789776975379,,
1030,0.0080000000000000002,303.3568287207716,303.35683093632298,-2.2155513761390466e-06,2.5499244451620031,,
1030,0.0090000000000000011,303.46187748659628,303.46188175539754,-4.2688012626967975e-06,2.5497491971765678,,
1030,0.01,303.58036255142372,303.58036909481746,-6.5433937379566487e-06,2.5492319851788841,,
1030,0.010999999999999999,303.71261913498375,303.71262813887836,-9.0038946041204326e-06,2.5478314448282107,,
1030,0.012,303.85899656897277,303.85900815000286,-1.1581030094021116e-05,2.5443531911192596,,
1030,0.013000000000000001,304.01984585444205,304.0198600140568,-1.4159614750042238e-05,2.5364291979251683,,
1030,0.014,304.19550407231458,304.19552063901017,-1.6566695592246106e-05,2.5198551466494732,,
1030,0.014999999999999999,304.38627734121911,304.38629590122008,-1.8560000967227097e-05,2.4879703661614467,,
1030,0.016,304.5924290825202,304.59244894264634,-1.9860126144521928e-05,2.4313924514228282,,
1030,0.017000000000000001,304.81419370091709,304.81421417516509,-2.0474248003665707e-05,2.3384054371638197,,
1030,0.018000000000000002,305.05185748338658,305.05187902681365,-2.1543427067172161e-05,2.1960316156999204,,
1030,0.019,305.30595352159003,305.3059794110531,-2.5889463074690866e-05,1.9912469122148819,,
1030,0.02,305.57755564834747,305.57759216839429,-3.6520046819532581e-05,1.7107371965752032,,
1040,0,303.00998881349921,303.00998337564238,5.4378568279389583e-06,2.5499999983882793,,
1040,0.001,303.01597966396423,303.01597434459603,5.3193681992524944e-06,2.5499999965072448,,
1040,0.002,303.03397169025652,303.03396674368145,4.9465750748822757e-06,2.5499999849597117,,
1040,0.0030000000000000001,303.06402327626364,303.06401895020417,4.3260594679850328e-06,2.5499999287456867,,
1040,0.0040000000000000001,303.10623149687325,303.10622803748936,3.4593838904584118e-06,2.5499996692976392,,
1040,0.0050000000000000001,303.16073169409117,303.16072934658615,2.3475050170418399e-06,2.5499985436887482,,
1040,0.0060000000000000001,303.22769670173102,303.22769571098877,9.9074225090589607e-07,2.5499939954288968,,
1040,0.0070000000000000001,303.30733550933536,303.30733611943185,-6.1009649243715103e-07,2.5499769762966311,,
1040,0.0080000000000000002,303.39989106540867,303.39989351606664,-2.4506579734406841e-06,2.5499182139877825,,
1040,0.0090000000000000011,303.50563683670424,303.50564135415186,-4.5174476213105663e-06,2.5497314424127855,,
1040,0.01,303.62487170064441,303.62487847998926,-6.7793448579323012e-06,2.5491857994122316,,
1040,0.010999999999999999,303.75791283298406,303.75792200914964,-9.1761655767186312e-06,2.5477219702073497,,
1040,0.012,303.90508664208022,303.90509824710301,-1.1605022791627562e-05,2.5441171112337386,,
1040,0.013000000000000001,304.06671885931604,304.06673277006541,-1.3910749373735598e-05,2.5359665830521028,,
1040,0.014,304.24312718763798,304.2431430932607,-1.5905622717582446e-05,2.5190321160743423,,
1040,0.014999999999999999,304.43462384544353,304.43464131674665,-1.7471303124239057e-05,2.4866417580984193,,
1040,0.016,304.64154009090453,304.64155887110724,-1.8780202708512661e-05,2.4294472711997335,,
1040,0.017000000000000001,304.86428685527989,304.86430740318491,-2.0547905023704516e-05,2.3358245807949816,,
1040,0.018000000000000002,305.10345896942101,305.10348304179877,-2.407237775514659e-05,2.1929342641711531,,
1040,0.019,305.35997132726055,305.3600021540322,-3.0826771649117291e-05,1.9878991106218498,,
1040,0.02,305.63518935126552,305.63523111438093,-4.1763115405046847e-05,1.7075099674241265,,
1050,0,303.05058986090864,303.05058460903189,5.2518767574838421e-06,2.5499999980558656,,
1050,0.001,303.05662441657933,303.05661928344119,5.1331381314412283e-06,2.5499999958357864,,
1050,0.002,303.07474738968449,303.07474263055389,4.7591306042704673e-06,2.5499999823659745,,
1050,0.0030000000000000001,303.10501660836002,303.10501247328841,4.1350716060151171e-06,2.5499999177547159,,
1050,0.0040000000000000001,303.14752805088602,303.14752478995212,3.2609339086775435e-06,2.5499996238792226,,
1050,0.0050000000000000001,303.20241514662672,303.20241300981502,2.1368117018027988e-06,2.5499983666026145,,
1050,0.0060000000000000001,303.2698475878758,303.26984682370647,7.6416932870415621e-07,2.5499933530666286,,
1050,0.0070000000000000001,303.35002944487178,303.35003029638966,-8.5151788198345457e-07,2.5499748248814695,,
1050,0.0080000000000000002,303.44319633602595,303.44319903207497,-2.6960490231431322e-06,2.5499115923258429,,
1050,0.0090000000000000011,303.54961143105453,303.54961617031068,-4.7392561555170687e-06,2.5497127746121193,,
1050,0.01,303.6695602389853,303.66956716468309,-6.9256977894838201e-06,2.5491377103312569,,
1050,0.010999999999999999,303.80334459250582,303.80335375908658,-9.1665807531171595e-06,2.5476089916205527,,
1050,0.012,303.95127715527599,303.95128849738427,-1.1342108280132379e-05,2.5438754113208595,,
1050,0.013000000000000001,304.11367925578816,304.11369258640593,-1.3330617775864084e-05,2.5354962895670714,,
1050,0.014,304.29088671593672,304.29090179672778,-1.5080791058608156e-05,2.5182005434795096,,
1050,0.014999999999999999,304.48326986244098,304.48328658582977,-1.6723388796435756e-05,2.4853063243928717,,
1050,0.016,304.69127369942356,304.69129237661485,-1.867719129222678e-05,2.4275004212500111,,
1050,0.017000000000000001,304.91548069922521,304.91550236872672,-2.1669501506949018e-05,2.3332501224543978,,
1050,0.018000000000000002,305.15669124504274,305.15671784694263,-2.6601899890010827e-05,2.1898520648009558,,
1050,0.019,305.4160071494257,305.41604141639328,-3.4266967588791886e-05,1.9845727290484152,,
1050,0.02,305.69489614382172,305.69494119130138,-4.5047479659388046e-05,1.7043054731570213,,
1060,0,303.09148470355564,303.09147965089818,5.0526574568721117e-06,2.5499999976627556,,
1060,0.001,303.09756247586751,303.097557543486,4.9323815005664073e-06,2.5499999950506247,,
1060,0.002,303.11581482197789,303.11581026825382,4.5537240680459945e-06,2.5499999793829358,,
1060,0.0030000000000000001,303.14629868291507,303.14629476120189,3.921713187082787e-06,2.5499999053087192,,
1060,0.0040000000000000001,303.18910837207943,303.18910533533602,3.0367434078470978e-06,2.5499995731940697,,
1060,0.0050000000000000001,303.2443746029877,303.24437270204487,1.9009428342542378e-06,2.5499981716853366,,
1060,0.0060000000000000001,303.31226294983657,303.31226242907348,5.2076308065807098e-07,2.5499926551222165,,
1060,0.0070000000000000001,303.39297161092486,303.39297269985389,-1.088929025172547e-06,2.5499725154766693,,
1060,0.0080000000000000002,303.48672840110117,303.48673130034899,-2.8992478178224701e-06,2.549904564169903,,
1060,0.0090000000000000011,303.59378707934496,303.59379194071096,-4.8613659942020604e-06,2.5496931665928906,,
1060,0.01,303.71442348968969,303.7144303933261,-6.9036364038765896e-06,2.5490876809101279,,
1060,0.010999999999999999,303.8489326143432,303.84894155219462,-8.937851418977516e-06,2.5474924741451304,,
1060,0.012,303.99762849216796,303.9976393744073,-1.0882239337206556e-05,2.5436280847094053,,
1060,0.013000000000000001,304.16084987546827,304.16086258144855,-1.2705980282134988e-05,2.5350183723815105,,
1060,0.014,304.33897509613013,304.33898958651304,-1.4490382909571053e-05,2.5173605637830563,,
1060,0.014999999999999999,304.53244931052916,304.53246579725294,-1.6486723779962631e-05,2.4839642557480692,,
1060,0.016,304.74182552073898,304.74184465874521,-1.9138006223329285e-05,2.4255520715998955,,
1060,0.017000000000000001,304.96781733232365,304.96784036562218,-2.3033298532482149e-05,2.3306821114325618,,
1060,0.018000000000000002,305.21135687168771,305.2113856554289,-2.8783741186089173e-05,2.1867848855956966,,
1060,0.019,305.47364707769827,305.47368392489903,-3.6847200760803389e-05,1.9812675014495893,,
1060,0.02,305.75619560912139,305.75624298835777,-4.7379236377764755e-05,1.7011232850948539,,
1070,0,303.13266925968907,303.13266442902926,4.8306598046110594e-06,2.549999997199325,,
1070,0.001,303.13878951057688,303.1387848020621,4.7085147798497928e-06,2.5499999941351632,,
1070,0.002,303.15716890743602,303.15716458270765,4.3247283656455693e-06,2.5499999759610912,,
1070,0.0030000000000000001,303.18786318942267,303.18785950384728,3.6855753933195956e-06,2.5499998912479285,,
1070,0.0040000000000000001,303.23096452248046,303.23096172819868,2.7942817837356415e-06,2.5499995167486542,,
1070,0.0050000000000000001,303.28660035354699,303.28659869531373,1.6582332591497106e-06,2.5499979575332059,,
1070,0.0060000000000000001,303.3549317339972,303.35493144168868,2.9230852760520065e-07,2.5499918979943255,,
1070,0.0070000000000000001,303.43615112998714,303.43615240716582,-1.2771786828125187e-06,2.5499700398862619,,
1070,0.0080000000000000002,303.53047988092527,303.53048288999867,-3.0090733957877092e-06,2.549897113286927,,
1070,0.0090000000000000011,303.63816573231071,303.63817057920051,-4.8468897944076161e-06,2.5496725911599687,,
1070,0.01,303.75948126943837,303.75948799417921,-6.7247408424009336e-06,2.5490356746782785,,
1070,0.010999999999999999,303.89472458336434,303.89473316671859,-8.5833542584623501e-06,2.547372384241358,,
1070,0.012,304.04422400216737,304.04423440009629,-1.0397928917882382e-05,2.543375126647077,,
1070,0.013000000000000001,304.20834901653592,304.20836123149104,-1.2214955120271043e-05,2.5345328876990685,,
1070,0.014,304.38752934548381,304.3875435339873,-1.4188503485002002e-05,2.5165123109535772,,
1070,0.014999999999999999,304.5822831653004,304.58229976574688,-1.6600446485881548e-05,2.4826157389239634,,
1070,0.016,304.79325375514048,304.79327360301403,-1.9847873545586481e-05,2.4236023867326337,,
1070,0.017000000000000001,305.02125138864437,305.0212757759013,-2.4387256928548595e-05,2.328120593391739,,
1070,0.018000000000000002,305.26729478029137,305.26732541961678,-3.0639325416359497e-05,2.1837325965576881,,
1070,0.019,305.53264460727223,305.5326834838213,-3.8876549069755129e-05,1.977983162790472,,
1070,0.02,305.81882140022344,305.81887054560599,-4.9145382547521876e-05,1.697963024007308,,
1080,0,303.17413783274708,303.1741332483432,4.5844038822906441e-06,2.5499999966546678,,
1080,0.001,303.18029961210294,303.1802951507305,4.4613724412556621e-06,2.5499999930707831,,
1080,0.002,303.19880313899756,303.19879906307068,4.0759268813417293e-06,2.5499999720458266,,
1080,0.0030000000000000001,303.22970276846854,303.2296993314983,3.4369702461845009e-06,2.5499998753988558,,
1080,0.0040000000000000001,303.27308832052347,303.27308576806644,2.5524570332891017e-06,2.5499994540150333,,
1080,0.0050000000000000001,303.32908394579761,303.32908250917177,1.4366258369591378e-06,2.5499977226659145,,
1080,0.0060000000000000001,303.39784661295312,303.39784650027394,1.1267917443547049e-07,2.5499910779367241,,
1080,0.0070000000000000001,303.47956439233081,303.47956577757492,-1.3852441043127328e-06,2.5499673896965795,,
1080,0.0080000000000000002,303.57445488971831,303.57445790206117,-3.0123428587103263e-06,2.5498892232284862,,
1080,0.0090000000000000011,303.68276444204247,303.68276915979374,-4.7177512669804855e-06,2.549651021125102,,
1080,0.01,303.80476899783895,303.80477545330473,-6.4554657797089021e-06,2.5489816557383174,,
1080,0.010999999999999999,303.94077790452286,303.94078610701564,-8.2024927792190283e-06,2.5472486897427569,,
1080,0.012,304.09114200096656,304.0911519836668,-9.9827002486563288e-06,2.5431165342417885,,
1080,0.013000000000000001,304.25626732385291,304.25627921533072,-1.1891477811332152e-05,2.5340398929248793,,
1080,0.014,304.43663524110536,304.43664935411175,-1.411300638665125e-05,2.5156559179575795,,
1080,0.014999999999999999,304.63282885287816,304.63284577333036,-1.6920452196700353e-05,2.4812609567998551,,
1080,0.016,304.84556411044144,304.84558476177966,-2.0651338218158344e-05,2.4216515257739872,,
1080,0.017000000000000001,305.07572253003559,305.07574818624255,-2.5656206958046823e-05,2.325565610569869,,
1080,0.018000000000000002,305.32438101244043,305.32441324012177,-3.2227681344920711e-05,2.1806950697525886,,
1080,0.019,305.592833574015,305.5928740997137,-4.0525698693727463e-05,1.9747194480168513,,
1080,0.02,305.88259999157344,305.882650655193,-5.0663619560964435e-05,1.6948243360954367,,
1090,0,303.21588363484938,303.21587930941098,4.3254383967905596e-06,2.5499999960164521,,
1090,0.001,303.22208590272828,303.22208170092057,4.201807712433947e-06,2.5499999918366512,,
1090,0.002,303.24071044036674,303.2407066188498,3.8215169411159877e-06,2.5499999675770266,,
1090,0.0030000000000000001,303.27181026008009,303.27180706535364,3.1947264460541192e-06,2.5499998575734799,,
1090,0.0040000000000000001,303.31547303907621,303.31547070484294,2.3342332724496373e-06,2.549999384429404,,
1090,0.0050000000000000001,303.37182019917384,303.37181893912418,1.2600496575032594e-06,2.549997465524648,,
1090,0.0060000000000000001,303.44100583059304,303.441005830108,4.8504489313927479e-10,2.5499901910572742,,
1090,0.0070000000000000001,303.52321574976924,303.52321715813025,-1.4083610153647896e-06,2.5499645562794138,,
1090,0.0080000000000000002,303.61866715031789,303.61867007630497,-2.9259870757414319e-06,2.5498808773422117,,
1090,0.0090000000000000011,303.72760950598445,303.72761402098382,-4.5149993752602313e-06,2.5496284293267268,,
1090,0.01,303.85032757522026,303.85033372855753,-6.1533372672784026e-06,2.548925588782577,,
1090,0.010999999999999999,303.98714747548786,303.98715532600772,-7.8505198644052143e-06,2.5471213598450198,,
1090,0.012,304.13844675862254,304.13845642420517,-9.6655826382630039e-06,2.5428523064035682,,
1090,0.013000000000000001,304.30466913182551,304.30468085517742,-1.1723351917680702e-05,2.5335394465784939,,
1090,0.014,304.48634377793121,304.48635800422034,-1.4226289124508185e-05,2.514791516711361,,
1090,0.014999999999999999,304.68410758072474,304.68412504034677,-1.7459622029036836e-05,2.4799000884378746,,
1090,0.016,304.89872403415836,304.89874578708526,-2.17529268979888e-05,2.419699642672887,,
1090,0.017000000000000001,305.13108145493544,305.13110865013908,-2.7195203642804699e-05,2.3230172019761701,,
1090,0.018000000000000002,305.38213536080133,305.38216829860903,-3.2937807702637656e-05,2.1776721791496132,,
1090,0.019,305.65275578311594,305.65279253892209,-3.6755806149812997e-05,1.9714760930329018,,
1090,0.02,305.94349019454734,305.94352638822841,-3.6193681069107697e-05,1.6917057443786541,,
1100,0,303.25789980593288,303.25789573814609,4.0677867900740239e-06,2.5499999952707757,,
1100,0.001,303.26414160672817,303.26413765855648,3.9481716953559953e-06,2.5499999904095132,,
1100,0.002,303.28288436868729,303.28288078771834,3.5809689507004805e-06,2.5499999624886618,,
1100,0.0030000000000000001,303.31418003940502,303.31417706058522,2.9788197934976779e-06,2.5499998375684201,,
1100,0.0040000000000000001,303.35811473427549,303.35811257633884,2.1579366489277163e-06,2.5499993073906579,,
1100,0.0050000000000000001,303.41480818773499,303.4148070463138,1.1414211940063979e-06,2.5499971844702469,,
1100,0.0060000000000000001,303.48441328861827,303.48441333003643,-4.1418161345063709e-08,2.5499892333171106,,
1100,0.0070000000000000001,303.56711604724688,303.56711740493574,-1.3576888591160241e-06,2.5499615307954415,,
1100,0.0080000000000000002,303.663136476766,303.66313925312073,-2.7763547336689953e-06,2.5498720587833508,,
1100,0.0090000000000000011,303.77273099747322,303.77273527460375,-4.2771305288624717e-06,2.5496047886492303,,
1100,0.01,303.8961970424312,303.89620290532321,-5.8628920101000404e-06,2.5488674391083133,,
1100,0.010999999999999999,304.0338804687795,304.03388804366131,-7.5748818062493228e-06,2.5469903650936629,,
1100,0.012,304.18618599503611,304.18619550395425,-9.5089181399998779e-06,2.5425824437870386,,
1100,0.013000000000000001,304.35358988097784,304.35360170742206,-1.1826444222151622e-05,2.5330316082102797,,
1100,0.014,304.53665198839502,304.53666672743748,-1.4739042455857998e-05,2.5139192380371074,,
1100,0.014999999999999999,304.73602090092271,304.7360393225955,-1.8421672791646415e-05,2.4785333091473363,,
1100,0.016,304.95242164922223,304.95244446940842,-2.2820186188710068e-05,2.4177468863772416,,
1100,0.017000000000000001,305.18661365806167,305.18664108558949,-2.7427527811596519e-05,2.3204754035766748,,
1100,0.018000000000000002,305.43931168998677,305.43934292320228,-3.1233215509018919e-05,2.1746638003559471,,
1100,0.019,305.71107792523776,305.71111096725537,-3.3042017605566798e-05,1.9682528278627975,,
1100,0.02,306.0022143734343,306.00224644630305,-3.2072868748400651e-05,1.6886068599522255,,
1110,0,303.30018059977635,303.30017676512142,3.8346549331436108e-06,2.5499999944020035,,
1110,0.001,303.30646122943602,303.30645750803461,3.7214014128039707e-06,2.5499999887634743,,
1110,0.002,303.32532024810644,303.32531687423113,3.3738753018042189e-06,2.5499999567083558,,
1110,0.0030000000000000001,303.35680899707023,303.35680619111753,2.805952703965886e-06,2.5499998151640786,,
1110,0.0040000000000000001,303.40101286852234,303.40101083346428,2.035058059846051e-06,2.5499992222589389,,
1110,0.0050000000000000001,303.45805121358978,303.45805012939138,1.0841984021681128e-06,2.5499968777814397,,
1110,0.0060000000000000001,303.52807755346811,303.52807757380185,-2.0333743577793939e-08,2.5499882005299943,,
1110,0.0070000000000000001,303.61128044015737,303.61128169349865,-1.2533412814264011e-06,2.5499583041978928,,
1110,0.0080000000000000002,303.70788538968213,303.7078879874577,-2.5977755626627186e-06,2.5498627505263634,,
1110,0.0090000000000000011,303.81815832164449,303.81816237638799,-4.0547434991822229e-06,2.5495800720416697,,
1110,0.01,303.94241080288339,303.94241645861013,-5.6557267384960141e-06,2.5488071726316628,,
1110,0.010999999999999999,304.08100698596616,304.08101445959727,-7.4736311148626555e-06,2.5468556773705719,,
1110,0.012,304.2343713066233,304.23438093082262,-9.6241993219337019e-06,2.5423069487347028,,
1110,0.013000000000000001,304.40299466816748,304.40300691159428,-1.2243426795066625e-05,2.5325164383212897,,
1110,0.014,304.58743514222397,304.58745056916024,-1.5426936272433522e-05,2.5130392116229077,,
1110,0.014999999999999999,304.78830776335474,304.78832689685231,-1.9133497573875502e-05,2.4771607905496005,,
1110,0.016,305.00625793718746,305.00628102644794,-2.3089260480446683e-05,2.4157934010044406,,
1110,0.017000000000000001,305.24191563135093,305.24194238967482,-2.6758323883768753e-05,2.3179402484635045,,
1110,0.018000000000000002,305.49583339908008,305.49586283450532,-2.9435425233259593e-05,2.1716698102867014,,
1110,0.019,305.76841904220049,305.7684495060422,-3.0463841710570705e-05,1.9650493636224993,,
1110,0.02,306.05987996783551,306.05990946402176,-2.9496186243704869e-05,1.6855278515532583,,
1120,0,303.34272237127811,303.34271872656291,3.6447152069740696e-06,2.5499999933925945,,
1120,0.001,303.34904149415848,303.34903795484388,3.5393146049500501e-06,2.5499999868697625,,
1120,0.002,303.36801594328415,303.36801272791013,3.2153740221474436e-06,2.5499999501569426,,
1120,0.0030000000000000001,303.39969700518299,303.39969431867269,2.6865102995543566e-06,2.5499997901237754,,
1120,0.0040000000000000001,303.44417029058957,303.44416832171891,1.9688706629494845e-06,2.5499991283542034,,
1120,0.0050000000000000001,303.50155610187255,303.50155501989195,1.0819805993378395e-06,2.5499965436531404,,
1120,0.0060000000000000001,303.5720102572983,303.57201021230435,4.4993953451921698e-08,2.5499870883618527,,
1120,0.0070000000000000001,303.65572564093179,303.6557267700249,-1.1290931070107035e-06,2.549954867236464,,
1120,0.0080000000000000002,303.75293472965308,303.75293717081831,-2.4411652361777669e-06,2.5498529353765633,,
1120,0.0090000000000000011,303.86391321507216,303.86391712953434,-3.9144621837294835e-06,2.5495542525359096,,
1120,0.01,303.9889845218708,303.9889901225244,-5.6006535942287883e-06,2.548744755900318,,
1120,0.010999999999999999,304.12852447170201,304.12853204964068,-7.5779386747854005e-06,2.546717269879446,,
1120,0.012,304.28296456040158,304.28297449462042,-9.9342188377704588e-06,2.5420258252209158,,
1120,0.013000000000000001,304.45279144251856,304.452804173206,-1.2730687444673094e-05,2.5319939982864037,,
1120,0.014,304.63853957225376,304.63855552142604,-1.5949172279761115e-05,2.5121515659865938,,
1120,0.014999999999999999,304.84077401768116,304.84079345679925,-1.9439118091213459e-05,2.4757827006436335,,
1120,0.016,305.0600617310061,305.06008462209815,-2.2891092044119432e-05,2.4138393260069488,,
1120,0.017000000000000001,305.29693221048905,305.29695807327039,-2.5862781342311791e-05,2.3154117670035776,,
1120,0.018000000000000002,305.55183210375856,305.55185997148476,-2.7867726203112397e-05,2.1686900865786418,,
1120,0.019,305.8250817496268,305.82511025777933,-2.8508152524864272e-05,1.9618654079015085,,
1120,0.02,306.11684341511102,306.11687102924219,-2.7614131170139444e-05,1.6824685738266856,,
1130,0,303.38552415635189,303.38552064571684,3.5106350537716935e-06,2.5499999922229248,,
1130,0.001,303.39188185326157,303.39187843984826,3.4134133102270425e-06,2.5499999846964858,,
1130,0.002,303.41097215856871,303.41096904514558,3.1134231335272489e-06,2.5499999427479927,,
1130,0.0030000000000000001,303.44284684511371,303.44284422270573,2.6224079761050234e-06,2.5499997621928596,,
1130,0.0040000000000000001,303.48759260339313,303.48759065076291,1.9526302139638574e-06,2.549999024954789,,
1130,0.0050000000000000001,303.54533177092139,303.54533065410368,1.1168177138642932e-06,2.5499961801948317,,
1130,0.0060000000000000001,303.61622356050424,303.61622343684337,1.2366086821202771e-07,2.5499858923304948,,
1130,0.0070000000000000001,303.70046591383755,303.70046694169639,-1.027858843372087e-06,2.5499512104614461,,
1130,0.0080000000000000002,303.79829800619609,303.7983003603664,-2.3541703058072017e-06,2.5498425959817643,,
1130,0.0090000000000000011,303.91000321181394,303.91000710245345,-3.8906395047888509e-06,2.5495273032641959,,
1130,0.01,304.035911988816,304.03591767846848,-5.6896524824878725e-06,2.5486801561050094,,
1130,0.010999999999999999,304.17640367764039,304.17641148736425,-7.8097238542795822e-06,2.5465751171302848,,
1130,0.012,304.33190571387081,304.33191600746073,-1.0293589923549007e-05,2.5417390787967222,,
1130,0.013000000000000001,304.50288840241234,304.5029015394922,-1.3137079861280654e-05,2.5314643502806917,,
1130,0.014,304.68985341559534,304.68986967170758,-1.6256112246537668e-05,2.5112564284431023,,
1130,0.014999999999999999,304.89331478884822,304.8933342532556,-1.9464407387204119e-05,2.4743992038718936,,
1130,0.016,305.113772501526,305.1137949774253,-2.2475899299934099e-05,2.4118847963324228,,
1130,0.017000000000000001,305.35168061485984,305.35170555582636,-2.4940966511621809e-05,2.312889986961832,,
1130,0.018000000000000002,305.60741396391165,305.60744047866882,-2.6514757166751224e-05,2.1657245068631301,,
1130,0.019,305.88123891208073,305.88126585347021,-2.6941389478452038e-05,1.9587006799741746,,
1130,0.02,306.17329400923228,306.17332014658501,-2.613735273371276e-05,1.6794288196574076,,
1140,0,303.4285877466512,303.42858431063939,3.4360118092990888e-06,2.5499999908710835,,
1140,0.001,303.43498448094357,303.43498113505512,3.3458884445281001e-06,2.5499999822083641,,
1140,0.002,303.45419217927031,303.45418911322867,3.0660416427963355e-06,2.5499999343873334,,
1140,0.0030000000000000001,303.48626351315232,303.48626090822466,2.6049276584672043e-06,2.54999973109781,,
1140,0.0040000000000000001,303.53128683812531,303.53128486914682,1.9689784949150635e-06,2.549998911295992,,
1140,0.0050000000000000001,303.5893871061628,303.58938594370642,1.1624563853729342e-06,2.5499957854290085,,
1140,0.0060000000000000001,303.66072720695644,303.66072702347242,1.8348401908951928e-07,2.5499846078055097,,
1140,0.0070000000000000001,303.74550971131271,303.74551069119491,-9.7988220204570098e-07,2.5499473242280724,,
1140,0.0080000000000000002,303.84397885063339,303.84398120265143,-2.3520180434388749e-06,2.5498317148439211,,
1140,0.0090000000000000011,303.95642234709021,303.95642631564681,-3.968556598010764e-06,2.5494991974761416,,
1140,0.01,304.08317242458105,304.08317829423044,-5.8696493852039566e-06,2.5486133410898284,,
1140,0.010999999999999999,304.22460503158345,304.22461311806927,-8.0864858205131895e-06,2.5464291949230051,,
1140,0.012,304.38113608440653,304.38114670625146,-1.0621844921843149e-05,2.5414467165355461,,
1140,0.013000000000000001,304.55321351441393,304.55322694270171,-1.3428287786609872e-05,2.5309275572088965,,
1140,0.014,304.74130419704528,304.74132058750831,-1.6390463031257241e-05,2.5103539250752132,,
1140,0.014999999999999999,304.94587552593788,304.94589484544116,-1.9319503280712524e-05,2.4730104611865071,,
1140,0.016,305.16737243970829,305.16739440591522,-2.1966206929846521e-05,2.4099299425780494,,
1140,0.017000000000000001,305.40619193923942,305.40621599451094,-2.4055271524048294e-05,2.3103749335921528,,
1140,0.018000000000000002,305.66265824829486,305.66268358425009,-2.5335955228911189e-05,2.1627729484148186,,
1140,0.019,305.93700241171581,305.93702804867667,-2.5636960856445512e-05,1.9555549130392269,,
1140,0.02,306.22935043054764,306.22937491385198,-2.4483304343903001e-05,1.6764083606951132,,
1150,0,303.4719171868694,303.47191377428891,3.4125804972973128e-06,2.5499999893126737,,
1150,0.001,303.47835368591342,303.47835035810925,3.3278041655648849e-06,2.5499999793664592,,
1150,0.002,303.49768103742872,303.49767797661144,3.0608172778556764e-06,2.5499999249725436,,
1150,0.0030000000000000001,303.52995300725962,303.52995039043128,2.6168283397964842e-06,2.5499996965453158,,
1150,0.0040000000000000001,303.57525981142703,303.57525781526533,1.9961616999353282e-06,2.5499987865686551,,
1150,0.0050000000000000001,303.6337290128813,303.63372781748473,1.1953965781685838e-06,2.5499953572897192,,
1150,0.0060000000000000001,303.70552670429078,303.7055264994857,2.0480507600950659e-07,2.5499832300083285,,
1150,0.0070000000000000001,303.79085883029563,303.79085982361789,-9.9332226000115043e-07,2.5499431987010475,,
1150,0.0080000000000000002,303.88997236439371,303.88997478851962,-2.42412590978347e-06,2.5498202743307243,,
1150,0.0090000000000000011,304.00315587798997,304.00315999409275,-4.1161027866110089e-06,2.5494699085551216,,
1150,0.01,304.13073884987739,304.13074494255517,-6.0926777791792119e-06,2.5485442793614648,,
1150,0.010999999999999999,304.27308891464583,304.27309727427632,-8.3596304989441705e-06,2.5462794803303184,,
1150,0.012,304.43060620713703,304.43061709715664,-1.0890019609632873e-05,2.5411487469798848,,
1150,0.013000000000000001,304.60371410258512,304.6037277121286,-1.3609543486836628e-05,2.5303836826379773,,
1150,0.014,304.79284605976432,304.79286244629554,-1.6386531228818058e-05,2.5094441807073999,,
1150,0.014999999999999999,304.99842912055021,304.99844815483578,-1.9034285571706278e-05,2.4716166301153479,,
1150,0.016,305.22086647042335,305.22088780686323,-2.1336439885999425e-05,2.4079748911381067,,
1150,0.017000000000000001,305.46052540552728,305.46054852878802,-2.3123260746160668e-05,2.3078666296962305,,
1150,0.018000000000000002,305.71774281504196,305.71776731117376,-2.4496131800333387e-05,2.1598352882943033,,
1150,0.019,305.99286170262116,305.99288775934428,-2.6056723129386228e-05,1.9524278525093195,,
1150,0.02,306.28629702534391,306.28632561187624,-2.8586532323515712e-05,1.6734082655678575,,
1160,0,303.51551778599224,303.51551436106308,3.4249291616106348e-06,2.5499999875205814,,
1160,0.001,303.52199487176892,303.52199152972071,3.3420482168367016e-06,2.5499999761278782,,
1160,0.002,303.54144434204113,303.54144126260542,3.0794357144259266e-06,2.5499999143924366,,
1160,0.0030000000000000001,303.57392101903793,303.573918380083,2.638954924805148e-06,2.5499996582213513,,
1160,0.0040000000000000001,303.61951679705857,303.61951478107454,2.0159840232736315e-06,2.5499986499177827,,
1160,0.0050000000000000001,303.67836136036129,303.67836015867357,1.2016877235510037e-06,2.5499948936212009,,
1160,0.0060000000000000001,303.75062301599877,303.75062283392828,1.8207049379270757e-07,2.549981754012498,,
1160,0.0070000000000000001,303.83650942364795,303.83651048535256,-1.0617046086736082e-06,2.5499388238593079,,
1160,0.0080000000000000002,303.93626788846933,303.93627043922515,-2.5507558234494354e-06,2.5498082566871716,,
1160,0.0090000000000000011,304.05018476023554,304.05018906321379,-4.3029782546000206e-06,2.5494394100340401,,
1160,0.01,304.17858338300351,304.17858970747744,-6.3244739294532337e-06,2.5484729400971617,,
1160,0.010999999999999999,304.32182001617696,304.32182861487456,-8.598697604611516e-06,2.5461259516795414,,
1160,0.012,304.48027727993411,304.48028835488333,-1.1074949213707441e-05,2.5408451800885659,,
1160,0.013000000000000001,304.65435508540617,304.65436874440422,-1.3658998057053395e-05,2.5298327907324394,,
1160,0.014,304.84445984120651,304.84447605546796,-1.6214261449931655e-05,2.508527318883063,,
1160,0.014999999999999999,305.05099406517041,305.05101265690445,-1.8591734033179819e-05,2.4702178648289941,,
1160,0.016,305.27435012728728,305.27437082482248,-2.0697535205727036e-05,2.4060197643452597,,
1160,0.017000000000000001,305.51491274510107,305.51493531989831,-2.2574797242214117e-05,2.3053650956653278,,
1160,0.018000000000000002,305.77307347406071,305.7730979161081,-2.4442047390493826e-05,2.156911403743242,,
1160,0.019,306.04925579226244,306.04928239961151,-2.6607349070673081e-05,1.9493192628815705,,
1160,0.02,306.34394275397898,306.34397204510412,-2.9291125144936814e-05,1.670428371648228,,
1170,0,303.55939495206673,303.55939149964735,3.4524193779361667e-06,2.5499999854647428,,
1170,0.001,303.56591337383128,303.56591000506745,3.3687638278934173e-06,2.5499999724454714,,
1170,0.002,303.58548714395118,303.5854840410766,3.102874586602411e-06,2.5499999025265163,,
1170,0.0030000000000000001,303.61817191401025,303.61816925968589,2.654324362083571e-06,2.5499996157902318,,
1170,0.0040000000000000001,303.66406079460268,303.66405877917555,2.0154271282990521e-06,2.5499985004411498,,
1170,0.0050000000000000001,303.72328479105153,303.72328361637864,1.1746728887374047e-06,2.5499943921765493,,
1170,0.0060000000000000001,303.79601318702282,303.7960130697881,1.1723471970981336e-07,2.5499801747440509,,
1170,0.0070000000000000001,303.88245363298154,303.88245480616246,-1.1731809195225651e-06,2.5499341895008611,,
1170,0.0080000000000000002,303.98285161453407,303.9828543250448,-2.710510727865767e-06,2.5497956440470086,,
1170,0.0090000000000000011,304.09748891795783,304.09749341820435,-4.5002465185461915e-06,2.5494076756105755,,
1170,0.01,304.2266807144224,304.22668724583616,-6.531413760058058e-06,2.5483992931520243,,
1170,0.010999999999999999,304.37077100600203,304.37077977420211,-8.7682000753375178e-06,2.5459685885344592,,
1170,0.012,304.53012647796919,304.53013762277942,-1.1144810230234725e-05,2.5405360271857473,,
1170,0.013000000000000001,304.7051293212981,304.70514289051653,-1.3569218424436258e-05,2.5292749461928028,,
1170,0.014,304.8961702802078,304.89618622215875,-1.5941950948672456e-05,2.5076034618438734,,
1170,0.014999999999999999,305.10364383977213,305.1036620300564,-1.8190284265529044e-05,2.4688143162055929,,
1170,0.016,305.32794771423579,305.32796801910479,-2.0304868996845471e-05,2.4040646806015444,,
1170,0.017000000000000001,305.56948817371432,305.56951053223435,-2.2358520027410123e-05,2.3028703495219687,,
1170,0.018000000000000002,305.82869105423811,305.82871554443346,-2.4490195357884659e-05,2.1540011726892065,,
1170,0.019,306.10601591627051,306.10604276507377,-2.6848803258872067e-05,1.9462289419046506,,
1170,0.02,306.40196876409937,306.40199829688055,-2.9532781184116175e-05,1.6674678882796605,,
1180,0,303.60355317530326,303.603549699224,3.476079257325182e-06,2.5499999831119,,
1180,0.001,303.61011348297035,303.61011009333356,3.3896367881425249e-06,2.5499999682675067,,
1180,0.002,303.6298130927172,303.62980997782586,3.1148913421930047e-06,2.5499998892444333,,
1180,0.0030000000000000001,303.66270814088313,303.66270549051194,2.6503711865188961e-06,2.5499995688936639,,
1180,0.0040000000000000001,303.70889233787784,303.70889035052522,1.9873526184710499e-06,2.5499983371879558,,
1180,0.0050000000000000001,303.768497081129,303.76849596683132,1.114297674575937e-06,2.5499938506165356,,
1180,0.0060000000000000001,303.84169137778747,303.84169135926811,1.8519358491175808e-08,2.5499784869821087,,
1180,0.0070000000000000001,303.92868135350489,303.92868266440155,-1.3108966641084407e-06,2.5499292852478717,,
1180,0.0080000000000000002,304.02970908600776,304.02971196469667,-2.8786889174625685e-06,2.5497824184441407,,
1180,0.0090000000000000011,304.14505051200734,304.14505518988898,-4.6778816340520279e-06,2.5493746791617524,,
1180,0.01,304.2750122423389,304.27501892667931,-6.6843404056271538e-06,2.5483233090649495,,
1180,0.010999999999999999,304.41992731058798,304.4199361643029,-8.8537149167677853e-06,2.5458073716759229,,
1180,0.012,304.5801501813346,304.58016130505257,-1.1123717968075653e-05,2.5402213009101531,,
1180,0.013000000000000001,304.75605171637744,304.75606514044819,-1.3424070743894845e-05,2.5287102141965039,,
1180,0.014,304.94801513615835,304.94803083016308,-1.5694004730448796e-05,2.5066727305124998,,
1180,0.014999999999999999,305.15643415500676,305.15645205767674,-1.7902669981140207e-05,2.4674061318970786,,
1180,0.016,305.38171423791107,305.38173430159844,-2.0063687372839922e-05,2.4021097545033201,,
1180,0.017000000000000001,305.62427723422661,305.6242994696463,-2.2235419692151481e-05,2.3003824069780783,,
1180,0.018000000000000002,305.88456859314732,305.8845930959169,-2.450276957688402e-05,2.1511044745270378,,
1180,0.019,306.16306528265096,306.16309222649909,-2.6943848126848025e-05,1.943156702747193,,
1180,0.02,306.46028187540009,306.46031148239047,-2.9606990381125797e-05,1.664526397494388,,
1190,0,303.64799534283236,303.64799186182893,3.4810034321708372e-06,2.549999980425333,,
1190,0.001,303.65459781538794,303.65459442475913,3.3906288194884837e-06,2.5499999635373385,,
1190,0.002,303.67442397366079,303.67442086960887,3.1040519274938561e-06,2.5499998744054047,,
1190,0.0030000000000000001,303.7075300521999,303.70752743224392,2.6199559783890436e-06,2.5499995171497845,,
1190,0.0040000000000000001,303.75400971576971,303.7540077853194,1.9304503098283021e-06,2.5499981591574858,,
1190,0.0050000000000000001,303.81399386886159,303.81399284262255,1.0262390333082294e-06,2.5499932665084768,,
1190,0.0060000000000000001,303.88765018480245,303.88765028581929,-1.0101683756147395e-07,2.5499766853596255,,
1190,0.0070000000000000001,303.97518218335097,303.97518363881613,-1.4554651670550811e-06,2.5499241005518529,,
1190,0.0080000000000000002,304.076827686603,304.0768307198033,-3.0332003007060848e-06,2.5497685618239112,,
1190,0.0090000000000000011,304.19285653456848,304.19286135311557,-4.8185470973294287e-06,2.5493403947579609,,
1190,0.01,304.32356755518583,304.32357433699576,-6.781809929634619e-06,2.5482449590637817,,
1190,0.010999999999999999,304.46928495888886,304.46929383896594,-8.8800770754460245e-06,2.5456422830822607,,
1190,0.012,304.63035454228606,304.63036560460563,-1.106231957237469e-05,2.5399010151656922,,
1190,0.013000000000000001,304.80714028643678,304.80715356528987,-1.3278853089104814e-05,2.5281386603416025,,
1190,0.014,305.00002204435305,305.00003753768948,-1.5493336434246885e-05,2.5057352444775089,,
1190,0.014999999999999999,305.20939494644762,305.20941263992574,-1.7693478127966955e-05,2.4659934563938259,,
1190,0.016,305.43567085948763,305.4356907553514,-1.9895863772489975e-05,2.4001550969576022,,
1190,0.017000000000000001,305.67928173409587,305.67930387559886,-2.2141502995509654e-05,2.2979012815172508,,
1190,0.018000000000000002,305.94068408162627,305.94070856320337,-2.4481577099777496e-05,2.148221191038171,,
1190,0.019,306.22036332187696,306.22039027909597,-2.695721900636272e-05,1.9401023562096738,,
1190,0.02,306.51883654141602,306.5188661339501,-2.9592534076527954e-05,1.6616035649926322,,
1200,0,303.69272243264618,303.69271897459151,3.4580546639517706e-06,2.5499999773645832,,
1200,0.001,303.69936706263513,303.69936369912182,3.3635133149800822e-06,2.549999958193049,,
1200,0.002,303.719319624918,303.71931656012293,3.064795066620718e-06,2.5499998578576357,,
1200,0.0030000000000000001,303.75263609419545,303.75263353248033,2.5617151209189615e-06,2.5499994601521982,,
1200,0.0040000000000000001,303.79940952576999,303.79940767716334,1.848606643761741e-06,2.5499979652978073,,
1200,0.0050000000000000001,303.85976962542702,303.8597687056324,9.1979461558366893e-07,2.5499926373252095,,
1200,0.0060000000000000001,303.93388199789922,303.93388222585173,-2.2795251197749167e-07,2.5499747643642809,,
1200,0.0070000000000000001,304.02194696590334,304.02194855850996,-1.592606622580206e-06,2.5499186246989924,,
1200,0.0080000000000000002,304.12419787454797,304.1242010386963,-3.1641483246858115e-06,2.5497540560542586,,
1200,0.0090000000000000011,304.24089885927657,304.24090378196587,-4.9226892997467075e-06,2.5493047966763642,,
1200,0.01,304.37234215771497,304.37234899608382,-6.8383688471840287e-06,2.5481642150695167,,
1200,0.010999999999999999,304.51884517443608,304.51885404822553,-8.873789454355574e-06,2.5454733059091912,,
1200,0.012,304.6807476354316,304.68075862463337,-1.0989201769007195e-05,2.5395751850730637,,
1200,0.013000000000000001,304.85840925559251,304.85842240531605,-1.3149723542937863e-05,2.5275603505930491,,
1200,0.014,305.05220834294278,305.05222367577863,-1.5332835857861937e-05,2.5047911219806802,,
1200,0.014999999999999999,305.26254164413223,305.26255917781396,-1.7533681727854855e-05,2.4645764310884957,,
1200,0.016,305.48982549255828,305.48984525835016,-1.9765791876125149e-05,2.3982008152922858,,
1200,0.017000000000000001,305.73449799198841,305.73452004797025,-2.2055981844459893e-05,2.2954269845105517,,
1200,0.018000000000000002,305.99702163534522,305.99704606941089,-2.4434065664991067e-05,2.1453512068665752,,
1200,0.019,306.27788552358868,306.27791244400157,-2.6920412892650347e-05,1.937065707669944,,
1200,0.02,306.57760606798792,306.57763583357183,-2.9765583917651384e-05,1.6586990933657553,,
1210,0,303.7377335702447,303.73773016450872,3.4057359812322829e-06,2.5499999738851606,,
1210,0.001,303.74442009732644,303.74441679087806,3.3064483773159736e-06,2.5499999521670875,,
1210,0.002,303.76449818441426,303.76449518697376,2.9974405038046825e-06,2.5499998394377115,,
1210,0.0030000000000000001,303.79802326650815,303.79802078739749,2.4791106625343673e-06,2.5499993974689983,,
1210,0.0040000000000000001,303.84508737409868,303.84508562549786,1.7486008232481254e-06,2.5499977545044819,,
1210,0.0050000000000000001,303.90581854443758,303.90581774031443,8.0412314673594665e-07,2.5499919604441441,,
1210,0.0060000000000000001,303.98037990654353,303.98038025948534,-3.5294181088829646e-07,2.5499727183395411,,
1210,0.0070000000000000001,304.06896838775123,304.0689701037017,-1.715950475045247e-06,2.5499128468156034,,
1210,0.0080000000000000002,304.17181301950029,304.17181629086576,-3.2713654718463658e-06,2.5497388829367464,,
1210,0.0090000000000000011,304.28917287738756,304.28917787554798,-4.9981604206550401e-06,2.5492678594137335,,
1210,0.01,304.42133476775609,304.42134163654606,-6.8687899670294428e-06,2.5480810496996469,,
1210,0.010999999999999999,304.56861085574303,304.5686197077427,-8.8519996666036604e-06,2.5453004244693536,,
1210,0.012,304.73133649485391,304.73134741231479,-1.0917460883774766e-05,2.5392438269224087,,
1210,0.013000000000000001,304.90986853225587,304.90988157447458,-1.3042218711234455e-05,2.5269753512314166,,
1210,0.014,305.10458424546732,305.104599464486,-1.5219018678180873e-05,2.5038404799064922,,
1210,0.014999999999999999,305.31588047623785,305.31589794083732,-1.7464599466165964e-05,2.4631551943387429,,
1210,0.016,305.54417028421744,305.54419009615339,-1.9811935942470882e-05,2.3962470133618807,,
1210,0.017000000000000001,305.78986828131525,305.78989046248716,-2.2181171914326114e-05,2.2929595253648833,,
1210,0.018000000000000002,306.05334572901495,306.05336970849254,-2.3979477589364251e-05,2.1424944094156513,,
1210,0.019,306.33483401741876,306.33485786849008,-2.3851071318858885e-05,1.9340465586505675,,
1210,0.02,306.6342840404028,306.63430443809682,-2.0397694015628076e-05,1.6558112761890016,,
1220,0,303.7830263637947,303.78302303961556,3.3241791470572934e-06,2.549999969938241,,
1220,0.001,303.78975433868663,303.78975111642262,3.2222640129475622e-06,2.5499999453858808,,
1220,0.002,303.80995653627804,303.80995363023459,2.9060434485472797e-06,2.549999818969988,,
1220,0.0030000000000000001,303.84368766828612,303.8436852906492,2.3776369175720902e-06,2.5499993286417952,,
1220,0.0040000000000000001,303.89103848662671,303.89103684970496,1.636921751924092e-06,2.5499975256193239,,
1220,0.0050000000000000001,303.9521351111876,303.95213442565711,6.8553049459296744e-07,2.5499912331464296,,
1220,0.0060000000000000001,304.02713804729075,304.02713851886756,-4.7157681137832697e-07,2.549970541485862,,
1220,0.0070000000000000001,304.11624088177143,304.11624270654073,-1.8247692992190423e-06,2.5499067558736837,,
1220,0.0080000000000000002,304.21966867468274,304.21967203372537,-3.3590426369300985e-06,2.5497230242174354,,
1220,0.0090000000000000011,304.3376761063667,304.33768116079665,-5.0544299483590294e-06,2.5492295576986619,,
1220,0.01,304.47054548241738,304.47055237037029,-6.8879529067089607e-06,2.547995436270603,,
1220,0.010999999999999999,304.61858470717237,304.61859354459295,-8.8374205802210781e-06,2.5451236242114241,,
1220,0.012,304.78212522623767,304.78213611356438,-1.0887326709507761e-05,2.5389069581269674,,
1220,0.013000000000000001,304.96151953630761,304.96153257161421,-1.3035306608344399e-05,2.5263837288040545,,
1220,0.014,305.15713689572061,305.15715218363493,-1.5287914322925644e-05,2.5028834337737509,,
1220,0.014999999999999999,305.36935413766565,305.36937175660222,-1.7618936567487253e-05,2.4617298815288806,,
1220,0.016,305.59853636079686,305.59855622848033,-1.9867683477059472e-05,2.3942937916509623,,
1220,0.017000000000000001,305.84500137076077,305.84502298902311,-2.1618262337597116e-05,2.2904989116870826,,
1220,0.018000000000000002,306.10896484199014,306.1089870451874,-2.2203197261205787e-05,2.139650688438488,,
1220,0.019,306.39047214551823,306.39049305948504,-2.0913966807256656e-05,1.9310446992021981,,
1220,0.02,306.6893348607295,306.689352183474,-1.7322744497505482e-05,1.6529397665639358,,
1230,0,303.82859737072187,303.82859415063336,3.2200885016209213e-06,2.5499999654703358,,
1230,0.001,303.83536622648666,303.83536310983152,3.1166551366368367e-06,2.54999993776944,,
1230,0.002,303.85569079755936,303.8556880010637,2.7964956643700134e-06,2.5499997962659524,,
1230,0.0030000000000000001,303.88962497709025,303.88962271388402,2.2632062268712616e-06,2.5499992531847337,,
1230,0.0040000000000000001,303.93725812241223,303.9372566035172,1.518895032859291e-06,2.5499972774291728,,
1230,0.0050000000000000001,303.99871435659696,303.99871378886246,5.6773450296532246e-07,2.5499904526161883,,
1230,0.0060000000000000001,304.07415158319293,304.07415216628283,-5.8308989991928684e-07,2.5499682278620361,,
1230,0.0070000000000000001,304.16376022468546,304.16376214754365,-1.9228581891184149e-06,2.5499003406965559,,
1230,0.0080000000000000002,304.26776170716886,304.26776514478854,-3.4376196822449856e-06,2.5497064615975957,,
1230,0.0090000000000000011,304.38640671208685,304.38641182384708,-5.1117602311023802e-06,2.5491898665032515,,
1230,0.01,304.51997316278897,304.51998009376325,-6.9309742798395746e-06,2.5479073487995123,,
1230,0.010999999999999999,304.66876374638241,304.66877263188866,-8.8855062472248392e-06,2.5449428916991219,,
1230,0.012,304.83310240901091,304.83311337870066,-1.0969689753892453e-05,2.5385645971779542,,
1230,0.013000000000000001,305.0133286514224,305.01334182160201,-1.3170179613553046e-05,2.5257855500785698,,
1230,0.014,305.20978766522973,305.20980310030046,-1.5435070736202761e-05,2.501920097728886,,
1230,0.014999999999999999,305.42281372021364,305.42283134614723,-1.7625933594445087e-05,2.4603006251298418,,
1230,0.016,305.65270437852678,305.65272385133392,-1.9472807139209181e-05,2.3923412473763999,,
1230,0.017000000000000001,305.89968479451471,305.89970536542353,-2.057090881635304e-05,2.2880451494409946,,
1230,0.018000000000000002,306.16386483079509,306.16388528476978,-2.0453974684642162e-05,2.136819935493397,,
1230,0.019,306.44519618539869,306.44521491480162,-1.8729402938788553e-05,1.9280598922780525,,
1230,0.02,306.74344013454504,306.7434553681797,-1.5233634655942296e-05,1.6500849200588126,,
1240,0,303.87444255629396,303.87443945648113,3.0998128295323113e-06,2.5499999604229657,,
1240,0.001,303.88125167013391,303.88124867428547,2.995848433329229e-06,2.5499999292309461,,
1240,0.002,303.90169673349419,303.90169405892169,2.6745724994725606e-06,2.5499997711235856,,
1240,0.0030000000000000001,303.93583079153751,303.93582865093214,2.1406053747341502e-06,2.5499991705835137,,
1240,0.0040000000000000001,303.98374178498699,303.98374038752263,1.3974643593428482e-06,2.5499970086647124,,
1240,0.0050000000000000001,304.04555185461209,304.04555140403289,4.5057919351165765e-07,2.5499896159398618,,
1240,0.0060000000000000001,304.12141636756297,304.12141706005036,-6.9248739009708515e-07,2.5499657713866859,,
1240,0.0070000000000000001,304.21152266171276,304.21152468411088,-2.0223981209710473e-06,2.5498935899646122,,
1240,0.0080000000000000002,304.31608847665495,304.31609200575298,-3.5290980235913594e-06,2.5496891767442538,,
1240,0.0090000000000000011,304.43535997019575,304.43536517343159,-5.2032358439646487e-06,2.549148761054183,,
1240,0.01,304.56960907476679,304.5696161114148,-7.0366480144912202e-06,2.5478167620050893,,
1240,0.010999999999999999,304.71912970269699,304.71913872201327,-9.0193162805007887e-06,2.5447582145898111,,
1240,0.012,304.88423196756673,304.88424309701151,-1.1129444771995622e-05,2.5382167636003414,,
1240,0.013000000000000001,305.06523322518524,305.06524653969484,-1.3314509601514146e-05,2.5251808819985171,,
1240,0.014,305.26244452631931,305.26245999201888,-1.5465699561900692e-05,2.500950584541171,,
1240,0.014999999999999999,305.47615127647697,305.47616867156523,-1.739508826403835e-05,2.4588675547583905,,
1240,0.016,305.70658777352912,305.70660660371954,-1.8830190413154924e-05,2.3903894745902821,,
1240,0.017000000000000001,305.95390692163016,305.95392636249971,-1.9440869550635398e-05,2.2855982430813828,,
1240,0.018000000000000002,306.21814853161516,306.2181674342263,-1.8902611145676929e-05,2.1340020430952102,,
1240,0.019,306.49921153812301,306.49922851949066,-1.6981367650714674e-05,1.9250918926488185,,
1240,0.02,306.7968362964051,306.79684991672207,-1.3620316963169898e-05,1.647246694122372,,
1250,0,303.92055765473486,303.9205546858667,2.9688681593142974e-06,2.5499999547323005,,
1250,0.001,303.92740639009816,303.92740352507468,2.8650234753513359e-06,2.5499999196763183,,
1250,0.002,303.94797003529783,303.9479674909266,2.5443712274864083e-06,2.5499997433267008,,
1250,0.0030000000000000001,303.98230078670838,303.98229877480657,2.0119018131481425e-06,2.5499990802944081,,
1250,0.0040000000000000001,304.03048516758383,304.03048389616856,1.2714152717308025e-06,2.5499967179993202,,
1250,0.0050000000000000001,304.09264331885873,304.0926429908435,3.2801523275338695e-07,2.5499887201056395,,
1250,0.0060000000000000001,304.1689279781138,304.16892879029035,-8.1217655178988934e-07,2.5499631658398889,,
1250,0.0070000000000000001,304.25952309407052,304.25952523662755,-2.1425570366773172e-06,2.5498864922211188,,
1250,0.0080000000000000002,304.36464195963617,304.36464561604902,-3.6564128436111787e-06,2.5496711513005521,,
1250,0.0090000000000000011,304.48452463902947,304.48452998523629,-5.3462068194676249e-06,2.5491062168432417,,
1250,0.01,304.6194343063122,304.61944150665624,-7.2003440436674282e-06,2.5477236513078556,,
1250,0.010999999999999999,304.76965191723673,304.76966111312106,-9.1958843313477701e-06,2.5445695816129921,,
1250,0.012,304.93546845169584,304.93547973820404,-1.1286508197372314e-05,2.5378634779097933,,
1250,0.013000000000000001,305.1171738805798,305.11718726777298,-1.3387193178004964e-05,2.5245697916412482,,
1250,0.014,305.31504215062898,305.31505751078032,-1.5360151337517891e-05,2.4999750055994343,,
1250,0.014999999999999999,305.52931195883218,305.52932896802031,-1.7009188127303787e-05,2.4574307972350815,,
1250,0.016,305.76016394661229,305.76018203667036,-1.8090058063080505e-05,2.388438564282743,,
1250,0.017000000000000001,306.00769608657788,306.00771442782082,-1.834124293509376e-05,2.2831581956531002,,
1250,0.018000000000000002,306.27190019533265,306.27191772764479,-1.7532312142520823e-05,2.131196903710542,,
1250,0.019,306.55264329333068,306.55265881244338,-1.5519112707806926e-05,1.9221404661021446,,
1250,0.02,306.84965756298732,306.84966985933431,-1.2296346994844498e-05,1.6444249651147722,,
1260,0,303.96693836032381,303.9669355303032,2.8300206054154842e-06,2.5499999483287956,,
1260,0.001,303.9738260767582,303.97382335035638,2.7264018171990756e-06,2.5499999090037702,,
1260,0.002,303.99450637612995,303.99450396967904,2.4064509034360526e-06,2.5499997126442766,,
1260,0.0030000000000000001,304.02903057934128,304.02902870450578,1.8748355046227516e-06,2.5499989817432849,,
1260,0.0040000000000000001,304.077483717657,304.07748258301393,1.1346430710545974e-06,2.5499964040479548,,
1260,0.0050000000000000001,304.13998375124277,304.13998356154701,1.8969575421579066e-07,2.5499877620029894,,
1260,0.0060000000000000001,304.2166803971399,304.21668135276411,-9.556242162034323e-07,2.5499604048649358,,
1260,0.0070000000000000001,304.30775345850481,304.30775575474729,-2.296242485044786e-06,2.5498790358780865,,
1260,0.0080000000000000002,304.41341046870707,304.41341429403758,-3.8253305092439405e-06,2.5496523668959123,,
1260,0.0090000000000000011,304.53388336052694,304.53388889203876,-5.5315118174803501e-06,2.5490622096372864,,
1260,0.01,304.66942375255366,304.66943114612496,-7.3935713089667843e-06,2.5476279928296579,,
1260,0.010999999999999999,304.82029634115645,304.82030571356648,-9.3724100338477001e-06,2.5443769825486449,,
1260,0.012,304.98676984637797,304.98678124745663,-1.1401078666040121e-05,2.5375047615706663,,
1260,0.013000000000000001,305.16910504712786,305.16911842238233,-1.3375254468428466e-05,2.5239523461778468,,
1260,0.014,305.36753971494886,305.36755486291935,-1.5147970486850681e-05,2.4989934709102335,,
1260,0.014999999999999999,305.58227074453436,305.58228727750054,-1.6532966185422993e-05,2.4559904766413605,,
1260,0.016,305.81343444907486,305.81345176906046,-1.7319985602171073e-05,2.3864886044839571,,
1260,0.017000000000000001,306.06108672493173,306.06110402736397,-1.7302432240740018e-05,2.2807250088459594,,
1260,0.018000000000000002,306.32518540719411,306.32520172077494,-1.6313580829319108e-05,2.1284044092232399,,
1260,0.019,306.60557742224995,306.60559168581381,-1.4263563855365646e-05,1.9192053926763517,,
1260,0.02,306.90199317005784,306.90200430064209,-1.1130584255170106e-05,1.6416195791933357,,
1270,0,304.01358026602855,304.0135775866359,2.6793926508617005e-06,2.5499999411368099,,
1270,0.001,304.02050628859945,304.02050371103093,2.5775685230655654e-06,2.5499998971033526,,
1270,0.002,304.04130118919244,304.04129893233954,2.256852894788608e-06,2.5499996788297716,,
1270,0.0030000000000000001,304.07601531546328,304.07601359225072,1.7232125628652284e-06,2.5499988743246327,,
1270,0.0040000000000000001,304.12473199832118,304.12473101951338,9.7880780458581285e-07,2.5499960653660847,,
1270,0.0050000000000000001,304.1875666282487,304.18756660182078,2.6427926513861166e-08,2.5499867384222701,,
1270,0.0060000000000000001,304.26466523712122,304.26466636724098,-1.1301197559987486e-06,2.5499574819702069,,
1270,0.0070000000000000001,304.35620243848581,304.35620492343526,-2.4849494479894929e-06,2.5498712092221902,,
1270,0.0080000000000000002,304.4623785077066,304.46238253554395,-4.0278373489854857e-06,2.5496328051560142,,
1270,0.0090000000000000011,304.58341530728785,304.58342104762147,-5.740333619996818e-06,2.5490167154876744,,
1270,0.01,304.71955069860991,304.7195582887208,-7.5901108971265785e-06,2.5475297633925438,,
1270,0.010999999999999999,304.87103105763271,304.87104058161526,-9.5239825554926938e-06,2.5441804082054631,,
1270,0.012,305.03810156598718,305.03811302657306,-1.1460585881195584e-05,2.5371406369550655,,
1270,0.013000000000000001,305.22099412897063,305.2210074124942,-1.3283523571772093e-05,2.5233286128350274,,
1270,0.014,305.41991320648276,305.41992804050801,-1.4834025250820559e-05,2.4980060890973861,,
1270,0.014999999999999999,305.63502111567357,305.63503701853591,-1.5902862344319146e-05,2.4545467143759749,,
1270,0.016,305.86642855678286,305.8664448195654,-1.626278253752389e-05,2.3845396803637806,,
1270,0.017000000000000001,306.11420731709927,306.11422326345445,-1.5946355176765792e-05,2.2782986830061986,,
1270,0.018000000000000002,306.37846039743732,306.37847633696271,-1.5939525383146247e-05,2.1256244510249611,,
1270,0.019,306.65948894668622,306.65950754211349,-1.8595427263790043e-05,1.9162864645616511,,
1270,0.02,306.95804283446216,306.95806933880351,-2.6504341349209426e-05,1.6388307783485052,,
1280,0,304.06047855986515,304.06047604395246,2.5159126835205825e-06,2.5499999330742051,,
1280,0.001,304.0674421220362,304.06743970890756,2.4131286409101449e-06,2.5499998838564788,,
1280,0.002,304.08834926886499,304.08834717938089,2.0894840986329655e-06,2.5499996416204365,,
1280,0.0030000000000000001,304.12324919601122,304.12324764553563,1.5504755879192089e-06,2.5499987574005871,,
1280,0.0040000000000000001,304.17222319610971,304.17222239831113,7.9779857742323657e-07,2.5499957004486551,,
1280,0.0050000000000000001,304.23538354044285,304.23538370624686,-1.6580401052124216e-07,2.5499856460544512,,
1280,0.0060000000000000001,304.3128717597437,304.31287309525038,-1.3355066812437144e-06,2.5499543905311812,,
1280,0.0070000000000000001,304.40485616264806,304.40485886519326,-2.7025452027373831e-06,2.5498630004207357,,
1280,0.0080000000000000002,304.51152837639449,304.51153262754696,-4.251152461165475e-06,2.5496124477125499,,
1280,0.0090000000000000011,304.63309865418023,304.63310460819014,-5.9540099073274177e-06,2.5489697107391303,,
1280,0.01,304.76978969355201,304.76979745964968,-7.7660976671722892e-06,2.5474289405169923,,
1280,0.010999999999999999,304.92182881215723,304.92183842913886,-9.6169816288238508e-06,2.5439798503990012,,
1280,0.012,305.08943867532724,305.08945007721405,-1.1401886808926065e-05,2.5367711273029658,,
1280,0.013000000000000001,305.27282766572011,305.27284064146653,-1.2975746415122558e-05,2.5226986588589795,,
1280,0.014,305.47218290135322,305.47219707169131,-1.4170338090480072e-05,2.4970129674027715,,
1280,0.014999999999999999,305.6876721893795,305.68768706951641,-1.4880136916417541e-05,2.4530996292108389,,
1280,0.016,305.91946515117456,305.91948040570674,-1.5254532172548352e-05,2.3825918743271433,,
1280,0.017000000000000001,306.16778542265962,306.16780134019484,-1.5917535222342849e-05,2.2758792171227538,,
1280,0.018000000000000002,306.43300015979656,306.43301815007959,-1.7990283026847464e-05,2.1228569204388146,,
1280,0.019,306.71573679221359,306.71575953683237,-2.2744618775050185e-05,1.9133834862683752,,
1280,0.02,307.0169950301264,307.01702601654165,-3.0986415254119493e-05,1.6360584135833358,,
1290,0,304.10762762544363,304.10762529492331,2.3305203171730682e-06,2.5499999240519364,,
1290,0.001,304.11462781220456,304.11462558603534,2.2261692151914758e-06,2.549999869135434,,
1290,0.002,304.1356443835511,304.13564248560209,1.8979490050696768e-06,2.5499996007366081,,
1290,0.0030000000000000001,304.17072514540155,304.17072379404641,1.3513551380128774e-06,2.5499986302999673,,
1290,0.0040000000000000001,304.21994893371033,304.21994834522968,5.8848064554695156e-07,2.5499953077290978,,
1290,0.0050000000000000001,304.28342427975542,304.28342466642277,-3.8666735235892702e-07,2.5499844814909074,,
1290,0.0060000000000000001,304.3612873842265,304.36128895067276,-1.5664462580389227e-06,2.549951123792543,,
1290,0.0070000000000000001,304.45369925401451,304.45370219088318,-2.9368686682573752e-06,2.5498543975276409,,
1290,0.0080000000000000002,304.56084184107283,304.56084631459782,-4.4735249957739143e-06,2.549591276212769,,
1290,0.0090000000000000011,304.68291306736796,304.68291920326271,-6.1358947505141259e-06,2.5489211720381215,,
1290,0.01,304.82012079021825,304.82012865067827,-7.860460016217985e-06,2.5473255024196129,,
1290,0.010999999999999999,304.97267616890889,304.97268572423383,-9.555324936627585e-06,2.5437753019298541,,
1290,0.012,305.14078767543407,305.14079877942504,-1.1103990971150779e-05,2.5363962566834322,,
1290,0.013000000000000001,305.32465823528332,305.32467062724055,-1.2391957227464445e-05,2.522062551481028,,
1290,0.014,305.52448953935448,305.52450290875834,-1.3369403859542217e-05,2.4960142116882325,,
1290,0.014999999999999999,305.74049881632931,305.74051296278242,-1.4146453111152368e-05,2.4516493373461343,,
1290,0.016,305.97295312831022,305.97296821123251,-1.5082922288911504e-05,2.3806452661033424,,
1290,0.017000000000000001,306.22222322391286,306.22224002746304,-1.6803550181521132e-05,2.2734666088127589,,
1290,0.018000000000000002,306.48885265116758,306.48887273566783,-2.0084500249595294e-05,2.1201017092188996,,
1290,0.019,306.77362967980673,306.77365529367893,-2.5613872196572629e-05,1.9104962775477174,,
1290,0.02,307.07764321351965,307.07767694344693,-3.3729927281456185e-05,1.6333021344754988,,
1300,0,304.15502071434361,304.15501859687458,2.117469023232843e-06,2.5499999139736231,,
1300,0.001,304.16205642582327,304.16205441451223,2.0113110394959222e-06,2.5499998528028733,,
1300,0.002,304.1831790361079,304.18317735806335,1.6780445548647549e-06,2.5499995558809991,,
1300,0.0030000000000000001,304.21843470289809,304.21843357906295,1.1238351476094977e-06,2.5499984923173225,,
1300,0.0040000000000000001,304.26789937775942,304.2678990253948,3.5236462281318381e-07,2.5499948855783878,,
1300,0.0050000000000000001,304.33167727755432,304.33167790685076,-6.2929643718234729e-07,2.5499832412233192,,
1300,0.0060000000000000001,304.40989862538072,304.40990043352713,-1.8081464077113196e-06,2.5499476748704115,,
1300,0.0070000000000000001,304.50271658820816,304.50271974983218,-3.1616240221410408e-06,2.5498453884894565,,
1300,0.0080000000000000002,304.61030340220719,304.61030805521835,-4.6530111603715341e-06,2.549569272328807,,
1300,0.0090000000000000011,304.73284584609718,304.73285207305423,-6.2269570548778574e-06,2.5488710763406903,,
1300,0.01,304.87054055286427,304.87054836083905,-7.8079747822812351e-06,2.5472194280102394,,
1300,0.010999999999999999,305.02359018529478,305.02359949227883,-9.3069840545467741e-06,2.5435667565617743,,
1300,0.012,305.19220222508454,305.19221286728333,-1.0642198787991219e-05,2.5360160499568303,,
1300,0.013000000000000001,305.37659289429632,305.37660467250038,-1.1778204054735397e-05,2.5214203578850558,,
1300,0.014,305.57699921347069,305.57701199226085,-1.2778790164702514e-05,2.4950099264386538,,
1300,0.014999999999999999,305.79370191492512,305.79371577140961,-1.3856484486041154e-05,2.4501959524649433,,
1300,0.016,306.02706039446173,306.02707578523683,-1.5390775104151544e-05,2.3786999328287788,,
1300,0.017000000000000001,306.2775579397229,306.27757582816122,-1.7888438321733702e-05,2.2710608543241264,,
1300,0.018000000000000002,306.54585160261399,306.54587348092042,-2.1878306426970084e-05,2.1173587100742068,,
1300,0.019,306.83281750823664,306.83284526963604,-2.776139939442146e-05,1.9076246670095354,,
1300,0.02,307.13958071878983,307.13961640258714,-3.5683797307228815e-05,1.630561706472696,,
1310,0,304.20264979497978,304.20264792081622,1.874163558568398e-06,2.5499999027351046,,
1310,0.001,304.20971974248886,304.20971797591216,1.766576701811573e-06,2.549999834711306,,
1310,0.002,304.23094444854041,304.23094301880894,1.429731469215767e-06,2.5499995067379806,,
1310,0.0030000000000000001,304.26636820253401,304.26636733114151,8.7139250126710976e-07,2.549998342711977,,
1310,0.0040000000000000001,304.31606375027582,304.31606365185121,9.8424607131164521e-08,2.5499944323041359,,
1310,0.0050000000000000001,304.38013066754951,304.3801315444008,-8.7685128846715088e-07,2.5499819216436581,,
1310,0.0060000000000000001,304.45869305969433,304.45869509341844,-2.0337241153356445e-06,2.5499440367546664,,
1310,0.0070000000000000001,304.55189664229522,304.55189998209278,-3.3397975585103268e-06,2.5498359611513894,,
1310,0.0080000000000000002,304.65990539310383,304.6599101414804,-4.7483765683864476e-06,2.5495464177667873,,
1310,0.0090000000000000011,304.78289820224944,304.78290440084498,-6.198595542628027e-06,2.5488194009197938,,
1310,0.01,304.9210662964407,304.92107391769883,-7.6212581348045205e-06,2.5471106968885313,,
1310,0.010999999999999999,305.0746126450814,305.07462159853634,-8.9534549374548078e-06,2.5433542089998546,,
1310,0.012,305.24375497880197,305.24376514215925,-1.0163357273995643e-05,2.5356305327381037,,
1310,0.013000000000000001,305.42873429150382,305.42874557405895,-1.1282555135494476e-05,2.520772145176605,,
1310,0.014,305.62983052416394,305.62984296181173,-1.2437647797014506e-05,2.4940002147660452,,
1310,0.014999999999999999,305.84738632376025,305.84740019147165,-1.3867711402326677e-05,2.4487395857869552,,
1310,0.016,306.08183824601315,306.08185415923623,-1.5913223080588068e-05,2.3767559491231038,,
1310,0.017000000000000001,306.33375269255532,306.3337716606074,-1.8968052074797015e-05,2.2686619485629271,,
1310,0.018000000000000002,306.60386171944452,306.60388511759049,-2.3398145970077167e-05,2.1146278171537634,,
1310,0.019,306.8930923294003,306.89312177474631,-2.9445346001466532e-05,1.9047684858950418,,
1310,0.02,307.2025826655539,307.20261982762224,-3.7162068338147947e-05,1.6278369209377124,,
1320,0,304.25050567423511,304.25050407053209,1.6037030263760244e-06,2.5499998902239853,,
1320,0.001,304.25760842770705,304.25760693172651,1.4959805412217975e-06,2.5499998147025629,,
1320,0.002,304.27893089913238,304.27892973934286,1.1597895195336605e-06,2.5499994529728465,,
1320,0.0030000000000000001,304.31451541519692,304.31451480976477,6.0543214885910857e-07,2.5499981807070999,,
1320,0.0040000000000000001,304.3644314525734,304.36443160834995,-1.5577654721710132e-07,2.5499939461497427,,
1320,0.0050000000000000001,304.42877407532859,304.42877518062141,-1.1052928243771021e-06,2.5499805190442579,,
1320,0.0060000000000000001,304.50766185119579,304.50766406631658,-2.215120787241176e-06,2.5499402023113746,,
1320,0.0070000000000000001,304.60123443464573,304.60123788096502,-3.446319283284538e-06,2.5498261032633311,,
1320,0.0080000000000000002,304.70965016770754,304.70965491731101,-4.7496034767391393e-06,2.549522694275689,,
1320,0.0090000000000000011,304.83308427733067,304.83309034714568,-6.0698150150528818e-06,2.5487661233721526,,
1320,0.01,304.97172851780294,304.97173587375119,-7.3559482416385435e-06,2.5469992893400817,,
1320,0.010999999999999999,305.12579336197808,305.12580193940363,-8.5774255467185867e-06,2.5431376548687639,,
1320,0.012,305.29551399091537,305.2955237361474,-9.7452320346747001e-06,2.5352397313610719,,
1320,0.013000000000000001,305.48116124584186,305.481172179456,-1.093361413495586e-05,2.5201179803536138,,
1320,0.014,305.68305827222554,305.68307056750751,-1.2295281976548722e-05,2.4929851784145982,,
1320,0.014999999999999999,305.9016027434547,305.90161680523352,-1.4061778813356796e-05,2.4472803461211798,,
1320,0.016,306.13729335438666,306.13730987683505,-1.6522448390787758e-05,2.3748133871599899,,
1320,0.017000000000000001,306.39075792401491,306.39077790462585,-1.9980610943548527e-05,2.2662698851469307,,
1320,0.018000000000000002,306.66277927517496,306.66280396812118,-2.4692946226423373e-05,2.1119089263271635,,
1320,0.019,306.95431445345031,306.95434525906245,-3.0805612141193706e-05,1.9019275665828801,,
1320,0.02,307.26650307220018,307.26654143962725,-3.83674270665324e-05,1.6251275810440167,,
1330,0,304.29857852238155,304.29857720333217,1.3190493746151333e-06,2.5499998763191623,,
1330,0.001,304.30571262215977,304.30571141024302,1.211916753618425e-06,2.5499997926072528,,
1330,0.002,304.32712850213744,304.32712761909448,8.8304295786656439e-07,2.5499993942310906,,
1330,0.0030000000000000001,304.36286662699729,304.36286628289997,3.440973159740679e-07,2.5499980054887739,,
1330,0.0040000000000000001,304.41299348716944,304.41299387647086,-3.89301419545518e-07,2.5499934252935783,,
1330,0.0050000000000000001,304.47760027238672,304.4776015659703,-1.2935835798089101e-06,2.5499790296179756,,
1330,0.0060000000000000001,304.55680123390039,304.55680357036471,-2.3364643197965052e-06,2.549936164285306,,
1330,0.0070000000000000001,304.65073201935985,304.65073549700276,-3.4776429060912051e-06,2.549815802485881,,
1330,0.0080000000000000002,304.75954841698092,304.75955308907368,-4.6720927571186621e-06,2.5494980836559908,,
1330,0.0090000000000000011,304.88342612197482,304.88343199896775,-5.8769929296431656e-06,2.548711221624623,,
1330,0.01,305.02256230399593,305.02256936677435,-7.0627784225507639e-06,2.5468851863320672,,
1330,0.010999999999999999,305.17717985505476,305.17718808271235,-8.2276575881223835e-06,2.5429170906910774,,
1330,0.012,305.34753516227744,305.34754457579845,-9.41352101335724e-06,2.5348436728437318,,
1330,0.013000000000000001,305.53392999995151,305.53394072020103,-1.0720249520090874e-05,2.5194579302786866,,
1330,0.014,305.73672754935126,305.73673986505759,-1.231570632853618e-05,2.4919649177666514,,
1330,0.014999999999999999,305.95637121480996,305.95638565299248,-1.4438182518006215e-05,2.445818339917452,,
1330,0.016,306.19340135329531,306.19341871661368,-1.7363318363550206e-05,2.3728723167340893,,
1330,0.017000000000000001,306.44845642959029,306.44847761633372,-2.1186743424550514e-05,2.2638846564809705,,
1330,0.018000000000000002,306.72223152486623,306.72225681167777,-2.5286811535352172e-05,2.1092019352325981,,
1330,0.019,307.01536394583587,307.01539195197319,-2.8006137313241197e-05,1.899101743024014,,
1330,0.02,307.32825385126733,307.3282813331661,-2.7481898769110558e-05,1.6224346461493266,,
1340,0,304.34685877453046,304.34685773960638,1.0349240824325534e-06,2.5499998608903343,,
1340,0.001,304.35402288195519,304.35402194962836,9.3232682729649241e-07,2.5499997682442062,,
1340,0.002,304.37552824473477,304.37552762669719,6.1803757489542477e-07,2.5499993301376551,,
1340,0.0030000000000000001,304.41141376731139,304.41141366145854,1.0585284826447605e-07,2.5499978162050856,,
1340,0.0040000000000000001,304.46174355577432,304.46174414146776,-5.8569344218994956e-07,2.5499928678482338,,
1340,0.0050000000000000001,304.52660595906798,304.52660738954825,-1.4304802675724204e-06,2.5499774494584471,,
1340,0.0060000000000000001,304.60611252148658,304.60611491708318,-2.3955965957611625e-06,2.5499319153025457,,
1340,0.0070000000000000001,304.70039717672859,304.70040062061474,-3.4438861575836199e-06,2.549805046396362,,
1340,0.0080000000000000002,304.80961613606763,304.8096206750551,-4.5389874685497489e-06,2.5494725677680692,,
1340,0.0090000000000000011,304.93394903610357,304.93395468948484,-5.6533812653469795e-06,2.5486546739400784,,
1340,0.01,305.07360197479113,305.07360875419965,-6.7794085225614253e-06,2.5467683695084395,,
1340,0.010999999999999999,305.22881300727875,305.22882094977308,-7.9424943351114052e-06,2.5426925138656928,,
1340,0.012,305.39986036372528,305.39986957876971,-9.2150444288563449e-06,2.534442384854561,,
1340,0.013000000000000001,305.58707285113076,305.58708357744649,-1.0726315736064862e-05,2.5187920616528823,,
1340,0.014,305.79084026475886,305.79085291605884,-1.2651299982735509e-05,2.49093953184954,,
1340,0.014999999999999999,306.0116189315558,306.01163407482574,-1.5143269934014825e-05,2.4443536713166885,,
1340,0.016,306.24992428828557,306.24994247028582,-1.8182000246724783e-05,2.3709328053258356,,
1340,0.017000000000000001,306.50630085709321,306.50632225580472,-2.1398711510300927e-05,2.2615062538445221,,
1340,0.018000000000000002,306.78126385714376,306.78128790795114,-2.4050807382991479e-05,2.1065067431934441,,
1340,0.019,307.07521845603856,307.07524370367742,-2.5247638859582366e-05,1.8962908588302814,,
1340,0.02,307.38837866632701,307.3884030555912,-2.4389264183355408e-05,1.6197580041594009,,
1350,0,304.39533814463744,304.39533737203436,7.7260307307369658e-07,2.5499998437975053,,
1350,0.001,304.40253118343657,304.40253050679399,6.7664257130672922e-07,2.5499997414199043,,
1350,0.002,304.42412294410781,304.42412256128478,3.8282303194137057e-07,2.5499992602961927,,
1350,0.0030000000000000001,304.46015122306079,304.46015131712971,-9.4068923317536246e-08,2.5499976119652263,,
1350,0.0040000000000000001,304.51067855704838,304.51067929162002,-7.3457164262435981e-07,2.5499922718597992,,
1350,0.0050000000000000001,304.57579170106516,304.57579321390034,-1.5128351833482157e-06,2.5499757745604117,,
1350,0.0060000000000000001,304.65560122056081,304.65560361937395,-2.3988131374608201e-06,2.5499274478731726,,
1350,0.0070000000000000001,304.75024152506961,304.75024488734761,-3.3622779938013991e-06,2.5497938224947987,,
1350,0.0080000000000000002,304.8598717436526,304.85987612278046,-4.3791278585558757e-06,2.5494461285403553,,
1350,0.0090000000000000011,304.98467786138633,304.98468330156845,-5.4401821216742974e-06,2.5485964589228747,,
1350,0.01,305.12487643543886,305.1248829973045,-6.5618656321930757e-06,2.5466488211847769,,
1350,0.010999999999999999,305.2807198916982,305.280727687818,-7.7961198030607193e-06,2.5424639226464509,,
1350,0.012,305.45250275302345,305.45251198585044,-9.2328269829522469e-06,2.5340358956798306,,
1350,0.013000000000000001,305.6405670988446,305.64057808204774,-1.0983203139858233e-05,2.5181204409909168,,
1350,0.014,305.84530421614795,305.8453173490222,-1.3132874244092818e-05,2.4899091183430961,,
1350,0.014999999999999999,306.06714824256198,306.06716390917251,-1.566661052265772e-05,2.4428864421995997,,
1350,0.016,306.30655750644763,306.30657589916638,-1.839271874359838e-05,2.3689949181651877,,
1350,0.017000000000000001,306.56398124251075,306.56400216291149,-2.0920400743307255e-05,2.2591346674808106,,
1350,0.018000000000000002,306.83981382391488,306.83983655478056,-2.2730865680387069e-05,2.1038232511635542,,
1350,0.019,307.13434457323712,307.13436790791786,-2.3334680747666425e-05,1.8934947813150267,,
1350,0.02,307.44771597990069,307.44773845226672,-2.2472366026704549e-05,1.6170969884389585,,
1360,0,304.44401045339112,304.44400990424737,5.4914374914005748e-07,2.5499998248904725,,
1360,0.001,304.45123170651232,304.45123124537275,4.6113956386761856e-07,2.5499997119279008,,
1360,0.002,304.47290788722188,304.47290769597566,1.9124621530863806e-07,2.5499991842883141,,
1360,0.0030000000000000001,304.50907621128448,304.50907645735236,-2.4606788429082371e-07,2.5499973918386085,,
1360,0.0040000000000000001,304.55979854216065,304.55979937472654,-8.3256588823132915e-07,2.5499916353072059,,
1360,0.0050000000000000001,304.62516130533669,304.62516285088032,-1.5455436255251698e-06,2.5499740008201335,,
1360,0.0060000000000000001,304.70527566537743,304.70527802659751,-2.3612200834577379e-06,2.5499227543940277,,
1360,0.0070000000000000001,304.80027822823439,304.80028148812323,-3.2598888424217876e-06,2.5497821182098854,,
1360,0.0080000000000000002,304.91033252936313,304.91033676211379,-4.2327506548645033e-06,2.5494187479772621,,
1360,0.0090000000000000011,305.03563147220348,305.03563676168488,-5.2894814075443719e-06,2.5485365555238371,,
1360,0.01,305.17640063914786,305.1764071031796,-6.4640317418707127e-06,2.5465265243426916,,
1360,0.010999999999999999,305.33290196568663,305.33290977993141,-7.8142447819118388e-06,2.5422313161208376,,
1360,0.012,305.50543665251183,305.50544606227885,-9.4097670171322534e-06,2.5336242341918456,,
1360,0.013000000000000001,305.6943454945507,305.69435679899436,-1.1304443660264951e-05,2.5174431345977428,,
1360,0.014,305.90000427702375,305.90001777271783,-1.349569407693707e-05,2.4888737735879367,,
1360,0.014999999999999999,306.12281190006127,306.1228277830088,-1.5882947536738357e-05,2.4414167522342693,,
1360,0.016,306.36316982050397,306.36318806625854,-1.8245754574763851e-05,2.3670587182954526,,
1360,0.017000000000000001,306.62145339214646,306.62147365454041,-2.0262393945813528e-05,2.2567698866806793,,
1360,0.018000000000000002,306.89797842967761,306.8980000049512,-2.1575273592588928e-05,2.1011513619731113,,
1360,0.019,307.19296895367825,307.19299084313514,-2.1889456888857239e-05,1.8907133879933704,,
1360,0.02,307.50653344093558,307.50655452129513,-2.108035954506704e-05,1.6144512640286477,,
1370,0,304.49287210237594,304.49287172618858,3.7618735859723529e-07,2.5499998040082912,,
1370,0.001,304.50012125002809,304.50012095358898,2.9643911148014013e-07,2.5499996795482249,,
1370,0.002,304.52188106600562,304.52188101515821,5.0847404509113403e-08,2.5499991016728374,,
1370,0.0030000000000000001,304.55818870164074,304.55818904943106,-3.4779031921061687e-07,2.5499971548540019,,
1370,0.0040000000000000001,304.60910617309389,304.60910705772136,-8.8462746816730942e-07,2.549990956101611,,
1370,0.0050000000000000001,304.67472063121727,304.67472217403673,-1.5428194615196844e-06,2.5499721240358979,,
1370,0.0060000000000000001,304.75514495232744,304.75514725986113,-2.3075336912370403e-06,2.5499178271515448,,
1370,0.0070000000000000001,304.85051879698045,304.8505219680099,-3.1710294479125878e-06,2.5497699209049145,,
1370,0.0080000000000000002,304.96101021527227,304.96101435318707,-4.137914800139697e-06,2.5493904081668588,,
1370,0.0090000000000000011,305.0868177151865,305.08682294401984,-5.2288333449723723e-06,2.5484749430448312,,
1370,0.01,305.22817243927523,305.22817891924365,-6.4799684196259477e-06,2.5464014626239226,,
1370,0.010999999999999999,305.38533972912921,305.38534766463613,-7.9355069146913593e-06,2.5419946941888929,,
1370,0.012,305.55861896215407,305.55862859348497,-9.6313308972639788e-06,2.5332074298181491,,
1370,0.013000000000000001,305.74834024949803,305.74835182068836,-1.1571190327686054e-05,2.5167602085464487,,
1370,0.014,305.95485656564921,305.95487026663125,-1.37009820377898e-05,2.4878335925943156,,
1370,0.014999999999999999,306.17853031507434,306.1785462058391,-1.5890764757386933e-05,2.4399446989224356,,
1370,0.016,306.41971431532124,306.41973225076367,-1.7935442429006798e-05,2.3651242666371988,,
1370,0.017000000000000001,306.67872859365593,306.67874817477838,-1.9581122444378707e-05,2.2544118998621876,,
1370,0.018000000000000002,306.95583593168124,306.95585650718175,-2.0575500514041778e-05,2.0984909808069099,,
1370,0.019,307.25122025216149,307.25124098270101,-2.073053951789916e-05,1.8879465519755183,,
1370,0.02,307.56497221997813,307.56499220716023,-1.9987182099612255e-05,1.6118205712613658,,
1380,0,304.54192212398993,304.54192186629581,2.5769412559384364e-07,2.5499997809787391,,
1380,0.001,304.54919921422623,304.54919902888133,1.8534490209276555e-07,2.5499996440467823,,
1380,0.002,304.5710429538837,304.571042992873,-3.8989298900560243e-08,2.5499990119850318,,
1380,0.0030000000000000001,304.60749083976327,304.60749124510465,-4.0534138179282309e-07,2.5499968999986811,,
1380,0.0040000000000000001,304.65860564063621,304.65860654449568,-9.0385947260074317e-07,2.549990232085837,,
1380,0.0050000000000000001,304.72447587728885,304.72447740225016,-1.5249613056766975e-06,2.5499701399085897,,
1380,0.0060000000000000001,304.80521659139362,304.80521885434035,-2.262946736664162e-06,2.5499126583246539,,
1380,0.0070000000000000001,304.90097042616713,304.90097354588443,-3.1197172916108684e-06,2.5497572178836543,,
1380,0.0080000000000000002,305.0119089413833,305.01191304878142,-4.1073981265071779e-06,2.5493610912883087,,
1380,0.0090000000000000011,305.13823391881539,305.13823916709123,-5.2482758405858476e-06,2.5484116011429228,,
1380,0.01,305.28017819216825,305.28018476258069,-6.5704124381227302e-06,2.5462736203240888,,
1380,0.010999999999999999,305.43800529635524,305.43801339427421,-8.0979189647223393e-06,2.5417540575423105,,
1380,0.012,305.61200704410692,305.61201688048544,-9.8363785241417645e-06,2.5327855125116607,,
1380,0.013000000000000001,305.80249809711586,305.80250985322573,-1.1756109870475484e-05,2.5160717286574172,,
1380,0.014,306.00980679900579,306.00982057718227,-1.3778176480627735e-05,2.4867886690515055,,
1380,0.014999999999999999,306.23426203619397,306.23427780544858,-1.5769254616770922e-05,2.4384703776446766,,
1380,0.016,306.47617666883565,306.47619421943904,-1.755060338837211e-05,2.3631916220521978,,
1380,0.017000000000000001,306.73582899945893,306.73584792234146,-1.8922882532024232e-05,2.2520606946548205,,
1380,0.018000000000000002,307.01344459413599,307.01346429755904,-1.9703423049577395e-05,2.0958420154214732,,
1380,0.019,307.30918126754545,307.30920103558338,-1.9768037930134597e-05,1.8851941396174181,,
1380,0.02,307.62311976489735,307.62313905977157,-1.9294874221031932e-05,1.6092046832260554,,
1390,0,304.59116176281708,304.59116157419754,1.8861953776649898e-07,2.5499997556177592,,
1390,0.001,304.59846711429191,304.59846699268024,1.2161166296209558e-07,2.5499996051747336,,
1390,0.002,304.62039582192301,304.62039590939588,-8.7472869836346945e-08,2.5499989147358568,,
1390,0.0030000000000000001,304.65698596171927,304.65698639378758,-4.320683046898921e-07,2.5499966262175904,,
1390,0.0040000000000000001,304.70830133862188,304.70830224620676,-9.0758487658604281e-07,2.5499894610338409,,
1390,0.0050000000000000001,304.77443201534436,304.77443352647282,-1.5111284596969199e-06,2.5499680440423313,,
1390,0.0060000000000000001,304.85549503823853,304.85549728225294,-2.2440144107349624e-06,2.5499072399877223,,
1390,0.0070000000000000001,304.95163528459608,304.95163839830792,-3.1137118412516429e-06,2.5497439963961859,,
1390,0.0080000000000000002,305.06302625440389,305.06303038855441,-4.1341505152558966e-06,2.5493307796190838,,
1390,0.0090000000000000011,305.18987049361334,305.18987581694171,-5.3233283665576892e-06,2.5483465098341957,,
1390,0.01,305.33239918618341,305.33240588368824,-6.6975048298445472e-06,2.5461429823862747,,
1390,0.010999999999999999,305.49087032742347,305.49087858950213,-8.2620786656661949e-06,2.5415094076438902,,
1390,0.012,305.66556484414087,305.66557484465011,-1.0000509234942001e-05,2.5323585127218164,,
1390,0.013000000000000001,305.85678011251991,305.85679197663518,-1.1864115265325381e-05,2.5153777604786249,,
1390,0.014,306.06482057631342,306.06483434271752,-1.3766404094894824e-05,2.4857390953374017,,
1390,0.014999999999999999,306.28998555238553,306.29000113569487,-1.5583309334488149e-05,2.4369938817042898,,
1390,0.016,306.53255463399881,306.53257179082459,-1.7156825776964979e-05,2.3612608414069354,,
1390,0.017000000000000001,306.79277096322687,306.79278927228677,-1.8309059896637336e-05,2.2497162579935637,,
1390,0.018000000000000002,307.07082193793951,307.07084080169761,-1.8863758100451378e-05,2.0932043759461498,,
1390,0.019,307.36681696306698,307.36683556831491,-1.8605247930736368e-05,1.8824560120096496,,
1390,0.02,307.68076494323111,307.68078225127306,-1.7308041947217134e-05,1.6066015029565679,,
1400,0,304.64059366901921,304.64059351360783,1.5541138509433949e-07,2.5499997277288982,,
1400,0.001,304.64792773340116,304.6479276418674,9.1533763679763069e-08,2.5499995626678809,,
1400,0.002,304.66994278859488,304.66994289785271,-1.0925782589765731e-07,2.5499988094112194,,
1400,0.0030000000000000001,304.70667753354678,304.70667797686042,-4.4331363824312575e-07,2.5499963324125585,,
1400,0.0040000000000000001,304.75819678495373,304.75819769535661,-9.1040288907606737e-07,2.5499886406502936,,
1400,0.0050000000000000001,304.82459192067358,304.82459343322802,-1.5125544337024621e-06,2.5499658319452592,,
1400,0.0060000000000000001,304.90598140316843,304.90598365847319,-2.2553047642759338e-06,2.5499015641136205,,
1400,0.0070000000000000001,305.00251124630694,305.00251439438421,-3.1480772690883896e-06,2.5497302436447078,,
1400,0.0080000000000000002,305.1143552029036,305.11435940583613,-4.2029325300063647e-06,2.5492994555418553,,
1400,0.0090000000000000011,305.24171435445362,305.24171978559849,-5.4311448707267118e-06,2.5482796494969122,,
1400,0.01,305.38481569866798,305.38482253618514,-6.8375171622392372e-06,2.5460095343938525,,
1400,0.010999999999999999,305.54390928264229,305.54391769561084,-8.4129685546940891e-06,2.5412607467066595,,
1400,0.012,305.71926344582465,305.71927357247614,-1.012665148891756e-05,2.5319264613662695,,
1400,0.013000000000000001,305.91115782646466,305.91116974622713,-1.1919762471279682e-05,2.5146783692673265,,
1400,0.014,306.11987392794066,306.11988763154346,-1.3703602803616377e-05,2.4846849625295153,,
1400,0.014999999999999999,306.34568319970737,306.34569856088598,-1.5361178611783544e-05,2.4355153023718201,,
1400,0.016,306.58883275535504,306.58884950224962,-1.674689457331624e-05,2.3593319796375374,,
1400,0.017000000000000001,306.84952912793506,306.84954681585396,-1.7687918898445787e-05,2.247378576216001,,
1400,0.018000000000000002,307.12792109152588,307.1279390942002,-1.8002674323724932e-05,2.0905779744616027,,
1400,0.019,307.42408369224557,307.42410123824124,-1.7545995660839253e-05,1.8797320147729779,,
1400,0.02,307.73800686602914,307.73802313285961,-1.6266830471067806e-05,1.6040107156827961,,
1410,0,304.69022095204423,304.69022080913942,1.4290480976342224e-07,2.5499996971027312,,
1410,0.001,304.6975841775,304.69758409752268,7.9977326095104218e-08,2.5499995162460345,,
1410,0.002,304.71968689482128,304.71968701362312,-1.1880183592438698e-07,2.5499986954712157,,
1410,0.0030000000000000001,304.75656831361323,304.75656876552199,-4.5190876107881195e-07,2.5499960174415031,,
1410,0.0040000000000000001,304.80829400512357,304.80829492718976,-9.2206619228818454e-07,2.5499877685701606,,
1410,0.0050000000000000001,304.87495617205803,304.87495770625048,-1.5341924495260173e-06,2.5499634990303219,,
1410,0.0060000000000000001,304.95667388058359,304.95667617612719,-2.2955435952098924e-06,2.5498956225767748,,
1410,0.0070000000000000001,305.05359309033753,305.05359630530216,-3.2149646358448081e-06,2.5497159467892452,,
1410,0.0080000000000000002,305.16588625152554,305.16589055230918,-4.3007836438846425e-06,2.5492671015511976,,
1410,0.0090000000000000011,305.2937511750826,305.29375673225564,-5.5571730399606167e-06,2.5482110008745376,,
1410,0.01,305.43740883543171,305.43741581464786,-6.9792161525583651e-06,2.5458732625635099,,
1410,0.010999999999999999,305.59709975028306,305.59710829761332,-8.5473302533500828e-06,2.5410080776737747,,
1410,0.012,305.77307860944427,305.77308883130843,-1.0221864158665994e-05,2.5314893898038271,,
1410,0.013000000000000001,305.96560690094117,305.96561883961522,-1.1938674049360998e-05,2.5139736199726599,,
1410,0.014,306.17494341432666,306.17495702089542,-1.3606568757040804e-05,2.4836263604154363,,
1410,0.014999999999999999,306.40133270576268,306.40134781330892,-1.5107546232684399e-05,2.4340347289274722,,
1410,0.016,306.64499191942338,306.6450082210032,-1.6301579819355538e-05,2.3574050898135739,,
1410,0.017000000000000001,306.90609680222303,306.90611384193824,-1.7039715203281958e-05,2.245047635148222,,
1410,0.018000000000000002,307.18476829742156,307.18478548558318,-1.7188161621106701e-05,2.0879627244559673,,
1410,0.019,307.48106161533627,307.48107827407159,-1.6658735319197149e-05,1.8770219571621922,,
1410,0.02,307.79495989081414,307.79497533598544,-1.5445171300143556e-05,1.601432938711097,,
1420,0,304.74004634414382,304.7400462080758,1.3606802440335741e-07,2.5499996635162594,,
1420,0.001,304.74743906992347,304.7474389975763,7.2347177137999097e-08,2.5499994656123555,,
1420,0.002,304.76963040028193,304.76963052959576,-1.2931383253089734e-07,2.549998572349355,,
1420,0.0030000000000000001,304.80665984167348,304.80666031026902,-4.6859554458933417e-07,2.5499956801176289,,
1420,0.0040000000000000001,304.85859332402339,304.85859427372759,-9.4970420150275459e-07,2.5499868423582832,,
1420,0.0050000000000000001,304.92552325291399,304.92552483151144,-1.5785974483151222e-06,2.5499610406160755,,
1420,0.0060000000000000001,305.00756841678003,305.00757077911106,-2.3623310312359536e-06,2.5498894071562019,,
1420,0.0070000000000000001,305.10487357957118,305.10487688720644,-3.3076352679017873e-06,2.5497010929532862,,
1420,0.0080000000000000002,305.21760853801851,305.21761295650435,-4.4184858438711672e-06,2.5492337002601628,,
1420,0.0090000000000000011,305.34596638093819,305.34597207359582,-5.6926576235127868e-06,2.5481405450786498,,
1420,0.01,305.4901606645613,305.49016778205282,-7.1174915206029254e-06,2.5457341537384135,,
1420,0.010999999999999999,305.65042122337724,305.65042988870005,-8.6653228095201484e-06,2.5407514041990829,,
1420,0.012,305.82698838151043,305.82699867070414,-1.0289193710377731e-05,2.5310473298084526,,
1420,0.013000000000000001,306.02010542681046,306.02011734654144,-1.1919730980025633e-05,2.5132635772190457,,
1420,0.014,306.2300093708148,306.23002283524607,-1.3464431276588584e-05,2.4825633775028391,,
1420,0.014999999999999999,306.45692025217926,306.45693506298824,-1.4810808977472334e-05,2.4325522487017346,,
1420,0.016,306.70102954612662,306.701045380957,-1.5834830378480547e-05,2.3554802232011038,,
1420,0.017000000000000001,306.96248858784247,306.9625050032534,-1.6415410925674223e-05,2.2427234201691153,,
1420,0.018000000000000002,307.24139823366534,307.24141468754328,-1.645387794724229e-05,2.0853585398884031,,
1420,0.019,307.53780116359417,307.53781705793244,-1.5894338275757036e-05,1.8743256352871149,,
1420,0.02,307.85167815681643,307.85169290533258,-1.4748516150575597e-05,1.5988682581134854,,
1430,0,304.79007161716066,304.79007149472352,1.2243714309079223e-07,2.5499996267323231,,
1430,0.001,304.79749400919582,304.79749395242084,5.6774979384499602e-08,2.5499994104527195,,
1430,0.002,304.81977436423597,304.81977451513609,-1.5090012084328919e-07,2.5499984394518291,,
1430,0.0030000000000000001,304.85695222146865,304.85695272214133,-5.0067268375642016e-07,2.5499953192087226,,
1430,0.0040000000000000001,304.90909341393757,304.90909441097205,-9.9703447631327435e-07,2.5499858595091323,,
1430,0.0050000000000000001,304.9762898904894,304.9762915361099,-1.6456205003123614e-06,2.5499584519277123,,
1430,0.0060000000000000001,305.05865929880332,305.05866175085964,-2.45205632154466e-06,2.5498829095387459,,
1430,0.0070000000000000001,305.1563441671359,305.1563475873017,-3.4201657967969368e-06,2.5496856692294094,,
1430,0.0080000000000000002,305.26951048334922,305.26951503277337,-4.5494241476262687e-06,2.5491992344063918,,
1430,0.0090000000000000011,305.39834544435359,305.39835127606705,-5.831713451698306e-06,2.5480682635908769,,
1430,0.01,305.54305414448169,305.54306139210638,-7.2476246941732825e-06,2.5455921953801313,,
1430,0.010999999999999999,305.70385499689286,305.70386375965774,-8.7627648781563039e-06,2.540490730626765,,
1430,0.012,305.88097374762862,305.88098407238431,-1.0324755692181498e-05,2.5306003135434265,,
1430,0.013000000000000001,306.07463605581427,306.07464791766904,-1.1861854773087543e-05,2.5125483052911366,,
1430,0.014,306.28505877985469,306.28507206412615,-1.3284271460634045e-05,2.481496101031945,,
1430,0.014999999999999999,306.51244032321682,306.51245481236174,-1.4489144916751684e-05,2.431067947118748,,
1430,0.016,306.7569506344775,306.75696600415381,-1.5369676304999302e-05,2.3535574293284975,,
1430,0.017000000000000001,307.01872168580752,307.01873751382561,-1.5828018092634011e-05,2.2404059162442098,,
1430,0.018000000000000002,307.29783941628409,307.29785520648244,-1.5790198347076512e-05,2.0827653340037289,,
1430,0.019,307.59433815966185,307.5943533798806,-1.5220218756439863e-05,1.8716428569675512,,
1430,0.02,307.9081984333593,307.90821257204817,-1.4138688868570171e-05,1.5963166477623114,,
1440,0,304.84029726430907,304.84029717128516,9.3023913905199151e-08,2.5499995864989859,,
1440,0.001,304.84774928615212,304.84774926134224,2.4809878595988266e-08,2.5499993504350598,,
1440,0.002,304.87011846413145,304.87011865459868,-1.9046723309656954e-07,2.5499982961567582,,
1440,0.0030000000000000001,304.90744409232894,304.90744464503882,-5.5270987786570913e-07,2.5499949334364209,,
1440,0.0040000000000000001,304.95979144404697,304.95979250989257,-1.0658455948941992e-06,2.5499848174465334,,
1440,0.0050000000000000001,305.02725137024566,305.02725310450705,-1.7342613887194602e-06,2.5499557280980456,,
1440,0.0060000000000000001,305.1099395791058,305.10994214046246,-2.5613566663196252e-06,2.5498761213222423,,
1440,0.0070000000000000001,305.20799544953252,305.20799899709198,-3.547559458638716e-06,2.5496696626847877,,
1440,0.0080000000000000002,305.32158020344832,305.32158489123651,-4.6877881914042518e-06,2.5491636868581322,,
1440,0.0090000000000000011,305.45087425034927,305.45088021883475,-5.9684854818442545e-06,2.5479941382649112,,
1440,0.01,305.59607352877686,305.59608089330544,-7.3645285851853259e-06,2.5454473755610634,,
1440,0.010999999999999999,305.75738471032076,305.75739354682412,-8.8365033548143401e-06,2.540226061972064,,
1440,0.012,305.93501920861286,305.93502953761845,-1.0329005590392626e-05,2.5301483735368233,,
1440,0.013000000000000001,306.12918605139009,306.12919782213282,-1.1770742730732309e-05,2.5118278681193749,,
1440,0.014,306.34008382493198,306.34009690209967,-1.3077167693609226e-05,2.4804246169868311,,
1440,0.014999999999999999,306.56789207494575,306.5679062310615,-1.4156115753394261e-05,2.4295819077370195,,
1440,0.016,306.81276272351124,306.81277763991056,-1.4916399322828511e-05,2.351636756048991,,
1440,0.017000000000000001,307.07481220541314,307.07482748400349,-1.5278590353773325e-05,2.2380951079160161,,
1440,0.018000000000000002,307.35411510150078,307.35413028795102,-1.5186450241344573e-05,2.080183018687479,,
1440,0.019,307.65070001792782,307.65071463490659,-1.4616978774029121e-05,1.8689734462540941,,
1440,0.02,307.96454812976719,307.96456190544245,-1.3775675256511022e-05,1.5937780376856159,,
1450,0,304.89072238609594,304.89072234297913,4.3116813230881235e-08,2.5499995425489184,,
1450,0.001,304.89820379409844,304.89820382298512,-2.8886688596685417e-08,2.5499992852086981,,
1450,0.002,304.92066097370162,304.92066122589387,-2.5219225108230603e-07,2.5499981418134423,,
1450,0.0030000000000000001,304.95813270526924,304.95813333238777,-6.2711853843211429e-07,2.5499945214755129,,
1450,0.0040000000000000001,305.01068326459932,305.01068442106254,-1.1564632131921826e-06,2.5499837135234515,,
1450,0.0050000000000000001,305.0784018168568,305.07840365961033,-1.8427535337650625e-06,2.5499528641685867,,
1450,0.0060000000000000001,305.16140142663846,305.16140411329894,-2.6866604798669869e-06,2.5498690340187307,,
1450,0.0070000000000000001,305.25981755750104,305.25982124247878,-3.6849777416136931e-06,2.5496530603666323,,
1450,0.0080000000000000002,305.37380591646348,305.37381074468948,-4.828225996789115e-06,2.5491270406199895,,
1450,0.0090000000000000011,305.50353949912761,305.50354559720438,-6.0980767671026115e-06,2.5479181513281084,,
1450,0.01,305.64920471355111,305.64921217848763,-7.4649365160439629e-06,2.5452996829565491,,
1450,0.010999999999999999,305.81099651035078,305.81100539654614,-8.8861953599916887e-06,2.5399574039021156,,
1450,0.012,305.98911252441201,305.98912283036395,-1.0305951946065761e-05,2.5296915426576785,,
1450,0.013000000000000001,306.18374633143225,306.18375798912285,-1.1657690606625692e-05,2.5111023292665173,,
1450,0.014,306.39507997886676,306.39509285034825,-1.2871481487763958e-05,2.4793490101073372,,
1450,0.014999999999999999,306.62327564873834,306.62328953120618,-1.3882467840176105e-05,2.4280942122902256,,
1450,0.016,306.86846451479227,306.86847913972991,-1.4624937648477498e-05,2.3497182496010738,,
1450,0.017000000000000001,307.13072538499438,307.13074032652395,-1.4941529570933199e-05,2.2357909792500958,,
1450,0.018000000000000002,307.4100365928964,307.41005085321848,-1.4260322075188014e-05,2.077611504589826,,
1450,0.019,307.70618246957656,307.70619378378791,-1.1314211349144898e-05,1.8663172409765807,,
1450,0.02,308.0186221996525,308.01862696525643,-4.7656039328103361e-06,1.5912533655079801,,
1460,0,304.94134470968316,304.94134474228156,-3.2598393318039598e-08,2.5499994945987687,,
1460,0.001,304.94885506337209,304.94885517059532,-1.0722322940637241e-07,2.5499992144036834,,
1460,0.002,304.97139884007549,304.97139917811268,-3.3803718224589829e-07,2.5499979757416287,,
1460,0.0030000000000000001,305.00901406164792,305.00901478616709,-7.2451916821592022e-07,2.5499940819532796,,
1460,0.0040000000000000001,305.06176361461536,305.06176488257523,-1.2679598739850917e-06,2.5499825450218565,,
1460,0.0050000000000000001,305.12973446653558,305.1297364351995,-1.9686639234350878e-06,2.5499498550906932,,
1460,0.0060000000000000001,305.21303644879248,305.21303927314227,-2.8243497922630922e-06,2.5498616390577205,,
1460,0.0070000000000000001,305.31180050243893,305.31180433067954,-3.8282406080725195e-06,2.5496358493075526,,
1460,0.0080000000000000002,305.4261762741873,305.42618124119514,-4.9670078396957251e-06,2.5490892788384136,,
1460,0.0090000000000000011,305.55632895639189,305.55633517528838,-6.2188964875531383e-06,2.5478402853827045,,
1460,0.01,305.70243528507717,305.70244283759627,-7.5525190936787112e-06,2.5451491068366967,,
1460,0.010999999999999999,305.86467862512063,305.86468755207409,-8.9269534555569408e-06,2.5396847627169388,,
1460,0.012,306.04324301791007,306.04325331198345,-1.0294073376826418e-05,2.5292298540928826,,
1460,0.013000000000000001,306.23830579242815,306.23831739547052,-1.1603042366914451e-05,2.5103717519151236,,
1460,0.014,306.45002759611424,306.45004039425362,-1.2798139380265638e-05,2.478269363901505,,
1460,0.014999999999999999,306.6785372858194,306.6785510711652,-1.3785345799988136e-05,2.4266049407279979,,
1460,0.016,306.92390734393877,306.92392169256607,-1.434862730320674e-05,2.3478019546648139,,
1460,0.017000000000000001,307.18611482908386,307.18612887641848,-1.404733461640717e-05,2.2334935137563803,,
1460,0.018000000000000002,307.46498585551944,307.46499806578561,-1.2210266163492633e-05,2.0750507016762945,,
1460,0.019,307.76012985329169,307.76013800409913,-8.1508074458724877e-06,1.863674096069436,,
1460,0.02,308.0708809622958,308.07088248627457,-1.5239787671816885e-06,1.5887425944740816,,
1470,0,304.99216069152448,304.99216082556882,-1.3404434184849379e-07,2.5499994423485215,,
1470,0.001,304.99969937370071,304.99969958464476,-2.1094405155963614e-07,2.5499991376301083,,
1470,0.002,305.02232782340531,305.02232827155257,-4.481472615225357e-07,2.5499977972307688,,
1470,0.0030000000000000001,305.06008309223296,305.06008393638882,-8.4415586343311588e-07,2.5499936134488359,,
1470,0.0040000000000000001,305.11302634435128,305.11302774294558,-1.3985942928229633e-06,2.5499813091525869,,
1470,0.0050000000000000001,305.18124192603824,305.18124403552872,-2.10949048096154e-06,2.5499466957267445,,
1470,0.0060000000000000001,305.26483596489606,305.26483893674418,-2.9718481187046564e-06,2.5498539277894356,,
1470,0.0070000000000000001,305.36393441476241,305.36393839088345,-3.976121035975666e-06,2.549618016530828,,
1470,0.0080000000000000002,305.47868044926037,305.47868555612337,-5.106863000037265e-06,2.5490503848070114,,
1470,0.0090000000000000011,305.60923108991039,305.60923743191125,-6.3420008586945187e-06,2.5477605234068652,,
1470,0.01,305.7557529070445,305.75576056015717,-7.6531126751433476e-06,2.5449956370583018,,
1470,0.010999999999999999,305.91841650407929,305.91842551023132,-9.0061520268136519e-06,2.5394081453309711,,
1470,0.012,306.09738922018954,306.09739957977905,-1.0359589509789657e-05,2.5287633413249764,,
1470,0.013000000000000001,306.29282501567099,306.2928366692999,-1.1653628916974412e-05,2.5096361988557248,,
1470,0.014,306.50484990227187,306.50486268584274,-1.2783570866758964e-05,2.4771857606577958,,
1470,0.014999999999999999,306.73354084053648,306.73355440010209,-1.3559565616105829e-05,2.4251141712555406,,
1470,0.016,306.97889631747546,306.97890999079578,-1.3673320324869565e-05,2.345887914411573,,
1470,0.017000000000000001,307.24079849153304,307.24081119542433,-1.2703891286491853e-05,2.2312026943140584,,
1470,0.018000000000000002,307.5189700601864,307.5189802496663,-1.0189479894506803e-05,2.0725005199078805,,
1470,0.019,307.81293309107645,307.81293885560405,-5.7645276001494494e-06,1.8610438931635993,,
1470,0.02,308.12198011293322,308.12197942474307,6.8819014131804579e-07,1.5862451765316954,,
1480,0,305.04316567365612,305.0431659343011,-2.606449811537459e-07,2.5499993854808589,,
1480,0.001,305.05073191625939,305.05073225560426,-3.3934486509679118e-07,2.5499990544774356,,
1480,0.002,305.07344267438589,305.07344325587781,-5.814919177282718e-07,2.5499976055392959,,
1480,0.0030000000000000001,305.11133385386478,305.11133483851205,-9.8464727216196479e-07,2.5499931144925183,,
1480,0.0040000000000000001,305.16446462238622,305.16446616931353,-1.5469273080270796e-06,2.549980003055313,,
1480,0.0050000000000000001,305.23291635579938,305.23291862033597,-2.26453659024628e-06,2.5499433808514169,,
1480,0.0060000000000000001,305.31679107437964,305.31679420513285,-3.1307532140090188e-06,2.5498458914881152,,
1480,0.0070000000000000001,305.41620928082739,305.41621341586921,-4.1350418200636341e-06,2.5495995490555972,,
1480,0.0080000000000000002,305.53130707224381,305.53131233466655,-5.2624227464548312e-06,2.5490103419715728,,
1480,0.0090000000000000011,305.66223233098657,305.66223882390773,-6.4929211589515035e-06,2.5476788487553019,,
1480,0.01,305.80913968010287,305.80914748026925,-7.8001663723625825e-06,2.5448392640564075,,
1480,0.010999999999999999,305.97218369848486,305.97219284563715,-9.1471522978281428e-06,2.5391275592546423,,
1480,0.012,306.15150963629202,306.15152011284948,-1.0476557463334757e-05,2.5282920381105543,,
1480,0.013000000000000001,306.3472406202352,306.3472523143555,-1.1694120303218369e-05,2.5088957324759402,,
1480,0.014,306.55946024611029,306.5594728936166,-1.2647506309804157e-05,2.4760982814580772,,
1480,0.014999999999999999,306.78818975266654,306.78820286228876,-1.3109622216234129e-05,2.4236219803733645,,
1480,0.016,307.03335987875084,307.03337265894953,-1.2780198687778466e-05,2.3439761705476476,,
1480,0.017000000000000001,307.29477908107583,307.29479039860695,-1.1317531118493207e-05,2.2289185031219474,,
1480,0.018000000000000002,307.57210176029844,307.5721101635807,-8.4032822655899508e-06,2.0699608700725705,,
1480,0.019,307.86480187152722,307.86480569945962,-3.8279324030554562e-06,1.8584265270122848,,
1480,0.02,308.17215795695489,308.1721555288309,2.4281239916490449e-06,1.5837608536444312,,
1490,0,305.09435406247655,305.09435447352882,-4.1105226955551188e-07,2.5499993236605039,,
1490,0.001,305.10194697206549,305.10194746317831,-4.9111281441582832e-07,2.549998964513815,,
1490,0.002,305.12473730700663,305.12473804395785,-7.3695122182471096e-07,2.5499973998939032,,
1490,0.0030000000000000001,305.1627596756428,305.16276082111978,-1.1454769719421165e-06,2.549992583565297,,
1490,0.0040000000000000001,305.2160710005536,305.21607271443361,-1.7138800103566609e-06,2.5499786237985256,,
1490,0.0050000000000000001,305.28474933647271,305.28475177398627,-2.4375135581067298e-06,2.5499399051529839,,
1490,0.0060000000000000001,305.3688921113241,305.36889542055638,-3.3092322837546817e-06,2.5498375213553168,,
1490,0.0070000000000000001,305.46861367133641,305.46861798999112,-4.3186547031837108e-06,2.5495804339019523,,
1490,0.0080000000000000002,305.58404194562559,305.58404739666844,-5.4510428526555188e-06,2.5489691339348974,,
1490,0.0090000000000000011,305.71531395201555,305.71532063713659,-6.6851210362983693e-06,2.5475952451596795,,
1490,0.01,305.86256974107715,305.86257772985118,-7.9887740298545395e-06,2.5446799788358523,,
1490,0.010999999999999999,306.02594423436869,306.02595354592358,-9.3115548907007906e-06,2.5388430125763639,,
1490,0.012,306.20555630036534,306.20556687412483,-1.0573759482213063e-05,2.5278159784594552,,
1490,0.013000000000000001,306.40149440838314,306.40150606209528,-1.1653712135739625e-05,2.5081504147502889,,
1490,0.014,306.61379841313459,306.6138107907405,-1.2377605912661238e-05,2.4750070061906349,,
1490,0.014999999999999999,306.84243754617086,306.84245006473077,-1.2518559913132776e-05,2.4221284429158687,,
1490,0.016,307.08728555193312,307.08729736344458,-1.1811511456016888e-05,2.3420667633513497,,
1490,0.017000000000000001,307.34809500138351,307.34810498862362,-9.9872401051470661e-06,2.2266409216854934,,
1490,0.018000000000000002,307.62447388621177,307.62448070878878,-6.8225770064600511e-06,2.067431664660103,,
1490,0.019,307.91586827369042,307.91587046956943,-2.1958790057396982e-06,1.855821891217569,,
1490,0.02,308.22155472917592,308.22155086448589,3.8646900293315412e-06,1.581289430059504,,
1500,0,305.14571946474354,305.14572004941522,-5.8467168173592654e-07,2.5499992565335639,,
1500,0.001,305.15333803333618,305.15333869925945,-6.6592326675163349e-07,2.5499988672853968,,
1500,0.002,305.17620486840002,305.17620578347413,-9.1507411070779199e-07,2.5499971794888334,,
1500,0.0030000000000000001,305.21435311821659,305.21435444703201,-1.3288154150359333e-06,2.5499920190982084,,
1500,0.0040000000000000001,305.26783717194542,305.26783907599167,-1.9040462575503625e-06,2.5499771683795731,,
1500,0.0050000000000000001,305.33673131319097,305.33673394907441,-2.6358834475104231e-06,2.5499362632346849,,
1500,0.0060000000000000001,305.42112769963381,305.42113121652295,-3.5168891372450162e-06,2.5498288085232255,,
1500,0.0070000000000000001,305.5211335147107,305.52113805050783,-4.535797131666186e-06,2.5495606580959476,,
1500,0.0080000000000000002,305.63686706491529,305.6368727402018,-5.6752865020825993e-06,2.5489267444613941,,
1500,0.0090000000000000011,305.76845251186967,305.76845942011022,-6.9082405502740585e-06,2.5475096967287363,,
1500,0.01,305.91601284383694,305.91602103586632,-8.1920293837356439e-06,2.544517772962716,,
1500,0.010999999999999999,306.07966063464573,306.079670095501,-9.46085526720708e-06,2.5385545139448094,,
1500,0.012,306.25948615352019,306.259496770721,-1.0617200814522221e-05,2.5273351966146591,,
1500,0.013000000000000001,306.45554253202687,306.45555405677015,-1.1524743285917793e-05,2.5074003072307529,,
1500,0.014,306.66782801316623,306.66784001948838,-1.200632215159203e-05,2.4739120135634582,,
1500,0.014999999999999999,306.89626581989006,306.89627767079492,-1.1850904854782129e-05,2.4206336320889319,,
1500,0.016,307.14068284450423,307.14069367677678,-1.0832272550942434e-05,2.3401597317053331,,
1500,0.017000000000000001,307.40078906045653,307.40079779974928,-8.7392927525797859e-06,2.2243699308458118,,
1500,0.018000000000000002,307.67616011407176,307.67616552777821,-5.4137064466885931e-06,2.0649128183690895,,
1500,0.019,307.96622576508577,307.96622655256772,-7.874819516473508e-07,1.8532298751114562,,
1500,0.02,308.27026697668515,308.27026146987458,5.5068105666578049e-06,1.5788307356785034,,
1510,0,305.19725467785787,305.19725546320905,-7.8535117609135341e-07,2.5499991837268654,,
1510,0.001,305.20489776674327,305.20489863296569,-8.6622242179146269e-07,2.5499987623156439,,
1510,0.002,305.22783761990331,305.22783873915472,-1.1192514079993998e-06,2.5499969434851759,,
1510,0.0030000000000000001,305.26610571952915,305.26610725894966,-1.5394205092889024e-06,2.5499914194718225,,
1510,0.0040000000000000001,305.31975354977038,305.31975567317392,-2.1234035330053302e-06,2.549975633724753,,
1510,0.0050000000000000001,305.38885104296509,305.38885390873196,-2.8657668735831976e-06,2.549932449616132,,
1510,0.0060000000000000001,305.47348424165,305.47348799939761,-3.7577476064143411e-06,2.5498197440579742,,
1510,0.0070000000000000001,305.57375200273452,305.57375678800537,-4.7852708462414739e-06,2.5495402086744967,,
1510,0.0080000000000000002,305.68976150830662,305.68976743417011,-5.9258634905745566e-06,2.5488831574814577,,
1510,0.0090000000000000011,305.82162229135474,305.82162943559371,-7.1442389639742032e-06,2.5474221879481509,,
1510,0.01,305.96943845092943,305.96944683756743,-8.3866380009567365e-06,2.5443526385556576,,
1510,0.010999999999999999,306.13329874596889,306.13330832050366,-9.574534772127663e-06,2.5382620725514848,,
1510,0.012,306.31326435254471,306.31327495136088,-1.0598816174933745e-05,2.5268497270328667,,
1510,0.013000000000000001,306.50935428593169,306.50936560134255,-1.1315410858969699e-05,2.5066454710380475,,
1510,0.014,306.72152893244385,306.72154047481257,-1.1542368724803964e-05,2.4728133811177373,,
1510,0.014999999999999999,306.94967330467853,306.94968436277327,-1.105809474211128e-05,2.4191376195062495,,
1510,0.016,307.19358532156014,307.19359494854888,-9.6269887421840394e-06,2.3382551131262082,,
1510,0.017000000000000001,307.45298410767515,307.45299134340291,-7.2357277645096474e-06,2.2221055108470917,,
1510,0.018000000000000002,307.72756906468976,307.72757379180564,-4.7271158791772905e-06,2.0624042481366005,,
1510,0.019,308.01716404339896,308.01716826837281,-4.2249738498867373e-06,1.8506503646754047,,
1510,0.02,308.32193574601388,308.32194371984326,-7.9738293834452634e-06,1.5763842844940525,,
1520,0,305.24895151096132,305.24895252445486,-1.0134935450878402e-06,2.5499991048472852,,
1520,0.001,305.25661781564907,305.25661891170284,-1.0960537792925606e-06,2.5499986491046434,,
1520,0.002,305.27962669097576,305.27962804485031,-1.3538745520236262e-06,2.5499966910101728,,
1520,0.0030000000000000001,305.31800769837912,305.31800948009879,-1.7817196749092545e-06,2.5499907830157329,,
1520,0.0040000000000000001,305.37180897032869,305.37181134592691,-2.3755982283546473e-06,2.5499740166894482,,
1520,0.0050000000000000001,305.44109542288305,305.44109855155307,-3.128670016394608e-06,2.5499284587347764,,
1520,0.0060000000000000001,305.52594607995223,305.525950109495,-4.0295427652381477e-06,2.5498103189629662,,
1520,0.0070000000000000001,305.62645033733799,305.62645539707495,-5.0597369636307121e-06,2.5495190726901886,,
1520,0.0080000000000000002,305.74270295195436,305.74270914206522,-6.1901108665551874e-06,2.5488383570956303,,
1520,0.0090000000000000011,305.87479751984586,305.87480489600614,-7.3761602834565565e-06,2.5473327036801527,,
1520,0.01,306.02281823019553,306.02282678247741,-8.5522818835670478e-06,2.5441845682771955,,
1520,0.010999999999999999,306.18682980536346,306.18683943058278,-9.6252193202417402e-06,2.5379656981136196,,
1520,0.012,306.36686588276621,306.3668763499046,-1.0467138395142683e-05,2.5263596043657599,,
1520,0.013000000000000001,306.56291692052622,306.56292783265644,-1.0912130221640837e-05,2.5058859668535804,,
1520,0.014,306.77492041842515,306.77493119237425,-1.0773949099984748e-05,2.4717111852415452,,
1520,0.014999999999999999,307.00275912976855,307.00276905458645,-9.9248179026290018e-06,2.417640475224315,,
1520,0.016,307.24627638995781,307.24628485509697,-8.4651391603074444e-06,2.3363529437936692,,
1520,0.017000000000000001,307.50531914244232,307.50532605714403,-6.9147017143222911e-06,2.2198476414267736,,
1520,0.018000000000000002,307.77981431514945,307.77982055892409,-6.2437746350951784e-06,2.059905872890317,,
1520,0.019,308.06987013466653,308.06987769611038,-7.5614438515003712e-06,1.8480832419192428,,
1520,0.02,308.37587484979389,308.37588644956946,-1.159977557563252e-05,1.5739499074641468,,
1530,0,305.30080054381926,305.30080181948966,-1.275670399536466e-06,2.5499990194810773,,
1530,0.001,305.30848856134133,305.30848992141858,-1.3600772490462987e-06,2.5499985271284151,,
1530,0.002,305.33156185667457,305.33156347967395,-1.6229993775596085e-06,2.5499964211565391,,
1530,0.0030000000000000001,305.37004778790549,305.37004984648661,-2.0585811171258683e-06,2.5499901080080836,,
1530,0.0040000000000000001,305.423990658533,305.42399331997728,-2.6614442845129815e-06,2.5499723140583113,,
1530,0.0050000000000000001,305.49344969689605,305.49345311917727,-3.4222812246298417e-06,2.549924284947406,,
1530,0.0060000000000000001,305.5784960647124,305.5785003903793,-4.3256669073343801e-06,2.5498005241821944,,
1530,0.0070000000000000001,305.67920874960754,305.6792140965556,-5.3469480576495698e-06,2.5494972372159936,,
1530,0.0080000000000000002,305.795669190995,305.79567563900912,-6.4480141190870199e-06,2.5487923275785485,,
1530,0.0090000000000000011,305.92795454220754,305.9279621140916,-7.5718840548688604e-06,2.5472412291629083,,
1530,0.01,306.07612964276808,306.07613827940429,-8.6366362097578531e-06,2.5440135553249306,,
1530,0.010999999999999999,306.24023815847806,306.24024768964591,-9.5311678478537942e-06,2.5376654008573665,,
1530,0.012,306.42029406210975,306.42030418160465,-1.0119494902482984e-05,2.5258648634419161,,
1530,0.013000000000000001,306.61627574479292,306.61628601026064,-1.0265467722092581e-05,2.5051218549120504,,
1530,0.014,306.8281264341249,306.82813632375593,-9.8896310305462976e-06,2.4706055011835981,,
1530,0.014999999999999999,307.05576570965275,307.05577476500923,-9.0553564859874314e-06,2.4161422677759625,,
1530,0.016,307.29911673547383,307.2991247855789,-8.0501050661041518e-06,2.334453258580989,,
1530,0.017000000000000001,307.558151216081,307.55815861909048,-7.4030094765475951e-06,2.2175963019087335,,
1530,0.018000000000000002,307.83294859763288,307.83295638594569,-7.7883128142275382e-06,2.0574176132103172,,
1530,0.019,308.1237589466138,308.12376876301181,-9.8163980055687716e-06,1.8455283821680566,,
1530,0.02,308.43105335155775,308.43106716562392,-1.3814066164741234e-05,1.5715276043097566,,
1540,0,305.35279095846471,305.35279253350711,-1.5750424040561484e-06,2.5499989271931911,,
1540,0.001,305.36049897335084,305.36050063445907,-1.6611082287454337e-06,2.5499983958382226,,
1540,0.002,305.38363144879577,305.38363337715344,-1.9283576762063603e-06,2.5499961329817888,,
1540,0.0030000000000000001,305.42221326237052,305.42221563214264,-2.3697721189819276e-06,2.5499893926751174,,
1540,0.0040000000000000001,305.47628444193987,305.47628741957277,-2.9776329029118642e-06,2.5499705225454874,,
1540,0.0050000000000000001,305.54589795000385,305.54590168874819,-3.7387443398984033e-06,2.5499199225317,,
1540,0.0060000000000000001,305.63111646520201,305.63112109686824,-4.6316662292156252e-06,2.5497903506035615,,
1540,0.0070000000000000001,305.73200809139939,305.7320137143808,-5.6229814049402194e-06,2.5494746893498661,,
1540,0.0080000000000000002,305.8486409891521,305.84864765197733,-6.6628252284317568e-06,2.5487450533826834,,
1540,0.0090000000000000011,305.98107708650383,305.98108476725906,-7.6807552318314265e-06,2.5471477500096729,,
1540,0.01,306.12936533418042,306.12937391874914,-8.5845687181063113e-06,2.5438395934227058,,
1540,0.010999999999999999,306.29353546191658,306.29354472851003,-9.2665934516844572e-06,2.5373611915013079,,
1540,0.012,306.47359385235211,306.47360347534504,-9.6229929340552189e-06,2.525365539249357,,
1540,0.013000000000000001,306.66952384880477,306.66953343823764,-9.5894328637768922e-06,2.5043531949946796,,
1540,0.014,306.88129326566906,306.88130245495688,-9.1892878231192299e-06,2.4694964030671271,,
1540,0.014999999999999999,307.10887164936474,307.10888022874758,-8.5793828361602209e-06,2.4146430642026617,,
1540,0.016,307.35225852512167,307.35226659394277,-8.068821102824586e-06,2.3325560910880818,,
1540,0.017000000000000001,307.61152131768006,307.61152940572578,-8.0880457176135678e-06,2.2153514712845688,,
1540,0.018000000000000002,307.88683826997431,307.88684736945271,-9.0994784045506094e-06,2.0549393909448939,,
1540,0.019,308.17853854875597,308.17855001847045,-1.1469714479517279e-05,1.8429856585446622,,
1540,0.02,308.4871302204113,308.48714557944993,-1.5359038627593691e-05,1.5691172852134743,,
1550,0,305.40491052653454,305.40491243827205,-1.911737513182743e-06,2.5499988275265975,,
1550,0.001,305.41263662473403,305.41263862347688,-1.9987428458989598e-06,2.5499982546598843,,
1550,0.002,305.43582245983129,305.43582472772005,-2.2678887603433395e-06,2.5499958255075779,,
1550,0.0030000000000000001,305.47449020721393,305.47449291746722,-2.7102532840217464e-06,2.549988635190755,,
1550,0.0040000000000000001,305.5286753006377,305.52867861514409,-3.3145063866868441e-06,2.5499686387948954,,
1550,0.0050000000000000001,305.59842412134202,305.59842818317463,-4.0618326124786108e-06,2.5499153656878129,,
1550,0.0060000000000000001,305.68379074048363,305.68379566344186,-4.922958225961338e-06,2.5497797890621889,,
1550,0.0070000000000000001,305.78483276634495,305.78483862122431,-5.8548793617774209e-06,2.5494514162192532,,
1550,0.0080000000000000002,305.9016064751151,305.90161327344168,-6.7983265807924909e-06,2.5486965191418749,,
1550,0.0090000000000000011,306.03416162474878,306.03416930261056,-7.6778617881245736e-06,2.5470522522077261,,
1550,0.01,306.18253667410249,306.18254508138205,-8.4072795516476617e-06,2.5436626768117399,,
1550,0.010999999999999999,306.34675552898904,306.34676443202136,-8.9030323238148412e-06,2.537053081240269,,
1550,0.012,306.52682733056486,306.52683643747037,-9.1069055088155437e-06,2.5248616669187238,,
1550,0.013000000000000001,306.72275103787604,306.72276005356906,-9.0156930241391819e-06,2.5035800464230449,,
1550,0.014,306.93452643212242,306.93453514283073,-8.7107083004411834e-06,2.4683839639037486,,
1550,0.014999999999999999,307.16217249266464,307.16218086812751,-8.375462869025796e-06,2.4131429300856695,,
1550,0.016,307.40575278411609,307.40576107318259,-8.289066499855835e-06,2.3306614736772446,,
1550,0.017000000000000001,307.66540569166415,307.66541447912101,-8.7874568635015748e-06,2.2131131282752778,,
1550,0.018000000000000002,307.94137545736828,307.94138565242719,-1.0195058905537735e-05,2.0524711288313315,,
1550,0.019,308.23403861240871,308.23405135542839,-1.2743019681238366e-05,1.8404549466514892,,
1550,0.02,308.54392017906036,308.54393668948819,-1.6510427826688101e-05,1.5667188436614297,,
1560,0,305.4571458289692,305.45714810963591,-2.2806667061558983e-06,2.5499987200015988,,
1560,0.001,305.46488795519156,305.46489032229806,-2.3671065036978689e-06,2.5499981029930847,,
1560,0.002,305.48812094453439,305.48812357788535,-2.6333509595133364e-06,2.5499954977190598,,
1560,0.0030000000000000001,305.52686417737044,305.52686724521101,-3.0678405664730235e-06,2.5499878336762114,,
1560,0.0040000000000000001,305.58114843016955,305.58115208484475,-3.6546751971400226e-06,2.5499666593805408,,
1560,0.0050000000000000001,305.65101362377442,305.65101799256666,-4.3687922470780904e-06,2.5499106085400034,,
1560,0.0060000000000000001,305.73650576857443,305.73651094232002,-5.1737455919464992e-06,2.5497688303437163,,
1560,0.0070000000000000001,305.83767328149173,305.83767930165118,-6.0201594465070229e-06,2.5494274049854924,,
1560,0.0080000000000000002,305.95456300212862,305.95456984826859,-6.8461399678199086e-06,2.5486467096746628,,
1560,0.0090000000000000011,306.08721644787329,306.08722402915203,-7.5812787372342427e-06,2.5469547221171052,,
1560,0.01,306.23566710045606,306.23567525624736,-8.1557913063079468e-06,2.5434828002417231,,
1560,0.010999999999999999,306.39993975964182,306.39994827509776,-8.5154559315014922e-06,2.5367410817294487,,
1560,0.012,306.5800531496688,306.58006179085521,-8.641186411750823e-06,2.524353281707048,,
1560,0.013000000000000001,306.77602691274984,306.77603548227631,-8.5695264715468511e-06,2.502802468053472,,
1560,0.014,306.98789376761044,306.98790217549146,-8.4078810118626279e-06,2.467268255607312,,
1560,0.014999999999999999,307.21571689487365,307.21572523206038,-8.3371867276582634e-06,2.4116419295763025,,
1560,0.016,307.4596115784546,307.45962017457714,-8.5961225408937025e-06,2.3287694375110322,,
1560,0.017000000000000001,307.71976895446306,307.71977839979917,-9.4453361043633777e-06,2.2108812513707701,,
1560,0.018000000000000002,307.99647868323541,307.99648979989473,-1.1116659322851774e-05,2.0500127502530612,,
1560,0.019,308.29014680012835,308.29016055887001,-1.3758741658875806e-05,1.8379361256544537,,
1560,0.02,308.60130516659359,308.60132259337627,-1.7426782676466246e-05,1.5643321679587701,,
1570,0,305.50948281466754,305.50948548256684,-2.6678993094719772e-06,2.5499986041151499,,
1570,0.001,305.51723888356963,305.51724163664375,-2.7530741135706194e-06,2.5499979402106852,,
1570,0.002,305.54051279145654,305.54051580111485,-3.0096583145677869e-06,2.5499951485642511,,
1570,0.0030000000000000001,305.57932121698093,305.57932464180067,-3.4248197380293277e-06,2.5499869861996292,,
1570,0.0040000000000000001,305.63369054297181,305.63369452134503,-3.9783732290743501e-06,2.5499645808068738,,
1570,0.0050000000000000001,305.70365482501069,305.7036594652601,-4.6402494149333506e-06,2.5499056451382933,,
1570,0.0060000000000000001,305.78925315279582,305.78925852245925,-5.3696634267907939e-06,2.5497574651875885,,
1570,0.0070000000000000001,305.89052666914733,305.89053278475507,-6.1156077322266356e-06,2.5494026428481025,,
1570,0.0080000000000000002,306.00751565540008,306.00752247513532,-6.8197352334209427e-06,2.5485956099874252,,
1570,0.0090000000000000011,306.14025725919549,306.140264681823,-7.4226275046385126e-06,2.5468551464691496,,
1570,0.01,306.28878460168528,306.28879247561554,-7.8739302580288495e-06,2.5432999589619176,,
1570,0.010999999999999999,306.45312810768473,306.45313625354015,-8.1458554177515907e-06,2.5364252050688623,,
1570,0.012,306.63331989153187,306.63332813986852,-8.2483366554697568e-06,2.5238404189821271,,
1570,0.013000000000000001,306.82940183096207,306.82941007441224,-8.2434501678108063e-06,2.5020205182719706,,
1570,0.014,307.04143744995815,307.04144570679455,-8.2568363950485946e-06,2.4661493490076776,,
1570,0.014999999999999999,307.2695264657965,307.26953494803735,-8.4822408439322317e-06,2.4101401254255066,,
1570,0.016,307.51381727996323,307.51382643302583,-9.1530625923041953e-06,2.3268800125911495,,
1570,0.017000000000000001,307.77450379076737,307.77451412416207,-1.0333394698136544e-05,2.2086558188491736,,
1570,0.018000000000000002,308.0517787631677,308.05179011749664,-1.1354328933066427e-05,2.0475641791662409,,
1570,0.019,308.34571261687381,308.34572307935639,-1.046248257807747e-05,1.8354290780318543,,
1570,0.02,308.65606640125606,308.6560721445237,-5.7432676499047375e-06,1.5619572687548433,,
1580,0,305.56190767161524,305.56191073062791,-3.0590126698371023e-06,2.5499984793401702,,
1580,0.001,305.56967571043549,305.56967884937399,-3.1389384957947186e-06,2.5499977656580506,,
1580,0.002,305.59298470276013,305.59298808146605,-3.3787059123824292e-06,2.5499947769534139,,
1580,0.0030000000000000001,305.63184890712745,305.63185267051097,-3.7633835177075525e-06,2.5499860907757532,,
1580,0.0040000000000000001,305.6862908747147,305.68629514455728,-4.2698425772869086e-06,2.549962399509202,,
1580,0.0050000000000000001,305.75633976167586,305.75634462701265,-4.8653367912265821e-06,2.5499004694601681,,
1580,0.0060000000000000001,305.84202924347426,305.84203475160837,-5.5081341088225599e-06,2.5497456842903254,,
1580,0.0070000000000000001,305.94339534133485,305.94340149106938,-6.1497345313910046e-06,2.5493771170489716,,
1580,0.0080000000000000002,306.06047458864816,306.06048132805813,-6.7394099687589915e-06,2.548543205277312,,
1580,0.0090000000000000011,306.19330307626802,306.19331030787657,-7.2316085493184801e-06,2.5467535123648255,,
1580,0.01,306.34191698382023,306.34192458012353,-7.5963033054904372e-06,2.5431141487122031,,
1580,0.010999999999999999,306.5063551617742,306.50636299356393,-7.8317897305169026e-06,2.5361054637880804,,
1580,0.012,306.68666404434845,306.68667202307103,-7.9787225786276395e-06,2.5233231142074612,,
1580,0.013000000000000001,306.88290439981552,306.88291253054336,-8.1307278492204205e-06,2.5012342549897073,,
1580,0.014,307.09515779777337,307.09516622184805,-8.4240746787145326e-06,2.4650273138644883,,
1580,0.014999999999999999,307.32352794093924,307.32353691145227,-8.9705130221773288e-06,2.4086375790130421,,
1580,0.016,307.56812873484574,307.56813844032888,-9.7054831371679029e-06,2.3249932277973113,,
1580,0.017000000000000001,307.82904944171526,307.82905965430569,-1.0212590439095948e-05,2.2064368087823349,,
1580,0.018000000000000002,308.10629137532544,308.1063010786645,-9.7033390602518921e-06,2.0451253401289491,,
1580,0.019,308.39968291913385,308.39969018128897,-7.2621551225893199e-06,1.8329336898853461,,
1580,0.02,308.70879638350181,308.70879867018226,-2.2866804556542775e-06,1.5595940410273346,,
1590,0,305.61440778069459,305.61441121385212,-3.433157530707831e-06,2.5499983451248602,,
1590,0.001,305.62218606172962,305.62218956749712,-3.5057674949712236e-06,2.5499975786523614,,
1590,0.002,305.64552508998958,305.64552881290194,-3.7229123677207099e-06,2.5499943817584509,,
1590,0.0030000000000000001,305.68443712717959,305.68444119581068,-4.0686310853743635e-06,2.5499851453656319,,
1590,0.0040000000000000001,305.73894165684658,305.73894617555914,-4.5187125579104759e-06,2.5499601118541251,,
1590,0.0050000000000000001,305.80906410759934,305.80906914797112,-5.0403717750668875e-06,2.549895075412294,,
1590,0.0060000000000000001,305.89483437167343,305.894839965882,-5.5942085737115121e-06,2.5497334783087737,,
1590,0.0070000000000000001,305.99628542891958,305.99629156678139,-6.1378618170238042e-06,2.5493508148764392,,
1590,0.0080000000000000002,306.11345245883223,306.11345909069968,-6.6318674498688779e-06,2.5484894809350123,,
1590,0.0090000000000000011,306.24637284445828,306.24637989245724,-7.0479989631166973e-06,2.5466498072729324,,
1590,0.01,306.39508737830295,306.3950947579101,-7.3796071546894382e-06,2.5429253657141966,,
1590,0.010999999999999999,306.55964267354381,306.5596503249551,-7.6514112947734247e-06,2.5357818708313165,,
1590,0.012,306.74009414562329,306.74010206770447,-7.9220811812774627e-06,2.5228014029277621,,
1590,0.013000000000000001,306.93650788727837,306.93651615522668,-8.2679483170977619e-06,2.5004437356389069,,
1590,0.014,307.1489584292724,307.14896716560708,-8.7363346779056883e-06,2.4639022188807247,,
1590,0.014999999999999999,307.37751824293997,307.37752751362984,-9.2706898726646614e-06,2.4071343503761331,,
1590,0.016,307.62223481417465,307.62224445031489,-9.6361402484035352e-06,2.3231091109248072,,
1590,0.017000000000000001,307.88309324099276,307.88310264137334,-9.4003805770626059e-06,2.2042241990352136,,
1590,0.018000000000000002,308.15996699988045,308.15997501529614,-8.0154156876233174e-06,2.0426961583710388,,
1590,0.019,308.45256571142977,308.45257069879455,-4.9873647753884143e-06,1.8304498520033852,,
1590,0.02,308.76039364194935,308.76039372260101,-8.0651659573049983e-08,1.5572423191904177,,
1600,0,305.66697249371839,305.66697626740881,-3.7736904232588131e-06,2.5499982008920177,,
1600,0.001,305.67475962611445,305.67476346376145,-3.8376470001821872e-06,2.5499973784819439,,
1600,0.002,305.69812468080517,305.69812870943321,-4.0286280409418396e-06,2.549993961812318,,
1600,0.0030000000000000001,305.73707841946248,305.73708275033567,-4.3308731960678415e-06,2.5499841478763448,,
1600,0.0040000000000000001,305.79163810415099,305.79164282527739,-4.7211264018187649e-06,2.5499577141400223,,
1600,0.0050000000000000001,305.86182663450222,305.86183180382335,-5.1693211275960493e-06,2.5498894568322776,,
1600,0.0060000000000000001,305.94767162311979,305.94767726484997,-5.6417301834699174e-06,2.549720837863334,,
1600,0.0070000000000000001,306.04920465909493,306.04921076489012,-6.1057951938892074e-06,2.5493237236692643,,
1600,0.0080000000000000002,306.16646100847049,306.16646754508423,-6.5366137391720258e-06,2.5484344225473112,,
1600,0.0090000000000000011,306.29947990750401,306.29948683170323,-6.9241992264323926e-06,2.5465440190280879,,
1600,0.01,306.44830536796661,306.4483126470297,-7.2790630838426296e-06,2.5427336066623165,,
1600,0.010999999999999999,306.6129869908869,306.61299462261456,-7.6317276693771419e-06,2.5354544395427818,,
1600,0.012,306.7935796815745,306.7935877022241,-8.0206496022583451e-06,2.5222753207549915,,
1600,0.013000000000000001,306.99014048257618,306.99014894738002,-8.4648038409795845e-06,2.4996490171692578,,
1600,0.014,307.2027202469763,307.20272917065626,-8.9236799567515845e-06,2.4627741317163152,,
1600,0.014999999999999999,307.43134794640883,307.43135720376142,-9.2573525876105123e-06,2.4056304982379708,,
1600,0.016,307.67600643052725,307.67601563826145,-9.2077341946605884e-06,2.321227688720346,,
1600,0.017000000000000001,307.93660057245279,307.93660899508126,-8.422628468451876e-06,2.2020179672652702,,
1600,0.018000000000000002,308.21292160865761,308.21292813790035,-6.5292427393615071e-06,2.0402765598901773,,
1600,0.019,308.50461420132217,308.50461744187231,-3.2405501428911521e-06,1.8279774582264039,,
1600,0.02,308.81115409729534,308.81115256165322,1.5356421272372245e-06,1.5549019741840557,,
1610,0,305.71959359012368,305.71959765911532,-4.0689916431801976e-06,2.5499980460383513,,
1610,0.001,305.72738855807847,305.72739268199717,-4.1239186998609512e-06,2.5499971644056001,,
1610,0.002,305.75077675727607,305.75078104538682,-4.2881107447101385e-06,2.5499935159084512,,
1610,0.0030000000000000001,305.78976793911198,305.78977248642673,-4.547314745195763e-06,2.5499830961607661,,
1610,0.0040000000000000001,305.84437792930271,305.84438281064706,-4.8813443527251366e-06,2.5499552025975762,,
1610,0.0050000000000000001,305.91462810351226,305.91463336905582,-5.2655435638371273e-06,2.5498836074904445,,
1610,0.0060000000000000001,306.00054485657023,306.00055053115335,-5.6745831216176157e-06,2.5497077535411692,,
1610,0.0070000000000000001,306.10215920363316,306.10216529090206,-6.0872689005009306e-06,2.549295830820494,,
1610,0.0080000000000000002,306.21950658489027,306.21951307641029,-6.4915200255200034e-06,2.5483780158994889,,
1610,0.0090000000000000011,306.35262678720363,306.35263367500914,-6.8878055117238546e-06,2.546436135828575,,
1610,0.01,306.50156363203939,306.50157092050227,-7.2884628821157094e-06,2.5425388687148907,,
1610,0.010999999999999999,306.66636372536851,306.66637143545358,-7.7100850717215508e-06,2.5351231836523636,,
1610,0.012,306.84707319000495,306.84708134735507,-8.1573501233833667e-06,2.5217449033549268,,
1610,0.013000000000000001,307.04373103644622,307.04373963618588,-8.5997396581660723e-06,2.4988501560447336,,
1610,0.014,307.25635785695135,307.25636680407348,-8.9471221258463629e-06,2.4616431190016197,,
1610,0.014999999999999999,307.48493902749027,307.48494806170226,-9.0342119847264257e-06,2.4041260800358288,,
1610,0.016,307.72940265573072,307.72941128078338,-8.6250526578623976e-06,2.3193489869156934,,
1610,0.017000000000000001,307.98959401174676,307.98960145637267,-7.4446259077376453e-06,2.1998180909253349,,
1610,0.018000000000000002,308.26524977588315,308.265255011112,-5.2352288548718207e-06,2.0378664715550658,,
1610,0.019,308.55597660899394,308.55597843352297,-1.8245290220875177e-06,1.8255164036941667,,
1610,0.02,308.86123876500517,308.86123595414529,2.8108598826293019e-06,1.5525728859748591,,
1620,0,305.77226534064789,305.7722696553783,-4.3147304040758172e-06,2.5499978799338021,,
1620,0.001,305.78006747773003,305.78007183910108,-4.3613710545287177e-06,2.5499969356519423,,
1620,0.002,305.80347695934694,305.80348146081502,-4.5014680836175103e-06,2.5499930428002089,,
1620,0.0030000000000000001,305.8425029164506,305.8425076398791,-4.7234285034392087e-06,2.5499819880173549,,
1620,0.0040000000000000001,305.89716030848643,305.8971653202284,-5.0117419618800341e-06,2.5499525733903368,,
1620,0.0050000000000000001,305.96746959751033,305.96747494610082,-5.348590491394134e-06,2.5498775210916453,,
1620,0.0060000000000000001,306.05345638304908,306.05346210032678,-5.7172777019331988e-06,2.5496942158993794,,
1620,0.0070000000000000001,306.15515101584288,306.15515712155212,-6.1057092466398899e-06,2.5492671237812172,,
1620,0.0080000000000000002,306.2725881114614,306.27259462023591,-6.5087745042546885e-06,2.5483202469775286,,
1620,0.0090000000000000011,306.40580572415297,306.40581265223159,-6.9280786192393862e-06,2.5463261462340414,,
1620,0.01,306.55484372967868,306.55485109712589,-7.3674472105267341e-06,2.5423411494852868,,
1620,0.010999999999999999,306.71974074350146,306.71974856678605,-7.8232845908132731e-06,2.53478811726161,,
1620,0.012,306.90052873923048,306.90053700965927,-8.270428793366591e-06,2.5212101864342489,,
1620,0.013000000000000001,307.09722452733371,307.09723317373613,-8.6464024207089096e-06,2.4980472082408141,,
1620,0.014,307.30981750110504,307.30982634031977,-8.8392147290505818e-06,2.4605092463508567,,
1620,0.014999999999999999,307.53825361108426,307.53826229606477,-8.6849805143174308e-06,2.4026211519488059,,
1620,0.016,307.78241636210834,307.78242434271397,-7.9806056305642414e-06,2.3174730302592108,,
1620,0.017000000000000001,308.04210659897035,308.04211311203233,-6.5130619759656838e-06,2.1976245472716651,,
1620,0.018000000000000002,308.31702371463467,308.3170278158268,-4.1011921325662115e-06,2.0354658211654746,,
1620,0.019,308.60675139186185,308.60675203240885,-6.4054700033011613e-07,1.8230665844156511,,
1620,0.02,308.91075112252008,308.91074698251123,4.1400088548471103e-06,1.5502549391195393,,
1630,0,305.82498411846171,305.82498863524091,-4.5167791995481821e-06,2.5499977019208679,,
1630,0.001,305.83279301525005,305.83279757105208,-4.5558020360658702e-06,2.5499966914187402,,
1630,0.002,305.85622263448749,305.85622731180172,-4.6773142230449594e-06,2.5499925412003352,,
1630,0.0030000000000000001,305.89528170690409,305.89528657869641,-4.8717923277763475e-06,2.5499808211899757,,
1630,0.0040000000000000001,305.94998459032013,305.94998971900566,-5.1286855295984424e-06,2.5499498226153126,,
1630,0.0050000000000000001,306.02035098640016,306.02035642288428,-5.4364841162168887e-06,2.5498711912770822,,
1630,0.0060000000000000001,306.10640552815846,306.1064113132266,-5.785068140085059e-06,2.5496802154681579,,
1630,0.0070000000000000001,306.2081771623869,306.2081833298289,-6.1674419953305915e-06,2.549237590064215,,
1630,0.0080000000000000002,306.32569815502364,306.32570473486311,-6.5798394643934444e-06,2.5482611019701631,,
1630,0.0090000000000000011,306.45900241990813,306.45900943910044,-7.0191923100537679e-06,2.5462140391630519,,
1630,0.01,306.60812273504092,306.60813021237374,-7.4773328151422902e-06,2.5421404470330788,,
1630,0.010999999999999999,306.773086305758,306.77309423786625,-7.9321082466776716e-06,2.5344492548300175,,
1630,0.012,306.95390811569069,306.95391645235662,-8.3366659282546607e-06,2.5206712057281093,,
1630,0.013000000000000001,307.15058163740741,307.15059024633109,-8.6089236788211565e-06,2.4972402292420854,,
1630,0.014,307.36306685207717,307.36307547548773,-8.6234105651783466e-06,2.4593725783754894,,
1630,0.014999999999999999,307.59127647247777,307.59128468120019,-8.2087224200222408e-06,2.4011157689251377,,
1630,0.016,307.83506388088495,307.83507104931118,-7.1684262366034091e-06,2.3155998425455757,,
1630,0.017000000000000001,308.09422271071628,308.09422814466529,-5.4339490134225343e-06,2.1954373133771852,,
1630,0.018000000000000002,308.36851813981474,308.36852161957705,-3.4797623129634303e-06,2.0330745374545844,,
1630,0.019,308.65777243124421,308.65777499125153,-2.5600073172427074e-06,1.8206278973267525,,
1630,0.02,308.96199868090548,308.96200275631514,-4.0754096630735148e-06,1.5479479385796653,,
1640,0,305.87774762642817,305.87775231115666,-4.6847284806972311e-06,2.5499975113139239,,
1640,0.001,305.88556299781845,305.88556771727184,-4.7194533863148536e-06,2.5499964308722674,,
1640,0.002,305.90901192133697,305.90901675034206,-4.8290050926880213e-06,2.5499920097804356,,
1640,0.0030000000000000001,305.94810276456792,305.94810777120813,-5.0066402081938577e-06,2.5499795933677523,,
1640,0.0040000000000000001,306.00284925221791,306.00285449812094,-5.2459030257523409e-06,2.549946946303618,,
1640,0.0050000000000000001,306.07327009760928,306.07327563746242,-5.5398531344508228e-06,2.5498646116261545,,
1640,0.0060000000000000001,306.1593883929371,306.15939427509909,-5.8821619859372731e-06,2.5496657427539069,,
1640,0.0070000000000000001,306.26123062672389,306.26123689401788,-6.2672939975527697e-06,2.5492072172475,,
1640,0.0080000000000000002,306.37882511865087,306.37883180766948,-6.6890186189993983e-06,2.5482005672707424,,
1640,0.0090000000000000011,306.51219957877498,306.51220671544257,-7.1366675911122002e-06,2.5460998038904936,,
1640,0.01,306.66137743827835,306.66138502722953,-7.5889511776949803e-06,2.5419367598552278,,
1640,0.010999999999999999,306.82637261561217,306.82638062132253,-8.0057103559738607e-06,2.5341066111616071,,
1640,0.012,307.00718257605035,307.00719089453014,-8.3184797858848469e-06,2.5201279969881942,,
1640,0.013000000000000001,307.20378009670782,307.20378851962846,-8.4229206436248205e-06,2.4964292740402447,,
1640,0.014,307.41610532623162,307.41611351214408,-8.1859124634320324e-06,2.4582331786976059,,
1640,0.014999999999999999,307.64406170788521,307.64406920244016,-7.4945549499716435e-06,2.3996099847090591,,
1640,0.016,307.88752171105159,307.88752808020303,-6.3691514355923573e-06,2.3137294466440679,,
1640,0.017000000000000001,308.14634944876235,308.14635454480759,-5.0960452426807024e-06,2.1932563661481277,,
1640,0.018000000000000002,308.42044436915859,308.42044860514522,-4.2359866370134114e-06,2.0306925500563024,,
1640,0.019,308.70980138031479,308.70980582949812,-4.4491833364190825e-06,1.8182002399208239,,
1640,0.02,309.01457081319256,309.01457701393133,-6.2007387668927549e-06,1.5456517689049749,,
1650,0,305.9305539836771,305.93055881835113,-4.8346740300075908e-06,2.5499973073985571,,
1650,0.001,305.93837553771226,305.93838040489555,-4.8671832928448566e-06,2.5499961531466617,,
1650,0.002,305.96184285965791,305.96184783041031,-4.9707523999131809e-06,2.5499914471704712,,
1650,0.0030000000000000001,306.0009638428985,306.00096898349966,-5.1406011607468827e-06,2.5499783021849449,,
1650,0.0040000000000000001,306.05575132858763,306.05575670149125,-5.3729036153526977e-06,2.5499439404211288,,
1650,0.0050000000000000001,306.12622257146387,306.12622823458656,-5.6631226925674127e-06,2.5498577756583241,,
1650,0.0060000000000000001,306.21239835682542,306.21240436275747,-6.0059320503569325e-06,2.5496507882423263,,
1650,0.0070000000000000001,306.31430162042938,306.31430801452603,-6.3940966583686532e-06,2.5491759929777498,,
1650,0.0080000000000000002,306.43195537805514,306.43196219382475,-6.8157696091475373e-06,2.5481386294789585,,
1650,0.0090000000000000011,306.56537975712371,306.56538700699571,-7.2498719987379445e-06,2.5459834300448878,,
1650,0.01,306.71458798650184,306.71459564630317,-7.6598013265538611e-06,2.5417300868773487,,
1650,0.010999999999999999,306.87958141598119,306.87958940327024,-7.9872890523802198e-06,2.5337602013918303,,
1650,0.012,307.06034409246115,307.06035224372965,-8.1512685028428677e-06,2.5195805959712478,,
1650,0.013000000000000001,307.25683817053948,307.25684623082492,-8.0602854382050282e-06,2.4956143971323814,,
1650,0.014,307.46900240044954,307.46901004742278,-7.6469732448458672e-06,2.4570911099631552,,
1650,0.014999999999999999,307.69675677012754,307.69676369319797,-6.9230704298206547e-06,2.3981038518669817,,
1650,0.016,307.94001642222014,307.94002245721475,-6.0349946124915732e-06,2.3118618645256954,,
1650,0.017000000000000001,308.19871647495421,308.19872175450053,-5.2795463147958799e-06,2.191081682341633,,
1650,0.018000000000000002,308.47284603471718,308.47285108080632,-5.0460891429793264e-06,2.0283197894578802,,
1650,0.019,308.76248525537125,308.76249095396309,-5.6985918490681797e-06,1.8157835093975585,,
1650,0.02,309.06783576675133,309.06784321081625,-7.444064920036908e-06,1.5433663578441641,,
1660,0,305.98340092909217,305.98340590975789,-4.9806657216322492e-06,2.5499970894309016,,
1660,0.001,305.99122826793234,305.99123328045727,-5.0125249231314228e-06,2.5499958573432937,,
1660,0.002,306.01471273118369,306.01471784563148,-5.1144477879461192e-06,2.5499908519582752,,
1660,0.0030000000000000001,306.0538615361761,306.05386681877906,-5.2826029559582821e-06,2.5499769452208634,,
1660,0.0040000000000000001,306.10868627314062,306.10869178724948,-5.5141088637356006e-06,2.5499408008691939,,
1660,0.0050000000000000001,306.17920217926525,306.17920798379822,-5.8045329751621466e-06,2.5498506768349918,,
1660,0.0060000000000000001,306.26542698878092,306.26543313554362,-6.1467627006095427e-06,2.5496353424014639,,
1660,0.0070000000000000001,306.36737924260092,306.36738577142523,-6.5288243149552727e-06,2.5491439049736324,,
1660,0.0080000000000000002,306.4850759498778,306.48508288040739,-6.9305295937738265e-06,2.548075275402395,,
1660,0.0090000000000000011,306.6185295647291,306.61853688422354,-7.3194944434362696e-06,2.5458649076055506,,
1660,0.01,306.76774441256322,306.76775206079424,-7.6482310191750003e-06,2.5415204274449952,,
1660,0.010999999999999999,306.93271300456985,306.93272086005368,-7.8554838296440721e-06,2.5334100409747382,,
1660,0.012,307.11341311452225,307.11342099035738,-7.875835137838294e-06,2.5190290384280418,,
1660,0.013000000000000001,307.30980698346508,307.30981464384826,-7.6603831757893204e-06,2.4947956525196564,,
1660,0.014,307.52184438374286,307.5218515903419,-7.2065990366354526e-06,2.4559464338552459,,
1660,0.014999999999999999,307.74947123807118,307.74947782643659,-6.588365408788377e-06,2.396597421813226,,
1660,0.016,307.99264477401044,307.99265074524163,-5.9712311895054881e-06,2.3099971172895999,,
1660,0.017000000000000001,308.25135469141821,308.25136028830411,-5.5968858987398562e-06,2.1889132385823777,,
1660,0.018000000000000002,308.52564776445621,308.52565349677928,-5.7323230748806964e-06,2.0259561869358951,,
1660,0.019,308.8156513381706,308.81565793359681,-6.5954262140621722e-06,1.8133776036193305,,
1660,0.02,309.12159017971385,309.12159847057097,-8.2908571243933693e-06,1.541091611386413,,
1670,0,306.03628529000241,306.03629042337855,-5.1333761348359985e-06,2.5499968566369766,,
1670,0.001,306.04411785615048,306.04412302155544,-5.1654049570970528e-06,2.549995542530139,,
1670,0.002,306.06761771295311,306.06762298069867,-5.2677455641969573e-06,2.5499902226890843,,
1670,0.0030000000000000001,306.10679117669173,306.10679661311968,-5.4364279549190542e-06,2.5499755199998075,,
1670,0.0040000000000000001,306.16164822122727,306.16165388899157,-5.6677642987779109e-06,2.5499375234853661,,
1670,0.0050000000000000001,306.23220159777298,306.23220755296973,-5.9551967410698126e-06,2.5498433085613943,,
1670,0.0060000000000000001,306.31846551628627,306.31847180382755,-6.2875412822904764e-06,2.5496193956847306,,
1670,0.0070000000000000001,306.42045384429923,306.420460490957,-6.646657766395947e-06,2.5491109410290247,,
1670,0.0080000000000000002,306.53817783590733,306.53818484095103,-7.0050436988822185e-06,2.5480104920579274,,
1670,0.0090000000000000011,306.67164352364136,306.67165084815866,-7.3245172984570672e-06,2.5457442268996524,,
1670,0.01,306.82084910012992,306.82085665793869,-7.5578087717076414e-06,2.5413077813150013,,
1670,0.010999999999999999,306.98578287462499,306.98579052970808,-7.6550830954147386e-06,2.5330561456704519,,
1670,0.012,307.16642266419757,307.16643024081117,-7.5766135978483362e-06,2.5184733600927895,,
1670,0.013000000000000001,307.36273767688931,307.36274498751789,-7.3106285753965494e-06,2.4939730937062627,,
1670,0.014,307.57469393373719,307.57470082583643,-6.8920992362109246e-06,2.4547992111073476,,
1670,0.014999999999999999,307.80226392946872,307.8022703448226,-6.4153538801292598e-06,2.3950907448351111,,
1670,0.016,308.04544048620943,308.04544651868957,-6.0324801438582654e-06,2.3081352251887668,,
1670,0.017000000000000001,308.3042536845856,308.30425961686751,-5.9322819083718059e-06,2.1867510113769617,,
1670,0.018000000000000002,308.57878860526927,308.57879490664533,-6.3013760609464953e-06,2.0236016744840191,,
1670,0.019,308.86920075483994,308.86920803133171,-7.2764917717904609e-06,1.8109824221821458,,
1670,0.02,309.17572585935966,309.17573477202063,-8.9126609736922546e-06,1.538827432142587,,
1680,0,306.0892027813548,306.0892080794157,-5.2980608984398714e-06,2.5499966082120347,,
1680,0.001,306.09703985686605,306.09704518706627,-5.3302002243071911e-06,2.5499952077411678,,
1680,0.002,306.12055289141261,306.12055832382612,-5.4324135021488473e-06,2.5499895578650862,,
1680,0.0030000000000000001,306.159747127179,306.1597527268068,-5.5996277978920261e-06,2.5499740239910373,,
1680,0.0040000000000000001,306.21463068159125,306.21463650758227,-5.8259910247215885e-06,2.5499341040441736,,
1680,0.0050000000000000001,306.28521360186772,306.28521970341359,-6.1015458641122677e-06,2.5498356641885103,,
1680,0.0060000000000000001,306.3715065288111,306.37151293942554,-6.4106144463949022e-06,2.5496029385338828,,
1680,0.0070000000000000001,306.47351900675665,306.47352573705444,-6.7302977981853473e-06,2.5490770890161261,,
1680,0.0080000000000000002,306.59125755595483,306.59126458579311,-7.0298382865985332e-06,2.547944266672979,,
1680,0.0090000000000000011,306.72472374699674,306.72473101890694,-7.2719101922302798e-06,2.5456213785991766,,
1680,0.01,306.87391267559462,306.87392009254285,-7.4169482218167104e-06,2.5410921486468965,,
1680,0.010999999999999999,307.03881240211916,307.03881983329865,-7.4311794833192835e-06,2.5326985315329287,,
1680,0.012,307.21940504309549,307.21941234102331,-7.2979278229468036e-06,2.5179135966729782,,
1680,0.013000000000000001,307.41567021310078,307.41567724324182,-7.0301410346473858e-06,2.4931467736986974,,
1680,0.014,307.62759134641612,307.62759802688993,-6.6804738025894039e-06,2.4536495015164279,,
1680,0.014999999999999999,307.85516503735477,307.85517138178659,-6.34443182434552e-06,2.3935838701174648,,
1680,0.016,308.09841294459289,308.09841909734303,-6.1527501316049893e-06,2.3062762076551362,,
1680,0.017000000000000001,308.35739510553697,308.357401357333,-6.2517960373043024e-06,2.1845949771252831,,
1680,0.018000000000000002,308.63222287289875,308.63222964764867,-6.7747499201686878e-06,2.0212561847649861,,
1680,0.019,308.92306932132743,308.92307713133738,-7.8100099472067086e-06,1.8085978666296116,,
1680,0.02,309.23017543105942,309.23018443082668,-8.9997672603203682e-06,1.5365737223045084,,
1690,0,306.14214817421828,306.14215364838822,-5.4741699386795517e-06,2.5499963433199211,,
1690,0.001,306.14998893361724,306.14999443830033,-5.5046830880201014e-06,2.5499948519757401,,
1690,0.002,306.17351264128115,306.17351824521376,-5.603932606845774e-06,2.5499888559449961,,
1690,0.0030000000000000001,306.21272340048654,306.21272916496309,-5.7644765547593124e-06,2.5499724546087679,,
1690,0.0040000000000000001,306.26762743173299,306.26763340964516,-5.9779121670544555e-06,2.5499305382579109,,
1690,0.0050000000000000001,306.33823216626212,306.33823839732673,-6.2310646171681583e-06,2.5498277370149736,,
1690,0.0060000000000000001,306.42454503665283,306.42455154169681,-6.5050439843616914e-06,2.5495859613819594,,
1690,0.0070000000000000001,306.52657206536082,306.52657884026655,-6.7749057279797853e-06,2.5490423368884674,,
1690,0.0080000000000000002,306.64431643114324,306.6443234417203,-7.0105770646478049e-06,2.5478765866866291,,
1690,0.0090000000000000011,306.77777729386821,306.77778447360271,-7.1797344958213216e-06,2.5454963537177795,,
1690,0.01,306.92694926409922,306.92695651715962,-7.2530604029452661e-06,2.5408735299943785,,
1690,0.010999999999999999,307.09182298660994,307.09183019831272,-7.2117027798412892e-06,2.5323372148980048,,
1690,0.012,307.27238732892863,307.27239438466302,-7.0557343860855326e-06,2.5173497838396086,,
1690,0.013000000000000001,307.46863359296611,307.46864040396514,-6.810999025219644e-06,2.492316745005311,,
1690,0.014,307.68056201669549,307.68056854739353,-6.5306980445711815e-06,2.4524973639560206,,
1690,0.014999999999999999,307.90819085537242,307.90819714473525,-6.289362829647871e-06,2.3920768457665744,,
1690,0.016,308.15156948366672,308.15157566083082,-6.177164095788612e-06,2.3044200833240445,,
1690,0.017000000000000001,308.41080107893231,308.41080745746342,-6.3785311112951604e-06,2.1824451121288573,,
1690,0.018000000000000002,308.68608768343029,308.68609514872765,-7.4652973580668913e-06,2.0189196510973568,,
1690,0.019,308.97781217401763,308.97782271246541,-1.0538447781982541e-05,1.8062238403626127,,
1690,0.02,309.28664952441829,309.28666620808741,-1.6683669116446254e-05,1.5343305088869923,,
1700,0,306.19511577436401,306.19512142705645,-5.6526924367972242e-06,2.549996061092433,,
1700,0.001,306.20295937078487,306.20296505197393,-5.6811890658536868e-06,2.5499944741980132,,
1700,0.002,306.22649122366448,306.22649699742641,-5.7737619272302254e-06,2.5499881153436408,,
1700,0.0030000000000000001,306.26571435491564,306.26572027649496,-5.9215793157818553e-06,2.5499708092122022,,
1700,0.0040000000000000001,306.32063324696139,306.32063936115964,-6.114198242812563e-06,2.549926821777472,,
1700,0.0050000000000000001,306.39125306185798,306.39125939818797,-6.3363299886987079e-06,2.5498195202889993,,
1700,0.0060000000000000001,306.47757866056088,306.47758522827678,-6.5677159000188112e-06,2.549568454656177,,
1700,0.0070000000000000001,306.57961356087742,306.57962034467971,-6.7838022914656904e-06,2.5490066726838054,,
1700,0.0080000000000000002,306.69735903962646,306.69736599725593,-6.9576294663420413e-06,2.5478074397505681,,
1700,0.0090000000000000011,306.83081365661155,306.83082071978987,-7.0631783160024497e-06,2.5453691436075392,,
1700,0.01,306.97997354365611,306.97998062369788,-7.0800417688587913e-06,2.5406519262968352,,
1700,0.010999999999999999,307.14483385605843,307.14484085475641,-6.9986979838176921e-06,2.5319722123717128,,
1700,0.012,307.32539185434922,307.32539867911646,-6.8247672402321768e-06,2.5167819572178454,,
1700,0.013000000000000001,307.52165227336974,307.52165885425677,-6.5808870317596302e-06,2.4914830596361686,,
1700,0.014,307.73363613577453,307.7336424479559,-6.3121813695943274e-06,2.4513428563892625,,
1700,0.014999999999999999,307.96139514809676,307.96140126310155,-6.115004794082779e-06,2.3905697188336519,,
1700,0.016,308.20503504544763,308.20504125193486,-6.2064872281553107e-06,2.3025668700579747,,
1700,0.017000000000000001,308.46475155817097,308.46475856346427,-7.0052932983344363e-06,2.180301392596987,,
1700,0.018000000000000002,308.74088004181266,308.74088914448532,-9.1026726636300737e-06,2.0165920074633887,,
1700,0.019,309.03395282631362,309.03396590228203,-1.3075968411158101e-05,1.8038602492433859,,
1700,0.02,309.34474925251845,309.34476850779026,-1.9255271809015539e-05,1.5320977041692159,,
1710,0,306.24810002637975,306.24810585149146,-5.8251117138752306e-06,2.5499957606286858,,
1710,0.001,306.25594567959007,306.25595152997289,-5.8503828199718555e-06,2.5499940733363604,,
1710,0.002,306.27948338480388,306.27948931763001,-5.9328261272639793e-06,2.549987334431572,,
1710,0.0030000000000000001,306.31871524035114,306.31872130307676,-6.0627256175393995e-06,2.5499690851055803,,
1710,0.0040000000000000001,306.37364429789824,306.37365052640621,-6.2285079707180557e-06,2.549922950193197,,
1710,0.0050000000000000001,306.44427396212018,306.44428037619514,-6.4140749600483105e-06,2.549811007210308,,
1710,0.0060000000000000001,306.53060729244561,306.53061389177122,-6.5993256157526048e-06,2.5495504087807883,,
1710,0.0070000000000000001,306.63264636266234,306.63265312405878,-6.7613964347401634e-06,2.5489700845269336,,
1710,0.0080000000000000002,306.75039189379487,306.75039877054485,-6.8767499783461972e-06,2.5477368137299492,,
1710,0.0090000000000000011,306.88384344479618,306.88385036878901,-6.923992827978509e-06,2.5452397399556639,,
1710,0.01,307.03300053438346,307.03300742149975,-6.8871162852701673e-06,2.5404273388709937,,
1710,0.010999999999999999,307.19786520174392,307.19787196104807,-6.7593041421787348e-06,2.5316035408189097,,
1710,0.012,307.37844673456681,307.37845328369417,-6.5491273630868818e-06,2.5162101523780334,,
1710,0.013000000000000001,307.5747696274621,307.57477592084376,-6.2933816593613301e-06,2.4906457691031063,,
1710,0.014,307.78688622623349,307.78689230730618,-6.0810726836280082e-06,2.4501860358817265,,
1710,0.014999999999999999,308.01489572978301,308.01490181555005,-6.0857670405312092e-06,2.3890625353376405,,
1710,0.016,308.25897081055223,308.2589774015629,-6.5910106741284835e-06,2.3007165849693632,,
1710,0.017000000000000001,308.51939157916115,308.51939955912775,-7.9799665968494082e-06,2.1781637946521468,,
1710,0.018000000000000002,308.7965838110099,308.79659447348013,-1.0662470231181942e-05,2.0142731885290139,,
1710,0.019,309.09115492121623,309.09116988007821,-1.4958861981995142e-05,1.8015070029033218,,
1710,0.02,309.40391873769659,309.40393972936562,-2.0991669032355276e-05,1.5298751596553923,,
1720,0,306.30109605113819,306.30110203334334,-5.9822051525770803e-06,2.5499954409944987,,
1720,0.001,306.30894311476567,306.3089491181031,-6.0033374325030309e-06,2.5499936482828054,,
1720,0.002,306.33248480420667,306.33249087733253,-6.0731258599844296e-06,2.5499865115346969,,
1720,0.0030000000000000001,306.37172251559645,306.3717286971098,-6.181513356295909e-06,2.5499672795382695,,
1720,0.0040000000000000001,306.42665826392721,306.42666458054458,-6.316617373158806e-06,2.5499189190357558,,
1720,0.0050000000000000001,306.49729429332268,306.49730075575076,-6.4624280753378116e-06,2.5498021909320663,,
1720,0.0060000000000000001,306.58363269256864,306.58363929219252,-6.5996238731713674e-06,2.5495318141798924,,
1720,0.0070000000000000001,306.68567519000061,306.68568189689711,-6.7068964995087299e-06,2.5489325606323723,,
1720,0.0080000000000000002,306.80342337253501,306.80343013540926,-6.7628742499437067e-06,2.5476646967040697,,
1720,0.0090000000000000011,306.93687966602033,306.93688641489973,-6.7488794002201757e-06,2.5451081347810747,,
1720,0.01,307.08604953892109,307.08605619209436,-6.6531732727526105e-06,2.5401997694025895,,
1720,0.010999999999999999,307.25094555487448,307.25095203284741,-6.4779729314068391e-06,2.5312312173521385,,
1720,0.012,307.43159408703923,307.43160033785597,-6.2508167388841684e-06,2.5156344048271038,,
1720,0.013000000000000001,307.62804565747734,307.62805169829414,-6.0408167996683915e-06,2.4898049244201008,,
1720,0.014,307.84038985151193,307.8403958284598,-5.9769478752969007e-06,2.449026958614279,,
1720,0.014999999999999999,308.06877539870317,308.06878165932864,-6.2606254687125329e-06,2.3875553402876601,,
1720,0.016,308.31343514230781,308.31344230403545,-7.1617276375945949e-06,2.2988692444426411,,
1720,0.017000000000000001,308.57471421620005,308.57472320344067,-8.9872406192625931e-06,2.1760322943357373,,
1720,0.018000000000000002,308.8530980538319,308.85311007515276,-1.2021320856092643e-05,2.0119631296895299,,
1720,0.019,309.14923541516799,309.14925186597361,-1.6450805617296282e-05,1.7991640133386764,,
1720,0.02,309.46395113264435,309.46397344459064,-2.2311946281661221e-05,1.5276627637142719,,
1730,0,306.35410001534206,306.35410613159962,-6.1162575661910523e-06,2.5499951012217865,,
1730,0.001,306.36194801790469,306.36195415055545,-6.1326507534431585e-06,2.5499931978924626,,
1730,0.002,306.38549236159969,306.38549854973792,-6.1881382293904608e-06,2.549985644933924,,
1730,0.0030000000000000001,306.424733999419,306.42474027206657,-6.2726475675844995e-06,2.5499653897048686,,
1730,0.0040000000000000001,306.47967435980513,306.47968073418764,-6.374382508056442e-06,2.5499147237770554,,
1730,0.0050000000000000001,306.55031519584611,306.55032167352886,-6.4776827457535546e-06,2.5497930645628202,,
1730,0.0060000000000000001,306.63665855890611,306.63666512290689,-6.5640007846923254e-06,2.5495126612802026,,
1730,0.0070000000000000001,306.73870709847273,306.73871371195588,-6.6134831513409154e-06,2.5488940893069607,,
1730,0.0080000000000000002,306.85646497285097,306.85647158033112,-6.6074801452487009e-06,2.5475910769669494,,
1730,0.0090000000000000011,306.98993975598825,306.98994628852751,-6.532539259751502e-06,2.5449743204309407,,
1730,0.01,307.13914584020597,307.13915222679282,-6.3865868469292764e-06,2.539969219938139,,
1730,0.010999999999999999,307.30410994441229,307.30411613227744,-6.1878651536062534e-06,2.5308552593207829,,
1730,0.012,307.48487940101609,307.48488538739826,-5.9863821775252291e-06,2.5150547500003317,,
1730,0.013000000000000001,307.68153384419657,307.68153972019434,-5.8759977719091694e-06,2.4889605761038411,,
1730,0.014,307.89420067302325,307.8942066760838,-6.0030605482097599e-06,2.4478656798957803,,
1730,0.014999999999999999,308.12307414434247,308.1230807102823,-6.5659398273965053e-06,2.3860481777048741,,
1730,0.016,308.36843715383583,308.36844495383536,-7.799999536928226e-06,2.2970248641553379,,
1730,0.017000000000000001,308.63068379028738,308.63069373573558,-9.9454481983229925e-06,2.1739068676151114,,
1730,0.018000000000000002,308.91033982544644,308.91035302714948,-1.3201703040977009e-05,2.0096617671331072,,
1730,0.019,309.20807774649188,309.20809542455936,-1.7678067479209858e-05,1.7968311932923755,,
1730,0.02,309.52472304665042,309.52474641534042,-2.336868999464059e-05,1.5254604137868166,,
1740,0,306.40710935457065,306.40711557539521,-6.220824559477478e-06,2.5499947403079544,,
1740,0.001,306.41495802661854,306.41496425863801,-6.2320194729181821e-06,2.5499927209829965,,
1740,0.002,306.43850431250314,306.43851058440828,-6.2719051356907585e-06,2.5499847328648375,,
1740,0.0030000000000000001,306.47774901753866,306.47775534804089,-6.3305022308668413e-06,2.5499634127453543,,
1740,0.0040000000000000001,306.53269349843862,306.53269989470795,-6.396269327524351e-06,2.5499103598311659,,
1740,0.0050000000000000001,306.60333978714687,306.60334624131633,-6.4541694655417814e-06,2.5497836211684359,,
1740,0.0060000000000000001,306.68969097486865,306.68969746188986,-6.4870212099776836e-06,2.5494929405137698,,
1740,0.0070000000000000001,306.79175208159324,306.79175855931214,-6.4777188981679501e-06,2.5488546589523557,,
1740,0.0080000000000000002,306.90953171744371,306.90953813013601,-6.4126923007279402e-06,2.5475159430277752,,
1740,0.0090000000000000011,307.04304492598595,307.04305121298756,-6.2870016108718119e-06,2.5448382895771395,,
1740,0.01,307.19231767170413,307.19232378297858,-6.1112744447200384e-06,2.5397356928767958,,
1740,0.010999999999999999,307.35739346768344,307.35739938785315,-5.9201697126809449e-06,2.5304756843004759,,
1740,0.012,307.53834259642792,307.5383483775941,-5.7811661804407777e-06,2.514471223253445,,
1740,0.013000000000000001,307.73527421193955,307.73528001328856,-5.8013490047414962e-06,2.4881127741745339,,
1740,0.014,307.94835128811809,307.94835741708329,-6.1289651966944803e-06,2.4467022541756811,,
1740,0.014999999999999999,308.17780789013722,308.17781483654124,-6.9464040279854089e-06,2.3845410906438755,,
1740,0.016,308.42396763579734,308.42397608823808,-8.4524407384378719e-06,2.2951834590983804,,
1740,0.017000000000000001,308.68726158930963,308.68727242351008,-1.0834200452336518e-05,2.1717874903927896,,
1740,0.018000000000000002,308.96824334863658,308.96825758143291,-1.4232796331725694e-05,2.0073690378745486,,
1740,0.019,309.26759892154581,309.26761763140331,-1.8709857499743521e-05,1.7945084558925661,,
1740,0.02,309.58614904580548,309.58617350171681,-2.4455911329823721e-05,1.5232680118111166,,
1750,0,306.46012295718515,306.46012924542867,-6.2882435258870828e-06,2.5499943572153088,,
1750,0.001,306.46797226027161,306.46797855513364,-6.2948620325187221e-06,2.5499922163340907,,
1750,0.002,306.49152048323231,306.49152680119283,-6.317960526303068e-06,2.5499837735173854,,
1750,0.0030000000000000001,306.5307686213618,306.5307749702053,-6.3488434989267262e-06,2.5499613457452353,,
1750,0.0040000000000000001,306.58571854461235,306.58572492126115,-6.3766487983230036e-06,2.5499058225552771,,
1750,0.0050000000000000001,306.6563734261847,306.65637981392217,-6.3877374714138568e-06,2.5497738537740329,,
1750,0.0060000000000000001,306.74273856944626,306.74274493701125,-6.367564992615371e-06,2.5494726423206564,,
1750,0.0070000000000000001,306.84482286526429,306.84482916882507,-6.3035607809069916e-06,2.5488142580674311,,
1750,0.0080000000000000002,306.96264117855281,306.96264736779267,-6.1892398548479832e-06,2.5474392836112365,,
1750,0.0090000000000000011,307.09621801717805,307.09622404681346,-6.0296354149613762e-06,2.5447000352126672,,
1750,0.01,307.24559286142261,307.24559870923571,-5.8478130995354149e-06,2.5394991909623021,,
1750,0.010999999999999999,307.41082750462527,307.41083319635578,-5.691730507351167e-06,2.5300925100827842,,
1750,0.012,307.5920156484226,307.59202128869816,-5.6402755603812693e-06,2.5138838598550688,,
1750,0.013000000000000001,307.78929478016738,307.7893005875851,-5.8074177218259138e-06,2.4872615681569026,,
1750,0.014,308.002859973677,308.00286631710469,-6.3434276853513438e-06,2.4455367350564932,,
1750,0.014999999999999999,308.23297841039471,308.23298583835435,-7.4279596447013319e-06,2.3830341212135413,,
1750,0.016,308.48000104309665,308.48001028204106,-9.2389444148466282e-06,2.2933450435956666,,
1750,0.017000000000000001,308.74436182117972,308.74437364992184,-1.182874211735907e-05,2.1696741385181531,,
1750,0.018000000000000002,309.02654541296084,309.02656017690992,-1.4763949081952887e-05,2.0050848797421583,,
1750,0.019,309.32700227092516,309.32701908121146,-1.6810286297186394e-05,1.792195714787818,,
1750,0.02,309.64601707251575,309.64603361853733,-1.6546021583963011e-05,1.5210855457410686,,
1760,0,306.51314136948639,306.51314768401198,-6.3145255921881471e-06,2.5499939508704892,,
1760,0.001,306.52099152664226,306.52099784185407,-6.3152118059406348e-06,2.5499916826869407,,
1760,0.002,306.54454247793234,306.54454879869121,-6.3207588709701668e-06,2.5499827650356011,,
1760,0.0030000000000000001,306.58379577945965,306.58380210257536,-6.3231157128029736e-06,2.54995918573576,,
1760,0.0040000000000000001,306.63875444437855,306.63876075714836,-6.3127698126663745e-06,2.5499011072506783,,
1760,0.0050000000000000001,306.70942368632666,306.7094299648154,-6.2784887404632173e-06,2.5497637553659311,,
1760,0.0060000000000000001,306.79581218625117,306.79581839589349,-6.2096423221191799e-06,2.5494517571515662,,
1760,0.0070000000000000001,306.89793410232863,306.89794020185298,-6.0995243416073208e-06,2.5487728752505512,,
1760,0.0080000000000000002,307.01581208941246,307.01581803915747,-5.9497450024537102e-06,2.5473610876577046,,
1760,0.0090000000000000011,307.14948161719474,307.14948739281613,-5.7756213891480002e-06,2.544559550647933,,
1760,0.01,307.29899685481485,307.29900246703653,-5.6122216847143136e-06,2.5392597172749602,,
1760,0.010999999999999999,307.46443828654674,307.46444380693475,-5.5203880151566409e-06,2.5297057546651103,,
1760,0.012,307.64592196015428,307.64592755209566,-5.5919413739502488e-06,2.5132926949795222,,
1760,0.013000000000000001,307.84360969079319,307.84361564286854,-5.9520753552533279e-06,2.4864070070814863,,
1760,0.014,308.05771841276743,308.05772516116633,-6.7483989028005453e-06,2.4443691753062873,,
1760,0.014999999999999999,308.28852502527565,308.28853312645271,-8.1011770589611842e-06,2.3815273105975714,,
1760,0.016,308.53636089479397,308.5363708913693,-9.99657532929632e-06,2.2915096313232,,
1760,0.017000000000000001,308.80158922896061,308.80160138645772,-1.2157497110365512e-05,2.1675667878005567,,
1760,0.018000000000000002,309.08456145337908,309.08457546436563,-1.4010986546963977e-05,2.0028092313367885,,
1760,0.019,309.38555720902025,309.38557208988192,-1.4880861670008017e-05,1.7898928848250946,,
1760,0.02,309.70472420660667,309.70473854713032,-1.4340523648570525e-05,1.5189129286954564,,
1770,0,306.56616697595246,306.56617326913658,-6.2931841284807888e-06,2.5499935201638921,,
1770,0.001,306.57401849163568,306.57402477956873,-6.2879330471332651e-06,2.5499911187437441,,
1770,0.002,306.59757381124433,306.59758008735503,-6.2761106960351754e-06,2.5499817055173231,,
1770,0.0030000000000000001,306.63683543128741,306.63684168205134,-6.2507639313480468e-06,2.5499569296941185,,
1770,0.0040000000000000001,306.69180813693515,306.69181434142001,-6.2044848618825199e-06,2.5498962091637436,,
1770,0.0050000000000000001,306.76250004556238,306.76250617500455,-6.1294421698221413e-06,2.5497533188935706,,
1770,0.0060000000000000001,306.84892427463143,306.84893029469424,-6.0200628126949596e-06,2.5494302754704239,,
1770,0.0070000000000000001,306.95110142201571,306.95110729869157,-5.87667585705276e-06,2.5487304992018038,,
1770,0.0080000000000000002,307.06906306375498,307.06906877386501,-5.7101100310319453e-06,2.547281344323379,,
1770,0.0090000000000000011,307.20285644340356,307.2028619905185,-5.5471149380537099e-06,2.5444168295071252,,
1770,0.01,307.35255040940865,307.3525558454898,-5.4360811532205844e-06,2.539017275223836,,
1770,0.010999999999999999,307.51824239225976,307.51824784354073,-5.4512809697371267e-06,2.5293154362409234,,
1770,0.012,307.70006572929077,307.70007142049843,-5.6912076615844853e-06,2.5126977636998897,,
1770,0.013000000000000001,307.89819590144458,307.89820216479308,-6.263348495849641e-06,2.4855491394859262,,
1770,0.014,308.11285332941026,308.11286057698953,-7.2475792762816127e-06,2.4431996268707508,,
1770,0.014999999999999999,308.34429961958682,308.34430825997629,-8.6403894670183945e-06,2.3800206990741719,,
1770,0.016,308.5928241786965,308.59283448047972,-1.0301783220256766e-05,2.2896772353275394,,
1770,0.017000000000000001,308.85871964269023,308.85873158232778,-1.1939637545310688e-05,2.1654654140221803,,
1770,0.018000000000000002,309.14224785622724,309.14226101778735,-1.3161560104890668e-05,2.0005420319893275,,
1770,0.019,309.4436024394729,309.44361603639572,-1.3596922826764057e-05,1.7875998831414526,,
1770,0.02,309.76287742644683,309.76289047416725,-1.3047720415215736e-05,1.5167500343217117,,
1780,0,306.61920407442767,306.61921029565895,-6.2212312741394271e-06,2.5499930639491191,,
1780,0.001,306.62705773460056,306.62706394502305,-6.2104224980430445e-06,2.5499905231672204,,
1780,0.002,306.65061990162508,306.65062608419873,-6.1825736565879197e-06,2.5499805930139576,,
1780,0.0030000000000000001,306.68989437064897,306.68990050295099,-6.1323020190684474e-06,2.5499545745436936,,
1780,0.0040000000000000001,306.74488827448545,306.74489432956369,-6.0550782450263796e-06,2.549891123486955,,
1780,0.0050000000000000001,306.81561338412183,306.81561933162459,-5.9475027569533268e-06,2.5497425372714466,,
1780,0.0060000000000000001,306.90208809270666,306.90209390301487,-5.8103082096749858e-06,2.5494081877569053,,
1780,0.0070000000000000001,307.00434020836605,307.00434586063585,-5.6522698059779941e-06,2.5486871187250832,,
1780,0.0080000000000000002,307.12241064996499,307.12241614471077,-5.4947457783782738e-06,2.5472000429802528,,
1780,0.0090000000000000011,307.25635803815391,307.25636341417089,-5.376016986247123e-06,2.544271865724407,,
1780,0.01,307.40626397002126,307.40626932364233,-5.3536210771198967e-06,2.5387718685389138,,
1780,0.010999999999999999,307.57223843568261,307.5722439373377,-5.501655095940805e-06,2.528921573190166,,
1780,0.012,307.75442438915695,307.75443028856154,-5.8994045843974163e-06,2.512099100981442,,
1780,0.013000000000000001,307.95300000409605,307.953006613078,-6.6089819483750034e-06,2.484688013416632,,
1780,0.014,308.16817680623245,308.16818445032476,-7.6440923066911637e-06,2.4420281408854527,,
1780,0.014999999999999999,308.40019194321314,308.40020088250844,-8.9392952986599994e-06,2.3785143260356447,,
1780,0.016,308.64929359154291,308.64930392643754,-1.0334894625430024e-05,2.2878478680441958,,
1780,0.017000000000000001,308.91572000557858,308.91573159697742,-1.1591398845212098e-05,2.1633699929493506,,
1780,0.018000000000000002,309.19967474125627,309.19968718012757,-1.2438871294762066e-05,1.998283221741799,,
1780,0.019,309.50130251066309,309.50131516192516,-1.2651262068175129e-05,1.7853166283996216,,
1780,0.02,309.82067110532796,309.82068323356481,-1.2128236846820073e-05,1.5145967618254623,,
1790,0,306.67225880444516,306.67226490327073,-6.0988255654592649e-06,2.549992581042444,,
1790,0.001,306.68011565298843,306.6801217362846,-6.0832961708001676e-06,2.5499898945801425,,
1790,0.002,306.70368790317247,306.70369394531764,-6.0421451735237497e-06,2.5499794255302541,,
1790,0.0030000000000000001,306.74298094881669,306.74298692088911,-5.9720724152612092e-06,2.5499521171543273,,
1790,0.0040000000000000001,306.79800472491371,306.79801059718244,-5.8722687299450627e-06,2.5498858453599369,,
1790,0.0050000000000000001,306.86877518191136,306.86878092674681,-5.7448354482403374e-06,2.5497314033810339,,
1790,0.0060000000000000001,306.95531643917224,306.95532203699742,-5.5978251793931122e-06,2.5493854845089219,,
1790,0.0070000000000000001,307.05766365284933,307.05766910157047,-5.448721140055568e-06,2.5486427227301043,,
1790,0.0080000000000000002,307.17586655969052,307.17587188726714,-5.3275766163096705e-06,2.5471171732160021,,
1790,0.0090000000000000011,307.30999351784737,307.30999879633106,-5.2784836839236959e-06,2.5441246535401287,,
1790,0.01,307.46013565169613,307.4601410092265,-5.357530369565211e-06,2.5385235012634122,,
1790,0.010999999999999999,307.62641043508694,307.62641606043906,-5.6253521165672282e-06,2.5285241840699348,,
1790,0.012,307.80896376744437,307.80896990075217,-6.1333078065217705e-06,2.511496741675332,,
1790,0.013000000000000001,308.00796940451141,308.00797630898842,-6.9044770043547032e-06,2.4838236764305242,,
1790,0.014,308.22362462792188,308.22363254174968,-7.9138278010759677e-06,2.4408547676878101,,
1790,0.014999999999999999,308.45614139813301,308.45615047292517,-9.0747921603906434e-06,2.3770082300073399,,
1790,0.016,308.7057329892678,308.70574322932498,-1.024005717908949e-05,2.2860215413155887,,
1790,0.017000000000000001,308.97259717412999,308.97260839563893,-1.1221508941616776e-05,2.1612805003420208,,
1790,0.018000000000000002,309.25689817132093,309.25690999959312,-1.1828272192815348e-05,1.9960327413525487,,
1790,0.019,309.55875042045585,309.55876233423959,-1.1913783737327321e-05,1.7830430398170525,,
1790,0.02,309.87820744770772,309.87821887406437,-1.1426356650190428e-05,1.5124530172443185,,
1800,0,306.7253388975563,306.72534482780486,-5.9302485624357359e-06,2.5499920702222805,,
1800,0.001,306.73320018232113,306.73320609370847,-5.9113873476235312e-06,2.549989231564882,,
1800,0.002,306.7567863307724,306.75679219206523,-5.8612928341972292e-06,2.5499782010240986,,
1800,0.0030000000000000001,306.79610452992023,306.79611030911531,-5.7791950780483603e-06,2.5499495543426129,,
1800,0.0040000000000000001,306.85116777039633,306.85117343896644,-5.6685701110836817e-06,2.5498803698705057,,
1800,0.0050000000000000001,306.92199637813826,306.92200191547209,-5.5373338341269118e-06,2.5497199100726933,,
1800,0.0060000000000000001,307.0086201593453,307.00862555965119,-5.4003058949092519e-06,2.5493621562450479,,
1800,0.0070000000000000001,307.11108110356616,307.11108638502651,-5.281460346395761e-06,2.5485973002343263,,
1800,0.0080000000000000002,307.22943649762175,307.22944171264612,-5.2150243732285162e-06,2.5470327248337781,,
1800,0.0090000000000000011,307.36376216572972,307.36376740999049,-5.2442607625380333e-06,2.5439751874969958,,
1800,0.01,307.51415537953955,307.5141607963489,-5.4168093583939481e-06,2.5382721777461876,,
1800,0.010999999999999999,307.68073680627765,307.68074258227733,-5.7759996821005188e-06,2.5281232876054029,,
1800,0.012,307.86365073615082,307.86365708484226,-6.3486914427812735e-06,2.5108907205125877,,
1800,0.013000000000000001,308.06306281988935,308.0630699516845,-7.1317951437777083e-06,2.4829561755969491,,
1800,0.014,308.27915472093628,308.27916280217073,-8.0812344549485715e-06,2.4396795568289673,,
1800,0.014999999999999999,308.51211548284067,308.51212459074998,-9.1079093067492067e-06,2.3755024486662126,,
1800,0.016,308.76213001062308,308.76214009504184,-1.0084418761380221e-05,2.2841982664086986,,
1800,0.017000000000000001,309.02936576691525,309.02937663067758,-1.0863762327062432e-05,2.1591969119620824,,
1800,0.018000000000000002,309.31395942035323,309.31397072779663,-1.1307443401165074e-05,1.9937905322935008,,
1800,0.019,309.6160055550921,309.61601687155974,-1.131646763496974e-05,1.780779036989371,,
1800,0.02,309.93554949135563,309.93556035702767,-1.0865672038562479e-05,1.5103187102599951,,
