time_s,radius_m,fvm_temperature_K,analytic_temperature_K,temperature_error_K,fvm_moisture_kg_per_kg,analytic_frozen_D_moisture_kg_per_kg,moisture_error_kg_per_kg
0,0,301.14999999999998,301.14999999999998,0,2.5499999999999998,,
0,0.001,301.14999999999998,301.14999999999998,0,2.5499999999999998,,
0,0.002,301.14999999999998,301.14999999999998,0,2.5499999999999998,,
0,0.0030000000000000001,301.14999999999998,301.14999999999998,0,2.5499999999999998,,
0,0.0040000000000000001,301.14999999999998,301.14999999999998,0,2.5499999999999998,,
0,0.0050000000000000001,301.14999999999998,301.14999999999998,0,2.5499999999999998,,
0,0.0060000000000000001,301.14999999999998,301.14999999999998,0,2.5499999999999998,,
0,0.0070000000000000001,301.14999999999998,301.14999999999998,0,2.5499999999999998,,
0,0.0080000000000000002,301.14999999999998,301.14999999999998,0,2.5499999999999998,,
0,0.0090000000000000011,301.14999999999998,301.14999999999998,0,2.5499999999999998,,
0,0.01,301.14999999999998,301.14999999999998,0,2.5499999999999998,,
0,0.010999999999999999,301.14999999999998,301.14999999999998,0,2.5499999999999998,,
0,0.012,301.14999999999998,301.14999999999998,0,2.5499999999999998,,
0,0.013000000000000001,301.14999999999998,301.14999999999998,0,2.5499999999999998,,
0,0.014,301.14999999999998,301.14999999999998,0,2.5499999999999998,,
0,0.014999999999999999,301.14999999999998,301.14999999999998,0,2.5499999999999998,,
0,0.016,301.14999999999998,301.14999999999998,0,2.5499999999999998,,
0,0.017000000000000001,301.14999999999998,301.14999999999998,0,2.5499999999999998,,
0,0.018000000000000002,301.14999999999998,301.14999999999998,0,2.5499999999999998,,
0,0.019,301.14999999999998,301.14999999999998,0,2.5499999999999998,,
0,0.02,301.14999999999998,301.14999999999998,0,2.5499999999999998,,
10,0,301.14999999999998,301.15000000309425,-3.0942715056880843e-09,2.5499999999999998,,
10,0.001,301.14999999999998,301.15000000027317,-2.7318947104504332e-10,2.5499999999999998,,
10,0.002,301.14999999999998,301.15000000018699,-1.8701484805205837e-10,2.5499999999999998,,
10,0.0030000000000000001,301.14999999999998,301.15000000014811,-1.4813394955126569e-10,2.5499999999999998,,
10,0.0040000000000000001,301.14999999999998,301.15000000012469,-1.2471446098061278e-10,2.5499999999999998,,
10,0.0050000000000000001,301.14999999999998,301.15000000010872,-1.0874146028072573e-10,2.5499999999999998,,
10,0.0060000000000000001,301.14999999999998,301.15000000009695,-9.6974872576538473e-11,2.5499999999999998,,
10,0.0070000000000000001,301.14999999999998,301.15000000008791,-8.7936768977669999e-11,2.5499999999999998,,
10,0.0080000000000000002,301.14999999999998,301.15000000008081,-8.0831341620068997e-11,2.5499999999999998,,
10,0.0090000000000000011,301.15000000000026,301.15000000007529,-7.503331289626658e-11,2.5499999999999998,,
10,0.01,301.15000000000907,301.15000000007825,-6.9178440753603354e-11,2.5499999999999998,,
10,0.010999999999999999,301.15000000019756,301.15000000024787,-5.0306425691815093e-11,2.5499999999999998,,
10,0.012,301.1500000033713,301.15000000325523,1.1607426131376997e-10,2.5499999999999998,,
10,0.013000000000000001,301.15000004493834,301.15000004351651,1.4218244359653909e-09,2.5499999999999998,,
10,0.014,301.15000046938741,301.15000046054007,8.8473370851716027e-09,2.5499999999999998,,
10,0.014999999999999999,301.15000386269776,301.15000382504581,3.7651943785022013e-08,2.5499999999999998,,
10,0.016,301.15002523053874,301.15002512630934,1.0422940022181137e-07,2.5499999999999998,,
10,0.017000000000000001,301.15013208264639,301.15013194778516,1.3486123862094246e-07,2.5499999999999998,,
10,0.018000000000000002,301.15056096719883,301.1505612209707,-2.5377187284902902e-07,2.5499999998496787,,
10,0.019,301.15196172155095,301.15196360983873,-1.8882877839132561e-06,2.5499292027276654,,
10,0.02,301.1557476674443,301.15575333130334,-5.6638590422153356e-06,2.4507034275275021,,
20,0,301.14999999999998,301.15000000309419,-3.0942146622692235e-09,2.5499999999999998,,
20,0.001,301.14999999999998,301.15000000027311,-2.7313262762618251e-10,2.5499999999999998,,
20,0.002,301.14999999999998,301.15000000018699,-1.8701484805205837e-10,2.5499999999999998,,
20,0.0030000000000000001,301.14999999999998,301.15000000014805,-1.4807710613240488e-10,2.5499999999999998,,
20,0.0040000000000000001,301.15000000000043,301.15000000012503,-1.2460077414289117e-10,2.5499999999999998,,
20,0.0050000000000000001,301.15000000000441,301.1500000001127,-1.0828671292983927e-10,2.5499999999999998,,
20,0.0060000000000000001,301.15000000004295,301.15000000013731,-9.4360075308941305e-11,2.5499999999999998,,
20,0.0070000000000000001,301.15000000037293,301.15000000044375,-7.0826899900566787e-11,2.5499999999999998,,
20,0.0080000000000000002,301.15000000287137,301.15000000285482,1.6541434888495132e-11,2.5499999999999998,,
20,0.0090000000000000011,301.15000001960135,301.15000001919356,4.077946869074367e-10,2.5499999999999998,,
20,0.01,301.15000011858359,301.15000011658753,1.9960566532972734e-09,2.5499999999999998,,
20,0.010999999999999999,301.15000063613246,301.15000062862117,7.5112893682671711e-09,2.5499999999999998,,
20,0.012,301.15000302980366,301.15000300629191,2.3511745439463994e-08,2.5499999999999998,,
20,0.013000000000000001,301.15001283729015,301.15001277605313,6.1237017234816449e-08,2.5499999999999998,,
20,0.014,301.15004851137411,301.15004838203964,1.2933446669194382e-07,2.5499999999999998,,
20,0.014999999999999999,301.15016402815684,301.1501638219151,2.0624173657779465e-07,2.5499999999999998,,
20,0.016,301.15049816565357,301.15049798029639,1.8535718027123949e-07,2.5499999999999998,,
20,0.017000000000000001,301.15136514030172,301.15136532638166,-1.8607994434205466e-07,2.5499999999931036,,
20,0.018000000000000002,301.15339305677611,301.153394371194,-1.3144178865331924e-06,2.5499994859490505,,
20,0.019,301.15769419475481,301.1576978454741,-3.6507192930912424e-06,2.5484050796117024,,
20,0.02,301.16602140592681,301.16602889751448,-7.4915876666636905e-06,2.4099892818016704,,
30,0,301.15000000000219,301.1500000030963,-3.0941009754315019e-09,2.5499999999999998,,
30,0.001,301.15000000000521,301.15000000027811,-2.7290525395073928e-10,2.5499999999999998,,
30,0.002,301.15000000002652,301.15000000021223,-1.8570744941825978e-10,2.5499999999999998,,
30,0.0030000000000000001,301.15000000014567,301.15000000028783,-1.4216539057088085e-10,2.5499999999999998,,
30,0.0040000000000000001,301.15000000078027,301.15000000088031,-1.0004441719502211e-10,2.5499999999999998,,
30,0.0050000000000000001,301.15000000396839,301.15000000397902,-1.0629719326971099e-11,2.5499999999999998,,
30,0.0060000000000000001,301.15000001891491,301.15000001865025,2.6466295821592212e-10,2.5499999999999998,,
30,0.0070000000000000001,301.15000008397692,301.15000008284181,1.1351062312314752e-09,2.5499999999999998,,
30,0.0080000000000000002,301.15000034621136,301.15000034252211,3.6892515709041618e-09,2.5499999999999998,,
30,0.0090000000000000011,301.15000132344289,301.15000131299507,1.0447820386616513e-08,2.5499999999999998,,
30,0.01,301.15000468864747,301.15000466229583,2.6351642645749962e-08,2.5499999999999998,,
30,0.010999999999999999,301.15001539804513,301.15001533892462,5.9120509376953123e-08,2.5499999999999998,,
30,0.012,301.1500469122052,301.15004679549168,1.1671352240227861e-07,2.5499999999999998,,
30,0.013000000000000001,301.15013274736663,301.15013254919211,1.9817451857306878e-07,2.5499999999999998,,
30,0.014,301.15034944069714,301.15034916615571,2.7454143491922878e-07,2.5499999999999998,,
30,0.014999999999999999,301.15085738371641,301.15085712245462,2.6126178909180453e-07,2.5499999999999998,,
30,0.016,301.15196530653941,301.15196531343236,-6.8929466578993015e-09,2.5499999999998897,,
30,0.017000000000000001,301.15421973361805,301.15422051163841,-7.780203645779693e-07,2.5499999959865636,,
30,0.018000000000000002,301.15851189834018,301.15851424100691,-2.3426667326020834e-06,2.5499835310126731,,
30,0.019,301.1661834887737,301.16618843787535,-4.9491016511638009e-06,2.5442247577150443,,
30,0.02,301.17910419601606,301.17911291198465,-8.7159685904225626e-06,2.3793861721026439,,
40,0,301.15000000065902,301.15000000373271,-3.0736941880604718e-09,2.5499999999999998,,
40,0.001,301.15000000114907,301.15000000139088,-2.418119038338773e-10,2.5499999999999998,,
40,0.002,301.15000000358964,301.15000000369793,-1.0828671292983927e-10,2.5499999999999998,,
40,0.0030000000000000001,301.15000001267924,301.15000001260489,7.4351191869936883e-11,2.5499999999999998,,
40,0.0040000000000000001,301.15000004499456,301.15000004449132,5.0323478717473336e-10,2.5499999999999998,,
40,0.0050000000000000001,301.15000015517234,301.15000015357538,1.5969590094755404e-09,2.5499999999999998,,
40,0.0060000000000000001,301.15000051326194,301.15000050897311,4.2888359530479647e-09,2.5499999999999998,,
40,0.0070000000000000001,301.15000161801015,301.15000160752771,1.0482438028702745e-08,2.5499999999999998,,
40,0.0080000000000000002,301.15000484515559,301.15000482152681,2.3628786038898397e-08,2.5499999999999998,,
40,0.0090000000000000011,301.15001375882326,301.15001370973056,4.909270501229912e-08,2.5499999999999998,,
40,0.01,301.15003702375355,301.15003693026898,9.348457297164714e-08,2.5499999999999998,,
40,0.010999999999999999,301.15009439712952,301.15009423558627,1.6154325521711144e-07,2.5499999999999998,,
40,0.012,301.1502281229458,301.15022787404541,2.4890039185265778e-07,2.5499999999999998,,
40,0.013000000000000001,301.15052290096259,301.15052257110233,3.2986025644277106e-07,2.5499999999999998,,
40,0.014,301.15113801689193,301.15113767512406,3.4176787266915198e-07,2.5499999999999998,,
40,0.014999999999999999,301.15235455741083,301.15235438606362,1.7134721019829158e-07,2.5499999999999985,,
40,0.016,301.15463827846833,301.15463862668338,-3.4821505323634483e-07,2.5499999999673437,,
40,0.017000000000000001,301.15871448414504,301.15871590474853,-1.4206034961716796e-06,2.5499998463646971,,
40,0.018000000000000002,301.16564592235261,301.16564916921965,-3.2468670383423159e-06,2.5498855212549176,,
40,0.019,301.17689992159501,301.17690589189465,-5.9702996395571972e-06,2.5379708032417647,,
40,0.02,301.19438899974523,301.1943986369921,-9.6372468760819174e-06,2.3539649233018705,,
50,0,301.1500000231502,301.15000002587465,-2.7244482225796673e-09,2.5499999999999998,,
50,0.001,301.1500000340597,301.15000003384415,2.1555024432018399e-10,2.5499999999999998,,
50,0.002,301.15000008012424,301.15000007937596,7.4828676588367671e-10,2.5499999999999998,,
50,0.0030000000000000001,301.15000021617038,301.15000021429177,1.8786181499308441e-09,2.5499999999999998,,
50,0.0040000000000000001,301.15000059624839,301.15000059191163,4.3367549551476259e-09,2.5499999999999998,,
50,0.0050000000000000001,301.15000162236942,301.15000161289066,9.4787537818774581e-09,2.5499999999999998,,
50,0.0060000000000000001,301.15000429418694,301.15000427452225,1.9664696537802229e-08,2.5499999999999998,,
50,0.0070000000000000001,301.15001098289122,301.15001094430352,3.8587700146308634e-08,2.5499999999999998,,
50,0.0080000000000000002,301.1500270473087,301.15002697606462,7.1244073751586257e-08,2.5499999999999998,,
50,0.0090000000000000011,301.15006401415144,301.1500638911898,1.2296163731662091e-07,2.5499999999999998,,
50,0.01,301.1501454644868,301.15014526781863,1.9666816797325737e-07,2.5499999999999998,,
50,0.010999999999999999,301.15031726058436,301.1503169729732,2.8761115800080006e-07,2.5499999999999998,,
50,0.012,301.15066418220147,301.15066380690769,3.7529378005274339e-07,2.5499999999999998,,
50,0.013000000000000001,301.15133518856931,301.15133477491395,4.1365535707882373e-07,2.5499999999999998,,
50,0.014,301.15257907976809,301.15257875747358,3.2229451107923524e-07,2.5499999999999998,,
50,0.014999999999999999,301.15479102444669,301.15479104131782,-1.6871126717887819e-08,2.5499999999997263,,
50,0.016,301.15856816356842,301.15856891637293,-7.5280451028447715e-07,2.5499999986106965,,
50,0.017000000000000001,301.16476955772538,301.16477160335006,-2.0456246829780866e-06,2.5499983659757253,,
50,0.018000000000000002,301.17457280494801,301.17457684036322,-4.0354152019972389e-06,2.5496002647154343,,
50,0.019,301.18951770380556,301.18952451010642,-6.8063008598073793e-06,2.5304050287582727,,
50,0.02,301.21152733338585,301.21153770354709,-1.037016124882939e-05,2.3318392252047717,,
60,0,301.15000027129287,301.15000027184357,-5.5069904192350805e-10,2.5499999999999998,,
60,0.001,301.1500003607822,301.15000035797027,2.8119302442064509e-09,2.5499999999999998,,
60,0.002,301.15000070418859,301.1500006994201,4.7684807213954628e-09,2.5499999999999998,,
60,0.0030000000000000001,301.15000158183074,301.15000157301716,8.8135720943682827e-09,2.5499999999999998,,
60,0.0040000000000000001,301.15000367727009,301.15000366075662,1.6513467926415615e-08,2.5499999999999998,,
60,0.0050000000000000001,301.15000852222249,301.15000849186305,3.0359444735950092e-08,2.5499999999999998,,
60,0.0060000000000000001,301.15001939803341,301.15001934411549,5.391791546571767e-08,2.5499999999999998,,
60,0.0070000000000000001,301.15004305909019,301.15004296747077,9.1619426711986307e-08,2.5499999999999998,,
60,0.0080000000000000002,301.15009286318679,301.15009271538349,1.4780329138375237e-07,2.5499999999999998,,
60,0.0090000000000000011,301.15019417331888,301.15019394878345,2.2453542669609305e-07,2.5499999999999998,,
60,0.01,301.15039319976165,301.15039288197983,3.1778182574271341e-07,2.5499999999999998,,
60,0.010999999999999999,301.15077070128473,301.15077028941442,4.1187030319633777e-07,2.5499999999999998,,
60,0.012,301.15146203246047,301.15146155960468,4.7285578830269515e-07,2.5499999999999998,,
60,0.013000000000000001,301.15268475141852,301.15268430908213,4.4233638618607074e-07,2.5499999999999998,,
60,0.014,301.15477424442616,301.15477401029068,2.3413548433381948e-07,2.5499999999999976,,
60,0.014999999999999999,301.15822652019716,301.1582267835891,-2.6339193937019445e-07,2.5499999999875436,,
60,0.016,301.16374557684264,301.16374675418149,-1.1773388450819766e-06,2.549999980199225,,
60,0.017000000000000001,301.17229084910787,301.1722934813655,-2.6322576331949676e-06,2.5499913924101447,,
60,0.018000000000000002,301.18511868001622,301.18512340663847,-4.7266222509279032e-06,2.5490352921258439,,
60,0.019,301.20381106842802,301.20381857722549,-7.508797466471151e-06,2.5220588623230631,,
60,0.02,301.2302855504887,301.2302965163355,-1.0965846797716949e-05,2.3120470380042613,,
70,0,301.15000167173008,301.15000166553079,6.1992864175408613e-09,2.5499999999999998,,
70,0.001,301.15000208340825,301.15000207216184,1.1246413578192005e-08,2.5499999999999998,,
70,0.002,301.15000357083085,301.15000355455226,1.6278590919682756e-08,2.5499999999999998,,
70,0.0030000000000000001,301.15000702409696,301.15000699809536,2.6001600872405106e-08,2.5499999999999998,,
70,0.0040000000000000001,301.15001441986669,301.15001437713499,4.273169906809926e-08,2.5499999999999998,,
70,0.0050000000000000001,301.15002974513527,301.15002967545365,6.9681618697359227e-08,2.5499999999999998,,
70,0.0060000000000000001,301.15006068779513,301.15006057710923,1.1068590310969739e-07,2.5499999999999998,,
70,0.0070000000000000001,301.15012155169285,301.15012138233493,1.6935791791183874e-07,2.5499999999999998,,
70,0.0080000000000000002,301.15023804917467,301.15023780178291,2.4739176751609193e-07,2.5499999999999998,,
70,0.0090000000000000011,301.15045482591694,301.15045448415759,3.4175934615632286e-07,2.5499999999999998,,
70,0.01,301.15084673301334,301.15084629224054,4.4077279426346649e-07,2.5499999999999998,,
70,0.010999999999999999,301.15153490577006,301.15153438638629,5.1938377509941347e-07,2.5499999999999998,,
70,0.012,301.15270854715328,301.15270801246947,5.3468380656340742e-07,2.5499999999999998,,
70,0.013000000000000001,301.15465286601744,301.15465244289027,4.2312717596360017e-07,2.5499999999999998,,
70,0.014,301.15778287876918,301.15778277812876,1.0064042044177768e-07,2.5499999999998888,,
70,0.014999999999999999,301.16268199563933,301.16268252896975,-5.3333042160375044e-07,2.549999999780741,,
70,0.016,301.17014439837652,301.17014597912214,-1.580745617957291e-06,2.5499998563871826,,
70,0.017000000000000001,301.18122289493971,301.1812260392411,-3.1443013881471416e-06,2.5499703950794657,,
70,0.018000000000000002,301.19728950610897,301.19729490786989,-5.401760915901832e-06,2.5481350209488327,,
70,0.019,301.22011727548778,301.22012588096476,-8.6054769781185314e-06,2.5132698327266212,,
70,0.02,301.25197358308566,301.25198653545306,-1.2952367399066134e-05,2.2940193325990665,,
80,0,301.15000683132797,301.15000680710369,2.4224277694884222e-08,2.5499999999999998,,
80,0.001,301.15000814511637,301.15000811431173,3.080464239246794e-08,2.5499999999999998,,
80,0.002,301.15001270416622,301.15001266361867,4.0547547541791573e-08,2.5499999999999998,,
80,0.0030000000000000001,301.15002260364065,301.1500225451793,5.8461353091843193e-08,2.5499999999999998,,
80,0.0040000000000000001,301.15004220527624,301.15004211812544,8.7150795025081607e-08,2.5499999999999998,,
80,0.0050000000000000001,301.150079666799,301.15007953701581,1.2978318864043104e-07,2.5499999999999998,,
80,0.0060000000000000001,301.15014954596205,301.15014935659104,1.8937100776383886e-07,2.5499999999999998,,
80,0.0070000000000000001,301.15027696434498,301.15027669690318,2.6744180559035158e-07,2.5499999999999998,,
80,0.0080000000000000002,301.15050396352405,301.15050360156351,3.619605308813334e-07,2.5499999999999998,,
80,0.0090000000000000011,301.15089880261894,301.15089833814341,4.644755335903028e-07,2.5499999999999998,,
80,0.01,301.15156899126146,301.15156843460511,5.5665634590695845e-07,2.5499999999999998,,
80,0.010999999999999999,301.15267878566863,301.15267817891134,6.0675728263959172e-07,2.5499999999999998,,
80,0.012,301.15447168850631,301.15447112121166,5.6729464859017753e-07,2.5499999999999998,,
80,0.013000000000000001,301.15729825426121,301.15729787877154,3.7548966247413773e-07,2.5499999999999985,,
80,0.014,301.16164938638786,301.16164943115569,-4.4767830331693403e-08,2.5499999999976941,,
80,0.014999999999999999,301.16819551676315,301.16819630090583,-7.8414268500637263e-07,2.5499999979547794,,
80,0.016,301.17783246317754,301.17783442225965,-1.9590821125348157e-06,2.549999332953413,,
80,0.017000000000000001,301.19173451023346,301.19173822953297,-3.7192995137047546e-06,2.5499228920377703,,
80,0.018000000000000002,301.21141276933969,301.2114189886808,-6.2193411167754675e-06,2.5468787245674442,,
80,0.019,301.2387711618037,301.23878074704839,-9.5852446975186467e-06,2.5042504439669511,,
80,0.02,301.27614550173723,301.27615936369506,-1.3861957825156423e-05,2.2773858281931187,,
90,0,301.15002110755444,301.15002104957858,5.7975853451353032e-08,2.5499999999999998,,
90,0.001,301.15002438499874,301.15002431846716,6.653158379776869e-08,2.5499999999999998,,
90,0.002,301.15003544026479,301.15003535807313,8.2191661476826994e-08,2.5499999999999998,,
90,0.0030000000000000001,301.15005831100677,301.15005820108985,1.0991692533934838e-07,2.5499999999999998,,
90,0.0040000000000000001,301.15010102329518,301.15010087128388,1.5201129599518026e-07,2.5499999999999998,,
90,0.0050000000000000001,301.15017777284947,301.15017756204821,2.1080126089145779e-07,2.5499999999999998,,
90,0.0060000000000000001,301.15031244973829,301.15031216215061,2.8758768166881055e-07,2.5499999999999998,,
90,0.0070000000000000001,301.1505439675405,301.15054358648638,3.8105412158984109e-07,2.5499999999999998,,
90,0.0080000000000000002,301.15093396097757,301.15093347582592,4.8515164507989539e-07,2.5499999999999998,,
90,0.0090000000000000011,301.1515774795472,301.15157689288367,5.8666353197622811e-07,2.5499999999999998,,
90,0.01,301.15261731450033,301.15261665171215,6.6278818167120335e-07,2.5499999999999998,,
90,0.010999999999999999,301.15426255290106,301.1542618738975,6.7900356270911288e-07,2.5499999999999998,,
90,0.012,301.15681187618577,301.15681128902526,5.8716051398732816e-07,2.5499999999999998,,
90,0.013000000000000001,301.16068203644448,301.16068171310457,3.2333991839550436e-07,2.5499999999999767,,
90,0.014,301.16644182853406,301.1664420227512,-1.9421713659539819e-07,2.5499999999737306,,
90,0.014999999999999999,301.17485158020912,301.17485264601675,-1.0658076234904001e-06,2.5499999877861512,,
90,0.016,301.1869074035111,301.18690981198387,-2.4084727670015127e-06,2.5499977254452548,,
90,0.017000000000000001,301.2038878730113,301.20389221594797,-4.3429366769487388e-06,2.549834165020926,,
90,0.018000000000000002,301.22739836536851,301.22740533944415,-6.9740756316605257e-06,2.5452702089263517,,
90,0.019,301.25940567422788,301.25941604249385,-1.0368265975557733e-05,2.4951358064198614,,
90,0.02,301.30225401425378,301.30226854794307,-1.4533689295603835e-05,2.2618896818507994,,
100,0,301.15005341957215,301.15005330770055,1.1187159998371499e-07,2.5499999999999998,,
100,0.001,301.15006028990945,301.15006016731672,1.2259272352821426e-07,2.5499999999999998,,
100,0.002,301.15008299016114,301.15008284555023,1.4461090813711053e-07,2.5499999999999998,,
100,0.0030000000000000001,301.15012828594269,301.15012810345252,1.8249016875415691e-07,2.5499999999999998,,
100,0.0040000000000000001,301.15020917751616,301.15020893980852,2.3770763846187037e-07,2.5499999999999998,,
100,0.0050000000000000001,301.15034771176045,301.15034740059986,3.1116059062696877e-07,2.5499999999999998,,
100,0.0060000000000000001,301.15057936040245,301.1505789584117,4.0199074646807276e-07,2.5499999999999998,,
100,0.0070000000000000001,301.15095938125711,301.1509588752466,5.0601050816112547e-07,2.5499999999999998,,
100,0.0080000000000000002,301.15157165899836,301.15157104518073,6.138176331660361e-07,2.5499999999999998,,
100,0.0090000000000000011,301.15254056932633,301.15253986061958,7.0870675017431495e-07,2.5499999999999998,,
100,0.01,301.15404641936567,301.15404565490775,7.6445792274171254e-07,2.5499999999999998,,
100,0.010999999999999999,301.15634498204616,301.15634423898933,7.4305683028796921e-07,2.5499999999999998,,
100,0.012,301.15979154824964,301.15979095577131,5.9247832950859447e-07,2.5499999999999998,,
100,0.013000000000000001,301.16486972766609,301.16486948263167,2.4503441409251536e-07,2.5499999999996854,,
100,0.014,301.17222485924884,301.17222524176759,-3.8251874912020867e-07,2.5499999998063267,,
100,0.014999999999999999,301.18270123727206,301.1827026239938,-1.3867217489860195e-06,2.5499999472257833,,
100,0.016,301.19738134475176,301.19738421556303,-2.8708112722597434e-06,2.5499937941802067,,
100,0.017000000000000001,301.21762395341455,301.2176288845979,-4.9311833549836592e-06,2.5496891960542305,,
100,0.018000000000000002,301.24509655366609,301.24510419533527,-7.6416691854319652e-06,2.5433279845277896,,
100,0.019,301.28179662856627,301.28180766200666,-1.1033440387109295e-05,2.4860128340459426,,
100,0.02,301.33005632660678,301.3300714204031,-1.5093796321252739e-05,2.247344218275027,,
110,0,301.15011661176732,301.15011642320076,1.8856655970012071e-07,2.5499999999999998,,
110,0.001,301.15012928993593,301.1501290885476,2.0138833178862114e-07,2.5499999999999998,,
110,0.002,301.15017053523223,301.15017030575586,2.2947637035031221e-07,2.5499999999999998,,
110,0.0030000000000000001,301.15025059921362,301.15025032244711,2.7676651370711625e-07,2.5499999999999998,,
110,0.0040000000000000001,301.15038869056957,301.15038834695599,3.4361357847956242e-07,2.5499999999999998,,
110,0.0050000000000000001,301.15061636502998,301.15061593577349,4.2925648813252337e-07,2.5499999999999998,,
110,0.0060000000000000001,301.15098267079964,301.15098214016916,5.3063047289469978e-07,2.5499999999999998,,
110,0.0070000000000000001,301.1515614211234,301.15156078028303,6.4084036921485676e-07,2.5499999999999998,,
110,0.0080000000000000002,301.15246103049958,301.15246028314709,7.4735248745128047e-07,2.5499999999999998,,
110,0.0090000000000000011,301.15383738257151,301.15383655259632,8.2997519257332897e-07,2.5499999999999998,,
110,0.01,301.15591018355769,301.15590932481757,8.5874012256681453e-07,2.5499999999999998,,
110,0.010999999999999999,301.15898317598646,301.15898238409278,7.9189368307197583e-07,2.5499999999999998,,
110,0.012,301.16346841318995,301.16346783882699,5.7436295719526242e-07,2.5499999999999963,,
110,0.013000000000000001,301.16991448414916,301.16991434670791,1.3744124771619681e-07,2.5499999999972274,,
110,0.014,301.17903808726078,301.17903868681759,-5.9955681308565545e-07,2.5499999989714572,,
110,0.014999999999999999,301.191757660169,301.19175938527036,-1.7251013559871353e-06,2.5499998210543557,,
110,0.016,301.20922692019781,301.20923024730865,-3.3271108463850396e-06,2.5499856603416799,,
110,0.017000000000000001,301.2328652800939,301.23287076140741,-5.4813135079712083e-06,2.5494741633363862,,
110,0.018000000000000002,301.26438140711741,301.26438964490495,-8.2377875401107303e-06,2.5410781655784191,,
110,0.019,301.30578596785097,301.30579757458588,-1.1606734915403649e-05,2.4769378650738556,,
110,0.02,301.35939007980494,301.3594056458046,-1.556599966079375e-05,2.2336086992938511,,
120,0,301.15022740889032,301.15022711978759,2.8910272931170766e-07,2.5499999999999998,,
120,0.001,301.15024866553807,301.15024836174638,3.0379169402294792e-07,2.5499999999999998,,
120,0.002,301.15031700318258,301.15031666597827,3.3720431247274973e-07,2.5499999999999998,,
120,0.0030000000000000001,301.15044685400454,301.15044646145469,3.925498504031566e-07,2.5499999999999998,,
120,0.0040000000000000001,301.15066475403046,301.1506642850868,4.6894365368643776e-07,2.5499999999999998,,
120,0.0050000000000000001,301.15101325019924,301.15101268633111,5.6386812730124802e-07,2.5499999999999998,,
120,0.0060000000000000001,301.1515567240686,301.151556052079,6.7198959641245892e-07,2.5499999999999998,,
120,0.0070000000000000001,301.15238945502546,301.1523886713702,7.836552526896412e-07,2.5499999999999998,,
120,0.0080000000000000002,301.15364629108603,301.15364540793593,8.8315010771111702e-07,2.5499999999999998,,
120,0.0090000000000000011,301.15551629976147,301.15551535294077,9.4682070539420238e-07,2.5499999999999998,,
120,0.01,301.15825971845044,301.15825877718754,9.4126289695850573e-07,2.5499999999999998,,
120,0.010999999999999999,301.16222839202277,301.16222757015197,8.2187079897266813e-07,2.5499999999999998,,
120,0.012,301.16788965045026,301.16788911824477,5.3220549034449505e-07,2.549999999999963,,
120,0.013000000000000001,301.17585322053804,301.17585321575058,4.7874664232949726e-09,2.5499999999823846,,
120,0.014,301.18690027711705,301.18690111323343,-8.3611638501679408e-07,2.5499999957597086,,
120,0.014999999999999999,301.20201314584364,301.20201521503481,-2.0691911686299136e-06,2.549999496293704,,
120,0.016,301.22240354206042,301.22240731016569,-3.7681052731386444e-06,2.5499708221421526,,
120,0.017000000000000001,301.24953668721696,301.24954267869572,-5.9914787584602891e-06,2.5491773314261512,,
120,0.018000000000000002,301.2851483398066,301.28515711189266,-8.7720860619810992e-06,2.5385499031741023,,
120,0.019,301.33125186121509,301.33126396924672,-1.2108031626212323e-05,2.467947461170771,,
120,0.02,301.39013225261243,301.39014898260632,-1.6729993888020545e-05,2.2205739049711739,,
130,0,301.15040613737267,301.15040572282129,4.1455137989032664e-07,2.5499999999999998,,
130,0.001,301.15043924854984,301.15043881868627,4.298635758459568e-07,2.5499999999999998,,
130,0.002,301.15054471769162,301.15054425011772,4.6757389782214887e-07,2.5499999999999998,,
130,0.0030000000000000001,301.15074177790649,301.15074124866891,5.2923758175893454e-07,2.5499999999999998,,
130,0.0040000000000000001,301.15106528330671,301.15106467066482,6.1264188389031915e-07,2.5499999999999998,,
130,0.0050000000000000001,301.15157006580199,301.15156935237769,7.1342429919241113e-07,2.5499999999999998,,
130,0.0060000000000000001,301.15233733610825,301.15233651220217,8.2390607758497936e-07,2.5499999999999998,,
130,0.0070000000000000001,301.15348339434507,301.15348246269235,9.3165272119222209e-07,2.5499999999999998,,
130,0.0080000000000000002,301.1551709362804,301.15516991841008,1.0178703178098658e-06,2.5499999999999998,,
130,0.0090000000000000011,301.15762321503701,301.1576221592436,1.0557934047028539e-06,2.5499999999999998,,
130,0.01,301.16114122925779,301.16114021995526,1.0093025366586517e-06,2.5499999999999998,,
130,0.010999999999999999,301.16612394132289,301.16612310923728,8.3208561818537419e-07,2.5499999999999998,,
130,0.012,301.17309127020656,301.17309080256246,4.6764409944444196e-07,2.5499999999997258,,
130,0.013000000000000001,301.18270924445136,301.18270939408347,-1.4963211469876114e-07,2.5499999999135228,,
130,0.014,301.19581620957007,301.19581730067034,-1.0911002732427733e-06,2.5499999856791433,,
130,0.014999999999999999,301.21344813133715,301.21345055671475,-2.425377601866785e-06,2.5499987747578863,,
130,0.016,301.23685889650932,301.23686311009351,-4.2135841908930161e-06,2.5499462535462194,,
130,0.017000000000000001,301.26752629415756,301.26753279371957,-6.4995620050467551e-06,2.5487894245208067,,
130,0.018000000000000002,301.30712626621295,301.30713545826234,-9.1920493900943256e-06,2.5357726592177356,,
130,0.019,301.35745655023527,301.35746850959805,-1.1959362780089577e-05,2.4590651544723978,,
130,0.02,301.42031503322926,301.42032951942872,-1.4486199461316573e-05,2.2081528868252236,,
140,0,301.1506763600832,301.15067579812961,5.6195358411059715e-07,2.5499999999999998,,
140,0.001,301.15072504961176,301.1507244711957,5.7841606349029462e-07,2.5499999999999998,,
140,0.002,301.15087900544626,301.15087838618973,6.1925652516947594e-07,2.5499999999999998,,
140,0.0030000000000000001,301.15116279831392,301.15116211310004,6.8521387674991274e-07,2.5499999999999998,,
140,0.0040000000000000001,301.15162044537846,301.15161967267147,7.7270698284337413e-07,2.5499999999999998,,
140,0.0050000000000000001,301.15232013841086,301.15231926292034,8.75490513863042e-07,2.5499999999999998,,
140,0.0060000000000000001,301.15336110411408,301.15336012056719,9.8354689725965727e-07,2.5499999999999998,,
140,0.0070000000000000001,301.15488279649117,301.15488171473629,1.0817548741215433e-06,2.5499999999999998,,
140,0.0080000000000000002,301.15707661699554,301.15707546854304,1.1484524975458044e-06,2.5499999999999998,,
140,0.0090000000000000011,301.1602003041898,301.16019915011123,1.1540785749275528e-06,2.5499999999999998,,
140,0.01,301.16459501410833,301.16459395386516,1.0602431643746968e-06,2.5499999999999998,,
140,0.010999999999999999,301.17070489825744,301.17070407848382,8.1977361787721748e-07,2.5499999999999963,,
140,0.012,301.17909861956264,301.17909824190627,3.7765636307085515e-07,2.5499999999984295,,
140,0.013000000000000001,301.19049160537082,301.19049193408807,-3.2871724897631793e-07,2.549999999655034,,
140,0.014,301.20576673288258,301.20576810151971,-1.3686371289622912e-06,2.5499999587753184,,
140,0.014999999999999999,301.22598945477188,301.22599226083724,-2.8060653676220682e-06,2.5499973477674809,,
140,0.016,301.25241145736339,301.25241612247663,-4.6651132379338378e-06,2.5499085520474871,,
140,0.017000000000000001,301.28645618937867,301.28646306865426,-6.8792755882896017e-06,2.5483036440217366,,
140,0.018000000000000002,301.32968226043801,301.32969155025495,-9.2898169441468781e-06,2.532774687184363,,
140,0.019,301.38372829122778,301.38374003108885,-1.1739861065507284e-05,2.4503057553857968,,
140,0.02,301.45025312520579,301.45026727990972,-1.4154703933400015e-05,2.1962753722583459,,
150,0,301.15106446464802,301.15106373367053,7.3097749009320978e-07,2.5499999999999998,,
150,0.001,301.15113283860381,301.15113209046871,7.4813510764215607e-07,2.5499999999999998,,
150,0.002,301.15134775163273,301.15134696090468,7.907280519248161e-07,2.5499999999999998,,
150,0.0030000000000000001,301.15173955219251,301.15173869353305,8.5865946175545105e-07,2.5499999999999998,,
150,0.0040000000000000001,301.15236209719632,301.15236115023987,9.4695644747844199e-07,2.5499999999999998,,
150,0.0050000000000000001,301.15329776268868,301.15329671520749,1.0474811915628379e-06,2.5499999999999998,,
150,0.0060000000000000001,301.15466463206587,301.15466348415703,1.1479088470878196e-06,2.5499999999999998,,
150,0.0070000000000000001,301.15662598920113,301.15662475863883,1.2305623044994718e-06,2.5499999999999998,,
150,0.0080000000000000002,301.15940220958555,301.15940093832171,1.2712638408629573e-06,2.5499999999999998,,
150,0.0090000000000000011,301.16328504427787,301.16328380594774,1.2383301282170578e-06,2.5499999999999998,,
150,0.01,301.16865409676058,301.16865300500092,1.0917596569015586e-06,2.5499999999999998,,
150,0.010999999999999999,301.17599495489429,301.175994172034,7.828602974768728e-07,2.5499999999999736,,
150,0.012,301.18591790531445,301.18591764996609,2.5534836822771467e-07,2.5499999999927114,,
150,0.013000000000000001,301.19917540342664,301.19917595311631,-5.4968967333479668e-07,2.5499999988383979,,
150,0.014,301.21667558940715,301.2166772715405,-1.6821333588268317e-06,2.5499998957876757,,
150,0.014999999999999999,301.23948843551574,301.23949160129752,-3.1657817771701957e-06,2.5499947772652045,,
150,0.016,301.26884114110061,301.26884612385589,-4.9827552857095725e-06,2.5498541025277812,,
150,0.017000000000000001,301.30610077744609,301.3061078460189,-7.0685728132957593e-06,2.5477154785401845,,
150,0.018000000000000002,301.35274514662763,301.352754475724,-9.3290963718573039e-06,2.5295822622176338,,
150,0.019,301.41032671387313,301.4103383862564,-1.1672383266159159e-05,2.4416781572446093,,
150,0.02,301.48043765032924,301.48045169361365,-1.40432844091265e-05,2.184883530810489,,
160,0,301.15159919019811,301.15159827058267,9.1961544512741966e-07,2.5499999999999998,,
160,0.001,301.15169166161627,301.15169072465824,9.3695803116133902e-07,2.5499999999999998,,
160,0.002,301.1519808874757,301.15197990770855,9.797671509659267e-07,2.5499999999999998,,
160,0.0030000000000000001,301.15250332478161,301.15250227767382,1.0471077871443413e-06,2.5499999999999998,,
160,0.0040000000000000001,301.15332315766983,301.15332202503919,1.1326306434966682e-06,2.5499999999999998,,
160,0.0050000000000000001,301.15453748983646,301.15453626346732,1.2263691360203666e-06,2.5499999999999998,,
160,0.0060000000000000001,301.15628370763386,301.15628239381516,1.3138187000549806e-06,2.5499999999999998,,
160,0.0070000000000000001,301.15874905085434,301.15874767597523,1.3748791047873965e-06,2.5499999999999998,,
160,0.0080000000000000002,301.16218235008006,301.16218096727647,1.3828035889673629e-06,2.5499999999999998,,
160,0.0090000000000000011,301.16690773303668,301.16690642962516,1.3034115227128495e-06,2.5499999999999998,,
160,0.01,301.17333984243504,301.17333874737375,1.0950612931992509e-06,2.5499999999999989,,
160,0.010999999999999999,301.18199972913487,301.18199901893013,7.1020474479155382e-07,2.5499999999998613,,
160,0.012,301.19353010431217,301.19353000485239,9.9459782632038696e-08,2.5499999999716358,,
160,0.013000000000000001,301.2087081333475,301.20870891460817,-7.812606668267108e-07,2.5499999965995017,,
160,0.014,301.2284535995621,301.22845556102118,-1.9614590769378992e-06,2.5499997633065563,,
160,0.014999999999999999,301.25383029884875,301.2538337461533,-3.4473045502636523e-06,2.5499904858922955,,
160,0.016,301.28603918248552,301.28604439875761,-5.2162720862725109e-06,2.5497792333165212,,
160,0.017000000000000001,301.32640312720775,301.32641034602756,-7.2188198032563378e-06,2.5470224122299383,,
160,0.018000000000000002,301.37634507137244,301.37635446060079,-9.3892283530294662e-06,2.5262193604902095,,
160,0.019,301.43736306982157,301.43737473016859,-1.1660347013275896e-05,2.4331872066838005,,
160,0.02,301.51100684172127,301.51102083256364,-1.3990842376188084e-05,2.1739290387831112,,
170,0,301.15231108840396,301.15230996333008,1.1250738793933124e-06,2.5499999999999998,,
170,0.001,301.15243229207738,301.15243115003074,1.1420466421441233e-06,2.5499999999999998,,
170,0.002,301.15280981085408,301.15280862744498,1.1834090969387034e-06,2.5499999999999998,,
170,0.0030000000000000001,301.15348641522434,301.15348516782723,1.2473971082727076e-06,2.5499999999999998,,
170,0.0040000000000000001,301.15453688179792,301.15453555550653,1.3262913967082568e-06,2.5499999999999998,,
170,0.0050000000000000001,301.15607324453146,301.15607183624564,1.4082858115216368e-06,2.5499999999999998,,
170,0.0060000000000000001,301.1582521431809,301.15825066650899,1.4766719118597393e-06,2.5499999999999998,,
170,0.0070000000000000001,301.16128420020578,301.1612826912006,1.5090051874722121e-06,2.5499999999999998,,
170,0.0080000000000000002,301.16544524179085,301.16544376527855,1.4765122955395782e-06,2.5499999999999998,,
170,0.0090000000000000011,301.17108899301962,301.17108764888889,1.3441307373796008e-06,2.5499999999999998,,
170,0.01,301.17866061815801,301.1786595464859,1.0716721021708508e-06,2.5499999999999972,,
170,0.010999999999999999,301.18871016274818,301.1887095461866,6.1656157868128503e-07,2.5499999999993839,,
170,0.012,301.20190463653785,301.20190469818203,-6.1644186644116417e-08,2.549999999904724,,
170,0.013000000000000001,301.21903724609535,301.21903824139963,-9.9530427632998908e-07,2.5499999911432192,,
170,0.014,301.24103226296336,301.24103446549429,-2.2025309363016277e-06,2.5499995083046114,,
170,0.014999999999999999,301.26894431246126,301.26894799488952,-3.682428257434367e-06,2.5499837565989303,,
170,0.016,301.30395154315784,301.30395695644887,-5.4132910349835583e-06,2.5496803500386145,,
170,0.017000000000000001,301.34734312225339,301.34735047774319,-7.3554897994654311e-06,2.5462236014596957,,
170,0.018000000000000002,301.40050259067874,301.40051204943205,-9.4587533112644451e-06,2.5227075979669586,,
170,0.019,301.46488948286827,301.46490115435677,-1.1671488493902871e-05,2.424834966343679,,
170,0.02,301.54202194364666,301.54203590650599,-1.3962859327421029e-05,2.1633710424675132,,
180,0,301.15323190610832,301.15323056223781,1.343870508208056e-06,2.5499999999999998,,
180,0.001,301.15338659858747,301.1533852387272,1.359860277716507e-06,2.5499999999999998,,
180,0.002,301.15386670648076,301.1538653085488,1.3979319533063972e-06,2.5499999999999998,,
180,0.0030000000000000001,301.15472136683036,301.15471991134268,1.45548767704895e-06,2.5499999999999998,,
180,0.0040000000000000001,301.15603594686922,301.15603442340819,1.5234610373227042e-06,2.5499999999999998,,
180,0.0050000000000000001,301.15793721375258,301.1579356254278,1.5883247783676779e-06,2.5499999999999998,,
180,0.0060000000000000001,301.16060046681127,301.16059883528743,1.6315238440256508e-06,2.5499999999999998,,
180,0.0070000000000000001,301.16425846483918,301.16425683579081,1.6290483699776814e-06,2.5499999999999998,,
180,0.0080000000000000002,301.16921185007237,301.1692102986338,1.5514385722781299e-06,2.5499999999999998,,
180,0.0090000000000000011,301.17584059233383,301.17583922779005,1.3645437775267055e-06,2.5499999999999998,,
180,0.01,301.18461576343861,301.18461473211141,1.0313272014172981e-06,2.5499999999999869,,
180,0.010999999999999999,301.19611073437579,301.19611021952136,5.1485443464116543e-07,2.5499999999976457,,
180,0.012,301.21101071747688,301.21101093514892,-2.1767203861600137e-07,2.5499999997174099,,
180,0.013000000000000001,301.23011951891755,301.23012070929582,-1.1903782706212951e-06,2.5499999790975614,,
180,0.014,301.25436248875525,301.25436490337199,-2.414616744772502e-06,2.5499990525490452,,
180,0.014999999999999999,301.28478499587169,301.28478888223049,-3.8863587974447e-06,2.5499737408915739,,
180,0.016,301.32254630038869,301.32255188639971,-5.5860110137473384e-06,2.5495540411000572,,
180,0.017000000000000001,301.36890936351472,301.36891684464553,-7.4811308081734751e-06,2.5453195599441369,,
180,0.018000000000000002,301.42522777753533,301.4252373091328,-9.5315974704135442e-06,2.5190663121841035,,
180,0.019,301.49293143931675,301.49294313579765,-1.1696480896716821e-05,2.4166215779304854,,
180,0.02,301.57351200181938,301.57352663558265,-1.4633763271376665e-05,2.1531746390890301,,
190,0,301.15439384998274,301.15439227754729,1.572435451180354e-06,2.5499999999999998,,
190,0.001,301.15458679097753,301.15458520495145,1.5860260873523657e-06,2.5499999999999998,,
190,0.002,301.15518373793378,301.15518211914684,1.6187869391615095e-06,2.5499999999999998,,
190,0.0030000000000000001,301.15624007918842,301.15623841252273,1.6666656961206172e-06,2.5499999999999998,,
190,0.0040000000000000001,301.15785148905826,301.15784976961453,1.7194437305079191e-06,2.5499999999999998,,
190,0.0050000000000000001,301.16015888359186,301.16015712131878,1.7622730865696212e-06,2.5499999999999998,,
190,0.0060000000000000001,301.16335516560616,301.16335339018201,1.7754241525835823e-06,2.5499999999999998,,
190,0.0070000000000000001,301.16769351817885,301.16769178389404,1.7342848082080309e-06,2.5499999999999998,,
190,0.0080000000000000002,301.17349687878857,301.17349526893872,1.6098498463179567e-06,2.5499999999999998,,
190,0.0090000000000000011,301.18116807570806,301.18116670579457,1.3699134910893918e-06,2.5499999999999998,,
190,0.01,301.1911999516027,301.19119897051331,9.8108938573204796e-07,2.549999999999947,,
190,0.010999999999999999,301.20418466631207,301.20418425470945,4.1160262753692223e-07,2.5499999999921075,,
190,0.012,301.22082129993447,301.22082166547074,-3.6553626614477253e-07,2.5499999992461855,,
190,0.013000000000000001,301.24192090412311,301.24192227388079,-1.3697576832782943e-06,2.549999954639965,,
190,0.014,301.26840826548107,301.26841087602958,-2.6105485062544176e-06,2.5499982874026843,,
190,0.014999999999999999,301.30131963795338,301.30132372027066,-4.0823172753334802e-06,2.5499594739031748,,
190,0.016,301.34179473374553,301.34180049600002,-5.7622544886726246e-06,2.5493971544018055,,
190,0.017000000000000001,301.39105772744898,301.39106534790722,-7.6204582342143112e-06,2.5443118727024068,,
190,0.018000000000000002,301.45037597179629,301.45038552611538,-9.554319092330843e-06,2.5153127167417235,,
190,0.019,301.52098406327121,301.52099534437917,-1.1281107958893699e-05,2.4085458610624784,,
190,0.02,301.60397991707163,301.60399242444635,-1.2507374719916697e-05,2.1433099075953788,,
200,0,301.15582875462007,301.15582695039774,1.8042223359771015e-06,2.5499999999999998,,
200,0.001,301.15606458213347,301.15606276660714,1.8155263319385995e-06,2.5499999999999998,,
200,0.002,301.15679219971076,301.15679035854083,1.8411699329590192e-06,2.5499999999999998,,
200,0.0030000000000000001,301.15807297586372,301.15807109932314,1.8765405798149004e-06,2.5499999999999998,,
200,0.0040000000000000001,301.16001236412257,301.16001045350396,1.9106186073258868e-06,2.5499999999999998,,
200,0.0050000000000000001,301.16276454274953,301.16276261499365,1.927755874930881e-06,2.5499999999999998,,
200,0.0060000000000000001,301.16653865597885,301.16653674824647,1.9077323827332293e-06,2.5499999999999998,,
200,0.0070000000000000001,301.17160637277317,301.17160454667584,1.8260973320138874e-06,2.5499999999999998,,
200,0.0080000000000000002,301.17831036580014,301.17830871084396,1.6549561792089662e-06,2.5499999999999998,,
200,0.0090000000000000011,301.18707319365143,301.18707182934406,1.3643073657476634e-06,2.5499999999999989,,
200,0.01,301.19840595619826,301.19840503217864,9.2401961637733621e-07,2.5499999999998022,,
200,0.010999999999999999,301.21291599495299,301.21291568846141,3.0649158588857972e-07,2.5499999999763419,,
200,0.012,301.23131280781399,301.23131331841932,-5.1060533223790117e-07,2.5499999981644415,,
200,0.013000000000000001,301.25441115666456,301.25441269998635,-1.5433217868121574e-06,2.5499999084059852,,
200,0.014,301.28312990577683,301.28313270715108,-2.8013742507937422e-06,2.5499970694662113,,
200,0.014999999999999999,301.31848429818172,301.31848857894857,-4.2807668592104164e-06,2.549939894181644,,
200,0.016,301.36156836293611,301.36157430663519,-5.9436990795802558e-06,2.5492068477758929,,
200,0.017000000000000001,301.4135239769405,301.41353166940888,-7.6924683867218846e-06,2.5432029471908844,,
200,0.018000000000000002,301.47549550826591,301.47550487589797,-9.3676320602753549e-06,2.5114620876567777,,
200,0.019,301.54857499809759,301.54858581054293,-1.0812445339070109e-05,2.400605734634103,,
200,0.02,301.63375072499559,301.63376269296288,-1.1967967282089376e-05,2.1337506553526868,,
210,0,301.15756727564764,301.15756524040972,2.0352379124233266e-06,2.5499999999999998,,
210,0.001,301.15785039643487,301.15784835270881,2.0437260559447168e-06,2.5499999999999998,,
210,0.002,301.15872178053235,301.15871971978805,2.0607442934306164e-06,2.5499999999999998,,
210,0.0030000000000000001,301.16024838683501,301.16024630548606,2.0813489527427009e-06,2.5499999999999998,,
210,0.0040000000000000001,301.16254474676992,301.16254265267662,2.0940933040947129e-06,2.5499999999999998,,
210,0.0050000000000000001,301.16577722424165,301.16577514122491,2.083016738652077e-06,2.5499999999999998,,
210,0.0060000000000000001,301.17016969063826,301.17016766269506,2.0279431964809191e-06,2.5499999999999998,,
210,0.0070000000000000001,301.1760103107614,301.17600840568872,1.9050726791647321e-06,2.5499999999999998,,
210,0.0080000000000000002,301.1836590316579,301.183657343677,1.6879808981684619e-06,2.5499999999999998,,
210,0.0090000000000000011,301.19355525449009,301.19355390547912,1.3490109722624766e-06,2.5499999999999958,,
210,0.01,301.20622504344493,301.20622418257722,8.6086771489135572e-07,2.5499999999993395,,
210,0.010999999999999999,301.22228706622707,301.2222868679828,1.9824426544801099e-07,2.5499999999356482,,
210,0.012,301.24245623674983,301.24245689691691,-6.6016707478411263e-07,2.5499999958695794,,
210,0.013000000000000001,301.26754372304811,301.26754545095042,-1.7279023154515016e-06,2.5499998262139818,,
210,0.014,301.29845164570622,301.29845464874143,-3.0030352036192198e-06,2.549995217354549,,
210,0.014999999999999999,301.33616062879548,301.33616508619087,-4.4573953914550657e-06,2.5499138660495642,,
210,0.016,301.38170876375938,301.38171479336,-6.0296006267890334e-06,2.5489806174715355,,
210,0.017000000000000001,301.43616193958781,301.43616956790737,-7.6283195653559233e-06,2.5419958036677972,,
210,0.018000000000000002,301.50057798727789,301.50058713642898,-9.1491510829655454e-06,2.5075279563441333,,
210,0.019,301.57597009689539,301.57598060107296,-1.0504177566872386e-05,2.3927985162433676,,
210,0.02,301.66327716974087,301.66328882707626,-1.1657335392101231e-05,2.1244739038680218,,
220,0,301.15963824014034,301.15963597892056,2.2612197767557518e-06,2.5499999999999998,,
220,0.001,301.15997275053883,301.15997048404046,2.2664983703180042e-06,2.5499999999999998,,
220,0.002,301.16100003877847,301.16099776499146,2.2737870040145935e-06,2.5499999999999998,,
220,0.0030000000000000001,301.16279219034584,301.16278991232161,2.2780242261433159e-06,2.5499999999999998,,
220,0.0040000000000000001,301.16547201251842,301.16546974485016,2.2676682647215785e-06,2.5499999999999998,,
220,0.0050000000000000001,301.16921688023984,301.16921465338424,2.2268555994742201e-06,2.5499999999999998,,
220,0.0060000000000000001,301.17426381110698,301.17426167524445,2.135862530394661e-06,2.5499999999999998,,
220,0.0070000000000000001,301.18091544817867,301.18091347638665,1.971792016774998e-06,2.5499999999999998,,
220,0.0080000000000000002,301.18954651874691,301.18954480922446,1.7095224507102103e-06,2.5499999999999998,,
220,0.0090000000000000011,301.20061020979898,301.20060888685191,1.322947071003e-06,2.5499999999999834,,
220,0.01,301.21464374956923,301.21464296293112,7.866381110943621e-07,2.5499999999980041,,
220,0.010999999999999999,301.23227230695784,301.23227222866365,7.8294192462635692e-08,2.5499999998391805,,
220,0.012,301.25421013294925,301.25421095050416,-8.1755490555224242e-07,2.5499999913232934,,
220,0.013000000000000001,301.28125772659502,301.28125963097062,-1.904375608319242e-06,2.549999687665605,,
220,0.014,301.31429382474522,301.31429699241613,-3.1676709113526158e-06,2.5499925098129412,,
220,0.014999999999999999,301.35426134632451,301.35426591700076,-4.5706762534791778e-06,2.549880202841655,,
220,0.016,301.40214721147544,301.40215326639037,-6.0549149338839925e-06,2.5487163089032485,,
220,0.017000000000000001,301.4589572219009,301.45896476907382,-7.5471729132914334e-06,2.5406939017946097,,
220,0.018000000000000002,301.52568871440684,301.52569768703694,-8.9726300984693808e-06,2.5035222978687437,,
220,0.019,301.60330501612026,301.60331528749748,-1.0271377220760769e-05,2.3851211303902708,,
220,0.02,301.69271624536748,301.69272766655956,-1.142119208452641e-05,2.1154594225102521,,
230,0,301.16206821426977,301.16206573567536,2.4785944106042734e-06,2.5499999999999998,,
230,0.001,301.16245785261572,301.16245537221039,2.4804053282423411e-06,2.5499999999999998,,
230,0.002,301.16365209333173,301.16364961607525,2.4772564870545466e-06,2.5499999999999998,,
230,0.0030000000000000001,301.16572764257745,301.16572517844179,2.4641356617394194e-06,2.5499999999999998,,
230,0.0040000000000000001,301.16881472135702,301.1688122917206,2.4296364244946744e-06,2.5499999999999998,,
230,0.0050000000000000001,301.17310047023386,301.17309811203182,2.3582020389767422e-06,2.5499999999999998,,
230,0.0060000000000000001,301.17883338587416,301.17883115521613,2.2306580262920761e-06,2.5499999999999998,,
230,0.0070000000000000001,301.186328445708,301.18632642074175,2.0249662497917598e-06,2.5499999999999998,,
230,0.0080000000000000002,301.19597245876071,301.19597074145344,1.7173072706100356e-06,2.5499999999999994,,
230,0.0090000000000000011,301.20822905024886,301.20822776662033,1.283628535020398e-06,2.5499999999999443,,
230,0.01,301.22364255031403,301.22364184846145,7.0185257072807872e-07,2.5499999999944829,,
230,0.010999999999999999,301.24283993173867,301.24283997684529,-4.5106617108103819e-08,2.5499999996268956,,
230,0.012,301.26652986618274,301.26653083177894,-9.6559620033076499e-07,2.5499999828390876,,
230,0.013000000000000001,301.2954980045576,301.29550005979178,-2.055234176623344e-06,2.5499994646903135,,
230,0.014,301.33059780908292,301.33060110281781,-3.293734891940403e-06,2.5499886851920093,,
230,0.014999999999999999,301.37273673395595,301.37274137800767,-4.6440517280643689e-06,2.5498376895550345,,
230,0.016,301.42285827597954,301.42286433100691,-6.0550273701664992e-06,2.548412114120763,,
230,0.017000000000000001,301.48192130769513,301.48192877560035,-7.4679052204373875e-06,2.5393010000924687,,
230,0.018000000000000002,301.55087896566499,301.55088779165857,-8.8259935751011653e-06,2.4994557063538849,,
230,0.019,301.63065992414755,301.63067000932921,-1.0085181656904751e-05,2.3775702570702273,,
230,0.02,301.7221548811678,301.72216611271386,-1.1231546068302123e-05,2.1066892714121646,,
240,0,301.16488125006299,301.16487856554602,2.6845169713851647e-06,2.5499999999999998,,
240,0.001,301.16532936762513,301.16532668492505,2.6827000851881166e-06,2.5499999999999998,,
240,0.002,301.1667004364848,301.16669776781748,2.6686673209042056e-06,2.5499999999999998,,
240,0.0030000000000000001,301.16907524331305,301.16907260577898,2.6375340667073033e-06,2.5499999999999998,,
240,0.0040000000000000001,301.17259050327482,301.17258792514133,2.578133489805623e-06,2.5499999999999998,,
240,0.0050000000000000001,301.17744179421675,301.1774393188781,2.4753386469456018e-06,2.5499999999999998,,
240,0.0060000000000000001,301.18388731424363,301.18388500353808,2.3107055540094734e-06,2.5499999999999998,,
240,0.0070000000000000001,301.19225210226034,301.19225003885344,2.0634068960134755e-06,2.5499999999999998,,
240,0.0080000000000000002,301.20293224714885,301.20293053557668,1.7115721675509121e-06,2.5499999999999989,,
240,0.0090000000000000011,301.2163984990396,301.21639726490776,1.2341318438302551e-06,2.5499999999998306,,
240,0.01,301.23319859981962,301.23319798660037,6.1321924249568838e-07,2.5499999999859084,,
240,0.010999999999999999,301.25395759454551,301.25395775750724,-1.6296172589136404e-07,2.5499999991893203,,
240,0.012,301.27937540629773,301.27937650341255,-1.0971148185490165e-06,2.5499999678146672,,
240,0.013000000000000001,301.31022109465715,301.31022327490064,-2.1802434844175878e-06,2.549999120110269,,
240,0.014,301.34732350522563,301.3473268954757,-3.3902500717886142e-06,2.5499834422231413,,
240,0.014999999999999999,301.39155846130768,301.39156315386623,-4.6925585479584697e-06,2.549785103935128,,
240,0.016,301.44383321124377,301.44383925446982,-6.043226051133388e-06,2.5480665596458532,,
240,0.017000000000000001,301.50506943366395,301.50507682811843,-7.3944544851656246e-06,2.5378210435316793,,
240,0.018000000000000002,301.57618658113836,301.57619528284761,-8.7017092482710723e-06,2.4953375548840704,,
240,0.019,301.65808756099932,301.65809749162491,-9.9306255947340105e-06,2.3701424401698907,,
240,0.02,301.7516498852163,301.75165966716014,-9.7819438451551832e-06,2.0981474519953904,,
250,0,301.16809870416279,301.16809583029385,2.8738689366036851e-06,2.5499999999999998,,
250,0.001,301.16860823915817,301.16860536848242,2.8706757575491793e-06,2.5499999999999998,,
250,0.002,301.17016476108779,301.17016191559003,2.8454977609726484e-06,2.5499999999999998,,
250,0.0030000000000000001,301.17285256261073,301.17284976669856,2.7959121666754072e-06,2.5499999999999998,,
250,0.0040000000000000001,301.17681387861609,301.17681116745348,2.7111626081932627e-06,2.5499999999999998,,
250,0.0050000000000000001,301.18225132834169,301.18224875154118,2.576800511633337e-06,2.5499999999999998,,
250,0.0060000000000000001,301.18943097408066,301.18942859859379,2.375486872097099e-06,2.5499999999999998,,
250,0.0070000000000000001,301.19868563526126,301.19868354715612,2.0881051341348211e-06,2.5499999999999998,,
250,0.0080000000000000002,301.2104179978374,301.21041630256707,1.6952703276729153e-06,2.5499999999999958,,
250,0.0090000000000000011,301.22510297537804,301.22510179612192,1.1792561167567328e-06,2.5499999999995242,,
250,0.01,301.24328872609181,301.24328819980872,5.2628308822022518e-07,2.549999999966444,,
250,0.010999999999999999,301.26559573119459,301.26559600218894,-2.709943487388955e-07,2.5499999983379946,,
250,0.012,301.29271342030512,301.29271463129885,-1.2109937301829632e-06,2.5499999424105511,,
250,0.013000000000000001,301.32539402484639,301.32539630579021,-2.2809438178228447e-06,2.5499986062969504,,
250,0.014,301.36444378257232,301.3644472384301,-3.4558577794996381e-06,2.5499764419482638,,
250,0.014999999999999999,301.41071299046189,301.41071768742358,-4.6969616960268468e-06,2.5497212353604009,,
250,0.016,301.46509118856238,301.46509713626563,-5.9477032436916488e-06,2.5476784877596628,,
250,0.017000000000000001,301.52852676926352,301.5285339790459,-7.2097823817784956e-06,2.5362580747953607,,
250,0.018000000000000002,301.60211148087529,301.6021202599515,-8.7790762108852505e-06,2.4911761390454763,,
250,0.019,301.68727445511837,301.68728583177426,-1.1376655891126575e-05,2.3628341654828948,,
250,0.02,301.78606880197702,301.78608452663639,-1.572465936305889e-05,2.0898191382382643,,
260,0,301.17173906498692,301.17173601539037,3.0495965575028094e-06,2.5499999999999998,,
260,0.001,301.17231251862688,301.172309476034,3.0425928798649693e-06,2.5499999999999998,,
260,0.002,301.17406179892208,301.17405879286844,3.0060536460041476e-06,2.5499999999999998,,
260,0.0030000000000000001,301.17707410696363,301.17707116909162,2.9378720114436874e-06,2.5499999999999998,,
260,0.0040000000000000001,301.18149619505886,301.18149336718267,2.8278761874389602e-06,2.5499999999999998,,
260,0.0050000000000000001,301.18753631470958,301.1875336521328,2.6625767759469454e-06,2.5499999999999998,,
260,0.0060000000000000001,301.19546658963964,301.19546416354711,2.4260925215457974e-06,2.5499999999999998,,
260,0.0070000000000000001,301.20562546952146,301.20562336812429,2.101397171827557e-06,2.5499999999999998,,
260,0.0080000000000000002,301.21841984141088,301.21841816946124,1.6719496329642425e-06,2.5499999999999861,,
260,0.0090000000000000011,301.23432632499038,301.23432520129978,1.1236905947953346e-06,2.5499999999987626,,
260,0.01,301.25389128099545,301.25389083376695,4.4722850134348846e-07,2.5499999999249323,,
260,0.010999999999999999,301.27772918271467,301.27772954272507,-3.6001040371047566e-07,2.5499999967644964,,
260,0.012,301.30651939596311,301.30652068712044,-1.2911573321616743e-06,2.5499999011805614,,
260,0.013000000000000001,301.34100242731176,301.341004753243,-2.3259312342815974e-06,2.5499978639832896,,
260,0.014,301.38197888361589,301.38198231399292,-3.4303770348742546e-06,2.5499673106105742,,
260,0.014999999999999999,301.43031813820545,301.43032271844169,-4.5802362365066074e-06,2.5496449011684112,,
260,0.016,301.48698819689582,301.4869940243824,-5.8274865750718163e-06,2.5472470336918209,,
260,0.017000000000000001,301.55312004294723,301.55312741814021,-7.3751929789978021e-06,2.5346161651840475,,
260,0.018000000000000002,301.63011298010468,301.6301225552449,-9.5751402113819495e-06,2.4869788044991541,,
260,0.019,301.71976860452418,301.71978138454091,-1.2780016731994692e-05,2.3556419128570871,,
260,0.02,301.82441573771831,301.82443290767498,-1.7169956663565245e-05,2.0816914837390628,,
270,0,301.17581782120271,301.17581461391643,3.207286283668509e-06,2.5499999999999998,,
270,0.001,301.17645724524647,301.17645404874378,3.1965026892066817e-06,2.5499999999999998,,
270,0.002,301.17840523960223,301.1784020908587,3.1487435308008571e-06,2.5499999999999998,,
270,0.0030000000000000001,301.18175131685911,301.18174825450632,3.0623527891293634e-06,2.5499999999999998,,
270,0.0040000000000000001,301.18664576037906,301.18664283240577,2.9279732984832663e-06,2.5499999999999998,,
270,0.0050000000000000001,301.19330109961413,301.1932983662125,2.7334016294844332e-06,2.5499999999999998,,
270,0.0060000000000000001,301.20199384601295,301.20199138138003,2.4646329279676138e-06,2.5499999999999998,,
270,0.0070000000000000001,301.21306618531304,301.21306407811505,2.1071979858788836e-06,2.5499999999999998,,
270,0.0080000000000000002,301.22692728602027,301.22692563820959,1.6478106772410683e-06,2.5499999999999594,,
270,0.0090000000000000011,301.24405392278248,301.2440528463722,1.0764102853499935e-06,2.5499999999969862,,
270,0.01,301.26499030163404,301.26498991287485,3.8875919017300475e-07,2.5499999998412028,,
270,0.010999999999999999,301.29034743530315,301.29034784598639,-4.1068324208026752e-07,2.5499999939861602,,
270,0.012,301.32080330697198,301.32080461476198,-1.307790000737441e-06,2.5499998366626362,,
270,0.013000000000000001,301.35710647419302,301.35710875919818,-2.2850051664136117e-06,2.5499968212785604,,
270,0.014,301.40008752253641,301.40009086348226,-3.340945852414734e-06,2.5499556432921513,,
270,0.014999999999999999,301.45068416005415,301.4506886826789,-4.5226247493701521e-06,2.5495549603251351,,
270,0.016,301.50998540075062,301.50999135406209,-5.953311472239875e-06,2.5467716005864802,,
270,0.017000000000000001,301.57929669694067,301.57930452748741,-7.8305467354766733e-06,2.5328993614985089,,
270,0.018000000000000002,301.66022051883635,301.66023089841354,-1.0379577190633427e-05,2.4827520597010277,,
270,0.019,301.75473748788085,301.75475126004841,-1.3772167562819959e-05,2.3485621881987893,,
270,0.02,301.86526593837408,301.8652840172702,-1.807889611882274e-05,2.0737529715601148,,
280,0,301.18034743479598,301.18034408892356,3.3458724146839813e-06,2.5499999999999998,,
280,0.001,301.18105443822691,301.18105110676487,3.3314620395685779e-06,2.5499999999999998,,
280,0.002,301.18320578237223,301.18320250937023,3.2730019938753685e-06,2.5499999999999998,,
280,0.0030000000000000001,301.18689272499586,301.18688955554978,3.16944607448022e-06,2.5499999999999998,,
280,0.0040000000000000001,301.19226816512713,301.19226515262238,3.0125047487672418e-06,2.5499999999999998,,
280,0.0050000000000000001,301.19954770413301,301.19954491255197,2.7915810392187268e-06,2.5499999999999998,,
280,0.0060000000000000001,301.20901086521309,301.20900837028262,2.4949304702204245e-06,2.5499999999999998,,
280,0.0070000000000000001,301.221002266011,301.22100015482175,2.1111892465341953e-06,2.5499999999999994,,
280,0.0080000000000000002,301.23593259121367,301.23593095991208,1.631301586257905e-06,2.5499999999998915,,
280,0.0090000000000000011,301.25427938983756,301.25427833922464,1.0506129228815553e-06,2.5499999999930845,,
280,0.01,301.27658808779739,301.27658771748099,3.7031639976703445e-07,2.5499999996805451,,
280,0.010999999999999999,301.3034742080668,301.303474611529,-4.0346219520870363e-07,2.5499999892770764,,
280,0.012,301.33562860581287,301.33562987106347,-1.2652506029553479e-06,2.5499997389417057,,
280,0.013000000000000001,301.37382838312362,301.37383060504089,-2.2219172706172685e-06,2.5499953929221348,,
280,0.014,301.41895666573714,301.41895997449672,-3.3087595738834352e-06,2.5499410080867548,,
280,0.014999999999999999,301.47203404158319,301.47203864515774,-4.6035745526751271e-06,2.5494503244689022,,
280,0.016,301.53426263463138,301.53426886372375,-6.2290923779073637e-06,2.5462518336218389,,
280,0.017000000000000001,301.60708035089584,301.6070886877834,-8.336887560744799e-06,2.5311116458980805,,
280,0.018000000000000002,301.6922183698361,301.69222944204495,-1.1072208849327581e-05,2.4785016749462194,,
280,0.019,301.79175088485829,301.79176541471475,-1.4529856457556889e-05,2.3415915599147596,,
280,0.02,301.90812429136491,301.90814302966771,-1.8738302799192752e-05,2.0659930574920087,,
290,0,301.18533746065145,301.18533399537131,3.4652801446100057e-06,2.5499999999999998,,
290,0.001,301.18611324226777,301.18610979472902,3.4475387451493589e-06,2.5499999999999998,,
290,0.002,301.18847136513239,301.18846798580842,3.3793239708757028e-06,2.5499999999999998,,
290,0.0030000000000000001,301.19250434817485,301.19250108780386,3.2603709883005649e-06,2.5499999999999998,,
290,0.0040000000000000001,301.19836696848955,301.19836388471646,3.0837730946586817e-06,2.5499999999999998,,
290,0.0050000000000000001,301.20627704019591,301.20627419914268,2.8410532308953407e-06,2.5499999999999998,,
290,0.0060000000000000001,301.21651636186107,301.21651383841242,2.5234486429326353e-06,2.5499999999999998,,
290,0.0070000000000000001,301.22943178408303,301.22942966067637,2.1234066593933676e-06,2.5499999999999963,,
290,0.0080000000000000002,301.2454364814613,301.24543484548872,1.6359725805159542e-06,2.5499999999997289,,
290,0.0090000000000000011,301.26501176530485,301.2650107058725,1.0594323498480662e-06,2.5499999999849621,,
290,0.01,301.28871015529216,301.28870976104304,3.9424912756658159e-07,2.5499999993858196,,
290,0.010999999999999999,301.3171609049275,301.31716126560889,-3.6068138342670863e-07,2.5499999815834729,,
290,0.012,301.35107963675711,301.35108085160346,-1.2148463497396733e-06,2.5499995951975887,,
290,0.013000000000000001,301.39128398845713,301.39128618350986,-2.1950527298031375e-06,2.549993479794229,,
290,0.014,301.43871693408175,301.43872028786365,-3.3537818922013685e-06,2.5499229506064967,,
290,0.014999999999999999,301.49447847875263,301.49448325152571,-4.7727730816404801e-06,2.5493299664910625,,
290,0.016,301.55986463763304,301.55987119551452,-6.5578814769651217e-06,2.5456875942941717,,
290,0.017000000000000001,301.63641020648538,301.63641902969488,-8.8232094981322007e-06,2.5292569061504899,,
290,0.018000000000000002,301.72592937357621,301.72594103972312,-1.1666146917832521e-05,2.4742327691589767,,
290,0.019,301.83054653264048,301.83056167232223,-1.5139681750042655e-05,2.3347266846726624,,
290,0.02,301.95270954529929,301.95272879614674,-1.9250847458351927e-05,2.0584021174616827,,
300,0,301.19079489931931,301.19079133249062,3.5668286955115036e-06,2.5499999999999998,,
300,0.001,301.19164032785835,301.1916367815931,3.5462652476780931e-06,2.5499999999999998,,
300,0.002,301.19420771974887,301.19420424983463,3.4699142474892142e-06,2.5499999999999998,,
300,0.0030000000000000001,301.19859054110213,301.19858720255962,3.338542512665299e-06,2.5499999999999998,,
300,0.0040000000000000001,301.20494504311313,301.20494189611838,3.1469947430196044e-06,2.5499999999999998,,
300,0.0050000000000000001,301.21349095909721,301.21348806986509,2.8892321211060334e-06,2.5499999999999998,,
300,0.0060000000000000001,301.22451249237793,301.22450993298145,2.5593964778636291e-06,2.5499999999999998,,
300,0.0070000000000000001,301.23835970559412,301.23835755286183,2.1527322928704962e-06,2.5499999999999901,,
300,0.0080000000000000002,301.25545058546214,301.25544891950909,1.6659530501783593e-06,2.5499999999993639,,
300,0.0090000000000000011,301.2762742956773,301.27627319917843,1.0964988632622408e-06,2.5499999999688545,,
300,0.01,301.30139641769728,301.30139597751463,4.4018264588885359e-07,2.549999998866614,,
300,0.010999999999999999,301.3314672480962,301.3314675610572,-3.1296099223254714e-07,2.549999969423284,,
300,0.012,301.36723436166307,301.3672355458184,-1.1841553373415081e-06,2.5499993892519028,,
300,0.013000000000000001,301.40956052096902,301.40956273232194,-2.2113529212219873e-06,2.5499909686897904,,
300,0.014,301.45944748355322,301.45945093613682,-3.4525835985732556e-06,2.5499009986449463,,
300,0.014999999999999999,301.51806526327982,301.51807024807687,-4.9847970444716339e-06,2.5491929268704765,,
300,0.016,301.58678501158545,301.58679190805844,-6.8964729962317506e-06,2.5450789355545709,,
300,0.017000000000000001,301.66721213730619,301.66722141110404,-9.2737978434342949e-06,2.5273389141660769,,
300,0.018000000000000002,301.76121497162353,301.76122715402749,-1.2182403963834076e-05,2.4699498861641351,,
300,0.019,301.8709436561258,301.87095930527084,-1.5649145041152224e-05,2.3279643195782334,,
300,0.02,301.99883321634178,301.99885401491747,-2.0798575690150756e-05,2.0509713471109716,,
310,0,301.19672494376374,301.19672128762477,3.6561389720191073e-06,2.5499999999999998,,
310,0.001,301.19764070350658,301.19763707178572,3.6317208582659077e-06,2.5499999999999998,,
310,0.002,301.20041937915971,301.20041582962534,3.5495343695401971e-06,2.5499999999999998,,
310,0.0030000000000000001,301.2051553114735,301.20515190175689,3.4097166121682676e-06,2.5499999999999998,,
310,0.0040000000000000001,301.21200624456401,301.21200303578104,3.2087829708871141e-06,2.5499999999999998,,
310,0.0050000000000000001,301.22119414863528,301.22119120590804,2.9427272352222644e-06,2.5499999999999998,,
310,0.0060000000000000001,301.23300652175175,301.23300391413369,2.6076180574818864e-06,2.5499999999999998,,
310,0.0070000000000000001,301.24779839532113,301.24779619548474,2.1998363877173688e-06,2.5499999999999758,,
310,0.0080000000000000002,301.26599541827699,301.26599370265927,1.7156177136712358e-06,2.5499999999985832,,
310,0.0090000000000000011,301.28809857241293,301.28809742283045,1.1495824878693384e-06,2.5499999999382856,,
310,0.01,301.31469123668506,301.31469074456533,4.9211973873752868e-07,2.54999999798489,,
310,0.010999999999999999,301.34644940823756,301.34644968241855,-2.7418099080023239e-07,2.5499999507705029,,
310,0.012,301.38415582128403,301.38415699975474,-1.178470711238333e-06,2.5499991011280305,,
310,0.013000000000000001,301.42871839173762,301.42872065675959,-2.2650219761999324e-06,2.5499877323489648,,
310,0.014,301.48119271366511,301.48119630799914,-3.5943340321864525e-06,2.5498746668424128,,
310,0.014999999999999999,301.54280672743528,301.5428119688259,-5.2413906246329134e-06,2.5490383180165281,,
310,0.016,301.6149813496184,301.61498864094307,-7.2913246640382567e-06,2.5444260782690398,,
310,0.017000000000000001,301.69933026918432,301.69934004508332,-9.7758990023066872e-06,2.5253613110886985,,
310,0.018000000000000002,301.79760552920891,301.79761801583493,-1.248662601938122e-05,2.4656570617262741,,
310,0.019,301.91155222679805,301.91156711162932,-1.4884831273320742e-05,2.3213013285286772,,
310,0.02,302.0426830523366,302.04269944617999,-1.6393843395690055e-05,2.0436927588605132,,
320,0,301.20313211200636,301.20312837709616,3.7349101944528229e-06,2.5499999999999998,,
320,0.001,301.20411888737203,301.20411517808992,3.7092821116857522e-06,2.5499999999999998,,
320,0.002,301.20711094424729,301.20710732047672,3.6237705671737785e-06,2.5499999999999998,,
320,0.0030000000000000001,301.21220366776532,301.21220018837505,3.4793902727869863e-06,2.5499999999999998,,
320,0.0040000000000000001,301.21955669630228,301.21955342240688,3.2738954018896038e-06,2.5499999999999998,,
320,0.0050000000000000001,301.22939502674365,301.22939202220459,3.0045390531086014e-06,2.5499999999999998,,
320,0.0060000000000000001,301.24201080173793,301.24200813355128,2.6681866529543186e-06,2.5499999999999994,,
320,0.0070000000000000001,301.25776605883817,301.25776379785651,2.2609816596741439e-06,2.5499999999999416,,
320,0.0080000000000000002,301.27709683616666,301.27709505883445,1.7773322156244831e-06,2.5499999999969876,,
320,0.0090000000000000011,301.30051913281267,301.30051792471761,1.2080950568815751e-06,2.5499999998825404,,
320,0.01,301.32863726838406,301.32863673023888,5.381451728680986e-07,2.5499999965365685,,
320,0.010999999999999999,301.36215509142062,301.36215534758264,-2.5616202492528828e-07,2.5499999229255272,,
320,0.012,301.40189009202612,301.40189130175821,-1.2097320905013476e-06,2.5499987066369285,,
320,0.013000000000000001,301.44878948860179,301.44879186117913,-2.3725773417027085e-06,2.5499836297287404,,
320,0.014,301.50394535780407,301.50394916841321,-3.8106091437839495e-06,2.5498434612337388,,
320,0.014999999999999999,301.56860258427412,301.56860817003792,-5.5857638017187128e-06,2.5488653268884449,,
320,0.016,301.64414951695812,301.6441572111533,-7.6941951761000382e-06,2.5437293892549859,,
320,0.017000000000000001,301.73207944565581,301.73208944176082,-9.9961050068486657e-06,2.5233275975398626,,
320,0.018000000000000002,301.8339159260359,301.83392815118555,-1.2225149646383215e-05,2.4613578824084859,,
320,0.019,301.95110948788152,301.95112358027677,-1.4092395247189415e-05,2.3147346860673177,,
320,0.02,302.08493285603618,302.08494830693303,-1.5450896853508311e-05,2.0365589120086907,,
330,0,301.21002147704303,301.2100176659946,3.8110484297249059e-06,2.5499999999999998,,
330,0.001,301.21108012257133,301.2110763376495,3.7849218301744258e-06,2.5499999999999998,,
330,0.002,301.21428823270509,301.21428453460419,3.6981008975089935e-06,2.5499999999999998,,
330,0.0030000000000000001,301.21974258648936,301.21973903437049,3.5521188692655414e-06,2.5499999999999998,,
330,0.0040000000000000001,301.22760537235456,301.227602027008,3.3453465562161e-06,2.5499999999999998,,
330,0.0050000000000000001,301.23810565855814,301.23810258315035,3.0754077897654497e-06,2.5499999999999998,,
330,0.0060000000000000001,301.25154172595984,301.25153898708624,2.73887360435765e-06,2.549999999999998,,
330,0.0070000000000000001,301.26828454031278,301.26828220977023,2.3305425429498428e-06,2.549999999999867,,
330,0.0080000000000000002,301.28878269845541,301.28878085624063,1.8422147718410997e-06,2.549999999993867,,
330,0.0090000000000000011,301.31356917491127,301.31356791405898,1.260852286577574e-06,2.5499999997845171,,
330,0.01,301.34327004525153,301.34326947922636,5.6602516451675911e-07,2.5499999942286036,,
330,0.010999999999999999,301.37861495274632,301.37861522572985,-2.7298352733851061e-07,2.5499998823733256,,
330,0.012,301.42044827615922,301.42044957446956,-1.2983103374608618e-06,2.5499981769997202,,
330,0.013000000000000001,301.46973866763136,301.4697412256682,-2.5580368401278974e-06,2.5499785064915379,,
330,0.014,301.52758300451978,301.52758709341219,-4.0888924104365287e-06,2.5498068835814833,,
330,0.014999999999999999,301.5951994190923,301.59520530700888,-5.8879165862890659e-06,2.54867321615977,,
330,0.016,301.67390401797712,301.67391190409091,-7.8861137922103808e-06,2.5429893610583827,,
330,0.017000000000000001,301.76506840327232,301.76507835038285,-9.947110527264158e-06,2.5212411278834517,,
330,0.018000000000000002,301.87006064746424,301.87007254534933,-1.1897885087819304e-05,2.4570555371196527,,
330,0.019,301.99017966059597,301.99019324286655,-1.3582270582901401e-05,2.3082614798287047,,
330,0.02,302.12659874554129,302.12661367363103,-1.4928089740351425e-05,2.0295629266887318,,
340,0,301.21739965985694,301.21739577025335,3.8896035903235315e-06,2.5499999999999998,,
340,0.001,301.21853131608628,301.21852745264067,3.8634456132058403e-06,2.5499999999999998,,
340,0.002,301.22195904477758,301.22195526820303,3.7765745446449728e-06,2.5499999999999998,,
340,0.0030000000000000001,301.22778145881722,301.22777782817991,3.630637309015583e-06,2.5499999999999998,,
340,0.0040000000000000001,301.23616405095356,301.23616062697039,3.4239831734339532e-06,2.5499999999999998,,
340,0.0050000000000000001,301.24734103042061,301.24733787660529,3.1538153280052938e-06,2.5499999999999998,,
340,0.0060000000000000001,301.26161813811979,301.26161532255099,2.8155687914477312e-06,2.5499999999999949,,
340,0.0070000000000000001,301.27937664149459,301.27937423965005,2.4018445401452482e-06,2.5499999999997098,,
340,0.0080000000000000002,301.30107867748768,301.30107677662448,1.9008631966244138e-06,2.5499999999879974,,
340,0.0090000000000000011,301.32727396631765,301.32727267168752,1.2946301239935565e-06,2.5499999996177851,,
340,0.01,301.35860759855893,301.35860704100827,5.5755066341589554e-07,2.549999990651179,,
340,0.010999999999999999,301.39582805320913,301.3958283961764,-3.4296726880711503e-07,2.5499998246318962,,
340,0.012,301.43979384352923,301.4397952853538,-1.4418245655178907e-06,2.549997478517124,,
340,0.013000000000000001,301.49147634182498,301.49147910783506,-2.7660100840876112e-06,2.5499721956856605,,
340,0.014,301.55195570918806,301.55196002924095,-4.3200528807574301e-06,2.5497644354259803,,
340,0.014999999999999999,301.62240690903843,301.62241298102805,-6.0719896168848209e-06,2.5484613241628211,,
340,0.016,301.70407396964663,301.70408191729257,-7.9476459404759225e-06,2.5422065934973546,,
340,0.017000000000000001,301.79823315673849,301.79824299607088,-9.8393323924028664e-06,2.5191051076286679,,
340,0.018000000000000002,301.90614912572778,301.90616075372458,-1.1627996798324602e-05,2.4527528623422423,,
340,0.019,302.02903138255675,302.02904459627825,-1.3213721501870168e-05,2.3018789084847446,,
340,0.02,302.16800008427117,302.16801463943358,-1.4555162408669275e-05,2.0226984593493804,,
350,0,301.22527539947873,301.22527142544192,3.9740368151797156e-06,2.5499999999999998,,
350,0.001,301.22648153924564,301.2264775912268,3.9480188434026786e-06,2.5499999999999998,,
350,0.002,301.23013345078039,301.23012958930093,3.8614794561908639e-06,2.5499999999999998,,
350,0.0030000000000000001,301.23633200915117,301.23632829334503,3.7158061445552448e-06,2.5499999999999998,,
350,0.0040000000000000001,301.24524668529796,301.24524317657119,3.5087267633571173e-06,2.5499999999999998,,
350,0.0050000000000000001,301.25711765363496,301.25711441740685,3.2362281103814894e-06,2.5499999999999994,,
350,0.0060000000000000001,301.27225888700173,301.27225599530738,2.8916943506374082e-06,2.5499999999999878,,
350,0.0070000000000000001,301.29106230288556,301.29105983811331,2.4647722511872416e-06,2.549999999999395,,
350,0.0080000000000000002,301.31400291278658,301.31400097256358,1.9402230009291088e-06,2.5499999999773459,,
350,0.0090000000000000011,301.34164470316023,301.34164340583789,1.2973223419976421e-06,2.5499999993426918,,
350,0.01,301.37464662472047,301.37464611404664,5.1067382855762844e-07,2.5499999852447912,,
350,0.010999999999999999,301.41376760713928,301.41376805373346,-4.465941856324207e-07,2.5499997440937143,,
350,0.012,301.45986903069792,301.45987062741159,-1.5967136732797371e-06,2.5499965722925677,,
350,0.013000000000000001,301.51391273426515,301.51391568308401,-2.9488188602044829e-06,2.5499645185864033,,
350,0.014,301.57695263868754,301.57695712890194,-4.4902143940817041e-06,2.5497156218036579,,
350,0.014999999999999999,301.65011863000888,301.65012481069016,-6.1806812823306245e-06,2.548229063846347,,
350,0.016,301.73459257979914,301.73460053309992,-7.9533007806276146e-06,2.5413817769690543,,
350,0.017000000000000001,301.83157815828883,301.83158788161302,-9.7233241831418127e-06,2.516922593227481,,
350,0.018000000000000002,301.94226801821333,301.94227942229168,-1.1404078350096825e-05,2.4484523818141577,,
350,0.019,302.06781338319183,302.06782630918173,-1.2925989892664802e-05,2.29558427884922,,
350,0.02,302.20930144521452,302.20931570986892,-1.4264654396356491e-05,2.0159596350918787,,
360,0,301.23365962176513,301.23365555598269,4.0657824342815729e-06,2.5499999999999998,,
360,0.001,301.23494201657417,301.23493797681942,4.0397547422799107e-06,2.5499999999999998,,
360,0.002,301.23882353560265,301.23881958263746,3.9529651871816895e-06,2.5499999999999998,,
360,0.0030000000000000001,301.24540761925874,301.24540381309026,3.8061684790591244e-06,2.5499999999999998,,
360,0.0040000000000000001,301.25486812329888,301.25486452736874,3.5959301385446452e-06,2.5499999999999998,,
360,0.0050000000000000001,301.26745152492151,301.26744820843101,3.3164905062221806e-06,2.5499999999999994,,
360,0.0060000000000000001,301.28348001781319,301.28347705881259,2.959000596547412e-06,2.5499999999999723,,
360,0.0070000000000000001,301.30335541323399,301.30335290242272,2.5108112708949193e-06,2.5499999999987852,,
360,0.0080000000000000002,301.32756361566169,301.327561660475,1.9551866898837034e-06,2.5499999999586436,,
360,0.0090000000000000011,301.35667921563828,301.35667794368686,1.2719514188574976e-06,2.5499999989013222,,
360,0.01,301.39136945456261,301.39136901499239,4.3957021489404724e-07,2.5499999772621398,,
360,0.010999999999999999,301.43239651490074,301.43239707594813,-5.6104738632711815e-07,2.5499996338633135,,
360,0.012,301.48061686111828,301.48061860237186,-1.7412535839866905e-06,2.5499954140144041,,
360,0.013000000000000001,301.53697631713146,301.53697941594874,-3.0988172738943831e-06,2.5499552856674175,,
360,0.014,301.60249983091427,301.60250444406734,-4.6131530666571052e-06,2.5496599546034591,,
360,0.014999999999999999,301.67827551542263,301.67828175898137,-6.243558743790345e-06,2.5479759209450004,,
360,0.016,301.76543353853873,301.76544147054602,-7.9320072927657748e-06,2.5405156774575772,,
360,0.017000000000000001,301.86512160339157,301.8651312142664,-9.6108748266487964e-06,2.5146964936892284,,
360,0.018000000000000002,301.97847983332599,301.97849104774781,-1.1214421817840048e-05,2.444156341333402,,
360,0.019,302.1066185188468,302.1066312095611,-1.2690714299878891e-05,2.2893750034471898,,
360,0.02,302.2506025160049,302.25061613974117,-1.3623736265344633e-05,2.0093409992458784,,
370,0,301.2425649501846,301.24256078724727,4.1629373299656436e-06,2.5499999999999998,,
370,0.001,301.24392555545353,301.24392141869902,4.1367545122739102e-06,2.5499999999999998,,
370,0.002,301.2480425920636,301.24803854393406,4.0481295400240924e-06,2.5499999999999998,,
370,0.0030000000000000001,301.25502216010329,301.2550182627291,3.8973741993686417e-06,2.5499999999999998,,
370,0.0040000000000000001,301.26504253182071,301.26503885202408,3.679796634514787e-06,2.5499999999999998,,
370,0.0050000000000000001,301.27835626545181,301.27835287737702,3.3880747878356487e-06,2.5499999999999989,,
370,0.0060000000000000001,301.29529304023487,301.29529002839593,3.0118389418021252e-06,2.5499999999999408,,
370,0.0070000000000000001,301.31626301502382,301.31626047750717,2.5375166501362401e-06,2.5499999999976457,,
370,0.0080000000000000002,301.34176036557972,301.34175841681002,1.9487696931719256e-06,2.5499999999267895,,
370,0.0090000000000000011,301.3723664697971,301.3723652419535,1.2278435974621971e-06,2.5499999982111508,,
370,0.01,301.40875201331903,301.40875165528956,3.5802946740659536e-07,2.5499999657248584,,
370,0.010999999999999999,301.45167712907715,301.45167780188848,-6.7281132487551076e-07,2.5499994855939039,,
370,0.012,301.50198862894979,301.50199049697449,-1.8680246967051062e-06,2.549993953799587,,
370,0.013000000000000001,301.56061350479592,301.5606167226606,-3.2178646733882488e-06,2.5499442976718001,,
370,0.014,301.62854823709495,301.62855293367033,-4.6965753881522687e-06,2.5495969555507276,,
370,0.014999999999999999,301.70684416064745,301.7068504261714,-6.265523950332863e-06,2.547701451543023,,
370,0.016,301.79659053210503,301.79659841592576,-7.8838207286935358e-06,2.5396091231496962,,
370,0.017000000000000001,301.89889966458838,301.89890917059421,-9.5060058242779633e-06,2.5124295735340141,,
370,0.018000000000000002,302.01490225290354,302.01491334295144,-1.109004790578183e-05,2.4398667393045517,,
370,0.019,302.14576180391612,302.14577449123806,-1.2687321941484697e-05,2.2832485977432104,,
370,0.02,302.29270767997718,302.29272215405075,-1.4474073566361767e-05,2.0028376098256571,,
380,0,301.25200475263455,301.25200049035431,4.2622802425285045e-06,2.5499999999999998,,
380,0.001,301.25344554471917,301.2534413097535,4.2349656723672524e-06,2.5499999999999998,,
380,0.002,301.25780399644549,301.25779985376664,4.1426788470744214e-06,2.5499999999999998,,
380,0.0030000000000000001,301.26518873766696,301.26518475261651,3.9850504549576726e-06,2.5499999999999998,,
380,0.0040000000000000001,301.27578212652713,301.27577837012313,3.7564039985227282e-06,2.5499999999999998,,
380,0.0050000000000000001,301.28984211467667,301.28983866627715,3.4483995250411681e-06,2.5499999999999976,,
380,0.0060000000000000001,301.30770463899654,301.30770158898969,3.0500068533001468e-06,2.5499999999998777,,
380,0.0070000000000000001,301.32978627398086,301.32978372614286,2.5478379939158913e-06,2.5499999999955874,,
380,0.0080000000000000002,301.3565867529025,301.35658482582136,1.9270811435490032e-06,2.5499999998740361,,
380,0.0090000000000000011,301.38869083221232,301.38868965900656,1.1732057600966073e-06,2.5499999971572334,,
380,0.01,301.42676886145273,301.42676858705261,2.7440012217994081e-07,2.5499999493755183,,
380,0.010999999999999999,301.47157537587094,301.47157615149752,-7.7562657452290296e-07,2.5499992893273236,,
380,0.012,301.52394511552643,301.52394709042909,-1.974902659185318e-06,2.5499921361032722,,
380,0.013000000000000001,301.58478618019876,301.5847894903556,-3.3101568419624527e-06,2.5499313467577651,,
380,0.014,301.65507065055527,301.65507540453905,-4.7539837737531343e-06,2.5495261588065126,,
380,0.014999999999999999,301.73582398288727,301.73583025194739,-6.269060122576775e-06,2.5474052791491806,,
380,0.016,301.82811564481358,301.82812346982149,-7.8250079127428762e-06,2.5386629925378332,,
380,0.017000000000000001,301.93305418847285,301.93306360279882,-9.4143259730117279e-06,2.510124456791313,,
380,0.018000000000000002,302.05178922938779,302.05180028242546,-1.1053037667352328e-05,2.4355853536975922,,
380,0.019,302.1855199794968,302.18553274884954,-1.2769352736086148e-05,2.2772026777857595,,
380,0.02,302.33550594471365,302.33552053840202,-1.4593688376862701e-05,1.9964447161559,,
390,0,301.26199202174479,301.26198766278026,4.3589645315478265e-06,2.5499999999999998,,
390,0.001,301.26351483728905,301.26351050734763,4.3299414187458751e-06,2.5499999999999998,,
390,0.002,301.26812011893503,301.26811588659086,4.2323441675762297e-06,2.5499999999999998,,
390,0.0030000000000000001,301.27591871510197,301.27591464973074,4.0653712289895338e-06,2.5499999999999998,,
390,0.0040000000000000001,301.28709647107848,301.28709264826949,3.8228089920266939e-06,2.5499999999999998,,
390,0.0050000000000000001,301.30191574664866,301.30191225069149,3.4959571735271311e-06,2.5499999999999945,,
390,0.0060000000000000001,301.32071726915433,301.32071419520406,3.0739502676624397e-06,2.5499999999997569,,
390,0.0070000000000000001,301.34392203133257,301.34391948689603,2.5444365405746794e-06,2.5499999999919774,,
390,0.0080000000000000002,301.37203284794663,301.37203095319796,1.8947486637443944e-06,2.5499999997889073,,
390,0.0090000000000000011,301.40563510828548,301.40563399464912,1.1136363582409103e-06,2.5499999955827515,,
390,0.01,301.44539623490425,301.44539604136492,1.9353933566890191e-07,2.5499999266248699,,
390,0.010999999999999999,301.49206342627735,301.49206429314,-8.6686264921809197e-07,2.5499990333380036,,
390,0.012,301.54645946972596,301.54646153029165,-2.0605656914085557e-06,2.5499898996859693,,
390,0.013000000000000001,301.6094767902498,301.60948016199916,-3.3717493579388247e-06,2.5499162176824637,,
390,0.014,301.68207042066723,301.68207519900301,-4.7783357786101988e-06,2.5494471132110168,,
390,0.014999999999999999,301.76525110399598,301.76525736273248,-6.2587365050603694e-06,2.5470870914981534,,
390,0.016,301.86008002031559,301.86008782001392,-7.7996983236516826e-06,2.5376782039422467,,
390,0.017000000000000001,301.9676663695659,301.96767576830661,-9.3987407012718904e-06,2.50778363157053,,
390,0.018000000000000002,302.08916808460731,302.08917914530809,-1.1060700785492372e-05,2.431313765669961,,
390,0.019,302.2257945203404,302.22580731124373,-1.2790903326731495e-05,2.2712349587290794,,
390,0.02,302.37880868258299,302.37882328283644,-1.4600253450680611e-05,1.9901578533028312,,
400,0,301.2725383984403,301.27253394983978,4.4486005208455026e-06,2.5499999999999998,,
400,0.001,301.27414481288832,301.27414039544851,4.4174398112772906e-06,2.5499999999999998,,
400,0.002,301.27900151409358,301.27899720074345,4.3133501321790391e-06,2.5499999999999998,,
400,0.0030000000000000001,301.2872211448647,301.28721700946897,4.1353957271894615e-06,2.5499999999999998,,
400,0.0040000000000000001,301.29899228975052,301.29898841244761,3.8773029018557281e-06,2.5499999999999994,,
400,0.0050000000000000001,301.31458060457214,301.31457707396009,3.530612048052717e-06,2.5499999999999869,,
400,0.0060000000000000001,301.33433011501245,301.33432702975932,3.0852531267555605e-06,2.5499999999995331,,
400,0.0070000000000000001,301.35866440714392,301.35866187668347,2.5304604491793725e-06,2.5499999999858227,,
400,0.0080000000000000002,301.38808737398915,301.38808551789521,1.8560939452072489e-06,2.5499999996547928,,
400,0.0090000000000000011,301.42318315999074,301.42318210565992,1.0543308235355653e-06,2.5499999932778343,,
400,0.01,301.4646149839873,301.46461486249234,1.2149496342317434e-07,2.5499998954952519,,
400,0.010999999999999999,301.51312264397922,301.51312358445193,-9.4047271659292164e-07,2.5499987039862475,,
400,0.012,301.56951872228325,301.56952084587255,-2.1235892972981674e-06,2.5499871776449954,,
400,0.013000000000000001,301.63468379508834,301.63468721004426,-3.4149559269280871e-06,2.5498986890134874,,
400,0.014,301.70956123830109,301.70956603780428,-4.7995031877690053e-06,2.5493593841661393,,
400,0.014999999999999999,301.79515240271968,301.79515866640742,-6.2636877373734023e-06,2.5467466370825855,,
400,0.016,301.89251288710773,301.89252068541629,-7.7983085589039547e-06,2.536655706261485,,
400,0.017000000000000001,302.00275029735246,302.00275969614017,-9.3987877107792883e-06,2.5054094551930244,,
400,0.018000000000000002,302.12702329006112,302.12703435307969,-1.1063018575896422e-05,2.4270533806277594,,
400,0.019,302.26654104954849,302.26655383708453,-1.2787536036285019e-05,2.2653432487894025,,
400,0.02,302.42256191218587,302.42257648942115,-1.4577235276647116e-05,1.9839728685748086,,
410,0,301.28365351275704,301.28364898507903,4.5276780156200402e-06,2.5499999999999998,,
410,0.001,301.28534477103352,301.28534027688039,4.4941531314179883e-06,2.5499999999999998,,
410,0.002,301.29045647178748,301.2904520887987,4.3829887772517395e-06,2.5499999999999998,,
410,0.0030000000000000001,301.2991025849355,301.29909839155039,4.1933851093745034e-06,2.5499999999999998,,
410,0.0040000000000000001,301.3114736511464,301.31146973172582,3.9194205783132929e-06,2.5499999999999994,,
410,0.0050000000000000001,301.32783753503844,301.32783398166418,3.5533742561710824e-06,2.549999999999975,,
410,0.0060000000000000001,301.34854021990361,301.34853713343216,3.0864714517520042e-06,2.5499999999991299,,
410,0.0070000000000000001,301.37400640773052,301.37400389783392,2.50989660344203e-06,2.5499999999755958,,
410,0.0080000000000000002,301.40473966101399,301.40473784496811,1.8160458807869873e-06,2.5499999994481621,,
410,0.0090000000000000011,301.44132183571787,301.44132083584861,9.9986925761186285e-07,2.5499999899665351,,
410,0.01,301.48441161937615,301.48441155935211,6.0024035519745667e-08,2.5499998535605863,,
410,0.010999999999999999,301.5347421083568,301.53474310887719,-1.0005203989749134e-06,2.5499982855820456,,
410,0.012,301.59311752181713,301.59311969655215,-2.1747350160694623e-06,2.5499838975019862,,
410,0.013000000000000001,301.66040932409578,301.66041277680097,-3.4527051866461989e-06,2.5498785343388688,,
410,0.014,301.73755216030997,301.73755698377494,-4.8234649625555903e-06,2.5492625551867065,,
410,0.014999999999999999,301.82554004361089,301.82554632050295,-6.276892065670836e-06,2.5463837215666736,,
410,0.016,301.92542312535119,301.92543093018332,-7.8048321370260965e-06,2.5355964708843493,,
410,0.017000000000000001,302.03830513202661,302.03831453295857,-9.4009319582255557e-06,2.5030041595836243,,
410,0.018000000000000002,302.16534122453453,302.16535228375392,-1.1059219389153441e-05,2.4228054468656683,,
410,0.019,302.307735734647,302.30774850658753,-1.2771940532729786e-05,2.2595254435414458,,
410,0.02,302.46673908142867,302.46675362276528,-1.4541336611273437e-05,1.9778858743408125,,
420,0,301.29534467791171,301.29534008397627,4.5939354436086433e-06,2.5499999999999998,,
420,0.001,301.29712167602617,301.29711711801201,4.5580141545542574e-06,2.5499999999999998,,
420,0.002,301.30249091258929,301.30248647282696,4.4397623355507676e-06,2.5499999999999998,,
420,0.0030000000000000001,301.31156723557694,301.3115629968359,4.2387410417177307e-06,2.5499999999999998,,
420,0.0040000000000000001,301.32454241806732,301.32453846836046,3.9497068655691692e-06,2.5499999999999989,,
420,0.0050000000000000001,301.34168558437892,301.34168201835809,3.5660208368426538e-06,2.549999999999951,,
420,0.0060000000000000001,301.36334359018417,301.36334050975017,3.0804339985479601e-06,2.5499999999984242,,
420,0.0070000000000000001,301.38994117138265,301.38993868534573,2.486036919435719e-06,2.5499999999590113,,
420,0.0080000000000000002,301.4219806688252,301.42197889153448,1.7772907199287147e-06,2.5499999991363342,,
420,0.0090000000000000011,301.46004116259871,301.46004021161468,9.5098403107840568e-07,2.5499999852919202,,
420,0.01,301.50477691271061,301.50477690579925,6.9113639256102033e-09,2.5499997978837126,,
420,0.010999999999999999,301.55691509705468,301.55691614897125,-1.051916569849709e-06,2.5499977602617561,,
420,0.012,301.61725294630435,301.61725516593162,-2.219627276645042e-06,2.549979981342839,,
420,0.013000000000000001,301.68665447261128,301.68665796095411,-3.4883428270404693e-06,2.5498555234589513,,
420,0.014,301.76604704341264,301.76605189271834,-4.8493056965526193e-06,2.5491562291432439,,
420,0.014999999999999999,301.85641803672866,301.85642433061594,-6.293887281572097e-06,2.5459982041459495,,
420,0.016,301.95881171989845,301.95881953398037,-7.8140819255168026e-06,2.5345014846410878,,
420,0.017000000000000001,302.07432633531948,302.07433573759727,-9.4022777830105042e-06,2.5005698568050656,,
420,0.018000000000000002,302.20411119687589,302.20412224722082,-1.1050344937757473e-05,2.4185710720268525,,
420,0.019,302.34936345789276,302.34937620651675,-1.274862398759069e-05,2.2537795221442134,,
420,0.02,302.51132346074559,302.51133866076952,-1.5200023938177765e-05,1.9718932224625541,,
430,0,301.30761690572029,301.30761225790502,4.6478152739837242e-06,2.5499999999999998,,
430,0.001,301.30948021474541,301.30947560630312,4.6084422820058535e-06,2.5499999999999998,,
430,0.002,301.31510856697872,301.31510408340165,4.4835770722784218e-06,2.5499999999999998,,
430,0.0030000000000000001,301.32461730008527,301.32461302796406,4.272121202575363e-06,2.5499999999999998,,
430,0.0040000000000000001,301.33819881293624,301.33819484328268,3.9696535623079399e-06,2.5499999999999976,,
430,0.0050000000000000001,301.35612273021246,301.35611915950426,3.5707082020053349e-06,2.5499999999999057,,
430,0.0060000000000000001,301.37873596484496,301.37873289534645,3.0694985184709367e-06,2.549999999997218,,
430,0.0070000000000000001,301.40646254097055,301.40646008024214,2.4607284103694838e-06,2.5499999999327163,,
430,0.0080000000000000002,301.43980304148516,301.43980130108486,1.7404003074261709e-06,2.5499999986747421,,
430,0.0090000000000000011,301.47933357146258,301.47933266496915,9.0649342610049644e-07,2.5499999787992413,,
430,0.01,301.52570417939842,301.52570422001907,-4.0620648178446572e-08,2.549999724951808,,
430,0.010999999999999999,301.57963674443693,301.57963784257691,-1.0981399896081712e-06,2.5499971078794386,,
430,0.012,301.64192240483845,301.64192466614918,-2.2613107262259291e-06,2.549975346005791,,
430,0.013000000000000001,301.71341864531593,301.71342216988177,-3.5245658409621683e-06,2.5498294235469667,,
430,0.014,301.79504609841212,301.79505098085917,-4.8824470582076174e-06,2.5490400292216773,,
430,0.014999999999999999,301.88778458070499,301.88779090950231,-6.3287973262049491e-06,2.5455899939036382,,
430,0.016,301.99266558142659,301.99267344326677,-7.8618401744279254e-06,2.5333717436782153,,
430,0.017000000000000001,302.11075189015901,302.11076135575433,-9.4655953262190451e-06,2.4981085446481099,,
430,0.018000000000000002,302.2430843808088,302.24309534793611,-1.0967127309413627e-05,2.4143512376574501,,
430,0.019,302.39057370438763,302.39058566026114,-1.1955873503666226e-05,2.2481035439547146,,
430,0.02,302.55384588830071,302.55385794883074,-1.2060530025337357e-05,1.9659915728636326,,
440,0,301.32047316167058,301.32046847452801,4.6871425638528308e-06,2.5499999999999998,,
440,0.001,301.32242307811953,301.32241843233805,4.6457814733003033e-06,2.5499999999999998,,
440,0.002,301.32831132784935,301.32830681272333,4.5151260223974532e-06,2.5499999999999998,,
440,0.0030000000000000001,301.33825342822468,301.33824913362452,4.294600159937545e-06,2.5499999999999994,,
440,0.0040000000000000001,301.35244193096338,301.35243795033585,3.980627525379532e-06,2.5499999999999954,,
440,0.0050000000000000001,301.37114638950931,301.37114282065437,3.568854936020216e-06,2.5499999999998257,,
440,0.0060000000000000001,301.39471318906806,301.39471013429289,3.0547751634912856e-06,2.5499999999952099,,
440,0.0070000000000000001,301.42356514078375,301.4235627064071,2.4343766540368961e-06,2.5499999998918876,,
440,0.0080000000000000002,301.4582007452903,301.45819904056827,1.704722023987415e-06,2.5499999980036394,,
440,0.0090000000000000011,301.49919305103151,301.49919218667844,8.6435306911880616e-07,2.5499999699172333,,
440,0.01,301.54718805934118,301.54718814581906,-8.6477882632607361e-08,2.5499996306108725,,
440,0.010999999999999999,301.60290262995227,301.60290377562228,-1.1456700121925678e-06,2.5499963059145854,,
440,0.012,301.66712173353233,301.66712404331986,-2.3097875327948714e-06,2.5499699033122352,,
440,0.013000000000000001,301.74069449916942,301.74069807584084,-3.5766714177043468e-06,2.5498000002641223,,
440,0.014,301.82452752454662,301.82453247215517,-4.947608545080584e-06,2.5489135996231314,,
440,0.014999999999999999,301.91957213492515,301.91957855195761,-6.4170324662882194e-06,2.5451590462143034,,
440,0.016,302.02680009566348,302.0268080312801,-7.9356166224897606e-06,2.5322082481694261,,
440,0.017000000000000001,302.14716143873545,302.14717080323271,-9.364497259412019e-06,2.4956221121927191,,
440,0.018000000000000002,302.2815214941844,302.28153198893625,-1.0494751848000305e-05,2.410146812108477,,
440,0.019,302.43058386037217,302.43059499488572,-1.113451355649886e-05,2.2424956457362653,,
440,0.02,302.59481883971546,302.59483002640332,-1.1186687856934441e-05,1.9601776843255372,,
450,0,301.33391474081816,301.33391002652718,4.7142909807007527e-06,2.5499999999999998,,
450,0.001,301.33595134560966,301.3359466743741,4.6712355583622411e-06,2.5499999999999998,,
450,0.002,301.34209965370343,301.34209511804045,4.5356629811976745e-06,2.5499999999999998,,
450,0.0030000000000000001,301.35247512839402,301.35247082091223,4.3074817881461058e-06,2.5499999999999994,,
450,0.0040000000000000001,301.36727012316396,301.36726613929727,3.9838666907598963e-06,2.5499999999999901,,
450,0.0050000000000000001,301.3867537052439,301.3867501438524,3.5613915088106296e-06,2.549999999999685,,
450,0.0060000000000000001,301.41127131766495,301.41126828114449,3.0365204679583258e-06,2.5499999999919387,,
450,0.0070000000000000001,301.44124420515311,301.44124179904469,2.4061084218374162e-06,2.5499999998297285,,
450,0.0080000000000000002,301.47716852071818,301.47716685287457,1.6678436054462509e-06,2.5499999970441913,,
450,0.0090000000000000011,301.51961400998198,301.51961318950754,8.2047444038835238e-07,2.5499999579375618,,
450,0.01,301.56922210309199,301.56922223954012,-1.3644813634527964e-07,2.5499995099999029,,
450,0.010999999999999999,301.62670306606998,301.62670426941287,-1.2033428902213927e-06,2.5499953293965572,,
450,0.012,301.69283149132735,301.69283387220327,-2.3808759124221979e-06,2.5499635603337678,,
450,0.013000000000000001,301.76843878580297,301.76844245264192,-3.6668389498117904e-06,2.5497670188209329,,
450,0.014,301.85440052489378,301.85440557105824,-5.046164460509317e-06,2.548776606036451,,
450,0.014999999999999999,301.95161593470431,301.95162240976373,-6.4750594219731283e-06,2.5447053592361946,,
450,0.016,302.06097702108502,302.06098488786984,-7.8667848129043705e-06,2.5310119977629624,,
450,0.017000000000000001,302.18332673630124,302.18333583064748,-9.0943462396353425e-06,2.4931123452621238,,
450,0.018000000000000002,302.31940933107643,302.31941935186234,-1.0020785907727259e-05,2.4059585620146677,,
450,0.019,302.4698208061389,302.46983134442399,-1.0538285096117761e-05,2.2369540396249605,,
450,0.02,302.63497096583995,302.63498157457565,-1.0608735692585469e-05,1.9544484825451345,,
460,0,301.34794165777021,301.34793692720706,4.7305631483141042e-06,2.5499999999999998,,
460,0.001,301.35006487075941,301.35006018467135,4.6860880615895439e-06,2.5499999999999998,,
460,0.002,301.35647293656234,301.35646839016647,4.546395871329878e-06,2.5499999999999998,,
460,0.0030000000000000001,301.3672810925712,301.36727678078341,4.3117877908116498e-06,2.5499999999999989,,
460,0.0040000000000000001,301.38268123472795,301.38267725469638,3.9800315789761953e-06,2.5499999999999803,,
460,0.0050000000000000001,301.40294162846106,301.40293808005953,3.54840153704572e-06,2.5499999999994452,,
460,0.0060000000000000001,301.42840642314582,301.42840340911869,3.014027129211172e-06,2.5499999999867233,,
460,0.0070000000000000001,301.45949488480778,301.45949251063922,2.3741685595268791e-06,2.5499999997368161,,
460,0.0080000000000000002,301.49670021544222,301.4966985891063,1.6263359157164814e-06,2.5499999956938995,,
460,0.0090000000000000011,301.5405877400874,301.54058697182541,7.6826199801871553e-07,2.5499999419925641,,
460,0.01,301.59179208371637,301.59179228567814,-2.0196176819808898e-07,2.5499993574858149,,
460,0.010999999999999999,301.65101270346844,301.65101398826795,-1.2847995094489306e-06,2.5499941508471018,,
460,0.012,301.71900679520468,301.71900927129479,-2.4760901169429417e-06,2.549956219691198,,
460,0.013000000000000001,301.79657823740934,301.79658199841083,-3.7610014942401904e-06,2.5497302449772925,,
460,0.014,301.88456105537631,301.88456616149591,-5.1061196018054034e-06,2.5486287359021826,,
460,0.014999999999999999,301.98379616052159,301.98380261353958,-6.453017988405918e-06,2.544228970508466,,
460,0.016,302.09510111047803,302.0951088282136,-7.7177355706226081e-06,2.5297839876853851,,
460,0.017000000000000001,302.21923441921581,302.21924321985074,-8.8006349301394948e-06,2.4905809317532621,,
460,0.018000000000000002,302.35685822543758,302.35686783153767,-9.6061000931513263e-06,2.401787162577,,
460,0.019,302.50850517280071,302.50851523797405,-1.0065173341899936e-05,2.2314770083146169,,
460,0.02,302.67455621367066,302.67456637670392,-1.0163033266508137e-05,1.9488010822479025,,
470,0,301.36255297790035,301.36254824072853,4.7371718210342806e-06,2.5499999999999998,,
470,0.001,301.36476259867379,301.36475790718214,4.6914916538298712e-06,2.5499999999999998,,
470,0.002,301.37142977334247,301.37142522505559,4.5482868813451205e-06,2.5499999999999998,,
470,0.0030000000000000001,301.38266937286045,301.38266506472922,4.3081312242065906e-06,2.5499999999999989,,
470,0.0040000000000000001,301.39867260444117,301.39866863527726,3.9691639130978729e-06,2.5499999999999643,,
470,0.0050000000000000001,301.41970659775831,301.41970306876021,3.5289980928610021e-06,2.5499999999990441,,
470,0.0060000000000000001,301.44611371991294,301.44611073500528,2.9849076668142516e-06,2.5499999999785716,,
470,0.0070000000000000001,301.47831048862184,301.47830815463544,2.3339864014815248e-06,2.549999999600304,,
470,0.0080000000000000002,301.51678587102577,301.5167842976532,1.5733725717836933e-06,2.5499999938213236,,
470,0.0090000000000000011,301.56209863217799,301.56209793139124,7.0078675662443857e-07,2.5499999210313757,,
470,0.01,301.61487322756773,301.61487351176532,-2.8419759701137082e-07,2.5499991665997763,,
470,0.010999999999999999,301.67579353418222,301.67579491187888,-1.3776966625300702e-06,2.5499927402407181,,
470,0.012,301.74559353696947,301.74559610465673,-2.5676872610347345e-06,2.5499477798789503,,
470,0.013000000000000001,301.82504402840982,301.8250478577462,-3.8293363786578993e-06,2.5496894459761354,,
470,0.014,301.9149345664465,301.91493968745664,-5.121010133279924e-06,2.5484696984972359,,
470,0.014999999999999999,302.01605048852684,302.01605687161816,-6.3830913177298498e-06,2.5437299536821509,,
470,0.016,302.12914573588859,302.12915327753689,-7.5416483014123514e-06,2.5285252054254128,,
470,0.017000000000000001,302.25491349203537,302.25492200993642,-8.5179010511637898e-06,2.488029466791509,,
470,0.018000000000000002,302.39395789288085,302.39396713487236,-9.2419915063146618e-06,2.3976332067733597,,
470,0.019,302.54677090263988,302.54678057043242,-9.6677925398580555e-06,2.2260629005533703,,
470,0.02,302.71371846048208,302.71372825304371,-9.7925616273641936e-06,1.9432327591749623,,
480,0,301.37774701445954,301.37774227954674,4.7349128067253332e-06,2.5499999999999998,,
480,0.001,301.38004273501343,301.38003804687236,4.6881410753485397e-06,2.5499999999999998,,
480,0.002,301.38696804314139,301.38696350143647,4.5417049250318087e-06,2.5499999999999998,,
480,0.0030000000000000001,301.39863728236185,301.39863298608839,4.2962734596585506e-06,2.5499999999999976,,
480,0.0040000000000000001,301.41524067593639,301.41523672585919,3.9500772004430473e-06,2.5499999999999354,,
480,0.0050000000000000001,301.43704373462828,301.4370402338709,3.5007573728762509e-06,2.5499999999983887,,
480,0.0060000000000000001,301.46438627568642,301.46438333012628,2.9455601406880305e-06,2.5499999999660625,,
480,0.0070000000000000001,301.49768087113659,301.49767858946973,2.2816668661107542e-06,2.5499999994029476,,
480,0.0080000000000000002,301.53741044963436,301.53740894281185,1.5068225138747948e-06,2.5499999912600666,,
480,0.0090000000000000011,301.5841246603585,301.58412403988012,6.20478374457889e-07,2.549999893794638,,
480,0.01,301.63843448311457,301.63843485747071,-3.7435614785863436e-07,2.5499989299758266,,
480,0.010999999999999999,301.70100446818003,301.70100593669525,-1.4685152223137266e-06,2.5499910649830375,,
480,0.012,301.77254196524592,301.77254460887048,-2.6436245548211446e-06,2.5499381356096325,,
480,0.013000000000000001,301.85378281974471,301.85378668907146,-3.8693267470080173e-06,2.5496443914067433,,
480,0.014,301.94547333830167,301.94547844019843,-5.1018967610616528e-06,2.5482992248616996,,
480,0.014999999999999999,302.04834887929292,302.04835516472792,-6.285435006248008e-06,2.5432084153977845,,
480,0.016,302.1631101685694,302.16311752502673,-7.3564573312978609e-06,2.5272366279315412,,
480,0.017000000000000001,302.29039924753101,302.29040749937013,-8.2518391195662844e-06,2.4854594576951277,,
480,0.018000000000000002,302.43077762897587,302.43078654788565,-8.9189097707276233e-06,2.3934972135644541,,
480,0.019,302.58470953654466,302.58471886202216,-9.3254774924389494e-06,2.2207101280315409,,
480,0.02,302.75255348996535,302.75256233162207,-8.8416567223248421e-06,1.9377409360177422,,
490,0,301.39352129245287,301.39351657067698,4.7217758947226685e-06,2.5499999999999998,,
490,0.001,301.39590267088204,301.39589799536765,4.6755143898735696e-06,2.5499999999999998,,
490,0.002,301.40308471550389,301.40308018977606,4.5257278316057636e-06,2.5499999999999998,,
490,0.0030000000000000001,301.41518101637132,301.41517674172059,4.2746507347146689e-06,2.5499999999999967,,
490,0.0040000000000000001,301.43238039422522,301.43237647368056,3.9205446569212654e-06,2.5499999999998866,,
490,0.0050000000000000001,301.45494606561073,301.45494260447003,3.4611406931617239e-06,2.549999999997338,,
490,0.0060000000000000001,301.48321427981506,301.48321138582497,2.8939900857949397e-06,2.5499999999472038,,
490,0.0070000000000000001,301.51759221246243,301.51758999541948,2.2170429474499542e-06,2.5499999991219231,,
490,0.0080000000000000002,301.55855481641441,301.55855338682011,1.4295943060460559e-06,2.5499999878019906,,
490,0.0090000000000000011,301.60664024613249,301.60663971243349,5.3369899433164392e-07,2.5499998587879666,,
490,0.01,301.66244340644226,301.66244387037898,-4.639367148229212e-07,2.5499986392924257,,
490,0.010999999999999999,301.72660716140365,301.72660871112998,-1.5497263348152046e-06,2.5499890899068403,,
490,0.012,301.79981081254618,301.79981351346675,-2.7009205609829223e-06,2.5499271781739274,,
490,0.013000000000000001,301.8827556645748,301.88275954833023,-3.8837554257042939e-06,2.5495948539968141,,
490,0.014,301.97614794620227,301.97615299971096,-5.0535086870695523e-06,2.5481170675897524,,
490,0.014999999999999999,302.08068051794925,302.08068667351142,-6.1555621755360335e-06,2.542664492316201,,
490,0.016,302.197018374913,302.19702549588862,-7.120975624275161e-06,2.5259192192588791,,
490,0.017000000000000001,302.3258022048675,302.32581012731941,-7.9224519140552729e-06,2.4828723287409233,,
490,0.018000000000000002,302.46769911436081,302.4677078659517,-8.7515908830937406e-06,2.3893796352004899,,
490,0.019,302.62353255545537,302.6235426748691,-1.0119413730080851e-05,2.2154171626470558,,
490,0.02,302.7944806078043,302.79449314222438,-1.2534420079646225e-05,1.9323233956213721,,
500,0,301.40987227562204,301.40986757553941,4.7000826270959806e-06,2.5499999999999998,,
500,0.001,301.41233868376952,301.41233403119287,4.652576649277762e-06,2.5499999999999998,,
500,0.002,301.4197754842466,301.41977098517322,4.4990733840677422e-06,2.5499999999999994,,
500,0.0030000000000000001,301.43229521388207,301.43229097203118,4.2418508883201866e-06,2.5499999999999927,,
500,0.0040000000000000001,301.45008475585604,301.45008087654054,3.8793154999439139e-06,2.5499999999998049,,
500,0.0050000000000000001,301.47340421728364,301.47340080772716,3.4095564842573367e-06,2.5499999999956859,,
500,0.0060000000000000001,301.50258514119804,301.50258231033428,2.8308637638474465e-06,2.5499999999192369,,
500,0.0070000000000000001,301.5380278303353,301.53802568781799,2.1425173031275335e-06,2.549999998727432,,
500,0.0080000000000000002,301.58019749649173,301.58019615054667,1.3459450656228e-06,2.5499999831896765,,
500,0.0090000000000000011,301.62961890344224,301.62961845717564,4.4626659700952587e-07,2.5499998142544129,,
500,0.01,301.68686917029828,301.68686971626641,-5.4596813470197958e-07,2.5499982852176881,,
500,0.010999999999999999,301.75256850140829,301.7525701146256,-1.6132173072946898e-06,2.5499867772852092,,
500,0.012,301.82736893103174,301.8273716602892,-2.729257460032386e-06,2.5499147958105972,,
500,0.013000000000000001,301.91194196440068,301.91194582055942,-3.8561587416552356e-06,2.5495406103315363,,
500,0.014,302.00696764304382,302.00697258613582,-4.9430919943915796e-06,2.5479230005043085,,
500,0.014999999999999999,302.11313032672621,302.11313626953307,-5.9428068652778165e-06,2.5420983483112836,,
500,0.016,302.23112977086947,302.2311366359371,-6.8650676325887616e-06,2.5245739286141333,,
500,0.017000000000000001,302.36171746751728,302.36172530447175,-7.8369544667111768e-06,2.4802694257180544,,
500,0.018000000000000002,302.50576359475053,302.50577269785481,-9.1031042757094838e-06,2.385280863746932,,
500,0.019,302.66434677001229,302.6643576818031,-1.0911790809586819e-05,2.2101825353009534,,
500,0.02,302.83884106802196,302.838854443554,-1.3375532034842763e-05,1.926977791785238,,
510,0,301.42679500212745,301.42679033562865,4.66649879626857e-06,2.5499999999999998,,
510,0.001,301.42934557455862,301.42934095688366,4.6176749606274825e-06,2.5499999999999998,,
510,0.002,301.43703442008899,301.43702995981016,4.460278830720199e-06,2.5499999999999989,,
510,0.0030000000000000001,301.44997267289443,301.44996847613311,4.1967613242377411e-06,2.5499999999999865,,
510,0.0040000000000000001,301.46834467979983,301.46834085388861,3.8259112216110225e-06,2.5499999999996708,,
510,0.0050000000000000001,301.49240657772538,301.49240323118892,3.3465364595031133e-06,2.5499999999931342,,
510,0.0060000000000000001,301.52248408835732,301.52248133021953,2.758137782166159e-06,2.5499999998784006,,
510,0.0070000000000000001,301.55896932890522,301.55896726707863,2.0618265921257262e-06,2.5499999981810499,,
510,0.0080000000000000002,301.60231641237243,301.60231515085405,1.2615183777597849e-06,2.5499999771080928,,
510,0.0090000000000000011,301.65303564177128,301.65303527630641,3.6546487081068335e-07,2.5499997581461478,,
510,0.01,301.71168624848696,301.71168686026891,-6.1178195664979285e-07,2.5499978573587554,,
510,0.010999999999999999,301.77886797893956,301.77886962618828,-1.6472487232022104e-06,2.549984086860849,,
510,0.012,301.85521251055479,301.85521521950898,-2.7089541845271015e-06,2.5499008740823546,,
510,0.013000000000000001,301.94137674567196,301.94138050646905,-3.7607970853059669e-06,2.5494814415014329,,
510,0.014,302.03804136247038,302.03804613977564,-4.7773052642696712e-06,2.5477168182350014,,
510,0.014999999999999999,302.14591908220365,302.14592484990925,-5.7677056020111195e-06,2.5415101718253585,,
510,0.016,302.26577698587039,302.26578378318339,-6.7973130057907838e-06,2.5232016887458988,,
510,0.017000000000000001,302.39847479982046,302.39848278748485,-7.9876643894749577e-06,2.4776520202651775,,
510,0.018000000000000002,302.5450159717372,302.5450254592713,-9.4875341005717928e-06,2.3812012369500639,,
510,0.019,302.70660177950384,302.70661319680283,-1.1417298992455471e-05,2.2050048366309007,,
510,0.02,302.88467353372164,302.88468737033458,-1.3836612936302117e-05,1.9217018513596016,,
520,0,301.44428280096707,301.44427818109966,4.6198674112929439e-06,2.5499999999999998,,
520,0.001,301.44691640593976,301.44691183618147,4.5697582891079946e-06,2.5499999999999998,,
520,0.002,301.45485378106366,301.45484937243583,4.4086278307986504e-06,2.5499999999999989,,
520,0.0030000000000000001,301.46820429840074,301.46820015913096,4.1392697767150821e-06,2.5499999999999763,,
520,0.0040000000000000001,301.48714917792461,301.48714541679749,3.7611271181958728e-06,2.549999999999454,,
520,0.0050000000000000001,301.51193979442036,301.51193652035221,3.2740681490395218e-06,2.5499999999892573,,
520,0.0060000000000000001,301.54289513423981,301.54289245505208,2.6791877303367073e-06,2.5499999998196397,,
520,0.0070000000000000001,301.58039827210348,301.5803962922094,1.9798940797954856e-06,2.5499999974338219,,
520,0.0080000000000000002,301.62489178179618,301.62489059849219,1.1833039934572298e-06,2.5499999691755213,,
520,0.0090000000000000011,301.67687213269443,301.67687183092755,3.0176687459970708e-07,2.5499996880956095,,
520,0.01,301.73688340440003,301.73688405050075,-6.461007160396548e-07,2.5499973442158916,,
520,0.010999999999999999,301.80551111171968,301.80551274787456,-1.6361548773602408e-06,2.5499809758908865,,
520,0.012,301.88337755859811,301.88338020156453,-2.6429664217175741e-06,2.549885296253823,,
520,0.013000000000000001,301.97114081232928,301.97114446099812,-3.6486688372860954e-06,2.5494171336798295,,
520,0.014,302.06949983742112,302.0695044926656,-4.6552444814551563e-06,2.5474983357140193,,
520,0.014999999999999999,302.1792081508018,302.17921384660241,-5.6958006098284386e-06,2.54090017338505,,
520,0.016,302.30109716388,302.30110400174146,-6.8378614628272771e-06,2.5218034146389994,,
520,0.017000000000000001,302.43610802758207,302.43611620156241,-8.1739803476921225e-06,2.4750213139962534,,
520,0.018000000000000002,302.58532768337517,302.5853374826799,-9.7993047347699758e-06,2.3771410435850484,,
520,0.019,302.75002192275872,302.75003370465805,-1.1781899331708701e-05,2.1998827108751327,,
520,0.02,302.93165686221903,302.93167101606667,-1.4153847644138295e-05,1.9164934580474975,,
530,0,301.46232719221518,301.46232263236362,4.5598515612255142e-06,2.5499999999999998,,
530,0.001,301.4650424351828,301.46503792655511,4.5086276827532856e-06,2.5499999999999994,,
530,0.002,301.4732240475447,301.47321970321002,4.3443346839922015e-06,2.549999999999998,,
530,0.0030000000000000001,301.48697932496174,301.48697525467895,4.070282784596202e-06,2.549999999999959,,
530,0.0040000000000000001,301.5064858829839,301.50648219611639,3.6868675010737206e-06,2.5499999999991121,,
530,0.0050000000000000001,301.53198978673765,301.53198659127844,3.1954592145666538e-06,2.5499999999834588,,
530,0.0060000000000000001,301.56380284925928,301.56380024994309,2.5993161898441031e-06,2.5499999997362495,,
530,0.0070000000000000001,301.60229908548877,301.60229718083667,1.904652094708581e-06,2.5499999964240696,,
530,0.0080000000000000002,301.64791041461581,301.64790929298192,1.1216338862141129e-06,2.5499999589337223,,
530,0.0090000000000000011,301.70112190003704,301.70112163520969,2.6482734938326757e-07,2.5499996013863866,,
530,0.01,301.76246711345283,301.76246776108604,-6.4763321461214218e-07,2.5499967331416653,,
530,0.010999999999999999,301.83252458511731,301.83252618202772,-1.5969104083524144e-06,2.5499773992058903,,
530,0.012,301.91191667933128,301.91191924805281,-2.5687215270409069e-06,2.5498679436677518,,
530,0.013000000000000001,302.00131247076826,302.00131603113499,-3.560366735655407e-06,2.5493474786323005,,
530,0.014,302.10143610195098,302.10144068959909,-4.587648106735287e-06,2.5472673876061593,,
530,0.014999999999999999,302.21308149373942,302.21308718243233,-5.6886929087340832e-06,2.5402685832774989,,
530,0.016,302.33713308285036,302.33714000463357,-6.9217832106005517e-06,2.5203800024733614,,
530,0.017000000000000001,302.47459060295967,302.47459895882008,-8.3558604160316463e-06,2.4723784424126469,,
530,0.018000000000000002,302.62659418967002,302.62660424414753,-1.0054477513676829e-05,2.373100528342122,,
530,0.019,302.79444483813012,302.79445689562925,-1.2057499134243699e-05,2.1948148502750366,,
530,0.02,302.97961504095025,302.97962942298909,-1.4382038841631584e-05,1.9113506072808772,,
540,0,301.48091804693115,301.48091355965522,4.4872759303871135e-06,2.5499999999999998,,
540,0.001,301.48371332062482,301.48370888533248,4.4352923396218102e-06,2.5499999999999998,,
540,0.002,301.4921342757105,301.49213000673177,4.2689787278504809e-06,2.5499999999999967,,
540,0.0030000000000000001,301.50628593789418,301.50628194551956,3.99237461579105e-06,2.5499999999999297,,
540,0.0040000000000000001,301.52634208317784,301.52633847604096,3.6071368754164723e-06,2.549999999998581,,
540,0.0050000000000000001,301.55254333888774,301.55254022247527,3.1164124720817199e-06,2.5499999999749181,,
540,0.0060000000000000001,301.5851945579177,301.58519203231685,2.5256008484575432e-06,2.5499999996194389,,
540,0.0070000000000000001,301.62466157368044,301.62465973067594,1.8430044974593329e-06,2.5499999950748871,,
540,0.0080000000000000002,301.67136757470359,301.67136649464067,1.0800629297591513e-06,2.5499999458374076,,
540,0.0090000000000000011,301.72578952895185,301.72578927820064,2.5075121357076569e-07,2.5499994949240801,,
540,0.01,301.7884553215128,301.78845595177137,-6.3025856888998533e-07,2.5499960103055459,,
540,0.010999999999999999,301.85994249935294,301.85994405020625,-1.550853312437539e-06,2.5499733092820325,,
540,0.012,301.94087966534255,301.94088217120981,-2.5058672576960817e-06,2.5498486961165034,,
540,0.013000000000000001,302.03195152944352,302.03195503114654,-3.5017030199924193e-06,2.5492722741608156,,
540,0.014,302.13390831004125,302.13391286974445,-4.5597031999022875e-06,2.5470238276856638,,
540,0.014999999999999999,302.24757953047583,302.2475852470202,-5.7165443649864756e-06,2.5396156493816142,,
540,0.016,302.37389131348681,302.37389833390262,-7.0204158078013279e-06,2.5189323288131726,,
540,0.017000000000000001,302.51388519786849,302.51389372055371,-8.5226852206687909e-06,2.4697244786125516,,
540,0.018000000000000002,302.66873555211043,302.66874581837197,-1.0266261540436972e-05,2.3690798961601636,,
540,0.019,302.8397621486157,302.83977442206304,-1.2273447339339327e-05,2.1897999927562304,,
540,0.02,303.02843457710139,303.02844919285286,-1.4615751467772498e-05,1.9062713935387088,,
550,0,301.50004410118106,301.50003969548578,4.4056952788196213e-06,2.5499999999999998,,
550,0.001,301.50291769090694,301.502913338111,4.3527959405764705e-06,2.5499999999999998,,
550,0.002,301.5115728294457,301.51156864324582,4.1861998738568218e-06,2.5499999999999949,,
550,0.0030000000000000001,301.52611225826797,301.52610834822929,3.9100386857171543e-06,2.5499999999998844,,
550,0.0040000000000000001,301.54670599501276,301.5467024678133,3.5271994534014084e-06,2.5499999999977669,,
550,0.0050000000000000001,301.57358956299777,301.57358652066881,3.0423289558711986e-06,2.549999999962512,,
550,0.0060000000000000001,301.60706165106154,301.60705918880524,2.4622563046250434e-06,2.5499999994578268,,
550,0.0070000000000000001,301.64748140076665,301.64747960462876,1.7961378944164608e-06,2.5499999932913355,,
550,0.0080000000000000002,301.69526564311769,301.69526458804978,1.0550679121479334e-06,2.5499999292430364,,
550,0.0090000000000000011,301.7508865573775,301.75088630647303,2.5090446342801442e-07,2.5499993652073885,,
550,0.01,301.81487037338889,301.81487097921263,-6.0582374317164067e-07,2.5499951606641238,,
550,0.010999999999999999,301.88779784143622,301.88779935027304,-1.5088368172655464e-06,2.5499686563250301,,
550,0.012,301.97030719194379,301.97030965144671,-2.4595029231022636e-06,2.5498274322058863,,
550,0.013000000000000001,302.0631001384175,302.0631036085648,-3.4701473055065435e-06,2.5491913244858377,,
550,0.014,302.16695106552106,302.16695563092156,-4.5654005020878685e-06,2.5467675281726816,,
550,0.014999999999999999,302.28271868081993,302.28272445780192,-5.7769819932218525e-06,2.5389416351508891,,
550,0.016,302.41135736328306,302.41136450208091,-7.1387978550774278e-06,2.5174612499954048,,
550,0.017000000000000001,302.5539208367864,302.55392952442918,-8.6876427758397767e-06,2.4670604368017908,,
550,0.018000000000000002,302.71154393108372,302.7115543086403,-1.0377556577623182e-05,2.3650793160216983,,
550,0.019,302.88538671035525,302.88539867967984,-1.1969324589244934e-05,2.1848369203122959,,
550,0.02,303.0765442929428,303.07655750952807,-1.3216585273312376e-05,1.9012539569909541,,
560,0,301.51969379040401,301.51968947254727,4.3178567352697428e-06,2.5499999999999998,,
560,0.001,301.52264401199733,301.52263974659729,4.265400036729261e-06,2.5499999999999998,,
560,0.002,301.53152832857126,301.53152422818965,4.1003816022566753e-06,2.5499999999999905,,
560,0.0030000000000000001,301.54644736709298,301.54644353951494,3.827578041182278e-06,2.5499999999998111,,
560,0.0040000000000000001,301.56756776107915,301.56756431027935,3.4507997952459846e-06,2.549999999996543,,
560,0.0050000000000000001,301.59512063131353,301.59511765567311,2.9756404273939552e-06,2.5499999999447316,,
560,0.0060000000000000001,301.62939966963376,301.62939726009233,2.4095414232760959e-06,2.5499999992368316,,
560,0.0070000000000000001,301.67075907052055,301.67075730901541,1.7615051319808117e-06,2.549999990957303,,
560,0.0080000000000000002,301.71961165741072,301.71961061613291,1.0412778124191391e-06,2.5499999083970324,,
560,0.0090000000000000011,301.77642765098136,301.77642739309323,2.5788813218241557e-07,2.5499992082998006,,
560,0.01,301.84173459558457,301.84173517792442,-5.8233985100741847e-07,2.5499941679374039,,
560,0.010999999999999999,301.91611894881032,301.91612042667447,-1.4778641457269259e-06,2.5499633883651129,,
560,0.012,302.00022966681058,302.00023210075631,-2.4339457240785123e-06,2.5498040297091973,,
560,0.013000000000000001,302.09478365238272,302.09478711794492,-3.465562201654393e-06,2.5491044405681995,,
560,0.014,302.20057199883382,302.20057659835396,-4.5995201389814611e-06,2.5464983790354365,,
560,0.014999999999999999,302.31846445608039,302.31847032282099,-5.8667405937740114e-06,2.5382468177384152,,
560,0.016,302.4494077647837,302.44941504236226,-7.2775785611156607e-06,2.5159676016958188,,
560,0.017000000000000001,302.59441260608355,302.59442139039186,-8.7843083065308747e-06,2.4643872756245617,,
560,0.018000000000000002,302.75452575598121,302.75453602674429,-1.0270763084463397e-05,2.3610989243356788,,
560,0.019,302.93078983059303,302.93080144903479,-1.1618441760674614e-05,2.1799244570952765,,
560,0.02,303.12420111182877,303.12421390849994,-1.2796671171599883e-05,1.8962965730519541,,
570,0,301.53985617830062,301.53985194917368,4.2291269437555457e-06,2.5499999999999998,,
570,0.001,301.54288150829154,301.54287733062682,4.1776647208280338e-06,2.5499999999999994,,
570,0.002,301.55199052968493,301.55198651388969,4.0157952412300801e-06,2.5499999999999847,,
570,0.0030000000000000001,301.56728206607261,301.56727831738692,3.74868568542297e-06,2.549999999999697,,
570,0.0040000000000000001,301.58891994512339,301.58891656449794,3.3806254577939399e-06,2.5499999999947236,,
570,0.0050000000000000001,301.61713180089237,301.61712888337377,2.9175186000429676e-06,2.549999999919569,,
570,0.0060000000000000001,301.6522076409949,301.65220527435639,2.3666385118303879e-06,2.5499999989379658,,
570,0.0070000000000000001,301.69449843144571,301.69449669539409,1.7360516153530625e-06,2.5499999879320274,,
570,0.0080000000000000002,301.74441502011666,301.74441398647815,1.0336385116715974e-06,2.5499998824233998,,
570,0.0090000000000000011,301.80242775672684,301.80242749107464,2.6565220423435676e-07,2.5499990198018243,,
570,0.01,301.86906713291222,301.86906769813879,-5.6522657132518361e-07,2.549993014590497,,
570,0.010999999999999999,301.9449256024256,301.94492706453292,-1.4621073205489665e-06,2.5499574513604086,,
570,0.012,302.03066038289165,302.03066281828603,-2.43539437860818e-06,2.5497783659091304,,
570,0.013000000000000001,302.12699644816695,302.12699994958183,-3.5014148807022138e-06,2.5490114403786239,,
570,0.014,302.2347281543781,302.23473282967416,-4.6752960543017252e-06,2.5462162872778338,,
570,0.014999999999999999,302.35471724698908,302.35472320569647,-5.9587073906186561e-06,2.5375314862653062,,
570,0.016,302.48788483095495,302.48789215994663,-7.3289916713292769e-06,2.5144521986361656,,
570,0.017000000000000001,302.63519577849274,302.63520451453678,-8.736044037505053e-06,2.4617059012850437,,
570,0.018000000000000002,302.79763620973506,302.79764632221008,-1.0112475024470768e-05,2.3571388279791372,,
570,0.019,302.97618762175637,302.97619901964163,-1.139788525961194e-05,2.1750614670909862,,
570,0.02,303.17180369752555,303.17181626834247,-1.25708169207428e-05,1.8913976043558094,,
580,0,301.56052172970504,301.56051758606861,4.1436364313085505e-06,2.5500000000000003,,
580,0.001,301.56362089804992,301.56361680449663,4.0935532865660207e-06,2.5499999999999989,,
580,0.002,301.57295094116239,301.57294700527649,3.9358858998639334e-06,2.5499999999999741,,
580,0.0030000000000000001,301.58860926919715,301.58860559329167,3.6759054751200892e-06,2.5499999999995207,,
580,0.0040000000000000001,301.61075757768714,301.61075425975639,3.3179307479258568e-06,2.5499999999920591,,
580,0.0050000000000000001,301.63962098728109,301.63961811965959,2.8676215038103692e-06,2.549999999884387,,
580,0.0060000000000000001,301.67548707621478,301.67548474470476,2.3315100179388537e-06,2.5499999985380231,,
580,0.0070000000000000001,301.71870502490503,301.71870330870428,1.7162007566184911e-06,2.5499999840462859,,
580,0.0080000000000000002,301.76968511365226,301.76968408644103,1.0272112263010058e-06,2.5499998503109129,,
580,0.0090000000000000011,301.82889878141418,301.82889851388029,2.6753389192890609e-07,2.5499987948243614,,
580,0.01,301.89687933450591,301.89687989823676,-5.6373085044469917e-07,2.5499916818217101,,
580,0.010999999999999999,301.97422316213778,301.97422463408003,-1.4719422551934258e-06,2.5499507893092952,,
580,0.012,302.06159096943611,302.06159343514332,-2.4657072117406642e-06,2.5497503179266001,,
580,0.013000000000000001,302.15970813005777,302.15971168318572,-3.5531279536371585e-06,2.5489121491130624,,
580,0.014,302.26936291737542,302.26936765313599,-4.7357605694742233e-06,2.5459211762059142,,
580,0.014999999999999999,302.39140129027129,302.39140729281314,-6.002541852012655e-06,2.5367959402147759,,
580,0.016,302.52671728817955,302.52672461499452,-7.3268149662908399e-06,2.5129158344287772,,
580,0.017000000000000001,302.67623901913714,302.67624768750926,-8.6683721178815176e-06,2.4590171705104353,,
580,0.018000000000000002,302.84091155841384,302.84092153977639,-9.9813625524802774e-06,2.3531991070627414,,
580,0.019,303.02167940166817,303.02169062768706,-1.1226018898469192e-05,2.1702468531369297,,
580,0.02,303.21947186578353,303.21948425663459,-1.2390851054533414e-05,1.8865554772080546,,
590,0,301.58168278885523,301.58167872438355,4.0644716818860616e-06,2.5499999999999994,,
590,0.001,301.58485482365893,301.58485080770549,4.0159534364647698e-06,2.5499999999999972,,
590,0.002,301.59440310762795,301.59439924467517,3.8629527807643171e-06,2.5499999999999572,,
590,0.0030000000000000001,301.61042403972937,301.61042042913937,3.6105899994254287e-06,2.5499999999992538,,
590,0.0040000000000000001,301.63307784058361,301.63307457777108,3.2628125268274744e-06,2.5499999999882053,,
590,0.0050000000000000001,301.6625879900264,301.66258516549647,2.8245299290574621e-06,2.5499999998357556,,
590,0.0060000000000000001,301.69924063133789,301.69923833035506,2.3009828282738454e-06,2.5499999980081394,,
590,0.0070000000000000001,301.74338409607719,301.74338239920382,1.6968733689282089e-06,2.5499999790982359,,
590,0.0080000000000000002,301.79542868448402,301.79542766911686,1.0153671610169113e-06,2.5499998108998678,,
590,0.0090000000000000011,301.85584676178257,301.85584650455911,2.5722346208567615e-07,2.5499985279631714,,
590,0.01,301.9251730891412,301.9251736686806,-5.7953940313382191e-07,2.549990149556272,,
590,0.010999999999999999,302.00400510390398,302.00400660287113,-1.4989671512921632e-06,2.5499433443690593,,
590,0.012,302.09300262842555,302.09300513360739,-2.505181839751458e-06,2.5497197630345938,,
590,0.013000000000000001,302.1928862859674,302.19288988514882,-3.5991814115732268e-06,2.548806399361593,,
590,0.014,302.30443382885665,302.3044386040703,-4.7752136538292689e-06,2.5456129846909668,,
590,0.014999999999999999,302.42847373386036,302.42847975196241,-6.0181020558047749e-06,2.5360404879536849,,
590,0.016,302.5658758456533,302.56588314844896,-7.3027956659643678e-06,2.5113592815277612,,
590,0.017000000000000001,302.71753951390446,302.71754811085231,-8.5969478504921426e-06,2.4563218933290596,,
590,0.018000000000000002,302.88438042205524,302.88439028855294,-9.86649769174619e-06,2.349279817429466,,
590,0.019,303.06731790703941,303.0673289895945,-1.1082555090524693e-05,2.1654795559038669,,
590,0.02,303.26726476785501,303.26727700761398,-1.2239758973464632e-05,1.8817686845776349,,
600,0,301.60333372496251,301.60332973155795,3.993404561697389e-06,2.5499999999999998,,
600,0.001,301.60657794712228,301.60657400069374,3.9464285350732098e-06,2.5499999999999958,,
600,0.002,301.61634255519317,301.61633875724976,3.797943406880222e-06,2.549999999999931,,
600,0.0030000000000000001,301.63272328626493,301.63271973357769,3.5526872466107307e-06,2.5499999999988536,,
600,0.0040000000000000001,301.65587942280087,301.65587620889653,3.2139043355527974e-06,2.5499999999827008,,
600,0.0050000000000000001,301.68603344641525,301.68603066099803,2.7854172230945551e-06,2.5499999997692608,,
600,0.0060000000000000001,301.72347067813519,301.7234684071243,2.2710108851242694e-06,2.549999997312733,,
600,0.0070000000000000001,301.76853898598762,301.76853731226367,1.6737239434405637e-06,2.5499999728489193,,
600,0.0080000000000000002,301.82164860041229,301.82164760518231,9.95229981981538e-07,2.5499997628685303,,
600,0.0090000000000000011,301.88327199557477,301.88327176003253,2.3554224526378675e-07,2.549998213274713,,
600,0.01,301.95394367346375,301.95394428016186,-6.0669810864055762e-07,2.5499883964458472,,
600,0.010999999999999999,302.03425954544963,302.03426107861577,-1.5331661415984854e-06,2.5499350569802433,,
600,0.012,302.12487547758229,302.12487802163093,-2.5440486410843732e-06,2.5496865789563143,,
600,0.013000000000000001,302.22650450020734,302.22650813600751,-3.6358001693770348e-06,2.5486940312330604,,
600,0.014,302.33991223107626,302.3399170301555,-4.7990792495511414e-06,2.5452916664307934,,
600,0.014999999999999999,302.46591025926591,302.46591627692021,-6.0176543001944083e-06,2.5352654453709298,,
600,0.016,302.60534758206893,302.6053548509874,-7.2689184662522166e-06,2.5097832912752986,,
600,0.017000000000000001,302.75910062257532,302.75910914884878,-8.5262734614843794e-06,2.4536208356864657,,
600,0.018000000000000002,302.92806277570241,302.92807253875532,-9.7630529012349143e-06,2.3453809929452714,,
600,0.019,303.11313470406054,303.11314566063436,-1.0956573817111348e-05,2.1607585522942929,,
600,0.02,303.31521749513547,303.31522872145183,-1.1226316360080091e-05,1.8770357830030928,,
610,0,301.6254707465722,301.62546681722819,3.9293440181609185e-06,2.5499999999999994,,
610,0.001,301.62878671864871,301.62878283386436,3.8847843484290934e-06,2.5499999999999936,,
610,0.002,301.63876642785664,301.63876268772231,3.7401343320198066e-06,2.549999999999891,,
610,0.0030000000000000001,301.65550519945816,301.65550169877929,3.5006788721148041e-06,2.549999999998263,,
610,0.0040000000000000001,301.67916173317121,301.67915856431222,3.1688589956502256e-06,2.5499999999749297,,
610,0.0050000000000000001,301.70995787833624,301.70995513091844,2.747417795490037e-06,2.5499999996792755,,
610,0.0060000000000000001,301.74817837733394,301.74817613840833,2.2389256173482863e-06,2.5499999964083022,,
610,0.0070000000000000001,301.79417059677513,301.79416895146039,1.6453147395623091e-06,2.5499999650174412,,
610,0.0080000000000000002,301.84834422114415,301.84834325354763,9.6759652024047682e-07,2.5499997047193328,,
610,0.0090000000000000011,301.91117081303395,301.91117060710798,2.0592597138602287e-07,2.5499978442535274,,
610,0.01,301.98318305718141,301.98318369703662,-6.398552159225801e-07,2.5499863998736281,,
610,0.010999999999999999,302.06497342126812,302.06497499041296,-1.5691448425059207e-06,2.5499258659953643,,
610,0.012,302.15719191279504,302.15719449178283,-2.578987789547682e-06,2.5496506441468374,,
610,0.013000000000000001,302.26054262566606,302.26054628771328,-3.6620472201320808e-06,2.5485748924394573,,
610,0.014,302.37577893342694,302.37578373880496,-4.8053780119516887e-06,2.5449571892150695,,
610,0.014999999999999999,302.50369782842887,302.50370382082457,-5.9923956996499328e-06,2.5344711346264877,,
610,0.016,302.64513618917243,302.64514338878382,-7.1996113888417312e-06,2.508188594027597,,
610,0.017000000000000001,302.80097787700254,302.80098628613143,-8.4091288954368792e-06,2.4509147219059635,,
610,0.018000000000000002,302.97219036434211,302.97220010966049,-9.7453183798279497e-06,2.3415026476054006,,
610,0.019,303.15991173321038,303.15992329345193,-1.1560241546249017e-05,2.1560828537195516,,
610,0.02,303.36558051925255,303.36559470172756,-1.4182475013058138e-05,1.8723547562501675,,
620,0,301.64809145631631,301.64808758296203,3.8733542737645621e-06,2.549999999999998,,
620,0.001,301.65147890381735,301.6514750740177,3.8297996525216149e-06,2.5499999999999892,,
620,0.002,301.66167294264631,301.66166925464478,3.6880015272799938e-06,2.5499999999998284,,
620,0.0030000000000000001,301.67876862404711,301.67876517128201,3.4527650996096781e-06,2.5499999999974023,,
620,0.0040000000000000001,301.70292423566821,301.70292110987276,3.1257954447028169e-06,2.5499999999640823,,
620,0.0050000000000000001,301.73436111493311,301.7343584059775,2.708955605612573e-06,2.5499999995586951,,
620,0.0060000000000000001,301.77336339278582,301.77336118882181,2.2039640157345275e-06,2.5499999952420898,,
620,0.0070000000000000001,301.82027764513106,301.8202760329624,1.6121686599035456e-06,2.5499999552758137,,
620,0.0080000000000000002,301.87551238965466,301.87551145510582,9.345488365397614e-07,2.5499996347649363,,
620,0.0090000000000000011,301.93953731525994,301.93953714320685,1.7205309177370509e-07,2.5499974138113619,,
620,0.01,302.01288208576187,302.01288275953357,-6.7377169443716411e-07,2.5499841359649151,,
620,0.010999999999999999,302.0961345561164,302.09613615618156,-1.6000651612557704e-06,2.5499157088110342,,
620,0.012,302.18993836354554,302.1899409650257,-2.6014801619567152e-06,2.5496118380576114,,
620,0.013000000000000001,302.29499027999134,302.29499394713457,-3.6671432326329523e-06,2.5484488383428183,,
620,0.014,302.41203869964454,302.41204347766961,-4.7780250724827056e-06,2.5446095341978703,,
620,0.014999999999999999,302.54188637744875,302.5418922937281,-5.9162793490941112e-06,2.533657883004,,
620,0.016,302.68540265173692,302.68540975146118,-7.099724257386697e-06,2.5065758993499303,,
620,0.017000000000000001,302.84355127247682,302.84355970069851,-8.4282216903375229e-06,2.4482042370069328,,
620,0.018000000000000002,303.01743693702139,303.01744700633793,-1.0069316545013862e-05,2.3376447774603593,,
620,0.019,303.20836491373046,303.20837708276508,-1.216903461909169e-05,2.1514515005810151,,
620,0.02,303.41789643250542,303.41791124116355,-1.4808658136189479e-05,1.8677243616829311,,
630,0,301.67119429704411,301.67119047466178,3.8223823253247247e-06,2.5499999999999976,,
630,0.001,301.67465302660315,301.67464924709316,3.7795099956383638e-06,2.5499999999999821,,
630,0.002,301.68506083323524,301.68505719360951,3.6396257314663671e-06,2.5499999999997347,,
630,0.0030000000000000001,301.70251253457712,301.70250912742381,3.4071533150381583e-06,2.5499999999961633,,
630,0.0040000000000000001,301.72716602789905,301.72716294464357,3.0832554784865351e-06,2.5499999999490996,,
630,0.0050000000000000001,301.75924208212956,301.75923941290279,2.6692267738326336e-06,2.5499999993986244,,
630,0.0060000000000000001,301.79902401779333,301.79902185141964,2.1663736902155506e-06,2.5499999937505859,,
630,0.0070000000000000001,301.84685723263215,301.84685565665711,1.5759750340293976e-06,2.5499999432435034,,
630,0.0080000000000000002,301.90314851017354,301.90314761075246,8.9942108161267242e-07,2.5499995511142135,,
630,0.0090000000000000011,301.9683650460986,301.96836490742879,1.3866980452803546e-07,2.549996914258025,,
630,0.01,302.04303318078422,302.04303388356846,-7.0278423436320736e-07,2.5499815796026235,,
630,0.010999999999999999,302.12773699933524,302.12773861781579,-1.6184805531338498e-06,2.5499045215021239,,
630,0.012,302.22311733322459,302.22311993136964,-2.5981450448853138e-06,2.5495700413839146,,
630,0.013000000000000001,302.32987232229834,302.32987595246664,-3.6301682939665625e-06,2.5483157319700536,,
630,0.014,302.44876149690504,302.44876620758964,-4.7106846068345476e-06,2.5442486951839376,,
630,0.014999999999999999,302.58061598837867,302.58062184663072,-5.8582520523486892e-06,2.5328260218609322,,
630,0.016,302.72635734339104,302.72636447078878,-7.1273977368946362e-06,2.5049458962645379,,
630,0.017000000000000001,302.88702580140915,302.8870344094683,-8.6080591472637025e-06,2.4454900288816606,,
630,0.018000000000000002,303.06381553786883,303.06382593721935,-1.0399350514944672e-05,2.3338073623376969,,
630,0.019,303.25811005143072,303.25812262540308,-1.2573972355767182e-05,2.1468635515244832,,
630,0.02,303.47150756080435,303.47152272951581,-1.5168711456681194e-05,1.8631435339761648,,
640,0,301.69477803810025,301.69477426358822,3.7745120380350272e-06,2.5499999999999945,,
640,0.001,301.69830787035448,301.69830413829499,3.7320594969969534e-06,2.5499999999999714,,
640,0.002,301.70892890043842,301.70892530708915,3.5933492767981079e-06,2.5499999999995966,,
640,0.0030000000000000001,301.72673568459356,301.72673232202226,3.3625713058427209e-06,2.5499999999943976,,
640,0.0040000000000000001,301.75188565679997,301.75188261621412,3.0405858524318319e-06,2.5499999999286138,,
640,0.0050000000000000001,301.7845988723551,301.78459624391758,2.6284375280738459e-06,2.5499999991880262,,
640,0.0060000000000000001,301.82515761500213,301.82515548760074,2.1274013874972297e-06,2.5499999918578942,,
640,0.0070000000000000001,301.87390584330313,301.87390430413745,1.5391656802421494e-06,2.549999928481673,,
640,0.0080000000000000002,301.93124847296207,301.93124760670804,8.662540267323493e-07,2.5499994516582682,,
640,0.0090000000000000011,301.99765055943448,301.9976504467827,1.1265177590757958e-07,2.54999633728427,,
640,0.01,302.0736365910613,302.07363730674933,-7.1568803150512394e-07,2.549978704447871,,
640,0.010999999999999999,302.15979035391501,302.15979196517219,-1.6112571756821126e-06,2.5498922389574923,,
640,0.012,302.2567561809463,302.2567587483897,-2.5674434027678217e-06,2.5495251362947635,,
640,0.013000000000000001,302.36524277624443,302.36524636006374,-3.5838193070958368e-06,2.5481754439963664,,
640,0.014,302.48603103831692,302.48603571174374,-4.6734268153159064e-06,2.5438746779272434,,
640,0.014999999999999999,302.61998713612439,302.61999300509615,-5.8689717548077169e-06,2.5319758856684418,,
640,0.016,302.76808126488777,302.76808848891392,-7.224026148833218e-06,2.5032992535488825,,
640,0.017000000000000001,302.93141094664304,302.93141975186836,-8.8052253204295994e-06,2.4427727103518566,,
640,0.018000000000000002,303.11122570181362,303.11123637717628,-1.0675362659640086e-05,2.3299903672213196,,
640,0.019,303.30894805433871,303.30896092819597,-1.2873857258455246e-05,2.1423180916797482,,
640,0.02,303.52618500918919,303.52620042709111,-1.5417901920500299e-05,1.8586111217706376,,
650,0,301.71884139340938,301.71883766522586,3.7281835147950915e-06,2.5499999999999914,,
650,0.001,301.72244212026249,301.72243843427373,3.6859887586615514e-06,2.5499999999999541,,
650,0.002,301.73327573186953,301.73327218385003,3.5480194924275565e-06,2.5499999999993919,,
650,0.0030000000000000001,301.75143646922794,301.75143315083841,3.3183895311594824e-06,2.5499999999919107,,
650,0.0040000000000000001,301.77708121521607,301.77707821728728,2.9979287887726969e-06,2.5499999999008738,,
650,0.0050000000000000001,301.81042921067638,301.8104266228425,2.5878338760776387e-06,2.5499999989133033,,
650,0.0060000000000000001,301.85176165487542,301.85175956500052,2.0898748971376335e-06,2.5499999894739229,,
650,0.0070000000000000001,301.90142121877972,301.90141971210033,1.5066793821461033e-06,2.5499999104871649,,
650,0.0080000000000000002,301.95981155883356,301.95981071680859,8.4202497419028077e-07,2.5499993340565665,,
650,0.0090000000000000011,302.02739702550622,302.0273969246187,1.0088751878356561e-07,2.5499956739466549,,
650,0.01,302.10470292164365,302.10470363282963,-7.1118597588792909e-07,2.5499754829650412,,
650,0.010999999999999999,302.1923168678058,302.19231845766279,-1.589856992723071e-06,2.5498787950160384,,
650,0.012,302.29089202823809,302.29089456340006,-2.5351619683533499e-06,2.5494770066456183,,
650,0.013000000000000001,302.40115305291812,302.4011566085731,-3.5556549846660346e-06,2.5480278527022269,,
650,0.014,302.5239054778188,302.52391015000291,-4.6721841044927714e-06,2.5434874994474064,,
650,0.014999999999999999,302.66004888330718,302.66005480266762,-5.9193604329266236e-06,2.5311078111358891,,
650,0.016,302.8105932958353,302.81060063872962,-7.3428943210274156e-06,2.5016366200709443,,
650,0.017000000000000001,302.97667722257262,302.97668621441477,-8.9918421508627944e-06,2.4400528611008054,,
650,0.018000000000000002,303.15958458754267,303.15959549449769,-1.0906955026257492e-05,2.3261937432998545,,
650,0.019,303.36075706809083,303.36077017623103,-1.310814019461759e-05,2.1378142402754192,,
650,0.02,303.58179828311745,303.58181388543375,-1.5602316295826313e-05,1.8541259916379864,,
660,0,301.74338283657755,301.74337915406596,3.6825115898864169e-06,2.5499999999999865,,
660,0.001,301.74705421385954,301.74705057331681,3.6405427294994297e-06,2.5499999999999283,,
660,0.002,301.75809966398822,301.75809616070342,3.503284801809059e-06,2.5499999999990957,,
660,0.0030000000000000001,301.77661308995374,301.77660981498502,3.2749687193245336e-06,2.5499999999884428,,
660,0.0040000000000000001,301.80275081895769,301.80274786226897,2.9566887178589241e-06,2.5499999998636587,,
660,0.0050000000000000001,301.83673135482485,301.83672880471198,2.5501128675387008e-06,2.5499999985578419,,
660,0.0060000000000000001,301.87883508313587,301.87883302545993,2.0576759425239288e-06,2.5499999864924279,,
660,0.0070000000000000001,301.92940401712008,301.92940253443112,1.4826889582764124e-06,2.5499998886862225,,
660,0.0080000000000000002,301.98884174678074,301.98884091755872,8.2922201727342326e-07,2.5499991957232648,,
660,0.0090000000000000011,302.05761385751316,302.05761375597837,1.0153479479413363e-07,2.5499949146545089,,
660,0.01,302.13624920670884,302.13624990387842,-6.9716958250864991e-07,2.5499718864511078,,
660,0.010999999999999999,302.22534255911552,302.22534412586788,-1.5667523598494881e-06,2.5498641226023531,,
660,0.012,302.32555913565028,302.32556164835017,-2.5126998934865696e-06,2.5494255381738635,,
660,0.013000000000000001,302.4376415633896,302.43764511200288,-3.5486132787809765e-06,2.5478728439061435,,
660,0.014,302.56241946698498,302.56242416462686,-4.6976418843769352e-06,2.5430871873649394,,
660,0.014999999999999999,302.70082148460358,302.70082747638844,-5.9917848602708546e-06,2.5302221364139892,,
660,0.016,302.85388885560803,302.85389632389973,-7.4682916988422221e-06,2.4999586251562134,,
660,0.017000000000000001,303.02278902149175,303.02279818461375,-9.1631220016097359e-06,2.4373310294840107,,
660,0.018000000000000002,303.2088270842674,303.20883818676663,-1.1102499229309615e-05,2.3224174290994224,,
660,0.019,303.41345268288416,303.41346597737441,-1.3294490258886071e-05,2.1333511495751587,,
660,0.02,303.63826000295325,303.63827578205257,-1.5779099328483426e-05,1.8496870423306924,,
670,0,301.76840068455704,301.76839704508001,3.6394770290826273e-06,2.549999999999979,,
670,0.001,301.77214246674521,301.7721388704116,3.5963336131317192e-06,2.5499999999998897,,
670,0.002,301.78339903225418,301.7833955720555,3.4601986840243626e-06,2.5499999999986707,,
670,0.0030000000000000001,301.80226400074474,301.80226076668754,3.2340572033717763e-06,2.549999999983656,,
670,0.0040000000000000001,301.82889328395669,301.82889036461643,2.9193402610871999e-06,2.5499999998141698,,
670,0.0050000000000000001,301.86350495001142,301.86350243187434,2.5181370801874436e-06,2.5499999981014803,,
670,0.0060000000000000001,301.90637913641291,301.90637710318305,2.0332298618086497e-06,2.5499999827888868,,
670,0.0070000000000000001,301.95785814285125,301.95785667490645,1.4679447986054583e-06,2.5499998624279914,,
670,0.0080000000000000002,302.01834690400676,302.01834607830881,8.2569795267772861e-07,2.5499990338138163,,
670,0.0090000000000000011,302.08831412048733,302.088314011374,1.0911332992691314e-07,2.5499940491590265,,
670,0.01,302.16829439565259,302.16829507698839,-6.8133579134155298e-07,2.5499678850688943,,
670,0.010999999999999999,302.2588917596691,302.25889330874429,-1.5490751934521541e-06,2.5498481538613089,,
670,0.012,302.36078492349242,302.36078742685692,-2.5033644988070591e-06,2.5493706186776119,,
670,0.013000000000000001,302.47473444988236,302.47473801095879,-3.5610764257398841e-06,2.5477103108760901,,
670,0.014,302.60159165457407,302.60159640172446,-4.7471503989982011e-06,2.5426737792564684,,
670,0.014999999999999999,302.74230801199133,302.74231410542717,-6.0934358430131397e-06,2.5293192003703737,,
670,0.016,302.89794054135604,302.8979481810423,-7.6396862596084247e-06,2.4982658789799381,,
670,0.017000000000000001,303.06964001619468,303.06964940300765,-9.3868129624752328e-06,2.4346077342211014,,
670,0.018000000000000002,303.25859498961051,303.25860612388675,-1.1134276235225116e-05,2.3186613518154102,,
670,0.019,303.46590185208328,303.4659142640171,-1.2411933823841537e-05,2.1289280021400936,,
670,0.02,303.69237133191433,303.69238407840805,-1.2746493723625463e-05,1.8452933899127848,,
680,0,301.79389343161046,301.79388983439753,3.597212923978077e-06,2.5499999999999652,,
680,0.001,301.79770543383012,301.79770187918143,3.5546486856219417e-06,2.5499999999998328,,
680,0.002,301.80917260303124,301.80916918271151,3.4203197287752118e-06,2.5499999999980663,,
680,0.0030000000000000001,301.82838841806972,301.82838522067902,3.1973906970961252e-06,2.5499999999771119,,
680,0.0040000000000000001,301.85550865662555,301.85550576910242,2.8875231237179833e-06,2.549999999748914,,
680,0.0050000000000000001,301.89075142966493,301.89074893669618,2.4929687469921191e-06,2.5499999975199228,,
680,0.0060000000000000001,301.93439736548089,301.93439534905502,2.0164258671684365e-06,2.5499999782182154,,
680,0.0070000000000000001,301.98679009317954,301.98678863251507,1.4606644640480226e-06,2.5499998309778222,,
680,0.0080000000000000002,302.04833722842193,302.04833640059252,8.2782941035475233e-07,2.5499988452119542,,
680,0.0090000000000000011,302.11951210846667,302.11951199008405,1.1838261571028852e-07,2.5499930665445705,,
680,0.01,302.20085653463792,302.20085720481461,-6.7017668925473117e-07,2.5499634478839477,,
680,0.010999999999999999,302.29298470661047,302.29298625115428,-1.544543806630827e-06,2.549830820290838,,
680,0.012,302.39658825928024,302.3965907764541,-2.5171738684548473e-06,2.5493121381778665,,
680,0.013000000000000001,302.51244160574475,302.51244521497716,-3.609232408052776e-06,2.5475401542218425,,
680,0.014,302.64140528944699,302.64141014077853,-4.8513315391573997e-06,2.5422473220312969,,
680,0.014999999999999999,302.78442250068628,302.78442876817593,-6.2674896526004886e-06,2.528399341933099,,
680,0.016,302.94250087111163,302.94250869676227,-7.8256506412799354e-06,2.4965589729794293,,
680,0.017000000000000001,303.11667038326925,303.11667976711334,-9.3838440875515516e-06,2.4318834659813646,,
680,0.018000000000000002,303.30791255052446,303.30792325767652,-1.0707152057420899e-05,2.3149254286593179,,
680,0.019,303.51706837397199,303.51707992613666,-1.1552164664863085e-05,2.1245440095059465,,
680,0.02,303.74474905134531,303.74476084459252,-1.1793247210789559e-05,1.8409439811899806,,
690,0,301.81986018301706,301.81985662375098,3.5592660765360051e-06,2.5499999999999456,,
690,0.001,301.8237423431699,301.82373882570079,3.517469110647653e-06,2.5499999999997489,,
690,0.002,301.83541999640391,301.83541661093494,3.3854689718282316e-06,2.5499999999972163,,
690,0.0030000000000000001,301.85498668947952,301.85498352299533,3.1664841912970587e-06,2.5499999999682461,,
690,0.0040000000000000001,301.88259844005489,301.88259557788336,2.8621715273402515e-06,2.5499999996635614,,
690,0.0050000000000000001,301.91847396926056,301.9184714946793,2.4745812652327004e-06,2.5499999967840852,,
690,0.0060000000000000001,301.96289517192315,301.9628931660817,2.0058414520462975e-06,2.5499999726123184,,
690,0.0070000000000000001,302.01620796537588,302.01620650774356,1.4576323223991494e-06,2.5499997935104086,,
690,0.0080000000000000002,302.07882367748545,302.07882284705749,8.304279504045553e-07,2.5499986265170871,,
690,0.0090000000000000011,302.15122110860722,302.15122098618247,1.2242475122548058e-07,2.5499919552220849,,
690,0.01,302.23394927631796,302.23394994833296,-6.720150054206897e-07,2.5499585429045579,,
690,0.010999999999999999,302.32763053869513,302.32763210295809,-1.5642629591638979e-06,2.5498120528722912,,
690,0.012,302.43296318355294,302.4329657556699,-2.5721169549797196e-06,2.5492499890650278,,
690,0.013000000000000001,302.55072160227189,302.55072531760106,-3.7153291714275838e-06,2.5473622817715511,,
690,0.014,302.6817509540316,302.68175595559791,-5.0015663077829231e-06,2.5418078713308092,,
690,0.014999999999999999,302.8269522451136,302.82695864886398,-6.4037503761937842e-06,2.5274628994964288,,
690,0.016,302.98725389069773,302.98726173054393,-7.8398462051154638e-06,2.4948384802790757,,
690,0.017000000000000001,303.16356809554856,303.16357727073881,-9.1751902573378175e-06,2.4291586888784611,,
690,0.018000000000000002,303.3567351633186,303.35674541721988,-1.0253901280066202e-05,2.3112095680923432,,
690,0.019,303.56746499696027,303.56747594140353,-1.0944443260996195e-05,2.1201984128811753,,
690,0.02,303.79628984321522,303.79630103911609,-1.1195900867733144e-05,1.836637763215732,,
700,0,301.84630101926626,301.8462974920634,3.52720286400654e-06,2.5499999999999154,,
700,0.001,301.85025343998228,301.85024995371572,3.4862665643231594e-06,2.5499999999996286,,
700,0.002,301.86214196367268,301.86213860685626,3.3568164212738338e-06,2.5499999999960319,,
700,0.0030000000000000001,301.88206044260363,301.88205730064919,3.1419544370692165e-06,2.5499999999563383,,
700,0.0040000000000000001,301.91016553282049,301.91016268975909,2.8430613951968553e-06,2.5499999995527838,,
700,0.0050000000000000001,301.9466771125002,301.94667465085831,2.4616418841105769e-06,2.5499999958593675,,
700,0.0060000000000000001,301.99187898480136,301.99187698593124,1.9988701183137891e-06,2.5499999657774852,,
700,0.0070000000000000001,302.04611994953211,302.04611849466744,1.4548646731782355e-06,2.5499997491027822,,
700,0.0080000000000000002,302.10981528496586,302.10981445728703,8.2767883213819005e-07,2.5499983740322167,,
700,0.0090000000000000011,302.18344855606449,302.18344844392499,1.1213950301680597e-07,2.5499907029247328,,
700,0.01,302.26757341355795,302.26757411447625,-7.0091829229568248e-07,2.5499531371247759,,
700,0.010999999999999999,302.36281463449876,302.36281625834624,-1.6238474813690118e-06,2.5497917821979961,,
700,0.012,302.46986709048747,302.46986975868174,-2.6681942699724459e-06,2.5491840662298246,,
700,0.013000000000000001,302.58949072522847,302.58949456166357,-3.8364350984920748e-06,2.5471766084334764,,
700,0.014,302.72249922925653,302.72250433986994,-5.1106134151268634e-06,2.5413554909497753,,
700,0.014999999999999999,302.86974028907258,302.86974673111445,-6.4420418652844091e-06,2.5265102103843664,,
700,0.016,303.03206642459986,303.0320741730946,-7.7484947382799874e-06,2.4931049561269698,,
700,0.017000000000000001,303.21029763489054,303.21030655913182,-8.924241285512835e-06,2.4264338418916029,,
700,0.018000000000000002,303.40517998619799,303.40518984768084,-9.8614828516474518e-06,2.3075136709537727,,
700,0.019,303.61734697719913,303.61735745473118,-1.0477532043751125e-05,2.1158904788908917,,
700,0.02,303.84729179833113,303.84730254755976,-1.0749228636086627e-05,1.8323737568311693,,
710,0,301.87321718859499,301.87321368671547,3.5018795188079821e-06,2.5499999999998719,,
710,0.001,301.87724014839023,301.87723668662784,3.4617623896338046e-06,2.5499999999994554,,
710,0.002,301.88934045207208,301.88933711739435,3.3346777286169527e-06,2.549999999994399,,
710,0.0030000000000000001,301.90961247122698,301.90960934778838,3.1234386028700101e-06,2.5499999999404781,,
710,0.0040000000000000001,301.93821382307897,301.93821099422729,2.8288516773500305e-06,2.5499999994100708,,
710,0.0050000000000000001,301.97536590135252,301.97536344991471,2.4514378083040356e-06,2.5499999947048502,,
710,0.0060000000000000001,302.02135466242044,302.02135267157894,1.9908414969904698e-06,2.5499999574916288,,
710,0.0070000000000000001,302.07653165071383,302.07653020563441,1.4450794196818606e-06,2.5499996967272067,,
710,0.0080000000000000002,302.14131514779694,302.14131433795944,8.0983750194718596e-07,2.5499980837524188,,
710,0.0090000000000000011,302.21619115031154,302.21619107206322,7.824831982361502e-08,2.5499892967056668,,
710,0.01,302.30171361378245,302.30171437196765,-7.5818519462700351e-07,2.5499471965699549,,
710,0.010999999999999999,302.39850306265487,302.39850476945793,-1.7068030615519092e-06,2.5497699385954848,,
710,0.012,302.5072423325451,302.50724510133364,-2.7687885335581086e-06,2.5491142671796188,,
710,0.013000000000000001,302.62866800983079,302.62867194239266,-3.93256186725921e-06,2.546983056045796,,
710,0.014,302.76355624313612,302.76356141055692,-5.1674207952601137e-06,2.5408902522808181,,
710,0.014999999999999999,302.9127021884741,302.91270860870412,-6.4202300222859776e-06,2.5255416103673074,,
710,0.016,303.07689348333577,303.07690110135229,-7.6180165251571452e-06,2.4913589383376791,,
710,0.017000000000000001,303.25687970215063,303.25688837980255,-8.6776519196973823e-06,2.4237093402168135,,
710,0.018000000000000002,303.45334136896787,303.45335089015032,-9.5211824486796104e-06,2.3038376314957327,,
710,0.019,303.66686326343711,303.66687335665245,-1.0093215337292349e-05,2.1116194957030796,,
710,0.02,303.89791692837292,303.89792731365304,-1.0385280120317475e-05,1.828151024787052,,
720,0,301.90061105240119,301.90060756923691,3.4831642778954119e-06,2.5499999999998084,,
720,0.001,301.90470497236907,301.90470152870995,3.4436591249686899e-06,2.5499999999992089,,
720,0.002,301.91701836534156,301.91701504709835,3.3182432161993347e-06,2.5499999999921656,,
720,0.0030000000000000001,301.93764623994923,301.93764313072478,3.1092244512365141e-06,2.5499999999195238,,
720,0.0040000000000000001,301.96674729766818,301.96674448115454,2.8165136427560356e-06,2.5499999992275204,,
720,0.0050000000000000001,302.00454444966408,302.00454201033426,2.4393298190261703e-06,2.5499999932724258,,
720,0.0060000000000000001,302.05132548325014,302.05132350753473,1.9757154063881899e-06,2.549999947501373,,
720,0.0070000000000000001,302.10744375691479,302.10744233477897,1.4221358242139104e-06,2.5499996352439935,,
720,0.0080000000000000002,302.17331868026309,302.17331790680271,7.7346038551695528e-07,2.5499977513539478,,
720,0.0090000000000000011,302.24943556129432,302.24943553759101,2.3703307761024917e-08,2.5499877229379049,,
720,0.01,302.33634419403057,302.3363450261445,-8.3211392620796687e-07,2.5499406863445064,,
720,0.010999999999999999,302.434655357081,302.43465715190649,-1.7948254935618024e-06,2.5497464522479634,,
720,0.012,302.54503427033967,302.54503712732458,-2.8569849064297159e-06,2.549040492140505,,
720,0.013000000000000001,302.66819010590388,302.66819410451734,-3.998613465228118e-06,2.5467815532161451,,
720,0.014,302.80486096031336,302.80486614453503,-5.1842216635122895e-06,2.5404122337821771,,
720,0.014999999999999999,302.95579431539073,302.95580067809863,-6.3627078930039715e-06,2.5245574332280443,,
720,0.016,303.12172390638023,303.12173137774033,-7.4713601065923285e-06,2.4896009477392589,,
720,0.017000000000000001,303.30334492966108,303.30335337370553,-8.4440444538813608e-06,2.4209855765522637,,
720,0.018000000000000002,303.50129040871417,303.50129963107463,-9.2223604610808252e-06,2.3001813382363943,,
720,0.019,303.71611200744076,303.71612177437538,-9.7669346246220812e-06,2.1073847718147536,,
720,0.02,303.94826906971701,303.94827847549345,-9.4057764385979681e-06,1.8239686656071927,,
730,0,301.92848569178761,301.92848222354104,3.4682465752666758e-06,2.5499999999997165,,
730,0.001,301.93265104931641,301.93264761959239,3.4297240176783816e-06,2.5499999999988638,,
730,0.002,301.9451789610369,301.94517565635073,3.3046861744878697e-06,2.5499999999891387,,
730,0.0030000000000000001,301.96616503755894,301.96616194194547,3.0956134651205502e-06,2.549999999892048,,
730,0.0040000000000000001,301.99576891553744,301.99576611402711,2.801510333938495e-06,2.5499999989955997,,
730,0.0050000000000000001,302.03421462425422,302.03421220375242,2.4205018007705803e-06,2.5499999915058353,,
730,0.0060000000000000001,302.08179095005312,302.08178900041338,1.9496397385410091e-06,2.5499999355189935,,
730,0.0070000000000000001,302.1388516002836,302.13885021533696,1.3849466427018342e-06,2.5499995633942771,,
730,0.0080000000000000002,302.20581485246788,302.20581413051474,7.2195314260170562e-07,2.5499973721840177,,
730,0.0090000000000000011,302.2831622385599,302.28316228161026,-4.305036327423295e-08,2.549985967316255,,
730,0.01,302.37143568317259,302.37143659411163,-9.1093903620276251e-07,2.5499335706815689,,
730,0.010999999999999999,302.47123242975158,302.47123430671303,-1.8769614484881458e-06,2.5497212533108198,,
730,0.012,302.5831971034641,302.58320003103393,-2.9275698238961922e-06,2.5489626441460729,,
730,0.013000000000000001,302.70801043232035,302.70801446975992,-4.0374395666731289e-06,2.5465720351526047,,
730,0.014,302.84637455387735,302.84637972230092,-5.1684235700122372e-06,2.5399215204682739,,
730,0.014999999999999999,302.99899570133942,302.99900197540757,-6.2740681414652499e-06,2.5235580103726178,,
730,0.016,303.16656718963384,303.16657449179081,-7.3021569733100478e-06,2.4878314886226085,,
730,0.017000000000000001,303.34976052060182,303.34976871889234,-8.1982905157929054e-06,2.4182629223204923,,
730,0.018000000000000002,303.54923982051116,303.54924883319694,-9.0126857799077698e-06,2.2965446746251335,,
730,0.019,303.76571644750533,303.76572644810039,-1.0000595068504481e-05,2.1031856354959744,,
730,0.02,304.00003986738977,304.0000512784892,-1.1411099421820836e-05,1.8198260379532174,,
740,0,301.95684420507962,301.95684074968523,3.4553943919490848e-06,2.5499999999995842,,
740,0.001,301.96108141554902,301.9610779989797,3.4165693136856135e-06,2.5499999999983842,,
740,0.002,301.97382503560448,301.97382174515519,3.2904492854868295e-06,2.5499999999850682,,
740,0.0030000000000000001,301.99517108350545,301.99516800446179,3.0790436653660436e-06,2.5499999998562899,,
740,0.0040000000000000001,302.02527972819985,302.02527694749455,2.7807053015749261e-06,2.5499999987028787,,
740,0.0050000000000000001,302.06437539992157,302.06437300697633,2.3929452481752378e-06,2.5499999893396397,,
740,0.0060000000000000001,302.11274673471775,302.11274482216857,1.9125491803606565e-06,2.5499999212192339,,
740,0.0070000000000000001,302.17074611527937,302.17074477927673,1.336002640073275e-06,2.5499994797928034,,
740,0.0080000000000000002,302.23878847652543,302.23878781611813,6.604072950722184e-07,2.5499969412513552,,
740,0.0090000000000000011,302.31734895548254,302.31734907049997,-1.1501742847030982e-07,2.5499840148613306,,
740,0.01,302.40695890884939,302.40695989584054,-9.8699115369527135e-07,2.5499258129943225,,
740,0.010999999999999999,302.50819984559155,302.5082017918561,-1.9462645468593109e-06,2.5496942720237117,,
740,0.012,302.62169500790969,302.6216979837539,-2.9758442110505712e-06,2.5488806291129382,,
740,0.013000000000000001,302.74809882058941,302.7481028686131,-4.0480236975781736e-06,2.5463544434869854,,
740,0.014,302.88808540416522,302.88809052574135,-5.1215761232015211e-06,2.5394182034227373,,
740,0.014999999999999999,303.0423389264983,303.0423450759701,-6.1494718011090299e-06,2.5225436704835023,,
740,0.016,303.21155043477245,303.21155754191534,-7.107142891982221e-06,2.4860510491934451,,
740,0.017000000000000001,303.39642672445831,303.3964347628019,-8.038343594307662e-06,2.4155417288278263,,
740,0.018000000000000002,303.59771477178919,303.59772383301976,-9.0612305712056695e-06,2.2929275195917356,,
740,0.019,303.81623893209502,303.81624921065753,-1.0278562513121869e-05,2.0990214355875874,,
740,0.02,304.0529392747294,304.05295100224708,-1.1727517687631916e-05,1.8157222736352645,,
750,0,301.98568890668656,301.98568546667531,3.4400112554067164e-06,2.5499999999993976,,
750,0.001,301.98999821092298,301.98999481046832,3.4004546591859253e-06,2.5499999999977216,,
750,0.002,302.00295816208666,302.00295489004719,3.2720394642637984e-06,2.5499999999796388,,
750,0.0030000000000000001,302.02466487034764,302.02466181382323,3.0565244060198893e-06,2.5499999998100793,,
750,0.0040000000000000001,302.05527846024108,302.05527570824023,2.7520008529791085e-06,2.5499999983357351,,
750,0.0050000000000000001,302.0950228670178,302.09502051108757,2.3559302348985511e-06,2.5499999866981016,,
750,0.0060000000000000001,302.14418531533966,302.144183449808,1.8655316580407089e-06,2.549999904235972,,
750,0.0070000000000000001,302.20311523995514,302.20311396150299,1.2784521459252574e-06,2.549999382920713,,
750,0.0080000000000000002,302.27222234738025,302.27222175358321,5.9379703998274636e-07,2.5499964532174295,,
750,0.0090000000000000011,302.35197349093607,302.35197367734941,-1.864133309936733e-07,2.5499818499253148,,
750,0.01,302.44288807878826,302.44288913409315,-1.0553048923611641e-06,2.5499173759283984,,
750,0.010999999999999999,302.54553191491698,302.54553391385502,-1.9989380461993278e-06,2.549665438818197,,
750,0.012,302.6605097542984,302.66051274918999,-2.994891588059545e-06,2.5487943559049877,,
750,0.013000000000000001,302.7884574758441,302.7884614898561,-4.0140120063369977e-06,2.5461287260941403,,
750,0.014,302.93003557493961,302.93004060320851,-5.0282689016967197e-06,2.5389023793352745,,
750,0.014999999999999999,303.08592638988392,303.08593241367345,-6.023789524078893e-06,2.5215147392101294,,
750,0.016,303.25683760893975,303.25684462155078,-7.0126110358614824e-06,2.4842601020196424,,
750,0.017000000000000001,303.44351359527957,303.44352163180713,-8.0365275607618969e-06,2.4128223283530761,,
750,0.018000000000000002,303.64675369933701,303.64676285272463,-9.1533876229732414e-06,2.2893297480428774,,
750,0.019,303.86743352606192,303.86744393545621,-1.0409394292310026e-05,2.0948915441909235,,
750,0.02,304.10652248696329,304.10653432249495,-1.1835531665838062e-05,1.8116564886245032,,
760,0,302.01502066166972,302.01501724294695,3.4187227697657363e-06,2.5499999999991343,,
760,0.001,302.01940204695325,302.01939866879798,3.3781552701839246e-06,2.5499999999968144,,
760,0.002,302.03257816658123,302.03257491988501,3.2466962238686392e-06,2.5499999999724507,,
760,0.0030000000000000001,302.05464484234,302.05464181623194,3.0261080610216595e-06,2.5499999997507667,,
760,0.0040000000000000001,302.08576150299564,302.08575878837513,2.7146205070494034e-06,2.5499999978780199,,
760,0.0050000000000000001,302.12615065865197,302.12614834851769,2.3101342776499223e-06,2.5499999834939828,,
760,0.0060000000000000001,302.17609694081386,302.17609513000946,1.810804405977251e-06,2.5499998841587881,,
760,0.0070000000000000001,302.23594550539281,302.23594428948508,1.2159077300566423e-06,2.5499992711184052,,
760,0.0080000000000000002,302.30609958248567,302.30609905543588,5.2704979225381976e-07,2.5499959023885657,,
760,0.0090000000000000011,302.38701700103934,302.38701725142153,-2.5038218609552132e-07,2.5499794561997544,,
760,0.01,302.47920565007161,302.47920675595361,-1.1058820064135944e-06,2.5499082214154947,,
760,0.010999999999999999,302.58321808758649,302.58322011096453,-2.0233780446687888e-06,2.5496346844206803,,
760,0.012,302.69964587346783,302.69964885618759,-2.9827197636222991e-06,2.5487037363854825,,
760,0.013000000000000001,302.82911462628334,302.82911859018361,-3.9639002693547809e-06,2.5458948369052337,,
760,0.014,302.97228114867477,302.97228610228797,-4.9536131996319455e-06,2.5383741500588872,,
760,0.014999999999999999,303.12983402331366,303.12983997491079,-5.9515971315704519e-06,2.5204715388952943,,
760,0.016,303.30249863753971,303.30250561123199,-6.9736922796437284e-06,2.4824591044809101,,
760,0.017000000000000001,303.4910465609492,303.49105461027227,-8.0493230711908836e-06,2.4101050351761852,,
760,0.018000000000000002,303.69630774012404,303.69631695211905,-9.211995006808138e-06,2.285751231385039,,
760,0.019,303.91918253913713,303.91919302572336,-1.0486586234037532e-05,2.0907953527590561,,
760,0.02,304.16064987073571,304.1606617638829,-1.1893147188857256e-05,1.8076278754872044,,
770,0,302.04483848706678,302.04483509794602,3.3891207635861065e-06,2.5499999999987701,,
770,0.001,302.0492916520235,302.04928830458249,3.3474410088274453e-06,2.5499999999955842,,
770,0.002,302.06268290716287,302.06267969444588,3.2127169902196329e-06,2.5499999999630072,,
770,0.0030000000000000001,302.08510740302825,302.08510441608462,2.9869436275475891e-06,2.5499999996751344,,
770,0.0040000000000000001,302.11672325223441,302.11672058338456,2.6688498451221676e-06,2.5499999973106919,,
770,0.0050000000000000001,302.15775072769691,302.15774847045361,2.257243295389344e-06,2.5499999796272652,,
770,0.0060000000000000001,302.20847096561431,302.20846921387897,1.7517353398943669e-06,2.5499998605294132,,
770,0.0070000000000000001,302.26922403990682,302.26922288624786,1.1536589568095224e-06,2.5499991425784914,,
770,0.0080000000000000002,302.34040630268777,302.34040583560511,4.6708265699635376e-07,2.5499952827088519,,
770,0.0090000000000000011,302.42246697129718,302.42246727165019,-3.003530082423822e-07,2.5499768167250338,,
770,0.01,302.51590409682859,302.51590523403195,-1.137203355483507e-06,2.5498983107276167,,
770,0.010999999999999999,302.62126026576931,302.62126229485165,-2.0290823385948897e-06,2.5496019399505072,,
770,0.012,302.7391186304236,302.73912159134181,-2.9609182092826813e-06,2.5486086854587993,,
770,0.013000000000000001,302.87010006420991,302.87010398467066,-3.9204607560350269e-06,2.5456527357187326,,
770,0.014,303.01486229503325,303.01486719715945,-4.9021261929738102e-06,2.5378336221895426,,
770,0.014999999999999999,303.17410168290434,303.17410759263504,-5.9097307030242519e-06,2.5194143883337099,,
770,0.016,303.34855782332374,303.34856478014757,-6.956823824566527e-06,2.4806484992128333,,
770,0.017000000000000001,303.53902042122473,303.53902848479225,-8.0635675203666324e-06,2.4073901465417844,,
770,0.018000000000000002,303.74633705859998,303.74634630896901,-9.2503690325429488e-06,2.282191838082404,,
770,0.019,303.97141983606303,303.97143036645099,-1.0530387953622267e-05,2.0867322682758869,,
770,0.02,304.21524867803936,304.21526059523973,-1.1917200367861369e-05,1.8036356636370687,,
780,0,302.07513946134367,302.07513611131617,3.3500274980724498e-06,2.5499999999982661,,
780,0.001,302.0796638280691,302.07966052073942,3.3073296776819916e-06,2.5499999999939273,,
780,0.002,302.09326837306202,302.09326520336128,3.1697007329967164e-06,2.5499999999506824,,
780,0.0030000000000000001,302.11604725332398,302.11604431374263,2.9395813498922507e-06,2.5499999995792964,,
780,0.0040000000000000001,302.14815677745457,302.14815416094899,2.6165055828641925e-06,2.5499999966114197,,
780,0.0050000000000000001,302.18981441488648,302.18981221439759,2.200488893322472e-06,2.5499999749837845,,
780,0.0060000000000000001,302.24129730462511,302.24129561190892,1.6927161823332426e-06,2.5499998328380755,,
780,0.0070000000000000001,302.30294020635006,302.30293911008232,1.0962677379211527e-06,2.5499989953388673,,
780,0.0080000000000000002,302.37513288569517,302.37513246897595,4.1671921735542128e-07,2.549994587753897,,
780,0.0090000000000000011,302.4583170175967,302.4583173552287,-3.3763200235625845e-07,2.5499739139015358,,
780,0.01,302.55298282185595,302.55298397803716,-1.1561812129912141e-06,2.5498876045318033,,
780,0.010999999999999999,302.65966579350749,302.65966782075395,-2.0272464666959422e-06,2.5495671370131854,,
780,0.012,302.77894401920406,302.77894695928342,-2.9400793550848903e-06,2.5485091211020934,,
780,0.013000000000000001,302.9114366272081,302.91144051450573,-3.8872976233506051e-06,2.5454023880090726,,
780,0.014,303.05780384822702,303.0578087152644,-4.8670373757886409e-06,2.5372809066665702,,
780,0.014999999999999999,303.21874893137038,303.21875481536847,-5.8839980852098961e-06,2.5183436025603632,,
780,0.016,303.39502177024963,303.39502871896764,-6.9487180098803947e-06,2.4788287145465038,,
780,0.017000000000000001,303.58742361273784,303.58743168749743,-8.0747595916363935e-06,2.4046779435676484,,
780,0.018000000000000002,303.79681177203071,303.79682104628455,-9.2742538413403963e-06,2.2786514341155502,,
780,0.019,304.02410297095946,304.02411352396189,-1.0553002425695013e-05,2.0827017125184746,,
780,0.02,304.27027388004598,304.27028587910644,-1.1999060461675981e-05,1.7996791120474869,,
790,0,302.10591895109269,302.10591564805884,3.3030338499884238e-06,2.549999999997576,,
790,0.001,302.11051372177161,302.1105104632494,3.258522212945536e-06,2.5499999999917131,,
790,0.002,302.12432908467122,302.12432596582198,3.118849235761445e-06,2.5499999999347089,,
790,0.0030000000000000001,302.14745798675409,302.14745510078268,2.8859714120699209e-06,2.5499999994585885,,
790,0.0040000000000000001,302.18005463627549,302.18005207597685,2.560298639764369e-06,2.5499999957541322,,
790,0.0050000000000000001,302.22233342204157,302.22233127903797,2.1430035985758877e-06,2.5499999694337814,,
790,0.0060000000000000001,302.27456736535339,302.274565728808,1.6365453916478145e-06,2.5499998005197702,,
790,0.0070000000000000001,302.33708611018619,302.33708506505963,1.0451265666233667e-06,2.54999882727593,,
790,0.0080000000000000002,302.41027350941806,302.41027313448598,3.7493208537853207e-07,2.5499938107254492,,
790,0.0090000000000000011,302.49456494262819,302.49456530864592,-3.6601772990252357e-07,2.5499707295023599,,
790,0.01,302.59044459306403,302.59044576159653,-1.1685324921018037e-06,2.5498760629450512,,
790,0.010999999999999999,302.69844299683876,302.69844502031305,-2.0234742805769201e-06,2.5495302077886408,,
790,0.012,302.8191352262005,302.81913814973393,-2.9235334295663051e-06,2.5484049643876974,,
790,0.013000000000000001,302.95314004173326,302.95314390727361,-3.86554035003428e-06,2.5451437647343984,,
790,0.014,303.10112016510919,303.10112501707408,-4.8519648885303468e-06,2.5367161183936853,,
790,0.014999999999999999,303.26378316226368,303.26378904929641,-5.8870327279691992e-06,2.5172594926661738,,
790,0.016,303.44188014255792,303.44188711573827,-6.973180347813468e-06,2.4770001649413578,,
790,0.017000000000000001,303.63619339478112,303.63620150243753,-8.1076564129034523e-06,2.401968692102487,,
790,0.018000000000000002,303.84749441169942,303.84750359542369,-9.1837242734982283e-06,2.2751298833013234,,
790,0.019,304.07645177072931,304.07646162902881,-9.8582995065044088e-06,2.0787031220458552,,
790,0.02,304.32349612822634,304.3235058924019,-9.7641755587574153e-06,1.7957581451975209,,
800,0,302.13717109074076,302.13716784311208,3.2476286833116319e-06,2.5499999999966385,,
800,0.001,302.14183533092591,302.14183212818114,3.2027447787186247e-06,2.549999999988775,,
800,0.002,302.15585866899403,302.15585560685122,3.0621428095400915e-06,2.5499999999141418,,
800,0.0030000000000000001,302.17933274238914,302.1793299141018,2.8282873358875804e-06,2.54999999930744,,
800,0.0040000000000000001,302.21240955413003,302.21240705176433,2.5023657030942559e-06,2.5499999947085445,,
800,0.0050000000000000001,302.25530038732256,302.25529830085441,2.0864681573584676e-06,2.5499999628303773,,
800,0.0060000000000000001,302.30827430432748,302.3082727204071,1.5839203797440859e-06,2.5499997629504527,,
800,0.0070000000000000001,302.37165627797225,302.37165527849203,9.9948022125317948e-07,2.5499986360980134,,
800,0.0080000000000000002,302.44582504770483,302.44582470843295,3.392718781469739e-07,2.5499929444469553,,
800,0.0090000000000000011,302.53121084880712,302.53121123845926,-3.8965214343988919e-07,2.5499672446876223,,
800,0.01,302.62829321060894,302.62829439065797,-1.1800490256064222e-06,2.5498636455893213,,
800,0.010999999999999999,302.73759902170679,302.73760104691047,-2.0252036847523414e-06,2.5494910851143735,,
800,0.012,302.85970093091305,302.85970385078582,-2.919872770235088e-06,2.5482961394962413,,
800,0.013000000000000001,302.99521572077924,302.99521958401652,-3.8632372820757155e-06,2.5448768421430068,,
800,0.014,303.14480129771562,303.14480616006341,-4.8623477937326243e-06,2.5361393758791149,,
800,0.014999999999999999,303.30914920362551,303.30915512774681,-5.9241212966298917e-06,2.5161623656395311,,
800,0.016,303.4889674429707,303.48897446598636,-7.0230156552497647e-06,2.4751632514132296,,
800,0.017000000000000001,303.68494753030012,303.68495558209992,-8.0517997957940679e-06,2.3992626435384721,,
800,0.018000000000000002,303.89771263500057,303.89772145093491,-8.8159343363258813e-06,2.2716270475406133,,
800,0.019,304.12775223801128,304.12776137394877,-9.1359374891908374e-06,2.0747359517821273,,
800,0.02,304.37536031388908,304.37536928289944,-8.9690103663997434e-06,1.7918719884867897,,
810,0,302.16888936271857,302.16888617552758,3.1871909982328361e-06,2.5499999999953751,,
810,0.001,302.1736220861992,302.17361894390621,3.1422929964719515e-06,2.5499999999849048,,
810,0.002,302.18785043596796,302.18784743416654,3.001801417212846e-06,2.5499999998878238,,
810,0.0030000000000000001,302.21166474006014,302.21166197148824,2.7685719032888301e-06,2.5499999991192368,,
810,0.0040000000000000001,302.24521484249181,302.24521239814374,2.4443480697300402e-06,2.5499999934396307,,
810,0.0050000000000000001,302.28870907236069,302.28870704057124,2.0317894495747169e-06,2.5499999550079608,,
810,0.0060000000000000001,302.34241285257065,302.34241131796375,1.5346068948929315e-06,2.5499997194431665,,
810,0.0070000000000000001,302.40664701351983,302.40664605595128,9.5756854534556624e-07,2.5499984193389666,,
810,0.0080000000000000002,302.48178590213291,302.48178559581879,3.0631412073489628e-07,2.5499919813598702,,
810,0.0090000000000000011,302.56825538231118,302.56825579546143,-4.1315024645882659e-07,2.5499634400199098,,
810,0.01,302.66653077056145,302.66653196605262,-1.1954911656175682e-06,2.5498503116461682,,
810,0.010999999999999999,302.77713457676964,302.77713661436621,-2.037596573245537e-06,2.549449702563896,,
810,0.012,302.90063354490428,302.90063648448722,-2.9395829415079788e-06,2.5481825737228361,,
810,0.013000000000000001,303.03763386059609,303.03763776306442,-3.9024683360366907e-06,2.5446016015820976,,
810,0.014,303.18877258754577,303.18877750645572,-4.918909951356909e-06,2.5355508008961074,,
810,0.014999999999999999,303.35470273770312,303.35470869579115,-5.9580880247267487e-06,2.5150525242293664,,
810,0.016,303.5360694926926,303.53607644630426,-6.9536116598101216e-06,2.4733183619496413,,
810,0.017000000000000001,303.73347668087678,303.73348448499843,-7.8041216511337552e-06,2.3965600355704297,,
810,0.018000000000000002,303.94744592013808,303.94745431427719,-8.3941391153530276e-06,2.2681427870689475,,
810,0.019,304.17837508746811,304.17838372105848,-8.6335903688450344e-06,2.0707996839231071,,
810,0.02,304.42650608422554,304.4265145825492,-8.4983236661173578e-06,1.7880197646266391,,
820,0,302.20106712575779,302.20106400179446,3.1239633244695142e-06,2.5499999999936853,,
820,0.001,302.20586736273191,302.20586428339504,3.0793368637205276e-06,2.5499999999798408,,
820,0.002,302.22029783448926,302.22029489473181,2.9397574508038815e-06,2.5499999998543519,,
820,0.0030000000000000001,302.24444762752699,302.24444491921685,2.7083101485914085e-06,2.5499999988861579,,
820,0.0040000000000000001,302.27846456568085,302.27846217864709,2.3870337599873892e-06,2.5499999919070646,,
820,0.0050000000000000001,302.32255425903577,302.32255228021683,1.9788189433711523e-06,2.5499999457805029,,
820,0.0060000000000000001,302.37697882767947,302.3769773403024,1.4873770624035387e-06,2.5499996692441242,,
820,0.0070000000000000001,302.4420553456755,302.44205442865433,9.1702116833403124e-07,2.5499981743520266,,
820,0.0080000000000000002,302.51815403338765,302.51815376119328,2.7219437015446601e-07,2.5499909135209746,,
820,0.0090000000000000011,302.60569616137838,302.6056966046022,-4.4322382564132567e-07,2.5499592954812251,,
820,0.01,302.70515148438341,302.70515271088732,-1.2265039117664855e-06,2.5498360199111487,,
820,0.010999999999999999,302.81703477238665,302.81703684813095,-2.075744305329863e-06,2.5494059945200083,,
820,0.012,302.94190065196142,302.94190363947979,-2.9875183713556908e-06,2.5480641974746656,,
820,0.013000000000000001,303.08033558775054,303.08033953942078,-3.9516702372566215e-06,2.5443180293056522,,
820,0.014,303.23294559187377,303.23295053580267,-4.9439289000474673e-06,2.5349505181604943,,
820,0.014999999999999999,303.40033840366232,303.40034432328667,-5.9196243569203943e-06,2.5139302668307386,,
820,0.016,303.58309968597757,303.58310649885772,-6.8128801444800047e-06,2.4714658719214269,,
820,0.017000000000000001,303.78176431965977,303.78177186353554,-7.5438757676238311e-06,2.393861092913085,,
820,0.018000000000000002,303.99678588583959,303.9967939205012,-8.034661618694372e-06,2.2646769608750894,,
820,0.019,304.22850926957619,304.2285174991361,-8.2295599099779793e-06,2.0668938186303141,,
820,0.02,304.47715215275605,304.47716027315977,-8.1204037201132451e-06,1.7842007560337367,,
830,0,302.23369799783075,302.23369493808957,3.0597411750932224e-06,2.54999999999144,,
830,0.001,302.23856483685955,302.23856182129589,3.0155636636663985e-06,2.5499999999732554,,
830,0.002,302.25319472666934,302.25319184929617,2.8773731628461974e-06,2.5499999998120297,,
830,0.0030000000000000001,302.27767560382961,302.2776729555128,2.6483168085178477e-06,2.5499999985990049,,
830,0.0040000000000000001,302.31215342114643,302.31215109070331,2.3304431238102552e-06,2.5499999900646042,,
830,0.0050000000000000001,302.3568312528343,302.35682932638156,1.9264527395534969e-06,2.5499999349398017,,
830,0.0060000000000000001,302.41196806328242,302.41196662377911,1.4395033076652908e-06,2.5499996115287584,,
830,0.0070000000000000001,302.47787713008057,302.47787625719212,8.7288844952126965e-07,2.549997898303916,,
830,0.0080000000000000002,302.55492405597522,302.55492382627284,2.2970237978370278e-07,2.5499897326005185,,
830,0.0090000000000000011,302.64352420011534,302.64352468737388,-4.8725854639997124e-07,2.5499547904909834,,
830,0.01,302.74413919886337,302.74414047378804,-1.2749246707244311e-06,2.5498207288475663,,
830,0.010999999999999999,302.85727204296501,302.85727417121387,-2.1282488660290255e-06,2.5493598962433186,,
830,0.012,302.98345997750721,302.98346301465784,-3.0371506340998167e-06,2.5479409442622409,,
830,0.013000000000000001,303.12326438216087,303.12326836463899,-3.9824781197239645e-06,2.5440261162848867,,
830,0.014,303.27725689133092,303.27726182358617,-4.9322552513331175e-06,2.5343386550266938,,
830,0.014999999999999999,303.44600144056841,303.4460072807459,-5.8401774936100992e-06,2.5127958873889886,,
830,0.016,303.63003272205606,303.63003937011393,-6.6480578766459075e-06,2.4696061444828623,,
830,0.017000000000000001,303.82983260904479,303.82983990209539,-7.2930506007651275e-06,2.3911660279730209,,
830,0.018000000000000002,304.04580721619061,304.04581493522284,-7.719032225850242e-06,2.2612294273012035,,
830,0.019,304.27826803104352,304.27827592022305,-7.8891795283198007e-06,2.0630178647077604,,
830,0.02,304.52742061392593,304.52742841874039,-7.8048144587228308e-06,1.7804142959007292,,
840,0,302.26677603165291,302.26677303605516,2.9955977538520528e-06,2.5499999999884779,,
840,0.001,302.27170862503584,302.27170567313323,2.9519026156776818e-06,2.5499999999647471,,
840,0.002,302.28653541201169,302.28653259688053,2.8151311539659218e-06,2.5499999997588172,,
840,0.0030000000000000001,302.31134323663122,302.31134064833918,2.5882920340336568e-06,2.5499999982470096,,
840,0.0040000000000000001,302.34627624121691,302.34627396807883,2.2731380795448786e-06,2.5499999878594446,,
840,0.0050000000000000001,302.39153496130757,302.39153308944941,1.8718581600296602e-06,2.5499999222536434,,
840,0.0060000000000000001,302.44737502436152,302.4473736374652,1.3868963151253411e-06,2.5499995453977475,,
840,0.0070000000000000001,302.51410538135934,302.51410456054833,8.2081101027142722e-07,2.5499975881692327,,
840,0.0080000000000000002,302.59208592867344,302.59208575232861,1.7634482674111496e-07,2.549988429881235,,
840,0.0090000000000000011,302.68172427542623,302.68172481849001,-5.4306377705870545e-07,2.5499499039250959,,
840,0.01,302.78347128920871,302.78347262131308,-1.3321043752512196e-06,2.5498043966394999,,
840,0.010999999999999999,302.89781493845493,302.89781712012319,-2.1816682647113339e-06,2.5493113439359414,,
840,0.012,303.02527189093831,303.02527496730187,-3.0763635550101753e-06,2.547812750684237,,
840,0.013000000000000001,303.16637638700956,303.16638037906819,-3.9920586232256028e-06,2.5437258580206663,,
840,0.014,303.3216661429704,303.32167103737987,-4.8944094714897801e-06,2.5337153412005984,,
840,0.014999999999999999,303.49166548433141,303.49167122378151,-5.7394501027374645e-06,2.5116496753215856,,
840,0.016,303.67686653154004,303.67687300853083,-6.476990790815762e-06,2.4677395309625973,,
840,0.017000000000000001,303.87770995585146,303.87771701271396,-7.0568625005762442e-06,2.3884750414884324,,
840,0.018000000000000002,304.09456741654589,304.09457485268445,-7.4361385600241192e-06,2.2578000444468453,,
840,0.019,304.32772810753903,304.32773566360015,-7.5560611207947659e-06,2.0591713388115416,,
840,0.02,304.57739251621302,304.57739892997722,-6.4137641970773984e-06,1.7766597492974534,,
850,0,302.30029561600418,302.3002926850271,2.9309770752661279e-06,2.5499999999845961,,
850,0.001,302.30529314268034,302.30529025482008,2.8878602620352467e-06,2.5499999999538208,,
850,0.002,302.32031436086282,302.32031160883872,2.7520241019374225e-06,2.5499999996922735,,
850,0.0030000000000000001,302.34544499882077,302.3454424723472,2.5264735654673132e-06,2.5499999978176171,,
850,0.0040000000000000001,302.38082729876174,302.38082508617299,2.2125887539914402e-06,2.5499999852315174,,
850,0.0050000000000000001,302.42665902330793,302.42665721120136,1.8121065750165144e-06,2.5499999074639059,,
850,0.0060000000000000001,302.4831919771658,302.4831906500753,1.327090501490602e-06,2.5499994698730246,,
850,0.0070000000000000001,302.55072992805219,302.55072916801237,7.6003982485417509e-07,2.5499972407250984,,
850,0.0080000000000000002,302.6296257438857,302.62962562959746,1.1428824109316338e-07,2.5499869962581605,,
850,0.0090000000000000011,302.72027748625868,302.72027809144163,-6.0518294731082278e-07,2.5499446141359443,,
850,0.01,302.82312312976552,302.82312452022586,-1.3904603406444949e-06,2.5497869812439347,,
850,0.010999999999999999,302.9386335402038,302.93863576922683,-2.2290230390353827e-06,2.5492602748006408,,
850,0.012,303.06730337722564,303.06730647913258,-3.1019069410831435e-06,2.5476795564069206,,
850,0.013000000000000001,303.20963972501227,303.20964370698556,-3.9819732933210616e-06,2.5434172543590141,,
850,0.014,303.36614853161649,303.36615336462029,-4.8330037998312037e-06,2.533080708469083,,
850,0.014999999999999999,303.53731941707264,303.53732503012475,-5.6130521102204511e-06,2.5104919154553755,,
850,0.016,303.72361031471883,303.72361659855989,-6.2838410599397321e-06,2.4658663712432225,,
850,0.017000000000000001,303.92543518258873,303.92544198998655,-6.8073978241045552e-06,2.3857883231432293,,
850,0.018000000000000002,304.14316045799376,304.14316760631181,-7.1483180477116548e-06,2.2543886702574265,,
850,0.019,304.37711632812625,304.3771236877156,-7.3595893468336726e-06,2.0553537664756218,,
850,0.02,304.62762249831144,304.62763010926989,-7.6109584483674553e-06,1.7729359608616493,,
860,0,302.33425112517625,302.33424826070996,2.8644662961596623e-06,2.5499999999795397,,
860,0.001,302.33931272628712,302.33930990484561,2.8214415124239167e-06,2.5499999999398701,,
860,0.002,302.35452576573374,302.35452307990613,2.6858276100938383e-06,2.5499999996094962,,
860,0.0030000000000000001,302.37997474164757,302.37997228119161,2.4604559598628839e-06,2.5499999972962581,,
860,0.0040000000000000001,302.41579975984718,302.41579761335612,2.146491056009836e-06,2.5499999821127459,,
860,0.0050000000000000001,302.46219539082097,302.46219364529588,1.7455250826969859e-06,2.5499998902845773,,
860,0.0060000000000000001,302.51940894724862,302.51940768753644,1.2597121781254828e-06,2.5499993838937867,,
860,0.0070000000000000001,302.58773804523634,302.58773735315634,6.9207999331410974e-07,2.5499968525461298,,
860,0.0080000000000000002,302.66752726052664,302.66752721339702,4.7129617541941116e-08,2.5499854222392901,,
860,0.0090000000000000011,302.7591636448787,302.75916431307735,-6.6819865196521278e-07,2.5499388989731973,,
860,0.01,302.86307084456178,302.86307228779111,-1.4432293369281979e-06,2.5497684404419054,,
860,0.010999999999999999,302.97970158792475,302.97970385021961,-2.2622948563366663e-06,2.5492066270954417,,
860,0.012,303.10952841856039,303.10953152290728,-3.1043468879943248e-06,2.5475413041384325,,
860,0.013000000000000001,303.25303279606982,303.25303673985889,-3.943789067761827e-06,2.5431003093096569,,
860,0.014,303.41069312807491,303.41069787870236,-4.7506274540864979e-06,2.5324348904451224,,
860,0.014999999999999999,303.58297295451507,303.58297844317406,-5.4886589850866585e-06,2.5093228879781795,,
860,0.016,303.77031124632077,303.77031736507485,-6.1187540723040001e-06,2.4639869941306412,,
860,0.017000000000000001,303.97311719967252,303.97312381578701,-6.616114490043401e-06,2.3831060521541985,,
860,0.018000000000000002,304.19177135362946,304.19177834670046,-6.9930709969412419e-06,2.2509951624711433,,
860,0.019,304.42663289524791,304.42664019565422,-7.3004063096959726e-06,2.0515646798638283,,
860,0.02,304.67805018246543,304.67805778548933,-7.6030239029023505e-06,1.7692424144712202,,
870,0,302.36863647067071,302.36863367569106,2.7949796503889957e-06,2.5499999999729961,,
870,0.001,302.37376118504932,302.37375843314118,2.7519081413629465e-06,2.549999999922159,,
870,0.002,302.38916310405614,302.38916048792566,2.6161304731431301e-06,2.5499999995070453,,
870,0.0030000000000000001,302.41492531169234,302.41492292129863,2.3903937176328327e-06,2.5499999966660964,,
870,0.0040000000000000001,302.45118544253927,302.45118336673124,2.0758080268024059e-06,2.549999978426273,,
870,0.0050000000000000001,302.49813435789065,302.49813268383076,1.6740598880460311e-06,2.5499998703998061,,
870,0.0060000000000000001,302.55601415753267,302.55601296983446,1.1876982171088457e-06,2.5499992863127217,,
870,0.0070000000000000001,302.6251153917907,302.62511477119546,6.2059524452706682e-07,2.549996420000185,,
870,0.0080000000000000002,302.70577330640054,302.70577332779573,-2.1395180738181807e-08,2.5499836979478725,,
870,0.0090000000000000011,302.79836294013967,302.798363669747,-7.2960733632498886e-07,2.5499327358063653,,
870,0.01,302.90329292086818,302.90329441249634,-1.4916281543264631e-06,2.5497487318886591,,
870,0.010999999999999999,303.02099789499226,303.02100018536225,-2.2903699914422759e-06,2.5491503401812712,,
870,0.012,303.15192970477347,303.15193280827253,-3.1034990684020158e-06,2.5473979395918551,,
870,0.013000000000000001,303.29654771107886,303.29655161497487,-3.9038960153447988e-06,2.5427750308597159,,
870,0.014,303.45530902099267,303.45531368287175,-4.6618790747743333e-06,2.5317780223251205,,
870,0.014999999999999999,303.62865972512105,303.62866507492959,-5.3498085321734834e-06,2.5081428684137488,,
870,0.016,303.8170284070336,303.81703435570461,-5.9486710028977541e-06,2.4621017177360098,,
870,0.017000000000000001,304.02082296129578,304.02082941507223,-6.4537764501437778e-06,2.3804283978430916,,
870,0.018000000000000002,304.24043104990068,304.2404379256821,-6.8757814233322279e-06,2.2476193785474532,,
870,0.019,304.47622348855214,304.47623072315065,-7.2345985131505586e-06,2.0478036104239679,,
870,0.02,304.72855890629143,304.7285664650426,-7.5587511787489348e-06,1.7655787247844195,,
880,0,302.40344471702781,302.40344199635103,2.7206767754250905e-06,2.5499999999645775,,
880,0.001,302.4086314363513,302.40862875890889,2.6774424100040051e-06,2.5499999998997955,,
880,0.002,302.42421883829132,302.42421629709031,2.5412010131731222e-06,2.5499999993808617,,
880,0.0030000000000000001,302.45028837440708,302.4502860596545,2.3147525780586875e-06,2.5499999959077457,,
880,0.0040000000000000001,302.48697483620333,302.48697283682912,1.9993742057522468e-06,2.5499999740855985,,
880,0.0050000000000000001,302.53446484919147,302.53446325207392,1.5971175457707432e-06,2.5499998474617032,,
880,0.0060000000000000001,302.59299463834566,302.59299352716027,1.11118538370647e-06,2.5499991758917688,,
880,0.0070000000000000001,302.66284695095857,302.66284640450669,5.4645187219648506e-07,2.5499959392432858,,
880,0.0080000000000000002,302.74434701400048,302.74434710386851,-8.9868024133465951e-08,2.5499818131233418,,
880,0.0090000000000000011,302.837857422919,302.83785821037378,-7.8745478049313533e-07,2.5499261015453905,,
880,0.01,302.94377192154889,302.94377345372561,-1.5321767250497942e-06,2.5497278131620735,,
880,0.010999999999999999,303.06250815050788,303.06251045622497,-2.3057170892570866e-06,2.5490913545716301,,
880,0.012,303.19449961571939,303.19450270168568,-3.0859662842885882e-06,2.5472494114607298,,
880,0.013000000000000001,303.34018734004871,303.34019118863677,-3.8485880509142589e-06,2.5424414308126249,,
880,0.014,303.50001186034467,303.50001643017214,-4.5698274675487482e-06,2.5311102406685642,,
880,0.014999999999999999,303.67440634321122,303.67441157330245,-5.2300912329883431e-06,2.5069521275823581,,
880,0.016,303.86379153452577,303.86379735171437,-5.8171885939373169e-06,2.4602108497895903,,
880,0.017000000000000001,304.06857298468759,304.06857931256582,-6.3278782249653887e-06,2.377755520114937,,
880,0.018000000000000002,304.28914053819915,304.28914730504783,-6.7668486849470355e-06,2.2442611755028166,,
880,0.019,304.525869573465,304.52587671675764,-7.1432926347370085e-06,2.0440700965586061,,
880,0.02,304.77912311745985,304.77913059411173,-7.4766518878277566e-06,1.7619444051478383,,
890,0,302.43866786443925,302.43866522397656,2.640462696490431e-06,2.5499999999538088,,
890,0.001,302.44391531548462,302.44391271843432,2.5970502974814735e-06,2.5499999998717064,,
890,0.002,302.45968430767761,302.45968184733493,2.4603426709290943e-06,2.5499999992261846,,
890,0.0030000000000000001,302.48605444354428,302.48605221023217,2.2333121023621061e-06,2.5499999949989749,,
890,0.0040000000000000001,302.52315732146462,302.52315540388639,1.9175782313141099e-06,2.5499999689937192,,
890,0.0050000000000000001,302.571174873541,302.57117335778116,1.5157598340920231e-06,2.5499998210882895,,
890,0.0060000000000000001,302.63033693859285,302.6303359066913,1.0319015473214677e-06,2.5499990512984732,,
890,0.0070000000000000001,302.70091799148219,302.70091751948053,4.7200165909089264e-07,2.5499954062161927,,
890,0.0080000000000000002,302.78323296057187,302.78323311597546,-1.5540359754595556e-07,2.5499797571254326,,
890,0.0090000000000000011,302.87763210472178,302.87763294343472,-8.3871293554693693e-07,2.5499189726647562,,
890,0.01,302.98449499566965,302.98449655865056,-1.5629809126949112e-06,2.5497056418104553,,
890,0.010999999999999999,303.10422376064901,303.10422607077447,-2.3101254669199989e-06,2.5490296119710871,,
890,0.012,303.23723587241966,303.23723893225014,-3.0598304761042527e-06,2.547095671371983,,
890,0.013000000000000001,303.38395690424801,303.38396069545007,-3.7912020616204245e-06,2.5420995246063764,,
890,0.014,303.54481375820666,303.54481824317321,-4.4849665528090554e-06,2.5304316831819738,,
890,0.014999999999999999,303.72022888552215,303.72023401124153,-5.1257193831588665e-06,2.5057509316014315,,
890,0.016,303.91061591919851,303.91062162276967,-5.7035711620301299e-06,2.4583146880110847,,
890,0.017000000000000001,304.11637693350514,304.11638314814593,-6.2146407913132862e-06,2.3750875699558476,,
890,0.018000000000000002,304.33790127435776,304.33790793456177,-6.6602040078578284e-06,2.2409204096401685,,
890,0.019,304.57556564560514,304.57557269044662,-7.044841481729236e-06,2.0403636912951808,,
890,0.02,304.82973497429981,304.82974235867096,-7.3843711447807436e-06,1.7583389599152965,,
900,0,302.47429681211355,302.47429425817603,2.5539375201333314e-06,2.5499999999401113,,
900,0.001,302.47960356527119,302.47960105484452,2.5104266683229071e-06,2.5499999998366043,,
900,0.002,302.49554979544212,302.49554742191452,2.3735275931358046e-06,2.5499999990374418,,
900,0.0030000000000000001,302.5222130729332,302.52221092645595,2.1464772430590529e-06,2.5499999939143865,,
900,0.0040000000000000001,302.55972152346021,302.55971969209241,1.8313677969672426e-06,2.5499999630421994,,
900,0.0050000000000000001,302.60825205444627,302.60825062293537,1.4315108955997857e-06,2.5499997908613019,,
900,0.0060000000000000001,302.66802780746849,302.66802685561902,9.5184947213056148e-07,2.5499989111021115,,
900,0.0070000000000000001,302.73931479655135,302.73931439714829,3.9940306351127219e-07,2.5499948166406785,,
900,0.0080000000000000002,302.82241771404694,302.82241793037002,-2.1632308744301554e-07,2.54997751893776,,
900,0.0090000000000000011,302.91767493135785,302.91767581444628,-8.8308843260165304e-07,2.5499113252264851,,
900,0.01,303.02545279061343,303.02545437658625,-1.5859728250688931e-06,2.5496821753985301,,
900,0.010999999999999999,303.1461393696095,303.14614167747476,-2.3078652588992554e-06,2.5489650553133392,,
900,0.012,303.28013799251062,303.28014102295634,-3.0304457254715089e-06,2.5469366738452326,,
900,0.013000000000000001,303.42786083293288,303.42786456851775,-3.7355848689912818e-06,2.5417493311488037,,
900,0.014,303.58972299106478,303.58972739800561,-4.4069408318136993e-06,2.5297424885211073,,
900,0.014999999999999999,303.76613740337694,303.76614243479025,-5.031413309097843e-06,2.5045395418806975,,
900,0.016,303.95751085524853,303.95751645535,-5.6001014741013933e-06,2.4564135204349773,,
900,0.017000000000000001,304.1642412249264,304.16424733345144,-6.1085250422365789e-06,2.3724246898564143,,
900,0.018000000000000002,304.38671592208698,304.38672247817595,-6.556088976594765e-06,2.2375969364705681,,
900,0.019,304.62531133922482,304.6253182832354,-6.9440105789908557e-06,2.0366839625188611,,
900,0.02,304.88039403099066,304.88040032848448,-6.2974938259685587e-06,1.7547618977999742,,
910,0,302.51032148765057,302.51031902735286,2.4602977077847754e-06,2.5499999999227798,,
910,0.001,302.51568598715488,302.51568356931375,2.4178411308639625e-06,2.5499999997929543,,
910,0.002,302.53180474180675,302.53180246051301,2.2812937459093519e-06,2.5499999988081496,,
910,0.0030000000000000001,302.55875316076504,302.55875110561851,2.0551465240714606e-06,2.5499999926250654,,
910,0.0040000000000000001,302.59665571501915,302.59665397299796,1.7420211975149869e-06,2.5499999561102031,,
910,0.0050000000000000001,302.64568410266867,302.64568275674708,1.3459215892908105e-06,2.5499997563239778,,
910,0.0060000000000000001,302.70605465189681,302.70605377931668,8.7258013081736863e-07,2.5499987537699527,,
910,0.0070000000000000001,302.77802495514777,302.77802462536863,3.2977914088405669e-07,2.5499941660162913,,
910,0.0080000000000000002,302.86188975445208,302.8618900268732,-2.7242111855230178e-07,2.549975087172375,,
910,0.0090000000000000011,302.9579761409272,302.95797706256803,-9.2164083298484911e-07,2.5499031349038281,,
910,0.01,303.06663818827531,303.06663979169116,-1.6034158534239396e-06,2.5496573715520823,,
910,0.010999999999999999,303.18825120357815,303.18825350531711,-2.3017389594315318e-06,2.5488976287946712,,
910,0.012,303.32320583828016,303.32320883805011,-2.9997699471095984e-06,2.5467723762470986,,
910,0.013000000000000001,303.47190235082718,303.4719060311777,-3.6803505167881667e-06,2.5413908726544387,,
910,0.014,303.63474538805775,303.63474971503319,-4.3269754428365559e-06,2.529042796104525,,
910,0.014999999999999999,303.81214003739399,303.81214496550081,-4.9281068186246557e-06,2.5033182151291498,,
910,0.016,304.00449166551385,304.00449714223686,-5.476723003994266e-06,2.454507625732238,,
910,0.017000000000000001,304.21221724499873,304.21222321599714,-5.9709984157052531e-06,2.3697670142008143,,
910,0.018000000000000002,304.43578437298396,304.43579089805206,-6.5250681018369505e-06,2.2342906109154534,,
910,0.019,304.67579587652904,304.67580335756821,-7.4810391765822715e-06,2.0330304914528492,,
910,0.02,304.93311243694745,304.93312160341981,-9.1664723527173919e-06,1.7512117729347993,,
920,0,302.54673109637025,302.54672873359806,2.3627721930097323e-06,2.5499999999009662,,
920,0.001,302.55215170291063,302.55214938232075,2.3205898855849227e-06,2.5499999997389331,,
920,0.002,302.56843803795078,302.56843585296144,2.1849893414582766e-06,2.5499999985307844,,
920,0.0030000000000000001,302.59566328078461,302.59566132002305,1.9607615513450583e-06,2.5499999910982094,,
920,0.0040000000000000001,302.63394816522202,302.63394651421879,1.6510032310179668e-06,2.5499999480634772,,
920,0.0050000000000000001,302.68345912983648,302.68345786953171,1.2603047707671067e-06,2.549999716978804,,
920,0.0060000000000000001,302.74440573031546,302.74440493530716,7.9500830452161608e-07,2.5499985776636014,,
920,0.0070000000000000001,302.81703733334274,302.81703706992283,2.6341990633227397e-07,2.5499934496175447,,
920,0.0080000000000000002,302.90163913837824,302.90163946243752,-3.2405927186118788e-07,2.5499724500750394,,
920,0.0090000000000000011,302.99852761275139,302.99852856768922,-9.5493783192068804e-07,2.5498943770053151,,
920,0.01,303.10804547818424,303.10804709311304,-1.6149288057931699e-06,2.5496311880010758,,
920,0.010999999999999999,303.23055646674339,303.23055875552132,-2.2887779209668224e-06,2.5488272779034964,,
920,0.012,303.36644022356171,303.36644318472236,-2.9611606464641227e-06,2.5466027387423527,,
920,0.013000000000000001,303.51608810476517,303.51609172037752,-3.6156123428554565e-06,2.5410241744851101,,
920,0.014,303.67990142327687,303.67990565588826,-4.2326113884882943e-06,2.5283327459388403,,
920,0.014999999999999999,303.85829510489992,303.85829990248538,-4.7975854613468982e-06,2.5020872033707171,,
920,0.016,304.05171141316714,304.05171674397138,-5.330804242476006e-06,2.4525972735223269,,
920,0.017000000000000001,304.26064896787295,304.26065490152882,-5.9336558706490905e-06,2.3671146696259022,,
920,0.018000000000000002,304.48570937173639,304.48571615788154,-6.7861451498174574e-06,2.2310012876302494,,
920,0.019,304.72765582577006,304.72766386773492,-8.0419648611496086e-06,2.029402865963982,,
920,0.02,304.98746749623888,304.98747725776894,-9.7615300660436333e-06,1.7476882393059345,,
930,0,302.58351441940533,302.58351215787275,2.2615325860897428e-06,2.5499999998736493,,
930,0.001,302.58898945439046,302.58898723455178,2.2198386773197853e-06,2.5499999996723841,,
930,0.002,302.60543832649671,302.60543624068373,2.0858129801126779e-06,2.5499999981966552,,
930,0.0030000000000000001,302.63293197081845,302.63293010631355,1.8645048953658261e-06,2.5499999892967278,,
930,0.0040000000000000001,302.67158738682997,302.67158582741814,1.5594118281114788e-06,2.5499999387533028,,
930,0.0050000000000000001,302.72156581036842,302.72156463475648,1.1756119420169853e-06,2.5499996722852374,,
930,0.0060000000000000001,302.7830701805093,302.78306946055852,7.199507763289148e-07,2.5499983810354254,,
930,0.0070000000000000001,302.85634194281437,302.85634174165949,2.0115487586735981e-07,2.5499926624914289,,
930,0.0080000000000000002,302.94165726546817,302.94165763563501,-3.7016684473201167e-07,2.5499695955310604,,
930,0.0090000000000000011,303.03932280545325,303.03932378705019,-9.8159694061905611e-07,2.5498850264988961,,
930,0.01,303.1496712714781,303.14967289035934,-1.6188812423933996e-06,2.549603582621232,,
930,0.010999999999999999,303.27305723131974,303.27305949707988,-2.2657601448372588e-06,2.5487539494466289,,
930,0.012,303.40985396030936,303.40985686476029,-2.9044509233244753e-06,2.5464277242434705,,
930,0.013000000000000001,303.56045265897478,303.56045617804347,-3.5190686844543961e-06,2.5406492649958898,,
930,0.014,303.72526600778923,303.72527011267124,-4.1048820094147231e-06,2.5276124784555294,,
930,0.014999999999999999,303.90473848520099,303.90474316723947,-4.6820384795864811e-06,2.5008467539657957,,
930,0.016,304.09936560205176,304.09937090855033,-5.3064985650053131e-06,2.4506827246708807,,
930,0.017000000000000001,304.30972259022798,304.30972865952714,-6.06929916102672e-06,2.3644677753597829,,
930,0.018000000000000002,304.53649993811763,304.53650701178213,-7.0736645056967973e-06,2.2277288212861857,,
930,0.019,304.78053921439204,304.78054761097883,-8.396586792969174e-06,2.025800665951925,,
930,0.02,305.04285963407199,305.04286971157927,-1.0077507283767773e-05,1.7441911531494065,,
940,0,302.62066009752692,302.62065793955679,2.1579701297014253e-06,2.5499999998396072,,
940,0.001,302.62618788162365,302.62618576465661,2.1169670390008832e-06,2.5499999995907681,,
940,0.002,302.64279426051905,302.64279227540902,1.9851100319101533e-06,2.5499999977957533,,
940,0.0030000000000000001,302.67054795510273,302.67054618743737,1.7676653669695952e-06,2.5499999871788197,,
940,0.0040000000000000001,302.70956230306001,302.70956083459674,1.4684632674288878e-06,2.5499999280153949,,
940,0.0050000000000000001,302.75999348665135,302.75999239367707,1.0929742870757764e-06,2.5499996216574061,,
940,0.0060000000000000001,302.82203810618284,302.82203745773052,6.4845232827792643e-07,2.5499981620251053,,
940,0.0070000000000000001,302.89593017738378,302.8959300333251,1.4405867432287778e-07,2.5499917994553707,,
940,0.0080000000000000002,302.98193769359983,302.98193810261779,-4.0901795728132129e-07,2.549966511071835,,
940,0.0090000000000000011,303.08035899974107,303.08035999725718,-9.9751611060128198e-07,2.5498750580363359,,
940,0.01,303.19151939457254,303.19152100098506,-1.6064125247794436e-06,2.5495745134740226,,
940,0.010999999999999999,303.31576862531819,303.31577084555363,-2.2202354443834338e-06,2.5486775915717788,,
940,0.012,303.45348024993353,303.4534830761981,-2.8262645628274186e-06,2.5462472983573305,,
940,0.013000000000000001,303.60505414502529,303.60505756521013,-3.4201848393422551e-06,2.5402661753844917,,
940,0.014,303.77092357551419,303.7709275888397,-4.0133255083674158e-06,2.5268821343581402,,
940,0.014999999999999999,303.9515679900839,303.95157262841821,-4.6383343033085112e-06,2.4995971096404106,,
940,0.016,304.14753184909648,304.14753719870083,-5.3496043506129354e-06,2.4487642315783003,,
940,0.017000000000000001,304.35944827683664,304.35945449261516,-6.2157785123417852e-06,2.3618264435534053,,
940,0.018000000000000002,304.58806441534591,304.58807171886673,-7.3035208174587751e-06,2.2244730665553596,,
940,0.019,304.83426364277898,304.83427230079343,-8.6580144511572144e-06,2.0222234754174675,,
940,0.02,305.09907909384344,305.09908939619822,-1.0302354780833411e-05,1.7407201728341839,,
950,0,302.65815686966431,302.6581548161455,2.0535188127723814e-06,2.5499999997973846,,
950,0.001,302.66373575526779,302.66373374187373,2.0133940665800765e-06,2.5499999994911065,,
950,0.002,302.68049472028764,302.68049283603034,1.8842573012989305e-06,2.549999997316601,,
950,0.0030000000000000001,302.70850034606951,302.70849867450511,1.6715644051146228e-06,2.5499999846975192,,
950,0.0040000000000000001,302.74786246214677,302.74786108268216,1.379464606543479e-06,2.5499999156687667,,
950,0.0050000000000000001,302.79873248080042,302.79873146692626,1.0138741686205321e-06,2.5499995644617899,,
950,0.0060000000000000001,302.86130116495497,302.86130058232845,5.8262651236873353e-07,2.5499979186562878,,
950,0.0070000000000000001,302.93579596246462,302.93579586690197,9.5562654678360559e-08,2.5499908550955528,,
950,0.0080000000000000002,303.02247812837362,303.0224785639283,-4.3555468209888204e-07,2.5499631838819328,,
950,0.0090000000000000011,303.12163998463802,303.12164098218085,-9.9754282700814656e-07,2.549864445977629,,
950,0.01,303.23360283432982,303.23360441140301,-1.5770731920383696e-06,2.5495439388450487,,
950,0.010999999999999999,303.35871623646466,303.35871839951687,-2.1630522155646759e-06,2.5485981537869469,,
950,0.012,303.49735951038275,303.49736226057524,-2.7501924932948896e-06,2.5460614293305026,,
950,0.013000000000000001,303.64994639210067,303.64994973540007,-3.3432993973292469e-06,2.5398749395455855,,
950,0.014,303.81693360225904,303.81693756322954,-3.960970502703276e-06,2.5261418544797651,,
950,0.014999999999999999,303.99883360990594,303.99883824682399,-4.6369180495275941e-06,2.4983385085203129,,
950,0.016,304.19623105970322,304.19623647711933,-5.4174161050468683e-06,2.4468420384557361,,
950,0.017000000000000001,304.40980126900911,304.40980762294686,-6.3539377492816129e-06,2.3591907796020277,,
950,0.018000000000000002,304.64032813872637,304.6403356305637,-7.4918373229593271e-06,2.2212338777629537,,
950,0.019,304.88871810736629,304.88872696552971,-8.8581634258844133e-06,2.0186708952749681,,
950,0.02,305.1560067520864,305.15601721882251,-1.0466736114267405e-05,1.7372749220377193,,
960,0,302.69599379896147,302.69599184924215,1.9497193193274143e-06,2.5499999997452556,,
960,0.001,302.70162220760784,302.70162029692932,1.9106785202893661e-06,2.5499999993699172,,
960,0.002,302.71852906584991,302.71852728096121,1.7848886955107446e-06,2.5499999967460734,,
960,0.0030000000000000001,302.74677895529641,302.74677737726222,1.5780341868776304e-06,2.5499999818002199,,
960,0.0040000000000000001,302.78647847338868,302.78647717874605,1.2946426295457059e-06,2.5499999015145574,,
960,0.0050000000000000001,302.83777474529137,302.83777380417519,9.4111618409442599e-07,2.5499995000148941,,
960,0.0060000000000000001,302.90085349329337,302.9008529675221,5.2577127007680247e-07,2.5499976488333655,,
960,0.0070000000000000001,302.97593684937334,302.9759367906853,5.8688044646260096e-08,2.549989823765626,,
960,0.0080000000000000002,303.06328119181433,303.06328164058863,-4.4877430127598927e-07,2.5499596008067265,,
960,0.0090000000000000011,303.16317540273087,303.16317638773148,-9.8500061085360358e-07,2.5498531644154174,,
960,0.01,303.27594006623633,303.27594160607447,-1.5398381378872728e-06,2.54951181728081,,
960,0.010999999999999999,303.40192822705615,303.40193033407996,-2.1070238176434941e-06,2.5485155869766545,,
960,0.012,303.54152836019819,303.54153104725049,-2.6870523015531944e-06,2.545870087992951,,
960,0.013000000000000001,303.69517010676515,303.69517339662178,-3.2898566360017867e-06,2.5394755939294851,,
960,0.014,303.8633330577963,303.86333699413723,-3.9363409314319142e-06,2.5253917796501058,,
960,0.014999999999999999,304.04655839628163,304.04656305404723,-4.6577656007684709e-06,2.4970711841700619,,
960,0.016,304.24546257324903,304.24546806556503,-5.4923160064390686e-06,2.4449163815908208,,
960,0.017000000000000001,304.46075150478015,304.460757983576,-6.478795853581687e-06,2.3565608824482731,,
960,0.018000000000000002,304.69323320229211,304.69324085069093,-7.6483988209474774e-06,2.21801110875451,,
960,0.019,304.9438264798647,304.94383549631112,-9.0164464268127631e-06,2.0151425436278729,,
960,0.02,305.21356355974802,305.21357416042412,-1.0600676091598871e-05,1.7338550152959586,,
970,0,302.73416057490135,302.73415872449527,1.8504060790291987e-06,2.5499999996811815,,
970,0.001,302.73983705117109,302.73983524008247,1.811088623071555e-06,2.5499999992231501,,
970,0.002,302.7568875063821,302.75688581699671,1.6893853853616747e-06,2.5499999960692192,,
970,0.0030000000000000001,302.78537474673107,302.78537325708464,1.4896464222147188e-06,2.5499999784281675,,
970,0.0040000000000000001,302.82540255881895,302.82540134213792,1.2166810279268248e-06,2.5499998853348207,,
970,0.0050000000000000001,302.87711446753514,302.87711359037911,8.7715602603566367e-07,2.5499994275809135,,
970,0.0060000000000000001,302.94069219353838,302.9406917141057,4.7943268555172835e-07,2.5499973503383973,,
970,0.0070000000000000001,303.01635402884358,303.01635399569693,3.3146648092952091e-08,2.5499886995858136,,
970,0.0080000000000000002,303.10435343397057,303.10435388555356,-4.5158299144532066e-07,2.5499557483605368,,
970,0.0090000000000000011,303.20497824633918,303.20497921175377,-9.654145856075047e-07,2.5498411871993398,,
970,0.01,303.31855095893576,303.31855246046121,-1.5015254462014127e-06,2.5494781076238202,,
970,0.010999999999999999,303.4454305533435,303.44543261105548,-2.0577119812514866e-06,2.5484298434152075,,
970,0.012,303.58601631793488,303.5860189565542,-2.6386193212601938e-06,2.5456732477005128,,
970,0.013000000000000001,303.74075390899458,303.74075716668318,-3.2576886042079423e-06,2.5390681774053769,,
970,0.014,303.91014351842995,303.91014745580873,-3.9373787785734748e-06,2.5246320505716806,,
970,0.014999999999999999,304.09474892699347,304.09475363556936,-4.7085758865250682e-06,2.4957953656362446,,
970,0.016,304.29520276295352,304.29520837898048,-5.6160269537031127e-06,2.4429874896035262,,
970,0.017000000000000001,304.51219421692684,304.51220088244258,-6.6655157411332766e-06,2.3539368448572722,,
970,0.018000000000000002,304.74641084509454,304.7464184940514,-7.6489568527904339e-06,2.21480461317591,,
970,0.019,304.99840319553442,304.9984112413851,-8.0458506772629335e-06,2.0116380532747389,,
970,0.02,305.26838324384153,305.26839061591727,-7.3720757427508943e-06,1.7304608957204952,,
980,0,302.77264791646297,302.77264616192616,1.754536810949503e-06,2.5499999996027638,,
980,0.001,302.77837119143777,302.7783694746131,1.7168246699839074e-06,2.5499999990461042,,
980,0.002,302.79556153415871,302.79555993416386,1.5999948459466395e-06,2.5499999952690531,,
980,0.0030000000000000001,302.82428027900369,302.82427887050278,1.4085009070186061e-06,2.5499999745159263,,
980,0.0040000000000000001,302.86462894429371,302.86462779705568,1.1472380379018432e-06,2.549999866891282,,
980,0.0050000000000000001,302.91674828181942,302.916747459021,8.2279842672505765e-07,2.5499993463694071,,
980,0.0060000000000000001,302.98081716564116,302.98081672252459,4.4311656210993533e-07,2.5499970208281622,,
980,0.0070000000000000001,303.05705154718561,303.05705153035706,1.6828550997161074e-08,2.5499874764423947,,
980,0.0080000000000000002,303.14570376977861,303.14570421751466,-4.4773605623049662e-07,2.5499516127352573,,
980,0.0090000000000000011,303.247062586857,303.24706353081189,-9.4395488758891588e-07,2.5498284879602586,,
980,0.01,303.3614542391386,303.3614557076686,-1.4685300016026304e-06,2.5494427690460784,,
980,0.010999999999999999,303.48924486436061,303.4892468873482,-2.0229875872246339e-06,2.548340876777115,,
980,0.012,303.63084422024161,303.63084683563744,-2.615395828797773e-06,2.5454708842763036,,
980,0.013000000000000001,303.78670995335841,303.78671321693008,-3.2635716706863604e-06,2.5386527311289613,,
980,0.014,303.95735006639836,303.95735406313156,-3.9967331986190402e-06,2.5238628077046501,,
980,0.014999999999999999,304.14331855795302,304.14332339791122,-4.8399581942248915e-06,2.4945112774944085,,
980,0.016,304.34519601308222,304.34520177562325,-5.7625410363471019e-06,2.4410555836928562,,
980,0.017000000000000001,304.56354558752446,304.56355220687442,-6.6193499606015394e-06,2.3513187536700291,,
980,0.018000000000000002,304.79883940055714,304.7988465525155,-7.1519583570989198e-06,2.2116142449272367,,
980,0.019,305.05136330726395,305.05137040974478,-7.102480822140933e-06,2.0081570739731172,,
980,0.02,305.32112546367722,305.32113183719349,-6.3735162711964222e-06,1.727092073110932,,
990,0,302.81144798154696,302.81144631524751,1.666299453972897e-06,2.5499999995071918,,
990,0.001,302.817217026778,302.81721539640284,1.6303751522173116e-06,2.5499999988333504,,
990,0.002,302.8345442878271,302.83454276891581,1.5189112900770851e-06,2.5499999943263476,,
990,0.0030000000000000001,302.86348998189533,302.86348864559039,1.3363049333747767e-06,2.5499999699908207,,
990,0.0040000000000000001,302.90415396732141,302.90415288006091,1.0872605002987257e-06,2.549999845924058,,
990,0.0050000000000000001,302.95667509907383,302.95667432117398,7.7789985652998439e-07,2.5499992555329727,,
990,0.0060000000000000001,303.02123054503488,303.02123012979683,4.152380483901652e-07,2.5499966578313669,,
990,0.0070000000000000001,303.09803527177604,303.09803526537706,6.3989773479988798e-09,2.549986147987569,,
990,0.0080000000000000002,303.18734193910848,303.1873423815556,-4.4244711716601159e-07,2.5499471798093984,,
990,0.0090000000000000011,303.28944142102227,303.28944234852167,-9.2749939994973829e-07,2.5498150401342965,,
990,0.01,303.40466404021663,303.4046654894313,-1.4492146647171467e-06,2.5494057610809211,,
990,0.010999999999999999,303.53338127347661,303.53338328790926,-2.0144326526860823e-06,2.5482486421449151,,
990,0.012,303.67600704330658,303.67600968041944,-2.6371128569735447e-06,2.5452629759514322,,
990,0.013000000000000001,303.83299669026013,303.83300002408691,-3.3338267826366064e-06,2.5382292984146289,,
990,0.014,304.00484044446506,304.00484455416222,-4.1096971585830033e-06,2.5230841911597555,,
990,0.014999999999999999,304.19204718604959,304.19205212138326,-4.9353336635249434e-06,2.493219139898879,,
990,0.016,304.39511443989591,304.39512016649246,-5.7265965551778208e-06,2.4391208778738327,,
990,0.017000000000000001,304.61448294999627,304.61448929531809,-6.3453218217546237e-06,2.3487066900492723,,
990,0.018000000000000002,304.8504792064976,304.85048583541641,-6.6289188112023112e-06,2.2084398586129361,,
990,0.019,305.10325576290921,305.10326220882968,-6.4459204622835387e-06,2.0046992824074801,,
990,0.02,305.37274423806508,305.37274998876273,-5.7506976531840337e-06,1.7237478988439587,,
1000,0,302.85055466222946,302.85055307468684,1.5875426129241532e-06,2.5499999993911828,,
1000,0.001,302.85636871992722,302.85636716646246,1.5534647559434234e-06,2.5499999985786306,,
1000,0.002,302.8738307485504,302.87382930107367,1.4474767340288963e-06,2.5499999932193957,,
1000,0.0030000000000000001,302.90300021530106,302.90299894156652,1.2737345400637423e-06,2.5499999647723466,,
1000,0.0040000000000000001,302.94397592405733,302.9439748875958,1.0364615263824817e-06,2.5499998221503546,,
1000,0.0050000000000000001,302.99689565137635,302.99689491042943,7.4094691626669373e-07,2.5499991541649361,,
1000,0.0060000000000000001,303.06193581850329,303.06193542562124,3.9288204334297916e-07,2.5499962587460079,,
1000,0.0070000000000000001,303.13931134173077,303.13931134434387,-2.6130919650313444e-09,2.5499847076396858,,
1000,0.0080000000000000002,303.22927576787765,303.22927621015788,-4.4228022488823626e-07,2.549942435157555,,
1000,0.0090000000000000011,303.33212167650288,303.3321226026772,-9.2617432301267399e-07,2.5498008169866488,,
1000,0.01,303.44818106918859,303.44818252787599,-1.4586873930966249e-06,2.549367043653235,,
1000,0.010999999999999999,303.577825032475,303.57782708038769,-2.047912687430653e-06,2.5481530960144143,,
1000,0.012,303.72146136783101,303.72146406949963,-2.7016686203751306e-06,2.5450495033050116,,
1000,0.013000000000000001,303.87952824670441,303.87953166582696,-3.4191225495305844e-06,2.5377979246119238,,
1000,0.014,304.05248153625644,304.05248571542523,-4.1791687976910907e-06,2.5222963405989542,,
1000,0.014999999999999999,304.2407736437616,304.24077857371566,-4.9299540592073754e-06,2.4919191686354254,,
1000,0.016,304.44482292767731,304.44482851402859,-5.5863512784526392e-06,2.4371835792055907,,
1000,0.017000000000000001,304.66497504860143,304.66498108855671,-6.0399552808121371e-06,2.3461007297289065,,
1000,0.018000000000000002,304.90146069501287,304.90146687689673,-6.1818838617000438e-06,2.2052813100908879,,
1000,0.019,305.15435695072563,305.1543628832901,-5.932564477006963e-06,2.0012643703098849,,
1000,0.02,305.42356089794271,305.423566171414,-5.2734712880919687e-06,1.7204279108120799,,
1010,0,302.8899636955328,302.88996217631683,1.5192159708021791e-06,2.5499999992509199,,
1010,0.001,302.89582227754312,302.89582079064508,1.4868980429127987e-06,2.5499999982747634,,
1010,0.002,302.91341772199024,302.91341633592759,1.3860626495443285e-06,2.549999991923769,,
1010,0.0030000000000000001,302.94280907342414,302.94280785298054,1.2204436075080594e-06,2.5499999587715574,,
1010,0.0040000000000000001,302.98409458440062,302.98409359093012,9.9347050763753941e-07,2.549999795263131,,
1010,0.0050000000000000001,303.03741154519452,303.03741083605382,7.0914069283389836e-07,2.5499990412970686,,
1010,0.0060000000000000001,303.10293614268187,303.10293577145723,3.7122464391359244e-07,2.5499958208368976,,
1010,0.0070000000000000001,303.18088337997779,303.18088339768923,-1.7711442978907144e-08,2.5499831485838498,,
1010,0.0080000000000000002,303.27150699316275,303.27150745040166,-4.5723891162197106e-07,2.5499373640602321,,
1010,0.0090000000000000011,303.375099119911,303.37510006940494,-9.4949393769638846e-07,2.5497857916351143,,
1010,0.01,303.49198919748449,303.49199069589412,-1.4984096310399764e-06,2.5493265771080567,,
1010,0.010999999999999999,303.62254121662312,303.62254332364921,-2.1070260913802485e-06,2.548054196297596,,
1010,0.012,303.76714810833863,303.76715088089156,-2.7725529321287468e-06,2.5448304492038076,,
1010,0.013000000000000001,303.92622183135279,303.9262253111558,-3.4798030128513346e-06,2.5373586569864162,,
1010,0.014,304.10017784516464,304.10018204001631,-4.1948516695811122e-06,2.5214993951432803,,
1010,0.014999999999999999,304.28941327329454,304.28941813513802,-4.8618434789204912e-06,2.4906115751760716,,
1010,0.016,304.49427925462783,304.49428466037511,-5.4057472880231217e-06,2.4352438880106262,,
1010,0.017000000000000001,304.71504961625914,304.71505535859035,-5.7423312114224245e-06,2.3435009432709664,,
1010,0.018000000000000002,304.95188970035321,304.95189549486543,-5.7945122193814314e-06,2.2021384571525191,,
1010,0.019,305.20483038284897,305.20483589369456,-5.5108455967456393e-06,1.9978520321331723,,
1010,0.02,305.47375247629321,305.47375736384254,-4.8875493234845635e-06,1.7171316936015806,,
1020,0,302.92967252694791,302.92967106585849,1.461089425447426e-06,2.5499999990819782,,
1020,0.001,302.93557536930786,302.93557393905058,1.4302572708402295e-06,2.5499999979135337,,
1020,0.002,302.9533035169548,302.95330218328172,1.3336730830815213e-06,2.5499999904120472,,
1020,0.0030000000000000001,302.98291580647549,302.98291463204856,1.174426927263994e-06,2.5499999518904231,,
1020,0.0040000000000000001,303.02451021448746,303.02450925965491,9.5483255790895782e-07,2.5499997649297392,,
1020,0.0050000000000000001,303.0782237404859,303.07822306319133,6.7729456532106269e-07,2.5499989158973158,,
1020,0.0060000000000000001,303.14423223004644,303.14423188640063,3.436458086980565e-07,2.5499953412333527,,
1020,0.0070000000000000001,303.22275005546737,303.2227501009146,-4.5447222873917781e-08,2.5499814637728826,,
1020,0.0080000000000000002,303.31402945132203,303.31402994201909,-4.9069706165028038e-07,2.5499319515140022,,
1020,0.0090000000000000011,303.41835912680557,303.41836012043262,-9.9362705441308208e-07,2.549769937073302,,
1020,0.01,303.53606156209145,303.53606311693892,-1.5548474721072125e-06,2.5492843222375901,,
1020,0.010999999999999999,303.66748818715712,303.6674903581723,-2.171015182739211e-06,2.5479519023232879,,
1020,0.012,303.81301151486662,303.81301434563636,-2.8307697448326508e-06,2.5446057987416415,,
1020,0.013000000000000001,303.97301335386658,303.97301686440676,-3.5105401821056148e-06,2.5369115446048078,,
1020,0.014,304.14786855544133,304.14787272711277,-4.1716714349604445e-06,2.5206934932875176,,
1020,0.014999999999999999,304.33792440094021,304.33792916149037,-4.7605501549696783e-06,2.4892965667357845,,
1020,0.016,304.54347667189506,304.54348188480827,-5.2129132086520258e-06,2.433301998086443,,
1020,0.017000000000000001,304.7647445047707,304.76474996735078,-5.4625800771646027e-06,2.3409073963344014,,
1020,0.018000000000000002,305.00184705331679,305.00185250668198,-5.4533651905330771e-06,2.1990111599074766,,
1020,0.019,305.25478545800541,305.25479060943968,-5.1514342658265377e-06,1.9944619637040368,,
1020,0.02,305.5234335178468,305.52343796929915,-4.4514523551697494e-06,1.713858856641717,,
1030,0,302.96967983392369,302.96967842551447,1.4084092185839836e-06,2.5499999988792488,,
1030,0.001,302.97562679803798,302.9756254170631,1.3809748793391918e-06,2.5499999974855632,,
1030,0.002,302.99348725800348,302.99348597080217,1.2872013144260563e-06,2.5499999886535423,,
1030,0.0030000000000000001,303.02331988749313,303.02331875574089,1.1317522421450121e-06,2.5499999440211618,,
1030,0.0040000000000000001,303.06522236268768,303.0652214468389,9.1584877282002708e-07,2.5499997307905433,,
1030,0.0050000000000000001,303.11933114916508,303.1193305086216,6.4054347603814676e-07,2.5499987768675703,,
1030,0.0060000000000000001,303.18582109061919,303.18582078423702,3.0638216230727267e-07,2.5499948169270614,,
1030,0.0070000000000000001,303.2649046320447,303.26490471875837,-8.6713669134041993e-08,2.5499796459286168,,
1030,0.0080000000000000002,303.35683039725126,303.35683093632298,-5.3907172059552977e-07,2.5499261822419679,,
1030,0.0090000000000000011,303.46188070523272,303.46188175539754,-1.0501648262106755e-06,2.5497532261934683,,
1030,0.01,303.58036747815981,303.58036909481746,-1.6166576415344025e-06,2.5492402403066294,,
1030,0.010999999999999999,303.71262590917934,303.71262813887836,-2.2296990209724754e-06,2.547846174835747,,
1030,0.012,303.85900527824572,303.85900815000286,-2.8717571467495873e-06,2.5443755391787031,,
1030,0.013000000000000001,304.01985650049926,304.0198600140568,-3.5135575444655842e-06,2.5364566382242901,,
1030,0.014,304.19551652611972,304.19552063901017,-4.1128904513243469e-06,2.5198787728212997,,
1030,0.014999999999999999,304.38629128680083,304.38629590122008,-4.6144192538122297e-06,2.4879743463306827,,
1030,0.016,304.5924439977702,304.59244894264634,-4.9448761387793638e-06,2.4313580969107105,,
1030,0.017000000000000001,304.81420909152735,304.81421417516509,-5.0836377454288595e-06,2.3383201499566368,,
1030,0.018000000000000002,305.05187370367292,305.05187902681365,-5.3231407264320296e-06,2.1958992807323385,,
1030,0.019,305.30597296939317,305.3059794110531,-6.4416599343530834e-06,1.9910938635972366,,
1030,0.02,305.57758300532458,305.57759216839429,-9.1630697056643839e-06,1.7106097651598164,,
1040,0,303.00998473837888,303.00998337564238,1.362736497867445e-06,2.549999998636844,,
1040,0.001,303.01597568032798,303.01597434459603,1.3357319517126598e-06,2.5499999969801919,,
1040,0.002,303.03396798672139,303.03396674368145,1.2430399465301889e-06,2.5499999866139946,,
1040,0.0030000000000000001,303.06402003894095,303.06401895020417,1.0887367807299597e-06,2.5499999350455487,,
1040,0.0040000000000000001,303.10622891070278,303.10622803748936,8.7321342334689689e-07,2.549999692457519,,
1040,0.0050000000000000001,303.16072994327254,303.16072934658615,5.9668639096344123e-07,2.5499986230414748,,
1040,0.0060000000000000001,303.2276959701843,303.22769571098877,2.5919553081621416e-07,2.5499942447701178,,
1040,0.0070000000000000001,303.30733598033237,303.30733611943185,-1.390994839312043e-07,2.5499776875435547,,
1040,0.0080000000000000002,303.3998929189467,303.39989351606664,-5.9711993571909261e-07,2.5499200407044835,,
1040,0.0090000000000000011,303.50564024271011,303.50564135415186,-1.1114417475255323e-06,2.5497356318089532,,
1040,0.01,303.62487680566323,303.62487847998926,-1.6743260289331374e-06,2.5491942930764409,,
1040,0.010999999999999999,303.7579197377454,303.75792200914964,-2.2714042415827862e-06,2.5477369759912594,,
1040,0.012,303.90509536845838,303.90509824710301,-2.8786446364392759e-06,2.5441396598809187,,
1040,0.013000000000000001,304.06672931184539,304.06673277006541,-3.4582200214572367e-06,2.5359939901859998,,
1040,0.014,304.24313913410941,304.2431430932607,-3.9591512859260547e-06,2.5190553707562784,,
1040,0.014999999999999999,304.4346369739298,304.43464131674665,-4.3428168510217802e-06,2.4866451128375537,,
1040,0.016,304.64155422070598,304.64155887110724,-4.6504012516379589e-06,2.4294123658414302,,
1040,0.017000000000000001,304.86430232498839,304.86430740318491,-5.0781965228452464e-06,2.3357392608372942,,
1040,0.018000000000000002,305.10347706710667,305.10348304179877,-5.9746921010628284e-06,2.1928026840098753,,
1040,0.019,305.35999445547594,305.3600021540322,-7.6985562600384583e-06,1.9877474383060849,,
1040,0.02,305.63522065051274,305.63523111438093,-1.0463868193255621e-05,1.7073839629693974,,
1050,0,303.05058592634759,303.05058460903189,1.3173157071832975e-06,2.5499999983480142,,
1050,0.001,303.05662057369585,303.05661928344119,1.2902546586701646e-06,2.5499999963853286,,
1050,0.002,303.07474382781999,303.07474263055389,1.1972661013714969e-06,2.5499999842552636,,
1050,0.0030000000000000001,303.10501351537346,303.10501247328841,1.0420850458103814e-06,2.5499999248341929,,
1050,0.0040000000000000001,303.14752561466315,303.14752478995212,8.2471103723946726e-07,2.5499996495128379,,
1050,0.0050000000000000001,303.2024135549886,303.20241300981502,5.451735773931432e-07,2.5499984531822659,,
1050,0.0060000000000000001,303.26984702755823,303.26984682370647,2.0385175503179198e-07,2.5499936214732442,,
1050,0.0070000000000000001,303.35003009847628,303.35003029638966,-1.9791337990682223e-07,2.5499755808828297,,
1050,0.0080000000000000002,303.44319837527979,303.44319903207497,-6.5679518002070836e-07,2.5499135111101063,,
1050,0.0090000000000000011,303.54961500442738,303.54961617031068,-1.1658833045657957e-06,2.5497171266761871,,
1050,0.01,303.66956545237463,303.66956716468309,-1.7123084603554162e-06,2.5491464428271362,,
1050,0.010999999999999999,303.8033514846822,303.80335375908658,-2.2744043803868408e-06,2.5476242693529554,,
1050,0.012,303.95128567665563,303.95128849738427,-2.8207286391079833e-06,2.5438981522595494,,
1050,0.013000000000000001,304.11368926980776,304.11369258640593,-3.3165981676575029e-06,2.535523654312549,,
1050,0.014,304.29089805198498,304.29090179672778,-3.7447427985171089e-06,2.5182234232589114,,
1050,0.014999999999999999,304.48328244668062,304.48328658582977,-4.1391491549802595e-06,2.4853090610543331,,
1050,0.016,304.691287762066,304.69129237661485,-4.6145488568072324e-06,2.4274649803130957,,
1050,0.017000000000000001,304.91549700286987,304.91550236872672,-5.365856850403361e-06,2.3331647816074277,,
1050,0.018000000000000002,305.1567112258752,305.15671784694263,-6.6210674276589998e-06,2.189721235876164,,
1050,0.019,305.41603285301625,305.41604141639328,-8.5633770368076512e-06,1.9844224132875472,,
1050,0.02,305.69492990784386,305.69494119130138,-1.1283457524768892e-05,1.7041808586809142,,
1060,0,303.09148091955694,303.09147965089818,1.2686587638199853e-06,2.5499999980050339,,
1060,0.001,303.09755878471282,303.097557543486,1.2412268119987857e-06,2.5499999956873025,,
1060,0.002,303.11581141535765,303.11581026825382,1.1471038305899128e-06,2.5499999815349859,,
1060,0.0030000000000000001,303.14629575119147,303.14629476120189,9.8998958719676011e-07,2.5499999132458004,,
1060,0.0040000000000000001,303.18910610532089,303.18910533533602,7.6998486520096776e-07,2.5499996015074311,,
1060,0.0050000000000000001,303.24437318961549,303.24437270204487,4.8757061676951707e-07,2.549998265980673,,
1060,0.0060000000000000001,303.31226257328143,303.31226242907348,1.4420794514080626e-07,2.5499929436041864,,
1060,0.0070000000000000001,303.39297244316464,303.39297269985389,-2.5668924763522227e-07,2.5499733179865007,,
1060,0.0080000000000000002,303.48673059202997,303.48673130034899,-7.0831902121426538e-07,2.5499065774267549,,
1060,0.0090000000000000011,303.59379074192924,303.59379194071096,-1.1987817174485826e-06,2.5496976835162264,,
1060,0.01,303.71442868339756,303.7144303933261,-1.7099285400945519e-06,2.5490966523785419,,
1060,0.010999999999999999,303.84893933364344,303.84894155219462,-2.218551173882588e-06,2.5475080198838844,,
1060,0.012,303.99763667206781,303.9976393744073,-2.7023394864045258e-06,2.5436510097110419,,
1060,0.013000000000000001,304.16085942926986,304.16086258144855,-3.1521786922894535e-06,2.5350456858094739,,
1060,0.014,304.33898599732953,304.33898958651304,-3.5891835068468936e-06,2.5173830655886356,,
1060,0.014999999999999999,304.53246171729131,304.53246579725294,-4.0799616272124695e-06,2.4839663817616451,,
1060,0.016,304.74183991825925,304.74184465874521,-4.7404859628841223e-06,2.4255161100297911,,
1060,0.017000000000000001,304.96783464448862,304.96784036562218,-5.721133561564784e-06,2.3305967610733744,,
1060,0.018000000000000002,305.21137848316619,305.2113856554289,-7.1722627126291627e-06,2.1866548042027749,,
1060,0.019,305.47367472374913,305.47368392489903,-9.2011499077671033e-06,1.9811185241038616,,
1060,0.02,305.75623113465321,305.75624298835777,-1.1853704563691281e-05,1.701000031558318,,
1070,0,303.13266564342541,303.13266442902926,1.2143961498622957e-06,2.5499999975990937,,
1070,0.001,303.13878598856326,303.1387848020621,1.186501151551056e-06,2.5499999948706971,,
1070,0.002,303.15716567378354,303.15716458270765,1.091075887416082e-06,2.5499999784062291,,
1070,0.0030000000000000001,303.1878604359469,303.18785950384728,9.3209962415130576e-07,2.5499999001264033,,
1070,0.0040000000000000001,303.23096243851643,303.23096172819868,7.1031774950824911e-07,2.5499995479595472,,
1070,0.0050000000000000001,303.28659912276896,303.28659869531373,4.2745523387566209e-07,2.5499980600528573,,
1070,0.0060000000000000001,303.35493152875949,303.35493144168868,8.707081633474445e-08,2.5499922075863006,,
1070,0.0070000000000000001,303.43615210276511,303.43615240716582,-3.0440071441262262e-07,2.5499708906721432,,
1070,0.0080000000000000002,303.53048215330796,303.53048288999867,-7.3669070843607187e-07,2.5498992233930369,,
1070,0.0090000000000000011,303.6381693837377,303.63817057920051,-1.1954628007515566e-06,2.5496772750358079,,
1070,0.01,303.75948633041196,303.75948799417921,-1.6637672501929046e-06,2.5490448851096237,,
1070,0.010999999999999999,303.89473104050808,303.89473316671859,-2.1262105178720958e-06,2.5473881939385117,,
1070,0.012,304.04423182381197,304.04423440009629,-2.576284316546662e-06,2.5433982275573119,,
1070,0.013000000000000001,304.20835820550496,304.20836123149104,-3.0259860750447842e-06,2.5345601411705179,,
1070,0.014,304.38754001893216,304.3875435339873,-3.5150551411788911e-06,2.5165344320410146,,
1070,0.014999999999999999,304.58229565010424,304.58229976574688,-4.1156426391353307e-06,2.4826172617851854,,
1070,0.016,304.79326867465306,304.79327360301403,-4.9283609655503824e-06,2.4235659191550205,,
1070,0.017000000000000001,305.02126970851617,305.0212757759013,-6.0673851294268388e-06,2.3280352444343482,,
1070,0.018000000000000002,305.26731778329918,305.26732541961678,-7.6363176049198955e-06,2.1836032588553027,,
1070,0.019,305.53267378292958,305.5326834838213,-9.7008917236962589e-06,1.9778355064329669,,
1070,0.02,305.81885826067759,305.81887054560599,-1.2284928402550577e-05,1.6978411053793605,,
1080,0,303.17413440227187,303.1741332483432,1.1539286788320169e-06,2.549999997120175,,
1080,0.001,303.18029627651845,303.1802951507305,1.1257879464210419e-06,2.5499999939181737,,
1080,0.002,303.1988000929145,303.19879906307068,1.0298438155587064e-06,2.5499999748171152,,
1080,0.0030000000000000001,303.22970020222823,303.2296993314983,8.7072993437686819e-07,2.5499998853085679,,
1080,0.0040000000000000001,303.27308641844667,303.27308576806644,6.5038022967200959e-07,2.5499994883533019,,
1080,0.0050000000000000001,303.32908288145461,303.32908250917177,3.7228284099910525e-07,2.5499978339384159,,
1080,0.0060000000000000001,303.39784654246273,303.39784650027394,4.2188787574559683e-08,2.5499914096973155,,
1080,0.0070000000000000001,303.4795654462207,303.47956577757492,-3.3135421517727082e-07,2.5499682905377377,,
1080,0.0080000000000000002,303.5744571650165,303.57445790206117,-7.3704467240531812e-07,2.5498914325297171,,
1080,0.0090000000000000011,303.68276799780472,303.68276915979374,-1.1619890187830606e-06,2.5496558739478985,,
1080,0.01,303.80477385879851,303.80477545330473,-1.5945062159516965e-06,2.5489911049765057,,
1080,0.010999999999999999,303.9407840782261,303.94078610701564,-2.0287895381443377e-06,2.5472647592527471,,
1080,0.012,304.09114951267475,304.0911519836668,-2.4709920580789912e-06,2.5431398029865102,,
1080,0.013000000000000001,304.25627626989615,304.25627921533072,-2.945434573575767e-06,2.5340670780866619,,
1080,0.014,304.43664585529467,304.43664935411175,-3.4988170796168561e-06,2.5156776558956047,,
1080,0.014999999999999999,304.63284157330492,304.63284577333036,-4.2000254438789852e-06,2.4812618840589917,,
1080,0.016,304.8455796280773,304.84558476177966,-5.1337023592168407e-06,2.4216145664976452,,
1080,0.017000000000000001,305.07574179902309,305.07574818624255,-6.3872194573377783e-06,2.3254802734830795,,
1080,0.018000000000000002,305.32440520712169,305.32441324012177,-8.0330000855610706e-06,2.1805664718240516,,
1080,0.019,305.59286398949962,305.5928740997137,-1.011021407748558e-05,1.9745730954559664,,
1080,0.02,305.88263745899343,305.882650655193,-1.3196199574849743e-05,1.6947037280330672,,
1090,0,303.21588040102847,303.21587930941098,1.0916174915109877e-06,2.5499999965569184,,
1090,0.001,303.22208276277996,303.22208170092057,1.0618593933031661e-06,2.5499999928102857,,
1090,0.002,303.24070758592541,303.2407066188498,9.6707560715003638e-07,2.5499999707104348,,
1090,0.0030000000000000001,303.27180787621501,303.27180706535364,8.1086136560770683e-07,2.5499998686105894,,
1090,0.0040000000000000001,303.31547130122362,303.31547070484294,5.963806870568078e-07,2.5499994221372217,,
1090,0.0050000000000000001,303.37181926773496,303.37181893912418,3.2861078125279164e-07,2.5499975860984434,,
1090,0.0060000000000000001,303.44100584473773,303.441005830108,1.4629733868787298e-08,2.5499905460682859,,
1090,0.0070000000000000001,303.52321682162869,303.52321715813025,-3.3650155728537356e-07,2.5499655089648376,,
1090,0.0080000000000000002,303.61866936171191,303.61867007630497,-7.145930567276082e-07,2.5498831881512962,,
1090,0.0090000000000000011,303.72761291075159,303.72761402098382,-1.110232233259012e-06,2.5496334529916869,,
1090,0.01,303.85033221066357,303.85033372855753,-1.5178939634097333e-06,2.5489352765290891,,
1090,0.010999999999999999,303.98715338592768,303.98715532600772,-1.9400800397306739e-06,2.5471376849326144,,
1090,0.012,304.13845403225571,304.13845642420517,-2.3919494651636342e-06,2.5428757349944293,,
1090,0.013000000000000001,304.30467794973413,304.30468085517742,-2.9054432957309473e-06,2.5335665553588536,,
1090,0.014,304.48635447372612,304.48635800422034,-3.5304942116454185e-06,2.5148128693682903,,
1090,0.014999999999999999,304.68412070696422,304.68412504034677,-4.3333825487934519e-06,2.4799004276894925,,
1090,0.016,304.89874038614118,304.89874578708526,-5.4009440759728022e-06,2.4196622056930233,,
1090,0.017000000000000001,305.13110187098312,305.13110865013908,-6.7791559672514268e-06,2.3229318867996676,,
1090,0.018000000000000002,305.3821600482695,305.38216829860903,-8.2503395333333174e-06,2.1775443170604136,,
1090,0.019,305.6527833608186,305.65279253892209,-9.1781034825544339e-06,1.9713310273452649,,
1090,0.02,305.94351739591366,305.94352638822841,-8.9923147470472031e-06,1.691586268127063,,
1100,0,303.25789676606468,303.25789573814609,1.0279185858053097e-06,2.5499999958964819,,
1100,0.001,303.26413865770951,303.26413765855648,9.9915303053421667e-07,2.5499999915252727,,
1100,0.002,303.28288169530884,303.28288078771834,9.0759050408451003e-07,2.5499999660232406,,
1100,0.0030000000000000001,303.31417781805442,303.31417706058522,7.5746919492303277e-07,2.549999849835654,,
1100,0.0040000000000000001,303.35811312917082,303.35811257633884,5.5283197752942215e-07,2.5499993487227846,,
1100,0.0050000000000000001,303.41480734576709,303.4148070463138,2.9945329060865333e-07,2.5499973149136603,,
1100,0.0060000000000000001,303.48441333470726,303.48441333003643,4.6708237277925946e-09,2.5499896126827353,,
1100,0.0070000000000000001,303.56711708165034,303.56711740493574,-3.2328540555681684e-07,2.5499625371220049,,
1100,0.0080000000000000002,303.66313857642416,303.66313925312073,-6.7669657255464699e-07,2.5498744733776775,,
1100,0.0090000000000000011,303.77273422398343,303.77273527460375,-1.0506203125260072e-06,2.5496099849520473,,
1100,0.01,303.89620145946401,303.89620290532321,-1.4458591977017932e-06,2.5488773649263314,,
1100,0.010999999999999999,304.0338861714568,304.03388804366131,-1.8722045069807791e-06,2.5470069414416461,,
1100,0.012,304.18619315189807,304.18619550395425,-2.3520561853729305e-06,2.5426060243265161,,
1100,0.013000000000000001,304.35359878247607,304.35360170742206,-2.9249459885249962e-06,2.5330586328142224,,
1100,0.014,304.53666307923629,304.53666672743748,-3.6482011864791275e-06,2.513940203567806,,
1100,0.014999999999999999,304.73603474696989,304.7360393225955,-4.5756256099593884e-06,2.4785330680204085,,
1100,0.016,304.9524387729868,304.95244446940842,-5.6964216241794929e-06,2.4177089853791691,,
1100,0.017000000000000001,305.18663421882292,305.18664108558949,-6.8667665686916735e-06,2.3203901199383208,,
1100,0.018000000000000002,305.4393351172302,305.43934292320228,-7.8059720749479311e-06,2.1745366701829907,,
1100,0.019,305.7111027445419,305.71111096725537,-8.2227134612367081e-06,1.9681090338538412,,
1100,0.02,306.00223847396518,306.00224644630305,-7.9723378689777746e-06,1.6884885714028866,,
1110,0,303.30017773539038,303.30017676512142,9.7026895673479885e-07,2.5499999951243799,,
1110,0.001,303.30645845111979,303.30645750803461,9.4308518328034552e-07,2.5499999900388497,,
1110,0.002,303.3253177306359,303.32531687423113,8.564047675463371e-07,2.5499999606864159,,
1110,0.0030000000000000001,303.35680690590181,303.35680619111753,7.1478427798865596e-07,2.5499998287709857,,
1110,0.0040000000000000001,303.40101135603385,303.40101083346428,5.2256956450946745e-07,2.5499992674829564,,
1110,0.0050000000000000001,303.45805041488273,303.45805012939138,2.8549135322464281e-07,2.5499970186826091,,
1110,0.0060000000000000001,303.52807758389008,303.52807757380185,1.0088228918903042e-08,2.5499886053759693,,
1110,0.0070000000000000001,303.6112813961476,303.61128169349865,-2.9735105044892407e-07,2.5499593659684896,,
1110,0.0080000000000000002,303.70788735502703,303.7078879874577,-6.3243066961149452e-07,2.5498652711458822,,
1110,0.0090000000000000011,303.81816138140363,303.81816237638799,-9.9498436156864045e-07,2.5495854426784352,,
1110,0.01,303.94241506642453,303.94241645861013,-1.3921855952503392e-06,2.5488173359502482,,
1110,0.010999999999999999,304.08101261760083,304.08101445959727,-1.8419964362692554e-06,2.5468725005871682,,
1110,0.012,304.23437855601082,304.23438093082262,-2.374811799654708e-06,2.5423306734207016,,
1110,0.013000000000000001,304.40300388315819,304.40300691159428,-3.0284360832411039e-06,2.5325433712257941,,
1110,0.014,304.58744673834872,304.58745056916024,-3.8308115222207562e-06,2.5130597884561938,,
1110,0.014999999999999999,304.78832212600139,304.78832689685231,-4.7708509214317019e-06,2.4771599766981827,,
1110,0.016,305.00627525457747,305.00628102644794,-5.771870462467632e-06,2.4157550493675624,,
1110,0.017000000000000001,305.2419357009648,305.24194238967482,-6.688710016078403e-06,2.3178550055988545,,
1110,0.018000000000000002,305.49585549294324,305.49586283450532,-7.3415620818195748e-06,2.171543408163612,,
1110,0.019,305.76844192715635,305.7684495060422,-7.5788858566738782e-06,1.9649068253607782,,
1110,0.02,306.05990212649749,306.05990946402176,-7.3375242664042162e-06,1.6854107527000981,,
1120,0,303.34271964983088,303.34271872656291,9.2326797584973974e-07,2.5499999942243234,,
1120,0.001,303.34903885287792,303.34903795484388,8.9803404534904985e-07,2.5499999883239739,,
1120,0.002,303.36801354511323,303.36801272791013,8.1720310163291288e-07,2.5499999546242322,,
1120,0.0030000000000000001,303.39969500393585,303.39969431867269,6.8526315999406506e-07,2.5499998051869763,,
1120,0.0040000000000000001,303.44416882796469,303.44416832171891,5.0624578307179036e-07,2.5499991777507436,,
1120,0.0050000000000000001,303.50155530494931,303.50155501989195,2.8505735372164054e-07,2.5499966956199174,,
1120,0.0060000000000000001,303.57201023888746,303.57201021230435,2.6583109047351172e-08,2.5499875198345885,,
1120,0.0070000000000000001,303.65572650430335,303.6557267700249,-2.6572155320536694e-07,2.5499559862581691,,
1120,0.0080000000000000002,303.75293657902012,303.75293717081831,-5.917981980019249e-07,2.5498555642218084,,
1120,0.0090000000000000011,303.86391617223182,303.86391712953434,-9.5730251814529765e-07,2.549559799103188,,
1120,0.01,303.98898874703332,303.9889901225244,-1.375491081034852e-06,2.5487551560186295,,
1120,0.010999999999999999,304.12853018257999,304.12853204964068,-1.8670606891646457e-06,2.5467343355054801,,
1120,0.012,304.28297203886501,304.28297449462042,-2.4557554070270271e-06,2.5420496863509543,,
1120,0.013000000000000001,304.45280101494058,304.452804173206,-3.1582654287376499e-06,2.5320208322355007,,
1120,0.014,304.63855155185468,304.63855552142604,-3.9695713667242671e-06,2.5121717528130318,,
1120,0.014999999999999999,304.84078860784695,304.84079345679925,-4.8489523010175617e-06,2.4757813217380606,,
1120,0.016,305.06007890737857,305.06008462209815,-5.7147195775542059e-06,2.4138005368090201,,
1120,0.017000000000000001,305.29695161978873,305.29695807327039,-6.4534816601735656e-06,2.3153265737772051,,
1120,0.018000000000000002,305.55185302612233,305.55185997148476,-6.9453624291782035e-06,2.1685644087875411,,
1120,0.019,305.82510316086262,305.82511025777933,-7.0969167040857428e-06,1.96172410735276,,
1120,0.02,306.11686415066561,306.11687102924219,-6.8785765847678704e-06,1.6823526545800063,,
1130,0,303.38552153581713,303.38552064571684,8.9010029569180915e-07,2.5499999931780399,,
1130,0.001,303.39187930675507,303.39187843984826,8.6690681655454682e-07,2.5499999863506075,,
1130,0.002,303.41096983721178,303.41096904514558,7.9206620284821838e-07,2.5499999477538871,,
1130,0.0030000000000000001,303.44284489233058,303.44284422270573,6.6962485334443045e-07,2.5499997788363005,,
1130,0.0040000000000000001,303.48759115345507,303.48759065076291,5.0269215989828808e-07,2.5499990788177405,,
1130,0.0050000000000000001,303.5453309486295,303.54533065410368,2.9452581884470419e-07,2.5499963438546507,,
1130,0.0060000000000000001,303.61622348423583,303.61622343684337,4.7392461510753492e-08,2.5499863515961749,,
1130,0.0070000000000000001,303.70046670279447,303.70046694169639,-2.3890191869213595e-07,2.549952388543697,,
1130,0.0080000000000000002,303.79829979183597,303.7983003603664,-5.685304245162115e-07,2.5498453352119994,,
1130,0.0090000000000000011,303.91000615182804,303.91000710245345,-9.5062540594881284e-07,2.5495330272592684,,
1130,0.01,304.03591627964568,304.03591767846848,-1.3988228033667838e-06,2.5486907921965503,,
1130,0.010999999999999999,304.17640955896985,304.17641148736425,-1.9283943970549444e-06,2.5465924206460935,,
1130,0.012,304.33191345701158,304.33191600746073,-2.5504491532046814e-06,2.5417630687717088,,
1130,0.013000000000000001,304.50289827570953,304.5029015394922,-3.2637826734571718e-06,2.531491078280439,,
1130,0.014,304.68986562524998,304.68986967170758,-4.0464576045451395e-06,2.5112762242032001,,
1130,0.014999999999999999,304.89332940270162,304.8933342532556,-4.8505539780308027e-06,2.4743972675905122,,
1130,0.016,305.11378937400588,305.1137949774253,-5.6034194244602986e-06,2.4118455823542306,,
1130,0.017000000000000001,305.35169933834499,305.35170555582636,-6.2174813706405985e-06,2.312804851891507,,
1130,0.018000000000000002,305.60743387092748,305.60744047866882,-6.6077413407583663e-06,2.1655995498255765,,
1130,0.019,305.88125914128648,305.88126585347021,-6.7121837332706491e-06,1.9585605986065275,,
1130,0.02,306.17331362804032,306.17332014658501,-6.5185446942450653e-06,1.6793140664190782,,
1140,0,303.42858518252507,303.42858431063939,8.7188567476914614e-07,2.54999999196508,,
1140,0.001,303.43498198553766,303.43498113505512,8.5048253595232381e-07,2.5499999840854546,,
1140,0.002,303.45418989397223,303.45418911322867,7.8074356224533403e-07,2.5499999399850202,,
1140,0.0030000000000000001,303.48626157411877,303.48626090822466,6.658941060777579e-07,2.549999749453002,,
1140,0.0040000000000000001,303.53128537672194,303.53128486914682,5.0757512326526921e-07,2.5499989699326888,,
1140,0.0050000000000000001,303.58938625058568,303.58938594370642,3.0687925800521043e-07,2.5499959614287273,,
1140,0.0060000000000000001,303.66072708680366,303.66072702347242,6.3331242472486338e-08,2.5499850960491615,,
1140,0.0070000000000000001,303.745510465064,303.74551069119491,-2.2613090777667821e-07,2.5499485631808794,,
1140,0.0080000000000000002,303.84398063487833,303.84398120265143,-5.6777309964672895e-07,2.5498345665753961,,
1140,0.0090000000000000011,303.95642534488439,303.95642631564681,-9.7076241445392952e-07,2.5495051002973992,,
1140,0.01,304.08317684881035,304.08317829423044,-1.4454200822910934e-06,2.5486242122067115,,
1140,0.010999999999999999,304.22461111833223,304.22461311806927,-1.9997370372948353e-06,2.5464467317550739,,
1140,0.012,304.38114407186038,304.38114670625146,-2.6343910803916515e-06,2.5414708278631721,,
1140,0.013000000000000001,304.55322360546427,304.55322694270171,-3.3372374446116737e-06,2.5309541725222489,,
1140,0.014,304.74131650855213,304.74132058750831,-4.0789561808196595e-06,2.5103733289479968,,
1140,0.014999999999999999,304.9458900335942,304.94589484544116,-4.8118469635483052e-06,2.4730079752079268,,
1140,0.016,305.16738893255047,305.16739440591522,-5.4733647516513884e-06,2.4098903163086618,,
1140,0.017000000000000001,305.40620999966598,305.40621599451094,-5.9948449688818073e-06,2.3102898648763497,,
1140,0.018000000000000002,305.66267727010217,305.66268358425009,-6.3141479245132359e-06,2.1626487085703432,,
1140,0.019,305.93702165978362,305.93702804867667,-6.3888930412758782e-06,1.9554160327041779,,
1140,0.02,306.22936923273932,306.22937491385198,-5.6811126682987378e-06,1.6762947585986994,,
1150,0,303.47191464044255,303.47191377428891,8.6615364125464112e-07,2.5499999905626165,,
1150,0.001,303.47835120464248,303.47835035810925,8.4653322574013146e-07,2.5499999814916938,,
1150,0.002,303.49767875665378,303.49767797661144,7.8004234183026711e-07,2.5499999312192143,,
1150,0.0030000000000000001,303.52995105992767,303.52995039043128,6.6949638721780502e-07,2.5499997167515769,,
1150,0.0040000000000000001,303.57525833025051,303.57525781526533,5.1498517450454528e-07,2.5499988503000499,,
1150,0.0050000000000000001,303.63372813312759,303.63372781748473,3.1564286473440006e-07,2.5499955462954205,,
1150,0.0060000000000000001,303.70552656848088,303.7055264994857,6.8995177571196109e-08,2.5499837484328718,,
1150,0.0070000000000000001,303.79085959414675,303.79085982361789,-2.2947114075577701e-07,2.5499445003332304,,
1150,0.0080000000000000002,303.88997420235017,303.88997478851962,-5.8616944897948997e-07,2.5498232406350465,,
1150,0.0090000000000000011,304.00315898571949,304.00315999409275,-1.0083732604471152e-06,2.5494759915025966,,
1150,0.01,304.13074344048795,304.13074494255517,-1.5020672208265751e-06,2.5485553844386755,,
1150,0.010999999999999999,304.27309520553843,304.27309727427632,-2.0687378992079175e-06,2.5462972458576831,,
1150,0.012,304.43061439569044,304.43061709715664,-2.7014662009605672e-06,2.5411729722776748,,
1150,0.013000000000000001,304.60372433117004,304.6037277121286,-3.3809585602284642e-06,2.5304101787796118,,
1150,0.014,304.79285837295839,304.79286244629554,-4.0733371520218498e-06,2.5094631920993642,,
1150,0.014999999999999999,304.99844342003763,304.99844815483578,-4.734798153549491e-06,2.4716136021111832,,
1150,0.016,305.22088248652994,305.22088780686323,-5.3203332868179132e-06,2.4079348647808025,,
1150,0.017000000000000001,305.46054274744859,305.46054852878802,-5.7813394391814654e-06,2.3077816352403162,,
1150,0.018000000000000002,305.71776119459992,305.71776731117376,-6.1165738429735939e-06,2.1597117619876989,,
1150,0.019,305.99288127793739,305.99288775934428,-6.4814068991836393e-06,1.9522901555086007,,
1150,0.02,306.28631849725792,306.28632561187624,-7.114618313153187e-06,1.6732959781047563,,
1160,0,303.51551523086641,303.51551436106308,8.6980332980601816e-07,2.5499999889452285,,
1160,0.001,303.52199238037809,303.52199152972071,8.5065738630873966e-07,2.5499999785286915,,
1160,0.002,303.54144204788389,303.54144126260542,7.8527847335863044e-07,2.5499999213494813,,
1160,0.0030000000000000001,303.5739190557087,303.573918380083,6.7562569938672823e-07,2.5499996804260441,,
1160,0.0040000000000000001,303.61951530160428,303.61951478107454,5.2052973842364736e-07,2.5499987190785993,,
1160,0.0050000000000000001,303.67836047641987,303.67836015867357,3.177462986059254e-07,2.5499950963179687,,
1160,0.0060000000000000001,303.75062289764452,303.75062283392828,6.371624294843059e-08,2.5499823038377776,,
1160,0.0070000000000000001,303.83651023900586,303.83651048535256,-2.4634670126033598e-07,2.5499401899767737,,
1160,0.0080000000000000002,303.93626982143422,303.93627043922515,-6.1779093130098772e-07,2.5498113395897981,,
1160,0.0090000000000000011,304.05018800810853,304.05018906321379,-1.0551052582741249e-06,2.5494456743100766,,
1160,0.01,304.17858814767078,304.17858970747744,-1.559806662498886e-06,2.5484842779568164,,
1160,0.010999999999999999,304.32182648685824,304.32182861487456,-2.128016319602466e-06,2.5461439412399081,,
1160,0.012,304.48028560692262,304.48028835488333,-2.7479607069835765e-06,2.5408695120865499,,
1160,0.013000000000000001,304.65436534761074,304.65436874440422,-3.3967934882639383e-06,2.5298591614634844,,
1160,0.014,304.84447201683497,304.84447605546796,-4.0386329942521115e-06,2.5085459374175043,,
1160,0.014999999999999999,305.05100802433219,305.05101265690445,-4.6325722564688476e-06,2.4702143024571823,,
1160,0.016,305.27436567142917,305.27437082482248,-5.1533933174141566e-06,2.4059793498244098,,
1160,0.017000000000000001,305.51492970450346,305.51493531989831,-5.6153948548853805e-06,2.3052801831007019,,
1160,0.018000000000000002,305.77309183260326,305.7730979161081,-6.0835048429908056e-06,2.1567885871672368,,
1160,0.019,306.04927576014404,306.04928239961151,-6.6394674718139868e-06,1.9491827303059994,,
1160,0.02,306.34396471536405,306.34397204510412,-7.3297400717819983e-06,1.6703172934667654,,
1170,0,303.55939237690836,303.55939149964735,8.7726101583029958e-07,2.5499999870846652,,
1170,0.001,303.56591086298533,303.56591000506745,8.5791788251299295e-07,2.5499999751516977,,
1170,0.002,303.58548483279907,303.5854840410766,7.9172247069436708e-07,2.5499999102597184,,
1170,0.0030000000000000001,303.61816993973315,303.61816925968589,6.8004726472281618e-07,2.5499996401489931,,
1170,0.0040000000000000001,303.66405930012161,303.66405877917555,5.2094605962338392e-07,2.5499985753800192,,
1170,0.0050000000000000001,303.72328392788336,303.72328361637864,3.115047206847521e-07,2.5499946092682175,,
1170,0.0060000000000000001,303.79601311775906,303.7960130697881,4.7970956984499935e-08,2.5499807572058408,,
1170,0.0070000000000000001,303.88245453236948,303.88245480616246,-2.7379297762308852e-07,2.549935621904909,,
1170,0.0080000000000000002,303.9828536676485,303.9828543250448,-6.573962991751614e-07,2.5497988455258418,,
1170,0.0090000000000000011,304.0974923137473,304.09749341820435,-1.1044570555895916e-06,2.5494141223206208,,
1170,0.01,304.22668563326505,304.22668724583616,-1.6125711113090802e-06,2.5484108625076178,,
1170,0.010999999999999999,304.37077760122008,304.37077977420211,-2.1729820218752138e-06,2.5459867974301065,,
1170,0.012,304.5301348539449,304.53013762277942,-2.768834519883967e-06,2.5405604587288493,,
1170,0.013000000000000001,304.70513951476181,304.70514289051653,-3.3757547157620138e-06,2.5293011855155538,,
1170,0.014,304.8961822548498,304.89618622215875,-3.9673089418101881e-06,2.507621687350555,,
1170,0.014999999999999999,305.1036575044273,305.1036620300564,-4.5256290945872024e-06,2.4688102271041665,,
1170,0.016,305.32796296797051,305.32796801910479,-5.0511342806203174e-06,2.4040238895701762,,
1170,0.017000000000000001,305.56950496710419,305.56951053223435,-5.5651301522630092e-06,2.3027855262164993,,
1170,0.018000000000000002,305.82870944099125,305.82871554443346,-6.1034422174088832e-06,2.1538790618291306,,
1170,0.019,306.10603606444181,306.10604276507377,-6.7006319568463368e-06,1.9460935564027071,,
1170,0.02,306.40199091216573,306.40199829688055,-7.3847148200911761e-06,1.6673579766058777,,
1180,0,303.60355058303924,303.603549699224,8.8381523255520733e-07,2.5499999849496104,,
1180,0.001,303.61011095710131,303.61011009333356,8.6376775243479642e-07,2.5499999713115309,,
1180,0.002,303.62981077317249,303.62980997782586,7.9534663655067561e-07,2.5499998978241636,,
1180,0.0030000000000000001,303.66270617016926,303.66270549051194,6.7965731886943104e-07,2.5499995955706298,,
1180,0.0040000000000000001,303.70889086501325,303.70889035052522,5.1448802196318866e-07,2.5499984182675344,,
1180,0.0050000000000000001,303.76849626372928,303.76849596683132,2.9689795155718457e-07,2.5499940828254015,,
1180,0.0060000000000000001,303.84169138289104,303.84169135926811,2.3622931166755734e-08,2.549979103331113,,
1180,0.0070000000000000001,303.92868235619761,303.92868266440155,-3.082039370383427e-07,2.5499307857335434,,
1180,0.0080000000000000002,304.02971126475802,304.02971196469667,-6.9993865281503531e-07,2.5497857404282467,,
1180,0.0090000000000000011,304.14505403991899,304.14505518988898,-1.1499699894557125e-06,2.5493813093152755,,
1180,0.01,304.27501727445559,304.27501892667931,-1.6522237160643272e-06,2.5483351085255777,,
1180,0.010999999999999999,304.41993396901813,304.4199361643029,-2.1952847646389273e-06,2.5458257951793413,,
1180,0.012,304.58015854204541,304.58016130505257,-2.7630071599560324e-06,2.5402458249602597,,
1180,0.013000000000000001,304.75606180315685,304.75606514044819,-3.3372913321727538e-06,2.528736316349097,,
1180,0.014,304.9480269271574,304.94803083016308,-3.903005676875182e-06,2.506690563017687,,
1180,0.014999999999999999,305.15644760425363,305.15645205767674,-4.4534231165016536e-06,2.4674015236785238,,
1180,0.016,305.38172930826335,305.38173430159844,-4.9933350965147838e-06,2.4020685983511014,,
1180,0.017000000000000001,305.62429393151831,305.6242994696463,-5.5381279935318162e-06,2.3002976800394919,,
1180,0.018000000000000002,305.88458698728039,305.8845930959169,-6.1086365121809649e-06,2.1509830650631288,,
1180,0.019,306.1630855037422,306.16309222649909,-6.7227568933958537e-06,1.9430224500982687,,
1180,0.02,306.46030408250715,306.46031148239047,-7.3998833158839261e-06,1.6644176244377276,,
1190,0,303.6479927475292,303.64799186182893,8.8570027401146945e-07,2.5499999825054198,,
1190,0.001,303.65459528941761,303.65459442475913,8.6465848880834528e-07,2.5499999669542444,,
1190,0.002,303.6744216628544,303.67442086960887,7.9324553325932357e-07,2.5499998839068234,,
1190,0.0030000000000000001,303.70752810483771,303.70752743224392,6.7259378511153045e-07,2.5499995463178089,,
1190,0.0040000000000000001,303.75400828599925,303.7540077853194,5.0067984602719662e-07,2.5499982467545546,,
1190,0.0050000000000000001,303.81399311772384,303.81399284262255,2.7510128575158888e-07,2.5499935145749943,,
1190,0.0060000000000000001,303.88765027949398,303.88765028581929,-6.3253082771552727e-09,2.549977336860457,,
1190,0.0070000000000000001,303.97518329408263,303.97518363881613,-3.4473350751795806e-07,2.5499256709063198,,
1190,0.0080000000000000002,304.07682998060363,304.0768307198033,-7.3919966325775022e-07,2.5497720061923328,,
1190,0.0090000000000000011,304.19286016735236,304.19286135311557,-1.1857632102874049e-06,2.5493472092694649,,
1190,0.01,304.32357266015953,304.32357433699576,-1.6768362343100307e-06,2.54825698713833,,
1190,0.010999999999999999,304.46929163751895,304.46929383896594,-2.2014469891473709e-06,2.5456609164415531,,
1190,0.012,304.63036285797074,304.63036560460563,-2.746634891082067e-06,2.5399256248034328,,
1190,0.013000000000000001,304.80715026530811,304.80715356528987,-3.2999817562995304e-06,2.5281646197926682,,
1190,0.014,305.00003368496289,305.00003753768948,-3.8527265928678389e-06,2.5057526841943489,,
1190,0.014999999999999999,305.20940823757485,305.20941263992574,-4.4023508962709457e-06,2.4659883366400051,,
1190,0.016,305.43568580186394,305.4356907553514,-4.9534874619894254e-06,2.4001135868186965,,
1190,0.017000000000000001,305.67929835909007,305.67930387559886,-5.5165087928799039e-06,2.2978166577899466,,
1190,0.018000000000000002,305.94070245938684,305.94070856320337,-6.1038165313220816e-06,2.1481004783653672,,
1190,0.019,306.22038355413684,306.22039027909597,-6.7249591211293591e-06,1.9399692234826624,,
1190,0.02,306.51885873943917,306.5188661339501,-7.3945109306805534e-06,1.661495907604819,,
1200,0,303.69271985509698,303.69271897459151,8.8050546764861792e-07,2.549999979713844,,
1200,0.001,303.69936455752082,303.69936369912182,8.5839900521023083e-07,2.5499999620207809,,
1200,0.002,303.71931734400067,303.71931656012293,7.838777378310624e-07,2.54999986836089,,
1200,0.0030000000000000001,303.75263419083717,303.75263353248033,6.5835683926707134e-07,2.5499994919930642,,
1200,0.0040000000000000001,303.7994081575373,303.79940767716334,4.8037395572464447e-07,2.5499980598033463,,
1200,0.0050000000000000001,303.85976895408572,303.8597687056324,2.4845331836331752e-07,2.5499929020076508,,
1200,0.0060000000000000001,303.93388218758656,303.93388222585173,-3.826517058769241e-08,2.54997545229444,,
1200,0.0070000000000000001,304.02194817920497,304.02194855850996,-3.7930499274807516e-07,2.5499202666999912,,
1200,0.0080000000000000002,304.12420026654399,304.1242010386963,-7.7215230476213037e-07,2.5497576246349478,,
1200,0.0090000000000000011,304.24090257018457,304.24090378196587,-1.2117812957512797e-06,2.5493117963665117,,
1200,0.01,304.3723473054381,304.37234899608382,-1.6906457176446565e-06,2.5481764701708167,,
1200,0.010999999999999999,304.51885184889716,304.51885404822553,-2.1993283780830097e-06,2.5454921443532368,,
1200,0.012,304.68075589674618,304.68075862463337,-2.7278871925773274e-06,2.5395998734993253,,
1200,0.013000000000000001,304.85841913762067,304.85842240531605,-3.2676953765076178e-06,2.5275861620363624,,
1200,0.014,305.05221986247182,305.05222367577863,-3.8133068187562458e-06,2.5048081692999435,,
1200,0.014999999999999999,305.2625548141022,305.26255917781396,-4.363711752830568e-06,2.4645708073461186,,
1200,0.016,305.48984033593661,305.48984525835016,-4.9224135523218138e-06,2.3981589620525638,,
1200,0.017000000000000001,305.73451455188842,305.73452004797025,-5.4960818260951783e-06,2.2953424705665517,,
1200,0.018000000000000002,305.99703997742898,305.99704606941089,-6.0919819020455179e-06,2.1452311862445672,,
1200,0.019,306.27790572868474,306.27791244400157,-6.7153168288314191e-06,1.9369336821833241,,
1200,0.02,306.57762770393845,306.57763583357183,-8.1296333860336745e-06,1.6585925310188805,,
1210,0,303.73773103321861,303.73773016450872,8.6870988980081165e-07,2.5499999765327486,,
1210,0.001,303.74441763543223,303.74441679087806,8.4455416526907356e-07,2.5499999564466052,,
1210,0.002,303.76449595435037,303.76449518697376,7.6737660492653958e-07,2.5499998510281352,,
1210,0.0030000000000000001,303.79802142534072,303.79802078739749,6.3794323068577796e-07,2.5499994321736201,,
1210,0.0040000000000000001,303.84508608099839,303.84508562549786,4.5550052618636983e-07,2.5499978563237375,,
1210,0.0050000000000000001,303.90581795987998,303.90581774031443,2.1956554974167375e-07,2.5499922425182384,,
1210,0.0060000000000000001,303.98038018994214,303.98038025948534,-6.9543204972433159e-08,2.5499734439883701,,
1210,0.0070000000000000001,304.06896969352681,304.0689701037017,-4.1017489138539531e-07,2.549914562229906,,
1210,0.0080000000000000002,304.17181549193066,304.17181629086576,-7.9893510473993956e-07,2.5497425775055911,,
1210,0.0090000000000000011,304.28917664500545,304.28917787554798,-1.2305425229897082e-06,2.5492750450105621,,
1210,0.01,304.42133993845778,304.42134163654606,-1.698088283319521e-06,2.5480935301485803,,
1210,0.010999999999999999,304.56861751396451,304.5686197077427,-2.1937781866654404e-06,2.5453194632127407,,
1210,0.012,304.73134470209965,304.73134741231479,-2.7102151420876908e-06,2.5392685874595968,,
1210,0.013000000000000001,304.90987833224727,304.90988157447458,-3.2422273079646402e-06,2.527001009580546,,
1210,0.014,305.10459567644887,305.104599464486,-3.7880371337450924e-06,2.503857135387646,,
1210,0.014999999999999999,305.31589359344804,305.31589794083732,-4.3473892787915247e-06,2.4631490741153543,,
1210,0.016,305.54418517076385,305.54419009615339,-4.9253895326728525e-06,2.3962048276650711,,
1210,0.017000000000000001,305.78988494298329,305.78989046248716,-5.5195038726196799e-06,2.292875127494939,,
1210,0.018000000000000002,306.05336372364309,306.05336970849254,-5.9848494515790662e-06,2.1423750761109797,,
1210,0.019,306.3348519232066,306.33485786849008,-5.9452834761941631e-06,1.933915627857373,,
1210,0.02,306.6342993635659,306.63430443809682,-5.0745309181365883e-06,1.6557055926146322,,
1220,0,303.78302388821402,303.78302303961556,8.4859846083418233e-07,2.5499999729158089,,
1220,0.001,303.78975194019739,303.78975111642262,8.2377476928741089e-07,2.5499999501613271,,
1220,0.002,303.80995437498461,303.80995363023459,7.4475002520557609e-07,2.5499998317383001,,
1220,0.0030000000000000001,303.84368590338187,303.8436852906492,6.1273266283023986e-07,2.5499993664104199,,
1220,0.0040000000000000001,303.8910372773708,303.89103684970496,4.2766583874254138e-07,2.5499976351718439,,
1220,0.0050000000000000001,303.95213461559354,303.95213442565711,1.8993642925124732e-07,2.5499915334049805,,
1220,0.0060000000000000001,304.02713841963561,304.02713851886756,-9.9231954209244577e-08,2.5499713061535165,,
1220,0.0070000000000000001,304.1162422690893,304.11624270654073,-4.3745143329942948e-07,2.5499085464556259,,
1220,0.0080000000000000002,304.21967121270529,304.21967203372537,-8.2102008036599727e-07,2.5497268464973928,,
1220,0.0090000000000000011,304.33767991574229,304.33768116079665,-1.2450543636077782e-06,2.5492369298388824,,
1220,0.01,304.4705506664979,304.47055237037029,-1.7038723854057025e-06,2.5480081403001598,,
1220,0.010999999999999999,304.61859135313102,304.61859354459295,-2.1914619310337002e-06,2.5451428584591507,,
1220,0.012,304.78213341110052,304.78213611356438,-2.7024638598049933e-06,2.5389317842200181,,
1220,0.013000000000000001,304.9615293364908,304.96153257161421,-3.2351234153793484e-06,2.5264092291870259,,
1220,0.014,305.15714838969751,305.15715218363493,-3.7939374237794254e-06,2.5028996981364098,,
1220,0.014999999999999999,305.36936737619868,305.36937175660222,-4.38040353856195e-06,2.4617232722893196,,
1220,0.016,305.59855127027657,305.59855622848033,-4.9582037604523066e-06,2.3942512839034822,,
1220,0.017000000000000001,305.8450175813278,305.84502298902311,-5.4076953119874815e-06,2.2904146358989754,,
1220,0.018000000000000002,306.10898150408497,306.1089870451874,-5.5411024391105457e-06,2.1395320378033298,,
1220,0.019,306.39048786677608,306.39049305948504,-5.1927089543823968e-06,1.9309148524806916,,
1220,0.02,306.68934789368819,306.689352183474,-4.2897858065771288e-06,1.6528350424575651,,
1230,0,303.8285949734082,303.82859415063336,8.2277483670623042e-07,2.5499999688121888,,
1230,0.001,303.83536390739658,303.83536310983152,7.9756506465855637e-07,2.5499999430883094,,
1230,0.002,303.85568871858629,303.8556880010637,7.1752259600543766e-07,2.5499998103084573,,
1230,0.0030000000000000001,303.88962329811523,303.88962271388402,5.8423120208317414e-07,2.5499992942271237,,
1230,0.0040000000000000001,303.93725700170853,303.9372566035172,3.9819133235141635e-07,2.5499973951488339,,
1230,0.0050000000000000001,303.99871394927345,303.99871378886246,1.60410991156823e-07,2.5499907718686612,,
1230,0.0060000000000000001,304.07415203892555,304.07415216628283,-1.2735728205370833e-07,2.5499690328584328,,
1230,0.0070000000000000001,304.16376168508754,304.16376214754365,-4.6245611429185374e-07,2.5499022081866047,,
1230,0.0080000000000000002,304.26776430348144,304.26776514478854,-8.4130709865348763e-07,2.549710413257924,,
1230,0.0090000000000000011,304.38641056416776,304.38641182384708,-1.2596793226293812e-06,2.5491974257336278,,
1230,0.01,304.51997838029774,304.51998009376325,-1.7134655081463279e-06,2.5479202745587917,,
1230,0.010999999999999999,304.66877043194501,304.66877263188866,-2.1999436512487591e-06,2.5449623166510857,,
1230,0.012,304.83311066018962,304.83311337870066,-2.7185110411664937e-06,2.5385894823951376,,
1230,0.013000000000000001,305.01333855347559,305.01334182160201,-3.2681264201528393e-06,2.5258108878325594,,
1230,0.014,305.20979926211618,305.20980310030046,-3.8381842841772595e-06,2.5019359718445826,,
1230,0.014999999999999999,305.42282695236838,305.42283134614723,-4.393778851863317e-06,2.4602935342930228,,
1230,0.016,305.65271898899783,305.65272385133392,-4.8623360839883389e-06,2.3922984277508617,,
1230,0.017000000000000001,305.89970023036449,305.89970536542353,-5.1350590410947916e-06,2.2879610014671052,,
1230,0.018000000000000002,306.16388019050379,306.16388528476978,-5.0942659868269402e-06,2.1367019630381128,,
1230,0.019,306.44521026425264,306.44521491480162,-4.6505489876835782e-06,1.9279311179316212,,
1230,0.02,306.74345159015121,306.7434553681797,-3.7780284856125945e-06,1.6499811681461178,,
1240,0,303.87444024928209,303.87443945648113,7.9280096088041319e-07,2.5499999641662163,,
1240,0.001,303.88124944173586,303.88124867428547,7.6745038768422091e-07,2.5499999351442506,,
1240,0.002,303.90169474600805,303.90169405892169,6.8708635581060662e-07,2.5499997865423709,,
1240,0.0030000000000000001,303.9358292044829,303.93582865093214,5.5355076256091706e-07,2.5499992151191289,,
1240,0.0040000000000000001,303.98374075522383,303.98374038752263,3.6770120459550526e-07,2.5499971349997197,,
1240,0.0050000000000000001,304.04555153492794,304.04555140403289,1.3089504591334844e-07,2.5499899550119571,,
1240,0.0060000000000000001,304.12141690512317,304.12141706005036,-1.5492719285248313e-07,2.5499666180304628,,
1240,0.0070000000000000001,304.21152419680993,304.21152468411088,-4.873009515904414e-07,2.5498955360879862,,
1240,0.0080000000000000002,304.31609114223761,304.31609200575298,-8.6351536765505443e-07,2.5496932593998363,,
1240,0.0090000000000000011,304.43536389234754,304.43536517343159,-1.2810840530619316e-06,2.5491565078329845,,
1240,0.01,304.56961437331898,304.5696161114148,-1.7380958183821349e-06,2.5478299075632447,,
1240,0.010999999999999999,304.7191364893539,304.71913872201327,-2.2326593693833274e-06,2.544777825445077,,
1240,0.012,304.88424033667872,304.88424309701151,-2.7603327907854691e-06,2.538241701633845,,
1240,0.013000000000000001,305.06524323093862,305.06524653969484,-3.3087562201217224e-06,2.5252060526645685,,
1240,0.014,305.26245614163633,305.26245999201888,-3.8503825408042758e-06,2.5009660694254934,,
1240,0.014999999999999999,305.47616433512297,305.47616867156523,-4.3364422595004726e-06,2.4588599896943713,,
1240,0.016,305.70660190752176,305.70660660371954,-4.6961977773207764e-06,2.3903463530281948,,
1240,0.017000000000000001,305.95392151699963,305.95392636249971,-4.8455000865033071e-06,2.2855142283938723,,
1240,0.018000000000000002,306.21816272958375,306.2181674342263,-4.7046425493135757e-06,2.1338847446047557,,
1240,0.019,306.49922430052516,306.49922851949066,-4.2189655005131499e-06,1.9249641761272434,,
1240,0.02,306.79684653375813,306.79684991672207,-3.3829639392024546e-06,1.6471439114810871,,
1250,0,303.92055544588982,303.9205546858667,7.6002311288903002e-07,2.549999958917029,,
1250,0.001,303.92740425977092,303.92740352507468,7.346962433985027e-07,2.5499999262387623,,
1250,0.002,303.94796814538637,303.9479674909266,6.5445976815681206e-07,2.5499997602298388,,
1250,0.0030000000000000001,303.98229929608073,303.98229877480657,5.212741598370485e-07,2.549999128552574,,
1250,0.0040000000000000001,304.03048423227796,304.03048389616856,3.3610939453865285e-07,2.5499968534121944,,
1250,0.0050000000000000001,304.09264309113757,304.0926429908435,1.0029407349065877e-07,2.5499890798388414,,
1250,0.0060000000000000001,304.16892860573182,304.16892879029035,-1.8455853023624513e-07,2.5499640554573619,,
1250,0.0070000000000000001,304.25952471991087,304.25952523662755,-5.1671668188646436e-07,2.5498885186864557,,
1250,0.0080000000000000002,304.36464472155916,304.36464561604902,-8.9448985818307847e-07,2.5496753665113148,,
1250,0.0090000000000000011,304.48452866909923,304.48452998523629,-1.3161370588932186e-06,2.5491141515417617,,
1250,0.01,304.61943972755631,304.61944150665624,-1.7790999322642165e-06,2.5477370146579688,,
1250,0.010999999999999999,304.76965883502055,304.76966111312106,-2.2781005100114271e-06,2.5445893735738503,,
1250,0.012,304.93547693631564,304.93547973820404,-2.8018883995173383e-06,2.5378884625761104,,
1250,0.013000000000000001,305.11718393868466,305.11718726777298,-3.3290883152403694e-06,2.5245947909590392,,
1250,0.014,305.31505368624744,305.31505751078032,-3.8245328823904856e-06,2.4999901024044897,,
1250,0.014999999999999999,305.52932472995161,305.52932896802031,-4.2380686977594451e-06,2.4574227652622844,,
1250,0.016,305.76017752897008,305.76018203667036,-4.5077002823745715e-06,2.3883951504969811,,
1250,0.017000000000000001,306.00770985982984,306.00771442782082,-4.5679909703721933e-06,2.2830743194859839,,
1250,0.018000000000000002,306.27191336518507,306.27191772764479,-4.3624597196867398e-06,2.1310802752340887,,
1250,0.019,306.5526549555409,306.55265881244338,-3.8569024809476105e-06,1.9220137919840523,,
1250,0.02,306.84966680278364,306.84966985933431,-3.056550667679403e-06,1.6443231441066681,,
1260,0,303.96693625554451,303.9669355303032,7.2524130700912792e-07,2.549999952998208,,
1260,0.001,303.97382405034369,303.97382335035638,6.9998731078158016e-07,2.5499999162739289,,
1260,0.002,303.99450458964293,303.99450396967904,6.1996388467377983e-07,2.5499997311460119,,
1260,0.0030000000000000001,304.02902919157293,304.02902870450578,4.870671546086669e-07,2.5499990339633576,,
1260,0.0040000000000000001,304.0774828851093,304.07748258301393,3.0209537271730369e-07,2.5499965490154981,,
1260,0.0050000000000000001,304.13998362758468,304.13998356154701,6.6037671331287129e-08,2.5499881432540956,,
1260,0.0060000000000000001,304.21668113277423,304.21668135276411,-2.1998988586346968e-07,2.5499613387890561,,
1260,0.0070000000000000001,304.30775520000776,304.30775575474729,-5.5473952897955314e-07,2.5498811443761618,,
1260,0.0080000000000000002,304.41341335744596,304.41341429403758,-9.3659161848336225e-07,2.5496567161663362,,
1260,0.0090000000000000011,304.53388752918033,304.53388889203876,-1.3628584270009014e-06,2.5490703325414144,,
1260,0.01,304.66942931770433,304.66943114612496,-1.8284206362295663e-06,2.5476415718925494,,
1260,0.010999999999999999,304.82030338993508,304.82030571356648,-2.323631406397908e-06,2.5443969508244635,,
1260,0.012,304.98677841573544,304.98678124745663,-2.831721189977543e-06,2.537529786810798,,
1260,0.013000000000000001,305.16911509602255,305.16911842238233,-3.3263597742916318e-06,2.5239771700804994,,
1260,0.014,305.3675510925259,305.36755486291935,-3.7703934481214674e-06,2.499008180917444,,
1260,0.014999999999999999,305.58228316065043,305.58228727750054,-4.116850107038772e-06,2.4559819850239011,,
1260,0.016,305.8134474560747,305.81345176906046,-4.3129857658641413e-06,2.3864449079616099,,
1260,0.017000000000000001,306.06109971999251,306.06110402736397,-4.307371455070097e-06,2.2806412762231791,,
1260,0.018000000000000002,306.3251976618451,306.32520172077494,-4.0589298464510648e-06,2.1282884469200614,,
1260,0.019,306.60558813985477,306.60559168581381,-3.54595903218069e-06,1.9190797458037105,,
1260,0.02,306.90200164857714,306.90200430064209,-2.6520649498706916e-06,1.6415187101522564,,
1270,0,304.01357827258221,304.0135775866359,6.8594630420193425e-07,2.5499999463374108,,
1270,0.001,304.02050437371923,304.02050371103093,6.6268830778426491e-07,2.5499999051438493,,
1270,0.002,304.04129951490069,304.04129893233954,5.825611424370436e-07,2.549999699050725,,
1270,0.0030000000000000001,304.07601404148664,304.07601359225072,4.492359266805579e-07,2.5499989307561441,,
1270,0.0040000000000000001,304.12473128279004,304.12473101951338,2.6327666091674473e-07,2.5499962203793278,,
1270,0.0050000000000000001,304.18756662720767,304.18756660182078,2.5386896140844328e-08,2.549987142062907,,
1270,0.0060000000000000001,304.26466610374325,304.26466636724098,-2.6349772497269441e-07,2.549958461539529,,
1270,0.0070000000000000001,304.3562043214838,304.35620492343526,-6.0195145579200471e-07,2.5498734014246907,,
1270,0.0080000000000000002,304.4623815480507,304.46238253554395,-9.8749325161406887e-07,2.5496372899347288,,
1270,0.0090000000000000011,304.58341963202412,304.58342104762147,-1.4155973531160271e-06,2.5490250267995265,,
1270,0.01,304.71955641047623,304.7195582887208,-1.8782445749820909e-06,2.5475435560205049,,
1270,0.010999999999999999,304.87103821950353,304.87104058161526,-2.3621117293259886e-06,2.5442005480163421,,
1270,0.012,305.03811017996145,305.03811302657306,-2.8466116077652259e-06,2.5371656968345535,,
1270,0.013000000000000001,305.22100411035353,305.2210074124942,-3.3021406693478639e-06,2.523353257443985,,
1270,0.014,305.41992435069693,305.41992804050801,-3.6898110806760087e-06,2.4980204137105821,,
1270,0.014999999999999999,305.63503305719399,305.63503701853591,-3.9613419176021125e-06,2.4545377703210698,,
1270,0.016,305.8664407642396,305.8664448195654,-4.055325803165033e-06,2.384495710369904,,
1270,0.017000000000000001,306.11421929844437,306.11422326345445,-3.9650100802646193e-06,2.2782150987691931,,
1270,0.018000000000000002,306.37847239078252,306.37847633696271,-3.9461801861762069e-06,2.125509151016026,,
1270,0.019,306.6595029143881,306.65950754211349,-4.6277253886728431e-06,1.9161618303108041,,
1270,0.02,306.95806268907103,306.95806933880351,-6.6497324837655469e-06,1.6387309075043883,,
1280,0,304.06047668912493,304.06047604395246,6.451724630096578e-07,2.5499999388559638,,
1280,0.001,304.06744033059738,304.06743970890756,6.2168982140065054e-07,2.5499998927341636,,
1280,0.002,304.08834772023215,304.08834717938089,5.4085126066638622e-07,2.5499996636877906,,
1280,0.0030000000000000001,304.12324805174103,304.12324764553563,4.0620540175950737e-07,2.5499988183033913,,
1280,0.0040000000000000001,304.17222261649476,304.17222239831113,2.1818362938574865e-07,2.5499958660127877,,
1280,0.0050000000000000001,304.23538368370794,304.23538370624686,-2.2538927169080125e-08,2.5499860729705679,,
1280,0.0060000000000000001,304.31287278047114,304.31287309525038,-3.1477924267164781e-07,2.5499554170888361,,
1280,0.0070000000000000001,304.40485820882662,304.40485886519326,-6.5636663748591673e-07,2.5498652779790754,,
1280,0.0080000000000000002,304.51153158420965,304.51153262754696,-1.043337306327885e-06,2.5496170693920099,,
1280,0.0090000000000000011,304.6331031394302,304.63310460819014,-1.4687599332319223e-06,2.5489782105787255,,
1280,0.01,304.76979553830381,304.76979745964968,-1.9213458699596231e-06,2.5474429444974596,,
1280,0.010999999999999999,304.92183604500889,304.92183842913886,-2.3841299707783037e-06,2.5440001569792385,,
1280,0.012,305.08944724442904,305.08945007721405,-2.832785014561523e-06,2.5367962160117656,,
1280,0.013000000000000001,305.27283740906256,305.27284064146653,-3.2324039693776285e-06,2.5227231204789433,,
1280,0.014,305.47219353494847,305.47219707169131,-3.5367428381505306e-06,2.4970269081415672,,
1280,0.014999999999999999,305.68768336122457,305.68768706951641,-3.708291842485778e-06,2.4530902398662833,,
1280,0.016,305.91947662572267,305.91948040570674,-3.7799840697516629e-06,2.3825476399097454,,
1280,0.017000000000000001,306.167797414848,306.16780134019484,-3.9253468457900453e-06,2.2757957859497768,,
1280,0.018000000000000002,306.43301369280664,306.43301815007959,-4.4572729507308395e-06,2.1227422787283987,,
1280,0.019,306.71575384341736,306.71575953683237,-5.6934150052256882e-06,1.9132598500539995,,
1280,0.02,307.01701822578985,307.01702601654165,-7.7907517948005989e-06,1.6359595014021786,,
1290,0,304.10762589387502,304.10762529492331,5.9895171489188215e-07,2.5499999304684615,,
1290,0.001,304.11462616112419,304.11462558603534,5.7508884765411494e-07,2.5499998789215677,,
1290,0.002,304.13564297871699,304.13564248560209,4.9311489647152484e-07,2.5499996247842991,,
1290,0.0030000000000000001,304.17072415062836,304.17072379404641,3.5658194974530488e-07,2.5499986959443697,,
1290,0.0040000000000000001,304.21994851125726,304.21994834522968,1.6602757568762172e-07,2.5499954843633819,,
1290,0.0050000000000000001,304.28342458889074,304.28342466642277,-7.7532035902549978e-08,2.549984932582257,,
1290,0.0060000000000000001,304.36128857851003,304.36128895067276,-3.7216273085505236e-07,2.5499521986852156,,
1290,0.0070000000000000001,304.45370147650846,304.45370219088318,-7.1437472115576384e-07,2.5498567620718391,,
1290,0.0080000000000000002,304.56084521636745,304.56084631459782,-1.0982303706441598e-06,2.5495960361290155,,
1290,0.0090000000000000011,304.68291768917271,304.68291920326271,-1.514090001819568e-06,2.5489298604450994,,
1290,0.01,304.82012670383756,304.82012865067827,-1.9468407117528841e-06,2.5473397154787421,,
1290,0.010999999999999999,304.97268335035329,304.97268572423383,-2.3738805339235114e-06,2.5437957705312186,,
1290,0.012,305.14079601461719,305.14079877942504,-2.7648078457787051e-06,2.5364213685356289,,
1290,0.013000000000000001,305.32466753976826,305.32467062724055,-3.0874722938278865e-06,2.5220868265949652,,
1290,0.014,305.52449958313014,305.52450290875834,-3.3256281994908932e-06,2.4960277701816755,,
1290,0.014999999999999999,305.74050945525823,305.74051296278242,-3.5075241839876981e-06,2.4516395097979697,,
1290,0.016,305.97296448021643,305.97296821123251,-3.7310160792003444e-06,2.3806007760996,,
1290,0.017000000000000001,306.22223586453038,306.22224002746304,-4.162932668805297e-06,2.2733833352276087,,
1290,0.018000000000000002,306.48886773424675,306.48887273566783,-5.0014210728477337e-06,2.1199877216616172,,
1290,0.019,306.77364888673708,306.77365529367893,-6.4069418499457242e-06,1.910373625619048,,
1290,0.02,307.0776684853742,307.07767694344693,-8.4580727275351819e-06,1.6332041609375381,,
1300,0,304.15501914274256,304.15501859687458,5.4586797659794684e-07,2.5499999210823385,,
1300,0.001,304.1620549360851,304.16205441451223,5.2157287200316205e-07,2.5499998635733108,,
1300,0.002,304.18317779643132,304.18317735806335,4.3836797658514115e-07,2.5499995820499026,,
1300,0.0030000000000000001,304.21843387905153,304.21843357906295,2.9998858508406556e-07,2.549998562984197,,
1300,0.0040000000000000001,304.26789913276281,304.2678990253948,1.0736800959421089e-07,2.5499950738160493,,
1300,0.0050000000000000001,304.33167776909391,304.33167790685076,-1.3775684237771202e-07,2.5499837174029314,,
1300,0.0060000000000000001,304.40990000128028,304.40990043352713,-4.322468498685339e-07,2.5499487994473324,,
1300,0.0070000000000000001,304.50271897913586,304.50271974983218,-7.7069631743142963e-07,2.5498478416270616,,
1300,0.0080000000000000002,304.61030691096516,304.61030805521835,-1.1442531899774622e-06,2.5495741717613045,,
1300,0.0090000000000000011,304.73285053375071,304.73285207305423,-1.5393035255328869e-06,2.5488799532760624,,
1300,0.01,304.87054642411385,304.87054836083905,-1.9367251979929279e-06,2.5472338478164196,,
1300,0.010999999999999999,305.02359717907575,305.02359949227883,-2.3132030833039607e-06,2.5435873824565975,,
1300,0.012,305.1922102206475,305.19221286728333,-2.6466358349352959e-06,2.5360411793902284,,
1300,0.013000000000000001,305.37660174559431,305.37660467250038,-2.9269060632941546e-06,2.5214444431492833,,
1300,0.014,305.57700882170764,305.57701199226085,-3.1705532137493719e-06,2.4950231044191167,,
1300,0.014999999999999999,305.79371233754136,305.79371577140961,-3.4338682439738477e-06,2.4501856937353121,,
1300,0.016,306.02707196920653,306.02707578523683,-3.8160303006407048e-06,2.3786551958720046,,
1300,0.017000000000000001,306.27757138179749,306.27757582816122,-4.4463637323133298e-06,2.2709777426965734,,
1300,0.018000000000000002,306.54586802553945,306.54587348092042,-5.4553809718527191e-06,2.1172453723527846,,
1300,0.019,306.83283833238301,306.83284526963604,-6.9372530333566829e-06,1.9075029869162707,,
1300,0.02,307.13960746779554,307.13961640258714,-8.9347915945836576e-06,1.6304646561769753,,
1310,0,304.20264840612168,304.20264792081622,4.8530546337133273e-07,2.5499999105974274,,
1310,0.001,304.20971843658032,304.20971797591216,4.6066816139500588e-07,2.5499998465466827,,
1310,0.002,304.23094339537732,304.23094301880894,3.7656838003385928e-07,2.549999535176092,,
1310,0.0030000000000000001,304.26636756826116,304.26636733114151,2.3711965013717418e-07,2.549998418692883,,
1310,0.0040000000000000001,304.31606369584665,304.31606365185121,4.3995441956212744e-08,2.5499946326922505,,
1310,0.0050000000000000001,304.38013134458373,304.3801315444008,-1.9981706600447069e-07,2.5499824238372848,,
1310,0.0060000000000000001,304.45869460415207,304.45869509341844,-4.892663696409727e-07,2.5499452123666169,,
1310,0.0070000000000000001,304.55189916573244,304.55189998209278,-8.1636034110488254e-07,2.5498385044664533,,
1310,0.0080000000000000002,304.65990897206422,304.6599101414804,-1.1694161798914138e-06,2.5495514579383314,,
1310,0.0090000000000000011,304.7829028678604,304.78290440084498,-1.532984583718644e-06,2.548828466267731,,
1310,0.01,304.92107202842112,304.92107391769883,-1.8892777120527171e-06,2.5471253210558111,,
1310,0.010999999999999999,305.0746193765662,305.07462159853634,-2.2219701349968091e-06,2.5433749874839511,,
1310,0.012,305.24376261941887,305.24376514215925,-2.5227403739336296e-06,2.5356556743136802,,
1310,0.013000000000000001,305.42874277431179,305.42874557405895,-2.7997471647722705e-06,2.5207960374159555,,
1310,0.014,305.62983987611153,305.62984296181173,-3.0857002002449008e-06,2.4940130140633467,,
1310,0.014999999999999999,305.84739674959479,305.84740019147165,-3.4418768564137281e-06,2.4487289028322503,,
1310,0.016,306.08185020465561,306.08185415923623,-3.9545806203022948e-06,2.3767109736498129,,
1310,0.017000000000000001,306.33376693821282,306.3337716606074,-4.7223945784935495e-06,2.2685790031040538,,
1310,0.018000000000000002,306.60387928214851,306.60388511759049,-5.835441982071643e-06,2.1145151248009264,,
1310,0.019,306.89311442277358,306.89312177474631,-7.3519727266102564e-06,1.9046477658751895,,
1310,0.02,307.20261053178649,307.20261982762224,-9.2958357527095359e-06,1.6277407800026096,,
1320,0,304.25050448838954,304.25050407053209,4.178574499746901e-07,2.5499998989055057,,
1320,0.001,304.25760732490124,304.25760693172651,3.9317473010669346e-07,2.5499998276884774,,
1320,0.002,304.27893004850455,304.27892973934286,3.0916169180272846e-07,2.5499994838354674,,
1320,0.0030000000000000001,304.31451498033101,304.31451480976477,1.7056623846656294e-07,2.5499982623043747,,
1320,0.0040000000000000001,304.36443158853064,304.36443160834995,-1.9819310637103627e-08,2.5499941592490858,,
1320,0.0050000000000000001,304.42877492321344,304.42877518062141,-2.5740797582329833e-07,2.5499810481898204,,
1320,0.0060000000000000001,304.50766353109191,304.50766406631658,-5.35224671693868e-07,2.5499414303096999,,
1320,0.0070000000000000001,304.60123703746802,304.60123788096502,-8.4349699136510026e-07,2.549828738315445,,
1320,0.0080000000000000002,304.70965374753325,304.70965491731101,-1.1697777608787874e-06,2.5495278763523905,,
1320,0.0090000000000000011,304.83308884707401,304.83309034714568,-1.5000716757640475e-06,2.5487753769417969,,
1320,0.01,304.97173405234446,304.97173587375119,-1.8214067267763312e-06,2.5470141154315113,,
1320,0.010999999999999999,305.1257998133832,305.12580193940363,-2.1260204334794253e-06,2.5431585812641786,,
1320,0.012,305.29552131938516,305.2955237361474,-2.4167622427739843e-06,2.535264879762309,,
1320,0.013000000000000001,305.48116946688646,305.481172179456,-2.7125695396534866e-06,2.5201416765566722,,
1320,0.014,305.68306751532504,305.68307056750751,-3.0521824783136253e-06,2.4929976009503561,,
1320,0.014999999999999999,305.90161331123096,305.90161680523352,-3.4940025557261833e-06,2.447269245830531,,
1320,0.016,306.13730576624113,306.13730987683505,-4.1105939203589514e-06,2.3747681814165054,,
1320,0.017000000000000001,306.39077292706509,306.39077790462585,-4.9775607635638153e-06,2.2661871099020612,,
1320,0.018000000000000002,306.6627978097091,306.66280396812118,-6.1584120771840389e-06,2.1117968747897766,,
1320,0.019,306.95433756986517,306.95434525906245,-7.6891972753401205e-06,1.9018077951953527,,
1320,0.02,307.26653091887448,307.26654143962725,-1.0520752766751684e-05,1.6250323365268118,,
1330,0,304.29857755122089,304.29857720333217,3.4788871516866493e-07,2.5499998858898278,,
1330,0.001,304.30571173248677,304.30571141024302,3.2224374990619253e-07,2.5499998068344558,,
1330,0.002,304.32712785906483,304.32712761909448,2.399703475930437e-07,2.5499994276809961,,
1330,0.0030000000000000001,304.36286638803438,304.36286628289997,1.051344042934943e-07,2.5499980930156232,,
1330,0.0040000000000000001,304.41299379809436,304.41299387647086,-7.8376501733146142e-08,2.5499936516784811,,
1330,0.0050000000000000001,304.47760126129344,304.4776015659703,-3.0467685974144842e-07,2.5499795866649988,,
1330,0.0060000000000000001,304.55680300468987,304.55680357036471,-5.6567483852631995e-07,2.5499374460209494,,
1330,0.0070000000000000001,304.65073464576659,304.65073549700276,-8.5123616599958041e-07,2.5498185308092487,,
1330,0.0080000000000000002,304.75955193906213,304.75955308907368,-1.1500115419948997e-06,2.5495034087473241,,
1330,0.0090000000000000011,304.88343054777283,304.88343199896775,-1.4511949189000006e-06,2.5487206631519208,,
1330,0.01,305.02256761944017,305.02256936677435,-1.74733418134565e-06,2.546900211862968,,
1330,0.010999999999999999,305.17718604467944,305.17718808271235,-2.0380329033287126e-06,2.542938160348676,,
1330,0.012,305.34754224172008,305.34754457579845,-2.3340783741332416e-06,2.5348688228758594,,
1330,0.013000000000000001,305.53393805897605,305.53394072020103,-2.6612249826030165e-06,2.5194814275931154,,
1330,0.014,305.73673680345712,305.73673986505759,-3.0616004664807406e-06,2.4919769655488455,,
1330,0.014999999999999999,305.9563820625275,305.95638565299248,-3.5904649848816916e-06,2.4458068291115107,,
1330,0.016,306.19341440133087,306.19341871661368,-4.3152828084203065e-06,2.372826888782233,,
1330,0.017000000000000001,306.44847233750102,306.44847761633372,-5.2788327025155013e-06,2.2638020553233376,,
1330,0.018000000000000002,306.72225048559193,306.72225681167777,-6.3260858382818697e-06,2.1090905199326206,,
1330,0.019,307.01538494626783,307.01539195197319,-7.0057053562777583e-06,1.8989829088777128,,
1330,0.02,307.32827445871067,307.3282813331661,-6.8744554369004618e-06,1.6223404456675692,,
1340,0,304.34685801636124,304.34685773960638,2.7675486080624978e-07,2.5499998714246335,,
1340,0.001,304.35402220187109,304.35402194962836,2.5224272803825443e-07,2.5499997838087847,,
1340,0.002,304.37552780028284,304.37552762669719,1.7358564718961134e-07,2.5499993663452702,,
1340,0.0030000000000000001,304.41141370686341,304.41141366145854,4.5404874526866479e-08,2.5499979099856613,,
1340,0.0040000000000000001,304.46174401380836,304.46174414146776,-1.2765940482495353e-07,2.5499931081064093,,
1340,0.0050000000000000001,304.52660705048828,304.52660738954825,-3.3905996588146081e-07,2.5499780353674804,,
1340,0.0060000000000000001,304.60611433654583,304.60611491708318,-5.8053734619534225e-07,2.5499332521250913,,
1340,0.0070000000000000001,304.70039977784876,304.70040062061474,-8.4276598499855027e-07,2.5498078694989328,,
1340,0.0080000000000000002,304.80961955840269,304.8096206750551,-1.116652413202246e-06,2.549478036926982,,
1340,0.0090000000000000011,304.93395329409856,304.93395468948484,-1.3953862776361348e-06,2.5486643030896294,,
1340,0.01,305.0736070770991,305.07360875419965,-1.6771005562077335e-06,2.5467835919495689,,
1340,0.010999999999999999,305.22881898203241,305.22882094977308,-1.9677406726259505e-06,2.5427137221675764,,
1340,0.012,305.39986729457888,305.39986957876971,-2.2841908275950118e-06,2.534467531443668,,
1340,0.013000000000000001,305.58708091932556,305.58708357744649,-2.6581209340292844e-06,2.5188153573808338,,
1340,0.014,305.79084977947139,305.79085291605884,-3.1365874519906356e-06,2.4909512069673383,,
1340,0.014999999999999999,306.01163030913864,306.01163407482574,-3.7656870972568868e-06,2.4443417567467587,,
1340,0.016,306.24993792791372,306.24994247028582,-4.542372096238978e-06,2.3708871630476422,,
1340,0.017000000000000001,306.50631689704198,306.50632225580472,-5.3587627348861133e-06,2.2614238304724932,,
1340,0.018000000000000002,306.78128189431771,306.78128790795114,-6.0136334241178702e-06,2.1063959595636375,,
1340,0.019,307.07523740847012,307.07524370367742,-6.2952072994448827e-06,1.8961729490983068,,
1340,0.02,307.38839697499571,307.3884030555912,-6.0805954831266718e-06,1.6196647558251427,,
1350,0,304.39533758307005,304.39533737203436,2.1103568315083976e-07,2.5499998553746557,,
1350,0.001,304.40253069497777,304.40253050679399,1.8818377611751202e-07,2.5499997584234713,,
1350,0.002,304.42412267591118,304.42412256128478,1.1462640259196633e-07,2.5499992994397553,,
1350,0.0030000000000000001,304.46015131237442,304.46015131712971,-4.7552930482197553e-09,2.5499977123346915,,
1350,0.0040000000000000001,304.51067912653326,304.51067929162002,-1.6508676026205649e-07,2.5499925265921544,,
1350,0.0050000000000000001,304.57579285399652,304.57579321390034,-3.5990382230011164e-07,2.5499763903024451,,
1350,0.0060000000000000001,304.65560303767359,304.65560361937395,-5.8170036254523438e-07,2.5499288411299101,,
1350,0.0070000000000000001,304.7502440644455,304.75024488734761,-8.2290210912105977e-07,2.5497967418574516,,
1350,0.0080000000000000002,304.85987504543442,304.85987612278046,-1.0773460417112801e-06,2.5494517427634502,,
1350,0.0090000000000000011,304.98468195922266,304.98468330156845,-1.3423457971839525e-06,2.5486062752897984,,
1350,0.01,305.12488137589077,305.1248829973045,-1.6214137303904863e-06,2.5466642379654321,,
1350,0.010999999999999999,305.28072576051619,305.280727687818,-1.9273018097010208e-06,2.5424852650082421,,
1350,0.012,305.45250970218723,305.45251198585044,-2.2836632069811458e-06,2.5340610338719149,,
1350,0.013000000000000001,305.64057536069839,305.64057808204774,-2.7213493467570515e-06,2.518143532584515,,
1350,0.014,305.8453140841122,305.8453173490222,-3.2649099921400193e-06,2.4899204229618519,,
1350,0.014999999999999999,306.06715999906567,306.06716390917251,-3.9101068409763684e-06,2.4428741305469277,,
1350,0.016,306.30657129693066,306.30657589916638,-4.6022357196306984e-06,2.3689490692665682,,
1350,0.017000000000000001,306.56399692866518,306.56400216291149,-5.2342463163768116e-06,2.2590524254193389,,
1350,0.018000000000000002,306.83983087931523,306.83983655478056,-5.6754653314783354e-06,2.1037130946263769,,
1350,0.019,307.13436209489248,307.13436790791786,-5.8130253819399513e-06,1.8933777840966473,,
1350,0.02,307.44773285225443,307.44773845226672,-5.6000122867772006e-06,1.617004656090911,,
1360,0,304.44401005918127,304.44400990424737,1.5493390037590871e-07,2.5499998375946045,,
1360,0.001,304.45123137944222,304.45123124537275,1.3406946663963026e-07,2.5499997304777788,,
1360,0.002,304.47290776244876,304.47290769597566,6.6473091919760918e-08,2.5499992265540401,,
1360,0.0030000000000000001,304.50907641429899,304.50907645735236,-4.3053375975432573e-08,2.549997499143192,,
1360,0.0040000000000000001,304.55979918478965,304.55979937472654,-1.899368839985982e-07,2.5499919051276452,,
1360,0.0050000000000000001,304.62516248241667,304.62516285088032,-3.6846364537268528e-07,2.5499746473760054,,
1360,0.0060000000000000001,304.7052774540075,304.70527802659751,-5.7259001096099382e-07,2.5499242054290319,,
1360,0.0070000000000000001,304.80028069092026,304.80028148812323,-7.9720297208041302e-07,2.5497851352856591,,
1360,0.0080000000000000002,304.91033572225751,304.91033676211379,-1.039856272200268e-06,2.5494245082050244,,
1360,0.0090000000000000011,305.03563545886504,305.03563676168488,-1.3028198395659274e-06,2.5485465586356497,,
1360,0.01,305.17640550835864,305.1764071031796,-1.5948209579619288e-06,2.5465421328537161,,
1360,0.010999999999999999,305.33290784872764,305.33290977993141,-1.9312037693453021e-06,2.5422527879938075,,
1360,0.012,305.50544373150632,305.50544606227885,-2.3307725314225536e-06,2.5336493591517666,,
1360,0.013000000000000001,305.69435399091191,305.69435679899436,-2.8080824563403439e-06,2.5174660196546652,,
1360,0.014,305.90001441057029,305.90001777271783,-3.3621475381551136e-06,2.4888847099444535,,
1360,0.014999999999999999,306.12282381750998,306.1228277830088,-3.9654988199799845e-06,2.4414040501095293,,
1360,0.016,306.36318350679119,306.36318806625854,-4.559467356557434e-06,2.3670126703091658,,
1360,0.017000000000000001,306.62146859318835,306.62147365454041,-5.0613520556908043e-06,2.2566878292855721,,
1360,0.018000000000000002,306.89799462174591,306.8980000049512,-5.383205291309423e-06,2.1010418278493415,,
1360,0.019,307.19298538748978,307.19299084313514,-5.4556453505938407e-06,1.8905972938558024,,
1360,0.02,307.50654926231897,307.50655452129513,-5.2589761594390438e-06,1.6143598251394635,,
1370,0,304.49287183753472,304.49287172618858,1.1134613941976568e-07,2.5499998179286347,,
1370,0.001,304.50012104613234,304.50012095358898,9.2543359642149881e-08,2.5499996997576315,,
1370,0.002,304.5218810461767,304.52188101515821,3.10184873342223e-08,2.5499991472550727,,
1370,0.0030000000000000001,304.55818898061261,304.55818904943106,-6.8818451381957857e-08,2.5499972694510395,,
1370,0.0040000000000000001,304.60910685452535,304.60910705772136,-2.031960093518137e-07,2.5499912416368238,,
1370,0.0050000000000000001,304.67472180622934,304.67472217403673,-3.6780738810193725e-07,2.5499728023957005,,
1370,0.0060000000000000001,304.7551467010428,304.75514725986113,-5.5881832849991042e-07,2.5499193373047775,,
1370,0.0070000000000000001,304.85052119382607,304.8505219680099,-7.7418383170879679e-07,2.5497730371182885,,
1370,0.0080000000000000002,304.96101333812771,304.96101435318707,-1.01505935390378e-06,2.5493963152839507,,
1370,0.0090000000000000011,305.08682165718341,305.08682294401984,-1.2868364365203888e-06,2.548485132363326,,
1370,0.01,305.22817732016802,305.22817891924365,-1.5990756310202414e-06,2.5464172602206268,,
1370,0.010999999999999999,305.38534570112989,305.38534766463613,-1.9635062358247524e-06,2.5420162910619459,,
1370,0.012,305.55862620387245,305.55862859348497,-2.3896125185274286e-06,2.533232536828498,,
1370,0.013000000000000001,305.7483489424514,305.74835182068836,-2.8782369554392062e-06,2.5167828848055835,,
1370,0.014,305.95486685171255,305.95487026663125,-3.4149186944887333e-06,2.487844162992316,,
1370,0.014999999999999999,306.17854224020533,306.1785462058391,-3.9656337662563601e-06,2.4399316128652853,,
1370,0.016,306.41972777307524,306.41973225076367,-4.4776884351449553e-06,2.3650780269253944,,
1370,0.017000000000000001,306.67874328749576,306.67874817477838,-4.8872826141632686e-06,2.2543300303234237,,
1370,0.018000000000000002,306.95585137465838,306.95585650718175,-5.1325233698662487e-06,2.0983820643063251,,
1370,0.019,307.25123581416722,307.25124098270101,-5.1685337894014083e-06,1.8878313524347252,,
1370,0.02,307.56498721761488,307.56499220716023,-4.9895453457793337e-06,1.6117300078691177,,
1380,0,304.54192194776505,304.54192186629581,8.1469238466524985e-08,2.5499997962098173,,
1380,0.001,304.54919909342135,304.54919902888133,6.454001777456142e-08,2.5499996660350139,,
1380,0.002,304.57104300128304,304.571042992873,8.4100406638754066e-09,2.5499990610864063,,
1380,0.0030000000000000001,304.60749116189305,304.60749124510465,-8.3211602941446472e-08,2.5499970222566524,,
1380,0.0040000000000000001,304.65860633668956,304.65860654449568,-2.0780612430826295e-07,2.5499905339750661,,
1380,0.0050000000000000001,304.72447703932698,304.72447740225016,-3.6292317417974118e-07,2.5499708510710648,,
1380,0.0060000000000000001,304.80521830723092,304.80521885434035,-5.4710943686586688e-07,2.5499142289310837,,
1380,0.0070000000000000001,304.90097278500713,304.90097354588443,-7.6087729894425138e-07,2.5497604346298823,,
1380,0.0080000000000000002,305.01191204138593,305.01191304878142,-1.0073954967992904e-06,2.5493671461239078,,
1380,0.0090000000000000011,305.13823787461649,305.13823916709123,-1.2924747352371924e-06,2.5484219760660527,,
1380,0.01,305.28018313916459,305.28018476258069,-1.6234160966632771e-06,2.5462896043290919,,
1380,0.010999999999999999,305.4380113878122,305.43801339427421,-2.0064620116500009e-06,2.5417757749438397,,
1380,0.012,305.61201443747899,305.61201688048544,-2.4430064513580874e-06,2.532810596971574,,
1380,0.013000000000000001,305.80250692790014,305.80250985322573,-2.9253255888761487e-06,2.5160941939946175,,
1380,0.014,306.00981714405185,306.00982057718227,-3.4331304163970344e-06,2.486798875857323,,
1380,0.014999999999999999,306.23427387297238,306.23427780544858,-3.9324762042269867e-06,2.4384569141233428,,
1380,0.016,306.4761898411445,306.47619421943904,-4.3782945340353763e-06,2.3631451978087612,,
1380,0.017000000000000001,306.73584320149791,306.73584792234146,-4.7208435489665135e-06,2.2519790159959951,,
1380,0.018000000000000002,307.01345938253723,307.01346429755904,-4.9150218046634109e-06,2.0957337117452628,,
1380,0.019,307.30919610470943,307.30920103558338,-4.9308739562547999e-06,1.8850798262472701,,
1380,0.02,307.62313407962569,307.62313905977157,-4.9801458885667671e-06,1.6091149793507811,,
1390,0,304.59116163856345,304.59116157419754,6.4365906382590765e-08,2.5499997722595698,,
1390,0.001,304.59846704134821,304.59846699268024,4.8667970986571163e-08,2.5499996290673494,,
1390,0.002,304.62039590573801,304.62039590939588,-3.6578740036929958e-09,2.5499989675674262,,
1390,0.0030000000000000001,304.65698630392563,304.65698639378758,-8.9861941887647845e-08,2.5499967565161379,,
1390,0.0040000000000000001,304.70830203744339,304.70830224620676,-2.0876336748187896e-07,2.549989779928644,,
1390,0.0050000000000000001,304.77443316686242,304.77443352647282,-3.5961039657195215e-07,2.5499687890142648,,
1390,0.0060000000000000001,304.85549673952858,304.85549728225294,-5.4272436500468757e-07,2.5499088723764602,,
1390,0.0070000000000000001,304.95163763830612,304.95163839830792,-7.6000179660695721e-07,2.5497473150406709,,
1390,0.0080000000000000002,305.06302937355298,305.06303038855441,-1.0150014304599608e-06,2.5493369829472763,,
1390,0.0090000000000000011,305.18987450460287,305.18987581694171,-1.3123388384883583e-06,2.5483570696979663,,
1390,0.01,305.33240422748065,305.33240588368824,-1.6562075870751869e-06,2.546159150092266,,
1390,0.010999999999999999,305.49087654144012,305.49087858950213,-2.0480620150920004e-06,2.5415312411435069,,
1390,0.012,305.66557236079279,305.66557484465011,-2.4838573153829202e-06,2.5323835701457202,,
1390,0.013000000000000001,305.85678902495721,305.85679197663518,-2.9516779704863438e-06,2.5154000129025409,,
1390,0.014,306.06483091219474,306.06483434271752,-3.4305227814002137e-06,2.4857489409758573,,
1390,0.014999999999999999,306.28999724709882,306.29000113569487,-3.8885960407242237e-06,2.4369800471151213,,
1390,0.016,306.53256751185381,306.53257179082459,-4.2789707777046715e-06,2.3612142396596516,,
1390,0.017000000000000001,306.79278472123838,306.79278927228677,-4.5510483914767974e-06,2.2496347730702957,,
1390,0.018000000000000002,307.07083611529617,307.07084080169761,-4.6864014393577236e-06,2.0930966803896394,,
1390,0.019,307.3668309107041,307.36683556831491,-4.6576108161389129e-06,1.8823425764239856,,
1390,0.02,307.68077788445163,307.68078225127306,-4.3668214289027674e-06,1.6065123794668443,,
1400,0,304.64059356938498,304.64059351360783,5.5777150009816978e-08,2.5499997458871015,,
1400,0.001,304.64792768266807,304.6479276418674,4.0800671285978751e-08,2.5499995885968749,,
1400,0.002,304.66994288823747,304.66994289785271,-9.6152348305622581e-09,2.5499988661925963,,
1400,0.0030000000000000001,304.70667788343104,304.70667797686042,-9.3429378011933295e-08,2.5499964711424754,,
1400,0.0040000000000000001,304.75819748484861,304.75819769535661,-2.1050800569355488e-07,2.5499889772142637,,
1400,0.0050000000000000001,304.82459307196132,304.82459343322802,-3.6126670011071838e-07,2.5499666117408375,,
1400,0.0060000000000000001,304.90598311147392,304.90598365847319,-5.4699927432011464e-07,2.5499032596070466,,
1400,0.0070000000000000001,305.00251362438127,305.00251439438421,-7.700029414081655e-07,2.5497336655224125,,
1400,0.0080000000000000002,305.11435837252503,305.11435940583613,-1.0333110935789591e-06,2.5493058080821216,,
1400,0.0090000000000000011,305.24171844569724,305.24171978559849,-1.3399012459558435e-06,2.5482903935774064,,
1400,0.01,305.38482084484724,305.38482253618514,-1.6913378999561246e-06,2.5460258830665161,,
1400,0.010999999999999999,305.54391560976353,305.54391769561084,-2.0858473135376698e-06,2.5412826919170768,,
1400,0.012,305.71927105665389,305.71927357247614,-2.515822245641175e-06,2.5319514873827327,,
1400,0.013000000000000001,305.91116678095955,305.91116974622713,-2.9652675834768161e-06,2.5147004069152104,,
1400,0.014,306.11988422219804,306.11988763154346,-3.4093454246431065e-06,2.4846944494794911,,
1400,0.014999999999999999,306.34569474283745,306.34569856088598,-3.8180485262273578e-06,2.4355011030380882,,
1400,0.016,306.58884534218339,306.58884950224962,-4.160066225722403e-06,2.3592852072492718,,
1400,0.017000000000000001,306.84954241534689,306.84954681585396,-4.4005070662933576e-06,2.2472972877182977,,
1400,0.018000000000000002,307.12793459797905,307.1279390942002,-4.4962211518395634e-06,2.0904708824691736,,
1400,0.019,307.42409683647838,307.42410123824124,-4.4017628511028306e-06,1.8796194509912942,,
1400,0.02,307.73801903637536,307.73802313285961,-4.0964842469293217e-06,1.603922290561181,,
1410,0,304.69022086113227,304.69022080913942,5.1992856242577545e-08,2.549999716888848,,
1410,0.001,304.69758413479656,304.69758409752268,3.7273878206178779e-08,2.5499995443500323,,
1410,0.002,304.71968700105538,304.71968701362312,-1.2567738849611487e-08,2.5499987564307265,,
1410,0.0030000000000000001,304.75656866949538,304.75656876552199,-9.6026610663102474e-08,2.5499961650047838,,
1410,0.0040000000000000001,304.80829471347289,304.80829492718976,-2.1371687353166635e-07,2.5499881234787338,,
1410,0.0050000000000000001,304.87495733944763,304.87495770625048,-3.6680285120382905e-07,2.5499643146706235,,
1410,0.0060000000000000001,304.95667561906686,304.95667617612719,-5.5706033208480221e-07,2.5498973824898252,,
1410,0.0070000000000000001,305.05359551858237,305.05359630530216,-7.8671979508726508e-07,2.5497194732042074,,
1410,0.0080000000000000002,305.16588949435766,305.16589055230918,-1.0579515219433233e-06,2.5492736039687767,,
1410,0.0090000000000000011,305.29375536034291,305.29375673225564,-1.3719127309741452e-06,2.5482219283894016,,
1410,0.01,305.43741408724378,305.43741581464786,-1.7274040828851867e-06,2.5458897894434251,,
1410,0.010999999999999999,305.59710617824936,305.59710829761332,-2.1193639554439869e-06,2.5410301302515066,,
1410,0.012,305.77308629374647,305.77308883130843,-2.5375619543410721e-06,2.5315143801537316,,
1410,0.013000000000000001,305.96561587381427,305.96561883961522,-2.965800945275987e-06,2.5139954411067267,,
1410,0.014,306.17495363913844,306.17495702089542,-3.3817569828897831e-06,2.4836354912075209,,
1410,0.014999999999999999,306.40134405605085,306.40134781330892,-3.7572580708911119e-06,2.4340201711010372,,
1410,0.016,306.64500416212832,306.6450082210032,-4.0588748788650264e-06,2.3573581534858756,,
1410,0.017000000000000001,306.90610959205515,306.90611384193824,-4.2498830907788943e-06,2.2449665456095595,,
1410,0.018000000000000002,307.18478119026406,307.18478548558318,-4.2953191154992965e-06,2.0878562316886482,,
1410,0.019,307.48107410413166,307.48107827407159,-4.1699399275785254e-06,1.8769102578893584,,
1410,0.02,307.79497146031224,307.79497533598544,-3.8756732010369888e-06,1.6013452399463644,,
1420,0,304.74004625809755,304.7400462080758,5.0021753850160167e-08,2.549999685047851,,
1420,0.001,304.74743903271229,304.7474389975763,3.5135997222823789e-08,2.5499994960367802,,
1420,0.002,304.76963051426316,304.76963052959576,-1.5332602743001189e-08,2.5499986377241526,,
1420,0.0030000000000000001,304.80666021006402,304.80666031026902,-1.0020499985330389e-07,2.5499958369274269,,
1420,0.0040000000000000001,304.85859405322202,304.85859427372759,-2.2050556935937493e-07,2.5499872162984207,,
1420,0.0050000000000000001,304.9255244538071,304.92552483151144,-3.7770433891637367e-07,2.5499618931283976,,
1420,0.0060000000000000001,305.0075702055484,305.00757077911106,-5.7356265870112111e-07,2.5498912327955052,,
1420,0.0070000000000000001,305.10487607743102,305.10487688720644,-8.0977542893378995e-07,2.5497047251781058,,
1420,0.0080000000000000002,305.21761186915336,305.21761295650435,-1.0873509950215521e-06,2.5492403531666401,,
1420,0.0090000000000000011,305.34597066786654,305.34597207359582,-1.4057292787583719e-06,2.5481516551891978,,
1420,0.01,305.49016602033402,305.49016778205282,-1.7617188063923095e-06,2.5457508560439899,,
1420,0.010999999999999999,305.6504277403053,305.65042988870005,-2.1483947421074845e-06,2.5407735598463086,,
1420,0.012,305.82699611658995,305.82699867070414,-2.5541141894791508e-06,2.5310722803438916,,
1420,0.013000000000000001,306.02011438473124,306.02011734654144,-2.9618101962114451e-06,2.5132851802223986,,
1420,0.014,306.23001948645327,306.23002283524607,-3.3487928021713742e-06,2.482572154714886,,
1420,0.014999999999999999,306.4569313756212,306.45693506298824,-3.6873670410386694e-06,2.4325373385612235,,
1420,0.016,306.70104143430001,306.701045380957,-3.9466569887736114e-06,2.3554331294744388,,
1420,0.017000000000000001,306.96250090725175,306.9625050032534,-4.0960016463031934e-06,2.2426425319799237,,
1420,0.018000000000000002,307.24141057771203,307.24141468754328,-4.109831252208096e-06,2.0852526423706319,,
1420,0.019,307.53781308484855,307.53781705793244,-3.973083892105933e-06,1.8742147892795615,,
1420,0.02,307.85168921083869,307.85169290533258,-3.6944938983651809e-06,1.598781291791711,,
1430,0,304.7900715412818,304.79007149472352,4.6558284338971134e-08,2.5499996501331719,,
1430,0.001,304.79749398362299,304.79749395242084,3.1202148420561571e-08,2.549999443349964,,
1430,0.002,304.81977449440791,304.81977451513609,-2.0728180061269086e-08,2.5499985094880064,,
1430,0.0030000000000000001,304.85695261397075,304.85695272214133,-1.0817058182510664e-07,2.5499954856893172,,
1430,0.0040000000000000001,304.90909417873354,304.90909441097205,-2.3223850575959659e-07,2.5499862531790178,,
1430,0.0050000000000000001,304.97629114177511,304.9762915361099,-3.9433479059880483e-07,2.5499593423449425,,
1430,0.0060000000000000001,305.05866115499686,305.05866175085964,-5.9586278666756698e-07,2.5498848022018379,,
1430,0.0070000000000000001,305.15634674952338,305.1563475873017,-8.3777831605402753e-07,2.549689408504801,,
1430,0.0080000000000000002,305.26951391281949,305.26951503277337,-1.1199538789696817e-06,2.5492060383602912,,
1430,0.0090000000000000011,305.39834983569159,305.39835127606705,-1.4403754562408722e-06,2.5480795554040245,,
1430,0.01,305.54305959787234,305.54306139210638,-1.7942340377885557e-06,2.5456090703101504,,
1430,0.010999999999999999,305.7038615866341,305.70386375965774,-2.1730236312578199e-06,2.5405129850927106,,
1430,0.012,305.88098150858275,305.88098407238431,-2.5638015586082474e-06,2.5306252202263182,,
1430,0.013000000000000001,306.07464496884677,306.07464791766904,-2.9488222708096146e-06,2.5125696886639028,,
1430,0.014,306.28506875832124,306.28507206412615,-3.3058049098144693e-06,2.4815045272853964,,
1430,0.014999999999999999,306.51245120327224,306.51245481236174,-3.6090895036977599e-06,2.4310526907686785,,
1430,0.016,306.75696217231115,306.75696600415381,-3.8318426618388912e-06,2.3535101845836977,,
1430,0.017000000000000001,307.01873356456076,307.01873751382561,-3.9492648511441075e-06,2.2403252316719406,,
1430,0.018000000000000002,307.29785126409058,307.29785520648244,-3.9423918565262284e-06,2.0826600281182559,,
1430,0.019,307.59434957809793,307.5943533798806,-3.8017826682334999e-06,1.8715328516506706,,
1430,0.02,307.90820903311925,307.90821257204817,-3.5389289223530795e-06,1.5962304132982106,,
1440,0,304.84029721051979,304.84029717128516,3.923463509636349e-08,2.5499996118992829,,
1440,0.001,304.84774928458825,304.84774926134224,2.3246002456289716e-08,2.5499993859646586,,
1440,0.002,304.87011862402488,304.87011865459868,-3.0573801268474199e-08,2.5499983711094649,,
1440,0.0030000000000000001,304.90744452391874,304.90744464503882,-1.2112008107578731e-07,2.5499951100231928,,
1440,0.0040000000000000001,304.95979226052282,304.95979250989257,-2.4936974796219147e-07,2.5499852315552922,,
1440,0.0050000000000000001,305.02725268808945,305.02725310450705,-4.1641760617494583e-07,2.5499566574580759,,
1440,0.0060000000000000001,305.10994151734747,305.10994214046246,-6.2311499959832872e-07,2.5498780822968343,,
1440,0.0070000000000000001,305.20799812751511,305.20799899709198,-8.695768656252767e-07,2.5496735102191956,,
1440,0.0080000000000000002,305.32158373668392,305.32158489123651,-1.1545525921974331e-06,2.5491706423654921,,
1440,0.0090000000000000011,305.45087874414321,305.45088021883475,-1.4746915439900476e-06,2.5480056108349434,,
1440,0.01,305.59607906952903,305.59608089330544,-1.8237764152218006e-06,2.5454644202968875,,
1440,0.010999999999999999,305.75739135478051,305.75739354682412,-2.1920436097389029e-06,2.5402484110540029,,
1440,0.012,305.93502697187176,305.93502953761845,-2.5657466835582454e-06,2.5301732324373378,,
1440,0.013000000000000001,306.12919489497409,306.12919782213282,-2.9271587322909909e-06,2.5118490304750729,,
1440,0.014,306.34009364690695,306.34009690209967,-3.2551927233726019e-06,2.4804326949436954,,
1440,0.014999999999999999,306.56790270428894,306.5679062310615,-3.5267725593257637e-06,2.4295663112076635,,
1440,0.016,306.81277392095143,306.81277763991056,-3.7189591353126161e-06,2.3515893665100123,,
1440,0.017000000000000001,307.0748236723457,307.07482748400349,-3.8116577911750937e-06,2.2380146291322376,,
1440,0.018000000000000002,307.35412649742591,307.35413028795102,-3.7905251133452111e-06,2.0800783009820871,,
1440,0.019,307.65071098510123,307.65071463490659,-3.6498053646027984e-06,1.8688642692256383,,
1440,0.02,307.96455791260502,307.96456190544245,-3.9928374349074147e-06,1.5936925315954082,,
1450,0,304.89072237063425,304.89072234297913,2.7655119083647151e-08,2.5499995700854461,,
1450,0.001,304.89820383292334,304.89820382298512,9.9382191365293693e-09,2.5499993235374951,,
1450,0.002,304.92066117998553,304.92066122589387,-4.5908336687716655e-08,2.5499982219469914,,
1450,0.0030000000000000001,304.95813319275567,304.95813333238777,-1.3963210676593008e-07,2.5499947086149031,,
1450,0.0040000000000000001,305.01068414912254,305.01068442106254,-2.719399958550639e-07,2.5499841487908488,,
1450,0.0050000000000000001,305.07840321614088,305.07840365961033,-4.4346944605422323e-07,2.5499538335137091,,
1450,0.0060000000000000001,305.16140345890113,305.16140411329894,-6.5439780883025378e-07,2.5498710645819918,,
1450,0.0070000000000000001,305.25982033853802,305.25982124247878,-9.0394075868971413e-07,2.5496570173358757,,
1450,0.0080000000000000002,305.37380955493063,305.37381074468948,-1.1897588478859689e-06,2.5491341481349901,,
1450,0.0090000000000000011,305.50354408988954,305.50354559720438,-1.5073148347255483e-06,2.5479298036584956,,
1450,0.01,305.64921032921575,305.64921217848763,-1.849271882292669e-06,2.5453168946643636,,
1450,0.010999999999999999,305.81100319148203,305.81100539654614,-2.2050641064197407e-06,2.5399798434463943,,
1450,0.012,305.9891202694746,305.98912283036395,-2.5608893565731705e-06,2.5297163499527029,,
1450,0.013000000000000001,306.18375508865682,306.18375798912285,-2.9004660291320761e-06,2.5111232693284653,,
1450,0.014,306.39508964434754,306.39509285034825,-3.206000712907553e-06,2.4793567424670573,,
1450,0.014999999999999999,306.62328607289811,306.62328953120618,-3.4583080719130521e-06,2.4280782815371209,,
1450,0.016,306.86847549566136,306.86847913972991,-3.644068556241109e-06,2.349670721338462,,
1450,0.017000000000000001,307.13073658440067,307.13074032652395,-3.7421232832457463e-06,2.2357107083574395,,
1450,0.018000000000000002,307.41004725839105,307.41005085321848,-3.5948274330621643e-06,2.0775073715849359,,
1450,0.019,307.70619092862472,307.70619378378791,-2.8551631885420647e-06,1.866208880327602,,
1450,0.02,308.0186257506985,308.01862696525643,-1.2145579262323736e-06,1.5911687277215472,,
1460,0,304.94134475106188,304.94134474228156,8.78031869433471e-09,2.5499995244150777,,
1460,0.001,304.94885516100817,304.94885517059532,-9.587154181645019e-09,2.5499992557059943,,
1460,0.002,304.97139911080171,304.97139917811268,-6.7310963913769228e-08,2.5499980613295947,,
1460,0.0030000000000000001,305.00901462223959,305.00901478616709,-1.6392749557780917e-07,2.549994280102728,,
1460,0.0040000000000000001,305.0617645828039,305.06176488257523,-2.9977132953717955e-07,2.5499830021779752,,
1460,0.0050000000000000001,305.1297359602691,305.1297364351995,-4.7493040256085806e-07,2.5499508654669913,,
1460,0.0060000000000000001,305.21303858428865,305.21303927314227,-6.8885361770298914e-07,2.5498637404755669,,
1460,0.0070000000000000001,305.31180339079407,305.31180433067954,-9.3988546723267063e-07,2.5496399168545136,,
1460,0.0080000000000000002,305.42618001642057,305.42618124119514,-1.2247745644344832e-06,2.5490965387640512,,
1460,0.0090000000000000011,305.55633363706539,305.55633517528838,-1.5382229889837618e-06,2.5478521164279395,,
1460,0.01,305.70244096511823,305.70244283759627,-1.8724780375123373e-06,2.5451664826697336,,
1460,0.010999999999999999,305.86468533514898,305.86468755207409,-2.2169251110426558e-06,2.539707288619979,,
1460,0.012,306.04325075366592,306.04325331198345,-2.5583175329302321e-06,2.529254606064502,,
1460,0.013000000000000001,306.23831451213704,306.23831739547052,-2.8833334795308474e-06,2.5103924685128916,,
1460,0.014,306.45003721273264,306.45004039425362,-3.1815209808883083e-06,2.4782767533978136,,
1460,0.014999999999999999,306.67854763361663,306.6785510711652,-3.4375485711279907e-06,2.426588681631304,,
1460,0.016,306.923918092951,306.92392169256607,-3.5996150700157159e-06,2.3477542936003313,,
1460,0.017000000000000001,307.18612533766918,307.18612887641848,-3.5387492971494794e-06,2.2334134528059271,,
1460,0.018000000000000002,307.46499499367746,307.46499806578561,-3.0721081429874175e-06,2.0749471497587999,,
1460,0.019,307.76013596082669,307.76013800409913,-2.0432724454622075e-06,1.8635665391378495,,
1460,0.02,308.07088210245507,308.07088248627457,-3.8381949707400054e-07,1.5886587470010818,,
1470,0,304.99216080904768,304.99216082556882,-1.6521141787961824e-08,2.5499994745951113,,
1470,0.001,304.99969954919123,304.99969958464476,-3.5453524560580263e-08,2.5499991820878813,,
1470,0.002,305.0223281767702,305.02232827155257,-9.4782365067658247e-08,2.5499978885560779,,
1470,0.0030000000000000001,305.06008374258755,305.06008393638882,-1.9380127014301252e-07,2.5499938230767207,,
1470,0.0040000000000000001,305.11302741050429,305.11302774294558,-3.3244128871956491e-07,2.549981788937516,,
1470,0.0050000000000000001,305.18124352528127,305.18124403552872,-5.1024744607275352e-07,2.5499477481835036,,
1470,0.0060000000000000001,305.2648382107181,305.26483893674418,-7.2602608724992024e-07,2.5498561013158625,,
1470,0.0070000000000000001,305.36393741344568,305.36393839088345,-9.7743776450442965e-07,2.5496221957651772,,
1470,0.0080000000000000002,305.47868429554899,305.47868555612337,-1.2605743791027635e-06,2.5490577974957795,,
1470,0.0090000000000000011,305.60923586224311,305.60923743191125,-1.5696681430199533e-06,2.5477725320742288,,
1470,0.01,305.75575866295168,305.75576056015717,-1.8972054931509774e-06,2.5450131741588984,,
1470,0.010999999999999999,305.91842327568264,305.91842551023132,-2.2345486740960041e-06,2.5394307535400751,,
1470,0.012,306.09739700750202,306.09739957977905,-2.5722770260472316e-06,2.528788034358878,,
1470,0.013000000000000001,306.29283377146868,306.2928366692999,-2.8978312229810399e-06,2.5096566909217319,,
1470,0.014,306.50485949835394,306.50486268584274,-3.1874888009042479e-06,2.477192810055862,,
1470,0.014999999999999999,306.73355100643852,306.73355440010209,-3.3936635759346245e-06,2.4250975896197589,,
1470,0.016,306.97890655702446,306.97890999079578,-3.43377132594469e-06,2.3458401263243682,,
1470,0.017000000000000001,307.24080800142127,307.24081119542433,-3.1940030567056965e-06,2.2311228453099448,,
1470,0.018000000000000002,307.5189776913287,307.5189802496663,-2.55833759865709e-06,2.0723975452697738,,
1470,0.019,307.81293741262459,307.81293885560405,-1.4429794532588858e-06,1.8609371285108691,,
1470,0.02,308.12197959599013,308.12197942474307,1.7124705209425883e-07,1.5861620905201135,,
1480,0,305.04316588614648,305.0431659343011,-4.8154618070839206e-08,2.5499994203153489,,
1480,0.001,305.0507321880641,305.05073225560426,-6.7540156578616006e-08,2.5499991022804096,,
1480,0.002,305.07344312773864,305.07344325587781,-1.2813916328013875e-07,2.549997702894311,,
1480,0.0030000000000000001,305.11133460949935,305.11133483851205,-2.290126985826646e-07,2.5499933360780811,,
1480,0.0040000000000000001,305.16446579959569,305.16446616931353,-3.6971783856643015e-07,2.5499805062188123,,
1480,0.0050000000000000001,305.23291807101634,305.23291862033597,-5.4931962267801282e-07,2.5499444764405248,,
1480,0.0060000000000000001,305.31679343901823,305.31679420513285,-7.6611462418441079e-07,2.5498481383645473,,
1480,0.0070000000000000001,305.41621239848553,305.41621341586921,-1.0173836813009984e-06,2.5496038410535609,,
1480,0.0080000000000000002,305.53131103541506,305.53131233466655,-1.2992514939469402e-06,2.5490179077261872,,
1480,0.0090000000000000011,305.66223721724594,305.66223882390773,-1.6066617831711483e-06,2.5476910339066432,,
1480,0.01,305.80914554702275,305.80914748026925,-1.9332464944454841e-06,2.5448569595580435,,
1480,0.010999999999999999,305.97219057518254,305.97219284563715,-2.2704546154272975e-06,2.5391502457687811,,
1480,0.012,306.15151750782553,306.15152011284948,-2.6050239512187545e-06,2.5283166686944436,,
1480,0.013000000000000001,306.34724940017162,306.3472523143555,-2.9141838808754983e-06,2.5089159990421011,,
1480,0.014,306.55946973408913,306.5594728936166,-3.1595274663231976e-06,2.4761049935516302,,
1480,0.014999999999999999,306.78819957980716,306.78820286228876,-3.2824816003085289e-06,2.4236050819270645,,
1480,0.016,307.03336945392624,307.03337265894953,-3.2050232903202414e-06,2.3439282610810439,,
1480,0.017000000000000001,307.29478755896815,307.29479039860695,-2.8396387961038272e-06,2.2288388680154942,,
1480,0.018000000000000002,307.57210805587499,307.5721101635807,-2.1077057112961484e-06,2.0698584686391928,,
1480,0.019,307.86480473958301,307.86480569945962,-9.5987661552499048e-07,1.8583205457630325,,
1480,0.02,308.17215613181457,308.1721555288309,6.0298367543509812e-07,1.5836785121280239,,
1490,0,305.09435438767332,305.09435447352882,-8.5855504039500374e-08,2.549999361247806,,
1490,0.001,305.10194735759154,305.10194746317831,-1.0558676422078861e-07,2.5499990158596679,,
1490,0.002,305.1247378768133,305.12473804395785,-1.671445488682366e-07,2.5499975035805025,,
1490,0.0030000000000000001,305.16276055171585,305.16276082111978,-2.6940392672258895e-07,2.5499928175985551,,
1490,0.0040000000000000001,305.21607230277675,305.21607271443361,-4.1165685615851544e-07,2.5499791510996919,,
1490,0.0050000000000000001,305.28475118127432,305.28475177398627,-5.9271195596011239e-07,2.5499410449283442,,
1490,0.0060000000000000001,305.3688946098207,305.36889542055638,-8.1073568480860558e-07,2.5498398428099742,,
1490,0.0070000000000000001,305.46861692689214,305.46861798999112,-1.0630989777382638e-06,2.5495848397061187,,
1490,0.0080000000000000002,305.5840460505039,305.58404739666844,-1.3461645380630216e-06,2.5489768530090378,,
1490,0.0090000000000000011,305.71531898231245,305.71532063713659,-1.6548241319469525e-06,2.5476076056131673,,
1490,0.01,305.86257574839084,305.86257772985118,-1.9814603433587763e-06,2.5446978298651026,,
1490,0.010999999999999999,306.02595123193936,306.02595354592358,-2.313984225565946e-06,2.5388657734468678,,
1490,0.012,306.20556424128267,306.20556687412483,-2.6328421540711133e-06,2.5278405431814535,,
1490,0.013000000000000001,306.40150315460318,306.40150606209528,-2.9074921030769474e-06,2.5081704549447412,,
1490,0.014,306.61380769704198,306.6138107907405,-3.0936985240259673e-06,2.4750133837992165,,
1490,0.014999999999999999,306.84244693127579,306.84245006473077,-3.1334549817074731e-06,2.4221112333117043,,
1490,0.016,307.08729440421104,307.08729736344458,-2.9592335408779036e-06,2.3420187380196738,,
1490,0.017000000000000001,307.34810248532273,307.34810498862362,-2.5033008910213539e-06,2.2265615023619323,,
1490,0.018000000000000002,307.62447899820398,307.62448070878878,-1.7105847973652999e-06,2.0673298321090501,,
1490,0.019,307.91586991744384,307.91587046956943,-5.5212558436323889e-07,1.8557166856456506,,
1490,0.02,308.22155182544719,308.22155086448589,9.6096130164369242e-07,1.5812078197751076,,
1500,0,305.14571991999657,305.14572004941522,-1.2941865179527667e-07,2.5499992970460519,,
1500,0.001,305.15333854982532,305.15333869925945,-1.4943412907086895e-07,2.549998922379892,,
1500,0.002,305.17620557167118,305.17620578347413,-2.1180295561862295e-07,2.5499972898184753,,
1500,0.0030000000000000001,305.21435413170235,305.21435444703201,-3.1532965749647701e-07,2.5499922660798635,,
1500,0.0040000000000000001,305.26783861676137,305.26783907599167,-4.5923030711492174e-07,2.5499777205864946,,
1500,0.0050000000000000001,305.3367333067971,305.33673394907441,-6.4227731400023913e-07,2.5499374482516335,,
1500,0.0060000000000000001,305.42113035389588,305.42113121652295,-8.6262707554851659e-07,2.5498312057705284,,
1500,0.0070000000000000001,305.52113693297997,305.52113805050783,-1.1175278586961213e-06,2.549565178715099,,
1500,0.0080000000000000002,305.63687133741422,305.6368727402018,-1.4027875749889063e-06,2.5489346170604708,,
1500,0.0090000000000000011,305.76845770827452,305.76845942011022,-1.7118356936407508e-06,2.547522231260583,,
1500,0.01,305.91601900161828,305.91602103586632,-2.0342480411272845e-06,2.5445357766411258,,
1500,0.010999999999999999,306.07966774176413,306.079670095501,-2.353736874738388e-06,2.538577345275971,,
1500,0.012,306.25949412482606,306.259496770721,-2.6458949378138641e-06,2.5273596921616859,,
1500,0.013000000000000001,306.45555118041932,306.45555405677015,-2.8763508339579857e-06,2.5074201202746731,,
1500,0.014,306.66783701919275,306.66784001948838,-3.0002956350472232e-06,2.4739180595297721,,
1500,0.014999999999999999,306.89627470641682,306.89627767079492,-2.9643780976584821e-06,2.4206161169039331,,
1500,0.016,307.14069096517005,307.14069367677678,-2.7116067258248222e-06,2.3401115959000243,,
1500,0.017000000000000001,307.40079561062805,307.40079779974928,-2.1891212327318499e-06,2.2242907291061558,,
1500,0.018000000000000002,307.67616417010669,307.67616552777821,-1.3576715218732716e-06,2.0648115502533231,,
1500,0.019,307.96622635177403,307.96622655256772,-2.0079369278391823e-07,1.8531254377638922,,
1500,0.02,308.27026274242678,308.27026146987458,1.2725521969514375e-06,1.5787498451237119,,
1510,0,305.1972552820593,305.19725546320905,-1.811497440940002e-07,2.5499992273445358,,
1510,0.001,305.20489843323043,305.20489863296569,-1.9973526832472999e-07,2.5499988213727764,,
1510,0.002,305.22783847613687,305.22783873915472,-2.6301785283067147e-07,2.5499970607789626,,
1510,0.0030000000000000001,305.26610689082923,305.26610725894966,-3.6812042480960372e-07,2.5499916799131523,,
1510,0.0040000000000000001,305.31975515896625,305.31975567317392,-5.1420767022136715e-07,2.549976211614164,,
1510,0.0050000000000000001,305.38885320878967,305.38885390873196,-6.999422907938424e-07,2.5499336809308608,,
1510,0.0060000000000000001,305.47348707621393,305.47348799939761,-9.2318367705956916e-07,2.5498222182979577,,
1510,0.0070000000000000001,305.57375560750722,305.57375678800537,-1.1804981454588415e-06,2.5495448450834912,,
1510,0.0080000000000000002,305.68976596778583,305.68976743417011,-1.4663842762274726e-06,2.5488911837633972,,
1510,0.0090000000000000011,305.8216276634476,305.82162943559371,-1.7721461063047173e-06,2.5474348952943155,,
1510,0.01,305.9694447531333,305.96944683756743,-2.0844341293013713e-06,2.5443707920015473,,
1510,0.010999999999999999,306.13330593690506,306.13330832050366,-2.3835985984987929e-06,2.5382849705010977,,
1510,0.012,306.31327230927383,306.31327495136088,-2.6420870540277974e-06,2.5268741501890148,,
1510,0.013000000000000001,306.50936277804794,306.50936560134255,-2.8232946078787791e-06,2.5066650562425368,,
1510,0.014,306.72153759231526,306.72154047481257,-2.8824973128394049e-06,2.4728190983051244,,
1510,0.014999999999999999,306.94968159370615,306.94968436277327,-2.7690671231539454e-06,2.4191198042424116,,
1510,0.016,307.19359252796431,307.19359494854888,-2.4205845647884416e-06,2.3382068721206668,,
1510,0.017000000000000001,307.45298952765268,307.45299134340291,-1.8157502381654922e-06,2.2220265283906087,,
1510,0.018000000000000002,307.72757261883532,307.72757379180564,-1.1729703146556858e-06,2.0623035400078802,,
1510,0.019,308.01716719032714,308.01716826837281,-1.0780456705106189e-06,1.8505466881261183,,
1510,0.02,308.32194165133723,308.32194371984326,-2.0685060349023843e-06,1.5763040563147244,,
1520,0,305.24895228616185,305.24895252445486,-2.3829301198929898e-07,2.5499991517579197,,
1520,0.001,305.25661865441339,305.25661891170284,-2.5728945729497354e-07,2.5499987123467682,,
1520,0.002,305.27962772307507,305.27962804485031,-3.2177524644794175e-07,2.5499968155989015,,
1520,0.0030000000000000001,305.31800905127852,305.31800948009879,-4.2882027173618553e-07,2.5499910574384836,,
1520,0.0040000000000000001,305.37181076848907,305.37181134592691,-5.7743784509511897e-07,2.5499746210463767,,
1520,0.0050000000000000001,305.44109778559886,305.44109855155307,-7.6595421205638559e-07,2.5499297374037648,,
1520,0.0060000000000000001,305.52594911792056,305.525950109495,-9.915744385580183e-07,2.5498128713807371,,
1520,0.0070000000000000001,305.62645414734152,305.62645539707495,-1.2497334296313056e-06,2.5495238258298678,,
1520,0.0080000000000000002,305.74270760890403,305.74270914206522,-1.5331611962210445e-06,2.5488465371716824,,
1520,0.0090000000000000011,305.87480306533689,305.87480489600614,-1.8306692481928621e-06,2.5473455825380196,,
1520,0.01,306.02282465663029,306.02282678247741,-2.1258471178953187e-06,2.5442028686073916,,
1520,0.010999999999999999,306.18683703460079,306.18683943058278,-2.3959819941410387e-06,2.5379886588934304,,
1520,0.012,306.36687373908046,306.3668763499046,-2.6108241399924736e-06,2.5263839520106526,,
1520,0.013000000000000001,306.56292510254679,306.56292783265644,-2.7301096565679472e-06,2.5059053236166253,,
1520,0.014,306.77492848889932,306.77493119237425,-2.7034749336962705e-06,2.471716576531565,,
1520,0.014999999999999999,307.00276656541439,307.00276905458645,-2.489172061359568e-06,2.4176223653094153,,
1520,0.016,307.246282746237,307.24628485509697,-2.1088599737595359e-06,2.3363046027465568,,
1520,0.017000000000000001,307.50532434859974,307.50532605714403,-1.7085442891584535e-06,2.2197688798399242,,
1520,0.018000000000000002,307.77981900086479,307.77982055892409,-1.5580592958031048e-06,2.0598057203729856,,
1520,0.019,308.06987576521595,308.06987769611038,-1.9308944274598616e-06,1.8479803191288786,,
1520,0.02,308.37588347985582,308.37588644956946,-2.969713648326433e-06,1.5738703549908628,,
1530,0,305.30080151552028,305.30080181948966,-3.0396938655030681e-07,2.5499990698803954,,
1530,0.001,305.30848959799954,305.30848992141858,-3.234190444345586e-07,2.5499985947863864,,
1530,0.002,305.33156309047689,305.33156347967395,-3.8919705502848956e-07,2.5499965533807485,,
1530,0.0030000000000000001,305.37004934827718,305.37004984648661,-4.982094310435059e-07,2.5499903969443438,,
1530,0.0040000000000000001,305.42399267086205,305.42399331997728,-6.4911523622868117e-07,2.5499729456757163,,
1530,0.0050000000000000001,305.49345227958048,305.49345311917727,-8.3959679386680364e-07,2.5499256120268599,,
1530,0.0060000000000000001,305.57849932457736,305.5785003903793,-1.0658019391485141e-06,2.5498031559473926,,
1530,0.0070000000000000001,305.67921277495344,305.6792140965556,-1.3216021557127533e-06,2.549502107993121,,
1530,0.0080000000000000002,305.79567404135696,305.79567563900912,-1.5976521581251291e-06,2.5488006615141079,,
1530,0.0090000000000000011,305.92796023389701,305.9279621140916,-1.8801945884661109e-06,2.5472542781929364,,
1530,0.01,306.07613612991008,306.07613827940429,-2.1494942075150902e-06,2.5440319996564313,,
1530,0.010999999999999999,306.24024531149701,306.24024768964591,-2.3781489062457695e-06,2.5376884207334744,,
1530,0.012,306.42030165061112,306.42030418160465,-2.5309935267614492e-06,2.5258891325490729,,
1530,0.013000000000000001,306.61628343953669,306.61628601026064,-2.5707239501571166e-06,2.5051409827155551,,
1530,0.014,306.82813384978562,306.82813632375593,-2.4739703121667844e-06,2.4706105694737515,,
1530,0.014999999999999999,307.05577250773536,307.05577476500923,-2.2572738771486911e-06,2.4161238685645063,,
1530,0.016,307.29912278584072,307.2991247855789,-1.9997381741632125e-06,2.3344048225380338,,
1530,0.017000000000000001,307.55815677593449,307.55815861909048,-1.843155985170597e-06,2.2175177626625961,,
1530,0.018000000000000002,307.83295442693537,307.83295638594569,-1.9590103192967945e-06,2.0573180120403523,,
1530,0.019,308.12376627494376,308.12376876301181,-2.4880680484784534e-06,1.84542620585219,,
1530,0.02,308.43106366130394,308.43106716562392,-3.5043199773099332e-06,1.5714487253225178,,
1540,0,305.35279215455091,305.35279253350711,-3.7895620152994525e-07,2.5499989812850061,,
1540,0.001,305.36050023565406,305.36050063445907,-3.9880501390143763e-07,2.5499984681515149,,
1540,0.002,305.38363291149238,305.38363337715344,-4.6566105993406381e-07,2.5499962731917978,,
1540,0.0030000000000000001,305.42221505602259,305.42221563214264,-5.7612004411566886e-07,2.549989696667188,,
1540,0.0040000000000000001,305.47628669131757,305.47628741957277,-7.2825520192054682e-07,2.5499711822239006,,
1540,0.0050000000000000001,305.5459007699335,305.54590168874819,-9.1881469188592746e-07,2.5499212990769977,,
1540,0.0060000000000000001,305.6311199543058,305.63112109686824,-1.1425624393268663e-06,2.5497930628698615,,
1540,0.0070000000000000001,305.73201232299931,305.7320137143808,-1.3913814882471343e-06,2.549479678637105,,
1540,0.0080000000000000002,305.84864599884884,305.84864765197733,-1.6531284927623346e-06,2.5487535411981246,,
1540,0.0090000000000000011,305.98108285683492,305.98108476725906,-1.910424145989964e-06,2.547160967837018,,
1540,0.01,306.12937177872766,306.12937391874914,-2.140021479135612e-06,2.5438581788742756,,
1540,0.010999999999999999,306.29354241442581,306.29354472851003,-2.3140842131397221e-06,2.5373842667944886,,
1540,0.012,306.47360107017397,306.47360347534504,-2.4051710738604015e-06,2.5253897268845482,,
1540,0.013000000000000001,306.66953104219715,306.66953343823764,-2.3960404860190465e-06,2.5043720934015763,,
1540,0.014,306.8813001619489,306.88130245495688,-2.2930079808247683e-06,2.4695011512687102,,
1540,0.014999999999999999,307.10887809074802,307.10888022874758,-2.1379995587267331e-06,2.4146243809768828,,
1540,0.016,307.35226458199958,307.35226659394277,-2.0119431951570732e-06,2.3325075649828064,,
1540,0.017000000000000001,307.61152738121302,307.61152940572578,-2.0245127529960882e-06,2.2152731557392431,,
1540,0.018000000000000002,307.88684508012619,307.88684736945271,-2.2893265168022481e-06,2.0548403369996473,,
1540,0.019,308.17854712631743,308.17855001847045,-2.8921530201841961e-06,1.8428842207393654,,
1540,0.02,308.48714170290117,308.48714557944993,-3.8765487602177018e-06,1.5690390739229036,,
1550,0,305.40491197500307,305.40491243827205,-4.6326897518156329e-07,2.5499988855229572,,
1550,0.001,305.41263814013695,305.41263862347688,-4.8333993163396372e-07,2.5499983318767128,,
1550,0.002,305.435824177028,305.43582472772005,-5.5069205018298817e-07,2.5499959740635139,,
1550,0.0030000000000000001,305.47449225600917,305.47449291746722,-6.6145804566986044e-07,2.5499889547910124,,
1550,0.0040000000000000001,305.52867780228934,305.52867861514409,-8.1285475062031765e-07,2.5499693273420552,,
1550,0.0050000000000000001,305.59842718289678,305.59842818317463,-1.0002778481066343e-06,2.5499167927529647,,
1550,0.0060000000000000001,305.68379444690061,305.68379566344186,-1.216541249959846e-06,2.5497825829668184,,
1550,0.0070000000000000001,305.78483717021214,305.78483862122431,-1.4510121673083631e-06,2.5494565248551693,,
1550,0.0080000000000000002,305.90161158455186,305.90161327344168,-1.6888898244360462e-06,2.548705160813403,,
1550,0.0090000000000000011,306.03416739147673,306.03416930261056,-1.9111338360744412e-06,2.5470656374238381,,
1550,0.01,306.18254298560214,306.18254508138205,-2.095779905175732e-06,2.5436814005054389,,
1550,0.010999999999999999,306.3467622106005,306.34676443202136,-2.2214208570403571e-06,2.5370762083262384,,
1550,0.012,306.52683416430665,306.52683643747037,-2.2731637159267848e-06,2.5248857702383236,,
1550,0.013000000000000001,306.72275780318375,306.72276005356906,-2.2503853074340441e-06,2.5035987150744696,,
1550,0.014,306.93453296858178,306.93453514283073,-2.1742489479947835e-06,2.4683883949398409,,
1550,0.014999999999999999,307.16217877632647,307.16218086812751,-2.091801036385732e-06,2.4131239680564733,,
1550,0.016,307.40575899952438,307.40576107318259,-2.0736582087010902e-06,2.3306128623311793,,
1550,0.017000000000000001,307.6654122754689,307.66541447912101,-2.2036521158952382e-06,2.2130350376889334,,
1550,0.018000000000000002,307.94138309102311,307.94138565242719,-2.5614040737309551e-06,2.0523726181246165,,
1550,0.019,308.23404815288092,308.23405135542839,-3.2025474752117589e-06,1.8403542391659249,,
1550,0.02,308.54393253508198,308.54393668948819,-4.1544062128195947e-06,1.5666412933071554,,
1560,0,305.45714755385637,305.45714810963591,-5.5577953617103049e-07,2.5499987821229317,,
1560,0.001,305.46488974658001,305.46489032229806,-5.7571804745748523e-07,2.549998185370518,,
1560,0.002,305.48812293545564,305.48812357788535,-6.4242971120620496e-07,2.5499956549908811,,
1560,0.0030000000000000001,305.52686649383031,305.52686724521101,-7.5138069632885163e-07,2.5499881694469564,,
1560,0.0040000000000000001,305.58115118620645,305.58115208484475,-8.9863829089154024e-07,2.549967377611019,,
1560,0.0050000000000000001,305.6510169145713,305.65101799256666,-1.0779953640849271e-06,2.5499120871771113,,
1560,0.0060000000000000001,305.73650966193912,305.73651094232002,-1.2803808999706234e-06,2.5497717070069994,,
1560,0.0070000000000000001,305.83767780821211,305.83767930165118,-1.4934390719645307e-06,2.5494326337745834,,
1560,0.0080000000000000002,305.95456814666323,305.95456984826859,-1.7016053561746958e-06,2.5486555051351734,,
1560,0.0090000000000000011,306.08722214204141,306.08722402915203,-1.8871106135520677e-06,2.5469682732812964,,
1560,0.01,306.23567322393006,306.23567525624736,-2.0323172975622583e-06,2.5435016593043742,,
1560,0.010999999999999999,306.39994615154842,306.39994827509776,-2.1235493363747082e-06,2.5367642570390738,,
1560,0.012,306.58005963477075,306.58006179085521,-2.1560844629675557e-06,2.5243772979563919,,
1560,0.013000000000000001,306.77603334295964,306.77603548227631,-2.1393166775851569e-06,2.5028209066660208,,
1560,0.014,306.98790007500759,306.98790217549146,-2.1004838686167204e-06,2.4672723724109002,,
1560,0.014999999999999999,307.21572314692577,307.21572523206038,-2.085134610751993e-06,2.4116226938840875,,
1560,0.016,307.4596180216144,307.45962017457714,-2.1529627360905579e-06,2.3287207456339432,,
1560,0.017000000000000001,307.71977603106461,307.71977839979917,-2.3687345560574613e-06,2.21080338691129,,
1560,0.018000000000000002,307.99648701024734,307.99648979989473,-2.7896473966393387e-06,2.0499147788942573,,
1560,0.019,308.29015710676373,308.29016055887001,-3.4521062843850814e-06,1.8378361403557639,,
1560,0.02,308.60131806312023,308.60132259337627,-4.5302560351956345e-06,1.5642552714296918,,
1570,0,305.50948483076354,305.50948548256684,-6.5180330466318992e-07,2.5499986705903979,,
1570,0.001,305.51724096405394,305.51724163664375,-6.7258980607221019e-07,2.5499980280147576,,
1570,0.002,305.54051506412583,305.54051580111485,-7.3698902269825339e-07,2.5499953149317625,,
1570,0.0030000000000000001,305.57932380057764,305.57932464180067,-8.4122302723699249e-07,2.5499873387129357,,
1570,0.0040000000000000001,305.63369354107465,305.63369452134503,-9.8027038575310144e-07,2.5499653295417124,,
1570,0.0050000000000000001,305.70365831862819,305.7036594652601,-1.1466319165265304e-06,2.5499071763970278,,
1570,0.0060000000000000001,305.78925719235275,305.78925852245925,-1.3301064996085188e-06,2.5497604257125146,,
1570,0.0070000000000000001,305.89053126685178,305.89053278475507,-1.5179032857304264e-06,2.5494079925608655,,
1570,0.0080000000000000002,306.00752077977188,306.00752247513532,-1.6953634371930093e-06,2.5486045591273747,,
1570,0.0090000000000000011,306.14026283427705,306.140264681823,-1.8475459455657983e-06,2.5468688621101268,,
1570,0.01,306.28879051381608,306.28879247561554,-1.9617994553300377e-06,2.5433189505265013,,
1570,0.010999999999999999,306.45313422234568,306.45313625354015,-2.0311944695095008e-06,2.536448425088309,,
1570,0.012,306.63332608146141,306.63332813986852,-2.0584071194207354e-06,2.523864345493867,,
1570,0.013000000000000001,306.82940801507937,306.82941007441224,-2.0593328713403025e-06,2.5020387266350284,,
1570,0.014,307.04144364197623,307.04144570679455,-2.0648183181037894e-06,2.4661531545199074,,
1570,0.014999999999999999,307.26953282734979,307.26953494803735,-2.1206875544521608e-06,2.4101206211408424,,
1570,0.016,307.51382414436398,307.51382643302583,-2.2886618467055087e-06,2.3268312447816979,,
1570,0.017000000000000001,307.77451153232153,307.77451412416207,-2.5918405412994616e-06,2.208578181605851,,
1570,0.018000000000000002,308.05178726395121,308.05179011749664,-2.8535454248412861e-06,2.0474667433180951,,
1570,0.019,308.34572045469668,308.34572307935639,-2.6246597144563566e-06,1.8353298069253663,,
1570,0.02,308.65607070617818,308.6560721445237,-1.4383455209099338e-06,1.5618810364912186,,
1580,0,305.56190998047049,305.56191073062791,-7.5015742595496704e-07,2.5499985504069209,,
1580,0.001,305.56967807974286,305.56967884937399,-7.6963112860539695e-07,2.5499978591638595,,
1580,0.002,305.59298725159761,305.59298808146605,-8.2986844063270837e-07,2.5499949528062684,,
1580,0.0030000000000000001,305.63185174397103,305.63185267051097,-9.2653993988278671e-07,2.5499864606133067,,
1580,0.0040000000000000001,305.6862940906928,305.68629514455728,-1.0538644801272312e-06,2.5499631795755362,,
1580,0.0050000000000000001,305.75634342336326,305.75634462701265,-1.2036493899358902e-06,2.5499020543872528,,
1580,0.0060000000000000001,305.84203338616635,305.84203475160837,-1.365442017231544e-06,2.5497487297621406,,
1580,0.0070000000000000001,305.9433999639719,305.94340149106938,-1.5270974813574867e-06,2.5493825884219876,,
1580,0.0080000000000000002,306.06047965210519,306.06048132805813,-1.6759529444243526e-06,2.5485523079455992,,
1580,0.0090000000000000011,306.19330850715204,306.19331030787657,-1.8007245330409205e-06,2.5467673909822053,,
1580,0.01,306.34192268616931,306.34192458012353,-1.8939542201223958e-06,2.5431332699192111,,
1580,0.010999999999999999,306.50636103899797,306.50636299356393,-1.9545659597497433e-06,2.5361287250589166,,
1580,0.012,306.68667003235362,306.68667202307103,-1.9907174078070966e-06,2.5233469483999298,,
1580,0.013000000000000001,306.882910506315,306.88291253054336,-2.0242283653715276e-06,2.5012522329628482,,
1580,0.014,307.09516412845892,307.09516622184805,-2.0933891278218653e-06,2.4650308110329915,,
1580,0.014999999999999999,307.32353467332899,307.32353691145227,-2.238123272491066e-06,2.4086178111371725,,
1580,0.016,307.56813599358946,307.56813844032888,-2.4467394155180955e-06,2.3249443885442993,,
1580,0.017000000000000001,307.82905705998081,307.82905965430569,-2.5943248829207732e-06,2.2063593997753048,,
1580,0.018000000000000002,308.10629862348804,308.1063010786645,-2.4551764568059298e-06,2.0450284359809983,,
1580,0.019,308.39968838303378,308.39969018128897,-1.7982551980821881e-06,1.8328351249782331,,
1580,0.02,308.70879813970822,308.70879867018226,-5.3047403980599483e-07,1.5595184570372711,,
1590,0,305.61441036949367,305.61441121385212,-8.443584533779358e-07,2.5499984210294726,,
1590,0.001,305.62218870549833,305.62218956749712,-8.6199878523984808e-07,2.5499976781441616,,
1590,0.002,305.64552789629653,305.64552881290194,-9.1660541556848329e-07,2.5499945674961535,,
1590,0.0030000000000000001,305.68444019223591,305.68444119581068,-1.0035747664005612e-06,2.5499855331185572,,
1590,0.0040000000000000001,305.73894505870652,305.73894617555914,-1.1168526157234737e-06,2.5499609240848065,,
1590,0.0050000000000000001,305.80906789971806,305.80906914797112,-1.2482530564739136e-06,2.549896715051001,,
1590,0.0060000000000000001,305.89483857793726,305.894839965882,-1.3879447351428098e-06,2.5497366097945942,,
1590,0.0070000000000000001,305.99629004145618,305.99629156678139,-1.5253252172442444e-06,2.5493564086124856,,
1590,0.0080000000000000002,306.11345744033855,306.11345909069968,-1.6503611277585151e-06,2.5484987369398615,,
1590,0.0090000000000000011,306.24637813695068,306.24637989245724,-1.7555065596752684e-06,2.5466638473387135,,
1590,0.01,306.39509291956409,306.3950947579101,-1.8383460087534331e-06,2.542944613712899,,
1590,0.010999999999999999,306.55964842023207,306.5596503249551,-1.9047230352953193e-06,2.5358051699505575,,
1590,0.012,306.74010009710423,306.74010206770447,-1.9706002376551623e-06,2.5228251423033372,,
1590,0.013000000000000001,306.93651409680649,306.93651615522668,-2.0584201934070734e-06,2.5004614831493783,,
1590,0.014,307.14896498224709,307.14896716560708,-2.1833599817000504e-06,2.4639054106580729,,
1590,0.014999999999999999,307.37752518340648,307.37752751362984,-2.3302233671529393e-06,2.4071143238414114,,
1590,0.016,307.62224201803622,307.62224445031489,-2.4322786771335814e-06,2.3230602046091104,,
1590,0.017000000000000001,307.88310026890917,307.88310264137334,-2.3724641664557566e-06,2.2041470192217538,,
1590,0.018000000000000002,308.15997300374329,308.15997501529614,-2.011552851399756e-06,2.0425997821240132,,
1590,0.019,308.45256946415941,308.45257069879455,-1.2346351354608487e-06,1.8303519855390629,,
1590,0.02,308.76039371917818,308.76039372260101,-3.4228264667035546e-09,1.5571673735399707,,
1600,0,305.66697533714154,305.66697626740881,-9.3026727654432761e-07,2.5499982818897373,,
1600,0.001,305.67476251801844,305.67476346376145,-9.4574301101602032e-07,2.5499974842532378,,
1600,0.002,305.69812771559441,305.69812870943321,-9.9383879614833859e-07,2.5499941578442136,,
1600,0.0030000000000000001,305.73708168034011,305.73708275033567,-1.0699955623749702e-06,2.549984554145031,,
1600,0.0040000000000000001,305.79164165688701,305.79164282527739,-1.1683903835546516e-06,2.549958559373247,,
1600,0.0050000000000000001,305.86183052235322,305.86183180382335,-1.2814701335628342e-06,2.5498911522219321,,
1600,0.0060000000000000001,305.94767586415372,305.94767726484997,-1.4006962487655983e-06,2.5497240564117867,,
1600,0.0070000000000000001,306.04920924717499,306.04921076489012,-1.5177151340139972e-06,2.5493294404374582,,
1600,0.0080000000000000002,306.16646591907858,306.16646754508423,-1.6260056554529001e-06,2.5484438316571674,,
1600,0.0090000000000000011,306.29948510884185,306.29948683170323,-1.7228613842235063e-06,2.5465582189880998,,
1600,0.01,306.44831083592084,306.4483126470297,-1.8111088593286695e-06,2.5427529786119885,,
1600,0.010999999999999999,306.61299272334111,306.61299462261456,-1.8992734567291336e-06,2.5354777731628912,,
1600,0.012,306.79358570381783,306.7935877022241,-1.9984062760158849e-06,2.5222989628984722,,
1600,0.013000000000000001,306.99014683304517,306.99014894738002,-2.1143348476471147e-06,2.4996665342095401,,
1600,0.014,307.20272693426671,307.20272917065626,-2.2363895482158114e-06,2.4627770210585274,,
1600,0.014999999999999999,307.43135487703415,307.43135720376142,-2.3267272695193242e-06,2.4056102179082033,,
1600,0.016,307.67601332133762,307.67601563826145,-2.3169238261289138e-06,2.321178719617349,,
1600,0.017000000000000001,307.9366068781523,307.93660899508126,-2.1169289539102465e-06,2.2019410175433602,,
1600,0.018000000000000002,308.21292650292105,308.21292813790035,-1.6349792986147804e-06,2.0401807077429615,,
1600,0.019,308.50461663761848,308.50461744187231,-8.0425382975590765e-07,1.8278802828508756,,
1600,0.02,308.81115295084641,308.81115256165322,3.8919318967600702e-07,1.5548276584861298,,
1610,0,305.71959665413442,305.71959765911532,-1.004980902052921e-06,2.5499981323934264,,
1610,0.001,305.72739166380313,305.72739268199717,-1.0181940410802781e-06,2.5499972767592176,,
1610,0.002,305.7507799857961,305.75078104538682,-1.0595907156130124e-06,2.5499937226537082,,
1610,0.0030000000000000001,305.78977136147125,305.78977248642673,-1.1249554745518253e-06,2.5499835215546836,,
1610,0.0040000000000000001,305.84438160146567,305.84438281064706,-1.209181391459424e-06,2.5499560816765094,,
1610,0.0050000000000000001,305.91463206304826,305.91463336905582,-1.3060075616522226e-06,2.5498853596659434,,
1610,0.0060000000000000001,306.00054912218127,306.00055053115335,-1.4089720821175433e-06,2.5497110601820485,,
1610,0.0070000000000000001,306.10216377824446,306.10216529090206,-1.5126576045076945e-06,2.5493016712564511,,
1610,0.0080000000000000002,306.21951146238422,306.21951307641029,-1.6140260754582414e-06,2.5483875778439087,,
1610,0.0090000000000000011,306.3526319616239,306.35263367500914,-1.7133852452388965e-06,2.5464504941038957,,
1610,0.01,306.50156910624173,306.50157092050227,-1.814260542687407e-06,2.542558361785979,,
1610,0.010999999999999999,306.66636951408179,306.66637143545358,-1.9213717905586236e-06,2.5351465484812121,,
1610,0.012,306.84707931109261,306.84708134735507,-2.0362624582048738e-06,2.5217684459319201,,
1610,0.013000000000000001,307.04373748510005,307.04373963618588,-2.1510858232431929e-06,2.4988674426701643,,
1610,0.014,307.25636456177921,307.25636680407348,-2.2422942720368155e-06,2.4616457088667354,,
1610,0.014999999999999999,307.48494579468638,307.48494806170226,-2.267015872803313e-06,2.4041055507066096,,
1610,0.016,307.72940911576654,307.72941128078338,-2.1650168378073431e-06,2.3192999591980286,,
1610,0.017000000000000001,307.98959958899746,307.98960145637267,-1.8673752038012026e-06,2.1997413721352004,,
1610,0.018000000000000002,308.26525370024359,308.265255011112,-1.3108684129292669e-06,2.0377711397042515,,
1610,0.019,308.555977978915,308.55597843352297,-4.5460797082341742e-07,1.8254199122882497,,
1610,0.02,308.8612366559625,308.86123595414529,7.0181721412154729e-07,1.5524991924000364,,
1620,0,305.77226858817738,305.7722696553783,-1.0672009125300974e-06,2.5499979719195904,,
1620,0.001,305.78007076078887,305.78007183910108,-1.0783122093016573e-06,2.5499970549001185,,
1620,0.002,305.80348034721078,305.80348146081502,-1.113604241709254e-06,2.5499932606877951,,
1620,0.0030000000000000001,305.84250647036561,305.8425076398791,-1.1695134958245035e-06,2.5499824331548662,,
1620,0.0040000000000000001,305.89716407812233,305.8971653202284,-1.2421060660017247e-06,2.5499534871627341,,
1620,0.0050000000000000001,305.9674736192315,305.96747494610082,-1.3268693237478146e-06,2.549879331082983,,
1620,0.0060000000000000001,306.0534606807355,306.05346210032678,-1.4195912854120252e-06,2.5496976116433316,,
1620,0.0070000000000000001,306.1551556042877,306.15515712155212,-1.5172644225458498e-06,2.549273088487237,,
1620,0.0080000000000000002,306.27259300152747,306.27259462023591,-1.6187084384000627e-06,2.5483299614480819,,
1620,0.0090000000000000011,306.40581092773078,306.40581265223159,-1.7245008052668709e-06,2.5463406612223825,,
1620,0.01,306.55484926132635,306.55485109712589,-1.8357995372753066e-06,2.5423607608605212,,
1620,0.010999999999999999,306.71974661496256,306.71974856678605,-1.9518234921633848e-06,2.5348115100623887,,
1620,0.012,306.90053494346415,306.90053700965927,-2.066195122552017e-06,2.5212336271895608,,
1620,0.013000000000000001,307.09723101079692,307.09723317373613,-2.1629392108479806e-06,2.4980642645672915,,
1620,0.014,307.30982412683147,307.30982634031977,-2.2134883010949125e-06,2.4605115396975648,,
1620,0.014999999999999999,307.53826011976997,307.53826229606477,-2.1762947994830029e-06,2.4026003783478891,,
1620,0.016,307.78242234243135,307.78242434271397,-2.0002826204290614e-06,2.3174239479995955,,
1620,0.017000000000000001,308.04211147967953,308.04211311203233,-1.6323527916028979e-06,2.197548060196,,
1620,0.018000000000000002,308.31702678801156,308.3170278158268,-1.0278152444698208e-06,2.0353710058185763,,
1620,0.019,308.60675187123957,308.60675203240885,-1.6116928236442618e-07,1.8229707699867392,,
1620,0.02,308.91074864145816,308.91074698251123,1.6589469282735081e-06,1.5501818601450712,,
1630,0,305.82498751603333,305.82498863524091,-1.1192075817234581e-06,2.5499977998199315,,
1630,0.001,305.83279644348829,305.83279757105208,-1.1275637916696724e-06,2.5499968178831791,,
1630,0.002,305.85622615368032,305.85622731180172,-1.1581213925637712e-06,2.5499927706689851,,
1630,0.0030000000000000001,305.89528537163602,305.89528657869641,-1.2070603929714707e-06,2.5499812866981406,,
1630,0.0040000000000000001,305.94998844730145,305.94998971900566,-1.271704206828872e-06,2.5499507719331476,,
1630,0.0050000000000000001,306.02035507372813,306.02035642288428,-1.3491561503542471e-06,2.5498730601088906,,
1630,0.0060000000000000001,306.10640987633417,306.1064113132266,-1.436892432593595e-06,2.5496837013063884,,
1630,0.0070000000000000001,306.20818179662308,306.2081833298289,-1.5332058183048503e-06,2.5492436796094888,,
1630,0.0080000000000000002,306.32570309763435,306.32570473486311,-1.6372287632293592e-06,2.5482709686213361,,
1630,0.0090000000000000011,306.4590076908213,306.45900943910044,-1.7482791463407921e-06,2.5462287092401148,,
1630,0.01,306.60812834800805,306.60813021237374,-1.864365685833036e-06,2.5421601739085258,,
1630,0.010999999999999999,306.7730922579679,306.77309423786625,-1.9798983430519002e-06,2.5344726724211135,,
1630,0.012,306.95391436948091,306.95391645235662,-2.0828757101298834e-06,2.520694542484156,,
1630,0.013000000000000001,307.15058809426085,307.15059024633109,-2.1520702375710243e-06,2.4972570554438405,,
1630,0.014,307.3630733195825,307.36307547548773,-2.1559052356678876e-06,2.4593745781617997,,
1630,0.014999999999999999,307.59128262587808,307.59128468120019,-2.0553221133923216e-06,2.4010947557128537,,
1630,0.016,307.83506924647622,307.83507104931118,-1.8028349586529657e-06,2.3155507097195707,,
1630,0.017000000000000001,308.09422678067051,308.09422814466529,-1.3639947837873478e-06,2.1953610587409456,,
1630,0.018000000000000002,308.36852076168208,308.36852161957705,-8.5789497461519204e-07,2.0329802348442247,,
1630,0.019,308.65777435904846,308.65777499125153,-6.3220306856237585e-07,1.8205327529809638,,
1630,0.02,308.96200172817674,308.96200275631514,-1.0281383993060444e-06,1.54787545506196,,
1640,0,305.87775114944071,305.87775231115666,-1.1617159429988533e-06,2.549997615418131,,
1640,0.001,305.88556654829199,305.88556771727184,-1.1689798498082382e-06,2.5499965648842062,,
1640,0.002,305.9090155538363,305.90901675034206,-1.1965057638008147e-06,2.5499922512786091,,
1640,0.0030000000000000001,305.94810653002696,305.94810777120813,-1.2411811667334405e-06,2.5499800798821264,,
1640,0.0040000000000000001,306.00285319674663,306.00285449812094,-1.301374311424297e-06,2.5499479320227039,,
1640,0.0050000000000000001,306.07327426210833,306.07327563746242,-1.3753540883953974e-06,2.5498665403172551,,
1640,0.0060000000000000001,306.15939281354173,306.15939427509909,-1.4615573604714882e-06,2.5496693196579026,,
1640,0.0070000000000000001,306.26123533539374,306.26123689401788,-1.5586241488563246e-06,2.5492134321683366,,
1640,0.0080000000000000002,306.37883014268078,306.37883180766948,-1.6649887015773857e-06,2.5482105857208319,,
1640,0.0090000000000000011,306.51220493754164,306.51220671544257,-1.7779009340301855e-06,2.5461146274112894,,
1640,0.01,306.66138313526665,306.66138502722953,-1.891962881472864e-06,2.5419565994412898,,
1640,0.010999999999999999,306.82637862379863,306.82638062132253,-1.9975238956249086e-06,2.5341300504164379,,
1640,0.012,307.00718881573926,307.00719089453014,-2.0787908852071268e-06,2.520151227643423,,
1640,0.013000000000000001,307.20378640904943,307.20378851962846,-2.1105790324327245e-06,2.4964458703476811,,
1640,0.014,307.416111455747,307.41611351214408,-2.0563970792863984e-06,2.4582348878795868,,
1640,0.014999999999999999,307.64406732274057,307.64406920244016,-1.879699595974671e-06,2.3995887364788122,,
1640,0.016,307.88752649832259,307.88752808020303,-1.5818804399714281e-06,2.3136802671326655,,
1640,0.017000000000000001,308.14635329359123,308.14635454480759,-1.2512163607425464e-06,2.1931803446188001,,
1640,0.018000000000000002,308.42044755709395,308.42044860514522,-1.048051274210593e-06,2.0305987564490047,,
1640,0.019,308.70980470477872,308.70980582949812,-1.1247194038332964e-06,1.8181057589572589,,
1640,0.02,309.01457543400375,309.01457701393133,-1.5799275843164651e-06,1.5455798795732654,,
1650,0,305.93055761869385,305.93055881835113,-1.1996572766292957e-06,2.5499974180091636,,
1650,0.001,305.93837919854047,305.93838040489555,-1.2063550798302458e-06,2.549996295046923,,
1650,0.002,305.96184659805016,305.96184783041031,-1.2323601481512014e-06,2.549991701156312,,
1650,0.0030000000000000001,306.00096770844442,306.00096898349966,-1.2750552400575543e-06,2.5499788103493755,,
1650,0.0040000000000000001,306.05575536802149,306.05575670149125,-1.3334697541722562e-06,2.5499449634007476,,
1650,0.0050000000000000001,306.12622682812469,306.12622823458656,-1.40646187674065e-06,2.5498597652212878,,
1650,0.0060000000000000001,306.2124028700689,306.21240436275747,-1.4926885683053115e-06,2.5496544571636037,,
1650,0.0070000000000000001,306.31430642417666,306.31430801452603,-1.5903493704172433e-06,2.5491823337778183,,
1650,0.0080000000000000002,306.43196049723377,306.43196219382475,-1.6965909708233085e-06,2.5481487993109795,,
1650,0.0090000000000000011,306.56538520053618,306.56538700699571,-1.8064595224132063e-06,2.545998405345034,,
1650,0.01,306.71459373502256,306.71459564630317,-1.9112806057819398e-06,2.5417500363997307,,
1650,0.010999999999999999,306.87958740660525,306.87958940327024,-1.9966649915659218e-06,2.5337836592386496,,
1650,0.012,307.0603502023489,307.06035224372965,-2.0413807533259387e-06,2.519603718498574,,
1650,0.013000000000000001,307.25684421074232,307.25684623082492,-2.0200826043037523e-06,2.4956307638299733,,
1650,0.014,307.46900813404017,307.46901004742278,-1.9133826185679936e-06,2.4570925314936973,,
1650,0.014999999999999999,307.69676196880795,307.69676369319797,-1.7243900174435112e-06,2.3980823731457899,,
1650,0.016,307.94002096227871,307.94002245721475,-1.4949360434002301e-06,2.3118126421176672,,
1650,0.017000000000000001,308.19872044721802,308.19872175450053,-1.3072825026938517e-06,2.1910058945303419,,
1650,0.018000000000000002,308.47284982092958,308.47285108080632,-1.2598767398230848e-06,2.0282265011600638,,
1650,0.019,308.76248951862311,308.76249095396309,-1.4353399819810875e-06,1.8156896851505722,,
1650,0.02,309.0678413268646,309.06784321081625,-1.883951654235716e-06,1.5432950575613467,,
1660,0,305.98340467324687,305.98340590975789,-1.2365110251266742e-06,2.5499972068586332,,
1660,0.001,305.99123203742283,305.99123328045727,-1.2430344327185594e-06,2.5499960074823305,,
1660,0.002,306.01471657702859,306.01471784563148,-1.2686028867392452e-06,2.5499911188995492,,
1660,0.0030000000000000001,306.05386550794714,306.05386681877906,-1.3108319194543583e-06,2.5499774756872764,,
1660,0.0040000000000000001,306.10869041825788,306.10869178724948,-1.3689916045223072e-06,2.5499418619717242,,
1660,0.0050000000000000001,306.17920654180222,306.17920798379822,-1.4419960052691749e-06,2.5498527282757175,,
1660,0.0060000000000000001,306.26543160740471,306.26543313554362,-1.5281389096344355e-06,2.549639104271336,,
1660,0.0070000000000000001,306.36738414685618,306.36738577142523,-1.6245690517280309e-06,2.5491503721242306,,
1660,0.0080000000000000002,306.48508115397783,306.48508288040739,-1.726429559312237e-06,2.5480855961649782,,
1660,0.0090000000000000011,306.61853505848626,306.61853688422354,-1.825737285798823e-06,2.5458800330025304,,
1660,0.01,306.76775015037083,306.76775206079424,-1.9104234070255188e-06,2.5415404841455977,,
1660,0.010999999999999999,306.93271889559014,306.93272086005368,-1.9644635358417872e-06,2.5334335143964024,,
1660,0.012,307.11341901997525,307.11342099035738,-1.9703821294569934e-06,2.5190520508733045,,
1660,0.013000000000000001,307.30981272877807,307.30981464384826,-1.9150701859871333e-06,2.4948117899439097,,
1660,0.014,307.52184979218623,307.5218515903419,-1.7981556652557629e-06,2.4559475706828975,,
1660,0.014999999999999999,307.74947618656859,307.74947782643659,-1.6398680031670665e-06,2.3965757170623267,,
1660,0.016,307.99264926090956,307.99265074524163,-1.484332074142003e-06,2.3099478556836579,,
1660,0.017000000000000001,308.25135889449848,308.25136028830411,-1.3938056326878723e-06,2.1888376850457556,,
1660,0.018000000000000002,308.5256520629556,308.52565349677928,-1.4338236837829754e-06,2.0258634003009375,,
1660,0.019,308.81565627822579,308.81565793359681,-1.6553710224798124e-06,1.8132844293400174,,
1660,0.02,309.12159638174882,309.12159847057097,-2.0888221570203314e-06,1.5410208941499435,,
1670,0,306.03628914843762,306.03629042337855,-1.2749409279422252e-06,2.5499969812020979,,
1670,0.001,306.04412174005876,306.04412302155544,-1.2814966794394422e-06,2.5499957012680774,,
1670,0.002,306.06762167353736,306.06762298069867,-1.3071613125248405e-06,2.5499905030631216,,
1670,0.0030000000000000001,306.10679526358848,306.10679661311968,-1.3495312032318907e-06,2.5499760734279922,,
1670,0.0040000000000000001,306.16165248128112,306.16165388899157,-1.4077104424359277e-06,2.5499386235759123,,
1670,0.0050000000000000001,306.23220607284395,306.23220755296973,-1.4801257748331409e-06,2.549845422878696,,
1670,0.0060000000000000001,306.31847023975581,306.31847180382755,-1.5640717379028501e-06,2.5496232514141002,,
1670,0.0070000000000000001,306.42045883586582,306.420460490957,-1.6550911823287606e-06,2.5491175349693576,,
1670,0.0080000000000000002,306.5381830946522,306.53818484095103,-1.7462988353145192e-06,2.5480209632662163,,
1670,0.0090000000000000011,306.67164902019454,306.67165084815866,-1.8279641267326951e-06,2.5457595006940461,,
1670,0.01,306.82085477007189,306.82085665793869,-1.887866801553173e-06,2.5413279424527855,,
1670,0.010999999999999999,306.98578861669341,306.98579052970808,-1.9130146711177076e-06,2.5330796317041577,,
1670,0.012,307.16642834774478,307.16643024081117,-1.8930663827632088e-06,2.5184962605732197,,
1670,0.013000000000000001,307.36274316238627,307.36274498751789,-1.8251316191708611e-06,2.4939890022437341,,
1670,0.014,307.57469910720266,307.57470082583643,-1.7186337686325714e-06,2.4548000661751854,,
1670,0.014999999999999999,307.80226874654608,307.8022703448226,-1.5982765262378962e-06,2.395068818450603,,
1670,0.016,308.04544501557763,308.04544651868957,-1.5031119460218179e-06,2.3080859279955841,,
1670,0.017000000000000001,308.30425813632019,308.30425961686751,-1.4805473256274126e-06,2.1866756926196289,,
1670,0.018000000000000002,308.57879333033571,308.57879490664533,-1.5763096143928124e-06,2.0235093859124382,,
1670,0.019,308.86920620833553,308.86920803133171,-1.8229961824545171e-06,1.8108898911437317,,
1670,0.02,309.17573253142837,309.17573477202063,-2.2405922663892852e-06,1.5387572917549301,,
1680,0,306.08920676301523,306.0892080794157,-1.3164004712962196e-06,2.5499967402444219,,
1680,0.001,306.09704386407253,306.09704518706627,-1.3229937394498847e-06,2.5499953754478355,,
1680,0.002,306.12055697514512,306.12055832382612,-1.3486809962159896e-06,2.5499898521587165,,
1680,0.0030000000000000001,306.15975133602234,306.1597527268068,-1.3907844618188392e-06,2.5499746010484245,,
1680,0.0040000000000000001,306.21463505971792,306.21463650758227,-1.4478643493021082e-06,2.5499352439901979,,
1680,0.0050000000000000001,306.28521818594578,306.28521970341359,-1.5174678082985338e-06,2.5498378423737127,,
1680,0.0060000000000000001,306.37151134373255,306.37151293942554,-1.5956929928506725e-06,2.5496068890130474,,
1680,0.0070000000000000001,306.47352406027323,306.47352573705444,-1.6767812098805734e-06,2.5490838101536069,,
1680,0.0080000000000000002,306.59126283286315,306.59126458579311,-1.7529299611851457e-06,2.5479548878095257,,
1680,0.0090000000000000011,306.7247292042951,306.72473101890694,-1.8146118350159668e-06,2.5456367990758615,,
1680,0.01,306.87391824084392,306.87392009254285,-1.851698925747769e-06,2.5411124114986925,,
1680,0.010999999999999999,307.03881797773613,307.03881983329865,-1.8555625160843192e-06,2.5327220272699247,,
1680,0.012,307.21941051901234,307.21941234102331,-1.8220109723188216e-06,2.5179363833756865,,
1680,0.013000000000000001,307.4156754887498,307.41567724324182,-1.7544920183354407e-06,2.4931624537840702,,
1680,0.014,307.62759636031518,307.62759802688993,-1.6665747466504399e-06,2.4536500777609973,,
1680,0.014999999999999999,307.85516979920891,307.85517138178659,-1.5825776813471748e-06,2.393561726430967,,
1680,0.016,308.09841756189911,308.09841909734303,-1.5354439142356568e-06,2.3062268783992819,,
1680,0.017000000000000001,308.35739979566682,308.357401357333,-1.5616661812600796e-06,2.1845198936027628,,
1680,0.018000000000000002,308.63222795357518,308.63222964764867,-1.694073489488801e-06,2.0211643906960743,,
1680,0.019,308.92307517745007,308.92307713133738,-1.9538873061719642e-06,1.8085059721949344,,
1680,0.02,309.23018274245686,309.23018443082668,-1.6883698208403075e-06,1.5365041525490111,,
1690,0,306.14215228681343,306.14215364838822,-1.3615747889161867e-06,2.5499964831591146,,
1690,0.001,306.14999307118023,306.14999443830033,-1.3671200917997339e-06,2.5499950290306939,,
1690,0.002,306.17351685312627,306.17351824521376,-1.3920874835093855e-06,2.5499891646544635,,
1690,0.0030000000000000001,306.21272773239264,306.21272916496309,-1.4325704569273512e-06,2.5499730559702076,,
1690,0.0040000000000000001,306.2676319231856,306.26763340964516,-1.4864595527797064e-06,2.5499317189288688,,
1690,0.0050000000000000001,306.33823684686888,306.33823839732673,-1.5504578527725243e-06,2.5498299800515256,,
1690,0.0060000000000000001,306.42454992187896,306.42455154169681,-1.6198178514059691e-06,2.5495900074804347,,
1690,0.0070000000000000001,306.52657715202412,306.52657884026655,-1.6882424347386404e-06,2.549049185599026,,
1690,0.0080000000000000002,306.64432169360686,306.6443234417203,-1.7481134477748128e-06,2.5478873572022835,,
1690,0.0090000000000000011,306.77778268237455,306.77778447360271,-1.7912281577991962e-06,2.5455119191471018,,
1690,0.01,306.9269547070142,306.92695651715962,-1.8101454202223977e-06,2.5408938918556521,,
1690,0.010999999999999999,307.09182839823563,307.09183019831272,-1.8000770865000959e-06,2.5323607174832707,,
1690,0.012,307.27239262373286,307.27239438466302,-1.7609301607990346e-06,2.517372455020094,,
1690,0.013000000000000001,307.468638705209,307.46864040396514,-1.6987561366477166e-06,2.4923321971195196,,
1690,0.014,307.68056692066074,307.68056854739353,-1.6267327964669676e-06,2.4524976643063074,,
1690,0.014999999999999999,307.90819557690014,307.90819714473525,-1.5678351132919488e-06,2.3920544890458881,,
1690,0.016,308.15157411014656,308.15157566083082,-1.5506842601098469e-06,2.3043707254458887,,
1690,0.017000000000000001,308.41080585394985,308.41080745746342,-1.6035135672609613e-06,2.1823702642505474,,
1690,0.018000000000000002,308.68609329501822,308.68609514872765,-1.8537094206294569e-06,2.0188283480002007,,
1690,0.019,308.97782009199602,308.97782271246541,-2.6204693881481944e-06,1.806132575990719,,
1690,0.02,309.28666202509265,309.28666620808741,-4.1829947576843551e-06,1.5342615214549196,,
1700,0,306.1951200203867,306.19512142705645,-1.406669753123424e-06,2.5499962090876913,,
1700,0.001,306.20296364026063,306.20296505197393,-1.4117132991486869e-06,2.5499946609905537,,
1700,0.002,306.22649556239031,306.22649699742641,-1.4350360970638576e-06,2.5499884389745326,,
1700,0.0030000000000000001,306.26571880412934,306.26572027649496,-1.4723656249771011e-06,2.5499714355597365,,
1700,0.0040000000000000001,306.32063784009767,306.32063936115964,-1.5210619608296838e-06,2.5499280440444521,,
1700,0.0050000000000000001,306.3912578209127,306.39125939818797,-1.5772752703924198e-06,2.5498218291521013,,
1700,0.0060000000000000001,306.47758359238389,306.47758522827678,-1.6358928860427113e-06,2.5495725972225509,,
1700,0.0070000000000000001,306.57961865398744,306.57962034467971,-1.6906922724047035e-06,2.54901364931222,,
1700,0.0080000000000000002,306.69736426246044,306.69736599725593,-1.7347954894830764e-06,2.5478183590653609,,
1700,0.0090000000000000011,306.83081895829991,306.83082071978987,-1.7614899547879759e-06,2.5453848522464417,,
1700,0.01,306.97997885818302,306.97998062369788,-1.7655148667472531e-06,2.5406723844824035,,
1700,0.010999999999999999,307.14483910984285,307.14484085475641,-1.7449135611968813e-06,2.5319957190036124,,
1700,0.012,307.32539697633518,307.32539867911646,-1.7027812759806693e-06,2.5168045111985169,,
1700,0.013000000000000001,307.52165720774582,307.52165885425677,-1.646510952468816e-06,2.4914982843046003,,
1700,0.014,307.73364086297158,307.7336424479559,-1.5849843180149037e-06,2.4513428837657711,,
1700,0.014999999999999999,307.96139972928944,307.96140126310155,-1.5338121102104196e-06,2.3905471532834839,,
1700,0.016,308.2050397125837,308.20504125193486,-1.5393511603178922e-06,2.3025174869156482,,
1700,0.017000000000000001,308.46475684513058,308.46475856346427,-1.7183336922244052e-06,2.1802267807286975,,
1700,0.018000000000000002,308.74088689194656,308.74088914448532,-2.2525387635141669e-06,2.0165011918312454,,
1700,0.019,309.03396261720377,309.03396590228203,-3.2850782645255094e-06,1.8037696083365611,,
1700,0.02,309.34476364793824,309.34476850779026,-4.8598520265841216e-06,1.5320292841072514,,
1710,0,306.24810440119779,306.24810585149146,-1.4502936664939625e-06,2.5499959171390296,,
1710,0.001,306.25595007544695,306.25595152997289,-1.454525943245244e-06,2.5499942702655463,,
1710,0.002,306.27948784231364,306.27948931763001,-1.4753163668501657e-06,2.5499876734987237,,
1710,0.0030000000000000001,306.31871979492388,306.31872130307676,-1.5081528772498132e-06,2.5499697371282073,,
1710,0.0040000000000000001,306.37364897631744,306.37365052640621,-1.5500887684538611e-06,2.5499242149285588,,
1710,0.0050000000000000001,306.4442787791574,306.44428037619514,-1.5970377376106626e-06,2.5498133828665432,,
1710,0.0060000000000000001,306.53061224788235,306.53061389177122,-1.6438888792436046e-06,2.549554648642582,,
1710,0.0070000000000000001,306.63265143921507,306.63265312405878,-1.6848437098815339e-06,2.5489771893871698,,
1710,0.0080000000000000002,306.75039705651039,306.75039877054485,-1.7140344539257057e-06,2.5477478812339762,,
1710,0.0090000000000000011,306.88384864243153,306.88385036878901,-1.7263574818571215e-06,2.5452555900488036,,
1710,0.01,307.03300570323347,307.03300742149975,-1.7182662759296363e-06,2.5404478907157175,,
1710,0.010999999999999999,307.19787027273048,307.19787196104807,-1.6883175817383744e-06,2.5316270487488319,,
1710,0.012,307.37845164572451,307.37845328369417,-1.6379696603507909e-06,2.516232587546757,,
1710,0.013000000000000001,307.5747743464118,307.57477592084376,-1.5744319625810022e-06,2.4906607668938152,,
1710,0.014,307.7868907892809,307.78689230730618,-1.5180252717073017e-06,2.4501857931955331,,
1710,0.014999999999999999,308.01490030286976,308.01490181555005,-1.5126802850318199e-06,2.3890397651002488,,
1710,0.016,308.25897576863633,308.2589774015629,-1.6329265690728789e-06,2.3006671798406897,,
1710,0.017000000000000001,308.51939757865642,308.51939955912775,-1.9804713247140171e-06,2.1780894191180082,,
1710,0.018000000000000002,308.79659181240282,308.79659447348013,-2.6610773034008162e-06,2.0141828568735609,,
1710,0.019,309.09116613225217,309.09116988007821,-3.747826042399538e-06,1.8014169790372481,,
1710,0.02,309.40393445769803,309.40393972936562,-5.2716675895680964e-06,1.5298072981256776,,
1720,0,306.3011005432586,306.30110203334334,-1.4900847418175545e-06,2.5499956063887526,,
1720,0.001,306.30894762483723,306.3089491181031,-1.4932658700672619e-06,2.5499938557574517,,
1720,0.002,306.33248936647965,306.33249087733253,-1.5108528828022827e-06,2.5499868665620959,,
1720,0.0030000000000000001,306.37172715887601,306.3717286971098,-1.5382337892333453e-06,2.5499679579317109,,
1720,0.0040000000000000001,306.4266630081674,306.42666458054458,-1.5723771866760217e-06,2.5499202271127759,,
1720,0.0050000000000000001,306.49729914651027,306.49730075575076,-1.6092404848677688e-06,2.5498046343390541,,
1720,0.0060000000000000001,306.58363764820336,306.58363929219252,-1.6439891510344751e-06,2.5495361521434416,,
1720,0.0070000000000000001,306.68568022554189,306.68568189689711,-1.671355221333215e-06,2.5489397940079366,,
1720,0.0080000000000000002,306.80342844929015,306.80343013540926,-1.6861191056705138e-06,2.5476759117583638,,
1720,0.0090000000000000011,306.93688473118789,306.93688641489973,-1.6837118437251775e-06,2.5451241245618976,,
1720,0.01,307.08605453100336,307.08605619209436,-1.6610910051895189e-06,2.5402204122620087,,
1720,0.010999999999999999,307.25095041453039,307.25095203284741,-1.6183170146177872e-06,2.5312547238841026,,
1720,0.012,307.43159877640119,307.43160033785597,-1.5614547805853363e-06,2.5156567196357624,,
1720,0.013000000000000001,307.62805019115058,307.62805169829414,-1.5071435655045207e-06,2.4898196959420984,,
1720,0.014,307.84039434046957,307.8403958284598,-1.4879902323627903e-06,2.4490264487661881,,
1720,0.014999999999999999,308.06878010340654,308.06878165932864,-1.5559220969407761e-06,2.3875323694435635,,
1720,0.016,308.31344052362397,308.31344230403545,-1.7804114804675919e-06,2.2988198205271151,,
1720,0.017000000000000001,308.57472096384981,308.57472320344067,-2.2395908558792144e-06,2.1759581554195293,,
1720,0.018000000000000002,308.85310707140809,308.85311007515276,-3.0037446663300216e-06,2.0118732785307696,,
1720,0.019,309.14924774954949,309.14925186597361,-4.1164241224578291e-06,1.7990746004406393,,
1720,0.02,309.46396785018214,309.46397344459064,-5.5944084920156456e-06,1.5275954534730933,,
1730,0,306.35410460756492,306.35410613159962,-1.5240347011058475e-06,2.5499952758786013,,
1730,0.001,306.36195262454441,306.36195415055545,-1.5260110330928001e-06,2.5499934163311382,,
1730,0.002,306.38549700976,306.38549854973792,-1.5399779158542515e-06,2.5499860164546106,,
1730,0.0030000000000000001,306.42473871073361,306.42474027206657,-1.5613329651387176e-06,2.5499660951713321,,
1730,0.0040000000000000001,306.47967914709091,306.47968073418764,-1.587096733146609e-06,2.5499160760695783,,
1730,0.0050000000000000001,306.55032006017541,306.55032167352886,-1.6133534472828615e-06,2.5497955766688749,,
1730,0.0060000000000000001,306.63666348742595,306.63666512290689,-1.635480941786227e-06,2.5495170981305604,,
1730,0.0070000000000000001,306.73871206342892,306.73871371195588,-1.6485269611621334e-06,2.5489014514512682,,
1730,0.0080000000000000002,306.85646993253243,306.85647158033112,-1.6477986832796887e-06,2.5476024389043492,,
1730,0.0090000000000000011,306.98994465871397,306.98994628852751,-1.6298135392389668e-06,2.5449904481227312,,
1730,0.01,307.13915063296088,307.13915222679282,-1.5938319393171696e-06,2.539989951189074,,
1730,0.010999999999999999,307.30411458812569,307.30411613227744,-1.544151757570944e-06,2.5308787618110316,,
1730,0.012,307.48488389428093,307.48488538739826,-1.4931173382137786e-06,2.515076942963407,,
1730,0.013000000000000001,307.68153825586012,307.68153972019434,-1.4643342183262575e-06,2.4889751220054341,,
1730,0.014,307.89420518119334,307.8942066760838,-1.4948904549783038e-06,2.4478649057755097,,
1730,0.014999999999999999,308.12307907525769,308.1230807102823,-1.6350246028196125e-06,2.3860250102735563,,
1730,0.016,308.36844300973871,308.36844495383536,-1.9440966525507974e-06,2.296975424576079,,
1730,0.017000000000000001,308.63069125350222,308.63069373573558,-2.4822333557494858e-06,2.1738329655609809,,
1730,0.018000000000000002,308.91034972850775,308.91035302714948,-3.2986417295433057e-06,2.0095723929981126,,
1730,0.019,309.20809100490754,309.20809542455936,-4.4196518160788401e-06,1.7967423854832743,,
1730,0.02,309.52474056149669,309.52474641534042,-5.8538437315291958e-06,1.52539364816014,,
1740,0,306.40711402485061,306.40711557539521,-1.5505445958297059e-06,2.5499949246158331,,
1740,0.001,306.41496270742181,306.41496425863801,-1.5512162008235464e-06,2.5499929508140133,,
1740,0.002,306.43850902313335,306.43851058440828,-1.5612749280080607e-06,2.5499851214207969,,
1740,0.0030000000000000001,306.47775377189186,306.47775534804089,-1.5761490317345306e-06,2.5499641459932891,,
1740,0.0040000000000000001,306.53269830178027,306.53269989470795,-1.5929276742099319e-06,2.5499117572132519,,
1740,0.0050000000000000001,306.60334463347561,306.60334624131633,-1.6078407156783214e-06,2.5497862029122413,,
1740,0.0060000000000000001,306.6896958453176,306.68969746188986,-1.6165722627192736e-06,2.5494974770146244,,
1740,0.0070000000000000001,306.79175694450907,306.79175855931214,-1.6148030681506498e-06,2.5488621500891067,,
1740,0.0080000000000000002,306.90953653107181,306.90953813013601,-1.5990642054930504e-06,2.5475274511537829,,
1740,0.0090000000000000011,307.04304964497021,307.04305121298756,-1.5680173532928166e-06,2.544854553394035,,
1740,0.01,307.19232225876129,307.19232378297858,-1.5242172821672284e-06,2.5397565099179138,,
1740,0.010999999999999999,307.35739791157755,307.35739938785315,-1.4762755995434418e-06,2.530499180157046,,
1740,0.012,307.53834693648412,307.5383483775941,-1.4411099868993915e-06,2.5144932929466188,,
1740,0.013000000000000001,307.73527856762206,307.73528001328856,-1.445666498511855e-06,2.4881270951417052,,
1740,0.014,307.94835588982249,307.94835741708329,-1.5272607924998738e-06,2.446701218661099,,
1740,0.014999999999999999,308.17781310482985,308.17781483654124,-1.7317113929493644e-06,2.3845177305845073,,
1740,0.016,308.42397397943012,308.42397608823808,-2.1088079620312783e-06,2.2951340069040298,,
1740,0.017000000000000001,308.68726971828227,308.68727242351008,-2.7052278142036812e-06,2.1717138254053703,,
1740,0.018000000000000002,308.96825402548438,308.96825758143291,-3.5559485240810318e-06,2.0072801373085576,,
1740,0.019,309.26761295530076,309.26761763140331,-4.6761025487285224e-06,1.7944202473829247,,
1740,0.02,309.58616695712823,309.58617350171681,-6.5445885866211029e-06,1.5232017844444321,,
1750,0,306.46012767855592,306.46012924542867,-1.5668727542106353e-06,2.5499945515726239,,
1750,0.001,306.4679769879408,306.46797855513364,-1.5671928395022405e-06,2.5499924579954851,,
1750,0.002,306.49152522811818,306.49152680119283,-1.5730746554254438e-06,2.5499841796594338,,
1750,0.0030000000000000001,306.53077338918547,306.5307749702053,-1.5810198306098755e-06,2.549962107489097,,
1750,0.0040000000000000001,306.58572333297263,306.58572492126115,-1.5882885122664447e-06,2.5499072659008655,,
1750,0.0050000000000000001,306.65637822247368,306.65637981392217,-1.5914484947643359e-06,2.5497765060843314,,
1750,0.0060000000000000001,306.74274335018055,306.74274493701125,-1.5868307059463405e-06,2.5494772792142646,,
1750,0.0070000000000000001,306.8448275975806,306.84482916882507,-1.5712444678683823e-06,2.5488218783909908,,
1750,0.0080000000000000002,306.96264582478238,306.96264736779267,-1.5430102848768001e-06,2.547450937204867,,
1750,0.0090000000000000011,307.09622254348369,307.09622404681346,-1.5033297700028925e-06,2.5447164333606431,,
1750,0.01,307.24559725129905,307.24559870923571,-1.4579366620637302e-06,2.5395200912146323,,
1750,0.010999999999999999,307.41083177750698,307.41083319635578,-1.4188487966748653e-06,2.5301159967650579,,
1750,0.012,307.59201988272804,307.59202128869816,-1.4059701243240852e-06,2.5139058049138496,,
1750,0.013000000000000001,307.78929913934201,307.7893005875851,-1.4482430970019777e-06,2.4872756649117549,,
1750,0.014,308.00286473410858,308.00286631710469,-1.5829961057534092e-06,2.4455354410129129,,
1750,0.014999999999999999,308.23298398715025,308.23298583835435,-1.8512041037865856e-06,2.3830105724257264,,
1750,0.016,308.48000798484117,308.48001028204106,-2.2971998987486586e-06,2.2932955817622034,,
1750,0.017000000000000001,308.74437069740947,308.74437364992184,-2.9525123750318016e-06,2.1696007107624937,,
1750,0.018000000000000002,309.02655647621424,309.02656017690992,-3.7006956858931517e-06,2.0049964493206569,,
1750,0.019,309.32701488725178,309.32701908121146,-4.1939596826523484e-06,1.7921080998340202,,
1750,0.02,309.64602950034197,309.64603361853733,-4.1181953633895318e-06,1.5210198625044167,,
1760,0,306.51314611023543,306.51314768401198,-1.573776557961537e-06,2.5499941556854848,,
1760,0.001,306.52099626924007,306.52099784185407,-1.5726139963589958e-06,2.5499919366264447,,
1760,0.002,306.54454722459252,306.54454879869121,-1.5740986896162212e-06,2.549983189323263,,
1760,0.0030000000000000001,306.58380052768342,306.58380210257536,-1.5748919395264238e-06,2.5499599766957544,,
1760,0.0040000000000000001,306.63875918456341,306.63876075714836,-1.5725849493719579e-06,2.5499025974332432,,
1760,0.0050000000000000001,306.70942840047377,306.7094299648154,-1.5643416304556013e-06,2.5497664791612182,,
1760,0.0060000000000000001,306.79581684842094,306.79581839589349,-1.5474725501007924e-06,2.5494564951587013,,
1760,0.0070000000000000001,306.89793868157778,306.89794020185298,-1.5202751910692314e-06,2.5487806249263607,,
1760,0.0080000000000000002,307.01581655599523,307.01581803915747,-1.4831622365818475e-06,2.5473728859723401,,
1760,0.0090000000000000011,307.1494859527765,307.14948739281613,-1.4400396253222425e-06,2.5445760813257845,,
1760,0.01,307.29900106732123,307.29900246703653,-1.3997153018863173e-06,2.5392806981824165,,
1760,0.010999999999999999,307.46444242999894,307.46444380693475,-1.3769358133686183e-06,2.5297292296833667,,
1760,0.012,307.64592615885903,307.64592755209566,-1.3932366300650756e-06,2.5133145140978757,,
1760,0.013000000000000001,307.843614163947,307.84361564286854,-1.4789215470045747e-06,2.4864208803806829,,
1760,0.014,308.05772348718995,308.05772516116633,-1.6739763850637246e-06,2.4443676255857265,,
1760,0.014999999999999999,308.2885311098421,308.28853312645271,-2.0166106082797342e-06,2.3815035769220225,,
1760,0.016,308.53636838478292,308.5363708913693,-2.5065863837880897e-06,2.291460162755568,,
1760,0.017000000000000001,308.80159832980979,308.80160138645772,-3.0566479267690738e-06,2.1674935974024927,,
1760,0.018000000000000002,309.08457195999006,309.08457546436563,-3.504375570173579e-06,2.0027212676724031,,
1760,0.019,309.38556839203392,309.38557208988192,-3.6978480011384818e-06,1.7898058576207285,,
1760,0.02,309.70473498569788,309.70473854713032,-3.5614324360722094e-06,1.5188477777187739,,
1770,0,306.56617170037595,306.56617326913658,-1.5687606378378405e-06,2.5499937358546862,,
1770,0.001,306.57402321345342,306.57402477956873,-1.5661153156543151e-06,2.5499913854187533,,
1770,0.002,306.59757852410894,306.59758008735503,-1.5632460872438969e-06,2.5499821485187084,,
1770,0.0030000000000000001,306.63684012495793,306.63684168205134,-1.5570934124298219e-06,2.5499577505959605,,
1770,0.0040000000000000001,306.69181279563878,306.69181434142001,-1.545781231016008e-06,2.5498977470559629,,
1770,0.0050000000000000001,306.76250464766048,306.76250617500455,-1.5273440681085049e-06,2.5497561150818084,,
1770,0.0060000000000000001,306.84892879430407,306.84893029469424,-1.5003901694399246e-06,2.5494351152903434,,
1770,0.0070000000000000001,306.95110583370479,306.95110729869157,-1.4649867807747796e-06,2.5487383783667759,,
1770,0.0080000000000000002,307.06906735013956,307.06906877386501,-1.4237254504223529e-06,2.5472932865875926,,
1770,0.0090000000000000011,307.20286060755006,307.2028619905185,-1.3829684348820592e-06,2.5444334909073767,,
1770,0.01,307.35255449117182,307.3525558454898,-1.3543179875341593e-06,2.5390383342536453,,
1770,0.010999999999999999,307.5182464874369,307.51824784354073,-1.3561038372245093e-06,2.5293388971558484,,
1770,0.012,307.70007000673894,307.70007142049843,-1.4137594916974194e-06,2.5127194556289094,,
1770,0.013000000000000001,307.89820060844204,307.89820216479308,-1.5563510373794998e-06,2.4855627901192494,,
1770,0.014,308.11285877089665,308.11286057698953,-1.8060928823615541e-06,2.4431978243113526,,
1770,0.014999999999999999,308.34430609804571,308.34430825997629,-2.1619305812237144e-06,2.3799967842935259,,
1770,0.016,308.59283189660317,308.59283448047972,-2.583876550943387e-06,2.2896277628612443,,
1770,0.017000000000000001,308.85872859135452,308.85873158232778,-2.9909732575106318e-06,2.1653924610694175,,
1770,0.018000000000000002,309.14225773324671,309.14226101778735,-3.2845406394699239e-06,2.0004545317313842,,
1770,0.019,309.44361265535605,309.44361603639572,-3.3810396757871786e-06,1.7875134379727942,,
1770,0.02,309.76288722751116,309.76289047416725,-3.2466560924149235e-06,1.5166854079064662,,
1780,0,306.61920874457172,306.61921029565895,-1.5510872231061512e-06,2.5499932909437009,,
1780,0.001,306.62706239796267,306.62706394502305,-1.5470603784706327e-06,2.5499908030447567,,
1780,0.002,306.65062454401181,306.65062608419873,-1.5401869291054027e-06,2.5499810553056297,,
1780,0.0030000000000000001,306.68989897513916,306.68990050295099,-1.5278118326023105e-06,2.549955426118359,,
1780,0.0040000000000000001,306.74489282078423,306.74489432956369,-1.5087794622559159e-06,2.5498927099603845,,
1780,0.0050000000000000001,306.815617849418,306.81561933162459,-1.4822065850239596e-06,2.5497454067497882,,
1780,0.0060000000000000001,306.90209245481657,306.90209390301487,-1.4481983043879154e-06,2.5494131300673302,,
1780,0.0070000000000000001,307.00434445183572,307.00434586063585,-1.4088001307754894e-06,2.5486951274880116,,
1780,0.0080000000000000002,307.12241477556239,307.12241614471077,-1.3691483786715253e-06,2.5472121283986371,,
1780,0.0090000000000000011,307.25636207550127,307.25636341417089,-1.3386696195993864e-06,2.5442886560342237,,
1780,0.01,307.40626799176192,307.40626932364233,-1.331880412180908e-06,2.5387930031820503,,
1780,0.010999999999999999,307.57224256943402,307.5722439373377,-1.3679036783287302e-06,2.5289450176123669,,
1780,0.012,307.75442882103334,307.75443028856154,-1.4675281931886275e-06,2.5121206645280267,,
1780,0.013000000000000001,307.95300496607689,307.953006613078,-1.6470011132696527e-06,2.4847014422055387,,
1780,0.014,308.16818254092453,308.16818445032476,-1.9094002254860243e-06,2.4420260883108647,,
1780,0.014999999999999999,308.40019864582257,308.40020088250844,-2.2366858729583328e-06,2.3784902338751852,,
1780,0.016,308.64930134007341,308.64930392643754,-2.5863641326395737e-06,2.2877983944467295,,
1780,0.017000000000000001,308.91572870007525,308.91573159697742,-2.8969021741431789e-06,2.1632972774930974,,
1780,0.018000000000000002,309.19968407784808,309.19968718012757,-3.1022794928503572e-06,1.998196181568932,,
1780,0.019,309.50131201223837,309.50131516192516,-3.1496867904934334e-06,1.7852307597745158,,
1780,0.02,309.82068020919627,309.82068323356481,-3.0243685387176811e-06,1.514532653425404,,
1790,0,306.67226338243296,306.67226490327073,-1.5208377703856968e-06,2.5499928197786517,,
1790,0.001,306.68012022064318,306.6801217362846,-1.515641429250536e-06,2.5499901881368028,,
1790,0.002,306.70369243987773,306.70369394531764,-1.5054399113978434e-06,2.5499799076970948,,
1790,0.0030000000000000001,306.74298543280088,306.74298692088911,-1.4880882304169063e-06,2.5499530001378008,,
1790,0.0040000000000000001,306.79800913385446,306.79801059718244,-1.4633279761255835e-06,2.5498874812846815,,
1790,0.0050000000000000001,306.86877949514007,306.86878092674681,-1.431606733603985e-06,2.5497343470355545,,
1790,0.0060000000000000001,306.95532064216172,306.95532203699742,-1.394835692281049e-06,2.5493905299660327,,
1790,0.0070000000000000001,307.0576677442815,307.05766910157047,-1.3572889656643383e-06,2.5486508611720944,,
1790,0.0080000000000000002,307.1758705608101,307.17587188726714,-1.3264570384308172e-06,2.5471294009699825,,
1790,0.0090000000000000011,307.30999748283233,307.30999879633106,-1.3134987284502131e-06,2.544141570942192,,
1790,0.01,307.46013967645467,307.4601410092265,-1.3327718306754832e-06,2.5385447090349942,,
1790,0.010999999999999999,307.62641466055004,307.62641606043906,-1.3998890153743559e-06,2.5285476096594386,,
1790,0.012,307.80896837273326,307.80896990075217,-1.5280189131772204e-06,2.51151817570089,,
1790,0.013000000000000001,308.0079745861787,308.00797630898842,-1.7228097135557618e-06,2.483836884226756,,
1790,0.014,308.22363056446306,308.22363254174968,-1.9772866153289215e-06,2.4408524679066268,,
1790,0.014999999999999999,308.45614820422605,308.45615047292517,-2.2686991201226192e-06,2.376983964135742,,
1790,0.016,308.70574067007925,308.70574322932498,-2.5592457291168103e-06,2.2859720692878138,,
1790,0.017000000000000001,308.97260559383176,308.97260839563893,-2.8018071702717862e-06,2.1612080223987293,,
1790,0.018000000000000002,309.25690704982736,309.25690999959312,-2.9497657578758663e-06,1.9959461579692392,,
1790,0.019,309.55875936596232,309.55876233423959,-2.9682772719752393e-06,1.7829577423673315,,
1790,0.02,309.8782160212142,309.87821887406437,-2.8528501729851996e-06,1.5123894207529718,,
1800,0,306.72534334885347,306.72534482780486,-1.4789513897994766e-06,2.5499923211477871,,
1800,0.001,306.73320462079295,306.73320609370847,-1.4729155282111606e-06,2.5499895392867868,,
1800,0.002,306.7567907316452,306.75679219206523,-1.4604200373469212e-06,2.549978703659165,,
1800,0.0030000000000000001,306.7961088691622,306.79611030911531,-1.4399531096387364e-06,2.5499504694756365,,
1800,0.0040000000000000001,306.85117202663992,306.85117343896644,-1.4123265259513573e-06,2.5498820561149067,,
1800,0.0050000000000000001,306.92200053600601,306.92200191547209,-1.3794660844723694e-06,2.5497229287781451,,
1800,0.0060000000000000001,307.00862421461073,307.00862555965119,-1.3450404594550491e-06,2.5493673054834947,,
1800,0.0070000000000000001,307.11108506997545,307.11108638502651,-1.3150510653758829e-06,2.5486055684092133,,
1800,0.0080000000000000002,307.22944041451365,307.22944171264612,-1.2981324744032463e-06,2.5470450940824212,,
1800,0.0090000000000000011,307.36376610473866,307.36376740999049,-1.3052518283984682e-06,2.5439922301703506,,
1800,0.01,307.51415944784662,307.5141607963489,-1.3485022805070912e-06,2.5382934561858401,,
1800,0.010999999999999999,307.68074114343278,307.68074258227733,-1.4388445492841129e-06,2.5281466920711404,,
1800,0.012,307.86365550188276,307.86365708484226,-1.5829594985916629e-06,2.5109120239317568,,
1800,0.013000000000000001,308.0630681718676,308.0630699516845,-1.7798168983063078e-06,2.4829691632811866,,
1800,0.014,308.27916078419878,308.27916280217073,-2.0179719513180316e-06,2.4396770126341947,,
1800,0.014999999999999999,308.51212231603341,308.51212459074998,-2.2747165644432243e-06,2.3754780126962731,,
1800,0.016,308.76213757705557,308.76214009504184,-2.5179862745972059e-06,2.2841487985862092,,
1800,0.017000000000000001,309.02937391945289,309.02937663067758,-2.7112246812066587e-06,2.1591246715149213,,
1800,0.018000000000000002,309.31396790739973,309.31397072779663,-2.8203969009155117e-06,1.9937044024344246,,
1800,0.019,309.61601405003819,309.61601687155974,-2.8215215479576727e-06,1.7806943054065838,,
1800,0.02,309.93555764124187,309.93556035702767,-2.71578579713605e-06,1.5102556198306534,,
