time_s,radius_m,fvm_temperature_K,analytic_temperature_K,temperature_error_K,fvm_moisture_kg_per_kg,analytic_frozen_D_moisture_kg_per_kg,moisture_error_kg_per_kg
0,0,301.14999999999998,301.14999999999998,0,2.5499999999999998,2.5499999999999998,0
0,0.001,301.14999999999998,301.14999999999998,0,2.5499999999999998,2.5499999999999998,0
0,0.002,301.14999999999998,301.14999999999998,0,2.5499999999999998,2.5499999999999998,0
0,0.0030000000000000001,301.14999999999998,301.14999999999998,0,2.5499999999999998,2.5499999999999998,0
0,0.0040000000000000001,301.14999999999998,301.14999999999998,0,2.5499999999999998,2.5499999999999998,0
0,0.0050000000000000001,301.14999999999998,301.14999999999998,0,2.5499999999999998,2.5499999999999998,0
0,0.0060000000000000001,301.14999999999998,301.14999999999998,0,2.5499999999999998,2.5499999999999998,0
0,0.0070000000000000001,301.14999999999998,301.14999999999998,0,2.5499999999999998,2.5499999999999998,0
0,0.0080000000000000002,301.14999999999998,301.14999999999998,0,2.5499999999999998,2.5499999999999998,0
0,0.0090000000000000011,301.14999999999998,301.14999999999998,0,2.5499999999999998,2.5499999999999998,0
0,0.01,301.14999999999998,301.14999999999998,0,2.5499999999999998,2.5499999999999998,0
0,0.010999999999999999,301.14999999999998,301.14999999999998,0,2.5499999999999998,2.5499999999999998,0
0,0.012,301.14999999999998,301.14999999999998,0,2.5499999999999998,2.5499999999999998,0
0,0.013000000000000001,301.14999999999998,301.14999999999998,0,2.5499999999999998,2.5499999999999998,0
0,0.014,301.14999999999998,301.14999999999998,0,2.5499999999999998,2.5499999999999998,0
0,0.014999999999999999,301.14999999999998,301.14999999999998,0,2.5499999999999998,2.5499999999999998,0
0,0.016,301.14999999999998,301.14999999999998,0,2.5499999999999998,2.5499999999999998,0
0,0.017000000000000001,301.14999999999998,301.14999999999998,0,2.5499999999999998,2.5499999999999998,0
0,0.018000000000000002,301.14999999999998,301.14999999999998,0,2.5499999999999998,2.5499999999999998,0
0,0.019,301.14999999999998,301.14999999999998,0,2.5499999999999998,2.5499999999999998,0
0,0.02,301.14999999999998,301.14999999999998,0,2.5499999999999998,2.5499999999999998,0
10,0,301.14999999999998,301.15000000309425,-3.0942715056880843e-09,2.5499999999999998,2.5500000001822607,-1.8226087306061345e-10
10,0.001,301.14999999999998,301.15000000027317,-2.7318947104504332e-10,2.5499999999999998,2.5500000000160452,-1.6045387241092612e-11
10,0.002,301.14999999999998,301.15000000018699,-1.8701484805205837e-10,2.5499999999999998,2.5500000000110359,-1.1036060953983906e-11
10,0.0030000000000000001,301.14999999999998,301.15000000014811,-1.4813394955126569e-10,2.5499999999999998,2.5500000000087661,-8.766321002440236e-12
10,0.0040000000000000001,301.14999999999998,301.15000000012469,-1.2471446098061278e-10,2.5499999999999998,2.5500000000073526,-7.3527850474874867e-12
10,0.0050000000000000001,301.14999999999998,301.15000000010872,-1.0874146028072573e-10,2.5499999999999998,2.5500000000063872,-6.3873351052734506e-12
10,0.0060000000000000001,301.14999999999998,301.15000000009695,-9.6974872576538473e-11,2.5499999999999998,2.5500000000057104,-5.7105431494619552e-12
10,0.0070000000000000001,301.14999999999998,301.15000000008791,-8.7936768977669999e-11,2.5499999999999998,2.5500000000052054,-5.205613717862434e-12
10,0.0080000000000000002,301.14999999999998,301.15000000008081,-8.0831341620068997e-11,2.5499999999999998,2.5500000000047849,-4.7850612361344247e-12
10,0.0090000000000000011,301.1500000000002,301.15000000007529,-7.5090156315127388e-11,2.5499999999999998,2.5500000000044203,-4.4204639948475233e-12
10,0.01,301.15000000000828,301.15000000007825,-6.9974248617654666e-11,2.5499999999999998,2.550000000004137,-4.1371350789631833e-12
10,0.010999999999999999,301.15000000018557,301.15000000024787,-6.2300387071445584e-11,2.5499999999999998,2.5500000000039327,-3.9328540424321545e-12
10,0.012,301.1500000032367,301.15000000325523,-1.8530954548623413e-11,2.5499999999999998,2.5500000000037604,-3.7605474290103302e-12
10,0.013000000000000001,301.15000004382432,301.15000004351651,3.078071131312754e-10,2.5499999999999998,2.5500000000036085,-3.6086689192416088e-12
10,0.014,301.15000046270296,301.15000046054007,2.162892087653745e-09,2.5499999999999998,2.5500000000035001,-3.5003111520381935e-12
10,0.014999999999999999,301.15000383442145,301.15000382504581,9.3756398200639524e-09,2.5499999999999998,2.5500000000034713,-3.4714453533979395e-12
10,0.016,301.1500251523608,301.15002512630934,2.6051452550746035e-08,2.5499999999999998,2.5500000000035463,-3.5464964298626001e-12
10,0.017000000000000001,301.15013198145857,301.15013194778516,3.3673416055535199e-08,2.5499999999999998,2.550000000003815,-3.8151704018218879e-12
10,0.018000000000000002,301.15056115727992,301.1505612209707,-6.3690777096780948e-08,2.5499999999844176,2.5500000000007881,-1.6370460542702858e-11
10,0.019,301.15196313724175,301.15196360983873,-4.7259698021662189e-07,2.5499433191891345,2.5499482573937016,-4.9382045670398611e-06
10,0.02,301.15575190415495,301.15575333130334,-1.4271483905758942e-06,2.4502054189287574,2.4499179106278843,0.00028750830087309609
20,0,301.14999999999998,301.15000000309419,-3.0942146622692235e-09,2.5499999999999998,2.5500000001822674,-1.822675343987612e-10
20,0.001,301.14999999999998,301.15000000027311,-2.7313262762618251e-10,2.5499999999999998,2.5500000000160483,-1.6048495865561563e-11
20,0.002,301.14999999999998,301.15000000018699,-1.8701484805205837e-10,2.5499999999999998,2.5500000000110354,-1.1035616864774056e-11
20,0.0030000000000000001,301.14999999999998,301.15000000014805,-1.4807710613240488e-10,2.5499999999999998,2.5500000000087626,-8.7627682887614355e-12
20,0.0040000000000000001,301.15000000000032,301.15000000012503,-1.2471446098061278e-10,2.5499999999999998,2.5500000000073522,-7.3523409582776367e-12
20,0.0050000000000000001,301.15000000000418,301.1500000001127,-1.085140866052825e-10,2.5499999999999998,2.5500000000063885,-6.3886673729030008e-12
20,0.0060000000000000001,301.15000000004108,301.15000000013731,-9.6235908131347969e-11,2.5499999999999998,2.5500000000057117,-5.7118754170915054e-12
20,0.0070000000000000001,301.15000000036025,301.15000000044375,-8.3502982306526974e-11,2.5499999999999998,2.5500000000052037,-5.2038373610230337e-12
20,0.0080000000000000002,301.15000000279861,301.15000000285482,-5.6218141253339127e-11,2.5499999999999998,2.55000000000478,-4.780176254826074e-12
20,0.0090000000000000011,301.15000001923926,301.15000001919356,4.5702108764089644e-11,2.5499999999999998,2.5500000000044194,-4.4195758164278232e-12
20,0.01,301.15000011703205,301.15000011658753,4.4451553549151868e-10,2.5499999999999998,2.5500000000041396,-4.1397996142222837e-12
20,0.010999999999999999,301.15000063044369,301.15000062862117,1.8225136955152266e-09,2.5499999999999998,2.5500000000039336,-3.9337422208518547e-12
20,0.012,301.15000301211637,301.15000300629191,5.8244609135726932e-09,2.5499999999999998,2.5500000000037613,-3.7614356074300304e-12
20,0.013000000000000001,301.15001279132366,301.15001277605313,1.5270529729605187e-08,2.5499999999999998,2.5500000000036085,-3.6086689192416088e-12
20,0.014,301.15004841436297,301.15004838203964,3.2323328014172148e-08,2.5499999999999998,2.5500000000035037,-3.503863865716994e-12
20,0.014999999999999999,301.15016387347521,301.1501638219151,5.1560107294790214e-08,2.5499999999999998,2.5500000000034735,-3.4736657994471898e-12
20,0.016,301.15049802657813,301.15049798029639,4.6281741106213303e-08,2.5499999999999998,2.5500000000035463,-3.5464964298626001e-12
20,0.017000000000000001,301.1513652796823,301.15136532638166,-4.669936970458366e-08,2.5499999999989336,2.5500000000033998,-4.4662051834620797e-12
20,0.018000000000000002,301.15339404229752,301.153394371194,-3.2889647627598606e-07,2.5499996795981157,2.549999736863505,-5.7265389319383075e-08
20,0.019,301.15769693242095,301.1576978454741,-9.1305315663703368e-07,2.5484345119156959,2.5484475586679887,-1.3046752292744657e-05
20,0.02,301.16602701364428,301.16602889751448,-1.8838701976164884e-06,2.4101937972361358,2.4100017199761616,0.00019207725997416603
30,0,301.15000000000208,301.1500000030963,-3.0942146622692235e-09,2.5499999999999998,2.5500000001822776,-1.8227774845058775e-10
30,0.001,301.15000000000515,301.15000000027811,-2.7296209736960009e-10,2.5499999999999998,2.5500000000160554,-1.6055601292919164e-11
30,0.002,301.1500000000255,301.15000000021223,-1.8673063095775433e-10,2.5499999999999998,2.5500000000110363,-1.1036505043193756e-11
30,0.0030000000000000001,301.15000000014135,301.15000000028783,-1.4648549040430225e-10,2.5499999999999998,2.5500000000087604,-8.7605478427121852e-12
30,0.0040000000000000001,301.15000000076202,301.15000000088031,-1.1829115464934148e-10,2.5499999999999998,2.5500000000073495,-7.3496764230185363e-12
30,0.0050000000000000001,301.15000000389546,301.15000000397902,-8.3559825725387782e-11,2.5499999999999998,2.5500000000063889,-6.3891114621128509e-12
30,0.0060000000000000001,301.15000001864416,301.15000001865025,-6.0822458181064576e-12,2.5499999999999998,2.5500000000057121,-5.7123195063013554e-12
30,0.0070000000000000001,301.15000008305924,301.15000008284181,2.1742607714259066e-10,2.5499999999999998,2.5500000000052023,-5.2025050933934835e-12
30,0.0080000000000000002,301.15000034338038,301.15000034252211,8.5827878137934022e-10,2.5499999999999998,2.5500000000047769,-4.7770676303571236e-12
30,0.0090000000000000011,301.1500013155424,301.15000131299507,2.5473241294093896e-09,2.5499999999999998,2.5500000000044207,-4.4209080840573733e-12
30,0.01,301.15000466882043,301.15000466229583,6.5246013036812656e-09,2.5499999999999998,2.5500000000041401,-4.1402437034321338e-12
30,0.010999999999999999,301.15001535365315,301.15001533892462,1.4728527730767382e-08,2.5499999999999998,2.5500000000039305,-3.9306335963829042e-12
30,0.012,301.15004682464553,301.15004679549168,2.9153852665331215e-08,2.5499999999999998,2.5500000000037595,-3.7596592505906301e-12
30,0.013000000000000001,301.15013259874212,301.15013254919211,4.9550010317034321e-08,2.5499999999999998,2.5500000000036076,-3.6077807408219087e-12
30,0.014,301.15034923479908,301.15034916615571,6.8643373651866568e-08,2.5499999999999998,2.5500000000035046,-3.5047520441366942e-12
30,0.014999999999999999,301.15085718772099,301.15085712245462,6.5266362980764825e-08,2.5499999999999998,2.5500000000034726,-3.4727776210274897e-12
30,0.016,301.15196531155721,301.15196531343236,-1.8751507013803348e-09,2.5499999999999834,2.5500000000035388,-3.5553782140596013e-12
30,0.017000000000000001,301.15422031689366,301.15422051163841,-1.9474475720926421e-07,2.5499999980375305,2.5499999985501107,-5.1258020050681807e-10
30,0.018000000000000002,301.15851365508007,301.15851424100691,-5.8592684126779204e-07,2.5499858696992446,2.5499866717236657,-8.0202442109822414e-07
30,0.019,301.1661872003321,301.16618843787535,-1.2375432447697676e-06,2.5441991488430298,2.5442047852511549,-5.6364081251203402e-06
30,0.02,301.17911072213491,301.17911291198465,-2.18984973798797e-06,2.3801112855073665,2.3799610250045431,0.00015026050282340719
40,0,301.15000000064418,301.15000000373271,-3.0885303203831427e-09,2.5499999999999998,2.5500000001822802,-1.8228041298584685e-10
40,0.001,301.15000000112633,301.15000000139088,-2.645492713782005e-10,2.5499999999999998,2.5500000000160554,-1.6055601292919164e-11
40,0.002,301.15000000353155,301.15000000369793,-1.6638068700558506e-10,2.5499999999999998,2.5500000000110346,-1.1034728686354356e-11
40,0.0030000000000000001,301.15000001251377,301.15000001260489,-9.1120000433875248e-11,2.5499999999999998,2.5500000000087604,-8.7605478427121852e-12
40,0.0040000000000000001,301.15000004452486,301.15000004449132,3.3537617127876729e-11,2.5499999999999998,2.5500000000073517,-7.3518968690677866e-12
40,0.0050000000000000001,301.15000015389285,301.15000015357538,3.1747049433761276e-10,2.5499999999999998,2.5500000000063903,-6.390443729742401e-12
40,0.0060000000000000001,301.15000050996861,301.15000050897311,9.9549879450933076e-10,2.5499999999999998,2.5500000000057144,-5.7145399523506057e-12
40,0.0070000000000000001,301.15000161007254,301.15000160752771,2.544823018979514e-09,2.5499999999999998,2.5500000000051983,-5.198508290504833e-12
40,0.0080000000000000002,301.15000482735883,301.15000482152681,5.8320210882811807e-09,2.5499999999999998,2.550000000004776,-4.7761794519374234e-12
40,0.0090000000000000011,301.15001372193541,301.15001370973056,1.2204850463604089e-08,2.5499999999999998,2.5500000000044216,-4.4217962624770735e-12
40,0.01,301.15003695359263,301.15003693026898,2.332365056645358e-08,2.5499999999999998,2.5500000000041392,-4.1393555250124336e-12
40,0.010999999999999999,301.15009427595885,301.15009423558627,4.0372583498538006e-08,2.5499999999999998,2.5500000000039322,-3.9324099532223045e-12
40,0.012,301.15022793628873,301.15022787404541,6.2243316278909333e-08,2.5499999999999998,2.5500000000037586,-3.75877107217093e-12
40,0.013000000000000001,301.15052265358617,301.15052257110233,8.2483836649771547e-08,2.5499999999999998,2.5500000000036067,-3.6068925624022086e-12
40,0.014,301.151137760533,301.15113767512406,8.5408942140929867e-08,2.5499999999999998,2.5500000000035041,-3.5043079549268441e-12
40,0.014999999999999999,301.15235442877326,301.15235438606362,4.2709643821581267e-08,2.5499999999999998,2.5500000000034735,-3.4736657994471898e-12
40,0.016,301.15463853941304,301.15463862668338,-8.7270336734945886e-08,2.5499999999874245,2.5499999999951641,-7.7395867492668913e-12
40,0.017000000000000001,301.15871554934955,301.15871590474853,-3.5539898135539261e-07,2.5499998898651008,2.5499999031778953,-1.3312794422404295e-08
40,0.018000000000000002,301.1656483572919,301.16564916921965,-8.1192774814553559e-07,2.5498922808223625,2.5498948173257836,-2.5365034210800275e-06
40,0.019,301.17690439912923,301.17690589189465,-1.4927654206076113e-06,2.5378535218265825,2.5378486836104526,4.8382161299542759e-06
40,0.02,301.19439621689759,301.1943986369921,-2.4200945176744426e-06,2.3551490808648197,2.3550235563816142,0.00012552448320546361
50,0,301.1500000228761,301.15000002587465,-2.9985471883264836e-09,2.5499999999999998,2.5500000001822878,-1.822879625024143e-10
50,0.001,301.15000003369636,301.15000003384415,-1.4779288903810084e-10,2.5499999999999998,2.550000000016059,-1.6059154006597964e-11
50,0.002,301.15000007942524,301.15000007937596,4.9283244152320549e-11,2.5499999999999998,2.5500000000110328,-1.1032952329514956e-11
50,0.0030000000000000001,301.15000021465107,301.15000021429177,3.5930725061916746e-10,2.5499999999999998,2.5500000000087559,-8.7561069506136846e-12
50,0.0040000000000000001,301.15000059289889,301.15000059191163,9.872564987745136e-10,2.5499999999999998,2.5500000000073495,-7.3496764230185363e-12
50,0.0050000000000000001,301.15000161516906,301.15000161289066,2.2783979147789069e-09,2.5499999999999998,2.5500000000063943,-6.3944405326310516e-12
50,0.0060000000000000001,301.15000427934905,301.15000427452225,4.8268020691466518e-09,2.5499999999999998,2.5500000000057135,-5.7136517739309056e-12
50,0.0070000000000000001,301.15001095386464,301.15001094430352,9.5611198958067689e-09,2.5499999999999998,2.5500000000051992,-5.1993964689245331e-12
50,0.0080000000000000002,301.15002699380295,301.15002697606462,1.7738329916028306e-08,2.5499999999999998,2.5500000000047764,-4.7766235411472735e-12
50,0.0090000000000000011,301.15006392188468,301.1500638911898,3.069487775064772e-08,2.5499999999999998,2.5500000000044221,-4.4222403516869235e-12
50,0.01,301.15014531697898,301.15014526781863,4.9160348680743482e-08,2.5499999999999998,2.5500000000041423,-4.1424641494813841e-12
50,0.010999999999999999,301.1503170449036,301.1503169729732,7.1930401190911653e-08,2.5499999999999998,2.5500000000039313,-3.9315217748026043e-12
50,0.012,301.15066390076407,301.15066380690769,9.3856385774415685e-08,2.5499999999999998,2.5500000000037546,-3.7547742692822794e-12
50,0.013000000000000001,301.15133487831764,301.15133477491395,1.0340369271943928e-07,2.5499999999999998,2.5500000000036058,-3.6060043839825084e-12
50,0.014,301.15257883794914,301.15257875747358,8.04755586614192e-08,2.5499999999999998,2.5500000000035041,-3.5043079549268441e-12
50,0.014999999999999999,301.15479103690438,301.15479104131782,-4.4134367271908559e-09,2.5499999999999163,2.5500000000034251,-3.5087488470253447e-12
50,0.016,301.15856872791898,301.15856891637293,-1.8845395288735745e-07,2.5499999991852254,2.5499999993433842,-1.58158819374421e-10
50,0.017000000000000001,301.16477109170745,301.16477160335006,-5.1164261094527319e-07,2.5499986287779541,2.5499987163859896,-8.7608035492792169e-08
50,0.018000000000000002,301.17457583134768,301.17457684036322,-1.0090155342368234e-06,2.5496102936399319,2.5496147741072273,-4.4804672953979718e-06
50,0.019,301.18952280840472,301.18952451010642,-1.7017017057696648e-06,2.5301801458017641,2.5301664130853685,1.3732716395598032e-05
50,0.02,301.21153510028449,301.21153770354709,-2.6032626010419335e-06,2.3334507963877029,2.3333420396858524,0.00010875670185050978
60,0,301.15000026938867,301.15000027184357,-2.4548967303417157e-09,2.5499999999999998,2.5500000001822931,-1.822932915729325e-10
60,0.001,301.15000035847061,301.15000035797027,5.0033577281283215e-10,2.5499999999999998,2.5500000000160639,-1.6064038987906315e-11
60,0.002,301.15000070047034,301.1500006994201,1.0502390068722889e-09,2.5499999999999998,2.5500000000110314,-1.1031620061885405e-11
60,0.0030000000000000001,301.15000157510144,301.15000157301716,2.0842776393692475e-09,2.5499999999999998,2.5500000000087555,-8.7556628614038345e-12
60,0.0040000000000000001,301.15000366477545,301.15000366075662,4.0188297134591267e-09,2.5499999999999998,2.5500000000073499,-7.3501205122283864e-12
60,0.0050000000000000001,301.15000849934859,301.15000849186305,7.4855392995232251e-09,2.5499999999999998,2.550000000006396,-6.3962168894704519e-12
60,0.0060000000000000001,301.15001935749893,301.15001934411549,1.3383441910264082e-08,2.5499999999999998,2.5500000000057144,-5.7145399523506057e-12
60,0.0070000000000000001,301.15004299029738,301.15004296747077,2.2826611711934675e-08,2.5499999999999998,2.5500000000051979,-5.1980642012949829e-12
60,0.0080000000000000002,301.15009275228738,301.15009271538349,3.6903884392813779e-08,2.5499999999999998,2.5500000000047747,-4.7748471843078732e-12
60,0.0090000000000000011,301.15019400491144,301.15019394878345,5.6127987591025885e-08,2.5499999999999998,2.5500000000044225,-4.4226844408967736e-12
60,0.01,301.15039296145642,301.15039288197983,7.947659241835936e-08,2.5499999999999998,2.5500000000041436,-4.1437964171109343e-12
60,0.010999999999999999,301.1507703924251,301.15077028941442,1.0301067732143565e-07,2.5499999999999998,2.55000000000393,-3.9301895071730542e-12
60,0.012,301.15146167783087,301.15146155960468,1.1822618262158358e-07,2.5499999999999998,2.5500000000037546,-3.7547742692822794e-12
60,0.013000000000000001,301.15268441960302,301.15268430908213,1.1052088666474447e-07,2.5499999999999998,2.5500000000036085,-3.6086689192416088e-12
60,0.014,301.15477406866364,301.15477401029068,5.8372961575514637e-08,2.5499999999999994,2.550000000003509,-3.5096370254450449e-12
60,0.014999999999999999,301.15822671750175,301.1582267835891,-6.6087352479371475e-08,2.5499999999940837,2.5499999999990988,-5.0150994468367571e-12
60,0.016,301.16374645958729,301.16374675418149,-2.9459420147759374e-07,2.5499999856604463,2.5499999873164954,-1.6560490756489799e-09
60,0.017000000000000001,301.17229282309216,301.1722934813655,-6.5827333628476481e-07,2.5499922107866375,2.5499925007691409,-2.8998250334311138e-07
60,0.018000000000000002,301.18512222486623,301.18512340663847,-1.1817722338491876e-06,2.5490438576883858,2.5490498042127876,-5.9465244017786745e-06
60,0.019,301.20381670044753,301.20381857722549,-1.8767779579320631e-06,2.5217194276261718,2.5216989888112256,2.043881494628863e-05
60,0.02,301.2302944789688,301.2302965163355,-2.0373666984596639e-06,2.3140661348192242,2.3139696787702735,9.6456048950699369e-05
70,0,301.15000166416564,301.15000166553079,-1.3651515473611653e-09,2.5499999999999998,2.5500000002384042,-2.3840440732669776e-10
70,0.001,301.15000207471786,301.15000207216184,2.5560211724950932e-09,2.5499999999999998,2.5500000000210217,-2.1021850926672414e-11
70,0.002,301.15000355844444,301.15000355455226,3.8921825762372464e-09,2.5499999999999998,2.550000000014423,-1.4423129357510334e-11
70,0.0030000000000000001,301.15000700445046,301.15000699809536,6.3550942286383361e-09,2.5499999999999998,2.5500000000114382,-1.1438405778108063e-11
70,0.0040000000000000001,301.15001438769008,301.15001437713499,1.0555083918006858e-08,2.5499999999999998,2.5500000000096117,-9.6118668579947553e-12
70,0.0050000000000000001,301.15002969275861,301.15002967545365,1.7304955690633506e-08,2.5499999999999998,2.5500000000083678,-8.3679729812047299e-12
70,0.0060000000000000001,301.15006060467806,301.15006057710923,2.7568830773816444e-08,2.5499999999999998,2.5500000000074747,-7.474909580196254e-12
70,0.0070000000000000001,301.15012142458835,301.15012138233493,4.2253418541804422e-08,2.5499999999999998,2.5500000000067908,-6.7910121970271575e-12
70,0.0080000000000000002,301.15023786356528,301.15023780178291,6.1782372995367041e-08,2.5499999999999998,2.5500000000062442,-6.2443383797017304e-12
70,0.0090000000000000011,301.15045456955352,301.15045448415759,8.5395924998010742e-08,2.5499999999999998,2.5500000000057885,-5.7887028503955662e-12
70,0.01,301.15084640240786,301.15084629224054,1.1016732059943024e-07,2.5499999999999998,2.5500000000054244,-5.4245496983185149e-12
70,0.010999999999999999,301.15153451622785,301.15153438638629,1.2984156683160109e-07,2.5499999999999998,2.5500000000051406,-5.1407766932243248e-12
70,0.012,301.15270814623403,301.15270801246947,1.3376455854086089e-07,2.5499999999999998,2.550000000004907,-4.9071857688431919e-12
70,0.013000000000000001,301.15465254910305,301.15465244289027,1.0621278079270269e-07,2.5499999999999998,2.5500000000047156,-4.7157833193978149e-12
70,0.014,301.15778280374371,301.15778277812876,2.561495193731389e-08,2.5499999999999567,2.5500000000045597,-4.602984660095899e-12
70,0.014999999999999999,301.16268239344868,301.16268252896975,-1.3552107702707872e-07,2.5499999998659333,2.5499999998936258,-2.7692514947830205e-11
70,0.016,301.17014558014796,301.17014597912214,-3.989741799159674e-07,2.5499998832048982,2.5499998918911695,-8.6862712578295032e-09
70,0.017000000000000001,301.18122525799691,301.1812260392411,-7.8124418223524117e-07,2.5499721052365412,2.5499727558761869,-6.5063964571621113e-07
70,0.018000000000000002,301.19729357293306,301.19729490786989,-1.3349368259696348e-06,2.5481351992793795,2.5481419020177958,-6.7027384162976489e-06
70,0.019,301.22012373571062,301.22012588096476,-2.1452541432154248e-06,2.5128134718053938,2.5127881804944097,2.5291310984165705e-05
70,0.02,301.25198326422407,301.25198653545306,-3.271228990797681e-06,2.2964318587576291,2.2963449128824451,8.6945875183985777e-05
80,0,301.15000681024731,301.15000680710369,3.1436115932592656e-09,2.5499999999999998,2.5500000002384104,-2.3841062457563567e-10
80,0.001,301.15000812175845,301.15000811431173,7.4467152444412932e-09,2.5499999999999998,2.550000000021023,-2.1023183194301964e-11
80,0.002,301.15001267357604,301.15001266361867,9.9573753686854616e-09,2.5499999999999998,2.5500000000144212,-1.4421353000670933e-11
80,0.0030000000000000001,301.15002255964259,301.1500225451793,1.4463296338362852e-08,2.5499999999999998,2.550000000011436,-1.1436185332058812e-11
80,0.0040000000000000001,301.15004213977323,301.15004211812544,2.1647792891599238e-08,2.5499999999999998,2.5500000000096139,-9.6140873040440056e-12
80,0.0050000000000000001,301.15007956932868,301.15007953701581,3.2312868825101759e-08,2.5499999999999998,2.5500000000083709,-8.3710816056736803e-12
80,0.0060000000000000001,301.15014940381144,301.15014935659104,4.7220396481861826e-08,2.5499999999999998,2.5500000000074747,-7.474909580196254e-12
80,0.0070000000000000001,301.15027676366634,301.15027669690318,6.6763163886207622e-08,2.5499999999999998,2.5500000000067908,-6.7910121970271575e-12
80,0.0080000000000000002,301.15050369201703,301.15050360156351,9.0453511347732274e-08,2.5499999999999998,2.5500000000062428,-6.2430061120721803e-12
80,0.0090000000000000011,301.15089845434397,301.15089833814341,1.1620056739047868e-07,2.5499999999999998,2.5500000000057859,-5.7860383151364658e-12
80,0.01,301.15156857397096,301.15156843460511,1.3936585219198605e-07,2.5499999999999998,2.5500000000054226,-5.4227733414791146e-12
80,0.010999999999999999,301.15267833064019,301.15267817891134,1.5172884104686091e-07,2.5499999999999998,2.5500000000051397,-5.1398885148046247e-12
80,0.012,301.15447126233244,301.15447112121166,1.4112077906247578e-07,2.5499999999999998,2.5500000000049052,-4.9054094120037917e-12
80,0.013000000000000001,301.15729797132161,301.15729787877154,9.2550067165575456e-08,2.5499999999999994,2.5500000000047169,-4.7175596762372152e-12
80,0.014,301.16164941997192,301.16164943115569,-1.1183772130607395e-08,2.549999999998827,2.5500000000036889,-4.8618886694384855e-12
80,0.014999999999999999,301.16819610806175,301.16819630090583,-1.9284408381281537e-07,2.5499999985421553,2.5499999987212107,-1.790554371439157e-10
80,0.016,301.17783393592043,301.17783442225965,-4.8633921778673539e-07,2.5499994189599495,2.5499994482324908,-2.9272541279823372e-08
80,0.017000000000000001,301.1917373012987,301.19173822953297,-9.2823427166877082e-07,2.5499256112630091,2.5499267595342769,-1.148271267847889e-06
80,0.018000000000000002,301.21141743595643,301.2114189886808,-1.5527243704127613e-06,2.5468625615413663,2.5468693566395086,-6.7950981423869905e-06
80,0.019,301.23877835221685,301.23878074704839,-2.3948315401867148e-06,2.5036774608491292,2.5036487276700043,2.87331791248846e-05
80,0.02,301.2761558875074,301.27615936369506,-3.4761876577249495e-06,2.2801809542889755,2.2801016285151592,7.9325773816307787e-05
90,0,301.15002106113627,301.15002104957858,1.155768813987379e-08,2.5499999999999998,2.5500000002384122,-2.3841240093247507e-10
90,0.001,301.15002433482186,301.15002431846716,1.6354704257537378e-08,2.5499999999999998,2.5500000000210257,-2.1025847729561065e-11
90,0.002,301.15003537842199,301.15003535807313,2.0348863927210914e-08,2.5499999999999998,2.5500000000144194,-1.4419576643831533e-11
90,0.0030000000000000001,301.15005822840624,301.15005820108985,2.7316389150655596e-08,2.5499999999999998,2.5500000000114316,-1.1431744439960312e-11
90,0.0040000000000000001,301.15010090915189,301.15010087128388,3.7868005620111944e-08,2.5499999999999998,2.5500000000096166,-9.616751839303106e-12
90,0.0050000000000000001,301.15017761464668,301.15017756204821,5.2598466027120594e-08,2.5499999999999998,2.5500000000083727,-8.3728579625130806e-12
90,0.0060000000000000001,301.15031223398819,301.15031216215061,7.1837575887911953e-08,2.5499999999999998,2.5500000000074765,-7.4766859370356542e-12
90,0.0070000000000000001,301.15054368173003,301.15054358648638,9.5243649411713704e-08,2.5499999999999998,2.5500000000067935,-6.7936767322862579e-12
90,0.0080000000000000002,301.1509335970938,301.15093347582592,1.2126787396482541e-07,2.5499999999999998,2.5500000000062424,-6.2425620228623302e-12
90,0.0090000000000000011,301.15157703944976,301.15157689288367,1.4656609437224688e-07,2.5499999999999998,2.5500000000057881,-5.7882587611857161e-12
90,0.01,301.15261681715799,301.15261665171215,1.6544584013900021e-07,2.5499999999999998,2.5500000000054222,-5.4223292522692645e-12
90,0.010999999999999999,301.15426204329765,301.1542618738975,1.6940015257205232e-07,2.5499999999999998,2.5500000000051384,-5.1385562471750745e-12
90,0.012,301.15681143573357,301.15681128902526,1.4670831660623662e-07,2.5499999999999998,2.550000000004907,-4.9071857688431919e-12
90,0.013000000000000001,301.1606817948213,301.16068171310457,8.1716734712244943e-08,2.5499999999999901,2.5500000000047081,-4.7180037654470652e-12
90,0.014,301.16644197634918,301.1664420227512,-4.6402021780522773e-08,2.5499999999838958,2.5499999999912295,-7.333689211463934e-12
90,0.014999999999999999,301.17485238153836,301.17485264601675,-2.6447838763488107e-07,2.5499999903997104,2.5499999912267732,-8.2706286264055962e-10
90,0.016,301.18690921003122,301.18690981198387,-6.0195264950380079e-07,2.5499979314209789,2.5499980049029856,-7.3482006701652836e-08
90,0.017000000000000001,301.20389113038999,301.20389221594797,-1.0855579830604256e-06,2.5498376312846252,2.5498393621029045,-1.7308182793662752e-06
90,0.018000000000000002,301.22740359692381,301.22740533944415,-1.7425203395760036e-06,2.5452294265344824,2.5452357942981476,-6.3677636652492708e-06
90,0.019,301.25941345370006,301.25941604249385,-2.5887937908919412e-06,2.4944481965938334,2.4944170643130681,3.1132280765344689e-05
90,0.02,301.30226490629968,301.30226854794307,-3.6416433886188315e-06,2.2650586438666513,2.2649855930669931,7.3050799658247456e-05
100,0,301.15005333271921,301.15005330770055,2.5018664473464014e-08,2.5499999999999998,2.5500000002384189,-2.3841906227062282e-10
100,0.001,301.15006019767577,301.15006016731672,3.0359046832018066e-08,2.5499999999999998,2.5500000000210292,-2.1029400443239865e-11
100,0.002,301.15008288150261,301.15008284555023,3.5952382404502714e-08,2.5499999999999998,2.5500000000144203,-1.4420464822251233e-11
100,0.0030000000000000001,301.15012814892566,301.15012810345252,4.5473143472918309e-08,2.5499999999999998,2.5500000000114333,-1.1433520796799712e-11
100,0.0040000000000000001,301.15020899912719,301.15020893980852,5.93186655351019e-08,2.5499999999999998,2.5500000000096148,-9.6149754824637057e-12
100,0.0050000000000000001,301.15034747831299,301.15034740059986,7.7713139035040513e-08,2.5499999999999998,2.5500000000083736,-8.3737461409327807e-12
100,0.0060000000000000001,301.15057905884072,301.1505789584117,1.0042901976703433e-07,2.5499999999999998,2.5500000000074761,-7.4762418478258041e-12
100,0.0070000000000000001,301.15095900165124,301.1509588752466,1.2640464319702005e-07,2.5499999999999998,2.5500000000067931,-6.7932326430764078e-12
100,0.0080000000000000002,301.15157119848186,301.15157104518073,1.5330113001255086e-07,2.5499999999999998,2.5500000000062428,-6.2430061120721803e-12
100,0.0090000000000000011,301.15254003762954,301.15253986061958,1.7700995158520527e-07,2.5499999999999998,2.550000000005789,-5.7891469396054163e-12
100,0.01,301.15404584598809,301.15404565490775,1.9108034621240222e-07,2.5499999999999998,2.5500000000054261,-5.4263260551579151e-12
100,0.010999999999999999,301.15634442504734,301.15634423898933,1.8605800278237439e-07,2.5499999999999998,2.550000000005137,-5.1372239795455243e-12
100,0.012,301.1597911046353,301.15979095577131,1.4886398957969504e-07,2.5499999999999998,2.5500000000049052,-4.9054094120037917e-12
100,0.013000000000000001,301.16486954505581,301.16486948263167,6.2424135194305563e-08,2.5499999999998364,2.5500000000045921,-4.7557513482843206e-12
100,0.014,301.17222514738393,301.17222524176759,-9.438366532776854e-08,2.5499999998653475,2.5499999998870955,-2.1747936784777266e-11
100,0.014999999999999999,301.1827022779741,301.1827026239938,-3.4601970355652156e-07,2.5499999557325945,2.5499999585345821,-2.8019875308871178e-09
100,0.016,301.19738349825542,301.19738421556303,-7.1730761419530609e-07,2.5499941933717314,2.5499943437001042,-1.5032837286099721e-07
100,0.017000000000000001,301.21762765263492,301.2176288845979,-1.231962983183621e-06,2.5496926931731205,2.5496950325378864,-2.3393647659020189e-06
100,0.018000000000000002,301.24510228660495,301.24510419533527,-1.9087303257947497e-06,2.543254384675977,2.543259960710877,-5.5760349000344434e-06
100,0.019,301.28180490668723,301.28180766200666,-2.7553194286156213e-06,2.4852136827441593,2.4851809145678332,3.2768176326136711e-05
100,0.02,301.33006763713701,301.3300714204031,-3.7832660950698482e-06,2.2508796421407542,2.2508118711361416,6.7771004612637853e-05
110,0,301.15011646740777,301.15011642320076,4.4207013161212672e-08,2.5499999999999998,2.5500000002384198,-2.3841995044904252e-10
110,0.001,301.15012913861926,301.1501290885476,5.0071662371919956e-08,2.5499999999999998,2.5500000000210297,-2.1029844532449715e-11
110,0.002,301.15017036293835,301.15017030575586,5.7182489854312735e-08,2.5499999999999998,2.5500000000144198,-1.4420020733041383e-11
110,0.0030000000000000001,301.15025039149782,301.15025032244711,6.9050713591423118e-08,2.5499999999999998,2.5500000000114316,-1.1431744439960312e-11
110,0.0040000000000000001,301.15038843274476,301.15038834695599,8.5788769865757786e-08,2.5499999999999998,2.5500000000096157,-9.6158636608834058e-12
110,0.0050000000000000001,301.15061604298216,301.15061593577349,1.0720867749114404e-07,2.5499999999999998,2.5500000000083718,-8.3719697840933804e-12
110,0.0060000000000000001,301.1509822727175,301.15098214016916,1.3254833675091504e-07,2.5499999999999998,2.5500000000074774,-7.4775741154553543e-12
110,0.0070000000000000001,301.15156094038429,301.15156078028303,1.6010125136745046e-07,2.5499999999999998,2.5500000000067886,-6.7887917509779072e-12
110,0.0080000000000000002,301.15246046991791,301.15246028314709,1.8677081925488892e-07,2.5499999999999998,2.5500000000062411,-6.24122975523278e-12
110,0.0090000000000000011,301.15383676014949,301.15383655259632,2.0755317109433236e-07,2.5499999999999998,2.5500000000057881,-5.7882587611857161e-12
110,0.01,301.15590953978443,301.15590932481757,2.1496686031241552e-07,2.5499999999999998,2.5500000000054235,-5.4236615198988147e-12
110,0.010999999999999999,301.15898258260739,301.15898238409278,1.98514612748113e-07,2.5499999999999998,2.5500000000051375,-5.1376680687553744e-12
110,0.012,301.16346798316812,301.16346783882699,1.4434112927119713e-07,2.5499999999999985,2.550000000004903,-4.9045212335840915e-12
110,0.013000000000000001,301.16991438193304,301.16991434670791,3.5225127703597536e-08,2.5499999999983221,2.5500000000033332,-5.0111026439481066e-12
110,0.014,301.17903853771429,301.17903868681759,-1.4910330037309905e-07,2.5499999992194975,2.5499999993000304,-8.0532913671049755e-11
110,0.014999999999999999,301.19175895465332,301.19175938527036,-4.3061703536295681e-07,2.5499998430169493,2.5499998505274113,-7.5104620300692204e-09
110,0.016,301.20922941639139,301.20923024730865,-8.3091725855410914e-07,2.5499863178862809,2.5499865831716746,-2.6528539365244796e-07
110,0.017000000000000001,301.23286939234401,301.23287076140741,-1.3690633977603284e-06,2.5494765123972516,2.5494794359314299,-2.9235341783007129e-06
110,0.018000000000000002,301.26438758735344,301.26438964490495,-2.0575515122800425e-06,2.5409638567821453,2.5409684079228678,-4.5511407225085065e-06
110,0.019,301.30579467534238,301.30579757458588,-2.8992434977226367e-06,2.4760309592671539,2.475997115697663,3.3843569490876746e-05
110,0.02,301.35940174348184,301.3594056458046,-3.9023227600409882e-06,2.2375041980081325,2.237440945352934,6.325265519846468e-05
120,0,301.15022718914264,301.15022711978759,6.9355053256003885e-08,2.5499999999999998,2.5500000002384242,-2.3842439134114102e-10
120,0.001,301.15024843742839,301.15024836174638,7.5682009992306121e-08,2.5499999999999998,2.5500000000210323,-2.1032509067708816e-11
120,0.002,301.15031675009527,301.15031666597827,8.4117004917061422e-08,2.5499999999999998,2.5500000000144198,-1.4420020733041383e-11
120,0.0030000000000000001,301.15044655944507,301.15044646145469,9.7990380254486809e-08,2.5499999999999998,2.5500000000114298,-1.1429968083120912e-11
120,0.0040000000000000001,301.15066440219726,301.1506642850868,1.1711045999618364e-07,2.5499999999999998,2.5500000000096148,-9.6149754824637057e-12
120,0.0050000000000000001,301.15101282719064,301.15101268633111,1.408595267093915e-07,2.5499999999999998,2.5500000000083749,-8.3750784085623309e-12
120,0.0060000000000000001,301.15155621999679,301.151556052079,1.6791778989500017e-07,2.5499999999999998,2.5500000000074756,-7.4757977586159541e-12
120,0.0070000000000000001,301.15238886725973,301.1523886713702,1.9588952682170202e-07,2.5499999999999998,2.5500000000067899,-6.7901240186074574e-12
120,0.0080000000000000002,301.15364562879779,301.15364540793593,2.2086186390879448e-07,2.5499999999999998,2.5500000000062419,-6.2421179336524801e-12
120,0.0090000000000000011,301.1555155898667,301.15551535294077,2.3692592776569654e-07,2.5499999999999998,2.5500000000057907,-5.7909232964448165e-12
120,0.01,301.15825901289725,301.15825877718754,2.3570970597575069e-07,2.5499999999999998,2.5500000000054244,-5.4245496983185149e-12
120,0.010999999999999999,301.16222777617031,301.16222757015197,2.0601834194167168e-07,2.5499999999999998,2.5500000000051362,-5.1363358011258242e-12
120,0.012,301.16788925195709,301.16788911824477,1.3371231943892781e-07,2.5499999999999807,2.5500000000048884,-4.907629858053042e-12
120,0.013000000000000001,301.1758532176666,301.17585321575058,1.9160211195412558e-09,2.5499999999881058,2.5499999999944492,-6.3433702734982944e-12
120,0.014,301.1869009049542,301.18690111323343,-2.0827923208344146e-07,2.5499999965741846,2.5499999968384524,-2.6426771881915556e-10
120,0.014999999999999999,301.20201469858779,301.20201521503481,-5.1644701670738868e-07,2.5499995437857597,2.5499995606573895,-1.6871629870962579e-08
120,0.016,301.22240636922515,301.22240731016569,-9.4094053793014609e-07,2.5499717696525872,2.5499721890332947,-4.1938070749480971e-07
120,0.017000000000000001,301.24954118226412,301.24954267869572,-1.496431593750458e-06,2.5491769208471573,2.5491803678944693,-3.4470473120329359e-06
120,0.018000000000000002,301.28515492068669,301.28515711189266,-2.19120596511857e-06,2.5383874273246252,2.5383908208991057,-3.3935744805368984e-06
120,0.019,301.33126094381345,301.33126396924672,-3.0254332727963629e-06,2.4669370261874968,2.4669025210089606,3.4505178536203829e-05
120,0.02,301.39014471567987,301.39014898260632,-4.2669264530559303e-06,2.2248238250311632,2.2247644928994288,5.9332131734368687e-05
130,0,301.15040582436978,301.15040572282129,1.0154849405807909e-07,2.5499999999999998,2.5500000002197245,-2.1972468289277458e-10
130,0.001,301.15043892602398,301.15043881868627,1.0733771205195808e-07,2.5499999999999998,2.5500000000193825,-1.9382717653115833e-11
130,0.002,301.1505443669385,301.15054425011772,1.1682078593366896e-07,2.5499999999999998,2.5500000000132861,-1.3286260980294173e-11
130,0.0030000000000000001,301.15074138092808,301.15074124866891,1.3225917427917011e-07,2.5499999999999998,2.5500000000105354,-1.0535572414482886e-11
130,0.0040000000000000001,301.15106482378877,301.15106467066482,1.5312394907596172e-07,2.5499999999999998,2.5500000000088594,-8.8595797365087492e-12
130,0.0050000000000000001,301.15156953071232,301.15156935237769,1.7833463061833754e-07,2.5499999999999998,2.5500000000077172,-7.7173822887743881e-12
130,0.0060000000000000001,301.15233671818226,301.15233651220217,2.0598008632077836e-07,2.5499999999999998,2.5500000000068885,-6.8887118231941713e-12
130,0.0070000000000000001,301.15348269565067,301.15348246269235,2.32958313972631e-07,2.5499999999999998,2.5500000000062588,-6.2589933236267825e-12
130,0.0080000000000000002,301.15517017298379,301.15516991841008,2.5457370611547958e-07,2.5499999999999998,2.5500000000057499,-5.7500670891386108e-12
130,0.0090000000000000011,301.15762242337541,301.1576221592436,2.6413181331008673e-07,2.5499999999999998,2.550000000005332,-5.3321791426697018e-12
130,0.01,301.16114047254808,301.16114021995526,2.5259282665501814e-07,2.5499999999999998,2.5500000000050003,-5.0004445029117051e-12
130,0.010999999999999999,301.1661233175829,301.16612310923728,2.0834562519667088e-07,2.5499999999999998,2.5500000000047329,-4.7331027985819674e-12
130,0.012,301.17309091965728,301.17309080256246,1.1709482805599691e-07,2.5499999999998373,2.5500000000043861,-4.5488057764941914e-12
130,0.013000000000000001,301.18270935591516,301.18270939408347,-3.8168309401953593e-08,2.5499999999366825,2.549999999947933,-1.1250556042341486e-11
130,0.014,301.19581702506304,301.19581730067034,-2.7560730586628779e-07,2.5499999878851014,2.5499999886176701,-7.3256867239024359e-10
130,0.014999999999999999,301.21344994920986,301.21345055671475,-6.0750488728444907e-07,2.5499988640592308,2.5499988971544711,-3.3095240326019848e-08
130,0.016,301.23686206801642,301.23686311009351,-1.0420770877317409e-06,2.54994746379794,2.5499480734102424,-6.0961230241574071e-07
130,0.017000000000000001,301.26753118514341,301.26753279371957,-1.6085761558315426e-06,2.5487842586820513,2.5487881462473405,-3.8875652892400581e-06
130,0.018000000000000002,301.30713315626951,301.30713545826234,-2.3019928221401642e-06,2.5355550585464131,2.535557234706499,-2.1761600859093733e-06
130,0.019,301.35746551003564,301.35746850959805,-2.9995624117873376e-06,2.4579556720357401,2.4579208125192711,3.4859516468976892e-05
130,0.02,301.42032589228819,301.42032951942872,-3.6271405292609415e-06,2.2127521391169767,2.212696246093524,5.5893023452657786e-05
140,0,301.15067593648286,301.15067579812961,1.3835324352839962e-07,2.5499999999999998,2.5500000002197267,-2.1972690333882383e-10
140,0.001,301.15072461562318,301.1507244711957,1.444274744244467e-07,2.5499999999999998,2.5500000000193808,-1.9380941296276433e-11
140,0.002,301.15087854088324,301.15087838618973,1.5469350955754635e-07,2.5499999999999998,2.5500000000132861,-1.3286260980294173e-11
140,0.0030000000000000001,301.15116228430736,301.15116211310004,1.7120731854447513e-07,2.5499999999999998,2.5500000000105327,-1.0532907879223785e-11
140,0.0040000000000000001,301.1516198657701,301.15161967267147,1.9309862864247407e-07,2.5499999999999998,2.5500000000088585,-8.8586915580890491e-12
140,0.0050000000000000001,301.15231948173624,301.15231926292034,2.1881589873373741e-07,2.5499999999999998,2.5500000000077154,-7.7156059319349879e-12
140,0.0060000000000000001,301.15336036642657,301.15336012056719,2.4585938263044227e-07,2.5499999999999998,2.5500000000068876,-6.8878236447744712e-12
140,0.0070000000000000001,301.15488198517505,301.15488171473629,2.7043876116294996e-07,2.5499999999999998,2.5500000000062601,-6.2603255912563327e-12
140,0.0080000000000000002,301.15707575563022,301.15707546854304,2.8708717536574113e-07,2.5499999999999998,2.5500000000057508,-5.7509552675583109e-12
140,0.0090000000000000011,301.1601994383995,301.16019915011123,2.8828827680627001e-07,2.5499999999999998,2.5500000000053333,-5.333511410299252e-12
140,0.01,301.16459421820019,301.16459395386516,2.6433502853251412e-07,2.5499999999999998,2.5500000000049994,-4.9995563244920049e-12
140,0.010999999999999999,301.17070428232404,301.17070407848382,2.0384021581776324e-07,2.549999999999998,2.5500000000047311,-4.7331027985819674e-12
140,0.012,301.17909833654716,301.17909824190627,9.4640881798113696e-08,2.5499999999989722,2.5500000000036454,-4.6731507552522089e-12
140,0.013000000000000001,301.19049185683923,301.19049193408807,-7.7248841989785433e-08,2.5499999997315159,2.5499999997595797,-2.8063773527264857e-11
140,0.014,301.20576777013514,301.20576810151971,-3.3138456956294249e-07,2.5499999639005102,2.5499999656525909,-1.7520807027437968e-09
140,0.014999999999999999,301.22599156889129,301.22599226083724,-6.9194595653243596e-07,2.5499974976485436,2.5499975560140915,-5.83655479502454e-08
140,0.016,301.25241495012563,301.25241612247663,-1.1723510056071973e-06,2.5499099169928847,2.5499107469912508,-8.2999836603647736e-07
140,0.017000000000000001,301.28646132357824,301.28646306865426,-1.7450760196879855e-06,2.548291398325381,2.5482956328752993,-4.2345499182694368e-06
140,0.018000000000000002,301.32968920993602,301.32969155025495,-2.3403189288728754e-06,2.5324955339983037,2.5324964833401147,-9.4934181094075143e-07
140,0.019,301.38373711555226,301.38374003108885,-2.9155365837141289e-06,2.4491018366169026,2.4490668514477547,3.4985169147905282e-05
140,0.02,301.45026377068041,301.45026727990972,-3.5092293160232657e-06,2.2012193231184751,2.2011664797848689,5.2843333606222842e-05
150,0,301.15106391420551,301.15106373367053,1.8053498251902056e-07,2.5499999999999998,2.5500000002197325,-2.1973267649855188e-10
150,0.001,301.15113227724913,301.15113209046871,1.867804257926764e-07,2.5499999999999998,2.5500000000193856,-1.9385826277584783e-11
150,0.002,301.15134715838968,301.15134696090468,1.9748500790228718e-07,2.5499999999999998,2.5500000000132861,-1.3286260980294173e-11
150,0.0030000000000000001,301.1517389080239,301.15173869353305,2.1449085352287511e-07,2.5499999999999998,2.5500000000105318,-1.0532019700804085e-11
150,0.0040000000000000001,301.15236138681121,301.15236115023987,2.3657133851884282e-07,2.5499999999999998,2.5500000000088594,-8.8595797365087492e-12
150,0.0050000000000000001,301.15329697688844,301.15329671520749,2.6168095246248413e-07,2.5499999999999998,2.5500000000077176,-7.7178263779842382e-12
150,0.0060000000000000001,301.15466377086716,301.15466348415703,2.8671013296843739e-07,2.5499999999999998,2.5500000000068912,-6.8913763584532717e-12
150,0.0070000000000000001,301.15662506586062,301.15662475863883,3.0722179644726566e-07,2.5499999999999998,2.5500000000062606,-6.2607696804661828e-12
150,0.0080000000000000002,301.15940125557614,301.15940093832171,3.1725443250252283e-07,2.5499999999999998,2.5500000000057503,-5.7505111783484608e-12
150,0.0090000000000000011,301.16328411514115,301.16328380594774,3.0919341043045279e-07,2.5499999999999998,2.5500000000053342,-5.3343995887189521e-12
150,0.01,301.16865327854538,301.16865300500092,2.7354445819582907e-07,2.5499999999999998,2.5500000000050003,-5.0004445029117051e-12
150,0.010999999999999999,301.17599437044771,301.175994172034,1.9841371567963506e-07,2.5499999999999847,2.5500000000047196,-4.7348791554213676e-12
150,0.012,301.18591771895831,301.18591764996609,6.8992221713415347e-08,2.5499999999948519,2.5499999999999932,-5.1412207824341749e-12
150,0.013000000000000001,301.19917582153323,301.19917595311631,-1.3158307865523966e-07,2.5499999990525604,2.5499999991255651,-7.3004713385671494e-11
150,0.014,301.2166768536373,301.2166772715405,-4.1790320892687305e-07,2.5499999063009424,2.5499999100078456,-3.7069032288172821e-09
150,0.014999999999999999,301.23949080591763,301.23949160129752,-7.9537988995070918e-07,2.5499950058831047,2.5499951004587849,-9.45756801762343e-08
150,0.016,301.26884486828533,301.26884612385589,-1.2555705666272843e-06,2.5498554160735813,2.5498564890142985,-1.0729407171616856e-06
150,0.017000000000000001,301.30610606933772,301.3061078460189,-1.7766811879482702e-06,2.5476935546644666,2.547698040271746,-4.4856072793919566e-06
150,0.018000000000000002,301.35275214350315,301.352754475724,-2.3322208448917081e-06,2.5292356646059013,2.5292354116367828,2.5296911854155724e-07
150,0.019,301.4103354808766,301.4103383862564,-2.9053798016320798e-06,2.4403844530887286,2.4403495137428926,3.4939345836093594e-05
150,0.02,301.48044819047425,301.48045169361365,-3.503139396343613e-06,2.1901679060057924,2.1901177883316074,5.0117674184946281e-05
160,0,301.15159849822669,301.15159827058267,2.2764402274333406e-07,2.5499999999999998,2.5500000002197316,-2.1973178832013218e-10
160,0.001,301.15169095858738,301.15169072465824,2.3392914272335474e-07,2.5499999999999998,2.5500000000193848,-1.9384938099165083e-11
160,0.002,301.15198015238394,301.15197990770855,2.446753910589905e-07,2.5499999999999998,2.550000000013287,-1.3287149158713873e-11
160,0.0030000000000000001,301.15250253918146,301.15250227767382,2.6150763687837753e-07,2.5499999999999998,2.5500000000105292,-1.0529355165544985e-11
160,0.0040000000000000001,301.15332230789579,301.15332202503919,2.828566039170255e-07,2.5499999999999998,2.5500000000088607,-8.8609120041382994e-12
160,0.0050000000000000001,301.15453656971346,301.15453626346732,3.0624613600593875e-07,2.5499999999999998,2.5500000000077208,-7.7209350024531886e-12
160,0.0060000000000000001,301.15628272191378,301.15628239381516,3.2809862204885576e-07,2.5499999999999998,2.5500000000068903,-6.8904881800335716e-12
160,0.0070000000000000001,301.1587480194674,301.15874767597523,3.4349216093687573e-07,2.5499999999999998,2.5500000000062579,-6.2581051452070824e-12
160,0.0080000000000000002,301.16218131316231,301.16218096727647,3.4588583730510436e-07,2.5499999999999998,2.5500000000057494,-5.7496229999287607e-12
160,0.0090000000000000011,301.16690675645793,301.16690642962516,3.2683277595424443e-07,2.5499999999999998,2.5500000000053338,-5.3339554995091021e-12
160,0.01,301.17333902318182,301.17333874737375,2.7580807682170416e-07,2.5499999999999994,2.5500000000050038,-5.0044413058003556e-12
160,0.010999999999999999,301.18199919940196,301.18199901893013,1.804718294806662e-07,2.5499999999999128,2.5500000000046583,-4.7455372964577691e-12
160,0.012,301.19353003263166,301.19353000485239,2.7779265110439155e-08,2.5499999999787319,2.5499999999853937,-6.6617822369607893e-12
160,0.013000000000000001,301.20870872083009,301.20870891460817,-1.9377807802811731e-07,2.5499999971232232,2.5499999973003944,-1.7717116662652188e-10
160,0.014,301.22845506980087,301.22845556102118,-4.9122030532089411e-07,2.5499997827618262,2.5499997898549891,-7.0931629458925727e-09
160,0.014999999999999999,301.25383288127858,301.2538337461533,-8.648747211736918e-07,2.5499908065710941,2.5499909496887989,-1.4311770479835673e-07
160,0.016,301.28604309106845,301.28604439875761,-1.3076891605123819e-06,2.5497801791558419,2.5497815093956055,-1.3302397636749674e-06
160,0.017000000000000001,301.32640853976653,301.32641034602756,-1.8062610251945443e-06,2.5469879902392845,2.5469926342943903,-4.6440551058068991e-06
160,0.018000000000000002,301.37635211593164,301.37635446060079,-2.344669155718293e-06,2.5257999525455763,2.5257985436594446,1.4088861317596013e-06
160,0.019,301.43737182152148,301.43737473016859,-2.9086471045047801e-06,2.4318083458933604,2.4317735809423522,3.4764951008181555e-05
160,0.02,301.51101733254615,301.51102083256364,-3.5000174989363586e-06,2.1795498641279409,2.1795021999144026,4.766421353830097e-05
170,0,301.15231024230303,301.15230996333008,2.7897294785361737e-07,2.5499999999999998,2.5500000002197338,-2.1973400876618143e-10
170,0.001,301.15243143519211,301.15243115003074,2.8516137717815582e-07,2.5499999999999998,2.550000000019387,-1.9387158545214334e-11
170,0.002,301.15280892299177,301.15280862744498,2.9554678349086316e-07,2.5499999999999998,2.5500000000132865,-1.3286705069504023e-11
170,0.0030000000000000001,301.15348547938555,301.15348516782723,3.1155832402873784e-07,2.5499999999999998,2.5500000000105305,-1.0530687433174535e-11
170,0.0040000000000000001,301.15453588681373,301.15453555550653,3.3130720566987293e-07,2.5499999999999998,2.5500000000088603,-8.8604679149284493e-12
170,0.0050000000000000001,301.1560721881275,301.15607183624564,3.5188185165679897e-07,2.5499999999999998,2.5500000000077194,-7.7196027348236385e-12
170,0.0060000000000000001,301.15825103566175,301.15825066650899,3.6915275813953485e-07,2.5499999999999998,2.5500000000068894,-6.8896000016138714e-12
170,0.0070000000000000001,301.16128306874663,301.1612826912006,3.7754602999484632e-07,2.5499999999999998,2.5500000000062566,-6.2567728775775322e-12
170,0.0080000000000000002,301.16544413514117,301.16544376527855,3.6986261875426862e-07,2.5499999999999998,2.5500000000057503,-5.7505111783484608e-12
170,0.0090000000000000011,301.17108798613901,301.17108764888889,3.3725012826835155e-07,2.5499999999999998,2.5500000000053342,-5.3343995887189521e-12
170,0.01,301.17865981597549,301.1786595464859,2.6948958975481219e-07,2.549999999999998,2.5500000000050029,-5.0048853950102057e-12
170,0.010999999999999999,301.18870970192091,301.1887095461866,1.5573431255688774e-07,2.5499999999995797,2.5500000000043692,-4.7895021282329253e-12
170,0.012,301.20190468393315,301.20190469818203,-1.4248882962419884e-08,2.5499999999250855,2.5499999999359479,-1.0862422072932532e-11
170,0.013000000000000001,301.21903799295819,301.21903824139963,-2.4844143808877561e-07,2.5499999922874963,2.5499999926798087,-3.9231240478443397e-10
170,0.014,301.24103391449455,301.24103446549429,-5.5099974360928172e-07,2.5499995413159233,2.5499995538125639,-1.2496640611203702e-08
170,0.014999999999999999,301.26894707359787,301.26894799488952,-9.2129164386278717e-07,2.5499841728661363,2.5499843776427094,-2.0477657303175079e-07
170,0.016,301.30395560282136,301.30395695644887,-1.3536275105252571e-06,2.5496804940984017,2.5496820879801905,-1.5938817887750645e-06
170,0.017000000000000001,301.34734863968879,301.34735047774319,-1.8380544020146772e-06,2.5461736875163012,2.5461784042798881,-4.7167635868206048e-06
170,0.018000000000000002,301.40050968700183,301.40051204943205,-2.3624302230018657e-06,2.5222105201045166,2.5222080149989163,2.5051056002922678e-06
170,0.019,301.46489823977811,301.46490115435677,-2.9145786584194866e-06,2.423375512381571,2.4233410179691934,3.4494412377572559e-05
170,0.02,301.5420324094037,301.54203590650599,-3.4971022842000821e-06,2.1693245969878379,2.1692791553435735,4.5441644264343495e-05
180,0,301.15323089590333,301.15323056223781,3.3366552543157013e-07,2.5499999999999998,2.5500000002197352,-2.1973534103381098e-10
180,0.001,301.15338557834099,301.1533852387272,3.3961379131142166e-07,2.5499999999999998,2.5500000000193901,-1.9390267169683284e-11
180,0.002,301.15386565775265,301.1538653085488,3.4920384450742858e-07,2.5499999999999998,2.5500000000132843,-1.3284484623454773e-11
180,0.0030000000000000001,301.15472027500039,301.15471991134268,3.6365770483826054e-07,2.5499999999999998,2.5500000000105287,-1.0528911076335135e-11
180,0.0040000000000000001,301.15603480415547,301.15603442340819,3.8074728081483045e-07,2.5499999999999998,2.5500000000088594,-8.8595797365087492e-12
180,0.0050000000000000001,301.15793602254189,301.1579356254278,3.9711409272058518e-07,2.5499999999999998,2.5500000000077194,-7.7196027348236385e-12
180,0.0060000000000000001,301.16059924341658,301.16059883528743,4.0812915358401369e-07,2.5499999999999998,2.5500000000068916,-6.8918204476631217e-12
180,0.0070000000000000001,301.16425724356793,301.16425683579081,4.0777712229100871e-07,2.5499999999999998,2.5500000000062584,-6.2585492344169324e-12
180,0.0080000000000000002,301.16921068728357,301.1692102986338,3.886497665916977e-07,2.5499999999999998,2.5500000000057494,-5.7496229999287607e-12
180,0.0090000000000000011,301.17583956992928,301.17583922779005,3.4213923072456964e-07,2.5499999999999998,2.5500000000053347,-5.3348436779288022e-12
180,0.01,301.18461499102511,301.18461473211141,2.5891370114550227e-07,2.5499999999999923,2.5500000000049976,-5.0053294842200557e-12
180,0.010999999999999999,301.19611034921837,301.19611021952136,1.2969701401743805e-07,2.5499999999982994,2.5500000000032248,-4.9253934264470445e-12
180,0.012,301.21101088146253,301.21101093514892,-5.3686392220697599e-08,2.549999999769164,2.5499999997902489,-2.1084911594471123e-11
180,0.013000000000000001,301.2301204121348,301.23012070929582,-2.9716102289967239e-07,2.5499999813711209,2.5499999821675132,-7.9639228545147489e-10
180,0.014,301.25436429996859,301.25436490337199,-6.0340340723996633e-07,2.5499991045384318,2.5499991250940073,-2.0555575463987452e-08
180,0.014999999999999999,301.28478791095824,301.28478888223049,-9.7127224307769211e-07,2.5499742411600592,2.5499745208666833,-2.7970662408449698e-07
180,0.016,301.32255049057193,301.32255188639971,-1.3958277804704267e-06,2.5495528279490487,2.5495546845439221,-1.8565948733950677e-06
180,0.017000000000000001,301.36891497560913,301.36891684464553,-1.8690363958739908e-06,2.5452510290422357,2.5452557415437811,-4.7125015454341224e-06
180,0.018000000000000002,301.4252349280722,301.4252373091328,-2.3810605966900766e-06,2.5184871854414155,2.5184836510703263,3.5343710891311275e-06
180,0.019,301.49294021172437,301.49294313579765,-2.9240732715152262e-06,2.4150859995189431,2.4150518472484475,3.4152270495635406e-05
180,0.02,301.57352195714873,301.57352663558265,-4.6784339247096796e-06,2.15945741836769,2.1594140014245156,4.3416943174445777e-05
190,0,301.15439266897528,301.15439227754729,3.9142798868851969e-07,2.5499999999999998,2.5500000002384384,-2.3843860219585622e-10
190,0.001,301.15458560117071,301.15458520495145,3.9621926362087834e-07,2.5499999999999998,2.5500000000210399,-2.1040058584276267e-11
190,0.002,301.1551825236196,301.15518211914684,4.0447275750921108e-07,2.5499999999999998,2.5500000000144167,-1.4416912108572433e-11
190,0.0030000000000000001,301.15623882903151,301.15623841252273,4.1650878301879857e-07,2.5499999999999998,2.5500000000114227,-1.1422862655763311e-11
190,0.0040000000000000001,301.15785019941148,301.15784976961453,4.2979695535905194e-07,2.5499999999999998,2.5500000000096148,-9.6149754824637057e-12
190,0.0050000000000000001,301.16015756195378,301.16015712131878,4.406350058161479e-07,2.5499999999999998,2.5500000000083771,-8.3772988546115812e-12
190,0.0060000000000000001,301.16335383427281,301.16335339018201,4.4409080146579072e-07,2.5499999999999998,2.5500000000074774,-7.4775741154553543e-12
190,0.0070000000000000001,301.16769221789178,301.16769178389404,4.3399774085628451e-07,2.5499999999999998,2.5500000000067859,-6.7861272157188068e-12
190,0.0080000000000000002,301.1734956720174,301.17349526893872,4.0307867266164976e-07,2.5499999999999998,2.5500000000062388,-6.2390093091835297e-12
190,0.0090000000000000011,301.18116704904327,301.18116670579457,3.4324870057389489e-07,2.5499999999999998,2.5500000000057925,-5.7926996532842168e-12
190,0.01,301.19119921664395,301.19119897051331,2.4613063942524604e-07,2.5499999999999652,2.5500000000053986,-5.4334314825155161e-12
190,0.010999999999999999,301.20418435845437,301.20418425470945,1.0374492376286071e-07,2.5499999999940184,2.5499999999997334,-5.7149840415604558e-12
190,0.012,301.22082157466116,301.22082166547074,-9.0809578523476375e-08,2.5499999993648585,2.5499999994087261,-4.3867576238199035e-11
190,0.013000000000000001,301.24192193084622,301.24192227388079,-3.4303457141504623e-07,2.5499999588056044,2.5499999603034209,-1.4978165374657237e-09
190,0.014,301.26841021980243,301.26841087602958,-6.562271437360323e-07,2.5499983640919401,2.5499983960108077,-3.1918867549052266e-08
190,0.014999999999999999,301.30132269416811,301.30132372027066,-1.0261025522595446e-06,2.549960026133069,2.5499603936212552,-3.6748818610377043e-07
190,0.016,301.34179905661352,301.34180049600002,-1.4393864944395318e-06,2.5493939068416238,2.5493960189761569,-2.1121345330499253e-06
190,0.017000000000000001,301.39106344729282,301.39106534790722,-1.9006143929800601e-06,2.5442215065044826,2.5442261472321315,-4.6407276488302784e-06
190,0.018000000000000002,301.45038311375833,301.45038552611538,-2.4123570483425283e-06,2.5146476137185871,2.5146431202726114,4.4934459757506318e-06
190,0.019,301.52099245819591,301.52099534437917,-2.8861832674920151e-06,2.4069385123616289,2.406904755226726,3.3757134902945296e-05
190,0.02,301.60398921339669,301.60399242444635,-3.2110496590576076e-06,2.1499185938869783,2.1498770323622383,4.1561524739996969e-05
200,0,301.15582739979521,301.15582695039774,4.4939747567696031e-07,2.5499999999999998,2.5500000002384402,-2.3844037855269562e-10
200,0.001,301.15606322022808,301.15606276660714,4.5362094169831835e-07,2.5499999999999998,2.5500000000210421,-2.1042279030325517e-11
200,0.002,301.15679081865471,301.15679035854083,4.6011388121769414e-07,2.5499999999999998,2.5500000000144163,-1.4416468019362583e-11
200,0.0030000000000000001,301.15807156837258,301.15807109932314,4.6904943928893772e-07,2.5499999999999998,2.5500000000114258,-1.1425971280232261e-11
200,0.0040000000000000001,301.16001093119263,301.16001045350396,4.776886726176599e-07,2.5499999999999998,2.5500000000096157,-9.6158636608834058e-12
200,0.0050000000000000001,301.16276309711327,301.16276261499365,4.8211961711785989e-07,2.5499999999999998,2.550000000008382,-8.3821838359199319e-12
200,0.0060000000000000001,301.16653722552223,301.16653674824647,4.7727576202305499e-07,2.5499999999999998,2.5500000000074752,-7.475353669406104e-12
200,0.0070000000000000001,301.17160500368936,301.17160454667584,4.5701352746618795e-07,2.5499999999999998,2.5500000000067868,-6.787015394138507e-12
200,0.0080000000000000002,301.17830912513534,301.17830871084396,4.1429137809245731e-07,2.5499999999999998,2.5500000000062397,-6.2398974876032298e-12
200,0.0090000000000000011,301.18707217082641,301.18707182934406,3.4148234817621415e-07,2.5499999999999994,2.5500000000057934,-5.794031920913767e-12
200,0.01,301.19840526311333,301.19840503217864,2.3093468826118624e-07,2.5499999999998626,2.5500000000053098,-5.447198248020868e-12
200,0.010999999999999999,301.21291576445196,301.21291568846141,7.5990556069882587e-08,2.5499999999813472,2.5499999999880401,-6.6928684816502937e-12
200,0.012,301.23131319050418,301.23131331841932,-1.279151433664083e-07,2.5499999984135697,2.549999998502265,-8.8695273348093906e-11
200,0.013000000000000001,301.254412315938,301.25441269998635,-3.8404834867833415e-07,2.5499999155224642,2.5499999181569919,-2.6345277071015971e-09
200,0.014,301.28313200992989,301.28313270715108,-6.9722119633297552e-07,2.5499971761091222,2.5499972233039965,-4.7194874230882533e-08
200,0.014999999999999999,301.31848750706291,301.31848857894857,-1.0718856628955109e-06,2.5499404407871364,2.5499409079850226,-4.6719788615590119e-07
200,0.016,301.36157280450249,301.36157430663519,-1.5021327044451027e-06,2.5492007689331464,2.5492031243839128,-2.3554507664336199e-06
200,0.017000000000000001,301.41352971101543,301.41353166940888,-1.958393454515317e-06,2.5430874670913499,2.5430919781294699,-4.5110381199364724e-06
200,0.018000000000000002,301.47550249165943,301.47550487589797,-2.3842385417083278e-06,2.5107075020048288,2.5107021198440789,5.3821607499671131e-06
200,0.019,301.54858307876543,301.54858581054293,-2.7317774993207422e-06,2.3989308427140261,2.398897519299986,3.3323414040165034e-05
200,0.02,301.63375967701722,301.63376269296288,-3.0159456514411431e-06,2.1406820872344974,2.1406422311842825,3.9856050214837069e-05
210,0,301.15756574761934,301.15756524040972,5.0720962008199422e-07,2.5499999999999998,2.5500000002384438,-2.3844393126637442e-10
210,0.001,301.15784886344056,301.15784835270881,5.107317520014476e-07,2.5499999999999998,2.5500000000210408,-2.1040946762695967e-11
210,0.002,301.15872023487026,301.15871971978805,5.1508220622054068e-07,2.5499999999999998,2.550000000014415,-1.4415135751733033e-11
210,0.0030000000000000001,301.16024682582713,301.16024630548606,5.2034107511644834e-07,2.5499999999999998,2.550000000011424,-1.1424194923392861e-11
210,0.0040000000000000001,301.16254317632399,301.16254265267662,5.2364737257448724e-07,2.5499999999999998,2.5500000000096152,-9.6154195716735558e-12
210,0.0050000000000000001,301.16577566220968,301.16577514122491,5.2098476999162813e-07,2.5499999999999998,2.5500000000083789,-8.3790752114509814e-12
210,0.0060000000000000001,301.17016816995681,301.17016766269506,5.0726174549708958e-07,2.5499999999999998,2.5500000000074778,-7.4780182046652044e-12
210,0.0070000000000000001,301.17600888216941,301.17600840568872,4.7648069312344887e-07,2.5499999999999998,2.5500000000067868,-6.787015394138507e-12
210,0.0080000000000000002,301.18365776573233,301.183657343677,4.2205533645756077e-07,2.5499999999999998,2.5500000000062375,-6.2376770415539795e-12
210,0.0090000000000000011,301.19355424272823,301.19355390547912,3.3724910508681205e-07,2.5499999999999972,2.5500000000057899,-5.7926996532842168e-12
210,0.01,301.20622439812848,301.20622418257722,2.1555126750172349e-07,2.5499999999995175,2.5500000000049963,-5.4787285819202225e-12
210,0.010999999999999999,301.22228691874784,301.2222868679828,5.0765038395184092e-08,2.5499999999475746,2.5499999999565177,-8.943068507960561e-12
210,0.012,301.24245673380506,301.24245689691691,-1.6311184936057543e-07,2.5499999963541184,2.5499999965259397,-1.7182122391545818e-10
210,0.013000000000000001,301.26754501957913,301.26754545095042,-4.3137129068782087e-07,2.5499998376499131,2.5499998420254926,-4.3755794543187676e-09
210,0.014,301.29845389310543,301.29845464874143,-7.5563599466477172e-07,2.5499953577260546,2.5499954246536136,-6.6927559050355967e-08
210,0.014999999999999999,301.33616395760782,301.33616508619087,-1.1285830510132655e-06,2.5499143192262954,2.5499148967817606,-5.7755546523097223e-07
210,0.016,301.38171326201444,301.38171479336,-1.5313455605792115e-06,2.5489707948062335,2.5489733773860741,-2.5825798406486911e-06
210,0.017000000000000001,301.4361676314216,301.43616956790737,-1.9364857735126861e-06,2.5418518994680346,2.5418562319259501,-4.3324579155346044e-06
210,0.018000000000000002,301.50058482121597,301.50058713642898,-2.31521300975146e-06,2.5066807719532531,2.5066745701003619,6.2018528912410886e-06
210,0.019,301.57597795316616,301.57598060107296,-2.6479067969376047e-06,2.3910601739700525,2.3910273119149266,3.2862055125981726e-05
210,0.02,301.66328588773467,301.66328882707626,-2.9393415843514958e-06,2.1317250693720049,2.1316867878717445,3.8281500260417545e-05
220,0,301.15963654272593,301.15963597892056,5.6380537216682569e-07,2.5499999999999998,2.5500000002384446,-2.3844481944479412e-10
220,0.001,301.15997105055891,301.15997048404046,5.665184517056332e-07,2.5499999999999998,2.5500000000210448,-2.1044943565584617e-11
220,0.002,301.16099833341201,301.16099776499146,5.6842054618755355e-07,2.5499999999999998,2.5500000000144172,-1.4417356197782283e-11
220,0.0030000000000000001,301.16279048187249,301.16278991232161,5.6955087757160072e-07,2.5499999999999998,2.5500000000114231,-1.1423306744973161e-11
220,0.0040000000000000001,301.16547031186707,301.16546974485016,5.6701691164562362e-07,2.5499999999999998,2.5500000000096152,-9.6154195716735558e-12
220,0.0050000000000000001,301.16921521022323,301.16921465338424,5.5683898381175823e-07,2.5499999999999998,2.5500000000083789,-8.3790752114509814e-12
220,0.0060000000000000001,301.174262209338,301.17426167524445,5.3409354450195679e-07,2.5499999999999998,2.5500000000074787,-7.4789063830849045e-12
220,0.0070000000000000001,301.1809139694945,301.18091347638665,4.931078478875861e-07,2.5499999999999998,2.5500000000067882,-6.7883476617680572e-12
220,0.0080000000000000002,301.189545236914,301.18954480922446,4.2768954244820634e-07,2.5499999999999998,2.5500000000062388,-6.2390093091835297e-12
220,0.0090000000000000011,301.200609218208,301.20060888685191,3.3135609101009322e-07,2.5499999999999883,2.5500000000057841,-5.7958082777531672e-12
220,0.01,301.21464316051595,301.21464296293112,1.9758482494580676e-07,2.5499999999984819,2.5500000000040557,-5.5737636728281359e-12
220,0.010999999999999999,301.23227224894265,301.23227222866365,2.0279003365430981e-08,2.5499999998653484,2.5499999998790241,-1.3675727217332678e-11
220,0.012,301.25421074524587,301.25421095050416,-2.0525828858808381e-07,2.5499999922049752,2.5499999925210934,-3.1611824269361932e-10
220,0.013000000000000001,301.28125915033593,301.28125963097062,-4.80634696486959e-07,2.5499997050727625,2.5499997119876272,-6.9148646808514513e-09
220,0.014,301.31429619027119,301.31429699241613,-8.0214493891617167e-07,2.5499926849918246,2.5499927765525823,-9.1560757642383805e-08
220,0.014999999999999999,301.35426475775887,301.35426591700076,-1.1592418900363555e-06,2.5498804404352948,2.5498811374509338,-6.9701563898405539e-07
220,0.016,301.40215173111585,301.40215326639037,-1.5352745208474516e-06,2.5487017196195412,2.5487045102350647,-2.7906155235513097e-06
220,0.017000000000000001,301.45896285866206,301.45896476907382,-1.9104117541246524e-06,2.5405182563052593,2.5405223696683286,-4.113363069269127e-06
220,0.018000000000000002,301.52569542124769,301.52569768703694,-2.2657892486677156e-06,2.5025797587068341,2.5025728036117103,6.9550951238284142e-06
220,0.019,301.60331269950206,301.60331528749748,-2.5879954250740411e-06,2.383323292373988,2.3832909108092335,3.2381564754491166e-05
220,0.02,301.69272478595144,301.69272766655956,-2.880608121813566e-06,2.1230274400692157,2.1229906175319484,3.6822537267333644e-05
230,0,301.16206635388983,301.16206573567536,6.182144716149196e-07,2.5499999999999998,2.550000000238446,-2.3844615171242367e-10
230,0.001,301.16245599225908,301.16245537221039,6.2004869505472016e-07,2.5499999999999998,2.5500000000210434,-2.1043611297955067e-11
230,0.002,301.16365023539078,301.16364961607525,6.1931552863825345e-07,2.5499999999999998,2.5500000000144181,-1.4418244376201983e-11
230,0.0030000000000000001,301.16572579451707,301.16572517844179,6.1607528323293081e-07,2.5499999999999998,2.550000000011424,-1.1424194923392861e-11
230,0.0040000000000000001,301.16881289921145,301.1688122917206,6.0749084695999045e-07,2.5499999999999998,2.5500000000096152,-9.6154195716735558e-12
230,0.0050000000000000001,301.1730987017188,301.17309811203182,5.8968697658201563e-07,2.5499999999999998,2.5500000000083825,-8.3826279251297819e-12
230,0.0060000000000000001,301.17883171310672,301.17883115521613,5.5789058706068317e-07,2.5499999999999998,2.5500000000074796,-7.4797945615046046e-12
230,0.0070000000000000001,301.1863269273419,301.18632642074175,5.0660014494496863e-07,2.5499999999999998,2.5500000000067855,-6.7856831265089568e-12
230,0.0080000000000000002,301.19597117126619,301.19597074145344,4.2981275782949524e-07,2.5499999999999994,2.5500000000062384,-6.2390093091835297e-12
230,0.0090000000000000011,301.20822808797539,301.20822776662033,3.2135505989572266e-07,2.5499999999999612,2.5500000000057579,-5.7966964561728673e-12
230,0.01,301.22364202386939,301.22364184846145,1.7540793351145112e-07,2.5499999999956571,2.5500000000014489,-5.7918114748645166e-12
230,0.010999999999999999,301.24283996416557,301.24283997684529,-1.2679720384767279e-08,2.5499999996803102,2.5499999997032585,-2.2948309919001986e-11
230,0.012,301.26653058648566,301.26653083177894,-2.4529327902200748e-07,2.5499999843521293,2.5499999849048622,-5.5273297050462133e-10
230,0.013000000000000001,301.29549953846157,301.29550005979178,-5.2133020744804526e-07,2.5499994899254577,2.5499995003910363,-1.0465578625939997e-08
230,0.014,301.33060026757994,301.33060110281781,-8.352378699783003e-07,2.5499888921801017,2.5499890136018775,-1.2142177574503421e-07
230,0.014999999999999999,301.37274020111028,301.37274137800767,-1.1768973990911036e-06,2.5498375515284204,2.5498383754034672,-8.2387504685144108e-07
230,0.016,301.42286279836674,301.42286433100691,-1.5326401694437664e-06,2.5483916315809099,2.5483946091575271,-2.977576617269051e-06
230,0.017000000000000001,301.4819268883482,301.48192877560035,-1.8872521536650311e-06,2.5390903100614759,2.5390941713967492,-3.8613352733030126e-06
230,0.018000000000000002,301.55088556500721,301.55088779165857,-2.2266513610702532e-06,2.4984153874827353,2.4984077423142117,7.6451685235845446e-06
230,0.019,301.63066746886557,301.63067000932921,-2.5404636403436598e-06,2.3757167382404552,2.3756848496533638,3.1888587091355447e-05
230,0.02,301.72216327979163,301.72216611271386,-2.832922234574653e-06,2.1145713763030951,2.1145359100929735,3.5466210121626318e-05
240,0,301.16487923528427,301.16487856554602,6.6973825596505776e-07,2.5499999999999998,2.5500000002384464,-2.3844659580163352e-10
240,0.001,301.16532735558746,301.16532668492505,6.7066241626889678e-07,2.5499999999999998,2.5500000000210452,-2.1045387654794467e-11
240,0.002,301.16669843502564,301.16669776781748,6.672081553915632e-07,2.5499999999999998,2.5500000000144141,-1.4414247573313332e-11
240,0.0030000000000000001,301.16907326525057,301.16907260577898,6.5947159555435064e-07,2.5499999999999998,2.5500000000114227,-1.1422862655763311e-11
240,0.0040000000000000001,301.17258856981749,301.17258792514133,6.4467616311958409e-07,2.5499999999999998,2.550000000009617,-9.617195928512956e-12
240,0.0050000000000000001,301.17743993791623,301.1774393188781,6.1903813275421271e-07,2.5499999999999998,2.550000000008382,-8.3821838359199319e-12
240,0.0060000000000000001,301.18388558146268,301.18388500353808,5.7792459529082407e-07,2.5499999999999998,2.5500000000074774,-7.4775741154553543e-12
240,0.0070000000000000001,301.19225055492473,301.19225003885344,5.1607128170871874e-07,2.5499999999999998,2.5500000000067859,-6.7861272157188068e-12
240,0.0080000000000000002,301.20293096347984,301.20293053557668,4.2790316001628526e-07,2.5499999999999989,2.5500000000062379,-6.2390093091835297e-12
240,0.0090000000000000011,301.21639757290325,301.21639726490776,3.0799549222138012e-07,2.5499999999998755,2.5500000000056811,-5.8055782403698686e-12
240,0.01,301.23319813830301,301.23319798660037,1.5170263623076607e-07,2.5499999999885792,2.5499999999948559,-6.276756892020785e-12
240,0.010999999999999999,301.25395771344353,301.25395775750724,-4.4063710902264575e-08,2.5499999992916322,2.5499999993316074,-3.9975134313863236e-11
240,0.012,301.27937622340949,301.27937650341255,-2.8000306429021293e-07,2.5499999702796687,2.5499999712016916,-9.2202290247200835e-10
240,0.013000000000000001,301.31022272118685,301.31022327490064,-5.5371378948620986e-07,2.5499991550976864,2.5499991703502563,-1.525256987378043e-08
240,0.014,301.34732603613509,301.3473268954757,-8.5934061644366011e-07,2.5499836724483149,2.5499838291608996,-1.5671258468685778e-07
240,0.014999999999999999,301.3915619660612,301.39156315386623,-1.1878050258928852e-06,2.5497843894512058,2.5497853458159314,-9.5636472563498387e-07
240,0.016,301.44383772674922,301.44383925446982,-1.5277205989150389e-06,2.548038960463046,2.5480421027335702,-3.1422705242256654e-06
240,0.017000000000000001,301.50507496121975,301.50507682811843,-1.8668986854208924e-06,2.537572037285007,2.5375756203954785,-3.5831104714389994e-06
240,0.018000000000000002,301.57619308867322,301.57619528284761,-2.1941743852949003e-06,2.4941973349537143,2.4941890592298037,8.2757239106001634e-06
240,0.019,301.65809499045344,301.65809749162491,-2.5011714797074092e-06,2.3682369164544412,2.3682055281517087,3.1388302732526796e-05
240,0.02,301.75165756972893,301.75165966716014,-2.0974312064936385e-06,2.1063409851056409,2.1063067836388978,3.4201466743155606e-05
250,0,301.16809654545955,301.16809583029385,7.1516569732921198e-07,2.5499999999999998,2.5500000001870147,-1.8701484805205837e-10
250,0.001,301.16860608600558,301.16860536848242,7.1752316443962627e-07,2.5499999999999998,2.5500000000165053,-1.6505463662497277e-11
250,0.002,301.17016262692499,301.17016191559003,7.1133496248876327e-07,2.5499999999999998,2.5500000000113081,-1.1308287639621994e-11
250,0.0030000000000000001,301.17285046569884,301.17284976669856,6.9900028165648109e-07,2.5499999999999998,2.5500000000089598,-8.9599438979348633e-12
250,0.0040000000000000001,301.17681184530568,301.17681116745348,6.7785219926008722e-07,2.5499999999999998,2.5500000000075413,-7.5415229616737633e-12
250,0.0050000000000000001,301.18224939580284,301.18224875154118,6.4426166090925108e-07,2.5499999999999998,2.5500000000065746,-6.574740751830177e-12
250,0.0060000000000000001,301.18942919244461,301.18942859859379,5.9385081385698868e-07,2.5499999999999998,2.5500000000058658,-5.8659743729094771e-12
250,0.0070000000000000001,301.19868406892624,301.19868354715612,5.2177011866660905e-07,2.5499999999999998,2.5500000000053236,-5.3237414476825506e-12
250,0.0080000000000000002,301.21041672564536,301.21041630256707,4.2307829062337987e-07,2.5499999999999967,2.5500000000048888,-4.8920867357082898e-12
250,0.0090000000000000011,301.22510208936035,301.22510179612192,2.9323842909434461e-07,2.5499999999996383,2.5500000000042142,-4.5758952182950452e-12
250,0.01,301.24328832853047,301.24328819980872,1.2872175148004317e-07,2.5499999999721177,2.5499999999782159,-6.0982330296610598e-12
250,0.010999999999999999,301.2655959298794,301.26559600218894,-7.2309546794713242e-08,2.549999998523214,2.5499999985916655,-6.8451466717078802e-11
250,0.012,301.29271432207275,301.29271463129885,-3.0922609539629775e-07,2.5499999462439016,2.5499999477169704,-1.4730687780684093e-09
250,0.013000000000000001,301.32539572749255,301.32539630579021,-5.7829765864880756e-07,2.5499986528270022,2.5499986743303769,-2.1503374636466788e-08
250,0.014,301.36444636427535,301.3644472384301,-8.7415475036323187e-07,2.549976679698017,2.5499768772053222,-1.9750730517742454e-07
250,0.014999999999999999,301.41071649544131,301.41071768742358,-1.1919822782147094e-06,2.5497197004731795,2.5497207931921517,-1.0927189721954278e-06
250,0.016,301.4650956228416,301.46509713626563,-1.5134240243241948e-06,2.547642459308348,2.547645743470444,-3.2841620960510909e-06
250,0.017000000000000001,301.52853216664187,301.5285339790459,-1.812404036627413e-06,2.5359675269437787,2.5359708115521897,-3.2846084110360607e-06
250,0.018000000000000002,301.60211809294333,301.6021202599515,-2.1670081764568749e-06,2.4899341744572392,2.4899253238624559,8.8505947832828724e-06
250,0.019,301.6872829847315,301.68728583177426,-2.8470427650972852e-06,2.3608801759403293,2.3608492911827654,3.0884757563853782e-05
250,0.02,301.78608052690794,301.78608452663639,-3.9997284488890728e-06,2.0983215408912028,2.0982885173048897,3.302358631307456e-05
260,0,301.17173677451967,301.17173601539037,7.5912930697086267e-07,2.5499999999999998,2.5500000001870164,-1.8701662440889777e-10
260,0.001,301.17231023656217,301.172309476034,7.605281666656083e-07,2.5499999999999998,2.5500000000165066,-1.6506795930126827e-11
260,0.002,301.17405954435247,301.17405879286844,7.5148403766434058e-07,2.5499999999999998,2.550000000011305,-1.1305179015153044e-11
260,0.0030000000000000001,301.17707190355878,301.17707116909162,7.3446716442049365e-07,2.5499999999999998,2.5500000000089602,-8.9603879871447134e-12
260,0.0040000000000000001,301.18149407412892,301.18149336718267,7.0694625264877686e-07,2.5499999999999998,2.5500000000075413,-7.5415229616737633e-12
260,0.0050000000000000001,301.18753431765538,301.1875336521328,6.6552257749208366e-07,2.5499999999999998,2.5500000000065728,-6.5729643949907768e-12
260,0.0060000000000000001,301.19546476973011,301.19546416354711,6.0618299357884098e-07,2.5499999999999998,2.5500000000058631,-5.8633098376503767e-12
260,0.0070000000000000001,301.20562389275261,301.20562336812429,5.246283194537682e-07,2.5499999999999998,2.5500000000053236,-5.3237414476825506e-12
260,0.0080000000000000002,301.2184185861783,301.21841816946124,4.1671705730550457e-07,2.5499999999999896,2.5500000000048813,-4.8916426464984397e-12
260,0.0090000000000000011,301.23432548028916,301.23432520129978,2.7898937560166814e-07,2.5499999999990295,2.5500000000036542,-4.6247450313785521e-12
260,0.01,301.2538909428298,301.25389083376695,1.0906285297096474e-07,2.5499999999362788,2.5499999999442822,-8.0033757399178285e-12
260,0.010999999999999999,301.27772944838068,301.27772954272507,-9.4344386525335722e-08,2.5499999970833422,2.549999997200723,-1.1738077176914885e-10
260,0.012,301.30652035607847,301.30652068712044,-3.310419742774684e-07,2.5499999068964576,2.5499999091642271,-2.2677695277195653e-09
260,0.013000000000000001,301.3410041567019,301.341004753243,-5.96541099184833e-07,2.549997923445714,2.5499979528890844,-2.9443370408444025e-08
260,0.014,301.38198143613977,301.38198231399292,-8.7785315372457262e-07,2.5499675314386634,2.5499677752009027,-2.4376223928257446e-07
260,0.014999999999999999,301.43032155855542,301.43032271844169,-1.1598862670325616e-06,2.5496422570913828,2.5496434883351009,-1.2312437180916902e-06
260,0.016,301.48699257043171,301.4869940243824,-1.4539506878463726e-06,2.5472011818347862,2.5472045850813942,-3.4032466080802237e-06
260,0.017000000000000001,301.55312559000134,301.55312741814021,-1.8281388634022733e-06,2.5342809087484324,2.534283879701352,-2.9709529196786377e-06
260,0.018000000000000002,301.63012016353071,301.6301225552449,-2.3917141902529693e-06,2.4856335052981016,2.4856241316920258,9.3736060757798612e-06
260,0.019,301.71977816524122,301.71978138454091,-3.2192996854973899e-06,2.3536428622680048,2.3536124812403405,3.0381027664283522e-05
260,0.02,301.82442856373274,301.82443290767498,-4.3439422370283864e-06,2.0905003073760859,2.0904683906945305,3.1916681555443915e-05
270,0,301.17581541247569,301.17581461391643,7.985592560544319e-07,2.5499999999999998,2.5500000001870156,-1.8701573623047807e-10
270,0.001,301.17645484774954,301.17645404874378,7.9900576110958355e-07,2.5499999999999998,2.5500000000165066,-1.6506795930126827e-11
270,0.002,301.1784028779968,301.1784020908587,7.8713810580666177e-07,2.5499999999999998,2.5500000000113032,-1.1303402658313644e-11
270,0.0030000000000000001,301.18174902004642,301.18174825450632,7.655401077499846e-07,2.5499999999999998,2.5500000000089584,-8.9586116303053132e-12
270,0.0040000000000000001,301.18664356430406,301.18664283240577,7.3189829663533601e-07,2.5499999999999998,2.5500000000075427,-7.5428552293033135e-12
270,0.0050000000000000001,301.19329904938644,301.1932983662125,6.8317393697725493e-07,2.5499999999999998,2.5500000000065728,-6.5729643949907768e-12
270,0.0060000000000000001,301.20199199726716,301.20199138138003,6.1588713151650154e-07,2.5499999999999998,2.5500000000058636,-5.8637539268602268e-12
270,0.0070000000000000001,301.21306460452035,301.21306407811505,5.2640530157077592e-07,2.5499999999999989,2.550000000005324,-5.3250737153121008e-12
270,0.0080000000000000002,301.22692604940403,301.22692563820959,4.1119443494608277e-07,2.5499999999999692,2.5500000000048679,-4.8987480738560407e-12
270,0.0090000000000000011,301.24405311348107,301.2440528463722,2.6710887368608383e-07,2.5499999999975742,2.5500000000023006,-4.7264414604342164e-12
270,0.01,301.26499000496864,301.26498991287485,9.209378504237975e-08,2.549999999862687,2.5499999998741791,-1.149214057249992e-11
270,0.010999999999999999,301.29034773277203,301.29034784598639,-1.1321435522404499e-07,2.5499999945107636,2.5499999947056291,-1.9486545710378778e-10
270,0.012,301.32080427120928,301.32080461476198,-3.435526991779625e-07,2.5499998448647339,2.5499998482387705,-3.3740366056633775e-09
270,0.013000000000000001,301.35710816941719,301.35710875919818,-5.8978099559681141e-07,2.549996894332248,2.5499969336146533,-3.9282405328577852e-08
270,0.014,301.40009001686627,301.40009086348226,-8.4661598975799279e-07,2.5499558124368824,2.5499561077580242,-2.9532114176333835e-07
270,0.014999999999999999,301.45068755568752,301.4506886826789,-1.126991378441744e-06,2.5495508722381794,2.549552242586544,-1.370348364559959e-06
270,0.016,301.50998988204964,301.50999135406209,-1.4720124568157189e-06,2.546714457450475,2.5467179573771097,-3.4999266347313096e-06
270,0.017000000000000001,301.57930258290116,301.57930452748741,-1.9445862449174456e-06,2.5325162977631259,2.5325189443087095,-2.6465455835733565e-06
270,0.018000000000000002,301.66022829560887,301.66023089841354,-2.6028046704595909e-06,2.481302067238766,2.4812922187461131,9.848492652952956e-06
270,0.019,301.75474778556213,301.75475126004841,-3.4744862773550267e-06,2.346521349460343,2.3464914698289179,2.9879631425089315e-05
270,0.02,301.86527944162424,301.8652840172702,-4.5756459599033406e-06,2.0828658358536591,2.0828349596132343,3.0876240424859702e-05
280,0,301.1803449221344,301.18034408892356,8.3321083366172388e-07,2.5499999999999998,2.5500000001870151,-1.8701529214126822e-10
280,0.001,301.18105193951749,301.18105110676487,8.3275261886228691e-07,2.5499999999999998,2.5500000000165062,-1.6506351840916977e-11
280,0.002,301.1832033275939,301.18320250937023,8.1822366837513982e-07,2.5499999999999998,2.5500000000113019,-1.1302070390684094e-11
280,0.0030000000000000001,301.18689034792089,301.18688955554978,7.9237111094698776e-07,2.5499999999999998,2.5500000000089593,-8.9594998087250133e-12
280,0.0040000000000000001,301.19226590577233,301.19226515262238,7.5314994774089428e-07,2.5499999999999998,2.5500000000075405,-7.5406347832540632e-12
280,0.0050000000000000001,301.1995456104238,301.19954491255197,6.9787182610525633e-07,2.5499999999999998,2.5500000000065746,-6.574740751830177e-12
280,0.0060000000000000001,301.20900899374516,301.20900837028262,6.234625402612437e-07,2.5499999999999998,2.5500000000058636,-5.8637539268602268e-12
280,0.0070000000000000001,301.22100068161802,301.22100015482175,5.2679627060570056e-07,2.5499999999999994,2.5500000000053231,-5.3237414476825506e-12
280,0.0080000000000000002,301.2359313651292,301.23593095991208,4.0521712207919336e-07,2.5499999999999168,2.5500000000048195,-4.9027448767446913e-12
280,0.0090000000000000011,301.25427859652171,301.25427833922464,2.5729707431310089e-07,2.5499999999943026,2.549999999999236,-4.9333870322243456e-12
280,0.01,301.27658780111904,301.27658771748099,8.3638042269740254e-08,2.5499999997192844,2.5499999997368366,-1.7552181930113875e-11
280,0.010999999999999999,301.30347449856208,301.303474611529,-1.129669158217439e-07,2.549999990105666,2.5499999904185673,-3.1290126045746547e-10
280,0.012,301.33562954194622,301.33562987106347,-3.2911725611484144e-07,2.5499997503016947,2.54999975517054,-4.8688453269107868e-09
280,0.013000000000000001,301.37383004014924,301.37383060504089,-5.6489164990125573e-07,2.5499954791054424,2.5499955303173913,-5.1211948903784332e-08
280,0.014,301.41895914484871,301.41895997449672,-8.2964800185436616e-07,2.5499410789311918,2.5499414308651684,-3.5193397662780512e-07
280,0.014999999999999999,301.47203749877838,301.47203864515774,-1.1463793612165318e-06,2.5494444108154108,2.549445919395207,-1.5085797961944536e-06
280,0.016,301.53426731284424,301.53426886372375,-1.5508795172536338e-06,2.5461818653063086,2.5461854402198578,-3.574913549186931e-06
280,0.017000000000000001,301.60708660363946,301.6070886877834,-2.0841439436480869e-06,2.530677752289654,2.5306800674233347,-2.3151336807636369e-06
280,0.018000000000000002,301.69222666195373,301.69222944204495,-2.7800912221209728e-06,2.4769458412095933,2.4769355623908496,1.0278818743714169e-05
280,0.019,301.7917617590349,301.79176541471475,-3.6556798477249686e-06,2.3395120790055137,2.3394826964793052,2.9382526208543425e-05
280,0.02,301.90813830251244,301.90814302966771,-4.727155271666561e-06,2.0754076541810971,2.0753777578445645,2.9896336532608814e-05
290,0,301.18533485845711,301.18533399537131,8.6308580193872331e-07,2.5499999999999998,2.5500000001870178,-1.8701795667652732e-10
290,0.001,301.1861106565197,301.18610979472902,8.6179068148339866e-07,2.5499999999999998,2.550000000016508,-1.6508128197756378e-11
290,0.002,301.18846883061053,301.18846798580842,8.4480211626214441e-07,2.5499999999999998,2.5500000000113059,-1.1306067193572744e-11
290,0.0030000000000000001,301.19250190283191,301.19250108780386,8.1502804505362292e-07,2.5499999999999998,2.5500000000089607,-8.9608320763545635e-12
290,0.0040000000000000001,301.19836465542539,301.19836388471646,7.7070893667041673e-07,2.5499999999999998,2.5500000000075405,-7.5406347832540632e-12
290,0.0050000000000000001,301.20627490876734,301.20627419914268,7.0962465770207928e-07,2.5499999999999998,2.550000000006575,-6.5751848410400271e-12
290,0.0060000000000000001,301.21651446785972,301.21651383841242,6.2944729961600387e-07,2.5499999999999998,2.5500000000058667,-5.8668625513291772e-12
290,0.0070000000000000001,301.22943018885405,301.22942966067637,5.2817767937085591e-07,2.5499999999999972,2.550000000005324,-5.3268500721515011e-12
290,0.0080000000000000002,301.24543525008431,301.24543484548872,4.0459559613736928e-07,2.5499999999997889,2.5500000000047027,-4.9138471069909428e-12
290,0.0090000000000000011,301.26501096440694,301.2650107058725,2.5853444185486296e-07,2.5499999999873602,2.5499999999926888,-5.3286264289909013e-12
290,0.01,301.28870985168822,301.28870976104304,9.0645187356130918e-08,2.5499999994526554,2.5499999994802942,-2.7638780153438347e-11
290,0.010999999999999999,301.31716116692098,301.31716126560889,-9.8687905847327784e-08,2.5499999828444619,2.5499999833310611,-4.8659920537375001e-10
290,0.012,301.35108054021373,301.35108085160346,-3.1138972644839669e-07,2.5499996104180882,2.5499996172539947,-6.8359065075185299e-09
290,0.013000000000000001,301.39128562917762,301.39128618350986,-5.5433224588341545e-07,2.5499935770816915,2.5499936424807426,-6.5399051063508296e-08
290,0.014,301.43871944626335,301.43872028786365,-8.4160029700797168e-07,2.5499228632078244,2.5499232764782862,-4.1327046185202221e-07
290,0.014999999999999999,301.49448205645672,301.49448325152571,-1.195068989545689e-06,2.5493217987190659,2.549323443353301,-1.6446342350207033e-06
290,0.016,301.55986955309186,301.55987119551452,-1.6424226600975089e-06,2.5456032084066802,2.5456068375558796,-3.6291491993800662e-06
290,0.017000000000000001,301.63641681745196,301.63641902969488,-2.212242918631091e-06,2.5287692423940484,2.5287712222868723,-1.9798928239112001e-06
290,0.018000000000000002,301.72593811221856,301.72594103972312,-2.92750456765134e-06,2.4725701377089027,2.4725594697353181,1.0667973584510548e-05
290,0.019,301.83055787289288,301.83056167232223,-3.7994293506926624e-06,2.3326115860126455,2.3325826948419843,2.8891170661182741e-05
290,0.02,301.95272395221866,301.95272879614674,-4.8439280817547115e-06,2.0681162061650249,2.0680872345057111,2.8971659313814513e-05
300,0,301.19079222086418,301.19079133249062,8.8837356315707439e-07,2.5499999999999998,2.5500000001870178,-1.8701795667652732e-10
300,0.001,301.19163766793645,301.1916367815931,8.8634334360904177e-07,2.5499999999999998,2.5500000000165066,-1.6506795930126827e-11
300,0.002,301.19420511706323,301.19420424983463,8.6722860714871786e-07,2.5499999999999998,2.5500000000113072,-1.1307399461202294e-11
300,0.0030000000000000001,301.19858803674703,301.19858720255962,8.3418740359775256e-07,2.5499999999999998,2.5500000000089575,-8.957723451885613e-12
300,0.0040000000000000001,301.20494268202538,301.20494189611838,7.8590699104097439e-07,2.5499999999999998,2.5500000000075409,-7.5410788724639133e-12
300,0.0050000000000000001,301.21348879069257,301.21348806986509,7.2082747237800504e-07,2.5499999999999998,2.5500000000065741,-6.574296662620327e-12
300,0.0060000000000000001,301.22451057044054,301.22450993298145,6.3745909528734046e-07,2.5499999999999998,2.5500000000058662,-5.8664184621193272e-12
300,0.0070000000000000001,301.2383580875179,301.23835755286183,5.3465606697500334e-07,2.5499999999999927,2.5500000000053165,-5.3237414476825506e-12
300,0.0080000000000000002,301.25544933124775,301.25544891950909,4.1173865383825614e-07,2.5499999999994913,2.5500000000044247,-4.9333870322243456e-12
300,0.0090000000000000011,301.27627346747994,301.27627319917843,2.6830150545720244e-07,2.5499999999733545,2.549999999979395,-6.0405014323805517e-12
300,0.01,301.3013960810739,301.30139597751463,1.0355927315686131e-07,2.5499999989773996,2.5499999990211815,-4.3781867020697973e-11
300,0.010999999999999999,301.3314674762517,301.3314675610572,-8.4805492406303529e-08,2.5499999712781203,2.5499999720125701,-7.3444983428316846e-10
300,0.012,301.36723524368585,301.3672355458184,-3.0213254831323866e-07,2.5499994090117388,2.5499994183757964,-9.3640575293818529e-09
300,0.013000000000000001,301.40956217411895,301.40956273232194,-5.5820299849074217e-07,2.5499910730026945,2.5499911549849337,-8.1982239219513531e-08
300,0.014,301.45945006813696,301.45945093613682,-8.679998586558213e-07,2.5499006783522686,2.5499011572871635,-4.7893489485417717e-07
300,0.014999999999999999,301.51806899685403,301.51807024807687,-1.2512228408922965e-06,2.5491820295662757,2.5491838069306847,-1.7773644089835727e-06
300,0.016,301.5867901778567,301.58679190805844,-1.730201745431259e-06,2.5449784885046993,2.5449821522469795,-3.6637422802243691e-06
300,0.017000000000000001,301.66721908483572,301.66722141110404,-2.326268315755442e-06,2.5267946269594526,2.5267962704558444,-1.6434963918676715e-06
300,0.018000000000000002,301.76122409879582,301.76122715402749,-3.0552316729881568e-06,2.4681796746474012,2.4681686554793387,1.1019168062453844e-05
300,0.019,301.87095538207166,301.87095930527084,-3.9231991877386463e-06,2.3258165109209799,2.3257881042592388,2.8406661741087191e-05
300,0.02,301.9988480792893,301.99885401491747,-5.935628166753304e-06,2.0609827509838166,2.060954653496609,2.8097487207556782e-05
310,0,301.19672219950144,301.19672128762477,9.1187666839687154e-07,2.5499999999999998,2.5500000001963681,-1.9636825498992039e-10
310,0.001,301.19763797928891,301.19763707178572,9.0750319259313983e-07,2.5499999999999998,2.5500000000173344,-1.7334578217287344e-11
310,0.002,301.20041671644537,301.20041582962534,8.868200325196085e-07,2.5499999999999998,2.5500000000118708,-1.1870948668502024e-11
310,0.0030000000000000001,301.20515275331286,301.20515190175689,8.5155596707409131e-07,2.5499999999999998,2.5500000000094061,-9.4062535538341763e-12
310,0.0040000000000000001,301.21200383661727,301.21200303578104,8.0083623288373929e-07,2.5499999999999998,2.5500000000079193,-7.9194428792561666e-12
310,0.0050000000000000001,301.22119193956411,301.22119120590804,7.3365606567676878e-07,2.5499999999999998,2.5500000000069027,-6.9029226779093733e-12
310,0.0060000000000000001,301.2330045631922,301.23300391413369,6.4905850649665808e-07,2.5499999999999998,2.5500000000061593,-6.1595173406203685e-12
310,0.0070000000000000001,301.24779674169366,301.24779619548474,5.4620892342427396e-07,2.5499999999999821,2.5500000000055736,-5.5915272412221384e-12
310,0.0080000000000000002,301.26599412693855,301.26599370265927,4.2427927837707102e-07,2.5499999999988434,2.5500000000040615,-5.2180482157382357e-12
310,0.0090000000000000011,301.28809770488732,301.28809742283045,2.8205687385707279e-07,2.5499999999463734,2.5499999999538825,-7.5091044493547088e-12
310,0.01,301.31469086180914,301.31469074456533,1.1724381465683109e-07,2.5499999981619421,2.5499999982309016,-6.8959504773147273e-11
310,0.010999999999999999,301.34644960791468,301.34644968241855,-7.4503873292997014e-08,2.5499999534145528,2.5499999544932122,-1.0786593840350633e-09
310,0.012,301.38415669907278,301.38415699975474,-3.006819611073297e-07,2.5499991260084802,2.5499991385539174,-1.2545437133582027e-08
310,0.013000000000000001,301.42872008389378,301.42872065675959,-5.7286581522930646e-07,2.5499878370277895,2.5499879380968298,-1.0106904024809182e-07
310,0.014,301.48119540203498,301.48119630799914,-9.0596415702748345e-07,2.5498740230171308,2.5498745715006832,-5.4848355235392887e-07
310,0.014999999999999999,301.5428106529223,301.5428119688259,-1.3159036029719573e-06,2.5490241693828168,2.5490260751650791,-1.9057822622237097e-06
310,0.016,301.61498681557333,301.61498864094307,-1.825369736252469e-06,2.5443078822696443,2.5443115621726782,-3.679903033848575e-06
310,0.017000000000000001,301.69933759269372,301.69934004508332,-2.4523895945094409e-06,2.5247576375036611,2.5247589456766768,-1.308173015690528e-06
310,0.018000000000000002,301.7976148759663,301.79761801583493,-3.139868624657538e-06,2.4637786458984294,2.4637673105035045,1.13353949249273e-05
310,0.019,301.91156337206195,301.91156711162932,-3.7395673757600889e-06,2.3191236056378104,2.3190956758166172,2.7929821193151128e-05
310,0.02,302.04269532368448,302.04269944617999,-4.1224955111829331e-06,2.0539993593449561,2.0539720906027377,2.7268742218478081e-05
320,0,301.20312930828476,301.20312837709616,9.3118859467722359e-07,2.5499999999999998,2.5500000001963734,-1.9637358406043859e-10
320,0.001,301.20411610458694,301.20411517808992,9.264970231015468e-07,2.5499999999999998,2.5500000000173331,-1.7333245949657794e-11
320,0.002,301.20710822542009,301.20710732047672,9.0494336291158106e-07,2.5499999999999998,2.5500000000118699,-1.1870060490082324e-11
320,0.0030000000000000001,301.21220105686774,301.21220018837505,8.684926910973445e-07,2.5499999999999998,2.5500000000094034,-9.4035890185750759e-12
320,0.0040000000000000001,301.21955423901335,301.21955342240688,8.1660647310854984e-07,2.5499999999999998,2.5500000000079175,-7.9176665224167664e-12
320,0.0050000000000000001,301.22939277082662,301.22939202220459,7.4862202836811775e-07,2.5499999999999998,2.5500000000068987,-6.8989258750207227e-12
320,0.0060000000000000001,301.24200879734894,301.24200813355128,6.6379766394675244e-07,2.5499999999999985,2.5500000000061593,-6.1608496082499187e-12
320,0.0070000000000000001,301.25776435907358,301.25776379785651,5.6121706393241766e-07,2.5499999999999545,2.5500000000055461,-5.5915272412221384e-12
320,0.0080000000000000002,301.27709549832923,301.27709505883445,4.3949478367721895e-07,2.5499999999974938,2.550000000002794,-5.3002047195604973e-12
320,0.0090000000000000011,301.30051822099125,301.30051792471761,2.9627364028783632e-07,2.5499999998965177,2.5499999999061016,-9.5838892377742013e-12
320,0.01,301.32863685799771,301.32863673023888,1.2775882396454108e-07,2.54999999681023,2.5499999969165783,-1.0634826352884375e-10
320,0.010999999999999999,301.36215527628536,301.36215534758264,-7.1297279191639973e-08,2.5499999265861826,2.5499999281305072,-1.5443246681456912e-09
320,0.012,301.40189099404216,301.40189130175821,-3.0771604997426039e-07,2.5499987370278792,2.5499987535005078,-1.6472628594499383e-08
320,0.013000000000000001,301.44879126850986,301.44879186117913,-5.9266926655254792e-07,2.5499837249758852,2.5499838477093393,-1.2273345406654812e-07
320,0.014,301.50394822141766,301.50394916841321,-9.4699555575061822e-07,2.5498423860840038,2.5498430075220218,-6.2143801793368425e-07
320,0.014999999999999999,301.56860677231253,301.56860817003792,-1.397725384322257e-06,2.5488473595225618,2.5488493885780632,-2.0290555013957601e-06
320,0.016,301.6441552634289,301.6441572111533,-1.9477243995424942e-06,2.543591718986649,2.543595397890813,-3.6789041639728737e-06
320,0.017000000000000001,301.7320868998591,301.73208944176082,-2.5419017219974194e-06,2.5226618673317209,2.5226628430940483,-9.7576232738205704e-07
320,0.018000000000000002,301.83392506328278,301.83392815118555,-3.0879027690389194e-06,2.4593707815718626,2.4593591621239099,1.1619447952693207e-05
320,0.019,301.95112006555752,301.95112358027677,-3.5147192534168425e-06,2.3125297373909959,2.3125022761285567,2.7461262439132383e-05
320,0.02,302.08494446661928,302.08494830693303,-3.8403137523346231e-06,2.0471586423315311,2.0471321592233753,2.6483108155783697e-05
330,0,301.2100186157748,301.2100176659946,9.4978020115377149e-07,2.5499999999999998,2.550000000196373,-1.9637313997122874e-10
330,0.001,301.21107728260444,301.2110763376495,9.4495493385693408e-07,2.5499999999999998,2.5500000000173362,-1.7336354574126744e-11
330,0.002,301.21428545765576,301.21428453460419,9.2305157295413665e-07,2.5499999999999998,2.5500000000118721,-1.1872280936131574e-11
330,0.0030000000000000001,301.21973992054336,301.21973903437049,8.861728701958782e-07,2.5499999999999998,2.5500000000094065,-9.4066976430440263e-12
330,0.0040000000000000001,301.22760286094484,301.227602027008,8.3393683780741412e-07,2.5499999999999998,2.5500000000079179,-7.9181106116266164e-12
330,0.0050000000000000001,301.23810334890703,301.23810258315035,7.6575668117584428e-07,2.5499999999999998,2.5500000000069032,-6.9033667671192234e-12
330,0.0060000000000000001,301.25153966786206,301.25153898708624,6.8077582682235516e-07,2.549999999999998,2.550000000006158,-6.1599614298302185e-12
330,0.0070000000000000001,301.26828278749969,301.26828220977023,5.7772945183387492e-07,2.5499999999998941,2.5500000000054954,-5.6012972038388398e-12
330,0.0080000000000000002,301.28878131100811,301.28878085624063,4.5476747345674084e-07,2.5499999999948098,2.5500000000002578,-5.4480864264405682e-12
330,0.0090000000000000011,301.31356822322573,301.31356791405898,3.0916675086700707e-07,2.5499999998078184,2.5499999998207588,-1.2940315485820975e-11
330,0.01,301.34326961585555,301.34326947922636,1.3662918263435131e-07,2.5499999946387897,2.5499999947995735,-1.6078383069384472e-10
330,0.010999999999999999,301.37861515556699,301.37861522572985,-7.0162855081434827e-08,2.549999887304522,2.5499998894651204,-2.1605983668848694e-09
330,0.012,301.42044925133058,301.42044957446956,-3.231389769098314e-07,2.5499982129854448,2.5499982342234024,-2.123795761477254e-08
330,0.013000000000000001,301.46974058768154,301.4697412256682,-6.3798665905778762e-07,2.5499785787927096,2.5499787258103135,-1.4701760386870433e-07
330,0.014,301.52758606574014,301.52758709341219,-1.0276720558977104e-06,2.5498052511165135,2.5498059484169184,-6.973004049726228e-07
330,0.014999999999999999,301.59520381637464,301.59520530700888,-1.4906342471476819e-06,2.5486508180886838,2.548652964585747,-2.1464970632045777e-06
330,0.016,301.67390990279262,301.67391190409091,-2.0012982986372663e-06,2.5428304599751614,2.5428341220133746,-3.6620382131147267e-06
330,0.017000000000000001,301.76507583482282,301.76507835038285,-2.5155600269499701e-06,2.5205107648781349,2.5205114126535513,-6.4777541641802827e-07
330,0.018000000000000002,301.87006955759239,301.87007254534933,-2.9877569431846496e-06,2.4549594008432036,2.4549475269418499,1.1873901353709471e-05
330,0.019,301.99018985449879,301.99019324286655,-3.3883677588164574e-06,2.3060318912314584,2.3060048898274692,2.7001403989146411e-05
330,0.02,302.12660994823995,302.12661367363103,-3.7253910818435543e-06,2.0404537749460783,2.0404280381521791,2.5736793899167054e-05
340,0,301.21739673911861,301.21739577025335,9.6886526534945006e-07,2.5499999999999998,2.5500000001963721,-1.9637225179280904e-10
340,0.001,301.21852841666322,301.21852745264067,9.6402254712302238e-07,2.5499999999999998,2.5500000000173317,-1.7331913682028244e-11
340,0.002,301.22195621028226,301.22195526820303,9.420792252967658e-07,2.5499999999999998,2.5500000000118712,-1.1871392757711874e-11
340,0.0030000000000000001,301.22777873334229,301.22777782817991,9.0516238060445176e-07,2.5499999999999998,2.5500000000094034,-9.4035890185750759e-12
340,0.0040000000000000001,301.23616147986331,301.23616062697039,8.5289292428569752e-07,2.5499999999999998,2.5500000000079188,-7.9189987900463166e-12
340,0.0050000000000000001,301.24733866123375,301.24733787660529,7.846284688639571e-07,2.5499999999999998,2.5500000000069023,-6.9024785886995232e-12
340,0.0060000000000000001,301.26161602191382,301.26161532255099,6.9936282898197533e-07,2.5499999999999958,2.5500000000061562,-6.1604055190400686e-12
340,0.0070000000000000001,301.27937483515154,301.27937423965005,5.9550148989728768e-07,2.5499999999997649,2.5500000000053737,-5.6088467204062908e-12
340,0.0080000000000000002,301.30107724706772,301.30107677662448,4.7044323991940473e-07,2.5499999999896876,2.5499999999953888,-5.7012172760551039e-12
340,0.0090000000000000011,301.327272991619,301.32727267168752,3.1993147331377259e-07,2.5499999996553702,2.5499999996735605,-1.8190338124668415e-11
340,0.01,301.35860717835186,301.35860704100827,1.3734359072259394e-07,2.5499999912487716,2.5499999914867599,-2.3798829573706826e-10
340,0.010999999999999999,301.39582830969022,301.3958283961764,-8.6486181771761039e-08,2.5499998311042531,2.5499998340638594,-2.9596063377823612e-09
340,0.012,301.43979492341754,301.4397952853538,-3.6193625874147983e-07,2.5499975197417979,2.5499975466725258,-2.6930727869967086e-08
340,0.013000000000000001,301.49147841077212,301.49147910783506,-6.9706294425486703e-07,2.5499722272180469,2.5499724011494793,-1.7393143236787978e-07
340,0.014,301.5519589366944,301.55196002924095,-1.0925465403488488e-06,2.5497621005337749,2.5497628760978377,-7.7556406274936762e-07
340,0.014999999999999999,301.62241144362901,301.62241298102805,-1.5373990436273743e-06,2.5484338400955546,2.5484360976515226,-2.2575559679438584e-06
340,0.016,301.70407990848292,301.70408191729257,-2.0088096448489523e-06,2.5420246797571933,2.5420283103511538,-3.6305939605796311e-06
340,0.017000000000000001,301.79824051861578,301.79824299607088,-2.4774550979600463e-06,2.5183076303328833,2.5183079557703034,-3.2543742012336452e-07
340,0.018000000000000002,301.90615783864081,301.90616075372458,-2.9150837690394837e-06,2.4505474583600124,2.4505353572267325,1.2101133279873721e-05
340,0.019,302.02904129424422,302.02904459627825,-3.302034031094081e-06,2.2996271674227264,2.2996006168963117,2.655052641475919e-05
340,0.02,302.16801099644704,302.16801463943358,-3.6429865417630936e-06,2.0338784635305638,2.033853436749506,2.5026781057757574e-05
350,0,301.2252724147408,301.22527142544192,9.8929888281418243e-07,2.5499999999999998,2.5500000001963721,-1.9637225179280904e-10
350,0.001,301.22647857571582,301.2264775912268,9.844890200838563e-07,2.5499999999999998,2.5500000000173335,-1.7333690038867644e-11
350,0.002,301.23013055193536,301.23012958930093,9.6263443083444145e-07,2.5499999999999998,2.5500000000118703,-1.1870504579292174e-11
350,0.0030000000000000001,301.23632921917351,301.23632829334503,9.2582848765232484e-07,2.5499999999999998,2.5500000000094047,-9.4049212862046261e-12
350,0.0040000000000000001,301.24524405016456,301.24524317657119,8.7359336475856253e-07,2.5499999999999998,2.5500000000079166,-7.9167783439970663e-12
350,0.0050000000000000001,301.25711522245763,301.25711441740685,8.0505077448833617e-07,2.5500000000000003,2.5500000000069014,-6.9011463210699731e-12
350,0.0060000000000000001,301.27225671401754,301.27225599530738,7.1871016871227766e-07,2.5499999999999909,2.55000000000615,-6.1590732514105184e-12
350,0.0070000000000000001,301.2910604502473,301.29105983811331,6.1213398794279783e-07,2.549999999999502,2.5500000000051246,-5.6226134859116428e-12
350,0.0080000000000000002,301.31400145410714,301.31400097256358,4.8154356591112446e-07,2.5499999999802694,2.5499999999863978,-6.1284310959308641e-12
350,0.0090000000000000011,301.34164372737825,301.34164340583789,3.215403694412089e-07,2.5499999994014995,2.5499999994276639,-2.6164403976736139e-11
350,0.01,301.37464623929685,301.37464611404664,1.252502102033759e-07,2.5499999860927103,2.5499999864376401,-3.4492986245027168e-10
350,0.010999999999999999,301.41376793898525,301.41376805373346,-1.1474821803858504e-07,2.5499997523795517,2.5499997563559429,-3.9763912162982251e-09
350,0.012,301.45987022288779,301.45987062741159,-4.0452380289934808e-07,2.5499966178061255,2.5499966514418571,-3.3635731533365743e-08
350,0.013000000000000001,301.51391493687061,301.51391568308401,-7.4621340218072874e-07,2.5499644866212057,2.5499646900756585,-2.0345445284064567e-07
350,0.014,301.57695599332067,301.57695712890194,-1.135581271682895e-06,2.5497124194528125,2.5497132751761296,-8.5572331709471428e-07
350,0.014999999999999999,301.65012324982445,301.65012481069016,-1.5608657122356817e-06,2.5481957966077533,2.5481981584132165,-2.3618054632024155e-06
350,0.016,301.73459852921621,301.73460053309992,-2.0038837078573124e-06,2.5411750489821503,2.5411786348193792,-3.5858372289254703e-06
350,0.017000000000000001,301.8315854384395,301.83158788161302,-2.4431735141661193e-06,2.5160556147892552,2.516055624519268,-9.7300127954724758e-09
350,0.018000000000000002,301.94227656393446,301.94227942229168,-2.8583572202478535e-06,2.4461375850028255,2.4461252816653656,1.2303337459940167e-05
350,0.019,302.06782307472969,302.06782630918173,-3.2344520377591834e-06,2.293312778392445,2.2932866695796617,2.6108812783309787e-05
350,0.02,302.20931213325071,302.20931570986892,-3.5766182122642931e-06,2.0274268800546644,2.0274025296770883,2.4350377576087823e-05
360,0,301.23365656767305,301.23365555598269,1.0116903581547376e-06,2.5499999999999998,2.5500000001963725,-1.9637269588201889e-10
360,0.001,301.23493898372743,301.23493797681942,1.0069080076391401e-06,2.5499999999999998,2.5500000000173353,-1.7335466395707044e-11
360,0.002,301.238820567728,301.23881958263746,9.8509053714224137e-07,2.5499999999999998,2.5500000000118734,-1.1873613203761124e-11
360,0.0030000000000000001,301.24540476127174,301.24540381309026,9.4818147999831126e-07,2.5499999999999998,2.5500000000094047,-9.4049212862046261e-12
360,0.0040000000000000001,301.25486542277696,301.25486452736874,8.9540822045819368e-07,2.5499999999999998,2.5500000000079197,-7.9198869684660167e-12
360,0.0050000000000000001,301.26744903384059,301.26744820843101,8.2540958601384773e-07,2.5500000000000003,2.5500000000069041,-6.9038108563290734e-12
360,0.0060000000000000001,301.28347779484085,301.28347705881259,7.3602825523266802e-07,2.5499999999999781,2.5500000000061407,-6.1626259650893189e-12
360,0.0070000000000000001,301.30335352651394,301.30335290242272,6.2409122847384424e-07,2.5499999999989833,2.5500000000046374,-5.6541438198109972e-12
360,0.0080000000000000002,301.32756214577779,301.327561660475,4.8530279173064628e-07,2.5499999999635405,2.5499999999703684,-6.8278716014447127e-12
360,0.0090000000000000011,301.35667825809048,301.35667794368686,3.1440362135981559e-07,2.5499999989907858,2.5499999990287536,-3.7967851085340953e-11
360,0.01,301.39136912073974,301.39136901499239,1.0574734687907039e-07,2.5499999784358844,2.5499999789257721,-4.8988768597268972e-10
360,0.010999999999999999,301.43239693032359,301.43239707594813,-1.4562453998223646e-07,2.5499996442158648,2.5499996494643504,-5.2484856460921492e-09
360,0.012,301.48061815985449,301.48061860237186,-4.4251737563172355e-07,2.5499954620997616,2.5499955035314676,-4.1431706065964136e-08
360,0.013000000000000001,301.53697863191377,301.53697941594874,-7.840349667276314e-07,2.5499551619737306,2.5499553975116838,-2.3553795314157355e-07
360,0.014,301.6025032796299,301.60250444406734,-1.1644374353636522e-06,2.5496556991677739,2.5496566364497886,-9.372820146680283e-07
360,0.014999999999999999,301.67828018606315,301.67828175898137,-1.5729182223367388e-06,2.5479361330580179,2.5479385919888431,-2.4589308251776743e-06
360,0.016,301.76543947593774,301.76544147054602,-1.9946082829847001e-06,2.5402823190521295,2.5402858480467252,-3.5289945956584745e-06
360,0.017000000000000001,301.86512880153532,301.8651312142664,-2.4127310780386324e-06,2.5137577213191848,2.5137574227463775,2.9857280736678149e-07
360,0.018000000000000002,301.97848823627965,301.97849104774781,-2.8114681640545314e-06,2.4417321236616729,2.4417196411301449,1.2482531527968632e-05
360,0.019,302.10662803152206,302.1066312095611,-3.1780390372659895e-06,2.2870860462776932,2.2870603699163459,2.5676361347315435e-05
360,0.02,302.25061311992403,302.25061613974117,-3.019817143012915e-06,2.0210936141220386,2.0210699088926516,2.3705229386994375e-05
370,0,301.2425618225891,301.24256078724727,1.0353418247177615e-06,2.5499999999999998,2.5500000002103986,-2.1039880948592327e-10
370,0.001,301.24392244950349,301.24392141869902,1.0308044693374541e-06,2.5499999999999998,2.550000000018573,-1.8573143023559169e-11
370,0.002,301.24803955250422,301.24803854393406,1.008570166050049e-06,2.5499999999999998,2.5500000000127194,-1.2719603148525493e-11
370,0.0030000000000000001,301.25501923344683,301.2550182627291,9.7071773552670493e-07,2.5499999999999998,2.5500000000100758,-1.0075940082288071e-11
370,0.0040000000000000001,301.26503976816218,301.26503885202408,9.1613810582202859e-07,2.5499999999999998,2.5500000000084819,-8.482103908136196e-12
370,0.0050000000000000001,301.27835372042335,301.27835287737702,8.4304633674037177e-07,2.5499999999999989,2.5500000000073912,-7.3923089871641423e-12
370,0.0060000000000000001,301.29529077726806,301.29529002839593,7.4887213941110531e-07,2.5499999999999519,2.5500000000065519,-6.6000538367916306e-12
370,0.0070000000000000001,301.31626110771219,301.31626047750717,6.3020502238941845e-07,2.5499999999979996,2.5500000000041054,-6.1057825462285109e-12
370,0.0080000000000000002,301.3417588997068,301.34175841681002,4.8289678034052486e-07,2.5499999999347462,2.5499999999430414,-8.2951423507893196e-12
370,0.0090000000000000011,301.37236554436339,301.3723652419535,3.0240988735386054e-07,2.5499999983437456,2.5499999983990951,-5.5349502758872404e-11
370,0.01,301.40875173975849,301.40875165528956,8.4468922523228684e-08,2.5499999673122669,2.5499999679951766,-6.8290972876638989e-10
370,0.010999999999999999,301.45167762789606,301.45167780188848,-1.7399241869497928e-07,2.5499994982201097,2.5499995050361286,-6.8160188604338146e-09
370,0.012,301.50199002334216,301.50199049697449,-4.7363232624775264e-07,2.5499940017823821,2.5499940521734472,-5.0391065098409626e-08
370,0.013000000000000001,301.56061591139633,301.5606167226606,-8.1126427176059224e-07,2.549944047927867,2.5499443180363897,-2.7010852265973995e-07
370,0.014,301.6285517546512,301.62855293367033,-1.1790191365435021e-06,2.5495914402539661,2.5495924600120667,-1.0197581006288203e-06
370,0.014999999999999999,301.70684885732572,301.7068504261714,-1.5688456755924562e-06,2.5476543669315945,2.5476569156415212,-2.5487099266641167e-06
370,0.016,301.79659643299595,301.79659841592576,-1.982929802579747e-06,2.5393473083615441,2.5393507696017923,-3.4612402481926097e-06
370,0.017000000000000001,301.89890675453131,301.89890917059421,-2.4160628981917398e-06,2.5114168074788021,2.5114162086217968,5.9885700531836505e-07
370,0.018000000000000002,302.01491052756262,302.01491334295144,-2.8153888251836179e-06,2.4373331606549073,2.4373205201046821,1.2640550225206937e-05
370,0.019,302.1457713254772,302.14577449123806,-3.1657608587920549e-06,2.280944400052844,2.2809191468390475,2.5253213796538887e-05
370,0.02,302.29271856570273,302.29272215405075,-3.5883480222764774e-06,2.0148737632150819,2.0148506754824727,2.3087732609283762e-05
380,0,301.25200155002409,301.25200049035431,1.0596697848086478e-06,2.5499999999999998,2.5500000002103995,-2.1039969766434297e-10
380,0.001,301.2534423646124,301.2534413097535,1.0548588988967822e-06,2.5499999999999998,2.5500000000185734,-1.8573587112769019e-11
380,0.002,301.25780088550619,301.25779985376664,1.0317395435777144e-06,2.5499999999999998,2.5500000000127185,-1.2718714970105793e-11
380,0.0030000000000000001,301.26518574482964,301.26518475261651,9.9221313121233834e-07,2.5499999999999998,2.5500000000100762,-1.0076384171497921e-11
380,0.0040000000000000001,301.27577930503759,301.27577837012313,9.3491445340987411e-07,2.5499999999999998,2.5500000000084815,-8.4816598189263459e-12
380,0.0050000000000000001,301.28983952406975,301.28983866627715,8.5779259961782373e-07,2.5499999999999976,2.5500000000073939,-7.3963057900527929e-12
380,0.0060000000000000001,301.30770234709456,301.30770158898969,7.5810487487615319e-07,2.5499999999998995,2.5500000000065079,-6.6084915317787818e-12
380,0.0070000000000000001,301.32978435864186,301.32978372614286,6.3249899540096521e-07,2.5499999999962002,2.5500000000023939,-6.1937122097788233e-12
380,0.0080000000000000002,301.35658530308831,301.35658482582136,4.7726695129313157e-07,2.5499999998866092,2.549999999896599,-9.9897867755771586e-12
380,0.0090000000000000011,301.38868994782996,301.38868965900656,2.8882340075142565e-07,2.5499999973490315,2.5499999974284515,-7.9420026111165498e-11
380,0.01,301.42676865139509,301.42676858705261,6.4342486894020112e-08,2.5499999514755274,2.5499999524099564,-9.344289786383797e-10
380,0.010999999999999999,301.47157595371442,301.47157615149752,-1.9778309479079326e-07,2.5499993043537721,2.5499993130730765,-8.7193043896149902e-09
380,0.012,301.52394659244544,301.52394709042909,-4.9798364898379077e-07,2.5499921801460217,2.5499922407213904,-6.057536872106084e-08
380,0.013000000000000001,301.58478865540638,301.5847894903556,-8.3494921909732511e-07,2.5499309299758393,2.5499312370425424,-3.0706670317570683e-07
380,0.014,301.65507420236719,301.65507540453905,-1.2021718589494412e-06,2.5495191552831056,2.5495202579768201,-1.1026937145608429e-06
380,0.014999999999999999,301.73582866650264,301.73583025194739,-1.5854447497076762e-06,2.5473500849316615,2.5473527159574911,-2.6310258296469158e-06
380,0.016,301.82812149826708,301.82812346982149,-1.9715544112841599e-06,2.5383708900281348,2.5383742737308883,-3.3837027535454922e-06
380,0.017000000000000001,301.93306124102003,301.93306360279882,-2.3617787974217208e-06,2.50903558894667,2.509034698250951,8.9069571895805666e-07
380,0.018000000000000002,302.05179751278501,302.05180028242546,-2.7696404458765755e-06,2.4329425534982567,2.4329297743643097,1.2779133947038446e-05
380,0.019,302.18552954616604,302.18553274884954,-3.2026835015130928e-06,2.2748853732157892,2.2748605338739738,2.4839341815408034e-05
380,0.02,302.33551686750747,302.33552053840202,-3.6708945572172524e-06,2.0087626105016758,2.0087401124097934,2.2498091882372506e-05
390,0,301.26198874635259,301.26198766278026,1.0835723287527799e-06,2.5499999999999998,2.5500000002104,-2.1040014175355282e-10
390,0.001,301.26351158570344,301.26351050734763,1.0783558082039235e-06,2.5499999999999998,2.5500000000185761,-1.8576251648028119e-11
390,0.002,301.26811694056215,301.26811588659086,1.0539712889112707e-06,2.5499999999999998,2.5500000000127203,-1.2720491326945194e-11
390,0.0030000000000000001,301.27591566192905,301.27591464973074,1.0121983109456778e-06,2.5499999999999998,2.5500000000100767,-1.0076828260707771e-11
390,0.0040000000000000001,301.2870935997891,301.28709264826949,9.5151960977091221e-07,2.5499999999999998,2.5500000000084833,-8.4834361757657462e-12
390,0.0050000000000000001,301.30191312047265,301.30191225069149,8.6978116087266244e-07,2.5499999999999954,2.5500000000073908,-7.3954176116330927e-12
390,0.0060000000000000001,301.32071495948645,301.32071419520406,7.6428239026427036e-07,2.5499999999997982,2.5500000000064134,-6.6151528699265327e-12
390,0.0070000000000000001,301.343920118835,301.34391948689603,6.3193897403834853e-07,2.5499999999930081,2.5499999999993506,-6.3424820950785943e-12
390,0.0080000000000000002,301.3720314227366,301.37203095319796,4.6953863375165383e-07,2.5499999998082674,2.5499999998207978,-1.2530421145129367e-11
390,0.0090000000000000011,301.40563426875792,301.40563399464912,2.7410879965827917e-07,2.5499999958539572,2.549999995966663,-1.1270584465705724e-10
390,0.01,301.44539608483592,301.44539604136492,4.3471004573802929e-08,2.5499999293450828,2.5499999306023353,-1.2572525243115251e-09
390,0.010999999999999999,301.49206407017442,301.49206429314,-2.2296558199741412e-07,2.5499990507701003,2.5499990617705213,-1.1000421018536599e-08
390,0.012,301.54646100688268,301.54646153029165,-5.2340897127578501e-07,2.5499899345693975,2.549990006607282,-7.2037884546460873e-08
390,0.013000000000000001,301.60947930862847,301.60948016199916,-8.5337069322122261e-07,2.549915585652418,2.5499159319474964,-3.4629507839056828e-07
390,0.014,301.68207399269846,301.68207519900301,-1.2063045460308786e-06,2.5494383711732076,2.5494395568319717,-1.1856587640579619e-06
390,0.014999999999999999,301.76525578683783,301.76525736273248,-1.5758946574351285e-06,2.5470229398382855,2.5470256456736808,-2.7058353953002268e-06
390,0.016,301.86008586066276,301.86008782001392,-1.9593511524362839e-06,2.5373539810563202,2.5373572784974208,-3.2974411006136961e-06
390,0.017000000000000001,301.96767341011997,301.96767576830661,-2.3581866344102309e-06,2.5066166438256938,2.5066154700444421,1.1737812517509383e-06
390,0.018000000000000002,302.08917637029788,302.08917914530809,-2.7750102162826806e-06,2.4285619552901019,2.4285490554270224,1.2899863079507412e-05
390,0.019,302.22580410171298,302.22580731124373,-3.209530746062228e-06,2.2689066023900657,2.2688821677437887,2.4434646276993988e-05
390,0.02,302.3788196100312,302.37882328283644,-3.6728052350554208e-06,2.0027557326266665,2.0027337988559859,2.1933770680604425e-05
400,0,301.27253505572389,301.27253394983978,1.1058841096200922e-06,2.5499999999999998,2.5500000002104009,-2.1040102993197252e-10
400,0.001,301.27414149559502,301.27414039544851,1.1001465054505388e-06,2.5499999999999998,2.5500000000185765,-1.8576695737237969e-11
400,0.002,301.27899827492274,301.27899720074345,1.0741792948465445e-06,2.5499999999999998,2.5500000000127212,-1.2721379505364894e-11
400,0.0030000000000000001,301.28721803918967,301.28721700946897,1.0297206927134539e-06,2.5499999999999998,2.5500000000100762,-1.0076384171497921e-11
400,0.0040000000000000001,301.29898937767405,301.29898841244761,9.6522643389107543e-07,2.5499999999999989,2.5500000000084837,-8.4847684433952963e-12
400,0.0050000000000000001,301.31457795253954,301.31457707396009,8.7857944208735717e-07,2.5499999999999901,2.5500000000073872,-7.397193968472493e-12
400,0.0060000000000000001,301.33432779699217,301.33432702975932,7.672328479202406e-07,2.5499999999996068,2.5500000000062331,-6.6262551001727843e-12
400,0.0070000000000000001,301.35866250510816,301.35866187668347,6.2842468651069794e-07,2.5499999999875076,2.5499999999940792,-6.5716321273612266e-12
400,0.0080000000000000002,301.3880859774012,301.38808551789521,4.5950599769639666e-07,2.5499999996838905,2.5499999997001477,-1.6257217794191092e-11
400,0.0090000000000000011,301.42318236405418,301.42318210565992,2.5839426598395221e-07,2.5499999936532132,2.5499999938110931,-1.5787993135063516e-10
400,0.01,301.46461488661186,301.46461486249234,2.4119515273923753e-08,2.5499998989478172,2.5499999006131477,-1.6653305401348462e-09
400,0.010999999999999999,301.51312334175589,301.51312358445193,-2.426960463708383e-07,2.54999872365911,2.5499987373610864,-1.3701976442348496e-08
400,0.012,301.5695203061544,301.56952084587255,-5.3971814395481488e-07,2.5499871965348633,2.5499872813580571,-8.4823193802208152e-08
400,0.013000000000000001,301.63468634670033,301.63468721004426,-8.6334392790377024e-07,2.5498977857658449,2.5498981734265103,-3.8766066534634547e-07
400,0.014,301.70956482818906,301.70956603780428,-1.2096152204321697e-06,2.5493486311831517,2.5493498994304518,-1.2682473000680261e-06
400,0.014999999999999999,301.79515709108932,301.79515866640742,-1.5753180946376233e-06,2.5466726471138297,2.5466754202607977,-2.7731469680603027e-06
400,0.016,301.89251872672656,301.89252068541629,-1.9586897224144195e-06,2.536297532757346,2.5363007362002485,-3.2034429024996314e-06
400,0.017000000000000001,302.00275733697987,302.00275969614017,-2.3591603053318977e-06,2.5041624174854018,2.5041609696036167,1.4478817851326653e-06
400,0.018000000000000002,302.12703157692226,302.12703435307969,-2.7761574301621295e-06,2.4241928363866312,2.4241798322338197,1.3004152811468828e-05
400,0.019,302.26655062897868,302.26655383708453,-3.2081058520816441e-06,2.2630058204282686,2.2629817814183428,2.4039009925758137e-05
400,0.02,302.42257282342416,302.42257648942115,-3.6659969850916241e-06,1.9968490137169705,1.9968276206196618,2.1393097308752829e-05
410,0,301.28365011075726,301.28364898507903,1.1256782386226405e-06,2.5499999999999998,2.5500000002104009,-2.1040102993197252e-10
410,0.001,301.28534139623611,301.28534027688039,1.1193557156730094e-06,2.5499999999999998,2.5500000000185743,-1.8574475291188719e-11
410,0.002,301.29045318043484,301.2904520887987,1.0916361361523741e-06,2.5499999999999998,2.550000000012719,-1.2719159059315643e-11
410,0.0030000000000000001,301.29909943582857,301.29909839155039,1.0442781785968691e-06,2.5499999999999998,2.5500000000100767,-1.0076828260707771e-11
410,0.0040000000000000001,301.31147070752871,301.31146973172582,9.7580289093457395e-07,2.5499999999999989,2.5500000000084824,-8.4834361757657462e-12
410,0.0050000000000000001,301.32783486591279,301.32783398166418,8.8424860678060213e-07,2.5499999999999794,2.5500000000073788,-7.3994144145217433e-12
410,0.0060000000000000001,301.34853790079984,301.34853713343216,7.6736768050977844e-07,2.5499999999992591,2.5500000000059018,-6.6426864009372366e-12
410,0.0070000000000000001,301.37400452072438,301.37400389783392,6.2289046809382853e-07,2.5499999999782821,2.5499999999852134,-6.9313443873397773e-12
410,0.0080000000000000002,301.40473829383234,301.40473784496811,4.4886422756462707e-07,2.5499999994909182,2.5499999995125169,-2.1598722810267645e-11
410,0.0090000000000000011,301.44132107987366,301.44132083584861,2.4402504550380399e-07,2.5499999904757225,2.5499999906938413,-2.1811885630995675e-10
410,0.01,301.48441156747316,301.48441155935211,8.1210487223870587e-09,2.5499998578564003,2.5499998600303329,-2.1739325894998274e-09
410,0.010999999999999999,301.53474285094052,301.53474310887719,-2.579366764621227e-07,2.549998307104453,2.5499983239706503,-1.6866197327658483e-08
410,0.012,301.59311914435165,301.59311969655215,-5.5220050398929743e-07,2.5499838917077366,2.5499839906728101,-9.8965073469514664e-08
410,0.013000000000000001,301.66041190471674,301.66041277680097,-8.7208422883122694e-07,2.5498772956354845,2.5498777266512294,-4.3101574487280914e-07
410,0.014,301.73755576888084,301.73755698377494,-1.2148940982115164e-06,2.5492494965573673,2.5492508466426154,-1.3500852480419212e-06
410,0.014999999999999999,301.82554474221195,301.82554632050295,-1.5782910054440435e-06,2.5462989813256409,2.5463018143583316,-2.8330326906633729e-06
410,0.016,301.92542896971725,301.92543093018332,-1.9604660792538198e-06,2.5352025223232424,2.5352056249590671,-3.1026358247032704e-06
410,0.017000000000000001,302.03831217302564,302.03831453295857,-2.3599329210810538e-06,2.5016752278120604,2.5016735149421154,1.7128699449919793e-06
410,0.018000000000000002,302.16534950872125,302.16535228375392,-2.7750326694331306e-06,2.419836503732808,2.419823410408219,1.3093324588986377e-05
410,0.019,302.30774530307065,302.30774850658753,-3.2035168828770111e-06,2.2571808504998092,2.2571571982029055,2.3652296903708958e-05
410,0.02,302.46674996661812,302.46675362276528,-3.6561471574714233e-06,1.9910386008603216,1.9910177263061801,2.0874554141459001e-05
420,0,301.29534122627018,301.29534008397627,1.1422939110161678e-06,2.5499999999999998,2.5500000002103986,-2.1039880948592327e-10
420,0.001,301.29711825337665,301.29711711801201,1.1353646414136165e-06,2.5499999999999998,2.5500000000185761,-1.8576251648028119e-11
420,0.002,301.30248757867622,301.30248647282696,1.1058492646043305e-06,2.5499999999999998,2.5500000000127194,-1.2719603148525493e-11
420,0.0030000000000000001,301.31156405242405,301.3115629968359,1.0555881431173475e-06,2.5499999999999998,2.5500000000100762,-1.0076384171497921e-11
420,0.0040000000000000001,301.32453945162479,301.32453846836046,9.8326432862450019e-07,2.5499999999999989,2.5500000000084837,-8.4847684433952963e-12
420,0.0050000000000000001,301.34168290554572,301.34168201835809,8.8718763890938135e-07,2.5499999999999594,2.5500000000073588,-7.3994144145217433e-12
420,0.0060000000000000001,301.36334127526072,301.36334050975017,7.6551054917217698e-07,2.5499999999986422,2.5500000000053151,-6.6728844672070409e-12
420,0.0070000000000000001,301.38993930182636,301.38993868534573,6.1648063365282724e-07,2.5499999999631893,2.5499999999706628,-7.4735773125667038e-12
420,0.0080000000000000002,301.42197933024892,301.42197889153448,4.3871443722309778e-07,2.5499999991978437,2.5499999992269582,-2.9114488597770105e-11
420,0.0090000000000000011,301.46004044306341,301.46004021161468,2.3144872329794453e-07,2.5499999859695115,2.5499999862666645,-2.9715296889776255e-10
420,0.01,301.5047769005073,301.50477690579925,-5.2919517656846438e-09,2.5499998031245434,2.5499998059241298,-2.7995863405294585e-09
420,0.010999999999999999,301.55691587830881,301.55691614897125,-2.7066244001616724e-07,2.5499977829523908,2.549997803486943,-2.053455228079315e-08
420,0.012,301.61725460280843,301.61725516593162,-5.6312319429707713e-07,2.5499799400677099,2.5499800545548177,-1.1448710779404792e-07
420,0.013000000000000001,301.68665708026703,301.68665796095411,-8.806870823718782e-07,2.549853876311321,2.5498543525131416,-4.7620182064278538e-07
420,0.014,301.76605067151212,301.76605189271834,-1.221206218815496e-06,2.5491405478618883,2.5491419786918632,-1.4308299749465903e-06
420,0.014999999999999999,301.8564227480195,301.85642433061594,-1.5825964396753989e-06,2.5459017725239002,2.5459046581355298,-2.8856116296438472e-06
420,0.016,301.95881757106855,301.95881953398037,-1.9629118241937249e-06,2.5340699454709505,2.5340729413530974,-2.995882146805684e-06
420,0.017000000000000001,302.07433337736359,302.07433573759727,-2.3602336796102463e-06,2.4991572705928493,2.4991553019009154,1.9686919339179099e-06
420,0.018000000000000002,302.20411947479238,302.20412224722082,-2.7724284450414416e-06,2.4154941178607183,2.4154809492713518,1.3168589366507888e-05
420,0.019,302.34937300957148,302.34937620651675,-3.1969452720659319e-06,2.2514296023721996,2.2514063280168215,2.3274355378077871e-05
420,0.02,302.51133465788911,302.51133866076952,-4.0028804164649046e-06,1.9853208789309309,1.985300502159435,2.0376771495911328e-05
430,0,301.30761341461823,301.30761225790502,1.1567132105483324e-06,2.5499999999999998,2.5500000002197512,-2.1975132824536558e-10
430,0.001,301.30947675430673,301.30947560630312,1.1480036050670606e-06,2.5499999999999998,2.5500000000193976,-1.9397816686250735e-11
430,0.002,301.31510520017468,301.31510408340165,1.1167730349370686e-06,2.5499999999999998,2.5500000000132856,-1.3285816891084323e-11
430,0.0030000000000000001,301.32461409180047,301.32461302796406,1.063836407411145e-06,2.5499999999999998,2.5500000000105252,-1.0525358362656334e-11
430,0.0040000000000000001,301.33819583136273,301.33819484328268,9.8808004622696899e-07,2.549999999999998,2.550000000008859,-8.8609120041382994e-12
430,0.0050000000000000001,301.35612004762231,301.35611915950426,8.8811805198929505e-07,2.5499999999999221,2.5500000000076537,-7.7315931434895901e-12
430,0.0060000000000000001,301.37873365783463,301.37873289534645,7.6248818459134782e-07,2.5499999999975773,2.5500000000045935,-7.0161654264211393e-12
430,0.0070000000000000001,301.40646069010478,301.40646008024214,6.0986263861195766e-07,2.549999999939069,2.5499999999476182,-8.5491613788235554e-12
430,0.0080000000000000002,301.43980173034049,301.43980130108486,4.2925563548124046e-07,2.549999998761483,2.5499999988012321,-3.9749092906049555e-11
430,0.0090000000000000011,301.47933288516469,301.47933266496915,2.2019554535290808e-07,2.549999979684598,2.5499999800841326,-3.9953462760422553e-10
430,0.01,301.52570420283831,301.52570422001907,-1.718075282042264e-08,2.5499997312201739,2.5499997347803527,-3.5601788184180805e-09
430,0.010999999999999999,301.57963756043262,301.57963784257691,-2.8214429903528071e-07,2.5499971306957141,2.5499971554431999,-2.4747485838361172e-08
430,0.012,301.64192409257589,301.64192466614918,-5.7357328842044808e-07,2.5499752560908062,2.5499753874937623,-1.3140295607172447e-07
430,0.013000000000000001,301.7134212796139,301.71342216988177,-8.9026787009061081e-07,2.5498272857646183,2.5498278088168589,-5.2305224063076139e-07
430,0.014,301.79504975059871,301.79505098085917,-1.2302604659453209e-06,2.5490213860291107,2.5490228961994958,-1.510170385188303e-06
430,0.014999999999999999,301.88778931970791,301.88779090950231,-1.5897944081189053e-06,2.5454809025976188,2.5454838336400125,-2.9310423936834695e-06
430,0.016,301.99267147085857,301.99267344326677,-1.9724081994354492e-06,2.5329008100256099,2.5329036940074974,-2.8839818875248113e-06
430,0.017000000000000001,302.110758975414,302.11076135575433,-2.3803403337296913e-06,2.4966106250032816,2.4966084096482102,2.2153550713888137e-06
430,0.018000000000000002,302.24309258577358,302.24309534793611,-2.7621625235951797e-06,2.4111667079317241,2.4111534768720952,1.3231059628804331e-05
430,0.019,302.39058265233592,302.39058566026114,-3.0079252155701397e-06,2.2457500689609797,2.2457271639423766,2.290501860313654e-05
430,0.02,302.55385491672882,302.55385794883074,-3.0321019153234374e-06,1.9796925374762457,1.979672639854021,1.9897622224762657e-05
440,0,301.3204696409922,301.32046847452801,1.1664641874631343e-06,2.5499999999999998,2.5500000002197529,-2.1975310460220498e-10
440,0.001,301.32241958958599,301.32241843233805,1.157247936589556e-06,2.5499999999999998,2.550000000019399,-1.9399148953880285e-11
440,0.002,301.32830793726555,301.32830681272333,1.1245422228967072e-06,2.5499999999999998,2.5500000000132825,-1.3282708266615373e-11
440,0.0030000000000000001,301.33825020292204,301.33824913362452,1.0692975251913595e-06,2.5499999999999994,2.5500000000105261,-1.0526690630285884e-11
440,0.0040000000000000001,301.35243894095493,301.35243795033585,9.906190712172247e-07,2.5499999999999954,2.5500000000088572,-8.8618001825579995e-12
440,0.0050000000000000001,301.37114370806427,301.37114282065437,8.8740989667712711e-07,2.5499999999998533,2.5500000000075875,-7.7342576787486905e-12
440,0.0060000000000000001,301.39471089282841,301.39471013429289,7.5853552061744267e-07,2.5499999999957859,2.5500000000028744,-7.0885519676266995e-12
440,0.0070000000000000001,301.42356330938782,301.4235627064071,6.0298071957731736e-07,2.5499999999013441,2.5499999999110732,-9.7291064093951718e-12
440,0.0080000000000000002,301.45819946053854,301.45819904056827,4.1997026301032747e-07,2.5499999981236834,2.5499999981775456,-5.3862247995084545e-11
440,0.0090000000000000011,301.49919239572552,301.49919218667844,2.0904707298541325e-07,2.5499999710539107,2.5499999715836479,-5.2973714304016539e-10
440,0.01,301.54718811607768,301.54718814581906,-2.9741386242676526e-08,2.5499996379573715,2.5499996424313376,-4.4739660864934194e-09
440,0.010999999999999999,301.60290348033794,301.60290377562228,-2.9528433742598281e-07,2.5499963273741311,2.5499963569171618,-2.9543030688472527e-08
440,0.012,301.66712345824811,301.66712404331986,-5.8507174571786891e-07,2.5499697489759847,2.5499698986916308,-1.497156461027771e-07
440,0.013000000000000001,301.74069717839217,301.74069807584084,-8.9744867182162125e-07,2.5497972800353876,2.5497978514293846,-5.7139399700645299e-07
440,0.014,301.82453123576647,301.82453247215517,-1.2363886980892858e-06,2.5488916331371669,2.5488932209640018,-1.5878268349034386e-06
440,0.014999999999999999,301.91957694199476,301.91957855195761,-1.609962851034652e-06,2.5450363016650517,2.5450392711815129,-2.9695164611709401e-06
440,0.016,302.02680602299733,302.0268080312801,-2.0082827631995315e-06,2.5316961303539878,2.5316988980274804,-2.7676734926096458e-06
440,0.017000000000000001,302.14716842364271,302.14717080323271,-2.3795900006007287e-06,2.4940372590969098,2.4940348061760704,2.4529208393353485e-06
440,0.018000000000000002,302.28152933480396,302.28153198893625,-2.6541322881712404e-06,2.4068551850893596,2.4068419033280612,1.3281761298333805e-05
440,0.019,302.43059221382083,302.43059499488572,-2.7810648930426396e-06,2.2401403235628314,2.240117779446368,2.2544116463407704e-05
440,0.02,302.59482724743907,302.59483002640332,-2.7789642444986384e-06,1.97415036141557,1.9741309240669189,1.9437348651063502e-05
450,0,301.33391119965904,301.33391002652718,1.1731318636520882e-06,2.5499999999999998,2.5500000002197525,-2.1975266051299513e-10
450,0.001,301.3359478378581,301.3359466743741,1.1634840006990999e-06,2.5499999999999998,2.5500000000193981,-1.9398260775460585e-11
450,0.002,301.34209624756699,301.34209511804045,1.1295265380795172e-06,2.5499999999999998,2.5500000000132848,-1.3284928712664623e-11
450,0.0030000000000000001,301.35247189324349,301.35247082091223,1.0723312584559608e-06,2.5499999999999994,2.5500000000105221,-1.0522693827397234e-11
450,0.0040000000000000001,301.36726713048398,301.36726613929727,9.9118670959796873e-07,2.5499999999999918,2.5500000000088527,-8.8609120041382994e-12
450,0.0050000000000000001,301.38675102906245,301.3867501438524,8.8521005636721384e-07,2.5499999999997316,2.5500000000074725,-7.7409190168964415e-12
450,0.0060000000000000001,301.41126903462339,301.41126828114449,7.5347890060584177e-07,2.5499999999928429,2.5500000000000504,-7.2075678758665163e-12
450,0.0070000000000000001,301.44124239423934,301.44124179904469,5.9519464912227704e-07,2.5499999998435299,2.5499999998549416,-1.1411760425517059e-11
450,0.0080000000000000002,301.47716726277486,301.47716685287457,4.0990028082887875e-07,2.5499999972073941,2.5499999972801271,-7.2732930789243255e-11
450,0.0090000000000000011,301.51961338718627,301.51961318950754,1.9767873027376481e-07,2.5499999593722795,2.5499999600658318,-6.9355232668044664e-10
450,0.01,301.5692221985837,301.56922223954012,-4.0956422253657365e-08,2.5499995184279247,2.5499995239886326,-5.5607078941477539e-09
450,0.010999999999999999,301.62670396360551,301.62670426941287,-3.0580736165575217e-07,2.5499953474918704,2.5499953824495685,-3.4957698069604248e-08
450,0.012,301.69283327414001,301.69283387220327,-5.9806325225508772e-07,2.549963322910016,2.5499634923294248,-1.6941940872428063e-07
450,0.013000000000000001,301.76844153273009,301.76844245264192,-9.1991182671335991e-07,2.5497636143265563,2.5497642353780758,-6.2105151954483517e-07
450,0.014,301.8544043006608,301.85440557105824,-1.2703974334726809e-06,2.5487509329534097,2.5487525965041136,-1.6635507038564867e-06
450,0.014999999999999999,301.95162077192134,301.95162240976373,-1.6378423879359616e-06,2.5445679445418365,2.5445709457915822,-3.0012497456155529e-06
450,0.016,302.06098289401245,302.06098488786984,-1.9938573814215488e-06,2.5304569225554592,2.5304595701915398,-2.6476360805993693e-06
450,0.017000000000000001,302.18333353103094,302.18333583064748,-2.299616539858107e-06,2.4914390352172626,2.4914363537293225,2.6814879401371172e-06
450,0.018000000000000002,302.31941683215996,302.31941935186234,-2.5197023774126137e-06,2.4025603543544758,2.4025470327219525,1.332163252332208e-05
450,0.019,302.46982871093184,302.46983134442399,-2.6334921585657867e-06,2.2345985178598289,2.2345763264124154,2.2191447413444365e-05
450,0.02,302.63497892427165,302.63498157457565,-2.6503039975978027e-06,1.9686913080351409,1.9686723136061925,1.8994428948371223e-05
460,0,301.34793810421178,301.34793692720706,1.1770047194659128e-06,2.5499999999999998,2.5500000002197529,-2.1975310460220498e-10
460,0.001,301.35006135166157,301.35006018467135,1.1669902164612722e-06,2.5499999999999998,2.5500000000193981,-1.9398260775460585e-11
460,0.002,301.35646952213199,301.35646839016647,1.1319655186525779e-06,2.5499999999999998,2.5500000000132834,-1.3283596445035073e-11
460,0.0030000000000000001,301.36727785388013,301.36727678078341,1.0730967119343404e-06,2.5499999999999998,2.5500000000105225,-1.0522693827397234e-11
460,0.0040000000000000001,301.38267824452151,301.38267725469638,9.8982513918599579e-07,2.5499999999999838,2.5500000000088421,-8.858247468879199e-12
460,0.0050000000000000001,301.40293896154043,301.40293808005953,8.8148090071626939e-07,2.549999999999522,2.5500000000072718,-7.7498008010934427e-12
460,0.0060000000000000001,301.4284041565316,301.42840340911869,7.4741291200552951e-07,2.5499999999881107,2.549999999995495,-7.3843153813868412e-12
460,0.0070000000000000001,301.45949309773101,301.45949251063922,5.8709179029392544e-07,2.5499999997565839,2.5499999997703555,-1.3771650486660292e-11
460,0.0080000000000000002,301.49669898923099,301.4966985891063,4.0012469071371015e-07,2.5499999959120547,2.5499999960096558,-9.7601038362427062e-11
460,0.0090000000000000011,301.54058715794235,301.54058697182541,1.8611694940773305e-07,2.5499999437736198,2.5499999446707902,-8.971703380211693e-10
460,0.01,301.59179223012541,301.59179228567814,-5.5552732192154508e-08,2.5499993669333807,2.5499993737739923,-6.8406116326968913e-09
460,0.010999999999999999,301.65101366257011,301.65101398826795,-3.2569784025326953e-07,2.5499941629535439,2.5499942039787462,-4.1025202346389733e-08
460,0.012,301.71900864687461,301.71900927129479,-6.2442018133879174e-07,2.549955877365826,2.5499560678651267,-1.9049930077841282e-07
460,0.013000000000000001,301.79658104950903,301.79658199841083,-9.4890179980211542e-07,2.5497260440380347,2.5497267158858623,-6.7184782759355244e-07
460,0.014,301.88456487105663,301.88456616149591,-1.2904392860946245e-06,2.5485989512646889,2.5486006883877721,-1.7371230831564333e-06
460,0.014999999999999999,301.98380098132691,301.98380261353958,-1.632212672575406e-06,2.5440758473067313,2.5440788737846978,-3.0264779664612718e-06
460,0.016,302.09510687812389,302.0951088282136,-1.9500897110447113e-06,2.5291842003241047,2.529186724816566,-2.5244924612977115e-06
460,0.017000000000000001,302.21924100224004,302.21924321985074,-2.217610699517536e-06,2.4888177153025235,2.4888148141135753,2.9011889481900255e-06
460,0.018000000000000002,302.35686541957125,302.35686783153767,-2.4119664203681168e-06,2.3982829252985112,2.3982695737614685,1.3351537042627371e-05
460,0.019,302.50851271831573,302.50851523797405,-2.5196583237629966e-06,2.2291228764496682,2.2291010296460576,2.1846803610614529e-05
460,0.02,302.67456382941839,302.67456637670392,-2.5472855327279831e-06,1.9633125203412425,1.9632939524991111,1.8567842131389511e-05
470,0,301.36254941907009,301.36254824072853,1.1783415629906813e-06,2.5499999999999998,2.550000000219752,-2.1975221642378528e-10
470,0.001,301.36475907519878,301.36475790718214,1.1680166380756418e-06,2.5499999999999998,2.5500000000193994,-1.9399593043090135e-11
470,0.002,301.37142635714838,301.37142522505559,1.1320927910674072e-06,2.5499999999999998,2.5500000000132848,-1.3284928712664623e-11
470,0.0030000000000000001,301.38266613655713,301.38266506472922,1.0718279099819483e-06,2.5499999999999994,2.550000000010523,-1.0523582005816934e-11
470,0.0040000000000000001,301.39866962207691,301.39866863527726,9.8679964821712929e-07,2.5499999999999705,2.5500000000088314,-8.8609120041382994e-12
470,0.0050000000000000001,301.41970394523662,301.41970306876021,8.7647640611976385e-07,2.5499999999991689,2.5500000000069383,-7.7693407263268455e-12
470,0.0060000000000000001,301.44611147527564,301.44611073500528,7.402703658954124e-07,2.5499999999806588,2.5499999999883016,-7.6427753015195776e-12
470,0.0070000000000000001,301.4783087321797,301.47830815463544,5.7754425597522641e-07,2.5499999996281195,2.5499999996451517,-1.7032153465379452e-11
470,0.0080000000000000002,301.51678468525148,301.5167842976532,3.8759827702961047e-07,2.5499999941082594,2.5499999942381857,-1.2992629194741312e-10
470,0.0090000000000000011,301.56209810110551,301.56209793139124,1.6971426930467715e-07,2.5499999232064008,2.5499999243538252,-1.1474243777342963e-09
470,0.01,301.6148734351973,301.61487351176532,-7.6568028362089535e-08,2.5499991769184085,2.5499991852528261,-8.3344176005084591e-09
470,0.010999999999999999,301.67579456113106,301.67579491187888,-3.5074782545052585e-07,2.5499927430183544,2.5499927907947422,-4.7776387734899117e-08
470,0.012,301.74559545451183,301.74559610465673,-6.5014489791792585e-07,2.5499473074280017,2.5499475203599085,-2.129319067734059e-07
470,0.013000000000000001,301.82504688933346,301.8250478577462,-9.6841273489189916e-07,2.5496843257345838,2.5496850493409884,-7.2360640457347358e-07
470,0.014,301.91493839309385,301.91493968745664,-1.2943627893946541e-06,2.5484353760212417,2.5484371843747797,-1.8083535380242211e-06
470,0.014999999999999999,302.01605525977669,302.01605687161816,-1.6118414691845828e-06,2.5435600639929454,2.5435631094451208,-3.0454521753320307e-06
470,0.016,302.12915137620314,302.12915327753689,-1.9013337464457436e-06,2.5278789714083625,2.5278813702213019,-2.3988129393970326e-06
470,0.017000000000000001,302.25491986695903,302.25492200993642,-2.1429773937597929e-06,2.4861749660351458,2.4861718538515336,3.112183612152819e-06
470,0.018000000000000002,302.39396481463933,302.39396713487236,-2.3202330226013146e-06,2.3940235216177967,2.3940101493477175,1.3372270079248239e-05
470,0.019,302.54677814712016,302.54678057043242,-2.4233122530858964e-06,2.2237116922027349,2.2236901822166475,2.1509986087409061e-05
470,0.02,302.71372579398616,302.71372825304371,-2.4590575549154892e-06,1.9580113009678839,1.9579931442997682,1.8156668115665298e-05
480,0,301.37774345700956,301.37774227954674,1.177462820578512e-06,2.5499999999999998,2.5500000002197529,-2.1975310460220498e-10
480,0.001,301.38003921375127,301.38003804687236,1.1668789170471427e-06,2.5499999999999998,2.5500000000193972,-1.9397372597040885e-11
480,0.002,301.38696463162876,301.38696350143647,1.130192288201215e-06,2.5499999999999998,2.5500000000132839,-1.3284040534244923e-11
480,0.0030000000000000001,301.39863405478434,301.39863298608839,1.0686959512895555e-06,2.549999999999998,2.550000000010523,-1.0524914273446484e-11
480,0.0040000000000000001,301.41523770785102,301.41523672585919,9.8199183184988215e-07,2.5499999999999465,2.5500000000088101,-8.8635765393973998e-12
480,0.0050000000000000001,301.43704110340201,301.4370402338709,8.6953110667309375e-07,2.5499999999985858,2.5500000000063752,-7.7893247407700983e-12
480,0.0060000000000000001,301.46438406077493,301.46438333012628,7.3064865091510001e-07,2.5499999999691463,2.5499999999771652,-8.0189188622625807e-12
480,0.0070000000000000001,301.4976791540937,301.49767858946973,5.6462397424184019e-07,2.5499999994414377,2.5499999994629015,-2.1463719690473226e-11
480,0.0080000000000000002,301.53740931362506,301.53740894281185,3.7081321124787792e-07,2.5499999916316654,2.5499999918030616,-1.7139623054163167e-10
480,0.0090000000000000011,301.58412418881522,301.58412403988012,1.4893510069668991e-07,2.5499998964076078,2.5499998978593754,-1.4517675950287412e-09
480,0.01,301.63843475704635,301.63843485747071,-1.0042435860668775e-07,2.5499989409063457,2.5499989509695142,-1.0063168520701993e-08
480,0.010999999999999999,301.70100556161429,301.70100593669525,-3.7508095829252852e-07,2.5499910542727973,2.5499911095117485,-5.523895119097233e-08
480,0.012,301.77254393848006,301.77254460887048,-6.7039042050964781e-07,2.5499375041399901,2.5499377408260608,-2.3668607074256443e-07
480,0.013000000000000001,301.85378571056799,301.85378668907146,-9.7850346492123208e-07,2.5496382180434765,2.5496389941963686,-7.7615289217902728e-07
480,0.014,301.94547715214537,301.94547844019843,-1.2880530562142667e-06,2.5482599173168188,2.5482617943954611,-1.8770786422983576e-06
480,0.014999999999999999,302.04835358012087,302.04835516472792,-1.5846070482439245e-06,2.5430206834198215,2.5430237418538559,-3.0584340344752547e-06
480,0.016,302.16311567298641,302.16311752502673,-1.852040327321447e-06,2.5265422346000572,2.5265445057180309,-2.2711179736845111e-06
480,0.017000000000000001,302.29040542469824,302.29040749937013,-2.074671897389635e-06,2.4835123638169883,2.4835090491643914,3.3146525968419382e-06
480,0.018000000000000002,302.43078430811289,302.43078654788565,-2.2397727548195689e-06,2.3897826896554397,2.3897693050934361,1.3384562003615486e-05
480,0.019,302.58471652208692,302.58471886202216,-2.3399352357955649e-06,2.2183633231759616,2.2183421423784808,2.1180797480813141e-05
480,0.02,302.75256001040702,302.75256233162207,-2.3212150495055539e-06,1.9527850983457815,1.9527673382810913,1.7760064690230948e-05
490,0,301.39351774328827,301.39351657067698,1.1726112916221609e-06,2.5499999999999998,2.5500000002431302,-2.4313040469792213e-10
490,0.001,301.39589915877116,301.39589799536765,1.1634035104179929e-06,2.5499999999999998,2.5500000000214627,-2.1462831512053526e-11
490,0.002,301.40308131573317,301.40308018977606,1.1259571124355716e-06,2.5499999999999994,2.5500000000147005,-1.4701129202876473e-11
490,0.0030000000000000001,301.41517780484372,301.41517674172059,1.0631231361912796e-06,2.5499999999999967,2.5500000000116403,-1.1643574993058792e-11
490,0.0040000000000000001,301.43237744818708,301.43237647368056,9.7450651992403436e-07,2.5499999999999039,2.5500000000097134,-9.8094865563780331e-12
490,0.0050000000000000001,301.45494346402359,301.45494260447003,8.595535518907127e-07,2.549999999997643,2.5500000000062966,-8.6535223431383201e-12
490,0.0060000000000000001,301.48321210346779,301.48321138582497,7.1764281983632827e-07,2.5499999999516807,2.5499999999609662,-9.2854612887549592e-12
490,0.0070000000000000001,301.51759054364391,301.51758999541948,5.4822442052682163e-07,2.5499999991743438,2.549999999202412,-2.8068214419363358e-11
490,0.0080000000000000002,301.55855373787773,301.55855338682011,3.5105762208331726e-07,2.549999988276094,2.5499999885006872,-2.2459323290036082e-10
490,0.0090000000000000011,301.60663983901492,301.60663971243349,1.2658142622967716e-07,2.5499998618753543,2.5499998636941892,-1.8188348605008287e-09
490,0.01,301.66244374680173,301.66244387037898,-1.2357725154288346e-07,2.5499986504375918,2.5499986624862063,-1.2048614550508319e-08
490,0.010999999999999999,301.72660831514094,301.72660871112998,-3.9598904777449206e-07,2.5499890606214972,2.5499891240592487,-6.3437751496309147e-08
490,0.012,301.79981282873638,301.79981351346675,-6.8473036662908271e-07,2.549926354867952,2.5499266165919061,-2.6172395406476312e-07
490,0.013000000000000001,301.88275856752682,301.88275954833023,-9.8080340649175923e-07,2.5495874824805829,2.5495883117972329,-8.2931665001950705e-07
490,0.014,301.97615172654588,301.97615299971096,-1.2731650826935947e-06,2.5480723072272569,2.5480742503879825,-1.9431607256592542e-06
490,0.014999999999999999,302.0806851220371,302.08068667351142,-1.5514743267885933e-06,2.5424578261733393,2.5424608918667317,-3.0656933924788632e-06
490,0.016,302.19702369731681,302.19702549588862,-1.7985718159252428e-06,2.5251749771882901,2.5251771190709942,-2.1418827040875499e-06
490,0.017000000000000001,302.3258081302813,302.32581012731941,-1.9970381117673242e-06,2.4808313995577844,2.4808278907646106,3.5087931737898259e-06
490,0.018000000000000002,302.46770566547212,302.4677078659517,-2.2004795710017788e-06,2.3855609059850136,2.3855475168996061,1.3389085407489176e-05
490,0.019,302.62354013078539,302.6235426748691,-2.5440837134738103e-06,2.2130761898272366,2.2130553307852803,2.0859041956367008e-05
490,0.02,302.79448998630062,302.79449314222438,-3.1559237640976789e-06,1.9476317145720849,1.9476143394385401,1.7375133544828003e-05
500,0,301.40986874258499,301.40986757553941,1.1670455819512426e-06,2.5499999999999998,2.5500000002431311,-2.4313129287634183e-10
500,0.001,301.41233518872872,301.41233403119287,1.157535848506086e-06,2.5499999999999998,2.5500000000214644,-2.1464607868892926e-11
500,0.002,301.41977210435584,301.41977098517322,1.1191826274625782e-06,2.5499999999999998,2.550000000014697,-1.4697132399987822e-11
500,0.0030000000000000001,301.43229202686933,301.43229097203118,1.054838151048898e-06,2.549999999999994,2.5500000000116354,-1.1641354547009541e-11
500,0.0040000000000000001,301.45008184066864,301.45008087654054,9.641281053518469e-07,2.5499999999998324,2.5500000000096432,-9.8108188240075833e-12
500,0.0050000000000000001,301.47340165429944,301.47340080772716,8.4657227716888883e-07,2.5499999999961491,2.5500000000048599,-8.7108098512089782e-12
500,0.0060000000000000001,301.50258301206128,301.50258231033428,7.0172700361581519e-07,2.5499999999256264,2.549999999935658,-1.0031531161303064e-11
500,0.0070000000000000001,301.53802621721576,301.53802568781799,5.293977665132843e-07,2.5499999987977477,2.5499999988336719,-3.5924152541610965e-11
500,0.0080000000000000002,301.58019648051129,301.58019615054667,3.299646209597995e-07,2.5499999837858542,2.5499999840763694,-2.9051516747813366e-10
500,0.0090000000000000011,301.62961856197734,301.62961845717564,1.0480169976290199e-07,2.5499998178404222,2.549999820096533,-2.2561108536933716e-09
500,0.01,301.68686957284456,301.68686971626641,-1.4342185750138015e-07,2.5499982960116903,2.5499983103225015,-1.4310811202733476e-08
500,0.010999999999999999,301.75256970373141,301.7525701146256,-4.1089418800765998e-07,2.5499867232957882,2.5499867956883384,-7.2392550176658688e-08
500,0.012,301.82737096763071,301.8273716602892,-6.9265848878785619e-07,2.549913743676071,2.5499140316759115,-2.8799984042038318e-07
500,0.013000000000000001,301.91194484037067,301.91194582055942,-9.8018875860361732e-07,2.5495318842029286,2.549532767133432,-8.8293050337640011e-07
500,0.014,302.00697132917071,302.00697258613582,-1.2569651062221965e-06,2.5478722995268099,2.5478743060119737,-2.0064851637968673e-06
500,0.014999999999999999,302.1131347675269,302.11313626953307,-1.5020061709947186e-06,2.5418716417439513,2.5418747092471432,-3.0675031919003004e-06
500,0.016,302.23113491969622,302.2311366359371,-1.7162408880722069e-06,2.5237781728263933,2.5237801843630812,-2.0115366878847851e-06
500,0.017000000000000001,302.3617233545242,302.36172530447175,-1.9499475456541404e-06,2.4781334832640853,2.4781297884460103,3.6948180750506765e-06
500,0.018000000000000002,302.50577041899726,302.50577269785481,-2.2788575506638153e-06,2.3813585841924967,2.381345197730385,1.338646211168637e-05
500,0.019,302.66435492425842,302.6643576818031,-2.7575446779337653e-06,2.2078487741050439,2.2078282295538956,2.054455114830489e-05
500,0.02,302.83885104329443,302.838854443554,-3.400259572572395e-06,1.942548817267483,1.9425318126552056,1.7004612277382591e-05
510,0,301.42679149417734,301.42679033562865,1.1585486845433479e-06,2.5499999999999998,2.5500000002431298,-2.4312996060871228e-10
510,0.001,301.42934210559918,301.42934095688366,1.1487155120448733e-06,2.5499999999999998,2.5500000000214635,-2.1463719690473226e-11
510,0.002,301.43703106921356,301.43702995981016,1.1094033993686025e-06,2.5499999999999994,2.5500000000146952,-1.4695800132358272e-11
510,0.0030000000000000001,301.44996951963924,301.44996847613311,1.0435061312819016e-06,2.5499999999999887,2.5500000000116301,-1.1641354547009541e-11
510,0.0040000000000000001,301.46834180463946,301.46834085388861,9.5075085937423864e-07,2.5499999999997138,2.5500000000095313,-9.8174801621553343e-12
510,0.0050000000000000001,301.49240406205035,301.49240323118892,8.3086143831678783e-07,2.5499999999938257,2.5500000000026208,-8.7951868010804901e-12
510,0.0060000000000000001,301.5224820139648,301.52248133021953,6.8374527018022491e-07,2.5499999998873752,2.5499999998984384,-1.106315039578476e-11
510,0.0070000000000000001,301.55896777676168,301.55896726707863,5.0968304776688456e-07,2.5499999982740134,2.5499999983201893,-4.6175951950999661e-11
510,0.0080000000000000002,301.60231546035044,301.60231515085405,3.0949638585298089e-07,2.549999977847242,2.5499999782195313,-3.7228931049071434e-10
510,0.0090000000000000011,301.65303536105273,301.65303527630641,8.4746318407269428e-08,2.549999762236892,2.5499997650102384,-2.7733464413870479e-09
510,0.01,301.71168669853949,301.71168686026891,-1.6172941741388058e-07,2.5499978670334622,2.5499978839046675,-1.6871205321677962e-08
510,0.010999999999999999,301.77886920161387,301.77886962618828,-4.2457440940779634e-07,2.5499840008789185,2.5499840829999867,-8.2121068167850808e-08
510,0.012,301.85521452506742,301.85521521950898,-6.9444155315068201e-07,2.5498995517087861,2.549899867172698,-3.1546391188186362e-07
510,0.013000000000000001,301.94137954776949,301.94138050646905,-9.5869955885063973e-07,2.549471192689599,2.5494721295237914,-9.3683419244428023e-07
510,0.014,302.03804493242501,302.03804613977564,-1.207350635468174e-06,2.5476596693035249,2.5476617362637044,-2.0669601794587322e-06
510,0.014999999999999999,302.14592340625649,302.14592484990925,-1.443652763555292e-06,2.5412623058247563,2.5412653699630443,-3.0641382879892376e-06
510,0.016,302.26578209080174,302.26578378318339,-1.6923816588132468e-06,2.5223527797572052,2.5223546602279669,-1.8804707617725569e-06
510,0.017000000000000001,302.39848079382011,302.39848278748485,-1.9936647390750295e-06,2.4754199484167518,2.4754160754713213,3.8729454305830302e-06
510,0.018000000000000002,302.54502307455573,302.5450254592713,-2.3847155716794077e-06,2.377176080981553,2.3771627037187382,1.3377262814806556e-05
510,0.019,302.70661031109535,302.70661319680283,-2.8857074880761502e-06,2.2026796205247763,2.2026593834276751,2.0237097101194479e-05
510,0.02,302.88468386085685,302.88468737033458,-3.5094777217636874e-06,1.9375341633834657,1.9375175166921821,1.6646691283650483e-05
520,0,301.44427932796157,301.44427818109966,1.1468619049992412e-06,2.5499999999999998,2.550000000243128,-2.4312818425187288e-10
520,0.001,301.44691297289876,301.44691183618147,1.1367172874088283e-06,2.5499999999999994,2.5500000000214631,-2.1463719690473226e-11
520,0.002,301.45485046893742,301.45484937243583,1.0965015917463461e-06,2.5499999999999989,2.5500000000146947,-1.4695800132358272e-11
520,0.0030000000000000001,301.46820118833261,301.46820015913096,1.0292016554558359e-06,2.5499999999999798,2.5500000000116216,-1.1641798636219391e-11
520,0.0040000000000000001,301.4871463515023,301.48714541679749,9.3470481488111545e-07,2.549999999999522,2.5500000000093461,-9.8241415003030852e-12
520,0.0050000000000000001,301.51193733330854,301.51193652035221,8.1295632980982191e-07,2.549999999990272,2.5499999999991889,-8.9168672445794073e-12
520,0.0060000000000000001,301.5428931191841,301.54289245505208,6.6413201693649171e-07,2.5499999998320559,2.5499999998445211,-1.2465140031281408e-11
520,0.0070000000000000001,301.58039678107968,301.5803962922094,4.8887028469835059e-07,2.5499999975550347,2.5499999976144441,-5.9409366315321677e-11
520,0.0080000000000000002,301.62489088713897,301.62489059849219,2.8864678824902512e-07,2.5499999700792468,2.5499999705519811,-4.7273429615302121e-10
520,0.0090000000000000011,301.67687189725632,301.67687183092755,6.6328766479273327e-08,2.5499996926721988,2.5499996960523958,-3.3801970111824176e-09
520,0.01,301.73688387727219,301.73688405050075,-1.7322855683232774e-07,2.5499973517639676,2.5499973715142663,-1.9750298729803717e-08
520,0.010999999999999999,301.80551232482139,301.80551274787456,-4.2305316583224339e-07,2.5499808493474081,2.5499809419842574,-9.2636849302607516e-08
520,0.012,301.88337952631446,301.88338020156453,-6.7525007807489601e-07,2.5498836575761357,2.5498840016371163,-3.4406098059491796e-07
520,0.013000000000000001,301.9711435368701,301.97114446099812,-9.2412801677710377e-07,2.549405182351097,2.5494061732245954,-9.9087349836324279e-07
520,0.014,302.06950332207418,302.0695044926656,-1.170591417576361e-06,2.547434212486781,2.5474363370007853,-2.1245140042758237e-06
520,0.014999999999999999,302.17921242092825,302.17921384660241,-1.4256741565077391e-06,2.5406300177674757,2.5406330736396097,-3.0558721340057104e-06
520,0.016,302.3011022914643,302.30110400174146,-1.7102771607824252e-06,2.5208997393566017,2.5209014883942036,-1.7490376018614029e-06
520,0.017000000000000001,302.43611415196892,302.43611620156241,-2.0495934904829483e-06,2.4726920561453358,2.4726880127452628,4.0434000729838715e-06
520,0.018000000000000002,302.58533501722167,302.5853374826799,-2.4654582375660539e-06,2.3730137017690631,2.3730003397529491,1.3362016114015773e-05
520,0.019,302.75003073483452,302.75003370465805,-2.969823526655091e-06,2.1975673285264534,2.1975473920713626,1.9936455090796557e-05
520,0.02,302.93166743864646,302.93167101606667,-3.5774202160610002e-06,1.9325856603479061,1.9325693597047375,1.6300643168598583e-05
530,0,301.46232376431584,301.46232263236362,1.1319522172925645e-06,2.5499999999999998,2.5500000002431307,-2.4313084878713198e-10
530,0.001,301.46503904809333,301.46503792655511,1.1215382187401701e-06,2.5500000000000007,2.5500000000214644,-2.1463719690473226e-11
530,0.002,301.47322078375851,301.47321970321002,1.0805484862430603e-06,2.5499999999999985,2.5500000000146974,-1.4698908756827223e-11
530,0.0030000000000000001,301.48697626674902,301.48697525467895,1.0120700721927278e-06,2.5499999999999647,2.5500000000116083,-1.1643574993058792e-11
530,0.0040000000000000001,301.50648311228866,301.50648219611639,9.1617226871676394e-07,2.549999999999216,2.5500000000090539,-9.8379082658084371e-12
530,0.0050000000000000001,301.53198738438175,301.53198659127844,7.9310331102533382e-07,2.5499999999849261,2.5499999999940131,-9.0869534119519813e-12
530,0.0060000000000000001,301.56380089348062,301.56380024994309,6.4353753259638324e-07,2.5499999997531813,2.5499999997675302,-1.4348966459465373e-11
530,0.0070000000000000001,301.60229764972837,301.60229718083667,4.6889169880159898e-07,2.5499999965800138,2.5499999966563101,-7.6296302609080158e-11
530,0.0080000000000000002,301.64790956466243,301.64790929298192,2.7168050564796431e-07,2.5499999600234817,2.5499999606184396,-5.9495786075558499e-10
530,0.0090000000000000011,301.7011216909703,301.70112163520969,5.5760608574928483e-08,2.5499996063968107,2.5499996104835723,-4.0867615958006809e-09
530,0.01,301.76246758727717,301.76246776108604,-1.7380887129547773e-07,2.5499967372765369,2.5499967602445417,-2.2968004831369626e-08
530,0.010999999999999999,301.83252577042708,301.83252618202772,-4.116006380172621e-07,2.5499772221271937,2.5499773260769487,-1.0394975502592274e-07
530,0.012,301.91191859455074,301.91191924805281,-6.5350207023584517e-07,2.5498659377383648,2.549866311469974,-3.7373160921561066e-07
530,0.013000000000000001,302.00131513218258,302.00131603113499,-8.9895240762416506e-07,2.5493336330700118,2.5493346779711286,-1.0449011167423805e-06
530,0.014,302.10143953666494,302.10144068959909,-1.1529341463756282e-06,2.5471957453046512,2.5471979243982501,-2.1790935988974525e-06
530,0.014999999999999999,302.21308575575614,302.21308718243233,-1.4266761922954174e-06,2.5399749981965827,2.5399780411723709,-3.0429757882366459e-06
530,0.016,302.3371382684366,302.33714000463357,-1.7361969639750896e-06,2.5194199749531201,2.5194215925085537,-1.6175554335973175e-06
530,0.017000000000000001,302.47459685996722,302.47459895882008,-2.0988528603993473e-06,2.4699509991944151,2.4699467927831531,4.2064112619755178e-06
530,0.018000000000000002,302.62660171513977,302.62660424414753,-2.5290077587669657e-06,2.3688717058110447,2.3688583646012105,1.3341209834205614e-05
530,0.019,302.79445386154987,302.79445689562925,-3.0340793841787672e-06,2.1925105467575596,2.1924909043233316,1.9642434228028804e-05
530,0.02,302.97962579476825,302.97962942298909,-3.6282208384363912e-06,1.9277013257699187,1.9276853599232873,1.5965846631438296e-05
540,0,301.48091467346529,301.48091355965522,1.113810071728949e-06,2.5499999999999998,2.5500000002431298,-2.4312996060871228e-10
540,0.001,301.48370998851618,301.48370888533248,1.1031837061636907e-06,2.5500000000000003,2.5500000000214627,-2.1462387422843676e-11
540,0.002,301.49213106834355,301.49213000673177,1.0616117833706085e-06,2.5499999999999972,2.5500000000146952,-1.4698020578407522e-11
540,0.0030000000000000001,301.50628293787099,301.50628194551956,9.9235143125042669e-07,2.5499999999999394,2.5500000000115857,-1.1646239528317892e-11
540,0.0040000000000000001,301.52633937182713,301.52633847604096,8.9578617235019919e-07,2.5499999999987373,2.5500000000085947,-9.8574481910418399e-12
540,0.0050000000000000001,301.55254099512246,301.55254022247527,7.7264718356673256e-07,2.5499999999770049,2.5499999999863321,-9.3272056744808651e-12
540,0.0060000000000000001,301.58519265656309,301.58519203231685,6.2424624047707766e-07,2.5499999996422149,2.5499999996590619,-1.6846968264871975e-11
540,0.0070000000000000001,301.62466018335709,301.62465973067594,4.5268114945429261e-07,2.5499999952729397,2.5499999953705568,-9.7617025573981664e-11
540,0.0080000000000000002,301.67136675557293,301.67136649464067,2.6093226779266843e-07,2.5499999471333683,2.5499999478757522,-7.4238393210634968e-10
540,0.0090000000000000011,301.72578933091734,301.72578927820064,5.2716700338351075e-08,2.5499995002738358,2.5499995051773632,-4.9035273619324471e-09
540,0.01,301.78845578374637,301.78845595177137,-1.6802499658297165e-07,2.5499960094183356,2.549996035961855,-2.6543519382471459e-08
540,0.010999999999999999,301.8599436521443,301.85994405020625,-3.9806195673008915e-07,2.5499730701634462,2.5499731862294697,-1.1606602345892725e-07
540,0.012,301.94088153509483,301.94088217120981,-6.3611497580495779e-07,2.5498462668863109,2.5498466712991967,-4.044128858460283e-07
540,0.013000000000000001,302.03195414705385,302.03195503114654,-8.8409268528266693e-07,2.5492563306749432,2.5492574294521821,-1.0987772389725592e-06
540,0.014,302.13391172186255,302.13391286974445,-1.1478819033072796e-06,2.5469441036840994,2.5469463343469818,-2.2306628824075858e-06
540,0.014999999999999999,302.2475838097846,302.2475852470202,-1.4372355963132577e-06,2.5392974867789966,2.5393005124948691,-3.0257158725177646e-06
540,0.016,302.37389656942713,302.37389833390262,-1.7644754848333832e-06,2.5179143908902386,2.517915877200696,-1.4863104573770158e-06
540,0.017000000000000001,302.51389157836468,302.51389372055371,-2.1421890323836124e-06,2.4671979056900581,2.46719354348016,4.3622098981899171e-06
540,0.018000000000000002,302.66874323800795,302.66874581837197,-2.5803640255617211e-06,2.3647503107070067,2.3647369954157087,1.3315291297999465e-05
540,0.019,302.83977133837459,302.83977442206304,-3.0836884548079979e-06,2.1875079710655756,2.1874886162104112,1.93548551643552e-05
540,0.02,303.02844542801745,303.02844919285286,-3.7648354123120953e-06,1.9228792752801303,1.9228636335424143,1.5641737715954562e-05
550,0,301.50004078935382,301.50003969548578,1.0938680361505249e-06,2.5499999999999998,2.5500000002384544,-2.3845458940741082e-10
550,0.001,301.50291442056061,301.502913338111,1.08244961438686e-06,2.5499999999999994,2.5500000000210514,-2.1052048992942218e-11
550,0.002,301.51156968399391,301.51156864324582,1.0407480885987752e-06,2.5499999999999958,2.5500000000144087,-1.4412915305683782e-11
550,0.0030000000000000001,301.52610931976255,301.52610834822929,9.7153326805710094e-07,2.5499999999998999,2.5500000000113223,-1.1422418566553461e-11
550,0.0040000000000000001,301.54670334332866,301.5467024678133,8.7551535443708417e-07,2.5499999999980001,2.5500000000076977,-9.6975760754958173e-12
550,0.0050000000000000001,301.57358727450594,301.57358652066881,7.5383712783150258e-07,2.5499999999654386,2.5499999999749319,-9.4932950389647885e-12
550,0.0060000000000000001,301.60705979701419,301.60705918880524,6.0820894987045904e-07,2.5499999994880636,2.5499999995080405,-1.9976909015895217e-11
550,0.0070000000000000001,301.64748004559192,301.64747960462876,4.4096316287323134e-07,2.5499999935397275,2.5499999936638678,-1.2414025363227665e-10
550,0.0080000000000000002,301.69526484301292,301.69526458804978,2.5496314037809498e-07,2.5499999307626027,2.549999931681235,-9.1863228135480313e-10
550,0.0090000000000000011,301.75088635976698,301.75088630647303,5.329394525688258e-08,2.5499993707487723,2.5499993765899931,-5.8412208403524346e-09
550,0.01,301.81487081791187,301.81487097921263,-1.6130076119225123e-07,2.5499951527775639,2.5499951832727215,-3.0495157510301851e-08
550,0.010999999999999999,301.8877989630501,301.88779935027304,-3.8722293993487256e-07,2.5499683420027317,2.549968470991093,-1.2898836132535507e-07
550,0.012,301.97030902639568,301.97030965144671,-6.2505102960130898e-07,2.5498245183150865,2.5498249543539582,-4.3603887167620314e-07
550,0.013000000000000001,302.06310272972144,302.0631036085648,-8.788433660811279e-07,2.5491730673518198,2.5491742197209204,-1.1523691005876913e-06
550,0.014,302.16695447441379,302.16695563092156,-1.1565077784325695e-06,2.5466791426068998,2.5466814218069316,-2.2792000318183625e-06
550,0.014999999999999999,302.28272299443069,302.28272445780192,-1.4633712339673366e-06,2.5385977401434325,2.5386007444964998,-3.0043530672152485e-06
550,0.016,302.41136270962863,302.41136450208091,-1.7924522808243637e-06,2.5163838717974634,2.5163852273585414,-1.3555610780535687e-06
550,0.017000000000000001,302.55392737590853,302.55392952442918,-2.1485206502802612e-06,2.4644338427135732,2.4644293316891761,4.5110243971357988e-06
550,0.018000000000000002,302.71155173941003,302.7115543086403,-2.5692302756397112e-06,2.3606496963276218,2.3606364116567318,1.3284670890012507e-05
550,0.019,302.88539564775692,302.88539867967984,-3.0319229153974447e-06,2.1825583429644628,2.1825392694198928,1.9073544569980783e-05
550,0.02,303.07655411022239,303.07655750952807,-3.3993056831604918e-06,1.9181176706248926,1.918102342397745,1.5328227147559659e-05
560,0,301.51969054426792,301.51968947254727,1.071720646450558e-06,2.5499999999999998,2.5500000002384575,-2.3845769803187977e-10
560,0.001,301.52264080699672,301.52263974659729,1.0603994269331452e-06,2.5499999999999998,2.5500000000210514,-2.1051604903732368e-11
560,0.002,301.53152524724345,301.53152422818965,1.0190537977905478e-06,2.5499999999999918,2.5500000000144047,-1.4412915305683782e-11
560,0.0030000000000000001,301.54644449014393,301.54644353951494,9.5062898708420107e-07,2.5499999999998346,2.5500000000112601,-1.1425527191022411e-11
560,0.0040000000000000001,301.56756516636733,301.56756431027935,8.5608797917302581e-07,2.5499999999968823,2.5500000000066216,-9.7393204612217232e-12
560,0.0050000000000000001,301.59511839250769,301.59511765567311,7.3683457912920858e-07,2.549999999948779,2.5499999999587213,-9.9422692301232019e-12
560,0.0060000000000000001,301.62939785484258,301.62939726009233,5.9475024727362324e-07,2.5499999992764697,2.5499999993006908,-2.4221069594432265e-11
560,0.0070000000000000001,301.67075774113545,301.67075730901541,4.3212003220105544e-07,2.5499999912650377,2.5499999914221987,-1.5716095091988791e-10
560,0.0080000000000000002,301.71961086753561,301.71961061613291,2.5140269599432941e-07,2.5499999101530189,2.5499999112809828,-1.1279639444694567e-09
560,0.0090000000000000011,301.77642744791194,301.77642739309323,5.4818713124404894e-08,2.5499992138198726,2.549999220730947,-6.9110743794453811e-09
560,0.01,301.84173502179658,301.84173517792442,-1.5612783954566112e-07,2.5499941506570769,2.5499941854973809,-3.4840303975158804e-08
560,0.010999999999999999,301.91612004580855,301.91612042667447,-3.8086591302999295e-07,2.5499629838870352,2.5499631266029041,-1.4271586890046706e-07
560,0.012,302.00023148097256,302.00023210075631,-6.1978374787940993e-07,2.5498005642883905,2.5498010328299503,-4.6854155977271716e-07
560,0.013000000000000001,302.09478624236226,302.09478711794492,-8.7558265704501537e-07,2.5490836419923979,2.5490848475460459,-1.205553648020441e-06
560,0.014,302.20057544219856,302.20057659835396,-1.1561554060790513e-06,2.5464007354253102,2.5464030601263445,-2.3247010343396823e-06
560,0.014999999999999999,302.31846885022878,302.31847032282099,-1.4725922028446803e-06,2.5378760299412817,2.5378790090857151,-2.9791444333682193e-06
560,0.016,302.44941321424812,302.44941504236226,-1.8281141365150688e-06,2.5148292820526819,2.5148305075873338,-1.2255346519829402e-06
560,0.017000000000000001,302.59441918278276,302.59442139039186,-2.2076090999689768e-06,2.4616598197029202,2.4616551666103574,4.653092562811878e-06
560,0.018000000000000002,302.75453344498123,302.75453602674429,-2.5817630557867233e-06,2.3565700083270666,2.356556758594222,1.3249732844666795e-05
560,0.019,302.9307985274873,302.93080144903479,-2.9215474910415651e-06,2.1776604476119954,2.1776416492935384,1.8798318456969554e-05
560,0.02,303.12421068278394,303.12421390849994,-3.2257160000881413e-06,1.9134148087757081,1.9133997846445476,1.5024131160501497e-05
570,0,301.53985299844101,301.53985194917368,1.0492673254702822e-06,2.5499999999999994,2.550000000238458,-2.3845858621029947e-10
570,0.001,301.54287836881048,301.54287733062682,1.0381836546002887e-06,2.5499999999999989,2.5500000000210514,-2.1052493082152068e-11
570,0.002,301.55198751148259,301.55198651388969,9.9759290606016293e-07,2.5499999999999865,2.5500000000144021,-1.4415579840942883e-11
570,0.0030000000000000001,301.56727924793586,301.56727831738692,9.3054893568478292e-07,2.5499999999997334,2.5500000000111638,-1.1430412172330762e-11
570,0.0040000000000000001,301.58891740264238,301.58891656449794,8.3814444451490999e-07,2.5499999999952121,2.5500000000050052,-9.7930552556135808e-12
570,0.0050000000000000001,301.61712960523619,301.61712888337377,7.2186242050520377e-07,2.5499999999250957,2.5499999999356402,-1.0544454198679887e-11
570,0.0060000000000000001,301.65220585788154,301.65220527435639,5.8352514997750404e-07,2.5499999989893021,2.5499999990189721,-2.9670044199292533e-11
570,0.0070000000000000001,301.69449712056161,301.69449669539409,4.2516751364019001e-07,2.549999988308723,2.5499999885064253,-1.9770229897630998e-10
570,0.0080000000000000002,301.74441423532357,301.74441398647815,2.4884542426661937e-07,2.5499998844217937,2.5499998857963964,-1.3746026539251943e-09
570,0.0090000000000000011,301.80242754743034,301.80242749107464,5.6355702326982282e-08,2.5499990250089137,2.5499990331331639,-8.1242501615008678e-09
570,0.01,301.86906754688965,301.86906769813879,-1.5124913943509455e-07,2.5499929850532133,2.5499930246483054,-3.959509209394696e-08
570,0.010999999999999999,301.94492669008838,301.94492706453292,-3.7444453937496291e-07,2.5499569398562634,2.5499570971006191,-1.5724435575847906e-07
570,0.012,302.03066220219625,302.03066281828603,-6.1608977830474032e-07,2.5497742763909974,2.5497747782421869,-5.0185118949386265e-07
570,0.013000000000000001,302.12699906801242,302.12699994958183,-8.8156940591943567e-07,2.5489878604907439,2.5489891187054403,-1.2582146964312813e-06
570,0.014,302.2347316530815,302.23473282967416,-1.1765926615225908e-06,2.54610877316368,2.5461111403349945,-2.3671713145212436e-06
570,0.014999999999999999,302.35472170379074,302.35472320569647,-1.5019057286735915e-06,2.537132641054014,2.5371355913910718,-2.9503370577721455e-06
570,0.016,302.48789031115996,302.48789215994663,-1.8487866668692732e-06,2.513251465390689,2.5132525618270121,-1.096436323066996e-06
570,0.017000000000000001,302.63520231360638,302.63520451453678,-2.2009303961567639e-06,2.4588767916332914,2.4588720029920665,4.7886412248843158e-06
570,0.018000000000000002,302.79764378082984,302.79764632221008,-2.5413802404727903e-06,2.3525113613089936,2.3524981504814613,1.3210827532361691e-05
570,0.019,302.97619616176803,302.97619901964163,-2.8578735964401858e-06,2.1728131113378972,2.1727945823235255,1.8529014371715391e-05
570,0.02,303.17181311026678,303.17181626834247,-3.1580756854054925e-06,1.90876906977821,1.9087543405527054,1.4729225504606092e-05
580,0,301.56051861358083,301.56051758606861,1.0275122122038738e-06,2.5499999999999998,2.5500000002384566,-2.3845680985346007e-10
580,0.001,301.56361782126379,301.56361680449663,1.0167671575800341e-06,2.5499999999999989,2.5500000000210505,-2.1051604903732368e-11
580,0.002,301.57294798248347,301.57294700527649,9.7720698022385477e-07,2.5499999999999772,2.5500000000143936,-1.4416468019362583e-11
580,0.0030000000000000001,301.58860650520603,301.58860559329167,9.1191435558357625e-07,2.5499999999995748,2.5500000000110106,-1.1435741242848962e-11
580,0.0040000000000000001,301.61075508175259,301.61075425975639,8.2199619555467507e-07,2.5499999999927523,2.5500000000026253,-9.8729913133865921e-12
580,0.0050000000000000001,301.63961882855756,301.63961811965959,7.0889797143536271e-07,2.5499999998918375,2.5499999999031884,-1.13509202037676e-11
580,0.0060000000000000001,301.67548531902196,301.67548474470476,5.7431719824307947e-07,2.5499999986037363,2.5499999986403248,-3.6588509999546659e-11
580,0.0070000000000000001,301.71870372872905,301.71870330870428,4.2002477584901499e-07,2.5499999845019437,2.549999984748998,-2.4705437695615728e-10
580,0.0080000000000000002,301.76968433401294,301.76968408644103,2.4757190431046183e-07,2.5499998525481886,2.5499998542113644,-1.6631758192886537e-09
580,0.0090000000000000011,301.82889857173978,301.82889851388029,5.7859494972944958e-08,2.5499987993331135,2.5499988088252308,-9.4921173143802662e-09
580,0.01,301.89687974888267,301.89687989823676,-1.4935409353711293e-07,2.5499916366413347,2.5499916814158912,-4.4774556506865792e-08
580,0.010999999999999999,301.97422425834094,301.97422463408003,-3.7573909139609896e-07,2.5499501518604268,2.5499503244269812,-1.7256655437947188e-07
580,0.012,302.06159281108199,302.06159343514332,-6.2406132883552345e-07,2.5497455258686492,2.5497460617656587,-5.358970094349047e-07
580,0.013000000000000001,302.15971078622999,302.15971168318572,-8.9695572569326032e-07,2.5488855359835521,2.5488868462278358,-1.3102442837364947e-06
580,0.014,302.26936645823167,302.26936765313599,-1.1949043141612492e-06,2.5458031637939618,2.5458055704214968,-2.4066275350342892e-06
580,0.014999999999999999,302.39140577857239,302.39140729281314,-1.5142407505663869e-06,2.5363678699252743,2.5363707880954878,-2.9181702134728482e-06
580,0.016,302.52672276831601,302.52672461499452,-1.8466785149939824e-06,2.5116512446597969,2.5116522131083694,-9.6844857244704485e-07
580,0.017000000000000001,302.67624550636287,302.67624768750926,-2.1811463852827728e-06,2.4560856620438272,2.4560807441501171,4.917893710043586e-06
580,0.018000000000000002,302.84091903311491,302.84092153977639,-2.5066614739444049e-06,2.3484738417118072,2.3484606734331464,1.3168278660824484e-05
580,0.019,303.02168781281824,303.02169062768706,-2.8148688215878792e-06,2.1680152008929561,2.1679969354189912,1.8265473964884649e-05
580,0.02,303.21948114258367,303.21948425663459,-3.1140509122451476e-06,1.904178897888023,1.9041644547747385,1.4443113284468012e-05
590,0,301.58167973163427,301.58167872438355,1.0072507166114519e-06,2.5499999999999994,2.5500000002384571,-2.3845769803187977e-10
590,0.001,301.58485180459996,301.58485080770549,9.9689447097262018e-07,2.5499999999999972,2.5500000000210488,-2.1051604903732368e-11
590,0.002,301.59440020317209,301.59439924467517,9.5849691206240095e-07,2.549999999999963,2.5500000000143777,-1.4414691662523182e-11
590,0.0030000000000000001,301.61042132425854,301.61042042913937,8.9511917167328647e-07,2.5499999999993337,2.5500000000107792,-1.1445511205465664e-11
590,0.0040000000000000001,301.63307538557598,301.63307457777108,8.0780489497556118e-07,2.5499999999891765,2.5499999999991578,-9.9813490805900074e-12
590,0.0050000000000000001,301.66258586334732,301.66258516549647,6.9785085088369669e-07,2.549999999845681,2.549999999858088,-1.2406964344791049e-11
590,0.0060000000000000001,301.69923889701437,301.69923833035506,5.6665930969757028e-07,2.5499999980913084,2.5499999981366082,-4.5299763939965487e-11
590,0.0070000000000000001,301.74338281470773,301.74338239920382,4.155039050601772e-07,2.5499999796429078,2.5499999799495745,-3.0666669204038044e-10
590,0.0080000000000000002,301.79542791434795,301.79542766911686,2.4523109232177376e-07,2.5499998133598218,2.5499998153584107,-1.9985888499718385e-09
590,0.0090000000000000011,301.85584656053862,301.85584650455911,5.5979512580961455e-08,2.5499985312781441,2.5499985423042508,-1.1026106694345117e-08
590,0.01,301.92517351573167,301.9251736686806,-1.5294892818928929e-07,2.5499900847672308,2.549990135159649,-5.039241823823204e-08
590,0.010999999999999999,302.00400621998898,302.00400660287113,-3.8288214909698581e-07,2.5499425598788465,2.5499427485509654,-1.8867211881712365e-07
590,0.012,302.0930044984774,302.09300513360739,-6.3512999304293771e-07,2.5497141839533284,2.5497147545609375,-5.7060760916272102e-07
590,0.013000000000000001,302.192888975166,302.19288988514882,-9.09982816210686e-07,2.5487764890421598,2.5487778505848291,-1.3615426692759058e-06
590,0.014,302.3044373984103,302.3044386040703,-1.2056599985044159e-06,2.5454838315035664,2.5454862746003801,-2.4430968137423292e-06
590,0.014999999999999999,302.42847823428269,302.42847975196241,-1.5176797205640469e-06,2.5355820230202553,2.5355849058956514,-2.8828753961818165e-06
590,0.016,302.56588130935904,302.56588314844896,-1.8390899185760645e-06,2.5100294216949219,2.5100302634274105,-8.4173248859897853e-07
590,0.017000000000000001,302.71754594926136,302.71754811085231,-2.1615909417960211e-06,2.4532872858830808,2.453282244812065,5.0410710157322569e-06
590,0.018000000000000002,302.88438781145481,302.88439028855294,-2.4770981212896004e-06,2.344457510421607,2.3444443880344332,1.3122387173769567e-05
590,0.019,303.06732621030829,303.0673289895945,-2.7792862056230661e-06,2.1632656223625215,2.1632476148271835,1.8007535337982716e-05
590,0.02,303.26727393057064,303.26727700761398,-3.0770433454563317e-06,1.8996428036092725,1.8996286382017331,1.4165407539401542e-05
600,0,301.60333072061957,301.60332973155795,9.8906161838385742e-07,2.5499999999999994,2.5500000002384584,-2.3845903029950932e-10
600,0.001,301.60657497980162,301.60657400069374,9.7910788099397905e-07,2.5499999999999967,2.5500000000210497,-2.1052937171361918e-11
600,0.002,301.61633969914152,301.61633875724976,9.4189175570136285e-07,2.5499999999999399,2.5500000000143577,-1.4417800286992133e-11
600,0.0030000000000000001,301.63272061396412,301.63271973357769,8.8038643752952339e-07,2.5499999999989704,2.5500000000104315,-1.1461054327810416e-11
600,0.0040000000000000001,301.65587700435862,301.65587620889653,7.9546208553438191e-07,2.5499999999840441,2.5499999999941729,-1.0128786698260228e-11
600,0.0050000000000000001,301.68603134912604,301.68603066099803,6.8812801146123093e-07,2.5499999997823286,2.549999999796114,-1.3785417252165644e-11
600,0.0060000000000000001,301.72346896650134,301.7234684071243,5.593770424638933e-07,2.5499999974168399,2.5499999974730083,-5.616840326183592e-11
600,0.0070000000000000001,301.76853772225388,301.76853731226367,4.0999020711751655e-07,2.5499999734922776,2.549999973870408,-3.7813041586787222e-10
600,0.0080000000000000002,301.82164784554425,301.82164760518231,2.403619419055758e-07,2.5499997655186024,2.549999767904616,-2.3860136089126627e-09
600,0.0090000000000000011,301.88327181044866,301.88327176003253,5.0416133490216453e-08,2.5499982147724838,2.5499982275101019,-1.2737618071412271e-08
600,0.01,301.95394411985831,301.95394428016186,-1.6030355709517607e-07,2.5499883074443961,2.5499883639054342,-5.6461038067112668e-08
600,0.010999999999999999,302.03426068629426,302.03426107861577,-3.9232151038959273e-07,2.5499341020452269,2.5499343075931153,-2.0554788848770045e-07
600,0.012,302.12487737591891,302.12487802163093,-6.4571202074148459e-07,2.5496801221727825,2.5496807280842595,-6.0591147699184944e-07
600,0.013000000000000001,302.22650721651485,302.22650813600751,-9.1949266334268032e-07,2.5486605478194715,2.5486619598375673,-1.4120180957810646e-06
600,0.014,302.33991581904593,302.3399170301555,-1.2111095770706015e-06,2.545150715960677,2.5451531925755906,-2.4766149135935223e-06
600,0.014999999999999999,302.46591476068818,302.46591627692021,-1.5162320323724998e-06,2.5347754154050204,2.5347782600802891,-2.8446752686761556e-06
600,0.016,302.60535302197542,302.6053548509874,-1.8290119783159753e-06,2.5083867772915149,2.5083874937216053,-7.1643009036392868e-07
600,0.017000000000000001,302.7591070060563,302.75910914884878,-2.1427924821182387e-06,2.450482472185445,2.450477313796279,5.1583891660378356e-06
600,0.018000000000000002,302.92807008765647,302.92807253875532,-2.4510988509973686e-06,2.3404624051752432,2.3404493317431747,1.3073432068466673e-05
600,0.019,303.11314291196351,303.11314566063436,-2.7486708518154046e-06,2.1585633194145086,2.1585455643750495,1.7755039459110833e-05
600,0.02,303.31522607617234,303.31522872145183,-2.6452794941178581e-06,1.8951593605763308,1.895145464900674,1.3895675656794282e-05
610,0,301.62546778908938,301.62546681722819,9.7186119774050894e-07,2.5499999999999989,2.5500000001729961,-1.7299717214314114e-10
610,0.001,301.62878379721474,301.62878283386436,9.6335037369499332e-07,2.549999999999994,2.5500000000152658,-1.5271783837533803e-11
610,0.002,301.63876361488968,301.63876268772231,9.2716737754017231e-07,2.5499999999999039,2.5500000000103635,-1.0459633159598525e-11
610,0.0030000000000000001,301.655502565978,301.65550169877929,8.6719870751039707e-07,2.5499999999984309,2.5500000000067748,-8.3439921638728265e-12
610,0.0040000000000000001,301.67915934842046,301.67915856431222,7.8410823789454298e-07,2.549999999976766,2.5499999999844514,-7.6854078656651836e-12
610,0.0050000000000000001,301.70995580953257,301.70995513091844,6.7861412844649749e-07,2.5499999996962921,2.549999999709549,-1.3256951092444069e-11
610,0.0060000000000000001,301.74817668978477,301.74817613840833,5.513764449460723e-07,2.5499999965372266,2.5499999966047837,-6.7557071048440775e-11
610,0.0070000000000000001,301.79416935433477,301.79416895146039,4.0287437741426402e-07,2.5499999657682038,2.5499999662295405,-4.6133674658221935e-10
610,0.0080000000000000002,301.84834348688014,301.84834325354763,2.333325141989917e-07,2.5499997075063598,2.549999710335511,-2.8291511355860166e-09
610,0.0090000000000000011,301.91117064985025,301.91117060710798,4.2742271944007371e-08,2.5499978431632959,2.5499978577996933,-1.4636397427381098e-08
610,0.01,301.98318352805444,301.98318369703662,-1.689821829131688e-07,2.5499862813570924,2.5499863443469808,-6.2989888416353779e-08
610,0.010999999999999999,302.06497458871576,302.06497499041296,-4.0169720705307554e-07,2.5499247147777075,2.5499249379543327,-2.2317662518034354e-07
610,0.012,302.15719383723666,302.15719449178283,-6.5454617015348049e-07,2.5496432126439315,2.5496438543798514,-6.4173591995952961e-07
610,0.013000000000000001,302.26054536233016,302.26054628771328,-9.2538311946555041e-07,2.5485375481551502,2.5485390097403613,-1.4615852110821947e-06
610,0.014,302.37578252757982,302.37578373880496,-1.2112251397411455e-06,2.5448037715802148,2.5448062788043244,-2.5072241096601999e-06
610,0.014999999999999999,302.50370231089505,302.50370382082457,-1.5099295183063077e-06,2.5339483694364247,2.5339511732192195,-2.8037827948246274e-06
610,0.016,302.64514157623069,302.64514338878382,-1.8125531369150849e-06,2.5067240712666932,2.5067246639315517,-5.9266485852305095e-07
610,0.017000000000000001,302.80098417947931,302.80098628613143,-2.1066521185275633e-06,2.44767198659487,2.4476667165338917,5.2700609782796448e-06
610,0.018000000000000002,302.97219767664501,302.97220010966049,-2.4330154815288552e-06,2.3364885427780906,2.3364755211036439,1.3021674446722642e-05
610,0.019,303.15992041050487,303.15992329345193,-2.8829470579694316e-06,2.1539072714675083,2.1538897636417649,1.7507825743390271e-05
610,0.02,303.36559115100977,303.36559470172756,-3.5507177926774602e-06,1.8907265886886222,1.890712949013841,1.3639674781185107e-05
620,0,301.64808854060527,301.64808758296203,9.5764323759794934e-07,2.5499999999999985,2.5500000001729948,-1.7299628396472144e-10
620,0.001,301.6514760234146,301.6514750740177,9.4939690598039306e-07,2.5499999999999901,2.5500000000152636,-1.5273560194373204e-11
620,0.002,301.66167016860828,301.66166925464478,9.1396350399008952e-07,2.5499999999998484,2.5500000000103129,-1.0464518140906875e-11
620,0.0030000000000000001,301.67876602638341,301.67876517128201,8.5510140479527763e-07,2.5499999999976399,2.5500000000060115,-8.3715256948835304e-12
620,0.0040000000000000001,301.70292188315045,301.70292110987276,7.7327769076873665e-07,2.5499999999665626,2.5499999999745087,-7.9460882318471704e-12
620,0.0050000000000000001,301.73435907495201,301.7343584059775,6.6897450778924394e-07,2.5499999995806166,2.5499999995961367,-1.5520029705839988e-11
620,0.0060000000000000001,301.7733617314496,301.77336118882181,5.4262778803604306e-07,2.5499999954000732,2.5499999954841295,-8.4056317462000152e-11
620,0.0070000000000000001,301.82027642754139,301.8202760329624,3.9457898992623086e-07,2.5499999561410402,2.5499999567029503,-5.6191007402617288e-10
620,0.0080000000000000002,301.87551168020644,301.87551145510582,2.2510062080982607e-07,2.549999637610326,2.5499996409474064,-3.337080389798075e-09
620,0.0090000000000000011,301.93953717771177,301.93953714320685,3.4504921586631099e-08,2.5499974091940576,2.5499974259308433,-1.6736785735105286e-08
620,0.01,302.01288258273348,302.01288275953357,-1.7680008568277117e-07,2.5499839818690591,2.5499840518604859,-6.9991426876470086e-08
620,0.010999999999999999,302.09613574761767,302.09613615618156,-4.0856389205146115e-07,2.5499143329126004,2.5499145744554461,-2.4154284572475149e-07
620,0.012,302.18994030429303,302.1899409650257,-6.6073266680177767e-07,2.5496033283489923,2.5496040063619896,-6.7801299730163578e-07
620,0.013000000000000001,302.29499301591409,302.29499394713457,-9.312204838352045e-07,2.5484073336421535,2.5484088438125605,-1.5101704069486743e-06
620,0.014,302.41204226582664,302.41204347766961,-1.2118429708607437e-06,2.544442966795724,2.5444455017731804,-2.5349774563920846e-06
620,0.014999999999999999,302.5418908034581,302.5418922937281,-1.4902699945196218e-06,2.5331012135581599,2.5331039739639052,-2.7604057453167741e-06
620,0.016,302.68540798159665,302.68540975146118,-1.7698645251584821e-06,2.505042042595039,2.5050425131425964,-4.7054755736297693e-07
620,0.017000000000000001,302.84355760874502,302.84355970069851,-2.0919534904351167e-06,2.4448565537428157,2.4448511774520516,5.3762907641363711e-06
620,0.018000000000000002,303.01744449825384,303.01744700633793,-2.5080840941882343e-06,2.3325359211285424,2.3325229537770786,1.2967351463721855e-05
620,0.019,303.20837403062842,303.20837708276508,-3.0521366625180235e-06,2.1492964868548001,2.1492792211957661,1.7265659034038094e-05
620,0.02,303.41790750283701,303.41791124116355,-3.7383265407697763e-06,1.8863432892131258,1.8863299019990392,1.3387214086613142e-05
630,0,301.67119141939349,301.67119047466178,9.4473170975106768e-07,2.5499999999999972,2.5500000001729961,-1.7299894849998054e-10
630,0.001,301.67465018375901,301.67464924709316,9.3666585598839447e-07,2.5499999999999847,2.5500000000152574,-1.5272672015953503e-11
630,0.002,301.68505809534821,301.68505719360951,9.0173870148646529e-07,2.5499999999997645,2.5500000000102307,-1.0466294497746276e-11
630,0.0030000000000000001,301.70250997103375,301.70250912742381,8.4360993923837668e-07,2.5499999999964955,2.5500000000049026,-8.4070528316715354e-12
630,0.0040000000000000001,301.72716370725527,301.72716294464357,7.6261170534053235e-07,2.5499999999524117,2.5499999999607099,-8.29825097525827e-12
630,0.0050000000000000001,301.75924007199984,301.75923941290279,6.5909705426747678e-07,2.5499999994265745,2.5499999994449651,-1.8390622358310793e-11
630,0.0060000000000000001,301.79902238484522,301.79902185141964,5.3342557748692343e-07,2.5499999939421789,2.5499999940463325,-1.0415357465376474e-10
630,0.0070000000000000001,301.84685604258402,301.84685565665711,3.8592690998484613e-07,2.549999944227717,2.5499999449077757,-6.8005867603915249e-10
630,0.0080000000000000002,301.90314782759901,301.90314761075246,2.1684655848730472e-07,2.549999553908493,2.5499995578224355,-3.9139425034306896e-09
630,0.0090000000000000011,301.96836493377009,301.96836490742879,2.6341297143517295e-08,2.5499969049839555,2.5499969240321132,-1.904815771780477e-08
630,0.01,302.04303369833684,302.04303388356846,-1.8523161315897596e-07,2.5499813830374265,2.5499814605096343,-7.7472207760109768e-08
630,0.010999999999999999,302.12773820134345,302.12773861781579,-4.1647234638730879e-07,2.5499028898406784,2.5499031504653398,-2.6062466140786e-07
630,0.012,302.22311926753503,302.22311993136964,-6.6383461216901196e-07,2.5495603433945786,2.5495610580662755,-7.1467169693306687e-07
630,0.013000000000000001,302.3298750306023,302.32987595246664,-9.2186434130780981e-07,2.5482697556593776,2.5482713133626969,-1.5577033192215595e-06
630,0.014,302.44876502065966,302.44876620758964,-1.1869299783029419e-06,2.5440682833419364,2.5440708432714607,-2.5599295243594611e-06
630,0.014999999999999999,302.58062038254258,302.58062184663072,-1.4640881431660091e-06,2.5322342811953211,2.5322369959342668,-2.7147389456416704e-06
630,0.016,302.72636269768384,302.72636447078878,-1.7731049410940614e-06,2.5033414096045652,2.5033417597758252,-3.5017125998848542e-07
630,0.017000000000000001,302.88703226593736,302.8870344094683,-2.1435309349726595e-06,2.4420368594878856,2.442031382207734,5.4772801516556058e-06
630,0.018000000000000002,303.06382333699912,303.06382593721935,-2.6002202275776654e-06,2.3286045210179589,2.3285916103335746,1.2910684384248583e-05
630,0.019,303.25811946981185,303.25812262540308,-3.1555912300973432e-06,2.1447299907135471,2.144712962229153,1.7028484394110421e-05
630,0.02,303.47151890677247,303.47152272951581,-3.8227433378779097e-06,1.8820083906555691,1.8819952494329675,1.3141222601653624e-05
640,0,301.69477519627668,301.69477426358822,9.3268846512728487e-07,2.5499999999999954,2.5500000001729903,-1.7299495169709189e-10
640,0.001,301.6983050630339,301.69830413829499,9.2473891299960087e-07,2.5499999999999745,2.5500000000152485,-1.5274004283583054e-11
640,0.002,301.7089261972294,301.70892530708915,8.901402566152683e-07,2.5499999999996388,2.55000000001011,-1.0471179479054626e-11
640,0.0030000000000000001,301.72673315451868,301.72673232202226,8.3249642557348125e-07,2.5499999999948573,2.5500000000033145,-8.4572349123845925e-12
640,0.0040000000000000001,301.75188336827284,301.75188261621412,7.5205872462902335e-07,2.5499999999329908,2.5499999999417411,-8.7503337908856338e-12
640,0.0050000000000000001,301.78459689300246,301.78459624391758,6.490848818430095e-07,2.5499999992233051,2.549999999245296,-2.1990853582565251e-11
640,0.0060000000000000001,301.82515601143825,301.82515548760074,5.2383751381057664e-07,2.5499999920878658,2.5499999922163195,-1.2845369212755031e-10
640,0.0070000000000000001,301.8739046807429,301.87390430413745,3.7660544194295653e-07,2.549999929585816,2.5499999304038257,-8.1800966000855624e-10
640,0.0080000000000000002,301.93124781453645,301.93124760670804,2.0782840692845639e-07,2.5499994542549915,2.5499994588207553,-4.5657637670615259e-09
640,0.0090000000000000011,301.99765046515972,301.9976504467827,1.8377022570348345e-08,2.5499963220092963,2.5499963435904953,-2.1581199050046962e-08
640,0.01,302.07363711666363,302.07363730674933,-1.900857000691758e-07,2.5499784576318207,2.5499785430706079,-8.543878715627784e-08
640,0.010999999999999999,302.15979155017715,302.15979196517219,-4.1499504277453525e-07,2.5498903176452674,2.5498905980448412,-2.8039957378211966e-07
640,0.012,302.25675809479151,302.2567587483897,-6.5359819245713879e-07,2.5495141332532238,2.549514884896888,-7.5164366419855355e-07
640,0.013000000000000001,302.36524545515368,302.36524636006374,-9.0491005266812863e-07,2.5481246733721172,2.5481262774941498,-1.6041220325391237e-06
640,0.014,302.48603453932441,302.48603571174374,-1.172419331396668e-06,2.5436797155488433,2.5436822976899065,-2.58214106318988e-06
640,0.014999999999999999,302.61999153890224,302.61999300509615,-1.4661939076177077e-06,2.5313479097407736,2.5313505767102744,-2.6669695007974781e-06
640,0.016,302.76808668635215,302.76808848891392,-1.8025617691819207e-06,2.5016228702268979,2.5016231018438986,-2.3161700068996538e-07
640,0.017000000000000001,302.93141755212281,302.93141975186836,-2.1997455519340292e-06,2.4392135530316503,2.4392079798078026,5.5732238477546048e-06
640,0.018000000000000002,303.11123370477134,303.11123637717628,-2.6724049462245603e-06,2.3246943074973476,2.3246814556262447,1.2851871102892432e-05
640,0.019,303.30895770087824,303.30896092819597,-3.2273177339448011e-06,2.1402068376146772,2.1401900413635646,1.6796251112616289e-05
640,0.02,303.52619654839481,303.52620042709111,-3.8786963045822631e-06,1.8777207518233048,1.8777078501202207,1.2901703084100546e-05
650,0,301.71883858637358,301.71883766522586,9.211477163262316e-07,2.5499999999999932,2.5500000001729881,-1.7299495169709189e-10
650,0.001,301.72243934754528,301.72243843427373,9.132715490522969e-07,2.5499999999999599,2.5500000000152347,-1.5274892462002754e-11
650,0.002,301.73327306272836,301.73327218385003,8.7887832478372729e-07,2.5499999999994536,2.550000000009931,-1.0477396727992527e-11
650,0.0030000000000000001,301.75143397237048,301.75143315083841,8.2153206903967657e-07,2.5499999999925396,2.550000000001063,-8.5234042046522518e-12
650,0.0040000000000000001,301.77707895872595,301.77707821728728,7.4143866868325858e-07,2.5499999999066003,2.5499999999159386,-9.3383079047271167e-12
650,0.0050000000000000001,301.81042726168903,301.8104266228425,6.3884652945489506e-07,2.5499999989574005,2.5499999989838771,-2.6476598691260733e-11
650,0.0060000000000000001,301.85176007911969,301.85175956500052,5.1411916501820087e-07,2.5499999897471382,2.5499999899047761,-1.5763790273126688e-10
650,0.0070000000000000001,301.90142007994126,301.90141971210033,3.6784092571906513e-07,2.5499999117073435,2.5499999126854886,-9.7814512045601987e-10
650,0.0080000000000000002,301.95981091777082,301.95981071680859,2.0096223352084053e-07,2.5499993362655404,2.5499993415642845,-5.2987441101493005e-09
650,0.0090000000000000011,302.02739693951577,302.0273969246187,1.4897068467689678e-08,2.5499956510869448,2.5499956754332129,-2.4346268112651615e-08
650,0.01,302.10470344423959,302.10470363282963,-1.8859003603211022e-07,2.5499751771581889,2.5499752710544228,-9.3896233899215531e-08
650,0.010999999999999999,302.19231804974982,302.19231845766279,-4.0791297806208604e-07,2.5498765472410563,2.5498768480843061,-3.0084324986745514e-07
650,0.012,302.29089392069477,302.29089456340006,-6.4270528810084215e-07,2.5494645749875979,2.549465363849643,-7.8886204502026658e-07
650,0.013000000000000001,302.40115571339976,302.4011566085731,-8.9517334345146082e-07,2.5479719537045558,2.5479736030759748,-1.6493714189991238e-06
650,0.014,302.52390897879081,302.52391015000291,-1.1712120908669021e-06,2.5432772696515444,2.5432798713285556,-2.6016770111603194e-06
650,0.014999999999999999,302.66005332202775,302.66005480266762,-1.480639866713318e-06,2.530442439627691,2.5304450569035146,-2.6172758236242544e-06
650,0.016,302.81059880279838,302.81060063872962,-1.8359312434768071e-06,2.4998871022902271,2.4998872172440363,-1.1495380913828512e-07
650,0.017000000000000001,302.97668396483812,302.97668621441477,-2.2495766529573302e-06,2.4363872489096607,2.436381584598859,5.6643108017340182e-06
650,0.018000000000000002,303.15959276352601,303.15959549449769,-2.7309716870149714e-06,2.3208052308831042,2.320792439786405,1.2791096699160676e-05
650,0.019,303.36076689259653,303.36077017623103,-3.2836344985298638e-06,2.1357261191755583,2.1357095503510926,1.6568824465768017e-05
650,0.02,303.58180996400847,303.58181388543375,-3.9214252751662571e-06,1.8734792514684933,1.8734665829786643,1.2668489828948637e-05
660,0,301.74338006382828,301.74337915406596,9.0976232058892492e-07,2.5499999999999883,2.550000000172985,-1.7299672805393129e-10
660,0.001,301.74705147524651,301.74705057331681,9.019296953738376e-07,2.5499999999999359,2.550000000015213,-1.5277112908052004e-11
660,0.002,301.75809702837506,301.75809616070342,8.6767164475531899e-07,2.5499999999991823,2.5500000000096712,-1.0488943047448629e-11
660,0.0030000000000000001,301.77661062555836,301.77660981498502,8.1057334000433912e-07,2.5499999999892937,2.5499999999979082,-8.6144424926715146e-12
660,0.0040000000000000001,301.80274859317637,301.80274786226897,7.309074021577544e-07,2.5499999998710754,2.5499999998811691,-1.0093703650682073e-11
660,0.0050000000000000001,301.83672943377957,301.83672880471198,6.2906758557801368e-07,2.5499999986124369,2.5499999986444557,-3.2018832030189515e-11
660,0.0060000000000000001,301.87883353111255,301.87883302545993,5.0565262199597782e-07,2.5499999868136767,2.5499999870061378,-1.9246115812165954e-10
660,0.0070000000000000001,301.9294028959539,301.92940253443112,3.6152277971268632e-07,2.5499998900122391,2.5499998911752511,-1.1630119090000335e-09
660,0.0080000000000000002,301.98884111535364,301.98884091755872,1.977949182219163e-07,2.5499991973030838,2.5499992034222894,-6.1192055866854389e-09
660,0.0090000000000000011,302.05761377168102,302.05761375597837,1.5702653399785049e-08,2.5499948823598979,2.5499949097132362,-2.735333826109354e-08
660,0.01,302.13624972012576,302.13624990387842,-1.8375266108705546e-07,2.5499715118870787,2.5499716147352274,-1.0284814866423631e-07
660,0.010999999999999999,302.22534372548199,302.22534412586788,-4.0038588622337556e-07,2.5498615085127687,2.549861830442528,-3.2192975929490331e-07
660,0.012,302.32556101278368,302.32556164835017,-6.3556649365636986e-07,2.5494115474573187,2.5494123737190746,-8.2626175590405637e-07
660,0.013000000000000001,302.43764421910151,302.43764511200288,-8.9290136884301319e-07,2.5478114712868516,2.5478131646896847,-1.6934028330695128e-06
660,0.014,302.5624229860606,302.56242416462686,-1.178566265025438e-06,2.5428609631176804,2.5428635817233181,-2.6186056376609201e-06
660,0.014999999999999999,302.70082597539204,302.70082747638844,-1.5009964045020752e-06,2.5295182134827079,2.5295207793102907,-2.5658275828455146e-06
660,0.016,302.85389445411619,302.85389632389973,-1.8697835457714973e-06,2.4981347638484084,2.4981347640883063,-2.3989787933942353e-10
660,0.017000000000000001,303.02279589073265,303.02279818461375,-2.2938810957384703e-06,2.4335585288549533,2.4335527781315647,5.7507233885978337e-06
660,0.018000000000000002,303.20883540727476,303.20883818676663,-2.7794918651125045e-06,2.3169372279972351,2.3169244994573819,1.2728539853235077e-05
660,0.019,303.41346264912261,303.41346597737441,-3.3282518074884138e-06,2.1312869616823074,2.1312706156291878,1.6346053119509207e-05
660,0.02,303.63827111201488,303.63827578205257,-4.6700376969965873e-06,1.8692828011196192,1.8692703597177682,1.244140185097109e-05
670,0,301.76839794528536,301.76839704508001,9.0020535026269499e-07,2.5499999999999807,2.5500000001916829,-1.9170220966202578e-10
670,0.001,301.77213976132464,301.7721388704116,8.9091304289468098e-07,2.5499999999999021,2.5500000000168308,-1.6928680679484387e-11
670,0.002,301.78339642892166,301.7833955720555,8.5686616557723028e-07,2.549999999998791,2.550000000010427,-1.1636025476491341e-11
670,0.0030000000000000001,301.8022615669372,301.80226076668754,8.0024966564451461e-07,2.549999999984796,2.5499999999944221,-9.6260777127099573e-12
670,0.0040000000000000001,301.82889108604388,301.82889036461643,7.2142745466408087e-07,2.549999999823684,2.5499999998354896,-1.1805667554654065e-11
670,0.0050000000000000001,301.86350305280104,301.86350243187434,6.209266985024442e-07,2.549999998168444,2.5499999982079258,-3.9481751201719817e-11
670,0.0060000000000000001,301.90637760265099,301.90637710318305,4.9946794433708419e-07,2.549999983162667,2.5499999833970057,-2.3433877061052044e-10
670,0.0070000000000000001,301.95785703284514,301.95785667490645,3.5793868846667465e-07,2.5499998638416441,2.5499998652174813,-1.3758372219285775e-09
670,0.0080000000000000002,302.01834627558833,302.01834607830881,1.9727951894310536e-07,2.54999903446368,2.5499990414977494,-7.0340693270054544e-09
670,0.0090000000000000011,302.08831402962318,302.088314011374,1.8249181721330388e-08,2.5499940052850261,2.5499940358974515,-3.0612425483411698e-08
670,0.01,302.16829489803825,302.16829507698839,-1.7895013115776237e-07,2.549967430886046,2.5499675431831541,-1.1229710805693571e-07
670,0.010999999999999999,302.25889291357555,302.25889330874429,-3.9516874039691174e-07,2.5498451304530638,2.5498454740851866,-3.4363212275678734e-07
670,0.012,302.36078679394427,302.36078742685692,-6.3291264496001531e-07,2.5493549315089252,2.5493557952888755,-8.6377995023312337e-07
670,0.013000000000000001,302.47473711406434,302.47473801095879,-8.9689444848772837e-07,2.5476431083796856,2.5476448445538113,-1.7361741257992946e-06
670,0.014,302.6015952085923,302.60159640172446,-1.1931321637348447e-06,2.5424308239935107,2.5424334569919713,-2.6329984605943935e-06
670,0.014999999999999999,302.74231257887027,302.74231410542717,-1.5265569004441204e-06,2.5285755753531887,2.5285780881397564,-2.5127865677099237e-06
670,0.016,302.89794627242566,302.8979481810423,-1.908616638957028e-06,2.4963664935395311,2.4963663810635519,1.1247597919705754e-07
670,0.017000000000000001,303.06964705221577,303.06964940300765,-2.3507918740506284e-06,2.4307279435369815,2.4307221108993944,5.8326375871331493e-06
670,0.018000000000000002,303.25860332715541,303.25860612388675,-2.7967313371846103e-06,2.3130902236788207,2.3130775593080508,1.2664370769854827e-05
670,0.019,303.46591114956288,303.4659142640171,-3.1144542163019651e-06,2.1268885227809404,2.1268723949894941,1.6127791446329809e-05
670,0.02,303.69238087629498,303.69238407840805,-3.2021130778048246e-06,1.8651305234509301,1.8651183049862565,1.2218464673585672e-05
680,0,301.79389072392854,301.79388983439753,8.8953100885191816e-07,2.5499999999999692,2.5500000001916709,-1.9170176557281593e-10
680,0.001,301.79770275955877,301.79770187918143,8.8037734258250566e-07,2.5499999999998506,2.5500000000167815,-1.6930901125533637e-11
680,0.002,301.80917002947882,301.80916918271151,8.4676730693900026e-07,2.5499999999982337,2.5500000000098844,-1.1650680420416393e-11
680,0.0030000000000000001,301.82838601162024,301.82838522067902,7.9094121474554413e-07,2.5499999999786236,2.5499999999884038,-9.780176668527929e-12
680,0.0040000000000000001,301.85550648243913,301.85550576910242,7.1333670348394662e-07,2.5499999997610066,2.549999999774021,-1.3014478383865935e-11
680,0.0050000000000000001,301.89074955123556,301.89074893669618,6.1453937405531178e-07,2.549999997601307,2.5499999976490733,-4.7766235411472735e-11
680,0.0060000000000000001,301.93439584431189,301.93439534905502,4.9525687018103781e-07,2.5499999786484544,2.5499999789314662,-2.83011836188507e-10
680,0.0070000000000000001,301.98678898873163,301.98678863251507,3.5621656024886761e-07,2.5499998324509541,2.5499998340693573,-1.6184031892407802e-09
680,0.0080000000000000002,302.04833659854808,302.04833640059252,1.9795555772361695e-07,2.5499988445627575,2.5499988526116106,-8.048853139541734e-09
680,0.0090000000000000011,302.11951201060646,302.11951199008405,2.0522406884992961e-08,2.549993008623078,2.5499930427547577,-3.4131679704785256e-08
680,0.01,302.20085702809615,302.20085720481461,-1.7671845853328705e-07,2.5499629020558743,2.5499630242988327,-1.2224295842244715e-07
680,0.010999999999999999,302.2929858562909,302.29298625115428,-3.9486337755079148e-07,2.5498273412988053,2.5498277072197313,-3.6592092600429282e-07
680,0.012,302.39659014102625,302.3965907764541,-6.3542785255776835e-07,2.5492946101489391,2.5492955115037521,-9.013548130099025e-07
680,0.013000000000000001,302.51244431224887,302.51244521497716,-9.027282885654131e-07,2.5474667547785756,2.5474685324266568,-1.7776480811804163e-06
680,0.014,302.64140893249663,302.64141014077853,-1.2082819011993706e-06,2.5419868902704508,2.5419895351987307,-2.6449282799489993e-06
680,0.014999999999999999,302.78442720056455,302.78442876817593,-1.5676113775953127e-06,2.5276148700045287,2.5276173283096712,-2.458305142560846e-06
680,0.016,302.94250672176429,302.94250869676227,-1.9749979855987476e-06,2.4945829109681217,2.4945826878126045,2.2315551717611015e-07
680,0.017000000000000001,303.11667738992355,303.11667976711334,-2.3771897872393311e-06,2.4278960141930392,2.427890103967826,5.9102252132348099e-06
680,0.018000000000000002,303.30792056024933,303.30792325767652,-2.6974271918334125e-06,2.3092641322727951,2.3092515335228341,1.2598749961068023e-05
680,0.019,303.51707704708366,303.51707992613666,-2.879052999560372e-06,2.1225299903233905,2.1225140763988026,1.5913924587884765e-05
680,0.02,303.74475791438522,303.74476084459252,-2.9302073016879149e-06,1.861021370258874,1.8610093679559434,1.2002302930635977e-05
690,0,301.81985750366999,301.81985662375098,8.7991901409623097e-07,2.5499999999999514,2.5500000001916554,-1.9170398601886518e-10
690,0.001,301.82373969665605,301.82373882570079,8.7095526168923243e-07,2.5499999999997747,2.5500000000167096,-1.6934897928422288e-11
690,0.002,301.83541744885832,301.83541661093494,8.3792338045896031e-07,2.5499999999974454,2.5500000000091201,-1.1674661237748296e-11
690,0.0030000000000000001,301.85498430607527,301.85498352299533,7.8307994044735096e-07,2.5499999999702303,2.5499999999802134,-9.9831254374294076e-12
690,0.0040000000000000001,301.88259628474134,301.88259557788336,7.0685797481928603e-07,2.5499999996787919,2.5499999996933251,-1.4533263481553149e-11
690,0.0050000000000000001,301.91847210444979,301.9184714946793,6.0977049542998429e-07,2.5499999968821001,2.5499999969398988,-5.77986547511955e-11
690,0.0060000000000000001,301.96289365842125,301.9628931660817,4.9233955223826342e-07,2.5499999731020289,2.5499999734420862,-3.400573156397968e-10
690,0.0070000000000000001,302.01620686274714,302.01620650774356,3.5500357853379683e-07,2.5499997950026794,2.5499997968969215,-1.894242096511789e-09
690,0.0080000000000000002,302.07882304510451,302.07882284705749,1.9804701878456399e-07,2.5499986241217591,2.5499986332923692,-9.1706100491251163e-09
690,0.0090000000000000011,302.15122100767553,302.15122098618247,2.1493065105460119e-08,2.5499918804308392,2.5499919183509765,-3.7920137252456243e-08
690,0.01,302.23394977299614,302.23394994833296,-1.7533682239445625e-07,2.5499578921701307,2.5499580248556137,-1.326854830452362e-07
690,0.010999999999999999,302.32763170800825,302.32763210295809,-3.9494983639087877e-07,2.5498080686651945,2.5498084574321469,-3.8876695240830372e-07
690,0.012,302.43296511261531,302.4329657556699,-6.4305459090974182e-07,2.5492304687010727,2.549231407628922,-9.3892784924776151e-07
690,0.013000000000000001,302.55072438967892,302.55072531760106,-9.2792214445580612e-07,2.5472823077013,2.5472841254952372,-1.8177939371533114e-06
690,0.014,302.68175470071526,302.68175595559791,-1.2548826475722308e-06,2.5415292092733077,2.5415318637436966,-2.6544703888298216e-06
690,0.014999999999999999,302.82695703245298,302.82695864886398,-1.6164109979399655e-06,2.5266364422813736,2.5266388448100554,-2.4025286817774827e-06
690,0.016,302.98725974619214,302.98726173054393,-1.984351797545969e-06,2.4927846171033323,2.4927842853364943,3.3176683800206774e-07
690,0.017000000000000001,303.16357495478633,303.16357727073881,-2.3159524857874203e-06,2.4250632341731668,2.4250572505224737,5.9836506931532085e-06
690,0.018000000000000002,303.35674284599344,303.35674541721988,-2.5712264459798462e-06,2.3054588589566856,2.3054463271317527,1.2531824932882074e-05
690,0.019,303.56747321516275,303.56747594140353,-2.7262407797934429e-06,2.1182105833683571,2.1181948790722189,1.5704296138174811e-05
690,0.02,303.79629824937246,303.79630103911609,-2.78974363254747e-06,1.8569543076866664,1.8569425159087933,1.1791777873026987e-05
700,0,301.84629836379509,301.8462974920634,8.7173168594745221e-07,2.5499999999999257,2.5500000001916283,-1.9170265375123563e-10
700,0.001,301.85025081669357,301.85024995371572,8.6297785628630663e-07,2.5499999999996654,2.5500000000166034,-1.6938006552891238e-11
700,0.002,301.86213943742155,301.86213860685626,8.3056528410452302e-07,2.5499999999963427,2.5500000000080503,-1.1707523839277201e-11
700,0.0030000000000000001,301.8820580773654,301.88205730064919,7.7671620601904579e-07,2.5499999999589202,2.5499999999691596,-1.0239364911512894e-11
700,0.0040000000000000001,301.9101633915563,301.91016268975909,7.0179720523810829e-07,2.5499999995718001,2.5499999995882181,-1.6417978088156815e-11
700,0.0050000000000000001,301.94667525708343,301.94667465085831,6.0622511455221684e-07,2.5499999959763526,2.5499999960462176,-6.9865002672031551e-11
700,0.0060000000000000001,301.99187747633226,301.99187698593124,4.9040102112485329e-07,2.549999966328349,2.5499999667349051,-4.0655612210116487e-10
700,0.0070000000000000001,302.04611884923412,302.04611849466744,3.5456668001643266e-07,2.5499997505591603,2.5499997527656353,-2.2064750027084301e-09
700,0.0080000000000000002,302.10981465581477,302.10981445728703,1.9852774357786984e-07,2.5499983693553196,2.5499983797612304,-1.0405910799704543e-08
700,0.0090000000000000011,302.18344846512286,302.18344844392499,2.1197877231315942e-08,2.5499906080555981,2.549990650041408,-4.1985809939859564e-08
700,0.01,302.26757393456774,302.26757411447625,-1.7990851119975559e-07,2.5499523669179096,2.549952510540578,-1.4362266842482541e-07
700,0.010999999999999999,302.3628158495809,302.36281625834624,-4.0876534512790386e-07,2.5497872396772263,2.5497876518169722,-4.1213974588671931e-07
700,0.012,302.46986908897679,302.46986975868174,-6.6970494572160533e-07,2.549162394947563,2.5491633713900952,-9.7644253216344623e-07
700,0.013000000000000001,302.58949359716303,302.58949456166357,-9.6450054343222291e-07,2.5470896716594167,2.5470915282452138,-1.8565857970997968e-06
700,0.014,302.72250305157525,302.72250433986994,-1.288294697587844e-06,2.5410578370696779,2.5410604987705758,-2.6617008979101797e-06
700,0.014999999999999999,302.86974510476972,302.86974673111445,-1.6263447264464048e-06,2.525640636528506,2.5256429821228745,-2.3455943685135594e-06
700,0.016,303.03207221874658,303.0320741730946,-1.954348022081831e-06,2.490972194691575,2.4909717564058154,4.3828575968518635e-07
700,0.017000000000000001,303.21030431530914,303.21030655913182,-2.2438226778831449e-06,2.4222300704153259,2.422224017341605,6.0530737209241181e-06
700,0.018000000000000002,303.40518737830928,303.40518984768084,-2.4693715658941073e-06,2.3016743009511265,2.3016618372175408,1.2463733585654779e-05
700,0.019,303.61735483972984,303.61735745473118,-2.615001335470879e-06,2.1139295465494845,2.1139140477923384,1.5498757146126252e-05
700,0.02,303.84729985986297,303.84730254755976,-2.6876967922362383e-06,1.8529283705502342,1.8529167839424912,1.1586607743030441e-05
710,0,301.87321455185821,301.87321368671547,8.6514273789362051e-07,2.5499999999998866,2.5500000001915906,-1.9170398601886518e-10
710,0.001,301.87723754321786,301.87723668662784,8.5659002024840447e-07,2.5499999999995064,2.5500000000164529,-1.6946444247878389e-11
710,0.002,301.88933794216121,301.88933711739435,8.2476685747678857e-07,2.549999999994816,2.5500000000065675,-1.1751488671052357e-11
710,0.0030000000000000001,301.90961011963742,301.90960934778838,7.7184904512250796e-07,2.5499999999438083,2.5499999999543794,-1.0571099551270891e-11
710,0.0040000000000000001,301.93821169233763,301.93821099422729,6.9811034109079628e-07,2.5499999994336098,2.5499999994523672,-1.8757440045646945e-11
710,0.0050000000000000001,301.97536405369812,301.97536344991471,6.0378340549505083e-07,2.5499999948432275,2.5499999949275192,-8.4291684743220685e-11
710,0.0060000000000000001,302.02135316049629,302.02135267157894,4.8891735104916734e-07,2.5499999581034962,2.5499999585871702,-4.8367398974846765e-10
710,0.0070000000000000001,302.07653055877972,302.07653020563441,3.5314531032781815e-07,2.5499996980751543,2.549999700633522,-2.5583677398799409e-09
710,0.0080000000000000002,302.14131453337342,302.14131433795944,1.954139747795125e-07,2.5499980761589729,2.5499980879202941,-1.1761321250247647e-08
710,0.0090000000000000011,302.21619108587339,302.21619107206322,1.3810165455652168e-08,2.5499891781317707,2.5499892244679221,-4.6336151360293343e-08
710,0.01,302.3017141777018,302.30171437196765,-1.942658514053619e-07,2.5499462909492738,2.5499464460005083,-1.5505123451831082e-07
710,0.010999999999999999,302.39850433816542,302.39850476945793,-4.3129250570927979e-07,2.5497647810980175,2.5497652171061596,-4.3600814203514915e-07
710,0.012,302.5072444032885,302.50724510133364,-6.9804514168936294e-07,2.5490902792555823,2.54909129310031,-1.0138447277263651e-06
710,0.013000000000000001,302.62867095087523,302.62867194239266,-9.9151742460890091e-07,2.5468887583168467,2.5468906523195147,-1.8940026680347444e-06
710,0.014,302.76356010745718,302.76356141055692,-1.303099736560398e-06,2.5405728379018191,2.5405755045986003,-2.6666967811728171e-06
710,0.014999999999999999,302.91270699072311,302.91270860870412,-1.617981013168901e-06,2.5246277960666603,2.5246300836986273,-2.2876319669684619e-06
710,0.016,303.07689918474995,303.07690110135229,-1.9166023434991075e-06,2.4891462086781257,2.4891456659834281,5.4269469762502354e-07
710,0.017000000000000001,303.25688620181569,303.25688837980255,-2.1779868575322325e-06,2.4193969648527323,2.4193908462036111,6.1186491211451255e-06
710,0.018000000000000002,303.45334850625022,303.45335089015032,-2.3839000959924306e-06,2.297910348624848,2.2978979540222286,1.2394602619369977e-05
710,0.019,303.66687083391622,303.66687335665245,-2.5227362243640528e-06,2.1096861461666325,2.1096708489772777,1.5297189354779306e-05
710,0.02,303.89792471156602,303.89792731365304,-2.6020870222964732e-06,1.848942634624072,1.8489312480534899,1.1386570582194722e-05
720,0,301.90060842953665,301.90060756923691,8.6029973545009852e-07,2.5499999999998284,2.5500000001915342,-1.9170576237570458e-10
720,0.001,301.90470238063421,301.90470152870995,8.5192425558489049e-07,2.5499999999992817,2.5500000000162335,-1.695177331839659e-11
720,0.002,301.91701586769528,301.91701504709835,8.2059693795599742e-07,2.5499999999927203,2.5500000000045255,-1.1805223465444215e-11
720,0.0030000000000000001,301.93764389910262,301.93764313072478,7.6837784490635386e-07,2.549999999923779,2.5499999999347707,-1.09916520329989e-11
720,0.0040000000000000001,301.96674517646977,301.96674448115454,6.9531523649857263e-07,2.5499999992564168,2.5499999992780293,-2.1612489575772997e-11
720,0.0050000000000000001,302.00454261161264,302.00454201033426,6.0127837286927388e-07,2.549999993434632,2.5499999935360718,-1.01439745492371e-10
720,0.0060000000000000001,302.05132399335554,302.05132350753473,4.8582080580672482e-07,2.5499999481716711,2.5499999487443352,-5.72664138331902e-10
720,0.0070000000000000001,302.10744268282173,302.10744233477897,3.4804276083377772e-07,2.5499996363903339,2.5499996393436311,-2.9532971623780213e-09
720,0.0080000000000000002,302.17331809335849,302.17331790680271,1.8655578060133848e-07,2.5499977400975102,2.5499977533408842,-1.3243373953031323e-08
720,0.0090000000000000011,302.24943553725416,302.24943553759101,-3.368541001691483e-10,2.5499875765797326,2.5499876275577411,-5.0978008481195047e-08
720,0.01,302.33634481202148,302.3363450261445,-2.1412301975942682e-07,2.5499396279230959,2.5499397948897462,-1.6696665028348434e-07
720,0.010999999999999999,302.43465669671707,302.43465715190649,-4.5518942215494462e-07,2.5497406194534813,2.5497410797939515,-4.6034047018750357e-07
720,0.012,302.54503640566787,302.54503712732458,-7.2165670417234651e-07,2.5490140146891371,2.5490150657718993,-1.0510827621601493e-06
720,0.013000000000000001,302.66819309627488,302.66819410451734,-1.0082424637403165e-06,2.5466794863371924,2.5466814163652964,-1.9300281040024458e-06
720,0.014,302.80486483897357,302.80486614453503,-1.305561454501003e-06,2.5400742836412062,2.5400769531765688,-2.6695353625427742e-06
720,0.014999999999999999,302.95579907780689,302.95580067809863,-1.6002917391233495e-06,2.5235982627194384,2.5236004914834056,-2.2287639671603188e-06
720,0.016,303.12172950127524,303.12173137774033,-1.8764650917546533e-06,2.4873072066358812,2.4873065616539267,6.4498195451179186e-07
720,0.017000000000000001,303.3033512559964,303.30335337370553,-2.1177091298341111e-06,2.4165643357560387,2.416558155229402,6.1805266367009892e-06
720,0.018000000000000002,303.50129732105307,303.50129963107463,-2.3100215571503213e-06,2.294166886362071,2.2941545618153687,1.2324546702302541e-05
720,0.019,303.7161193299479,303.71612177437538,-2.4444274799861887e-06,2.105479669333894,2.1054645698478796,1.5099486014413799e-05
720,0.02,303.94827618236735,303.94827847549345,-2.2931261014491611e-06,1.844996210909031,1.8449850194200581,1.119148897288369e-05
730,0,301.92848307946798,301.92848222354104,8.5592694176739315e-07,2.5499999999997462,2.5500000002148342,-2.1508794745273008e-10
730,0.001,301.93264846800884,301.93264761959239,8.4841644820699003e-07,2.5499999999989638,2.5500000000179894,-1.9025669928396383e-11
730,0.002,301.94517647361641,301.94517565635073,8.1726568623707863e-07,2.5499999999898693,2.5500000000031608,-1.3291590050812374e-11
730,0.0030000000000000001,301.96616270707801,301.96616194194547,7.6513254043675261e-07,2.5499999998974441,2.5499999999100837,-1.2639667090752482e-11
730,0.0040000000000000001,301.99576680584386,301.99576611402711,6.9181675144136534e-07,2.5499999990307813,2.549999999056825,-2.6043611711656922e-11
730,0.0050000000000000001,302.03421280062474,302.03421220375242,5.9687232578653493e-07,2.5499999916942393,2.5499999918167702,-1.2253087433578003e-10
730,0.0060000000000000001,302.08178947996868,302.08178900041338,4.7955529680621112e-07,2.5499999362420374,2.5499999369176436,-6.7560623762119576e-10
730,0.0070000000000000001,302.13885055415972,302.13885021533696,3.3882275829455466e-07,2.5499995642217343,2.5499995676171676,-3.3954332678831634e-09
730,0.0080000000000000002,302.20581430398164,302.20581413051474,1.7346690128761111e-07,2.5499973563939911,2.5499973712531463,-1.4859155239577149e-08
730,0.0090000000000000011,302.28316226405747,302.28316228161026,-1.7552792996866629e-08,2.5499857886067505,2.5499858445249437,-5.5918193186954568e-08
730,0.01,302.37143635956352,302.37143659411163,-2.3454811071133008e-07,2.5499323405569712,2.5499325199207177,-1.7936374652194331e-07
730,0.010999999999999999,302.47123383037609,302.47123430671303,-4.7633693611714989e-07,2.5497146811531728,2.5497151662583253,-4.8510515249233777e-07
730,0.012,302.58319929169954,302.58320003103393,-7.3933438216045033e-07,2.5489334971072832,2.5489345852151386,-1.0881078553737211e-06
730,0.013000000000000001,302.70801345310508,302.70801446975992,-1.0166548349843652e-06,2.546461781221566,2.5464637458718897,-1.9646503237602531e-06
730,0.014,302.84637842373365,302.84637972230092,-1.2985672697141126e-06,2.5395622532653777,2.5395649235599191,-2.6702945414847079e-06
730,0.014999999999999999,302.99900039893532,302.99900197540757,-1.5764722434141731e-06,2.5225523763868232,2.5225545454933807,-2.1691065574813706e-06
730,0.016,303.16657265360396,303.16657449179081,-1.8381868471806229e-06,2.4854557191994338,2.4854549740588516,7.4514058212571399e-07
730,0.017000000000000001,303.34976666455225,303.34976871889234,-2.0543400864880823e-06,2.4137325790118656,2.4137263401613356,6.2388505299715291e-06
730,0.018000000000000002,303.54924659289395,303.54924883319694,-2.2403029902307026e-06,2.2904437932147639,2.2904315395449153,1.2253669848583115e-05
730,0.019,303.76572396005395,303.76572644810039,-2.4880464479792863e-06,2.1013094235691918,2.1012945180218252,1.4905547366605987e-05
730,0.02,304.00004842120939,304.0000512784892,-2.8572798100867658e-06,1.8410884617980718,1.8410774627897462,1.0999008325685011e-05
740,0,301.95684160249044,301.95684074968523,8.5280521489039529e-07,2.5499999999996263,2.5500000002147196,-2.1509327652324828e-10
740,0.001,301.96107884421474,301.9610779989797,8.4523503574018832e-07,2.5499999999985188,2.5500000000175582,-1.9039436693901735e-11
740,0.002,301.97382255901215,301.97382174515519,8.1385695693825255e-07,2.5499999999860221,2.5499999999994123,-1.3390177855399088e-11
740,0.0030000000000000001,301.99516876565764,301.99516800446179,7.6119584946354735e-07,2.5499999998630742,2.5499999998763747,-1.3300471835009375e-11
740,0.0040000000000000001,302.02527763435955,302.02527694749455,6.8686500753756263e-07,2.5499999987453674,2.5499999987756379,-3.0270452811009818e-11
740,0.0050000000000000001,302.06437359721434,302.06437300697633,5.902380166844523e-07,2.5499999895564316,2.5499999897028043,-1.4637269174500034e-10
740,0.0060000000000000001,302.1127452926541,302.11274482216857,4.7048553142303717e-07,2.5499999219854255,2.5499999227778885,-7.9246298412272154e-10
740,0.0070000000000000001,302.17074510596603,302.17074477927673,3.2668930316503975e-07,2.5499994801561847,2.549999484043223,-3.8870382468303433e-09
740,0.0080000000000000002,302.23878797422032,302.23878781611813,1.5810218201295356e-07,2.5499969199195363,2.5499969365333568,-1.6613820541522273e-08
740,0.0090000000000000011,302.31734903506606,302.31734907049997,-3.5433913581073284e-08,2.5499837987100715,2.5499838598712059,-6.1161134379261739e-08
740,0.01,302.4069596427795,302.40695989584054,-2.5306104589617462e-07,2.5499243906789268,2.5499245829135329,-1.9223460601125453e-07
740,0.010999999999999999,302.50820129903889,302.5082017918561,-4.9281720748695079e-07,2.5496868926068044,2.5496874028756955,-5.1026889114069718e-07
740,0.012,302.62169723211468,302.6216979837539,-7.5163922019783058e-07,2.5488486252488722,2.5488497501213563,-1.124872484048467e-06
740,0.013000000000000001,302.74810184515707,302.7481028686131,-1.0234560363642231e-06,2.5462355751380086,2.5462375729985025,-1.9978604939296929e-06
740,0.014,302.88808923060947,302.88809052574135,-1.2951318808518408e-06,2.5390368323569996,2.5390395014079785,-2.6690509788984684e-06
740,0.014999999999999999,303.04234352849744,303.0423450759701,-1.5474726637876302e-06,2.521490474662579,2.5214925834303288,-2.1087677497533264e-06
740,0.016,303.21155577168338,303.21155754191534,-1.7702319610179984e-06,2.4835922605040328,2.4835914173332432,8.4317078963280778e-07
740,0.017000000000000001,303.39643277392895,303.3964347628019,-1.9888729525519011e-06,2.4109020693348229,2.4108957755723348,6.293762488063237e-06
740,0.018000000000000002,303.59772157984673,303.59772383301976,-2.2531730223818158e-06,2.2867409434470205,2.2867287613770952,1.2182069925259498e-05
740,0.019,303.81624663312664,303.81624921065753,-2.5775308927222795e-06,2.0971747381239956,2.0971600228213649,1.4715302630641247e-05
740,0.02,304.05294804343492,304.05295100224708,-2.9588121606138884e-06,1.837218520973483,1.8372077085051883,1.08124682947075e-05
750,0,301.98568631581236,301.98568546667531,8.4913705222788849e-07,2.5499999999994563,2.5500000002145535,-2.1509727332613693e-10
750,0.001,301.9899956518604,301.98999481046832,8.4139207956468454e-07,2.5499999999979028,2.5500000000169583,-1.9055423905456337e-11
750,0.002,302.00295569950873,302.00295489004719,8.0946153957484057e-07,2.5499999999808751,2.5499999999943843,-1.3509193763638905e-11
750,0.0030000000000000001,302.02466256962111,302.02466181382323,7.557978847216873e-07,2.5499999998185432,2.5499999998326679,-1.4124701408491092e-11
750,0.0040000000000000001,302.05527638818097,302.05527570824023,6.7994074015587103e-07,2.5499999983866393,2.5499999984219972,-3.5357938799052135e-11
750,0.0050000000000000001,302.09502109234148,302.09502051108757,5.812539143335016e-07,2.5499999869451559,2.5499999871194139,-1.7425794140990547e-10
750,0.0060000000000000001,302.14418390884356,302.144183449808,4.5903556156190461e-07,2.5499999050308837,2.5499999059563718,-9.2548813057646839e-10
750,0.0070000000000000001,302.20311427417192,302.20311396150299,3.1266893074644031e-07,2.5499993826427385,2.5499993870752089,-4.4324703907250296e-09
750,0.0080000000000000002,302.27222189540362,302.27222175358321,1.418204078618146e-07,2.5499964251838185,2.5499964436980735,-1.8514255017976211e-08
750,0.0090000000000000011,302.35197362407814,302.35197367734941,-5.3271264732757118e-08,2.5499815906818637,2.549981657394226,-6.6712362301046824e-08
750,0.01,302.44288886283078,302.44288913409315,-2.7126236545882421e-07,2.5499157392804186,2.5499159448523008,-2.0557188218361944e-07
750,0.010999999999999999,302.54553340506334,302.54553391385502,-5.0879168611572823e-07,2.5496571803363657,2.549657716136168,-5.3579980230367141e-07
750,0.012,302.66051198969035,302.66051274918999,-7.5949964184474084e-07,2.5487593008054512,2.5487604621383806,-1.1613329293780339e-06
750,0.013000000000000001,302.78846047566111,302.7884614898561,-1.0141949928765825e-06,2.5460008067456803,2.5460028364001399,-2.029654459612118e-06
750,0.014,302.93003933928043,302.93004060320851,-1.2639280839721323e-06,2.538498112626093,2.538500778507859,-2.6658817660063505e-06
750,0.014999999999999999,303.08593090842754,303.08593241367345,-1.5052459048092715e-06,2.5204128924909455,2.5204149403415212,-2.0478505757814958e-06
750,0.016,303.25684287670373,303.25684462155078,-1.7448470543968142e-06,2.4817173286236773,2.4817163895488292,9.390748481052924e-07
750,0.017000000000000001,303.4435196321345,303.44352163180713,-1.999672633701266e-06,2.4080731614055741,2.4080668160093563,6.3453962177995038e-06
750,0.018000000000000002,303.64676056709305,303.64676285272463,-2.2856315808894578e-06,2.2830582070453955,2.283046097208822,1.2109836573515054e-05
750,0.019,303.86744132739699,303.86744393545621,-2.6080592192556651e-06,2.0930749671605771,2.093060438535336,1.4528625241094772e-05
750,0.02,304.10653134381835,304.10653432249495,-2.9786766049255675e-06,1.833385524260593,1.8333748937057912,1.0630554801771552e-05
760,0,302.0150180870188,302.01501724294695,8.4407184886003961e-07,2.5499999999992147,2.5500000002143213,-2.1510659919954378e-10
760,0.001,302.01939950487679,302.01939866879798,8.3607881151692709e-07,2.5499999999970564,2.5500000000161389,-1.9082513347257191e-11
760,0.002,302.03257572328545,302.03257491988501,8.0340043950855033e-07,2.549999999974041,2.5499999999877074,-1.3666401343925827e-11
760,0.0030000000000000001,302.05464256472095,302.05464181623194,7.4848901476798346e-07,2.5499999997612433,2.5499999997763814,-1.5138112985368934e-11
760,0.0040000000000000001,302.08575945928703,302.08575878837513,6.7091190203427686e-07,2.5499999979385244,2.549999997979973,-4.1448622312145744e-11
760,0.0050000000000000001,302.12614891863524,302.12614834851769,5.7011754961422412e-07,2.5499999837726923,2.549999983979419,-2.067266358096731e-10
760,0.0060000000000000001,302.17609557558467,302.17609513000946,4.4557521050592186e-07,2.5499998849621202,2.549999886038409,-1.0762888358328837e-09
760,0.0070000000000000001,302.23594458646465,302.23594428948508,2.9697957870666869e-07,2.5499992699851717,2.5499992750206761,-5.0355044578509478e-09
760,0.0080000000000000002,302.30609918000687,302.30609905543588,1.2457098819140811e-07,2.5499958663264293,2.5499958868930244,-2.0566595093640672e-08
760,0.0090000000000000011,302.38701718101845,302.38701725142153,-7.0403075369540602e-08,2.5499791476162312,2.5499792201924021,-7.2576170850879862e-08
760,0.01,302.4792064707803,302.47920675595361,-2.8517331429611659e-07,2.5499063465706326,2.5499065659373592,-2.1936672656153178e-07
760,0.010999999999999999,302.58321959578285,302.58322011096453,-5.151816822035471e-07,2.5496254710836199,2.5496260327491487,-5.6166552875325237e-07
760,0.012,302.69964810166005,302.69964885618759,-7.5452754799698596e-07,2.5486654284818946,2.5486666259294415,-1.1974475468967682e-06
760,0.013000000000000001,302.82911759266335,302.82911859018361,-9.9752026017085882e-07,2.5457574210126808,2.5457594810437993,-2.0600311185781095e-06
760,0.014,302.97228486127267,302.97228610228797,-1.2410152976372046e-06,2.5379461914527517,2.537948852315751,-2.6608629992708188e-06
760,0.014999999999999999,303.12983848868384,303.12983997491079,-1.486226949509728e-06,2.5193199618605888,2.519321948312093,-1.9864515041767561e-06
760,0.016,303.30250387205206,303.30250561123199,-1.7391799360666482e-06,2.4798314060127362,2.4798303731530011,1.032859735072833e-06
760,0.017000000000000001,303.49105260146575,303.49105461027227,-2.008806518460915e-06,2.4052461909429135,2.4052397970617485,6.3938811649677518e-06
760,0.018000000000000002,303.69631464930131,303.69631695211905,-2.3028177338346723e-06,2.2793954502960134,2.2793834132402346,1.2037055778790773e-05
760,0.019,303.91919040068575,303.91919302572336,-2.6250376095049432e-06,2.089009484072907,2.0889951386844179,1.4345388489100941e-05
760,0.02,304.16065877508174,304.1606617638829,-2.9888011567891226e-06,1.8295886774249268,1.8295782244192995,1.0453005627297784e-05
770,0,302.04483593494871,302.04483509794602,8.370026876036718e-07,2.5499999999988781,2.5500000002139966,-2.1511858960820973e-10
770,0.001,302.04928913331617,302.04928830458249,8.2873367546199006e-07,2.549999999995904,2.5500000000150185,-1.9114487770366395e-11
770,0.002,302.06268048968502,302.06267969444588,7.9523914564560982e-07,2.5499999999650331,2.5499999999788932,-1.3860024239420454e-11
770,0.0030000000000000001,302.08510515509852,302.08510441608462,7.390138989649131e-07,2.5499999996880045,2.549999999704387,-1.638245095136881e-11
770,0.0040000000000000001,302.11672124310553,302.11672058338456,6.5972096763289301e-07,2.549999997382038,2.5499999974307461,-4.8708148625564718e-11
770,0.0050000000000000001,302.1577490274538,302.15774847045361,5.5700019174764748e-07,2.5499999799383382,2.549999980182692,-2.4435387047105905e-10
770,0.0060000000000000001,302.20846964454711,302.20846921387897,4.3066813759651268e-07,2.5499998613138088,2.5499998625603673,-1.2465584120491258e-09
770,0.0070000000000000001,302.2692231672271,302.26922288624786,2.8097923632230959e-07,2.5499991403345454,2.549999146034529,-5.6999835962301404e-09
770,0.0080000000000000002,302.34040594454518,302.34040583560511,1.089400711862254e-07,2.5499952371090564,2.5499952598858719,-2.2776815544744977e-08
770,0.0090000000000000011,302.42246718824475,302.42246727165019,-8.3405438999761827e-08,2.5499764519180017,2.5499765306741984,-7.8756196675300316e-08
770,0.01,302.51590494115163,302.51590523403195,-2.9288031555552152e-07,2.5498961720315836,2.5498964056409341,-2.3360935053062803e-07
770,0.010999999999999999,302.62126177939905,302.62126229485165,-5.1545259793783771e-07,2.5495916919128008,2.5495922797466575,-5.8783385670224675e-07
770,0.012,302.73912084433925,302.73912159134181,-7.4700255936477333e-07,2.5485669160461937,2.5485681492233812,-1.2331771874762865e-06
770,0.013000000000000001,302.87010300018756,302.87010398467066,-9.8448310836829478e-07,2.5455053690305589,2.5455074580230965,-2.0889925376188501e-06
770,0.014,303.01486597011797,303.01486719715945,-1.2270414799786522e-06,2.5373811714518677,2.5373838255217613,-2.6540698936372564e-06
770,0.014999999999999999,303.17410611607238,303.17410759263504,-1.4765626588086889e-06,2.5182120115324351,2.5182139361936073,-1.9246611722145701e-06
770,0.016,303.34856304280089,303.34856478014757,-1.7373466789649683e-06,2.477934959944601,2.4779338354085994,1.1245360016509665e-06
770,0.017000000000000001,303.53902647004912,303.53902848479225,-2.0147431314399e-06,2.4024214757084819,2.4024150363665631,6.4393419187958045e-06
770,0.018000000000000002,303.74634399570687,303.74634630896901,-2.3132621436161571e-06,2.2757525364086733,2.2757405726016007,1.1963807072579158e-05
770,0.019,303.97142773139132,303.97143036645099,-2.6350596726842923e-06,2.0849776776308464,2.084963512129439,1.4165501407426007e-05
770,0.02,304.21525760205367,304.21526059523973,-2.9931860581200453e-06,1.8258272218651981,1.8258169422300534,1.0279635144661015e-05
780,0,302.07513693883203,302.07513611131617,8.2751586205631611e-07,2.5499999999984118,2.5500000002135459,-2.1513413273055448e-10
780,0.001,302.07966133971513,302.07966052073942,8.1897570680666831e-07,2.5499999999943466,2.5500000000135006,-1.9154011710043051e-11
780,0.002,302.09326598806234,302.09326520336128,7.8470105790984235e-07,2.5499999999532461,2.5499999999673539,-1.4107826018516789e-11
780,0.0030000000000000001,302.11604504103451,302.11604431374263,7.2729187650111271e-07,2.5499999995949909,2.5499999996128895,-1.7898571513796924e-11
780,0.0040000000000000001,302.14815480756243,302.14815416094899,6.4661344367777929e-07,2.549999996694881,2.5499999967521916,-5.7310600709570281e-11
780,0.0050000000000000001,302.18981275702788,302.18981221439759,5.4263028914647293e-07,2.5499999753270037,2.5499999756147638,-2.8776003802022387e-10
780,0.0060000000000000001,302.24129602751981,302.24129561190892,4.1561088437447324e-07,2.5499998335678034,2.5499998350058815,-1.4380781010459032e-09
780,0.0070000000000000001,302.30293937642142,302.30293911008232,2.6633910010787076e-07,2.5499989916818961,2.5499989981117008,-6.4298046886790416e-09
780,0.0080000000000000002,302.37513256526478,302.37513246897595,9.6288829354307381e-08,2.5499945309085317,2.5499945560592465,-2.515071484410214e-08
780,0.0090000000000000011,302.45831726291669,302.4583173552287,-9.2312006927386392e-08,2.5499734853132736,2.549973570568687,-8.5255413395657342e-08
780,0.01,302.55298368141911,302.55298397803716,-2.9661805456271395e-07,2.5498851744737876,2.549885422762912,-2.4828912437158124e-07
780,0.010999999999999999,302.65966730720487,302.65966782075395,-5.1354908237044583e-07,2.5495557703084062,2.5495563845812166,-6.142728103952777e-07
780,0.012,302.77894621889175,302.77894695928342,-7.4039166975126136e-07,2.548463674368838,2.5484649428539932,-1.2684851551370002e-06
780,0.013000000000000001,302.91143953902917,302.91144051450573,-9.7547655286689405e-07,2.5452446078259614,2.5452467243695986,-2.1165436372427848e-06
780,0.014,303.05780749657384,303.0578087152644,-1.218690556470392e-06,2.5368031600587035,2.5368058056352805,-2.6455765769206607e-06
780,0.014999999999999999,303.21875334374306,303.21875481536847,-1.4716254099766957e-06,2.5170893667990093,2.5170912293636318,-1.8625646225345349e-06
780,0.016,303.39502698175056,303.39502871896764,-1.7372170759699657e-06,2.476028442947269,2.4760272288299654,1.2141173035828956e-06
780,0.017000000000000001,303.58742966862872,303.58743168749743,-2.0188687130939797e-06,2.3995993164548,2.399592834556509,6.4818982909997658e-06
780,0.018000000000000002,303.79681872695954,303.79682104628455,-2.319325005828432e-06,2.2721293259799049,2.2721174358180467,1.1890161858207904e-05
780,0.019,304.02411088427829,304.02411352396189,-2.6396836005915247e-06,2.0809789517207498,2.0809649628375317,1.3988883218019055e-05
780,0.02,304.27028255934152,304.27028587910644,-3.3197649145222385e-06,1.8221004279620405,1.8220903176214436,1.0110340596947154e-05
790,0,302.10591646484505,302.10591564805884,8.1678621199898771e-07,2.5499999999977705,2.5500000002783789,-2.8060842538479847e-10
790,0.001,302.1105112702154,302.1105104632494,8.0696599980001338e-07,2.5499999999922593,2.5500000000172451,-2.4985791213794073e-11
790,0.002,302.12432673792796,302.12432596582198,7.7210597737575881e-07,2.549999999937929,2.5499999999562943,-1.8365309273349339e-11
790,0.0030000000000000001,302.14745581470777,302.14745510078268,7.1392508971257485e-07,2.549999999477587,2.5499999995004554,-2.2868373861228974e-11
790,0.0040000000000000001,302.18005270849721,302.18005207597685,6.3252036852645688e-07,2.5499999958509831,2.5499999959210728,-7.0089711812215683e-11
790,0.0050000000000000001,302.22233180721531,302.22233127903797,5.2817733831034275e-07,2.5499999698077205,2.5499999701476384,-3.3991787162790388e-10
790,0.0060000000000000001,302.27456613032962,302.274565728808,4.0152161773221451e-07,2.5499998011492431,2.5499998028039994,-1.6547563319591063e-09
790,0.0070000000000000001,302.33708531870582,302.33708506505963,2.5364619204992778e-07,2.549998821851057,2.5499988290818405,-7.230783527489848e-09
790,0.0080000000000000002,302.4102732206585,302.41027313448598,8.6172519786487101e-08,2.5499937407107618,2.5499937684063609,-2.7695599147392613e-08
790,0.0090000000000000011,302.49456520984711,302.49456530864592,-9.879880735752522e-08,2.5499702288616168,2.5499703209393543,-9.2077737434692608e-08
790,0.01,302.5904454627111,302.59044576159653,-2.9888542485423386e-07,2.5498733120923229,2.5498735754884416,-2.6339611869374835e-07
790,0.010999999999999999,302.69844450853054,302.69844502031305,-5.1178250259908964e-07,2.5495176342680925,2.5495182752202274,-6.4095213492265657e-07
790,0.012,302.81913741393879,302.81913814973393,-7.3579514037191984e-07,2.5483556174524993,2.5483569207909742,-1.3033384749228105e-06
790,0.013000000000000001,302.95314293681571,302.95314390727361,-9.7045790425909217e-07,2.5449751001703933,2.544977242863685,-2.1426932916845942e-06
790,0.014,303.10112380101555,303.10112501707408,-1.21605853564688e-06,2.5362122691346238,2.536214904591906,-2.6354572821851718e-06
790,0.014999999999999999,303.26378757769857,303.26378904929641,-1.4715978409185482e-06,2.5159523492725673,2.5159541495154825,-1.8002429151842136e-06
790,0.016,303.44188537329933,303.44188711573827,-1.7424389398001949e-06,2.4741122932342141,2.4741109916154458,1.3016187683234648e-06
790,0.017000000000000001,303.63619946286667,303.63620150243753,-2.0395708588694106e-06,2.3967799978235838,2.3967734761593369,6.5216642468612918e-06
790,0.018000000000000002,303.84750127642172,303.84750359542369,-2.3190019646790461e-06,2.2685256772864903,2.2685138611031923,1.1816183298041238e-05
790,0.019,304.07645914602296,304.07646162902881,-2.4830058578118042e-06,2.0770127255369459,2.0769989100753397,1.3815461606281332e-05
790,0.02,304.3235034290409,304.3235058924019,-2.4633609996271844e-06,1.8184082054710538,1.8183982665695788,9.9389014749373672e-06
800,0,302.13716864611445,302.13716784311208,8.030023650462681e-07,2.549999999996897,2.5500000002775316,-2.8063462664817962e-10
800,0.001,302.1418329212608,302.14183212818114,7.9307966416308773e-07,2.5499999999894816,2.5500000000145344,-2.5052848684481432e-11
800,0.002,302.15585636481177,302.15585560685122,7.579605494356656e-07,2.5499999999181564,2.5499999999369076,-1.8751222796709044e-11
800,0.0030000000000000001,302.17933061360543,302.1793299141018,6.9950363013049355e-07,2.5499999993302747,2.5499999993553613,-2.5086599464430037e-11
800,0.0040000000000000001,302.21240766978224,302.21240705176433,6.1801790707249893e-07,2.5499999948200145,2.5499999949020129,-8.1998408063554962e-11
800,0.0050000000000000001,302.25529881489246,302.25529830085441,5.140380494594865e-07,2.5499999632320649,2.5499999636290203,-3.9695535747341637e-10
800,0.0060000000000000001,302.30827310882569,302.3082727204071,3.8841858440719079e-07,2.5499997634225893,2.5499997653170214,-1.8944321666936048e-09
800,0.0070000000000000001,302.37165552086981,302.37165527849203,2.4237778006863664e-07,2.5499986284916707,2.5499986365948377,-8.103167026263236e-09
800,0.0080000000000000002,302.44582478588865,302.44582470843295,7.7455695191019913e-08,2.5499928591055685,2.5499928895189949,-3.0413426443942626e-08
800,0.0090000000000000011,302.53121113383639,302.53121123845926,-1.0462287036716589e-07,2.549966662969855,2.5499667621914996,-9.9221644678237908e-08
800,0.01,302.62829408862336,302.62829439065797,-3.0203460710254149e-07,2.5498605425229846,2.5498608214381808,-2.7891519627232242e-07
800,0.010999999999999999,302.73760053427947,302.73760104691047,-5.1263100431242492e-07,2.5494772123904896,2.549477880228284,-6.6783779439916202e-07
800,0.012,302.85970311685867,302.85970385078582,-7.3392715194131597e-07,2.5482426624524681,2.5482440001550715,-1.3377026033545292e-06
800,0.013000000000000001,302.99521861865117,302.99521958401652,-9.6536535920677125e-07,2.5446968143888249,2.544698981837886,-2.1674490611189867e-06
800,0.014,303.14480494769572,303.14480616006341,-1.2123676924602478e-06,2.5356086145925874,2.5356112383738427,-2.6237812553731032e-06
800,0.014999999999999999,303.30915364333987,303.30915512774681,-1.4844069369246427e-06,2.5148012767002408,2.5148030144683959,-1.7377681551522528e-06
800,0.016,303.48897269083585,303.48897446598636,-1.7751505083651864e-06,2.4721869351298063,2.4721855480675585,1.3870622477263339e-06
800,0.017000000000000001,303.68495354257988,303.68495558209992,-2.039520040852949e-06,2.3939637891944403,2.3939572304405918,6.5587538484734864e-06
800,0.018000000000000002,303.89771922839532,303.89772145093491,-2.2225395923669566e-06,2.2649414465183106,2.2649297045832908,1.1741935019848881e-05
800,0.019,304.12775908510122,304.12776137394877,-2.2888475541549269e-06,2.0730784386868923,2.0730647934437423,1.3645243150062214e-05
800,0.02,304.37536703760895,304.37536928289944,-2.2452904886449687e-06,1.8147497630236411,1.8147399880081849,9.775015456181535e-06
810,0,302.16888696346405,302.16888617552758,7.8793647162456182e-07,2.5499999999957148,2.5500000002763805,-2.8066571289286912e-10
810,0.001,302.17361972191196,302.17361894390621,7.7800575581932208e-07,2.5499999999858098,2.5500000000109493,-2.5139446080402195e-11
810,0.002,302.18784817706808,302.18784743416654,7.4290153406764148e-07,2.5499999998927936,2.5499999999120146,-1.922106918073041e-11
810,0.0030000000000000001,302.21166265607388,302.21166197148824,6.8458564328466309e-07,2.5499999991464866,2.5499999991742319,-2.7745361563802362e-11
810,0.0040000000000000001,302.24521300165054,302.24521239814374,6.0350680541887414e-07,2.5499999935668516,2.5499999936627527,-9.5901064867121022e-11
810,0.0050000000000000001,302.28870754090173,302.28870704057124,5.0033048637487809e-07,2.5499999554325035,2.5499999558944468,-4.6194337244287453e-10
810,0.0060000000000000001,302.34241169394335,302.34241131796375,3.7597959590129904e-07,2.5499997196875803,2.5499997218487529,-2.1611725742332055e-09
810,0.0070000000000000001,302.4066462876159,302.40664605595128,2.3166461460277787e-07,2.549998409072384,2.5499984181252056,-9.0528216034613251e-09
810,0.0080000000000000002,302.48178566473842,302.48178559581879,6.8919632667530095e-08,2.5499918782824036,2.549991911593454,-3.3311050362527794e-08
810,0.0090000000000000011,302.56825568504166,302.56825579546143,-1.1041976222259109e-07,2.5499627674072305,2.549962874096996,-1.0668976546668318e-07
810,0.01,302.66653166152344,302.66653196605262,-3.0452918053924805e-07,2.5498468228983007,2.5498471177333646,-2.9483506391869696e-07
810,0.010999999999999999,302.7771361019158,302.77713661436621,-5.1245041277070413e-07,2.5494344339581168,2.5494351288585846,-6.9490046783471371e-07
810,0.012,302.90063574928809,302.90063648448722,-7.3519913712516427e-07,2.5481247296889991,2.5481261012382594,-1.3715492603871837e-06
810,0.013000000000000001,303.03763678752432,303.03763776306442,-9.7554010380918044e-07,2.544409724168692,2.5444119149931166,-2.1908244245416597e-06
810,0.014,303.18877627216642,303.18877750645572,-1.2342893001004995e-06,2.534992316042151,2.534994926662085,-2.6106199340070191e-06
810,0.014999999999999999,303.35470719223542,303.35470869579115,-1.5035557225928642e-06,2.5136364628032157,2.5136381380146893,-1.6752114735396617e-06
810,0.016,303.53607468568561,303.53607644630426,-1.7606186588636774e-06,2.4702527794865317,2.4702513090190497,1.47046748200097e-06
810,0.017000000000000001,303.73348251253253,303.73348448499843,-1.9724658955055929e-06,2.3911509454803519,2.3911443522083395,6.593272012356266e-06
810,0.018000000000000002,303.94745220346687,303.94745431427719,-2.1108103283040691e-06,2.2613764880464799,2.2613648205722483,1.1667474231646935e-05
810,0.019,304.17838156148804,304.17838372105848,-2.1595704424726136e-06,2.069175561511376,2.0691620834492146,1.3478062161453863e-05
810,0.02,304.42651245501202,304.4265145825492,-2.1275371864248882e-06,1.8111242577271045,1.811114642398671,9.6153284334654643e-06
820,0,302.20106477390863,302.20106400179446,7.7211416282807477e-07,2.5499999999941276,2.5500000002748369,-2.8070923363543443e-10
820,0.001,302.2058650456417,302.20586428339504,7.6224665690460824e-07,2.5499999999809932,2.5500000000062402,-2.524691566918591e-11
820,0.002,302.22029562208496,302.22029489473181,7.2735315370664466e-07,2.549999999860463,2.5499999998802605,-1.9797496975115791e-11
820,0.0030000000000000001,302.2444455886677,302.24444491921685,6.6945085563929752e-07,2.5499999989184472,2.549999998949366,-3.091882305739091e-11
820,0.0040000000000000001,302.2784627677143,302.27846217864709,5.8906721278617624e-07,2.5499999920509993,2.5499999921630763,-1.1207701433590955e-10
820,0.0050000000000000001,302.3225527671716,302.32255228021683,4.8695477516957908e-07,2.5499999462206446,2.5499999467563548,-5.3571014291264873e-10
820,0.0060000000000000001,302.37697770442077,302.3769773403024,3.6411836390470853e-07,2.5499996691751372,2.5499996716322042,-2.457066994310253e-09
820,0.0070000000000000001,302.44205465043933,302.44205442865433,2.21785001031094e-07,2.5499981608742939,2.5499981709580561,-1.008376226963037e-08
820,0.0080000000000000002,302.51815382245729,302.51815376119328,6.1264017858775333e-08,2.5499907900270031,2.5499908264203692,-3.6393366098508295e-08
820,0.0090000000000000011,302.605696488251,302.6056966046022,-1.1635120245045982e-07,2.5499585213219813,2.5499586358044803,-1.1448249903622809e-07
820,0.01,302.70515240032609,302.70515271088732,-3.1056123361850041e-07,2.5498321099032917,2.5498324210456516,-3.11142359876726e-07
820,0.010999999999999999,302.81703632654489,302.81703684813095,-5.2158605967633775e-07,2.5493892290152713,2.5493899511252756,-7.2211000423649807e-07
820,0.012,302.94190288980911,302.94190363947979,-7.4967067575926194e-07,2.5480017426515071,2.5480031475025999,-1.4048510927899827e-06
820,0.013000000000000001,303.08033854627507,303.08033953942078,-9.9314570434216876e-07,2.5441138083688113,2.5441160212024068,-2.2128335954718636e-06
820,0.014,303.2329492900605,303.23295053580267,-1.245742168975994e-06,2.5343634964525186,2.5343660924944924,-2.5960419738346729e-06
820,0.014999999999999999,303.40034282878298,303.40034432328667,-1.4945036923563748e-06,2.5124582171387786,2.5124598297768883,-1.6126381097159026e-06
820,0.016,303.58310477885823,303.58310649885772,-1.7199994886141212e-06,2.4683102240962005,2.4683086722387424,1.5518574580930533e-06
820,0.017000000000000001,303.78176996294945,303.78177186353554,-1.9005860849574674e-06,2.3883417078741336,2.3883350825533576,6.6253207759991994e-06
820,0.018000000000000002,303.99679190258115,303.9967939205012,-2.0179200532766117e-06,2.2578306549637253,2.2578190621020569,1.1592861668408005e-05
820,0.019,304.22851543797589,304.2285174991361,-2.0611602167264209e-06,2.0653035806507432,2.0652902668965147,1.3313754228416741e-05
820,0.02,304.47715823484293,304.47716027315977,-2.0383168362059223e-06,1.8075309878796595,1.8075215284524797,9.4594271797809881e-06
830,0,302.23369569405264,302.23369493808957,7.559630716968968e-07,2.549999999992012,2.5500000002727785,-2.8076652114350509e-10
830,0.001,302.23856256750031,302.23856182129589,7.4620442092054873e-07,2.5499999999747116,2.5500000000000966,-2.5385027413449279e-11
830,0.002,302.25319256094758,302.25319184929617,7.1165140980156139e-07,2.5499999998194927,2.5499999998399936,-2.0500934283518291e-11
830,0.0030000000000000001,302.27767360986985,302.2776729555128,6.5435705209893058e-07,2.5499999986369954,2.5499999986716873,-3.4691804984277042e-11
830,0.0040000000000000001,302.3121516655907,302.31215109070331,5.7488739457767224e-07,2.5499999902259671,2.5499999903567803,-1.3081313809948369e-10
830,0.0050000000000000001,302.3568298003733,302.35682932638156,4.7399174718520953e-07,2.5499999353854181,2.5499999360045487,-6.191305246261436e-10
830,0.0060000000000000001,302.41196697633688,302.41196662377911,3.5255777675047284e-07,2.5499996110432308,2.5499996138274996,-2.7842688155033102e-09
830,0.0070000000000000001,302.47787646868875,302.47787625719212,2.1149662643438205e-07,2.5499978809846331,2.5499978921846229,-1.1199989824461909e-08
830,0.0080000000000000002,302.55492387785836,302.55492382627284,5.1585516303020995e-08,2.5499895857189219,2.5499896253839256,-3.9665003725986026e-08
830,0.0090000000000000011,302.64352456072515,302.64352468737388,-1.2664872883760836e-07,2.5499539032591301,2.5499540258587561,-1.2259962600680296e-07
830,0.01,302.74414015095516,302.74414047378804,-3.2283287509926595e-07,2.549816359830738,2.5498166876539226,-3.2782318459823045e-07
830,0.010999999999999999,302.85727363497625,302.85727417121387,-5.362376214179676e-07,2.549341528441055,2.5493422778779293,-7.4943687433659534e-07
830,0.012,302.98346224990593,302.98346301465784,-7.6475191690406064e-07,2.5478736279956968,2.5478750655786233,-1.4375829264778872e-06
830,0.013000000000000001,303.1232673611039,303.12326836463899,-1.0035350896941964e-06,2.5438090508296507,2.5438112843222545,-2.2334926037537173e-06
830,0.014,303.27726057968698,303.27726182358617,-1.2438991916496889e-06,2.5337222818335987,2.5337248619480781,-2.5801144794002084e-06
830,0.014999999999999999,303.44600580769077,303.4460072807459,-1.4730551356478827e-06,2.5112668449827509,2.5112683950917036,-1.550108952752538e-06
830,0.016,303.6300376947965,303.63003937011393,-1.6753174350014888e-06,2.4663596540922761,2.4663580228354141,1.631256862033581e-06
830,0.017000000000000001,303.82983806739043,303.82983990209539,-1.8347049604017229e-06,2.3855363045504849,2.3855296495521232,6.6549983617214536e-06
830,0.018000000000000002,304.0458129972094,304.04581493522284,-1.9380134403945704e-06,2.2543037998335254,2.2542922816808,1.1518152725376041e-05
830,0.019,304.27827394260504,304.27827592022305,-1.97761801246088e-06,2.0614619896625883,2.0614488374174686,1.3152245119663064e-05
830,0.02,304.52742645676238,304.52742841874039,-1.9619780005086795e-06,1.8039692995197893,1.8039599924319449,9.307087844412365e-06
840,0,302.26677377592227,302.26677303605516,7.3986711868201382e-07,2.5499999999892138,2.5500000002700483,-2.8083446679261215e-10
840,0.001,302.27170640338016,302.27170567313323,7.3024693847401068e-07,2.549999999966575,2.5499999999921306,-2.5555557670031703e-11
840,0.002,302.28653329298544,302.28653259688053,6.9610490527338698e-07,2.5499999997678704,2.5499999997892275,-2.1357138280109211e-11
840,0.0030000000000000001,302.31134128780616,302.31134064833918,6.3946697537176078e-07,2.5499999982913932,2.5499999983305428,-3.914957247275197e-11
840,0.0040000000000000001,302.34627452890209,302.34627396807883,5.6082325272654998e-07,2.5499999880386008,2.5499999881910189,-1.5241807815868924e-10
840,0.0050000000000000001,302.39153355021466,302.39153308944941,4.6076524995442014e-07,2.549999922691184,2.5499999234043202,-7.1313621674562455e-10
840,0.0060000000000000001,302.44737397739362,302.4473736374652,3.3992841963481624e-07,2.5499995443727097,2.5499995475177131,-3.1450033688429357e-09
840,0.0070000000000000001,302.51410475947631,302.51410456054833,1.9892797809006879e-07,2.5499975662907395,2.5499975786962352,-1.2405495741774075e-08
840,0.0080000000000000002,302.59208579067888,302.59208575232861,3.8350265185727039e-08,2.5499882563299745,2.5499882994602965,-4.3130321980555664e-08
840,0.0090000000000000011,302.68172467736719,302.68172481849001,-1.4112282542555477e-07,2.5499488911794046,2.5499490222197401,-1.3104033547151062e-07
840,0.01,302.78347228293143,302.78347262131308,-3.3838165336419479e-07,2.5497995286357718,2.5497998734989662,-3.4486319444582136e-07
840,0.010999999999999999,302.89781656880547,302.89781712012319,-5.5131772569438908e-07,2.5492912640175023,2.5492920408697435,-7.768522412021639e-07
840,0.012,303.02527419120827,303.02527496730187,-7.7609360005226335e-07,2.5477403155339822,2.5477417852556972,-1.469721714997263e-06
840,0.013000000000000001,303.16637937260646,303.16638037906819,-1.0064617299576639e-06,2.5434954401853136,2.5434976930044022,-2.2528190886106358e-06
840,0.014,303.32166980395795,303.32167103737987,-1.2334219263721025e-06,2.5330688009343896,2.5330713638372493,-2.562902859715166e-06
840,0.014999999999999999,303.49166977827565,303.49167122378151,-1.4455058590101544e-06,2.510062647230872,2.5100641349116231,-1.4876807510333379e-06
840,0.016,303.67687137868228,303.67687300853083,-1.629848554784985e-06,2.4644014423431693,2.4643997336514318,1.7086917374342647e-06
840,0.017000000000000001,303.87771523877262,303.87771701271396,-1.7739413351591793e-06,2.3827349513386737,2.3827282689392075,6.6823994662179587e-06
840,0.018000000000000002,304.09457298497375,304.09457485268445,-1.8677106936593191e-06,2.2507957750605745,2.2507843316686311,1.1443391943366521e-05
840,0.019,304.3277337582611,304.32773566360015,-1.9053390474255139e-06,2.057650289681523,2.0576372961979126,1.2993483610390655e-05
840,0.02,304.5773970995827,304.57739892997722,-1.8303945239495079e-06,1.8004385700486272,1.800429411953016,9.1580956111947387e-06
850,0,302.30029340856231,302.3002926850271,7.2353520863543963e-07,2.5499999999855354,2.5500000002103524,-2.2481705386212525e-10
850,0.001,302.30529096907327,302.30529025482008,7.1425318992623943e-07,2.5499999999561012,2.5499999999769178,-2.0816681711721685e-11
850,0.002,302.32031228921278,302.32031160883872,6.8037405753784697e-07,2.5499999997031861,2.5499999997221865,-1.9000356843434929e-11
850,0.0030000000000000001,302.34544309643678,302.3454424723472,6.2408958001469728e-07,2.5499999978691035,2.5499999979108123,-4.1708858589117881e-11
850,0.0040000000000000001,302.38082563195394,302.38082508617299,5.4578094932367094e-07,2.5499999854283608,2.5499999856033444,-1.7498358317880047e-10
850,0.0050000000000000001,302.42665765710302,302.42665721120136,4.4590166226043948e-07,2.5499999078757472,2.5499999086924889,-8.1674178531443431e-10
850,0.0060000000000000001,302.48319097504157,302.4831906500753,3.2496626545253093e-07,2.5499994681631062,2.5499994717029146,-3.5398084463622581e-09
850,0.0070000000000000001,302.55072935157852,302.55072916801237,1.8356615782977315e-07,2.5499972134742879,2.54999722717697,-1.3702682100102948e-08
850,0.0080000000000000002,302.62962565206203,302.62962562959746,2.2464575977210188e-08,2.5499867924234958,2.5499868392154799,-4.679198406520868e-08
850,0.0090000000000000011,302.72027793424922,302.72027809144163,-1.5719240309408633e-07,2.5499434624791162,2.5499436022810658,-1.3980194957241565e-07
850,0.01,302.82312416669942,302.82312452022586,-3.5352644545127987e-07,2.549781571989667,2.5497819342360497,-3.622463826680189e-07
850,0.010999999999999999,302.93863520576883,302.93863576922683,-5.6345800203416729e-07,2.5492383684931617,2.5492391728197727,-8.0432661109242076e-07
850,0.012,303.06730569699567,303.06730647913258,-7.8213690812845016e-07,2.5476017382202607,2.5476032394650936,-1.5012448328910466e-06
850,0.013000000000000001,303.2096427047444,303.20964370698556,-1.0022411629506678e-06,2.5431729696781686,2.5431752405086074,-2.2708304387997202e-06
850,0.014,303.36615215089779,303.36615336462029,-1.2137224985053763e-06,2.5324031849580133,2.5324057294275644,-2.5444695510579152e-06
850,0.014999999999999999,303.53732362240709,303.53732503012475,-1.407717661550123e-06,2.5088459203166598,2.5088473457226295,-1.425405969701643e-06
850,0.016,303.72361501308319,303.72361659855989,-1.585476695709076e-06,2.4624359498347275,2.4624341656458597,1.7841888677594397e-06
850,0.017000000000000001,303.92544024545305,303.92544198998655,-1.744533506098378e-06,2.3799378523741002,2.3799311447588058,6.7076152943101874e-06
850,0.018000000000000002,304.14316576195876,304.14316760631181,-1.8443530507283867e-06,2.2473064328557477,2.2472950642379823,1.1368617765405986e-05
850,0.019,304.37712182300203,304.3771236877156,-1.8647135675564641e-06,2.0538679910305171,2.0538551536173335,1.2837413183586222e-05
850,0.02,304.62762820261003,304.62763010926989,-1.9066598611061636e-06,1.7969376759479245,1.7969286584697048,9.0174782196861258e-06
860,0,302.33424896724785,302.33424826070996,7.0653788952768082e-07,2.5499999999807299,2.5500000002056558,-2.2492585571853851e-10
860,0.001,302.33931060210784,302.33930990484561,6.9726223728139303e-07,2.5499999999426954,2.5499999999637724,-2.1076917988693822e-11
860,0.002,302.35452374329606,302.35452307990613,6.6338992610326386e-07,2.549999999622564,2.5499999996428016,-2.0237589382077203e-11
860,0.0030000000000000001,302.37997288827177,302.37997228119161,6.0708015325872111e-07,2.5499999973555529,2.5499999974034147,-4.7861714591590498e-11
860,0.0040000000000000001,302.41579814203516,302.41579761335612,5.2867903832520824e-07,2.5499999823265607,2.5499999825299637,-2.0340307216315523e-10
860,0.0050000000000000001,302.46219407392971,302.46219364529588,4.2863382532232208e-07,2.5499998906483206,2.5499998915832656,-9.3494501030022548e-10
860,0.0060000000000000001,302.51940799506161,302.51940768753644,3.0752516977372579e-07,2.5499993813284494,2.5499993853030269,-3.9745775559651975e-09
860,0.0070000000000000001,302.58773751929283,302.58773735315634,1.6613648767815903e-07,2.5499968190058415,2.5499968341046033,-1.5098761796394911e-08
860,0.0080000000000000002,302.66752721900883,302.66752721339702,5.6118096836144105e-09,2.5499851841544783,2.5499852348113587,-5.0656880468125109e-08
860,0.0090000000000000011,302.75916414082229,302.75916431307735,-1.7225505644091754e-07,2.5499375940109763,2.5499377428964074,-1.4888543109492502e-07
860,0.01,302.86307192316679,302.86307228779111,-3.6462432717598858e-07,2.5497624453327026,2.5497628252929454,-3.7996024282449525e-07
860,0.010999999999999999,302.97970328280746,302.97970385021961,-5.6741214393696282e-07,2.5491827756419805,2.5491836074765026,-8.3183452215251918e-07
860,0.012,303.10953074692424,303.10953152290728,-7.7598303960257908e-07,2.5474578321290204,2.5474593642632448,-1.5321342243801439e-06
860,0.013000000000000001,303.25303575313183,303.25303673985889,-9.8672705917124404e-07,2.5428416369760005,2.5428439245235781,-2.2875475775840926e-06
860,0.014,303.41069668210406,303.41069787870236,-1.1965983048867201e-06,2.5317255672926957,2.5317280921708045,-2.5248781088116345e-06
860,0.014999999999999999,303.58297704568957,303.58297844317406,-1.3974844819131249e-06,2.5076169561450934,2.5076183194829902,-1.3633378967981002e-06
860,0.016,303.77031579348358,303.77031736507485,-1.5715912695668521e-06,2.4604635260436414,2.4604616682737603,1.8577698810418042e-06
860,0.017000000000000001,303.97312211609159,303.97312381578701,-1.6996954173009726e-06,2.3771452007211447,2.3771384699938189,6.7307273257100064e-06
860,0.018000000000000002,304.19177656722786,304.19177834670046,-1.7794725977182679e-06,2.2438356250963478,2.243824331235992,1.1293860355809926e-05
860,0.019,304.42663836107397,304.42664019565422,-1.8345802459407423e-06,2.0501146098440288,2.0501019259175148,1.2683926513989974e-05
860,0.02,304.67805587773051,304.67805778548933,-1.9077588149229996e-06,1.7934661369147948,1.79345726011984,8.8767949548707037e-06
870,0,302.36863436475079,302.36863367569106,6.8905973193977843e-07,2.5499999999744953,2.5500000001995642,-2.2506885244411023e-10
870,0.001,302.37375911293378,302.37375843314118,6.7979260620631976e-07,2.5499999999256384,2.5499999999470369,-2.1398438576625267e-11
870,0.002,302.38916113386233,302.38916048792566,6.4593666593282251e-07,2.5499999995225942,2.5499999995443159,-2.1721735521396113e-11
870,0.0030000000000000001,302.41492351092398,302.41492292129863,5.8962535831597052e-07,2.5499999967338818,2.54999999678892,-5.503819622276751e-11
870,0.0040000000000000001,302.45118387791541,302.45118336673124,5.1118416877216077e-07,2.549999978655574,2.5499999788913779,-2.358038209138158e-10
870,0.0050000000000000001,302.49813309490969,302.49813268383076,4.110789291189576e-07,2.5499998706874782,2.5499998717543018,-1.0668235184141395e-09
870,0.0060000000000000001,302.55601325982911,302.55601296983446,2.899946593970526e-07,2.5499992826932742,2.5499992871431032,-4.4498289497596488e-09
870,0.0070000000000000001,302.6251149201421,302.62511477119546,1.4894663991071866e-07,2.5499963791402065,2.5499963957359517,-1.6595745222502956e-08
870,0.0080000000000000002,302.7057733172071,302.70577332779573,-1.0588621535134735e-08,2.549983421271405,2.5499834759979239,-5.4726518872172392e-08
870,0.0090000000000000011,302.79836348318736,302.798363669747,-1.8655964595382102e-07,2.5499312621067651,2.549931420393055,-1.5828628985303794e-07
870,0.01,302.90329403624582,302.90329441249634,-3.7625051163558965e-07,2.5497421039261892,2.5497425019141198,-3.9798793061152082e-07
870,0.010999999999999999,303.02099960923709,303.02100018536225,-5.7612516002336633e-07,2.5491244203152608,2.5491252796648451,-8.5934958438116382e-07
870,0.012,303.1519320267592,303.15193280827253,-7.815133358235471e-07,2.5473085364229671,2.5473100987983477,-1.5623753806259799e-06
870,0.013000000000000001,303.29655062875764,303.29655161497487,-9.8621723054748145e-07,2.5425014439836375,2.5425037469797078,-2.3029960702913854e-06
870,0.014,303.45531250052875,303.45531368287175,-1.182342998617969e-06,2.531036083254528,2.5310385874444901,-2.5041899620603658e-06
870,0.014999999999999999,303.62866371386627,303.62866507492959,-1.3610633118332771e-06,2.5063760420502295,2.5063773435656418,-1.3015154123330319e-06
870,0.016,303.81703284070693,303.81703435570461,-1.5149976775319374e-06,2.4584845093244878,2.4584825798458567,1.9294786310908307e-06
870,0.017000000000000001,304.02082777381071,304.02082941507223,-1.6412615195804392e-06,2.3743571789743068,2.3743504271408589,6.7518334478933184e-06
870,0.018000000000000002,304.24043618258128,304.2404379256821,-1.7431008245694102e-06,2.2403832032109792,2.2403719840602774,1.1219150701791136e-05
870,0.019,304.4762288948948,304.47623072315065,-1.8282558471582888e-06,2.046389659450834,2.0463771264224504,1.2533028383554523e-05
870,0.02,304.72856455069592,304.7285664650426,-1.9143466829518729e-06,1.790023555359086,1.7900148167017136,8.7386573723868821e-06
880,0,302.40344266697616,302.40344199635103,6.7062512698612409e-07,2.5499999999664538,2.5500000001916914,-2.2523760634385326e-10
880,0.001,302.40862942024569,302.40862875890889,6.6133679865743034e-07,2.5499999999040526,2.5499999999258458,-2.1793233884181973e-11
880,0.002,302.42421692450927,302.42421629709031,6.2741895590079366e-07,2.5499999993992484,2.5499999994227349,-2.3486546041340262e-11
880,0.0030000000000000001,302.45028663066836,302.4502860596545,5.7101385664282134e-07,2.5499999959846518,2.5499999960480273,-6.3375527048492586e-11
880,0.0040000000000000001,302.48697332930777,302.48697283682912,4.9247864808421582e-07,2.5499999743279407,2.5499999746005617,-2.7262103685643524e-10
880,0.0050000000000000001,302.53446364442362,302.53446325207392,3.9234970472534769e-07,2.5499998476388877,2.5499998488524138,-1.2135261684420584e-09
880,0.0060000000000000001,302.59299379858771,302.59299352716027,2.7142743874719599e-07,2.5499991709881766,2.5499991759562199,-4.9680433100718346e-09
880,0.0070000000000000001,302.66284653538389,302.66284640450669,1.3087719707982615e-07,2.5499958899109454,2.5499959081085048,-1.8197559459309787e-08
880,0.0080000000000000002,302.74434707622771,302.74434710386851,-2.7640794542094227e-08,2.5499814931167233,2.5499815521210056,-5.9004282348951165e-08
880,0.0090000000000000011,302.83785800856691,302.83785821037378,-2.0180686988169327e-07,2.5499244425979839,2.5499246105997782,-1.6800179425402462e-07
880,0.01,302.943773065286,302.94377345372561,-3.8843961647216929e-07,2.5497205029025478,2.5497209192164991,-4.1631395131247473e-07
880,0.010999999999999999,303.06250987293419,303.06251045622497,-5.8329078456154093e-07,2.5490632384951972,2.5490641253407094,-8.8684551213802365e-07
880,0.012,303.19450192072236,303.19450270168568,-7.8096331890264992e-07,2.5471537933325652,2.5471553852838587,-1.5919512934559066e-06
880,0.013000000000000001,303.34019021348689,303.34019118863677,-9.7514987373870099e-07,2.5421523966800681,2.5421547138761276,-2.31719605947589e-06
880,0.014,303.50001527086187,303.50001643017214,-1.159310272669245e-06,2.5303348698543981,2.5303373523168524,-2.4824624542674201e-06
880,0.014999999999999999,303.67441024556001,303.67441157330245,-1.3277424386615166e-06,2.5051234607410287,2.5051247007242718,-1.2399832431952973e-06
880,0.016,303.86379587499897,303.86379735171437,-1.4767153970751679e-06,2.4564992272294459,2.4564972278904866,1.9993389592798394e-06
880,0.017000000000000001,304.0685777074325,304.06857931256582,-1.6051333204814e-06,2.3715739597571508,2.3715671887491085,6.7710080422500596e-06
880,0.018000000000000002,304.28914559065743,304.28914730504783,-1.7143904074146121e-06,2.2369490179226608,2.2369378734096976,1.11445129631349e-05
880,0.019,304.52587490939305,304.52587671675764,-1.8073645833283081e-06,2.0426926626435917,2.0426802779088749,1.2384734716874846e-05
880,0.02,304.77912869707905,304.77913059411173,-1.8970326891576406e-06,1.7866094488058155,1.786600845633195,8.6031726205249015e-06
890,0,302.43866587482626,302.43866522397656,6.50849699468381e-07,2.5499999999561416,2.5500000001815928,-2.2545121325379114e-10
890,0.001,302.44391335996477,302.44391271843432,6.4153044831982697e-07,2.549999999876885,2.5499999998991552,-2.227018569556094e-11
890,0.002,302.45968245486517,302.45968184733493,6.0753023944926099e-07,2.5499999992477891,2.5499999992733677,-2.5578650308943907e-11
890,0.0030000000000000001,302.48605276125352,302.48605221023217,5.5102134410844883e-07,2.5499999950855456,2.5499999951585735,-7.3027806024583697e-11
890,0.0040000000000000001,302.52315587630602,302.52315540388639,4.7241962874977617e-07,2.5499999692454818,2.5499999695597966,-3.1431479641241822e-10
890,0.0050000000000000001,302.5711737301408,302.57117335778116,3.723596364579862e-07,2.5499998211131536,2.5499998224893998,-1.3762462280908494e-09
890,0.0060000000000000001,302.63033615848627,302.6303359066913,2.5179497242788784e-07,2.5499990448459116,2.5499990503776031,-5.5316915492653607e-09
890,0.0070000000000000001,302.70091763159922,302.70091751948053,1.1211869832550292e-07,2.5499953471264898,2.5499953670344548,-1.9907965054244414e-08
890,0.0080000000000000002,302.78323307128574,302.78323311597546,-4.4689727474178653e-08,2.5499793886304194,2.5499794521234884,-6.349306902464491e-08
890,0.0090000000000000011,302.87763272752488,302.87763294343472,-2.1590983578789746e-07,2.5499171108400644,2.5499172888685311,-1.7802846663528271e-07
890,0.01,302.98449616068802,302.98449655865056,-3.979625375905016e-07,2.549697597315089,2.5496980322376213,-4.3492253221089072e-07
890,0.010999999999999999,303.10422548437862,303.10422607077447,-5.8639585631681257e-07,2.5489991673379619,2.5490000816353056,-9.1429734361270221e-07
890,0.012,303.23723815619252,303.23723893225014,-7.7605761816812446e-07,2.546993548113937,2.5469951689620252,-1.6208480881907406e-06
890,0.013000000000000001,303.38395973395075,303.38396069545007,-9.6149932460320997e-07,2.5417945049351873,2.5417968351057727,-2.3301705853739918e-06
890,0.014,303.54481710560265,303.54481824317321,-1.1375705639693479e-06,2.5296220655682093,2.5296245253203606,-2.459752151295902e-06
890,0.014999999999999999,303.72023271117087,303.72023401124153,-1.3000706644561433e-06,2.5038594902849867,2.5038606690659355,-1.1787809488517098e-06
890,0.016,303.91062017651939,303.91062162276967,-1.4462502804235555e-06,2.4545079968816661,2.4545059295011837,2.0673804823623243e-06
890,0.017000000000000001,304.1163815731569,304.11638314814593,-1.5749890280858381e-06,2.3687957062328411,2.3687889179062234,6.78832661771267e-06
890,0.018000000000000002,304.33790624797166,304.33790793456177,-1.6865901102391945e-06,2.2335329188807496,2.2335218489094792,1.1069971270316614e-05
890,0.019,304.57557090814521,304.57557269044662,-1.782301410457876e-06,2.0390231593298274,2.0390109203288054,1.2239001021985274e-05
890,0.02,304.82974048488052,304.82974235867096,-1.8737904383669957e-06,1.7832233279603984,1.7832148576040583,8.4703563401067328e-06
900,0,302.4742948877302,302.47429425817603,6.2955416524346219e-07,2.5499999999429921,2.5500000001687071,-2.2571500224444208e-10
900,0.001,302.47960167505533,302.47960105484452,6.2021081248531118e-07,2.5499999998428646,2.5499999998657121,-2.2847501668366021e-11
900,0.002,302.49554800807039,302.49554742191452,5.8615586340238224e-07,2.5499999990626687,2.5499999990907134,-2.8044677691241304e-11
900,0.0030000000000000001,302.52221145606842,302.52221092645595,5.2961246410632157e-07,2.5499999940110341,2.5499999940951943,-8.4160234337105067e-11
900,0.0040000000000000001,302.5597201431836,302.55971969209241,4.5109118218533695e-07,2.5499999632983381,2.5499999636597139,-3.6137581815864905e-10
900,0.0050000000000000001,302.60825097430973,302.60825062293537,3.5137435361320968e-07,2.549999790683537,2.549999792239757,-1.556220041720735e-09
900,0.0060000000000000001,302.66802708724344,302.66802685561902,2.3162442630564328e-07,2.549998902797324,2.549998908940605,-6.1432809950190403e-09
900,0.0070000000000000001,302.73931449064759,302.73931439714829,9.3499295417132089e-08,2.5499947463660675,2.5499947680966901,-2.1730622634663632e-08
900,0.0080000000000000002,302.82241786963704,302.82241793037002,-6.0732986639777664e-08,2.5499770963533206,2.5499771645487361,-6.8195415536820292e-08
900,0.0090000000000000011,302.91767558633768,302.91767581444628,-2.2810860400568345e-07,2.5499092417357407,2.5499094300980549,-1.8836231419072647e-07
900,0.01,303.0254539716334,303.02545437658625,-4.0495285702490946e-07,2.5496733421859195,2.5496737959836677,-4.5379774826770358e-07
900,0.010999999999999999,303.14614109049654,303.14614167747476,-5.8697821714304155e-07,2.5489321452153608,2.5489330868964428,-9.4168108200065603e-07
900,0.012,303.28014025344044,303.28014102295634,-7.6951590699536609e-07,2.5468277490109603,2.5468293980648049,-1.649053844587911e-06
900,0.013000000000000001,303.42786362064226,303.42786456851775,-9.4787549187458353e-07,2.5414277823413887,2.5414301242851765,-2.3419437877869598e-06
900,0.014,303.58972628023594,303.58972739800561,-1.1177696705999551e-06,2.5288978101257,2.5289002462397008,-2.4361140007478355e-06
900,0.014999999999999999,303.76614115907415,303.76614243479025,-1.2757161016452301e-06,2.5025844040908276,2.5025855220355084,-1.1179446808284865e-06
900,0.016,303.95751503604151,303.95751645535,-1.4193084894031927e-06,2.4525111253097438,2.452508991675471,2.1336342728162094e-06
900,0.017000000000000001,304.16424578615681,304.16424733345144,-1.5472946301997581e-06,2.3660225725384914,2.3660157686767396,6.8038617517807154e-06
900,0.018000000000000002,304.38672081872375,304.38672247817595,-1.6594522094237618e-06,2.2301347546554799,2.2301237591007164,1.0995554763582049e-05
900,0.019,304.62531652688841,304.6253182832354,-1.7563469896231254e-06,2.035380705411987,2.0353686096555341,1.2095756452890072e-05
900,0.02,304.880398509222,304.88040032848448,-1.8192624793300638e-06,1.7798647088336932,1.7798563686721773,8.3401615158518183e-06
910,0,302.51031963294821,302.51031902735286,6.0559534631465795e-07,2.5499999999263174,2.5500000000541641,-1.2784662217768528e-10
910,0.001,302.51568416656028,302.51568356931375,5.9724652601289563e-07,2.5499999998004794,2.5499999998153484,-1.4868994924199797e-11
910,0.002,302.53180302377763,302.53180246051301,5.6326462072320282e-07,2.54999999883742,2.5499999988624298,-2.5009772031125976e-11
910,0.0030000000000000001,302.55875161250498,302.55875110561851,5.0688646524577052e-07,2.5499999927320225,2.5499999928242723,-9.2249763383733807e-11
910,0.0040000000000000001,302.5966544017536,302.59665397299796,4.2875564076894079e-07,2.5499999563639717,2.5499999567743403,-4.1036862796772766e-10
910,0.0050000000000000001,302.64568308657306,302.64568275674708,3.2982597986119799e-07,2.5499997558836416,2.5499997576349243,-1.7512826744336962e-09
910,0.0060000000000000001,302.70605399078289,302.70605377931668,2.1146621520529152e-07,2.5499987432673636,2.5499987500696273,-6.8022636412479187e-09
910,0.0070000000000000001,302.77802470091603,302.77802462536863,7.5547404776443727e-08,2.5499940829760677,2.5499941066423757,-2.3666308024417049e-08
910,0.0080000000000000002,302.86188995138696,302.8618900268732,-7.5486241257749498e-08,2.5499746044312537,2.5499746775422465,-7.3110992815372811e-08
910,0.0090000000000000011,302.9579768239758,302.95797706256803,-2.3859223574618227e-07,2.549900809759003,2.5499010087555107,-1.989965077164868e-07
910,0.01,303.06663938152172,303.06663979169116,-4.1016943441718468e-07,2.5496476925525164,2.5496481654738785,-4.729213620713324e-07
910,0.010999999999999999,303.18825291914959,303.18825350531711,-5.861675163032487e-07,2.5488621117522565,2.548863080723756,-9.6897149948205197e-07
910,0.012,303.32320807586439,303.32320883805011,-7.6218572075958946e-07,2.5466563472131982,2.5466580237693739,-1.6765561756670877e-06
910,0.013000000000000001,303.47190509765898,303.4719060311777,-9.3351872010316583e-07,2.5410522460478338,2.5410545985862889,-2.3525384551525974e-06
910,0.014,303.63474861864967,303.63474971503319,-1.0963835279653722e-06,2.528162244311313,2.5281646559105839,-2.4115992709461409e-06
910,0.014999999999999999,303.81214371389888,303.81214496550081,-1.2516019296526792e-06,2.5012984709021473,2.5012995284081123,-1.0575059650186347e-06
910,0.016,304.0044957453627,304.00449714223686,-1.3968741541248164e-06,2.450508909774574,2.4505067116411068,2.1981334672460662e-06
910,0.017000000000000001,304.21222169696529,304.21222321599714,-1.5190318549684889e-06,2.3632547041768475,2.3632478864924407,6.8176844068013054e-06
910,0.018000000000000002,304.43578924059364,304.43579089805206,-1.657458426507219e-06,2.226754373091961,2.2267434517942331,1.0921297727950474e-05
910,0.019,304.67580144446504,304.67580335756821,-1.9131031763208739e-06,2.0317648706570499,2.0317529157356291,1.1954921420809228e-05
910,0.02,304.93311925257626,304.93312160341981,-2.3508435447183729e-06,1.7765321960505698,1.7765239746149388,8.2214356309506798e-06
920,0,302.54672931500124,302.54672873359806,5.8140318515143008e-07,2.549999999905288,2.5500000000335237,-1.2823564432551393e-10
920,0.001,302.55214995542832,302.55214938232075,5.7310757028972148e-07,2.5499999997479259,2.5499999997636307,-1.5704770817137614e-11
920,0.002,302.56843639227429,302.56843585296144,5.3931285037833732e-07,2.5499999985645299,2.5499999985929325,-2.8402613594380455e-11
920,0.0030000000000000001,302.59566180335383,302.59566132002305,4.8333077984352713e-07,2.5499999912154672,2.5499999913223661,-1.0689893414905782e-10
920,0.0040000000000000001,302.63394692014288,302.63394651421879,4.0592408367956523e-07,2.5499999483061151,2.5499999487758784,-4.6976333933912429e-10
920,0.0050000000000000001,302.68345817773218,302.68345786953171,3.0820046958979219e-07,2.5499997162050576,2.5499997181747269,-1.9696693165371926e-09
920,0.0060000000000000001,302.74440512700494,302.74440493530716,1.9169777942806832e-07,2.5499985645711982,2.5499985720885499,-7.5173516300708343e-09
920,0.0070000000000000001,302.81703712837617,302.81703706992283,5.8453338169783819e-08,2.5499933520668265,2.5499933777909023,-2.5724075758404297e-08
920,0.0080000000000000002,302.90163937350383,302.90163946243752,-8.893368885765085e-08,2.5499719006199761,2.5499719788667963,-7.8246820134353356e-08
920,0.0090000000000000011,302.99852832040909,302.99852856768922,-2.472801270414493e-07,2.5498917889794925,2.5498919989104283,-2.0993093574617205e-07
920,0.01,303.10804668012497,303.10804709311304,-4.129880721848167e-07,2.5496206035128433,2.5496210957946333,-4.9228178999882743e-07
920,0.010999999999999999,303.23055817286934,303.23055875552132,-5.8265197822038317e-07,2.5487890078599502,2.5487900040105855,-9.9615063531288683e-07
920,0.012,303.36644243109021,303.36644318472236,-7.5363215046309051e-07,2.5464792968103152,2.5464810001607079,-1.7033503927343929e-06
920,0.013000000000000001,303.51609079777586,303.51609172037752,-9.2260165729385335e-07,2.5406679165980939,2.540670278582025,-2.3619839311095348e-06
920,0.014,303.67990457377499,303.67990565588826,-1.0821132718774606e-06,2.5274155097769597,2.5274178960401956,-2.3862632358984115e-06
920,0.014999999999999999,303.85829868033471,303.85829990248538,-1.2221506722198683e-06,2.5000019548006889,2.5000029522997842,-9.9749909532320657e-07
920,0.016,304.0517153970801,304.05171674397138,-1.346891281173157e-06,2.4485016380862508,2.4484993771801475,2.2609061032241584e-06
920,0.017000000000000001,304.2606534050496,304.26065490152882,-1.4964792285354633e-06,2.3604922383800209,2.3604854085231248,6.8298568960400985e-06
920,0.018000000000000002,304.48571443309714,304.48571615788154,-1.7247843970835675e-06,2.2233916217479717,2.2233807745220666,1.0847225905052937e-05
920,0.019,304.72766181195766,304.72766386773492,-2.0557772586471401e-06,2.0281752293859814,2.0281634130816886,1.1816304292810997e-05
920,0.02,304.98747475526091,304.98747725776894,-2.5025080390150833e-06,1.7732254927831597,1.7732173932383899,8.0995447697684853e-06
930,0,302.58351271405763,302.58351215787275,5.5618488659092691e-07,2.5499999998788949,2.5500000000076084,-1.287134843153126e-10
930,0.001,302.58898778254763,302.58898723455178,5.4799585313958232e-07,2.5499999996830702,2.5499999996997711,-1.6700862914831305e-11
930,0.002,302.60543675523013,302.60543624068373,5.1454640015435871e-07,2.5499999982353083,2.54999999826767,-3.2361668900193763e-11
930,0.0030000000000000001,302.63293056553306,302.63293010631355,4.5921950686533819e-07,2.5499999894239642,2.5499999895475827,-1.2361844881070283e-10
930,0.0040000000000000001,302.67158621031172,302.67158582741814,3.8289357462417684e-07,2.5499999389736816,2.5499999395098767,-5.36195088329805e-10
930,0.0050000000000000001,302.72156492158479,302.72156463475648,2.8682831043624901e-07,2.5499996710949757,2.5499996733042782,-2.2093025187075455e-09
930,0.0060000000000000001,302.78306963328993,302.78306946055852,1.7273140429097111e-07,2.5499983649104019,2.5499983731984357,-8.2880338148072497e-09
930,0.0070000000000000001,302.85634178442558,302.85634174165949,4.2766089336510049e-08,2.5499925485097847,2.549992576414279,-2.7904494270813984e-08
930,0.0080000000000000002,302.94165753510958,302.94165763563501,-1.0052542620542226e-07,2.5499689722907339,2.54996905589267,-8.3601936040622604e-08
930,0.0090000000000000011,303.03932353270153,303.03932378705019,-2.5434866302020964e-07,2.5498821530870837,2.549882374245025,-2.2115794129362598e-07
930,0.01,303.14967247473118,303.14967289035934,-4.1562816477380693e-07,2.5495920302689119,2.5495925421296457,-5.1186073379838604e-07
930,0.010999999999999999,303.27305891650025,303.27305949707988,-5.8057963769897469e-07,2.5487127757660164,2.5487137989610744,-1.0231950580141813e-06
930,0.012,303.4098561206664,303.40985686476029,-7.4409388162166579e-07,2.5462965547442797,2.5462982841713511,-1.7294270713286153e-06
930,0.013000000000000001,303.56045527779941,303.56045617804347,-9.002440606309392e-07,2.5402748177725374,2.5402771880765069,-2.3703039695455175e-06
930,0.014,303.72526906691911,303.72527011267124,-1.0457521284479299e-06,2.5266577488666107,2.5266601090203009,-2.3601536902617681e-06
930,0.014999999999999999,303.90474198140708,303.90474316723947,-1.1858323887281585e-06,2.4986951152169294,2.4986960531673632,-9.3795043376587728e-07
930,0.016,304.09936956929647,304.09937090855033,-1.3392538562584377e-06,2.4464895889070601,2.4464872669215585,2.3219855016520796e-06
930,0.017000000000000001,304.30972712427155,304.30972865952714,-1.535255591988971e-06,2.3577353044603955,2.3577284640155249,6.8404448705372545e-06
930,0.018000000000000002,304.53650521317024,304.53650701178213,-1.7986118905355397e-06,2.220046348212168,2.220035574846102,1.0773366065919276e-05
930,0.019,304.78054547011209,304.78054761097883,-2.1408667407740722e-06,2.0246113435326616,2.0245996635565566,1.1679976104961298e-05
930,0.02,305.0428671361048,305.04286971157927,-2.5754744683581521e-06,1.7699444240458679,1.7699364448210666,7.9792248013355049e-06
940,0,302.62065846984319,302.62065793955679,5.3028639968033531e-07,2.5499999998459399,2.5499999999752267,-1.2928680348522903e-10
940,0.001,302.62618628691956,302.62618576465661,5.2226295110813226e-07,2.549999999603394,2.5499999996212752,-1.7881252034612771e-11
940,0.002,302.64279276474417,302.64279227540902,4.8933515017779428e-07,2.5499999978397354,2.5499999978766965,-3.6961100846610861e-11
940,0.0030000000000000001,302.67054662238883,302.67054618743737,4.3495145973793115e-07,2.549999987315319,2.5499999874579524,-1.4263346059806281e-10
940,0.0040000000000000001,302.70956119467746,302.70956083459674,3.6008071901960648e-07,2.5499999281996235,2.5499999288099002,-6.102767180493629e-10
940,0.0050000000000000001,302.75999265974144,302.75999239367707,2.6606437586451648e-07,2.5499996199537742,2.5499996224253771,-2.4716029223270652e-09
940,0.0060000000000000001,302.82203761237236,302.82203745773052,1.5464183888980187e-07,2.5499981423692653,2.5499981514861485,-9.1168832483390361e-09
940,0.0070000000000000001,302.8959300612845,302.8959300333251,2.7959401904809056e-08,2.5499916669350635,2.5499916971458654,-3.0210801860164338e-08
940,0.0080000000000000002,302.98193799122947,302.98193810261779,-1.113883172365604e-07,2.5499658064365298,2.5499658956141338,-8.9177603967982577e-08
940,0.0090000000000000011,303.08035973700959,303.08035999725718,-2.6024758881248999e-07,2.549871875416728,2.5498721080885964,-2.3267186843867194e-07
940,0.01,303.19152058619898,303.19152100098506,-4.1478608636680292e-07,2.5495619281687936,2.5495624598109736,-5.3164218005719022e-07
940,0.010999999999999999,303.31577027491528,303.31577084555363,-5.7063834901782684e-07,2.5486333590404402,2.548634409124797,-1.0500843568017615e-06
940,0.012,303.4534823524159,303.4534830761981,-7.2378219329038984e-07,2.5461080807588008,2.5461098355389935,-1.7547801927086937e-06
940,0.013000000000000001,303.60505669273067,303.60505756521013,-8.7247946112256614e-07,2.5398729764343977,2.5398753539590464,-2.3775246487112156e-06
940,0.014,303.77092656904983,303.7709275888397,-1.0197898632213764e-06,2.5258891044516734,2.5258914377702593,-2.333318585900912e-06
940,0.014999999999999999,303.95157145311413,303.95157262841821,-1.1753040780604351e-06,2.4973782069483881,2.4973790858342011,-8.7888581301598379e-07
940,0.016,304.1475358438646,304.14753719870083,-1.3548362289839133e-06,2.444473032043565,2.4444706506404912,2.3814030738478209e-06
940,0.017000000000000001,304.35945291597557,304.35945449261516,-1.5766395904392994e-06,2.354984024160089,2.3549771746502319,6.8495098570764412e-06
940,0.018000000000000002,304.58806986320184,304.58807171886673,-1.8556648910816875e-06,2.2167183999366413,2.2167077002050353,1.0699731606056417e-05
940,0.019,304.83427010098359,304.83427230079343,-2.1998098418407608e-06,2.021072782981197,2.0210612369676038,1.1546013593211057e-05
940,0.02,305.09908677330566,305.09908939619822,-2.6228925662508118e-06,1.7666886461399018,1.7666807852954267,7.8608444751271378e-06
950,0,302.65815532029808,302.6581548161455,5.0415258101565996e-07,2.549999999804986,2.5499999999349581,-1.2997203313602768e-10
950,0.001,302.66373423822085,302.66373374187373,4.9634712695478811e-07,2.5499999995059395,2.5499999995252178,-1.9278356688801068e-11
950,0.002,302.68049330011763,302.68049283603034,4.6408729303948348e-07,2.5499999973663066,2.549999997408591,-4.2284398205083562e-11
950,0.0030000000000000001,302.70849908536115,302.70849867450511,4.1085604607360438e-07,2.5499999848420711,2.5499999850062656,-1.641944358254932e-10
950,0.0040000000000000001,302.74786142035441,302.74786108268216,3.3767224749681191e-07,2.5499999157997593,2.5499999164924261,-6.9266681279600562e-10
950,0.0050000000000000001,302.79873171287358,302.79873146692626,2.4594731939941994e-07,2.5499995621325873,2.5499995648906157,-2.7580284722716897e-09
950,0.0060000000000000001,302.86130071986594,302.86130058232845,1.3753748362432816e-07,2.5499978949112054,2.5499979049176908,-1.0006485418045941e-08
950,0.0070000000000000001,302.93579588169922,302.93579586690197,1.4797251424170099e-08,2.5499907017294303,2.549990734375557,-3.2646126690849542e-08
950,0.0080000000000000002,303.02247844454968,303.0224785639283,-1.193786260955676e-07,2.5499623896789756,2.5499624846537658,-9.4974790254553909e-08
950,0.0090000000000000011,303.12164072058306,303.12164098218085,-2.6159779054069077e-07,2.5498609289733865,2.5498611734401004,-2.4446671398337116e-07
950,0.01,303.23360400316085,303.23360441140301,-4.0824215830070898e-07,2.5495302527470449,2.549530804357218,-5.5161017309401927e-07
950,0.010999999999999999,303.35871784338798,303.35871839951687,-5.5612889582334901e-07,2.5485507026184382,2.5485517794174557,-1.0767990175075681e-06
950,0.012,303.49736155695416,303.49736226057524,-7.0362108317567618e-07,2.5459138373469155,2.5459156167519623,-1.7794050468644684e-06
950,0.013000000000000001,303.64994888341073,303.64994973540007,-8.5198934129948611e-07,2.539462422380331,2.5394648060526568,-2.383672325745323e-06
950,0.014,303.81693655675974,303.81693756322954,-1.0064698017231422e-06,2.5251097197768937,2.5251120255810977,-2.3058042040169369e-06
950,0.014999999999999999,303.99883707040158,303.99883824682399,-1.1764224154831027e-06,2.496051480183842,2.4960523005127051,-8.2032886306038222e-07
950,0.016,304.19623510295401,304.19623647711933,-1.3741653219767613e-06,2.4424522287265003,2.442449789536369,2.4391901312093012e-06
950,0.017000000000000001,304.40980601053047,304.40980762294686,-1.612416383522941e-06,2.3522385119926361,2.3522316548815518,6.8571110842796656e-06
950,0.018000000000000002,304.64033372928924,304.6403356305637,-1.9012744587598718e-06,2.2134076236843749,2.2133969973480081,1.0626336366836853e-05
950,0.019,304.88872471982199,304.88872696552971,-2.245707719339407e-06,2.0175591384238585,2.0175477240600874,1.1414363771056202e-05
950,0.02,305.15601455987121,305.15601721882251,-2.6589513026920031e-06,1.7634577850972359,1.7634500405932669,7.7445039690093864e-06
960,0,302.6959923273285,302.69599184924215,4.7808634917601012e-07,2.5499999997543306,2.5499999998851273,-1.3079670679871924e-10
960,0.001,302.70162076746442,302.70162029692932,4.705350988842838e-07,2.5499999993872464,2.5499999994081715,-2.09250394789251e-11
960,0.002,302.71852772001569,302.71852728096121,4.3905447455472313e-07,2.5499999968018514,2.5499999968502745,-4.8423043352840978e-11
960,0.0030000000000000001,302.74677776443849,302.74677737726222,3.8717627148798783e-07,2.5499999819510144,2.5499999821395849,-1.8857049255416314e-10
960,0.0040000000000000001,302.78647749475766,302.78647717874605,3.1601160799255013e-07,2.5499999015715487,2.5499999023555944,-7.8404571723922345e-10
960,0.0050000000000000001,302.83777403128835,302.83777380417519,2.2711316205459298e-07,2.5499994969308561,2.5499995000009332,-3.070077081446243e-09
960,0.0060000000000000001,302.90085309003956,302.9008529675221,1.2251746284164255e-07,2.5499976203753074,2.5499976313347297,-1.0959422258594032e-08
960,0.0070000000000000001,302.97593679542013,302.9759367906853,4.7348294174298644e-09,2.5499896470346748,2.5499896822481323,-3.5213457483251887e-08
960,0.0080000000000000002,303.06328151724387,303.06328164058863,-1.2334476195974275e-07,2.5499587082757285,2.5499588092698775,-1.0099414904374271e-07
960,0.0090000000000000011,303.16317612902986,303.16317638773148,-2.587016183497326e-07,2.5498492864570039,2.549849542993162,-2.5653615809417829e-07
960,0.01,303.27594120742958,303.27594160607447,-3.9864488599050674e-07,2.5494969597634896,2.5494975315123707,-5.7174888112854205e-07
960,0.010999999999999999,303.40192979258853,303.40193033407996,-5.4149143124959664e-07,2.5484647528200255,2.5484658561404649,-1.1033204394550467e-06
960,0.012,303.54153035988179,303.54153104725049,-6.8736869707208825e-07,2.5457137896968289,2.5457155929949642,-1.8032981352611444e-06
960,0.013000000000000001,303.69517255769165,303.69517339662178,-8.3893013425040408e-07,2.539043188195361,2.5390455769688569,-2.3887734958982776e-06
960,0.014,303.86333599244421,303.86333699413723,-1.001693021862593e-06,2.5243197383162714,2.5243220159714124,-2.2776551409364743e-06
960,0.014999999999999999,304.04656187030832,304.04656305404723,-1.1837389024549339e-06,2.4947151805329981,2.4947159428341594,-7.6230116130560077e-07
960,0.016,304.24546667091607,304.24546806556503,-1.3946489616500912e-06,2.4404274318802206,2.4404249365024406,2.4953777799652244e-06
960,0.017000000000000001,304.46075633978938,304.460757983576,-1.643786617933074e-06,2.34949887555883,2.3494920122538447,6.8633049852273587e-06
960,0.018000000000000002,304.69323891240879,304.69324085069093,-1.9382821392355254e-06,2.2101138654823602,2.2101033122791542,1.0553203205976303e-05
960,0.019,304.94383321500584,304.94383549631112,-2.2813052851233806e-06,2.0140700192373391,2.0140587342925858,1.1284944753331416e-05
960,0.02,305.21357090147194,305.21357416042412,-3.2589521765657992e-06,1.7602514596020769,1.7602438292965101,7.6303055667192865e-06
970,0,302.73415917883494,302.73415872449527,4.543396698863944e-07,2.5499999996919547,2.5499999999078939,-2.1593926646801265e-10
970,0.001,302.73983568556497,302.73983524008247,4.4548249888975988e-07,2.5499999992432802,2.5499999992735707,-3.0290436825453071e-11
970,0.002,302.75688623192724,302.75688581699671,4.1493052549412823e-07,2.54999999613135,2.5499999961919166,-6.056666279619094e-11
970,0.0030000000000000001,302.78537362181555,302.78537325708464,3.647309085863526e-07,2.5499999785826666,2.5499999788027372,-2.2007062838724778e-10
970,0.0040000000000000001,302.82540163820784,302.82540134213792,2.9606991347463918e-07,2.5499998852928356,2.5499998861813715,-8.8853591151405453e-10
970,0.0050000000000000001,302.87711380097335,302.87711359037911,2.1059423715996672e-07,2.5499994235938699,2.5499994270061155,-3.412245597189667e-09
970,0.0060000000000000001,302.94069182449266,302.9406917141057,1.103869635699084e-07,2.5499973164729925,2.5499973284538924,-1.1980899827790381e-08
970,0.0070000000000000001,303.01635399357252,303.01635399569693,-2.1244090930849779e-09,2.5499884967463613,2.5499885346644091,-3.7918047812723898e-08
970,0.0080000000000000002,303.10435376119068,303.10435388555356,-1.2436288443495869e-07,2.5499547481284695,2.549954855366702,-1.0723823251623799e-07
970,0.0090000000000000011,303.20497895782466,303.20497921175377,-2.5392910174559802e-07,2.5498369202874724,2.549837189163076,-2.6887560355959295e-07
970,0.01,303.3185520713987,303.31855246046121,-3.8906250665604603e-07,2.5494620052404002,2.5494625972848954,-5.9204449520677827e-07
970,0.010999999999999999,303.44543208183484,303.44543261105548,-5.2922064242011402e-07,2.5483754573665243,2.5483765869992228,-1.1296326984933103e-06
970,0.012,303.58601828079469,303.5860189565542,-6.7575950879472657e-07,2.5455079056362391,2.545509732095085,-1.8264588459437903e-06
970,0.013000000000000001,303.74075633419193,303.74075716668318,-8.3249125282236491e-07,2.538615309112072,2.5386177019685543,-2.3928564822917053e-06
970,0.014,303.91014645138938,303.91014745580873,-1.0044193459179951e-06,2.5235193036383041,2.5235215525543255,-2.2489160214078652e-06
970,0.014999999999999999,304.09475243964823,304.09475363556936,-1.1959211292378313e-06,2.4933695490608425,2.4933702538848013,-7.048239587525984e-07
970,0.016,304.29520695514231,304.29520837898048,-1.4238381709219539e-06,2.4383988863828403,2.438396336387513,2.5499953273389053e-06
970,0.017000000000000001,304.51219917902489,304.51220088244258,-1.7034176948982349e-06,2.3467652158259331,2.3467583476823139,6.8681436191653233e-06
970,0.018000000000000002,304.74641651910889,304.7464184940514,-1.9749425064219395e-06,2.2068369711301572,2.2068264907726252,1.0480357532038909e-05
970,0.019,304.99840916467605,304.9984112413851,-2.0767090518347686e-06,2.0106050499919057,2.0105938923080973,1.1157683808438179e-05
970,0.02,305.26838872202319,305.26839061591727,-1.893894079785241e-06,1.7570700777255375,1.7570625673336882,7.5103918493191202e-06
980,0,302.77264659194282,302.77264616192616,4.3001665517294896e-07,2.5499999996154852,2.5499999998325933,-2.1710810926833801e-10
980,0.001,302.77836989616071,302.7783694746131,4.2154761104029603e-07,2.5499999990693567,2.5499999991019124,-3.255573588489824e-11
980,0.002,302.7955603263398,302.79555993416386,3.921759343938902e-07,2.5499999953377213,2.5499999954063775,-6.865619184281968e-11
980,0.0030000000000000001,302.82427921448857,302.82427887050278,3.4398578918626299e-07,2.5499999746707207,2.5499999749216604,-2.5093971345313548e-10
980,0.0040000000000000001,302.86462807525754,302.86462779705568,2.7820186687677051e-07,2.5499998667205537,2.5499998677206448,-1.0000911210283903e-09
980,0.0050000000000000001,302.91674765549186,302.916747459021,1.964708644663915e-07,2.5499993413103166,2.5499993450904928,-3.780176172085703e-09
980,0.0060000000000000001,302.98081682330525,302.98081672252459,1.0078065315610729e-07,2.5499969807848344,2.5499969938530436,-1.3068209181454904e-08
980,0.0070000000000000001,303.05705152364953,303.05705153035706,-6.7075234255753458e-09,2.5499872445130118,2.5499872852708254,-4.0757813568603751e-08
980,0.0080000000000000002,303.14570409356878,303.14570421751466,-1.239458811141958e-07,2.5499504947913989,2.5499506084940879,-1.1370268904187242e-07
980,0.0090000000000000011,303.24706328142656,303.24706353081189,-2.4938532305895933e-07,2.5498238026295028,2.5498240841035442,-2.8147404140810295e-07
980,0.01,303.36145532542201,303.3614557076686,-3.8224658283070312e-07,2.5494253454979985,2.5494259579756355,-6.1247763705196689e-07
980,0.010999999999999999,303.4892463650242,303.4892468873482,-5.2232400093998876e-07,2.5482827653940787,2.5482839211094142,-1.1557153354324612e-06
980,0.012,303.63084616573644,303.63084683563744,-6.6990099867325625e-07,2.5452961555753988,2.5452980044579059,-1.8488825070939185e-06
980,0.013000000000000001,303.78671238866343,303.78671321693008,-8.2826664993262966e-07,2.5381788228742272,2.5381812188188992,-2.3959446719956645e-06
980,0.014,303.9573530541204,303.95735406313156,-1.0090111572935712e-06,2.5227085592802867,2.5227107789052821,-2.219624995358771e-06
980,0.014999999999999999,304.14332216829638,304.14332339791122,-1.2296148383938998e-06,2.4920148223261798,2.4920154702380017,-6.479118219715474e-07
980,0.016,304.34520028905678,304.34520177562325,-1.4865664752505836e-06,2.4363668293170386,2.4363642262402188,2.6030768198737064e-06
980,0.017000000000000001,304.5635504811637,304.56355220687442,-1.7257107174373232e-06,2.3440376273857026,2.3440307557033111,6.871682391551559e-06
980,0.018000000000000002,304.79884469819211,304.7988465525155,-1.8543233863965725e-06,2.203576786819069,2.2035663789884721,1.0407830596914636e-05
980,0.019,305.05136860540841,305.05137040974478,-1.8043363638753362e-06,2.0071638745357694,2.0071528419170273,1.1032618742135014e-05
980,0.02,305.32113023363718,305.32113183719349,-1.6035563135119446e-06,1.7539131196279776,1.7539057222055761,7.3974224015227463e-06
990,0,302.81144672277026,302.81144631524751,4.0752274799160659e-07,2.5499999995221305,2.5499999997406184,-2.1848789444334216e-10
990,0.001,302.81721579589532,302.81721539640284,3.9949247820914024e-07,2.5499999988600566,2.5499999988952524,-3.5195846237456863e-11
990,0.002,302.83454314035362,302.83454276891581,3.7143780673432047e-07,2.5499999944016079,2.5499999944795033,-7.7895467853750233e-11
990,0.0030000000000000001,302.86348897102283,302.86348864559039,3.2543243833060842e-07,2.5499999701414695,2.54999997042701,-2.8554048014939326e-10
990,0.0040000000000000001,302.90415314271212,302.90415288006091,2.6265121277901926e-07,2.5499998455893924,2.5499998467122955,-1.1229031038340054e-09
990,0.0050000000000000001,302.95667450577713,302.95667432117398,1.8460315232005087e-07,2.5499992492098191,2.5499992533882616,-4.1784424809065968e-09
990,0.0060000000000000001,303.02123022280398,303.02123012979683,9.3007145096635213e-08,2.5499966107575243,2.5499966249840478,-1.4226523514793143e-08
990,0.0070000000000000001,303.09803525501428,303.09803526537706,-1.0362782632000744e-08,2.5499858837356384,2.5499859274733736,-4.3737735211379913e-08
990,0.0080000000000000002,303.18734225773164,303.1873423815556,-1.2382395198073937e-07,2.5499459334801808,2.5499460538696552,-1.2038947438952619e-07
990,0.0090000000000000011,303.28944210253593,303.28944234852167,-2.4598574555056985e-07,2.5498099054173298,2.5498101997436917,-2.9432636194925976e-07
990,0.01,303.40466511314526,303.4046654894313,-3.7628603877237765e-07,2.5493869371883404,2.5493875702232001,-6.3303485964283368e-07
990,0.010999999999999999,303.53338277172918,303.53338328790926,-5.1618008001241833e-07,2.5481866274644926,2.5481878090186854,-1.1815541927084894e-06
990,0.012,303.67600900992119,303.67600968041944,-6.7049825247522676e-07,2.5450785124493009,2.5450803830199149,-1.8705706139598988e-06
990,0.013000000000000001,303.83299917729897,303.83300002408691,-8.4678794110004674e-07,2.5377337696048148,2.5377361676712091,-2.3980663943490299e-06
990,0.014,304.00484350428286,304.00484455416222,-1.0498793585611566e-06,2.5218876486309969,2.5218898384545065,-2.189823509635147e-06
990,0.014999999999999999,304.19205084965256,304.19205212138326,-1.2717306958620611e-06,2.490651232423462,2.4906518240059783,-5.915825163071986e-07
990,0.016,304.39511868278549,304.39512016649246,-1.4837069670647907e-06,2.434331490210897,2.4343288355599615,2.6546509355185322e-06
990,0.017000000000000001,304.61448765342976,304.61448929531809,-1.6418883319602173e-06,2.34131619871415,2.3413093247442274,6.8739699226050277e-06
990,0.018000000000000002,304.85048413393065,304.85048583541641,-1.7014857576214126e-06,2.2003331596757851,2.200322824028361,1.033564742414228e-05
990,0.019,305.10326057127043,305.10326220882968,-1.6375592508666159e-06,2.003746167871721,2.0037352583024219,1.0909569299055732e-05
990,0.02,305.37274852886833,305.37274998876273,-1.4598944062527153e-06,1.750779976278495,1.7507726890851472,7.2871933478602102e-06
1000,0,302.8505534619963,302.85055307468684,3.8730945561837871e-07,2.5499999994086338,2.549999999628739,-2.2010526734561608e-10
1000,0.001,302.85636754619185,302.85636716646246,3.7972938571328996e-07,2.5499999986091257,2.5499999986473858,-3.8260061785422295e-11
1000,0.002,302.87382965407875,302.87382930107367,3.5300507761348854e-07,2.5499999933011366,2.5499999933895507,-8.8414164878258816e-11
1000,0.0030000000000000001,302.90299925071247,302.90299894156652,3.0914594617570401e-07,2.5499999649131957,2.5499999652374061,-3.2421043627550716e-10
1000,0.0040000000000000001,302.94397513680622,302.9439748875958,2.4921041585912462e-07,2.5499998216104336,2.5499998228682079,-1.2577743291330989e-09
1000,0.0050000000000000001,302.99689508497119,302.99689491042943,1.7454175349485013e-07,2.5499991463605016,2.5499991509691582,-4.608656567484104e-09
1000,0.0060000000000000001,303.06193551226994,303.06193542562124,8.6648697106284089e-08,2.5499962037009856,2.5499962191593424,-1.5458356816822061e-08
1000,0.0070000000000000001,303.13931133134372,303.13931134434387,-1.3000146736885654e-08,2.5499844075676972,2.5499844544279151,-4.6860217928212933e-08
1000,0.0080000000000000002,303.22927608683142,303.22927621015788,-1.2332645837886957e-07,2.5499410490813372,2.5499411763793947,-1.2729805742850431e-07
1000,0.0090000000000000011,303.33212235849948,303.3321226026772,-2.4417772692686412e-07,2.5497952003792643,2.549795507804423,-3.0742515866322151e-07
1000,0.01,303.44818215096211,303.44818252787599,-3.7691387433369528e-07,2.5493467373275571,2.5493473910285691,-6.5370101198780617e-07
1000,0.010999999999999999,303.57782655584725,303.57782708038769,-5.2454043952820939e-07,2.5480869955733549,2.5480882027075005,-1.2071341455310858e-06
1000,0.012,303.72146337894213,303.72146406949963,-6.9055749918334186e-07,2.5448549516589205,2.5448568431828225,-1.8915239019534624e-06
1000,0.013000000000000001,303.87953078986374,303.87953166582696,-8.7596322373428848e-07,2.5372801916782644,2.5372825909265035,-2.3992482391932413e-06
1000,0.014,304.05248464038891,304.05248571542523,-1.0750363230727089e-06,2.5210567148213614,2.5210588743711986,-2.1595498371773658e-06
1000,0.014999999999999999,304.24077730176452,304.24077857371566,-1.2719511346404033e-06,2.4892790070279744,2.4892795428785566,-5.3585058212846093e-07
1000,0.016,304.44482707266008,304.44482851402859,-1.4413685107683705e-06,2.4322930912696243,2.4322903865219563,2.7047476680586158e-06
1000,0.017000000000000001,304.66497953497327,304.66498108855671,-1.5535834450020047e-06,2.3386010124445575,2.33859413738901,6.8750555475283193e-06
1000,0.018000000000000002,304.90146529479546,304.90146687689673,-1.5821012766537024e-06,2.1971059384817773,2.1970956746431418,1.0263838635449218e-05
1000,0.019,305.15436137179364,305.1543628832901,-1.5114964639906248e-06,2.0003516169065296,2.0003408285437709,1.0788362758695769e-05
1000,0.02,305.42356482390039,305.423566171414,-1.3475136029228452e-06,1.7476701997994153,1.7476630205123092,7.1792871061404639e-06
1010,0,302.88996254590603,302.88996217631683,3.6958920190954814e-07,2.5499999992711957,2.5499999994932017,-2.2200596916377435e-10
1010,0.001,302.89582115308673,302.89582079064508,3.6244165357857128e-07,2.5499999983093797,2.5499999983511885,-4.1808778661334145e-11
1010,0.002,302.91341667291829,302.91341633592759,3.3699069490467082e-07,2.5499999920116623,2.5499999921120158,-1.0035350328507775e-10
1010,0.0030000000000000001,302.94280814814823,302.94280785298054,2.9516769473048043e-07,2.5499999588955395,2.5499999592628546,-3.6731506725118379e-10
1010,0.0040000000000000001,302.9840938288126,302.98409359093012,2.3788248881828622e-07,2.5499997944697621,2.5499997958753267,-1.4055645536359407e-09
1010,0.0050000000000000001,303.0374110022675,303.03741083605382,1.6621368104097201e-07,2.5499990317665637,2.5499990368390399,-5.0724762168385951e-09
1010,0.0060000000000000001,303.10293585266697,303.10293577145723,8.1209748259425396e-08,2.5499957567856595,2.5499957735518577,-1.6766198207562866e-08
1010,0.0070000000000000001,303.18088338128894,303.18088339768923,-1.6400292679463746e-08,2.5499828089154017,2.5499828590429363,-5.0127534567678822e-08
1010,0.0080000000000000002,303.27150732387014,303.27150745040166,-1.2653151770791737e-07,2.5499358261620433,2.5499359605896799,-1.3442763657778301e-07
1010,0.0090000000000000011,303.37509981944675,303.37510006940494,-2.4995819103423855e-07,2.5497796590619601,2.5497799798247929,-3.2076283273951844e-07
1010,0.01,303.49199030772786,303.49199069589412,-3.8816625647086767e-07,2.5493047033264729,2.5493053777876575,-6.7446118467984206e-07
1010,0.010999999999999999,303.62254278109458,303.62254332364921,-5.425546305559692e-07,2.5479838231557177,2.5479850555966403,-1.2324409226494026e-06
1010,0.012,303.76715016802513,303.76715088089156,-7.1286643787971116e-07,2.5446254510119166,2.544627362755925,-1.9117440084315263e-06
1010,0.013000000000000001,303.9262244160206,303.9262253111558,-8.9513520151740522e-07,2.5368181335970159,2.5368205331137035,-2.3995166875678819e-06
1010,0.014,304.10018096015784,304.10018204001631,-1.079858463981509e-06,2.5202159006226434,2.5202180294634338,-2.1288407903163886e-06
1010,0.014999999999999999,304.28941688369889,304.28941813513802,-1.2514391301010619e-06,2.4878983694435277,2.4878988501726274,-4.807290996389213e-07
1010,0.016,304.49428327072121,304.49428466037511,-1.3896539030611166e-06,2.430251847598484,2.4302490942018262,2.7533966577841795e-06
1010,0.017000000000000001,304.71505388569966,304.71505535859035,-1.4728906876371184e-06,2.3358921456552451,2.3358852706674389,6.8749878061602487e-06
1010,0.018000000000000002,304.95189401219585,304.95189549486543,-1.4826695746705809e-06,2.1938949745258749,2.193884782097026,1.0192428848920798e-05
1010,0.019,305.20483448575106,305.20483589369456,-1.407943500453257e-06,1.9969799080983239,1.9969692391539895,1.0668944334435437e-05
1010,0.02,305.47375610915941,305.47375736384254,-1.2546831271720293e-06,1.7445833851389305,1.7445763116144686,7.0735244619424265e-06
1020,0,302.92967142033757,302.92967106585849,3.5447908430796815e-07,2.5499999991054096,2.5499999993296396,-2.2422996792670347e-10
1020,0.001,302.9355742867715,302.93557393905058,3.4772091339618783e-07,2.5499999979525878,2.549999997998492,-4.5904169354571422e-11
1020,0.002,302.95330250667286,302.95330218328172,3.2339113431589794e-07,2.5499999905055031,2.5499999906193773,-1.1387424336817276e-10
1020,0.0030000000000000001,302.98291491531808,302.98291463204856,2.832695145116304e-07,2.5499999519888301,2.5499999524040797,-4.152496124731897e-10
1020,0.0040000000000000001,303.02450948763868,303.02450925965491,2.2798377585786511e-07,2.5499997638270386,2.5499997653941917,-1.5671530739780337e-09
1020,0.0050000000000000001,303.07822322136735,303.07822306319133,1.5817602161405375e-07,2.5499989043658697,2.5499989099374525,-5.5715827507185622e-09
1020,0.0060000000000000001,303.14423196071823,303.14423188640063,7.4317597409390146e-08,2.5499952670399599,2.5499952851924608,-1.815250083581077e-08
1020,0.0070000000000000001,303.22275007744173,303.2227501009146,-2.3472864540963201e-08,2.549981080438414,2.5499811339802103,-5.3541796329881208e-08
1020,0.0080000000000000002,303.31402980650802,303.31402994201909,-1.3551107258535922e-07,2.5499302489802727,2.5499303907574067,-1.4177713403284997e-07
1020,0.0090000000000000011,303.4183598580297,303.41836012043262,-2.6240292072543525e-07,2.5497632528544121,2.5497635871860038,-3.3433159174478533e-07
1020,0.01,303.536062712383,303.53606311693892,-4.0455591943100444e-07,2.5492607930196112,2.5492614883203255,-6.9530071433732132e-07
1020,0.010999999999999999,303.66748979686963,303.6674903581723,-5.6130267012122204e-07,2.5478770650894278,2.5478783225504991,-1.257461071269006e-06
1020,0.012,303.81301361588601,303.81301434563636,-7.2975035436684266e-07,2.5443899906629102,2.5443919218963233,-1.931233413188238e-06
1020,0.013000000000000001,303.97301596075874,303.97301686440676,-9.0364801508258097e-07,2.5363476418722879,2.5363500407703619,-2.3988980739630961e-06
1020,0.014,304.14787165440941,304.14787272711277,-1.0727033554758236e-06,2.5193653483517386,2.5193674460834687,-2.097731730099639e-06
1020,0.014999999999999999,304.33792793868474,304.33792916149037,-1.2228056220919825e-06,2.486509538652415,2.4865099648821647,-4.262297497170664e-07
1020,0.016,304.54348054743014,304.54348188480827,-1.3373781371228688e-06,2.4282079674186869,2.4282051667914195,2.8006272674296895e-06
1020,0.017000000000000001,304.76474856759256,304.76474996735078,-1.3997582186675572e-06,2.3331896701775068,2.3331827963627552,6.8738147516178572e-06
1020,0.018000000000000002,305.00185111047352,305.00185250668198,-1.3962084608465375e-06,2.1907001218864677,2.1906900004564007,1.0121430066956094e-05
1020,0.019,305.25478929057874,305.25479060943968,-1.3188609386816097e-06,1.9936307282600683,1.9936201769694202,1.0551290648086464e-05
1020,0.02,305.52343693507606,305.52343796929915,-1.0342230893911619e-06,1.7415191505253551,1.7415121807237706,6.9698015845442995e-06
1030,0,302.96967876440465,302.96967842551447,3.3889017458932358e-07,2.5499999989061801,2.5499999992078033,-3.0162317088411328e-10
1030,0.001,302.9756257518643,302.9756254170631,3.3480120009699021e-07,2.5499999975293499,2.5499999975865659,-5.7216009707872217e-11
1030,0.002,302.99348628207673,302.99348597080217,3.1127456168178469e-07,2.5499999887516429,2.5499999888853022,-1.3365930584541275e-10
1030,0.0030000000000000001,303.0233190279277,303.02331875574089,2.7218680997975753e-07,2.5499999440833938,2.5499999445553923,-4.7199844033229965e-10
1030,0.0040000000000000001,303.06522166472325,303.0652214468389,2.1788434878544649e-07,2.5499997293140573,2.5499997310605171,-1.7464598656147245e-09
1030,0.0050000000000000001,303.11933065725526,303.1193305086216,1.4863366004647105e-07,2.5499987630275855,2.5499987691378867,-6.1103011539387353e-09
1030,0.0060000000000000001,303.18582084877687,303.18582078423702,6.4539847244304838e-08,2.549994731347895,2.5499947509699172,-1.9622022229270897e-08
1030,0.0070000000000000001,303.26490468426732,303.26490471875837,-3.4491051792429062e-08,2.5499792145508984,2.5499792716579761,-5.7107077733320466e-08
1030,0.0080000000000000002,303.35683078766925,303.35683093632298,-1.4865372577332892e-07,2.5499243014952868,2.5499244508424557,-1.4934716885406374e-07
1030,0.0090000000000000011,303.46188147745562,303.46188175539754,-2.7794192192232003e-07,2.5497459530115991,2.5497463011368922,-3.4812529303707151e-07
1030,0.01,303.5803686732084,303.58036909481746,-4.2160905877608457e-07,2.5492149646926157,2.5492156808995228,-7.162069071142696e-07
1030,0.010999999999999999,303.71262756147098,303.71262813887836,-5.7740737702260958e-07,2.5477666776962615,2.5477679598798244,-1.2821835628784584e-06
1030,0.012,303.85900740936262,303.85900815000286,-7.4064024602193967e-07,2.5441485530534917,2.544150503050421,-1.9499969292624542e-06
1030,0.013000000000000001,304.01985911070363,304.0198600140568,-9.0335316826894996e-07,2.5358687649090288,2.5358711623290402,-2.3974200114018629e-06
1030,0.014,304.19551958338917,304.19552063901017,-1.055620998613449e-06,2.5185051997831573,2.51850726604123,-2.0662580726416024e-06
1030,0.014999999999999999,304.38629471385889,304.38629590122008,-1.18736119247842e-06,2.4851127293672444,2.4851131017315966,-3.723643522413056e-07
1030,0.016,304.59244766632014,304.59244894264634,-1.2763262020598631e-06,2.4261616522778842,2.4261588058107253,2.846467158867938e-06
1030,0.017000000000000001,304.81421287102285,304.81421417516509,-1.3041422448623052e-06,2.3304936529220823,2.3304867813399035,6.8715821788245535e-06
1030,0.018000000000000002,305.05187767525933,305.05187902681365,-1.3515543173525657e-06,2.1875212371483768,2.1875111863040981,1.0050844278630677e-05
1030,0.019,305.30597776835026,305.3059794110531,-1.6427028413090738e-06,1.9903037668840768,1.9902933314970486,1.0435387028273624e-05
1030,0.02,305.57758981069526,305.57759216839429,-2.3576990315632429e-06,1.7384778318415492,1.7384709705946684,6.8612468808737503e-06
1040,0,303.00998370272197,303.00998337564238,3.2707959007893805e-07,2.5499999986676287,2.549999998972257,-3.0462832256716865e-10
1040,0.001,303.01597466770187,303.01597434459603,3.2310583719663555e-07,2.5499999970289626,2.5499999970915823,-6.2619687213327779e-11
1040,0.002,303.03396704354873,303.03396674368145,2.998672812282166e-07,2.5499999867154313,2.5499999868662746,-1.5084333782056092e-10
1040,0.0030000000000000001,303.06401921128378,303.06401895020417,2.6107960593435564e-07,2.5499999350588398,2.5499999355896716,-5.308318229424458e-10
1040,0.0040000000000000001,303.10622824434944,303.10622803748936,2.0686007928816252e-07,2.5499996905332751,2.5499996924716712,-1.9383961102903413e-09
1040,0.0050000000000000001,303.16072948383089,303.16072934658615,1.37244740017195e-07,2.5499986065498326,2.5499986132349188,-6.6850862623368812e-09
1040,0.0060000000000000001,303.2276957631928,303.22769571098877,5.2204029543645447e-08,2.5499941464468776,2.5499941676193143,-2.1172436692751262e-08
1040,0.0070000000000000001,303.30733607116821,303.30733611943185,-4.8263643748214236e-08,2.5499772034229267,2.549977264243843,-6.0820916303327976e-08
1040,0.0080000000000000002,303.39989335218053,303.39989351606664,-1.638861135688785e-07,2.549917967378406,2.5499181245106355,-1.5713222945024086e-07
1040,0.0090000000000000011,303.50564106043555,303.50564135415186,-2.9371631171670742e-07,2.5497277306777661,2.5497280928099726,-3.6213220644398803e-07
1040,0.01,303.62487804419573,303.62487847998926,-4.3579353814493516e-07,2.5491671771080733,2.5491679142703347,-7.3716226145492669e-07
1040,0.010999999999999999,303.75792142195888,303.75792200914964,-5.8719075468616211e-07,2.5476526187409543,2.5476539253342705,-1.3065933162081933e-06
1040,0.012,303.90509750331779,303.90509824710301,-7.437852218572516e-07,2.5439011228521156,2.5439030908876248,-1.9680355092255297e-06
1040,0.013000000000000001,304.0667318726704,304.06673277006541,-8.9739501163421664e-07,2.5353815528949406,2.5353839480003928,-2.3951054521909043e-06
1040,0.014,304.24314206248044,304.2431430932607,-1.0307802540410194e-06,2.5176355960673549,2.5176376305168851,-2.0344495301749532e-06
1040,0.014999999999999999,304.43464019388699,304.43464131674665,-1.1228596576984273e-06,2.4837081520844646,2.4837084712236388,-3.191391741985683e-07
1040,0.016,304.64155769161999,304.64155887110724,-1.1794872420978209e-06,2.4241130972571394,2.4241102063089062,2.8909482332473146e-06
1040,0.017000000000000001,304.8643061354864,304.86430740318491,-1.2676985079451697e-06,2.3278041562026046,2.3277972878634556,6.8683391489798851e-06
1040,0.018000000000000002,305.10348153579025,305.10348304179877,-1.5060085161167081e-06,2.1843581789693394,2.1843481982924389,9.9806769005006402e-06
1040,0.019,305.36000017212154,305.3600021540322,-1.9819106569229916e-06,1.9869987235994404,1.986988402292498,1.0321306942451258e-05
1040,0.02,305.63522840545232,305.63523111438093,-2.7089286049886141e-06,1.7354589490566095,1.7354521901617497,6.7588948597929743e-06
1050,0,303.05058492437246,303.05058460903189,3.1534057143289829e-07,2.5499999983830079,2.5499999986911157,-3.0810776152634389e-10
1050,0.001,303.05661959479647,303.05661928344119,3.1135527933656704e-07,2.549999996439277,2.549999996508074,-6.879696812234215e-11
1050,0.002,303.07474291860132,303.07474263055389,2.8804743124055676e-07,2.5499999843582524,2.5499999845283936,-1.7014123443459539e-10
1050,0.0030000000000000001,303.10501272233279,303.10501247328841,2.490443762326322e-07,2.5499999247833087,2.5499999253790948,-5.9578608713195536e-10
1050,0.0040000000000000001,303.14752498432375,303.14752478995212,1.9437163700786186e-07,2.5499996470563233,2.5499996492032784,-2.1469550581798558e-09
1050,0.0050000000000000001,303.20241313386356,303.20241300981502,1.2404854032865842e-07,2.5499984336573918,2.549998440957685,-7.3002932587939995e-09
1050,0.0060000000000000001,303.26984686189434,303.26984682370647,3.8187863538041711e-08,2.549993508925708,2.5499935317341196,-2.2808411603847389e-08
1050,0.0070000000000000001,303.35003023349549,303.35003029638966,-6.2894173424865585e-08,2.5499750389822293,2.5499751036692935,-6.4687064149637763e-08
1050,0.0080000000000000002,303.44319885350751,303.44319903207497,-1.7856746126199141e-07,2.5499112300240387,2.5499113951564745,-1.6513243572546799e-07
1050,0.0090000000000000011,303.54961586262402,303.54961617031068,-3.0768666192670935e-07,2.5497085569092803,2.5497089332552014,-3.7634592109370146e-07
1050,0.01,303.66956671673665,303.66956716468309,-4.4794643372370047e-07,2.5491173895298402,2.5491181476845113,-7.5815467104334289e-07
1050,0.010999999999999999,303.80335316470399,303.80335375908658,-5.9438258404043154e-07,2.5475348474283583,2.5475361781092314,-1.3306808730462194e-06
1050,0.012,303.95128775976099,303.95128849738427,-7.3762328156590229e-07,2.5436476868940887,2.5436496722494581,-1.9853553694382242e-06
1050,0.013000000000000001,304.11369172165985,304.11369258640593,-8.6474608451680979e-07,2.5348860576935666,2.5348884496750812,-2.3919815146378198e-06
1050,0.014,304.29090082999909,304.29090179672778,-9.6672869176472886e-07,2.5167566776549335,2.5167586799937585,-2.0023388249690299e-06
1050,0.014999999999999999,304.48328553323603,304.48328658582977,-1.0525937454985979e-06,2.4822960131392056,2.4822962797028949,-2.6656368934396824e-07
1050,0.016,304.69129121653202,304.69129237661485,-1.1600828315749823e-06,2.422062491175466,2.4220595570776475,2.934097818485526e-06
1050,0.017000000000000001,304.9155010183336,304.91550236872672,-1.3503931199920771e-06,2.3251212380314348,2.3251143739034927,6.8641279420411649e-06
1050,0.018000000000000002,305.15671616195448,305.15671784694263,-1.6849881490088592e-06,2.1812108077613521,2.1812008968307883,9.9109305637945511e-06
1050,0.019,305.41603922048392,305.41604141639328,-2.1959093601253699e-06,1.9837153211245273,1.9837051122071623,1.0208917365028825e-05
1050,0.02,305.69493829261097,305.69494119130138,-2.898690411257121e-06,1.7324619489143427,1.732455289890958,6.6590233847030333e-06
1060,0,303.09147995375764,303.09147965089818,3.0285946195363067e-07,2.5499999980445844,2.5499999983567001,-3.1211566664524071e-10
1060,0.001,303.09755784227633,303.097557543486,2.9879032581447973e-07,2.549999995746544,2.5499999958223851,-7.5841111168983844e-11
1060,0.002,303.11581054348261,303.11581026825382,2.7522878554009367e-07,2.5499999816371841,2.5499999818289405,-1.9175638854562749e-10
1060,0.0030000000000000001,303.1462949970043,303.14629476120189,2.3580241759191267e-07,2.5499999131127025,2.5499999137800446,-6.6734218151509594e-10
1060,0.0040000000000000001,303.18910551589602,303.18910533533602,1.8055999362331931e-07,2.5499995984225063,2.5499996007956303,-2.3731239195967646e-09
1060,0.0050000000000000001,303.2443728116271,303.24437270204487,1.0958223128909594e-07,2.5499982429994481,2.5499982509571169,-7.9576687461724305e-09
1060,0.0060000000000000001,303.31226245216754,303.31226242907348,2.3094059997674776e-08,2.5499928152227445,2.5499928397549625,-2.4532218034778452e-08
1060,0.0070000000000000001,303.39297262151496,303.39297269985389,-7.8338928233279148e-08,2.5499727129162717,2.5499727816232598,-6.870698809890996e-08
1060,0.0080000000000000002,303.48673110693414,303.48673130034899,-1.9341484858159674e-07,2.5499040725609543,2.5499042459066712,-1.7334571689175959e-07
1060,0.0090000000000000011,303.59379162127783,303.59379194071096,-3.1943312706061988e-07,2.5496884026970568,2.5496887934551666,-3.9075810986943793e-07
1060,0.01,303.71442994176522,303.7144303933261,-4.515608793553838e-07,2.5490655617458122,2.5490663409164527,-7.7917064045252005e-07
1060,0.010999999999999999,303.8489409694605,303.84894155219462,-5.8273411696063704e-07,2.5474133243987223,2.5474146788346173,-1.3544358949957314e-06
1060,0.012,303.99763866906608,303.9976393744073,-7.0534122187382309e-07,2.5433882341216352,2.543390236083467,-2.0019618318656285e-06
1060,0.013000000000000001,304.1608617659918,304.16086258144855,-8.1545675811867113e-07,2.5343823327412554,2.534384720814769,-2.3880735136039277e-06
1060,0.014,304.33898866767345,304.33898958651304,-9.1883958930338849e-07,2.5158685842264807,2.5158705541824289,-1.9699559481445306e-06
1060,0.014999999999999999,304.53246476161803,304.53246579725294,-1.0356349093854078e-06,2.4808765147616909,2.4808767294065213,-2.1464483035416038e-07
1060,0.016,304.7418434589913,304.74184465874521,-1.199753910441359e-06,2.4200100167928338,2.4200070408482737,2.9759445601129642e-06
1060,0.017000000000000001,304.96783891381654,304.96784036562218,-1.4518056445922412e-06,2.3224449523773223,2.3224380933871611,6.8589901611737503e-06
1060,0.018000000000000002,305.21138382815764,305.2113856554289,-1.8272712623002008e-06,2.1780789857899938,2.1780691441732696,9.8416167242376673e-06
1060,0.019,305.47368157908892,305.47368392489903,-2.3458101168216672e-06,1.9804532896527209,1.9804431915630174,1.0098089703536317e-05
1060,0.02,305.7562399626093,305.75624298835777,-3.0257484695539461e-06,1.7294864252290607,1.7294798639770543,6.5612520063762503e-06
1070,0,303.13266471811755,303.13266442902926,2.8908829108331702e-07,2.5499999976435319,2.549999997960259,-3.1672708900032376e-10
1070,0.001,303.13878508696627,303.1387848020621,2.8490416070781066e-07,2.5499999949352392,2.5499999950190944,-8.3855145049938073e-11
1070,0.002,303.15716484371541,303.15716458270765,2.6100775585291558e-07,2.5499999785046317,2.5499999787205416,-2.1590995658016254e-10
1070,0.0030000000000000001,303.18785972490718,303.18785950384728,2.2105990638010553e-07,2.5499998998898867,2.5499999006358784,-7.4599171284717158e-10
1070,0.0040000000000000001,303.23096189340498,303.23096172819868,1.6520630197192077e-07,2.5499995441372785,2.5499995467552083,-2.617929872883451e-09
1070,0.0050000000000000001,303.28659878907871,303.28659869531373,9.3764981556887506e-08,2.5499980331473884,2.5499980418063402,-8.658951777817947e-09
1070,0.0060000000000000001,303.35493144915813,303.35493144168868,7.4694526119856164e-09,2.5499920616242684,2.5499920879703235,-2.6346055115311628e-08
1070,0.0070000000000000001,303.43615231495835,303.43615240716582,-9.2207471880101366e-08,2.5499702166746632,2.549970289556649,-7.288198577981575e-08
1070,0.0080000000000000002,303.53048268730373,303.53048288999867,-2.0269493461455568e-07,2.5498964778637365,2.5498966596335024,-1.8176976590567051e-07
1070,0.0090000000000000011,303.63817025906889,303.63817057920051,-3.2013161899158149e-07,2.5496672389885107,2.5496676443488857,-4.0536037504423916e-07
1070,0.01,303.75948755449809,303.75948799417921,-4.3968111640424468e-07,2.5490116540892425,2.5490124542862569,-8.0019701442779478e-07
1070,0.010999999999999999,303.89473260998636,303.89473316671859,-5.5673223187113763e-07,2.547288011721311,2.5472893895700874,-1.3778487764071201e-06
1070,0.012,304.04423373097353,304.04423440009629,-6.6912275542563293e-07,2.5431227555242688,2.5431247733850615,-2.0178607926801817e-06
1070,0.013000000000000001,304.208360451484,304.20836123149104,-7.8000704206715454e-07,2.5338704329479622,2.5338728163544286,-2.3834064664107757e-06
1070,0.014,304.38754263360312,304.3875435339873,-9.0038417965843109e-07,2.5149714546276414,2.5149733919572879,-1.9373296464841872e-06
1070,0.014999999999999999,304.58229871585792,304.58229976574688,-1.049888965098944e-06,2.4794498551349835,2.479450018523488,-1.6338850450381415e-07
1070,0.016,304.79327234807141,304.79327360301403,-1.2549426173791289e-06,2.4179558510105181,2.4179528344936125,3.0165169055962338e-06
1070,0.017000000000000001,305.02127423176285,305.0212757759013,-1.5441384562109306e-06,2.3197753493901092,2.3197684964246696,6.8529654395632633e-06
1070,0.018000000000000002,305.26732347787618,305.26732541961678,-1.9417406065258547e-06,2.1749625776058106,2.1749528048607716,9.7727450389939463e-06
1070,0.019,305.53268102220449,305.5326834838213,-2.4616168161628593e-06,1.9772123568040814,1.9772023680128881,9.9887911932938778e-06
1070,0.02,305.81886742382801,305.81887054560599,-3.1217779792314104e-06,1.7265320124978449,1.7265255470921237,6.4654057212454319e-06
1080,0,303.17413352199037,303.1741332483432,2.7364717425371055e-07,2.5499999971698015,2.5499999974918128,-3.2201130650832965e-10
1080,0.001,303.18029542010214,303.1802951507305,2.6937163966067601e-07,2.5499999939878921,2.549999994080828,-9.2935881212952154e-11
1080,0.002,303.19879930831723,303.19879906307068,2.452465537317039e-07,2.5499999749079456,2.5499999751507731,-2.4282753585680439e-10
1080,0.0030000000000000001,303.22969953658566,303.2296993314983,2.0508736042756937e-07,2.5499998849438632,2.5499998857761192,-8.3225604186054625e-10
1080,0.0040000000000000001,303.27308591740967,303.27308576806644,1.4934323644411052e-07,2.5499994836707192,2.5499994865531415,-2.8824223008427907e-09
1080,0.0050000000000000001,303.32908258799694,303.32908250917177,7.88251668382145e-08,2.5499978025926491,2.5499978119985447,-9.4058956179310371e-09
1080,0.0060000000000000001,303.39784649520959,303.39784650027394,-5.0643507165659685e-09,2.5499912442630319,2.5499912725151046,-2.8252072681311802e-08
1080,0.0070000000000000001,303.47956567742494,303.47956577757492,-1.0014997542384663e-07,2.5499675414718608,2.5499676186850522,-7.7213191396197089e-08
1080,0.0080000000000000002,303.57445769860539,303.57445790206117,-2.0345578377600759e-07,2.5498884285644148,2.549888618966488,-1.9040207321907587e-07
1080,0.0090000000000000011,303.68276884829794,303.68276915979374,-3.1149579626799095e-07,2.5496450367090238,2.549645456853245,-4.2014422119152073e-07
1080,0.01,303.8047750322624,303.80477545330473,-4.2104232989004231e-07,2.5489556274586023,2.5489564486795473,-8.2122094502423693e-07
1080,0.010999999999999999,303.94078557659401,303.94078610701564,-5.3042163017380517e-07,2.5471588728864365,2.5471602737970653,-1.4009106288348505e-06
1080,0.012,304.09115134248873,304.0911519836668,-6.4117807596630882e-07,2.5428512440795168,2.5428532771382213,-2.033058704498103e-06
1080,0.013000000000000001,304.25627845563531,304.25627921533072,-7.5969541057929746e-07,2.5333504146017991,2.5333527926068489,-2.3780050497634875e-06
1080,0.014,304.4366484559435,304.43664935411175,-8.9816825266098022e-07,2.5140654268091471,2.5140673312966251,-1.9044874779439169e-06
1080,0.014999999999999999,304.63284469902158,304.63284577333036,-1.0743087841547094e-06,2.4780162284541705,2.4780163412537926,-1.1279962208732286e-07
1080,0.016,304.84558345232756,304.84558476177966,-1.309452102304931e-06,2.4159001650675873,2.4158971092244923,3.0558430950122784e-06
1080,0.017000000000000001,305.07574656112678,305.07574818624255,-1.6251157717306342e-06,2.3171124756114314,2.3171056295194301,6.8460920013002635e-06
1080,0.018000000000000002,305.32441120150355,305.32441324012177,-2.0386182200127223e-06,2.1718614501154576,2.1718517457985298,9.7043169278165919e-06
1080,0.019,305.59287154055431,305.5928740997137,-2.5591593839635607e-06,1.9739922489525079,1.9739823679384663,9.8810140416460968e-06
1080,0.02,305.88264626224333,305.882650655193,-4.3929496769123944e-06,1.7235983674918423,1.7235919963581805,6.3711336617533476e-06
1090,0,303.21587956851329,303.21587930941098,2.5910230760928243e-07,2.5499999966119891,2.5499999968091225,-1.9713342069849205e-10
1090,0.001,303.22208195386946,303.22208170092057,2.5294889383076224e-07,2.5499999928848855,2.5499999929765358,-9.1650242950436223e-11
1090,0.002,303.2407068478426,303.2407066188498,2.2899280338606331e-07,2.5499999707890195,2.5499999710538694,-2.6484991977326899e-10
1090,0.0030000000000000001,303.27180725478553,303.27180706535364,1.8943188706543879e-07,2.5499998680889306,2.5499998690093499,-9.2041929633523978e-10
1090,0.0040000000000000001,303.31547083988772,303.31547070484294,1.3504478602044401e-07,2.5499994164559943,2.5499994196183962,-3.1624018959064415e-09
1090,0.0050000000000000001,303.37181900619146,303.37181893912418,6.7067276177112944e-08,2.5499975497446341,2.5499975599402918,-1.0195657651479451e-08
1090,0.0060000000000000001,303.44100581740122,303.441005830108,-1.2706777852145024e-08,2.5499903591169883,2.549990389365246,-3.0248257676390722e-08
1090,0.0070000000000000001,303.5232170561934,303.52321715813025,-1.0193684829573613e-07,2.5499646782901757,2.5499647599880322,-8.1697856479934217e-08
1090,0.0080000000000000002,303.61866987835646,303.61867007630497,-1.9794850913967821e-07,2.5498799070642271,2.5498801063007166,-1.9923648952868689e-07
1090,0.0090000000000000011,303.7276137227488,303.72761402098382,-2.982350224556285e-07,2.5496217667828738,2.5496222018808266,-4.3509795277785202e-07
1090,0.01,303.85033332727249,303.85033372855753,-4.0128503542291583e-07,2.5488974433360374,2.5488982855629994,-8.4222696195013214e-07
1090,0.010999999999999999,303.98715481831402,303.98715532600772,-5.0769369863701286e-07,2.5470258727960409,2.5470272964064615,-1.4236104206588607e-06
1090,0.012,304.13845580275694,304.13845642420517,-6.2144823687049211e-07,2.5425736946941466,2.5425757422539697,-2.0475598230262904e-06
1090,0.013000000000000001,304.304680104152,304.30468085517742,-7.5102542496097158e-07,2.5328223352772676,2.5328247071682544,-2.3718909867298521e-06
1090,0.014,304.48635709556669,304.48635800422034,-9.0865364654746372e-07,2.5131506377715676,2.5131525092248896,-1.871453322088712e-06
1090,0.014999999999999999,304.68412393202186,304.68412504034677,-1.1083249091825564e-06,2.4765758249869259,2.476575887866614,-6.2879688123018695e-08
1090,0.016,304.89874441410632,304.89874578708526,-1.3729789429817174e-06,2.4138431247321197,2.4138400307785566,3.0939535631269166e-06
1090,0.017000000000000001,305.13110692965529,305.13110865013908,-1.7204837945428153e-06,2.3144563741846698,2.3144495357752106,6.8384094591422695e-06
1090,0.018000000000000002,305.38216620894127,305.38216829860903,-2.0896677597193047e-06,2.1687754722429249,2.1687658359104756,9.6363324493253799e-06
1090,0.019,305.65279021535918,305.65279253892209,-2.3235629100781807e-06,1.9707926934875768,1.9707829187491479,9.7747384288915384e-06
1090,0.02,305.94352409965103,305.94352638822841,-2.2885773773850815e-06,1.7206839361265465,1.7206776452304913,6.2908960551943949e-06
1100,0,303.25789598067951,303.25789573814609,2.4253341734947753e-07,2.5499999959571826,2.549999996161203,-2.0402035616484682e-10
1100,0.001,303.26413789516801,303.26413765855648,2.3661152681597741e-07,2.5499999916042508,2.5499999917074878,-1.0323697452463421e-10
1100,0.002,303.28288100113463,303.28288078771834,2.134162855327304e-07,2.5499999660838695,2.5499999663819368,-2.9806734858084383e-10
1100,0.0030000000000000001,303.3141772359109,303.31417706058522,1.7532568108435953e-07,2.5499998491238118,2.5499998501473926,-1.0235807756941995e-09
1100,0.0040000000000000001,303.35811269970611,303.35811257633884,1.2336727195361163e-07,2.5499993418878151,2.5499993453573331,-3.4695180062271902e-09
1100,0.0050000000000000001,303.41480710532232,303.4148070463138,5.9008527841797331e-08,2.5499972729286853,2.5499972839678833,-1.1039198000162287e-08
1100,0.0060000000000000001,303.48441331416421,303.48441333003643,-1.587221731824684e-08,2.5499894020082317,2.5499894343530527,-3.2344821043750471e-08
1100,0.0070000000000000001,303.56711730577337,303.56711740493574,-9.9162377864558948e-08,2.5499616178830711,2.5499617042273108,-8.6344239758062713e-08
1100,0.0080000000000000002,303.66313906420845,303.66313925312073,-1.8891228137363214e-07,2.5498708955454936,2.5498711038224395,-2.0827694591218915e-07
1100,0.0090000000000000011,303.77273499065336,303.77273527460375,-2.8395038498274516e-07,2.5495974001536448,2.5495978503730035,-4.5021935868305718e-07
1100,0.01,303.89620252083921,303.89620290532321,-3.8448399664048338e-07,2.5488370638044247,2.5488379270133108,-8.6320888614821456e-07
1100,0.010999999999999999,304.03388755141128,304.03388804366131,-4.9225002385355765e-07,2.5468889777528729,2.5468904236991414,-1.4459462684968116e-06
1100,0.012,304.18619489317854,304.18619550395425,-6.1077571444911882e-07,2.5422901041458723,2.5422921655228259,-2.0613769535771098e-06
1100,0.013000000000000001,304.35360095909186,304.35360170742206,-7.4833019425568637e-07,2.5322862537469915,2.5322886188404112,-2.3650934197760876e-06
1100,0.014,304.5366658038626,304.53666672743748,-9.2357487346816924e-07,2.5122272235145306,2.5122290617720049,-1.838257474240379e-06
1100,0.014999999999999999,304.7360381603599,304.7360393225955,-1.1622356055340788e-06,2.4751288311355069,2.4751288447722359,-1.3636729079280485e-08
1100,0.016,304.95244300325015,304.95244446940842,-1.466158266794082e-06,2.4117848904870782,2.4117817596161983,3.1308708798860607e-06
1100,0.017000000000000001,305.18663930745117,305.18664108558949,-1.7781383121473482e-06,2.3118070850566128,2.3118002551089503,6.8299476625455213e-06
1100,0.018000000000000002,305.43934092308439,305.43934292320228,-2.0001178882012027e-06,2.1657045145108391,2.1656949457303725,9.5687804666511056e-06
1100,0.019,305.71110890914906,305.71111096725537,-2.058106304048124e-06,1.9676134100728386,1.9676037402913593,9.6697814793156311e-06
1100,0.02,306.00224447171593,306.00224644630305,-1.9745871213672217e-06,1.7177886258728683,1.7177824213216897,6.2045511786124052e-06
1110,0,303.30017699252113,303.30017676512142,2.2739970972907031e-07,2.5499999951908126,2.5499999954026564,-2.1184387577477537e-10
1110,0.001,303.30645772989988,303.30645750803461,2.2186526393852546e-07,2.5499999901214485,2.5499999902377244,-1.1627587781504189e-10
1110,0.002,303.32531707410027,303.32531687423113,1.9986913457614719e-07,2.549999960722189,2.5499999610570288,-3.3483971151326841e-10
1110,0.0030000000000000001,303.35680635499619,303.35680619111753,1.6387866708100773e-07,2.5499998278307618,2.5499998289668171,-1.1360552498729248e-09
1110,0.0040000000000000001,303.40101094846642,303.40101083346428,1.1500213759063627e-07,2.5499992593208991,2.5499992631205042,-3.7996050750166432e-09
1110,0.0050000000000000001,303.45805018407157,303.45805012939138,5.4680185712641105e-08,2.5499969703841332,2.5499969823177886,-1.1933655397200482e-08
1110,0.0060000000000000001,303.52807755835357,303.52807757380185,-1.5448279100382933e-08,2.5499883686021119,2.5499884031417266,-3.4539614723883005e-08
1110,0.0070000000000000001,303.6112815997318,303.61128169349865,-9.3766857389709912e-08,2.5499583507787054,2.5499584419279699,-9.1149264580536737e-08
1110,0.0080000000000000002,303.70788780849415,303.7078879874577,-1.7896354620461352e-07,2.5498613759835616,2.549861593500474,-2.1751691248184102e-07
1110,0.0090000000000000011,303.81816210594548,303.81816237638799,-2.7044251282859477e-07,2.5495719078040673,2.5495723733007467,-4.6549667942485939e-07
1110,0.01,303.9424160894452,303.94241645861013,-3.6916492263117107e-07,2.5487744515631361,2.5487753357150682,-8.8415193211233145e-07
1110,0.010999999999999999,304.08101398036763,304.08101445959727,-4.7922964085955755e-07,2.5467481554485079,2.5467496233569604,-1.4679084525681674e-06
1110,0.012,304.23438032125114,304.23438093082262,-6.0957148662055261e-07,2.5420004710258088,2.5420025455410253,-2.0745152164991509e-06
1110,0.013000000000000001,304.40300613840901,304.40300691159428,-7.7318526336966897e-07,2.5317422298969943,2.5317445875302917,-2.3576332974784009e-06
1110,0.014,304.58744958848553,304.58745056916024,-9.8067471299145836e-07,2.5112953189901082,2.5112971239116924,-1.8049215841919874e-06
1110,0.014999999999999999,304.78832566849462,304.78832689685231,-1.2283576893423742e-06,2.4736754294996608,2.4736753945701775,3.4929483305745634e-08
1110,0.016,305.00627953761307,305.00628102644794,-1.488834868723643e-06,2.4097256177104449,2.4097224510856754,3.1666247695127936e-06
1110,0.017000000000000001,305.24194067349811,305.24194238967482,-1.716176711852313e-06,2.3091646451560037,2.3091578244133504,6.8207426533462012e-06
1110,0.018000000000000002,305.49586097146323,305.49586283450532,-1.8630420868248621e-06,2.1626484486411712,2.1626389469854921,9.5016556791449602e-06
1110,0.019,305.76844760544611,305.7684495060422,-1.9005960893991869e-06,1.9644540904681533,1.9644445241603326,9.5663078207852692e-06
1110,0.02,306.0599076264906,306.05990946402176,-1.8375311583440634e-06,1.714912503026609,1.7149063843891796,6.1186374293864532e-06
1120,0,303.34271894138925,303.34271872656291,2.148263433809916e-07,2.5499999942964724,2.5499999945171878,-2.2071544591995007e-10
1120,0.001,303.3490381646144,303.34903795484388,2.0977051917725476e-07,2.5499999884091307,2.5499999885400393,-1.3090861727960146e-10
1120,0.002,303.36801291711828,303.36801272791013,1.8920815136880265e-07,2.5499999546268906,2.5499999550023555,-3.7546499243035214e-10
1120,0.0030000000000000001,303.39969447426046,303.39969431867269,1.5558777022306458e-07,2.549999803974659,2.5499998052331208,-1.2584617792299468e-09
1120,0.0040000000000000001,303.44416843166641,303.44416832171891,1.099475070986955e-07,2.5499991680684237,2.5499991722222397,-4.1538159578635714e-09
1120,0.0050000000000000001,303.50155507346614,303.50155501989195,5.3574183311866364e-08,2.5499966402624032,2.5499966531431899,-1.2880786659508203e-08
1120,0.0060000000000000001,303.57201020013747,303.57201021230435,-1.2166879059805069e-08,2.5499872544065409,2.5499872912410462,-3.6834505223737324e-08
1120,0.0070000000000000001,303.65572668388444,303.6557267700249,-8.6140460098249605e-08,2.549954867283756,2.5499549633971736,-9.6113417669130286e-08
1120,0.0080000000000000002,303.75293700285573,303.75293717081831,-1.6796258250906249e-07,2.5498513301588219,2.5498515571119293,-2.2695310741838171e-07
1120,0.0090000000000000011,303.86391687076025,303.86391712953434,-2.5877409370878013e-07,2.5495452607753064,2.5495457416966483,-4.809213418610625e-07
1120,0.01,303.98898976044052,303.9889901225244,-3.6208388110026135e-07,2.5487095699424778,2.5487104749871499,-9.0504467209484574e-07
1120,0.010999999999999999,304.12853156557725,304.12853204964068,-4.8406343466922408e-07,2.5466033749501142,2.5466048644408157,-1.4894907014451064e-06
1120,0.012,304.28297386233578,304.28297449462042,-6.3228463886844111e-07,2.5417047956814858,2.541706882664307,-2.086982821225547e-06
1120,0.013000000000000001,304.45280336101331,304.452804173206,-8.1219269532084581e-07,2.5311903246452405,2.5311926741789978,-2.3495337573287145e-06
1120,0.014,304.63855449942099,304.63855552142604,-1.0220050512543821e-06,2.5103550580602807,2.5103568295290404,-1.7714687596814827e-06
1120,0.014999999999999999,304.84079220836469,304.84079345679925,-1.2484345575103362e-06,2.4722157989407663,2.4722157161232876,8.281747865268585e-08
1120,0.016,305.06008315537912,305.06008462209815,-1.4667190271211439e-06,2.4076654568504354,2.4076622556084013,3.2012420341231973e-06
1120,0.017000000000000001,305.29695642709356,305.29695807327039,-1.6461768268527521e-06,2.3065290885431367,2.3065222777174212,6.8108257154086971e-06
1120,0.018000000000000002,305.55185821306134,305.55185997148476,-1.7584234228706919e-06,2.1596071467509761,2.1595977118110667,9.4349399093474062e-06
1120,0.019,305.82510847220186,305.82511025777933,-1.785577467217081e-06,1.9613144272154988,1.9613049627403853,9.4644751134076444e-06
1120,0.02,306.11686929581163,306.11687102924219,-1.7334305653093907e-06,1.7120554029072212,1.7120493692123291,6.0336948921602129e-06
1130,0,303.3855208512939,303.38552064571684,2.0557706648105523e-07,2.5499999932557444,2.549999993486491,-2.3074653299204329e-10
1130,0.001,303.39187864087677,303.39187843984826,2.0102851294723223e-07,2.5499999864368923,2.5499999865841905,-1.4729817365832787e-10
1130,0.002,303.41096922711165,303.41096904514558,1.8196607243226026e-07,2.5499999477136241,2.5499999481338782,-4.2025405377899006e-10
1130,0.0030000000000000001,303.44284437346738,303.44284422270573,1.5076165027494426e-07,2.5499997773020713,2.5499997786935023,-1.3914309704432526e-09
1130,0.0040000000000000001,303.48759075904837,303.48759065076291,1.0828546237462433e-07,2.549999067400496,2.5499990719338026,-4.5333066189812143e-09
1130,0.0050000000000000001,303.54533070959292,303.54533065410368,5.5489238093286986e-08,2.5499962806252197,2.5499962945075327,-1.3882313076862829e-08
1130,0.0060000000000000001,303.61622342996645,303.61622343684337,-6.8769168137805536e-09,2.5499860547714941,2.549986094002779,-3.9231284887364382e-08
1130,0.0070000000000000001,303.70046686301185,303.70046694169639,-7.8684536219952861e-08,2.5499511574874778,2.549951258724509,-1.0123703120257233e-07
1130,0.0080000000000000002,303.79830019944643,303.7983003603664,-1.6091996712930268e-07,2.5498407396687437,2.5498409762508287,-2.3658208503363198e-07
1130,0.0090000000000000011,303.91000684638527,303.91000710245345,-2.5606817644074908e-07,2.5495174301856642,2.5495179266704295,-4.9648476529995378e-07
1130,0.01,304.03591731040098,304.03591767846848,-3.6806750358664431e-07,2.5486423829168827,2.5486433087928972,-9.258760145236522e-07
1130,0.010999999999999999,304.17641098590809,304.17641148736425,-5.0145615659857867e-07,2.5464546066862095,2.5464561173735452,-1.510687335670724e-06
1130,0.012,304.33191534793451,304.33191600746073,-6.5952622207987588e-07,2.5414030801606717,2.5414051789489802,-2.0987883084799819e-06
1130,0.013000000000000001,304.50290069770773,304.5029015394922,-8.4178446968508069e-07,2.5306305998634882,2.5306329406810133,-2.3408175251482533e-06
1130,0.014,304.68986863013708,304.68986967170758,-1.0415704991828534e-06,2.5094065734581958,2.5094083113792713,-1.7379210754953078e-06
1130,0.014999999999999999,304.89333300821954,304.8933342532556,-1.245036060026905e-06,2.4707501146466355,2.4707499846200927,1.3002654286609072e-07
1130,0.016,305.11379354496324,305.1137949774253,-1.4324620565275836e-06,2.4056045535948405,2.405601318845799,3.2347490415141067e-06
1130,0.017000000000000001,305.35170397412298,305.35170555582636,-1.5817033727216767e-06,2.3039004465269231,2.303893646301137,6.8002257860300119e-06
1130,0.018000000000000002,305.60743880572005,305.60744047866882,-1.6729487697375589e-06,2.1565804802337207,2.156571111613129,9.3686205917542509e-06
1130,0.019,305.88126416008714,305.88126585347021,-1.6933830693233176e-06,1.9581941318774461,1.9581847676132016,9.3642642444713431e-06
1130,0.02,306.17331849725366,306.17332014658501,-1.6493313523824327e-06,1.7092171138909411,1.7092111639995031,5.9498914379840784e-06
1140,0,303.42858451084282,303.42858431063939,2.002034307224676e-07,2.5499999920479959,2.549999992290056,-2.4206014970218348e-10
1140,0.001,303.43498133119169,303.43498113505512,1.9613656832007109e-07,2.5499999841710084,2.5499999843366155,-1.6560708360202625e-10
1140,0.002,303.45418929168784,303.45418911322867,1.7845917454906157e-07,2.5499999398902786,2.5499999403598084,-4.6952974841474315e-10
1140,0.0030000000000000001,303.48626105757421,303.48626090822466,1.4934954606360407e-07,2.5499997475403151,2.5499997490759365,-1.5356214078110497e-09
1140,0.0040000000000000001,303.5312849784554,303.53128486914682,1.0930858707070001e-07,2.5499989565426207,2.5499989614818683,-4.9392476775267369e-09
1140,0.0050000000000000001,303.58938600240731,303.58938594370642,5.8700891258922638e-08,2.5499958894428696,2.5499959043828326,-1.4939963044469096e-08
1140,0.0060000000000000001,303.66072702094937,303.66072702347242,-2.5230519895558245e-09,2.5499847648886944,2.5499848066203632,-4.173166878729262e-08
1140,0.0070000000000000001,303.74551061607161,303.74551069119491,-7.5123296028323239e-08,2.5499472112659856,2.5499473177862622,-1.0652027659929786e-07
1140,0.0080000000000000002,303.84398104188836,303.84398120265143,-1.6076307929324685e-07,2.5498295859399218,2.5498298323401678,-2.4640024598454602e-07
1140,0.0090000000000000011,303.95642605370921,303.95642631564681,-2.6193760049864068e-07,2.5494883872486933,2.549488899427105,-5.1217841168238465e-07
1140,0.01,304.08317791275357,304.08317829423044,-3.8147686609590892e-07,2.5485728551168911,2.548573801752144,-9.4663525285199057e-07
1140,0.010999999999999999,304.22461259652255,304.22461311806927,-5.2154672403048608e-07,2.5463018224314298,2.5463033539247002,-1.5314932704235673e-06
1140,0.012,304.38114602400168,304.38114670625146,-6.8224977667341591e-07,2.5410953281559827,2.5410974380965285,-2.1099405458357978e-06
1140,0.013000000000000001,304.55322608254204,304.55322694270171,-8.6015967326602549e-07,2.5300631183023006,2.5300654498092041,-2.331506903541225e-06
1140,0.014,304.74131954021993,304.74132058750831,-1.0472883786860621e-06,2.5084499967530709,2.5084517010526874,-1.7042996165450575e-06
1140,0.014999999999999999,304.94589361441518,304.94589484544116,-1.2310259762671194e-06,2.4692785481969493,2.4692783716403039,1.7655664530380477e-07
1140,0.016,305.16739301055435,305.16739440591522,-1.395360868627904e-06,2.4035430490338969,2.4035397818622442,3.2671716527765682e-06
1140,0.017000000000000001,305.40621447121197,305.40621599451094,-1.5232989767355321e-06,2.301278747736653,2.3012719587675656,6.7889690873457198e-06
1140,0.018000000000000002,305.66268198423307,305.66268358425009,-1.6000170148799953e-06,2.1535683194520852,2.1535590167508065,9.3027012786350838e-06
1140,0.019,305.93702643266363,305.93702804867667,-1.6160130371645209e-06,1.955092932982609,1.9550836673703762,9.2656122328005353e-06
1140,0.02,306.22937349238089,306.22937491385198,-1.4214710972737521e-06,1.7063974076220279,1.7063915402295671,5.8673924607788308e-06
1150,0,303.47191397201766,303.47191377428891,1.9772875248236232e-07,2.5499999906501776,2.5499999910545847,-4.0440717441470042e-10
1150,0.001,303.47835055268507,303.47835035810925,1.9457581856840989e-07,2.5499999815741483,2.5499999817733783,-1.9922996585819419e-10
1150,0.002,303.49767815440367,303.49767797661144,1.7779223071556771e-07,2.5499999310564601,2.5499999315891437,-5.3268367494752056e-10
1150,0.0030000000000000001,303.52995054029338,303.52995039043128,1.4986210317147197e-07,2.5499997143964781,2.5499997160953503,-1.6988721540656115e-09
1150,0.0040000000000000001,303.57525792613956,303.57525781526533,1.1087422535638325e-07,2.5499988346741751,2.5499988400530507,-5.3788755671746458e-09
1150,0.0050000000000000001,303.63372787814518,303.63372781748473,6.0660454437311273e-08,2.5499954645925529,2.5499954806532608,-1.606070787474323e-08
1150,0.0060000000000000001,303.7055264981102,303.7055264994857,-1.3754970495938323e-09,2.5499833797914708,2.5499834241334627,-4.4341991856100549e-08
1150,0.0070000000000000001,303.7908597472375,303.79085982361789,-7.6380388236430008e-08,2.5499430182867449,2.5499431302541913,-1.119674464256093e-07
1150,0.0080000000000000002,303.88997462249796,303.88997478851962,-1.660216639720602e-07,2.5498178502401045,2.5498181066478649,-2.5640776035729118e-07
1150,0.0090000000000000011,304.00315972188287,304.00315999409275,-2.7220988840781501e-07,2.5494581032907324,2.5494586312881231,-5.2799739069797624e-07
1150,0.01,304.1307445460393,304.13074494255517,-3.9651587258049403e-07,2.5485009518400128,2.5485019191553957,-9.6731538290484309e-07
1150,0.010999999999999999,304.27309673498075,304.27309727427632,-5.3929556997900363e-07,2.5461449952905006,2.546146547197607,-1.5519071063785361e-06
1150,0.012,304.43061639859792,304.43061709715664,-6.9855872197877034e-07,2.5407815449504296,2.5407836654020852,-2.1204516555961561e-06
1150,0.013000000000000001,304.60372684348692,304.6037277121286,-8.6864167769817868e-07,2.5294879435191731,2.5294902651458586,-2.3216266855641265e-06
1150,0.014,304.79286140640562,304.79286244629554,-1.0398899235042336e-06,2.5074854583184618,2.507487128945932,-1.6706274701405732e-06
1150,0.014999999999999999,304.99844695078349,304.99844815483578,-1.2040522960887756e-06,2.4678012676288974,2.4678010452235499,2.2240534747197671e-07
1150,0.016,305.22088644697953,305.22088780686323,-1.3598836972050776e-06,2.4014810798153192,2.4014777812833201,3.2985319990963546e-06
1150,0.017000000000000001,305.46054703700372,305.46054852878802,-1.4917843031980738e-06,2.2986640181455948,2.2986572410694368,6.777076158037687e-06
1150,0.018000000000000002,305.71776574187766,305.71776731117376,-1.5692961028435093e-06,2.150570534260813,2.150561297069491,9.2371913220645752e-06
1150,0.019,305.99288613414342,305.99288775934428,-1.6252008663286688e-06,1.9520105720044714,1.9520014035307889,9.1684736824859669e-06
1150,0.02,306.28632383927481,306.28632561187624,-1.7726014220897923e-06,1.7035974520075894,1.7035916795372472,5.7724703421691004e-06
1160,0,303.5155145592006,303.51551436106308,1.9813751350739039e-07,2.5499999890365945,2.5499999894552943,-4.1869974154451484e-10
1160,0.001,303.52199172484819,303.52199152972071,1.9512748394845403e-07,2.5499999786050904,2.549999978827024,-2.2193358262256879e-10
1160,0.002,303.54144144129583,303.54144126260542,1.7869041357698734e-07,2.5499999211029571,2.5499999216949476,-5.9199045665536687e-10
1160,0.0030000000000000001,303.57391853116292,303.573918380083,1.5107991657714592e-07,2.5499996775564524,2.5499996794240052,-1.8675527790890101e-09
1160,0.0040000000000000001,303.61951489311843,303.61951478107454,1.120438923862821e-07,2.5499987009269254,2.5499987067682461,-5.8413207604246509e-09
1160,0.0050000000000000001,303.6783602197126,303.67836015867357,6.1039031606924254e-08,2.5499950038568424,2.5499950210925513,-1.7235708860141585e-08
1160,0.0060000000000000001,303.75062283110162,303.75062283392828,-2.8266526896914002e-09,2.5499818943548509,2.5499819414092562,-4.7054405261093279e-08
1160,0.0070000000000000001,303.83651040458568,303.83651048535256,-8.0766881183080841e-08,2.5499385680133297,2.5499386855832031,-1.1756987339239799e-07
1160,0.0080000000000000002,303.93627026509898,303.93627043922515,-1.7412617125955876e-07,2.5498055136902149,2.5498057802831147,-2.6659289975583533e-07
1160,0.0090000000000000011,304.05018877923197,304.05018906321379,-2.8398181939337519e-07,2.5494265497677779,2.5494270936937706,-5.4392599269093012e-07
1160,0.01,304.17858929683513,304.17858970747744,-4.1064231481868774e-07,2.5484266390602182,2.5484276269599051,-9.8789968694390495e-07
1160,0.010999999999999999,304.32182806155686,304.32182861487456,-5.5331770454358775e-07,2.5459840996809744,2.545985671599539,-1.5719185646467793e-06
1160,0.012,304.4802876450259,304.48028835488333,-7.0985743150231428e-07,2.5404617373633704,2.5404638676884623,-2.130325091886931e-06
1160,0.013000000000000001,304.65436786922425,304.65436874440422,-8.751799782658054e-07,2.52890513980946,2.5289074510019458,-2.3111924858376653e-06
1160,0.014,304.84447501675646,304.84447605546796,-1.0387115025878302e-06,2.5065130873042207,2.5065147242221162,-1.6369178954533936e-06
1160,0.014999999999999999,305.05101147008043,305.05101265690445,-1.1868240221701853e-06,2.4663184375041238,2.4663181699240955,2.6758002835691741e-07
1160,0.016,305.27436951312876,305.27437082482248,-1.311693722527707e-06,2.3994187782915914,2.3994154494305548,3.3288610366000171e-06
1160,0.017000000000000001,305.51493389951446,305.51493531989831,-1.4203838532012014e-06,2.2960562810774836,2.2960495165013084,6.76457617521109e-06
1160,0.018000000000000002,305.77309637958439,305.7730979161081,-1.5365237118203368e-06,2.1475869947330857,2.1475778226195028,9.1721135828670697e-06
1160,0.019,306.04928071576194,306.04928239961151,-1.6838495753290772e-06,1.9489468122057498,1.9489377392353384,9.0729704114167475e-06
1160,0.02,306.34397017404876,306.34397204510412,-1.871055360425089e-06,1.7008167559193488,1.7008110685285012,5.6873908476084978e-06
1170,0,303.55939169926586,303.55939149964735,1.9961851194238989e-07,2.5499999871786732,2.5499999876133685,-4.3469539079410424e-10
1170,0.001,303.56591020164467,303.56591000506745,1.9657721850308008e-07,2.5499999752183964,2.5499999754655325,-2.471360893707697e-10
1170,0.002,303.58548422106384,303.5854840410766,1.7998723933487781e-07,2.5499999099111803,2.5499999105680407,-6.5686034389500492e-10
1170,0.0030000000000000001,303.61816941162851,303.61816925968589,1.5194262914519641e-07,2.5499996366839293,2.5499996387334707,-2.0495414254639854e-09
1170,0.0040000000000000001,303.66405889115924,303.66405877917555,1.119836952057085e-07,2.5499985543835106,2.5499985607173561,-6.3338454481254303e-09
1170,0.0050000000000000001,303.72328367577165,303.72328361637864,5.9393016726971837e-08,2.5499945049221813,2.5499945233940737,-1.8471892460070194e-08
1170,0.0060000000000000001,303.7960130630276,303.7960130697881,-6.7605014919536188e-09,2.5499803032957336,2.5499803531707976,-4.9875064078719333e-08
1170,0.0070000000000000001,303.88245471864406,303.88245480616246,-8.7518401414854452e-08,2.5499338497102371,2.5499339730417763,-1.2333153920351947e-07
1170,0.0080000000000000002,303.98285414119664,303.9828543250448,-1.8384815803074162e-07,2.5497925572762381,2.5497928342318072,-2.7695556914508757e-07
1170,0.0090000000000000011,304.0974931218679,304.09749341820435,-2.9633645226567751e-07,2.5493936982818535,2.5493942582412958,-5.5995944236997275e-07
1170,0.01,304.22668682117279,304.22668724583616,-4.246633693583135e-07,2.5483498834367917,2.548350891818683,-1.0083818913209086e-06
1170,0.010999999999999999,304.37077920740938,304.37077977420211,-5.667927212016366e-07,2.5458191113160797,2.545820702843395,-1.5915273152700138e-06
1170,0.012,304.53013690469169,304.53013762277942,-7.1808773327575182e-07,2.5401359136983532,2.5401380532718227,-2.1395734695062174e-06
1170,0.013000000000000001,304.70514201942001,304.70514289051653,-8.7109651758510154e-07,2.5283147721406336,2.5283170723688522,-2.3002282185657918e-06
1170,0.014,304.89618520455582,304.89618622215875,-1.0176029263675446e-06,2.5055330116107637,2.5055346148028845,-1.6031921208359279e-06
1170,0.014999999999999999,305.10366087680393,305.1036620300564,-1.1532524695212487e-06,2.4648302189734106,2.4648299068939878,3.1207942274846801e-07
1170,0.016,305.32796673828693,305.32796801910479,-1.2808178553314065e-06,2.3973562726541524,2.397352914474689,3.3581794633974482e-06
1170,0.017000000000000001,305.56950912355688,305.56951053223435,-1.4086774626775878e-06,2.2934555572295836,2.2934488057414395,6.7514881441077534e-06
1170,0.018000000000000002,305.82871399785824,305.82871554443346,-1.5465752198906557e-06,2.1446175718422467,2.1446084643586194,9.107483627257551e-06
1170,0.019,306.10604106437575,306.10604276507377,-1.7006980215228396e-06,1.9459014609497383,1.9458924820860066,8.9788637316345898e-06
1170,0.02,306.40199641462544,306.40199829688055,-1.8822551055563963e-06,1.6980546605061619,1.6980490555778418,5.6049283201353717e-06
1180,0,303.60354990025382,303.603549699224,2.0102982034586603e-07,2.549999985044709,2.549999985497279,-4.5256998149056926e-10
1180,0.001,303.61011029115696,303.61011009333356,1.9782339677476557e-07,2.5499999713640982,2.5499999716391506,-2.7505242528036433e-10
1180,0.002,303.62981015853512,303.62980997782586,1.807092644412478e-07,2.5499998973525888,2.5499998980802885,-7.276996782934475e-10
1180,0.0030000000000000001,303.66270564222248,303.66270549051194,1.5171053746598773e-07,2.5499995914193998,2.5499995936649849,-2.2455850512415054e-09
1180,0.0040000000000000001,303.70889046081567,303.70889035052522,1.1029044344468275e-07,2.5499983940759909,2.5499984009336654,-6.8576744283177504e-09
1180,0.0050000000000000001,303.76849602253395,303.76849596683132,5.5702628287690459e-08,2.5499939653775119,2.5499939851484177,-1.9770905801408389e-08
1180,0.0060000000000000001,303.84169134635562,303.84169135926811,-1.2912494185002288e-08,2.5499786011733296,2.5499786539786884,-5.2805358752294751e-08
1180,0.0070000000000000001,303.92868256804326,303.92868266440155,-9.6358292012155289e-08,2.5499288524480006,2.5499289817000239,-1.2925202330649199e-07
1180,0.0080000000000000002,304.02971176960403,304.02971196469667,-1.9509263893269235e-07,2.5497789618611195,2.549779249352758,-2.8749163849539627e-07
1180,0.0090000000000000011,304.14505488109336,304.14505518988898,-3.0879562018526485e-07,2.5493595205966897,2.5493600966860943,-5.7608940462472447e-07
1180,0.01,304.2750184908146,304.27501892667931,-4.3586470610534889e-07,2.5482706523217185,2.548271681074445,-1.0287527265617769e-06
1180,0.010999999999999999,304.41993559122233,304.4199361643029,-5.730805696657626e-07,2.5456500071861101,2.5456516179164694,-1.6107303593138056e-06
1180,0.012,304.58016058925915,304.58016130505257,-7.1579341920369188e-07,2.5398040836909566,2.5398062318975545,-2.1482065979405718e-06
1180,0.013000000000000001,304.75606428154845,304.75606514044819,-8.5889973888697568e-07,2.5277169060889206,2.5277191948433373,-2.2887544166572127e-06
1180,0.014,304.9480298315753,304.94803083016308,-9.9858777957706479e-07,2.5045453578670092,2.5045469273345704,-1.5694675612465403e-06
1180,0.014999999999999999,305.15645092363116,305.15645205767674,-1.1340455898789514e-06,2.4633367698431154,2.463336413937335,3.559057804025656e-07
1180,0.016,305.38173303378488,305.38173430159844,-1.267813559024944e-06,2.3952936870596888,2.3952903005493891,3.386510299741019e-06
1180,0.017000000000000001,305.62429806512444,305.6242994696463,-1.4045218676983495e-06,2.29086186473315,2.2908551268985899,6.7378345600666023e-06
1180,0.018000000000000002,305.88459154691697,305.8845930959169,-1.5489999327655823e-06,2.141662138548289,2.1416530952181478,9.0433301411785294e-06
1180,0.019,306.16309052225546,306.16309222649909,-1.7042436297742825e-06,1.9428743362601284,1.9428654503561322,8.8859039961697306e-06
1180,0.02,306.46030959981681,306.46031148239047,-1.8825736560756923e-06,1.6953107832419851,1.6953052588858883,5.524356096797689e-06
1190,0,303.64799206321487,303.64799186182893,2.0138594436502899e-07,2.5499999825996009,2.5499999830720954,-4.7249448797970217e-10
1190,0.001,303.65459462269416,303.65459442475913,1.979350372494082e-07,2.5499999669873441,2.5499999672932581,-3.0591396082968458e-10
1190,0.002,303.67442104969052,303.67442086960887,1.8008165625360562e-07,2.5499998832881006,2.5499998840930158,-8.0491524556691729e-10
1190,0.0030000000000000001,303.70752758208528,303.70752743224392,1.4984135532358778e-07,2.5499995413791323,2.5499995438355718,-2.4564394962567349e-09
1190,0.0040000000000000001,303.75400789202178,303.7540077853194,1.0670237315935083e-07,2.5499982189843902,2.5499982263984462,-7.4140560357704999e-09
1190,0.0050000000000000001,303.81399289264715,303.81399284262255,5.0024596021103207e-08,2.5499933827129806,2.5499934038473553,-2.1134374694753433e-08
1190,0.0060000000000000001,303.88765026502477,303.88765028581929,-2.0794516331079649e-08,2.5499767823897397,2.549976838236319,-5.5846579360974147e-08
1190,0.0070000000000000001,303.97518353272477,303.97518363881613,-1.06091363250016e-07,2.5499235651084096,2.5499237004391806,-1.3533077103389246e-07
1190,0.0080000000000000002,304.07683051415893,304.0768307198033,-2.0564436908898642e-07,2.5497647081965265,2.549765006393403,-2.9819687652477e-07
1190,0.0090000000000000011,304.19286103473939,304.19286135311557,-3.1837618053032202e-07,2.5493239886528292,2.5493245809604659,-5.9230763671536124e-07
1190,0.01,304.32357389481916,304.32357433699576,-4.4217659933565301e-07,2.5481889137662521,2.5481899627695266,-1.0490032744669975e-06
1190,0.010999999999999999,304.46929326496257,304.46929383896594,-5.7400336572754895e-07,2.5454767655395791,2.5454783950647601,-1.6295251810127809e-06
1190,0.012,304.63036489425343,304.63036560460563,-7.1035219662007876e-07,2.5394662584580252,2.5394684146924851,-2.1562344598713423e-06
1190,0.013000000000000001,304.80715271723199,304.80715356528987,-8.4805787992081605e-07,2.5271116077788656,2.5271138845700412,-2.2767911755927628e-06
1190,0.014,305.00003655249901,305.00003753768948,-9.8519046787259867e-07,2.5035502514107457,2.5035517871715181,-1.5357607723309741e-06
1190,0.014999999999999999,305.20941151828873,305.20941263992574,-1.1216370126021502e-06,2.4618382446399401,2.4618378455781302,3.9906180981930106e-07
1190,0.016,305.43568949631538,305.4356907553514,-1.2590360256581334e-06,2.3932311417461976,2.3932277278703156,3.4138758819857173e-06
1190,0.017000000000000001,305.67930247549384,305.67930387559886,-1.400105020366027e-06,2.2882752192543205,2.2882684956155908,6.723638729777548e-06
1190,0.018000000000000002,305.94070701562481,305.94070856320337,-1.5475785630769678e-06,2.138720571192489,2.1387115915179584,8.9796745306180981e-06
1190,0.019,306.22038857594043,306.22039027909597,-1.7031555330504489e-06,1.939865245524786,1.9398564514751089,8.7940496771299337e-06
1190,0.02,306.51886425488505,306.5188661339501,-1.8790650528899278e-06,1.6925848077755834,1.6925793623672101,5.4454083733279646e-06
1200,0,303.69271917454665,303.69271897459151,1.9995513866888359e-07,2.5499999798045683,2.5499999802992317,-4.946634213354173e-10
1200,0.001,303.69936389534837,303.69936369912182,1.9622655145212775e-07,2.549999962028044,2.5499999623680054,-3.3996139237046918e-10
1200,0.002,303.71931673768182,303.71931656012293,1.7755888848114409e-07,2.5499998675674735,2.549999868456414,-8.8894047678422794e-10
1200,0.0030000000000000001,303.75263367851568,303.75263353248033,1.4603534737034352e-07,2.5499994861541522,2.5499994888370332,-2.6828810284484916e-09
1200,0.0040000000000000001,303.79940777844939,303.79940767716334,1.0128604799319874e-07,2.5499980280352772,2.5499980360395145,-8.0042372729849376e-09
1200,0.0050000000000000001,303.85976874855288,303.8597687056324,4.2920476062136004e-08,2.54999275431874,2.5499927768826249,-2.2563884982673699e-08
1200,0.0060000000000000001,303.93388219656021,303.93388222585173,-2.9291527425812092e-08,2.5499748411906964,2.5499749001906262,-5.8999929830605424e-08
1200,0.0070000000000000001,304.02194844328915,304.02194855850996,-1.1522081422299379e-07,2.5499179763898865,2.5499181179569597,-1.4156707317525274e-07
1200,0.0080000000000000002,304.12420082450944,304.1242010386963,-2.1418685491880751e-07,2.5497497769345046,2.5497500860014526,-3.090669480343422e-07
1200,0.0090000000000000011,304.24090345713211,304.24090378196587,-3.2483376344316639e-07,2.5492870745821308,2.5492876831881048,-6.0860597406175998e-07
1200,0.01,304.37234855093993,304.37234899608382,-4.4514388264360605e-07,2.5481046365264968,2.5481057056514711,-1.0691249743288722e-06
1200,0.010999999999999999,304.51885347558328,304.51885404822553,-5.7264225006292691e-07,2.5452993658638166,2.5453010137735319,-1.6479097153521138e-06
1200,0.012,304.68075791984967,304.68075862463337,-7.0478370162163628e-07,2.5391224504478531,2.5391246141150647,-2.1636672116187583e-06
1200,0.013000000000000001,304.85842156586523,304.85842240531605,-8.3945081996716908e-07,2.5264989438255392,2.5265012081836757,-2.2643581365500154e-06
1200,0.014,305.0522227003591,305.05222367577863,-9.7541953891777666e-07,2.5025478162716248,2.5025493183591254,-1.5020875006044321e-06
1200,0.014999999999999999,305.26255806520368,305.26255917781396,-1.1126102776870539e-06,2.4603347946747243,2.4603343531241193,4.4155060496819942e-07
1200,0.016,305.48984400634532,305.48984525835016,-1.2520048358055647e-06,2.3911687531425798,2.391165312844663,3.4402979167680314e-06
1200,0.017000000000000001,305.73451865272739,305.73452004797025,-1.3952428616903489e-06,2.2856956341485701,2.2856889252233397,6.7089252304697311e-06
1200,0.018000000000000002,305.99704452543517,305.99704606941089,-1.5439757135027321e-06,2.1357927499239588,2.1357838334055512,8.9165184076200887e-06
1200,0.019,306.27791074477085,306.27791244400157,-1.6992307223517855e-06,1.9368739874395364,1.936865284127224,8.7033123123969602e-06
1200,0.02,306.57763360050978,306.57763583357183,-2.2330620481625374e-06,1.6898764490606213,1.6898710812633762,5.3677972451371403e-06
1210,0,303.7377303622153,303.73773016450872,1.9770658354900661e-07,2.5499999766168573,2.5499999769724746,-3.5561731337452329e-10
1210,0.001,303.74441698348818,303.74441679087806,1.9261011630078428e-07,2.5499999564204892,2.5499999567834997,-3.6301051054010713e-10
1210,0.002,303.7644953601976,303.76449518697376,1.7322383882856229e-07,2.5499998500286871,2.5499998509990141,-9.7032692991660952e-10
1210,0.0030000000000000001,303.7980209280675,303.79802078739749,1.4067001075090957e-07,2.5499994253092013,2.5499994282270726,-2.9178712779298621e-09
1210,0.0040000000000000001,303.84508572025737,303.84508562549786,9.4759514013276203e-08,2.5499978201003639,2.5499978287232397,-8.6228757467665673e-09
1210,0.0050000000000000001,303.90581777568326,303.90581774031443,3.5368827866477659e-08,2.5499920774838354,2.5499921015390838,-2.4055248459831091e-08
1210,0.0060000000000000001,303.98038022207146,303.98038025948534,-3.7413883546832949e-08,2.5499727716664795,2.549972833927868,-6.2261388489304181e-08
1210,0.0070000000000000001,304.0689699805547,304.0689701037017,-1.23147003705526e-07,2.5499120748129971,2.5499122227684334,-1.47955436347047e-07
1210,0.0080000000000000002,304.17181606993665,304.17181629086576,-2.2092910967330681e-07,2.5497341486390233,2.549734468732165,-3.2009314177017245e-07
1210,0.0090000000000000011,304.28917754617817,304.28917787554798,-3.2936981142484001e-07,2.5492487507216666,2.5492493756940391,-6.2497237252046034e-07
1210,0.01,304.4213411898761,304.42134163654606,-4.4666995790976216e-07,2.5480177900680649,2.5480188791739433,-1.0891058783712992e-06
1210,0.010999999999999999,304.56861913690085,304.5686197077427,-5.7084184845734853e-07,2.5451177888650882,2.5451194547438876,-1.6658787993506508e-06
1210,0.012,304.73134671220885,304.73134741231479,-7.0010594299674267e-07,2.5387726733913625,2.5387748439031097,-2.1705117472237134e-06
1210,0.013000000000000001,304.90988074107133,304.90988157447458,-8.3340324863456772e-07,2.5258789812792775,2.5258812327505402,-2.2514712627597078e-06
1210,0.014,305.10459849451212,305.104599464486,-9.6997388254749239e-07,2.5015381751565471,2.5015396436161264,-1.468459579268e-06
1210,0.014999999999999999,305.31589683287291,305.31589794083732,-1.1079644082201412e-06,2.4588265681049402,2.4588260847262293,4.8337871083603545e-07
1210,0.016,305.54418884421426,305.54419009615339,-1.2519391248133616e-06,2.3891066339746079,2.389103168173802,3.4658008059018641e-06
1210,0.017000000000000001,305.78988905401133,305.78989046248716,-1.4084758390708885e-06,2.2831231206684124,2.2831164269453295,6.6937230829289263e-06
1210,0.018000000000000002,306.0533681765408,306.05336970849254,-1.5319517387979431e-06,2.1328785581508805,2.1328697042954823,8.8538553981720725e-06
1210,0.019,306.334856342759,306.33485786849008,-1.5257310792549106e-06,1.9339003562644494,1.9338917425724211,8.6136920283141905e-06
1210,0.02,306.63430312505966,306.63430443809682,-1.3130371598890633e-06,1.6871839072844703,1.6871786006614944,5.3066229759313188e-06
1220,0,303.78302323204559,303.78302303961556,1.9243003634983324e-07,2.5499999729894234,2.5499999733722971,-3.8287373271828073e-10
1220,0.001,303.78975130358367,303.78975111642262,1.8716104932536837e-07,2.5499999500929631,2.5499999504971815,-4.0421843650051414e-10
1220,0.002,303.8099537975317,303.80995363023459,1.6729711660445901e-07,2.5499998304972915,2.549999831566617,-1.0693255170224347e-09
1220,0.0030000000000000001,303.84368542472799,303.8436852906492,1.3407878896032344e-07,2.5499993583816987,2.5499993615595899,-3.1778912834568018e-09
1220,0.0040000000000000001,303.89103693720739,303.89103684970496,8.7502428414154565e-08,2.5499975939951409,2.5499976032795693,-9.284428337252848e-09
1220,0.0050000000000000001,303.95213445333115,303.95213442565711,2.76740479421278e-08,2.5499913493952047,2.5499913750167051,-2.5621500476802339e-08
1220,0.0060000000000000001,304.02713847378368,304.02713851886756,-4.5083879740559496e-08,2.54997056775299,2.5499706333952421,-6.5642252078390584e-08
1220,0.0070000000000000001,304.11624257638493,304.11624270654073,-1.3015579725106363e-07,2.5499058487260902,2.5499060032303014,-1.5450421120277724e-07
1220,0.0080000000000000002,304.21967180710652,304.21967203372537,-2.2661885168417939e-07,2.5497178037973689,2.5497181350768789,-3.3127951004630063e-07
1220,0.0090000000000000011,304.33768082749873,304.33768116079665,-3.3329791904179729e-07,2.5492089896270165,2.5492096310338401,-6.4140682365376733e-07
1220,0.01,304.47055192161133,304.47055237037029,-4.4875895355289686e-07,2.5479283445698142,2.547929453515398,-1.1089455838053652e-06
1220,0.010999999999999999,304.61859297358467,304.61859354459295,-5.7100828598777298e-07,2.5449320164482829,2.5449336998865837,-1.6834383007591214e-06
1220,0.012,304.78213541612814,304.78213611356438,-6.9743623498652596e-07,2.5384169422542793,2.538419119039466,-2.1767851867693366e-06
1220,0.013000000000000001,304.96153174462677,304.96153257161421,-8.2698744563458604e-07,2.5252517875729339,2.5252540257287124,-2.2381557784889594e-06
1220,0.014,305.15715121949745,305.15715218363493,-9.6413748451595893e-07,2.5005214494373496,2.500522884334849,-1.4348974994859987e-06
1220,0.014999999999999999,305.36937063977427,305.36937175660222,-1.1168279456796881e-06,2.4573137099958138,2.4573131854521306,5.2454368315579813e-07
1220,0.016,305.59855495162395,305.59855622848033,-1.2768563806275779e-06,2.387044893370454,2.3870414029712625,3.4903991914525534e-06
1220,0.017000000000000001,305.84502158992177,305.84502298902311,-1.3991013361192017e-06,2.2805576881870238,2.2805510101362505,6.6780507732566718e-06
1220,0.018000000000000002,306.10898561861131,306.1089870451874,-1.4265760910348035e-06,2.1299778817401718,2.1299690900770867,8.7916630850948252e-06
1220,0.019,306.39049174019459,306.39049305948504,-1.319290447554522e-06,1.9309441319481648,1.9309356069644497,8.5249837151746277e-06
1220,0.02,306.68935109902003,306.689352183474,-1.084453970179311e-06,1.6845072084580273,1.6845019712372169,5.237220810361265e-06
1230,0,303.82859433635434,303.82859415063336,1.8572097815194866e-07,2.5499999688706132,2.5499999692836237,-4.1301051467712568e-10
1230,0.001,303.83536329018409,303.83536310983152,1.8035257198789623e-07,2.5499999429673292,2.5499999434167662,-4.4943693211507707e-10
1230,0.002,303.85568816128921,303.8556880010637,1.6022551108108019e-07,2.5499998087857554,2.549999809962284,-1.1765286522802398e-09
1230,0.0030000000000000001,303.88962284056032,303.88962271388402,1.2667629789575585e-07,2.5499992848806987,2.5499992883366414,-3.4559426431712836e-09
1230,0.0040000000000000001,303.93725668335514,303.9372566035172,7.9837946032057516e-08,2.5499973484775333,2.5499973584611038,-9.9835704148176774e-09
1230,0.0050000000000000001,303.99871380881888,303.99871378886246,1.9956416963395895e-08,2.5499905671367507,2.5499905943951444,-2.7258393764384437e-08
1230,0.0060000000000000001,304.07415211374041,304.07415216628283,-5.2542418416123837e-08,2.5499682232329723,2.5499682923712932,-6.913832084620708e-08
1230,0.0070000000000000001,304.1637620105609,304.16376214754365,-1.3698274869966554e-07,2.5498992863110339,2.549899447518678,-1.6120764412264066e-07
1230,0.0080000000000000002,304.26776491244641,304.26776514478854,-2.3234213131217984e-07,2.5497007228313802,2.5497010654485792,-3.4261719905614996e-07
1230,0.0090000000000000011,304.38641148664652,304.38641182384708,-3.3720056080710492e-07,2.5491677640849817,2.5491684219824946,-6.5789751291234211e-07
1230,0.01,304.5199796437816,304.51998009376325,-4.4998165549259284e-07,2.5478362709268136,2.5478373995596639,-1.1286328502890797e-06
1230,0.010999999999999999,304.66877206212467,304.66877263188866,-5.6976398354890989e-07,2.5447420316963405,2.5447437322802045,-1.7005838639505555e-06
1230,0.012,304.8331126813348,304.83311337870066,-6.9736586283397628e-07,2.5380552731904324,2.5380574556850721,-2.1824946396797884e-06
1230,0.013000000000000001,305.01334098652688,305.01334182160201,-8.350751272701018e-07,2.5246174304715447,2.52461965489828,-2.2244267352533598e-06
1230,0.014,305.20980211742432,305.20980310030046,-9.8287614491709974e-07,2.4994977591404033,2.4994991605520247,-1.4014116214156047e-06
1230,0.014999999999999999,305.42283021464453,305.42283134614723,-1.1315026995362132e-06,2.4557963623797763,2.4557957973271471,5.6505262913120191e-07
1230,0.016,305.65272259469657,305.65272385133392,-1.2566373470690451e-06,2.3849836369681232,2.3849801228511751,3.51411694810011e-06
1230,0.017000000000000001,305.89970404128587,305.89970536542353,-1.3241376564110396e-06,2.277999344394301,2.2779926824587031,6.6619355978403405e-06
1230,0.018000000000000002,306.16388398057046,306.16388528476978,-1.3041993156548415e-06,2.1270906082599623,2.1270818783336365,8.7299263258344695e-06
1230,0.019,306.44521373457189,306.44521491480162,-1.1802297308349807e-06,1.9280050555821795,1.9279966181691612,8.4374130182585105e-06
1230,0.02,306.74345440754661,306.7434553681797,-9.6063308774319012e-07,1.6818465736763324,1.6818414060662037,5.1676101286979303e-06
1240,0,303.87443963440722,303.87443945648113,1.7792609696698491e-07,2.5499999642038045,2.5499999646500715,-4.4626702333516732e-10
1240,0.001,303.88124884680212,303.88124867428547,1.7251664985451498e-07,2.5499999349586044,2.5499999354575666,-4.989622048867659e-10
1240,0.002,303.90169421121118,303.90169405892169,1.5228948768708506e-07,2.5499997846927775,2.5499997859852122,-1.2924346037834766e-09
1240,0.0030000000000000001,303.93582876957436,303.93582865093214,1.1864221960422583e-07,2.5499992042858408,2.5499992080387113,-3.7528704588396522e-09
1240,0.0040000000000000001,303.98374045932326,303.98374038752263,7.1800627665652428e-08,2.5499970822466032,2.5499970929681579,-1.0721554755122042e-08
1240,0.0050000000000000001,304.04555141616322,304.04555140403289,1.213032874147757e-08,2.5499897276885344,2.5499897566559118,-2.8967377385669124e-08
1240,0.0060000000000000001,304.12141700024381,304.12141706005036,-5.9806552599184215e-08,2.5499657317373976,2.5499658044878317,-7.2750434121360286e-08
1240,0.0070000000000000001,304.21152454087326,304.21152468411088,-1.4323762798085227e-07,2.5498923755890588,2.5498925436535869,-1.6806452807216488e-07
1240,0.0080000000000000002,304.31609176848491,304.31609200575298,-2.3726806830381975e-07,2.5496828861085383,2.5496832402100997,-3.5410156140613935e-07
1240,0.0090000000000000011,304.43536483230747,304.43536517343159,-3.4112412095055333e-07,2.5491250471257043,2.5491257215624028,-6.7443669848898935e-07
1240,0.01,304.56961565693575,304.5696161114148,-4.5447904994944111e-07,2.5477415407524302,2.5477426889129164,-1.1481604862417782e-06
1240,0.010999999999999999,304.71913814448328,304.71913872201327,-5.7752998827709234e-07,2.5445478188492849,2.544549536164328,-1.7173150430593864e-06
1240,0.012,304.88424238675952,304.88424309701151,-7.1025198167262715e-07,2.5376876834960074,2.5376898711466245,-2.1876506171025767e-06
1240,0.013000000000000001,305.06524568928154,305.06524653969484,-8.5041330066815135e-07,2.5239759780242808,2.5239781883262524,-2.2103019716723793e-06
1240,0.014,305.26245900116584,305.26245999201888,-9.9085303872925579e-07,2.4984672229381957,2.4984685909529381,-1.3680147423755784e-06
1240,0.014999999999999999,305.47616755416556,305.47616867156523,-1.1173996767865901e-06,2.454274664314926,2.4542740594051127,6.0490981335092897e-07
1240,0.016,305.70660539433931,305.70660660371954,-1.2093802297385992e-06,2.3829229670263361,2.3829194300516692,3.536974666928927e-06
1240,0.017000000000000001,305.95392511835615,305.95392636249971,-1.2441435615073715e-06,2.2754480954444558,2.2754414500449878,6.6453994680415462e-06
1240,0.018000000000000002,306.21816623148118,306.2181674342263,-1.2027451248286525e-06,2.1242166257792983,2.1242079571645638,8.6686147344749998e-06
1240,0.019,306.49922744477402,306.49922851949066,-1.0747166356850357e-06,1.9250828657023313,1.9250745145048767,8.3511974546812695e-06
1240,0.02,306.79684904935664,306.79684991672207,-8.6736542925791582e-07,1.6792019324030085,1.6791968339261691,5.0984768393824709e-06
1250,0,303.92055485521331,303.9205546858667,1.6934660607148544e-07,2.5499999589270654,2.5499999594099552,-4.8288972820387244e-10
1250,0.001,303.92740368901389,303.92740352507468,1.6393920532209449e-07,2.5499999259745181,2.5499999265276236,-5.5310556135168554e-10
1250,0.002,303.94796763466309,303.9479674909266,1.4373648582477472e-07,2.5499997580026119,2.54999975942017,-1.4175580709263613e-09
1250,0.0030000000000000001,303.98229888499378,303.98229877480657,1.1018721579603152e-07,2.549999116046302,2.5499991201158334,-4.0695313785477083e-09
1250,0.0040000000000000001,304.03048395975168,304.03048389616856,6.3583115661458578e-08,2.549996793941276,2.5499968054409292,-1.1499653229662954e-08
1250,0.0050000000000000001,304.09264299517383,304.0926429908435,4.3303316488163546e-09,2.5499888279260481,2.5499888586759272,-3.074987908746607e-08
1250,0.0060000000000000001,304.16892872322239,304.16892879029035,-6.7067958298139274e-08,2.5499630867469842,2.5499631632263395,-7.6479355293201934e-08
1250,0.0070000000000000001,304.25952508654268,304.25952523662755,-1.5008487252998748e-07,2.5498851044266955,2.5498852795002169,-1.7507352145784694e-07
1250,0.0080000000000000002,304.36464537176789,304.36464561604902,-2.4428112510577193e-07,2.5496642739528723,2.5496646396807754,-3.657279030733207e-07
1250,0.0090000000000000011,304.48452963586584,304.48452998523629,-3.4937045256810961e-07,2.5490808120342092,2.5490815030509903,-6.910167811291501e-07
1250,0.01,304.61944104158488,304.61944150665624,-4.6507136630680179e-07,2.5476441263796863,2.5476452939013332,-1.1675216469164695e-06
1250,0.010999999999999999,304.76966052257524,304.76966111312106,-5.9054582379758358e-07,2.5443493632830538,2.5443510969148191,-1.7336317652549837e-06
1250,0.012,304.93547901487193,304.93547973820404,-7.2333210709984996e-07,2.5373141915648705,2.5373163838285686,-2.1922636981308585e-06
1250,0.013000000000000001,305.11718640979086,305.11718726777298,-8.5798211557630566e-07,2.5233274985186518,2.523329694317531,-2.1957988791676541e-06
1250,0.014,305.31505652581291,305.31505751078032,-9.8496741429698886e-07,2.4974299581425541,2.4974312928615721,-1.3347190179757717e-06
1250,0.014999999999999999,305.52932787749859,305.52932896802031,-1.090521720925608e-06,2.4527487519424525,2.4527481078226963,6.4411975619904638e-07
1250,0.016,305.76018087862434,305.76018203667036,-1.1580460181903618e-06,2.3808629825374035,2.3808594235446208,3.5589927827039958e-06
1250,0.017000000000000001,306.00771325690209,306.00771442782082,-1.1709187219821615e-06,2.2729039460484901,2.2728973175867191,6.6284617710188343e-06
1250,0.018000000000000002,306.27191661183025,306.27191772764479,-1.1158145412082376e-06,2.1213558213329278,2.1213472136273959,8.607705531904486e-06
1250,0.019,306.55265782669773,306.55265881244338,-9.8574565754461219e-07,1.9221773213826781,1.9221690550517367,8.2663309413089081e-06
1250,0.02,306.8496690708717,306.84966985933431,-7.8846261430953746e-07,1.6765731522481881,1.6765681221938213,5.030054366805814e-06
1260,0,303.9669356906013,303.9669355303032,1.6029810012696544e-07,2.5499999529727617,2.5499999534959188,-5.2315707321781701e-10
1260,0.001,303.97382350528306,303.97382335035638,1.5492668126171338e-07,2.5499999159150506,2.5499999165272618,-6.1221117064746977e-10
1260,0.002,303.99450410451243,303.99450396967904,1.3483338534570066e-07,2.549999728484353,2.5499997300367943,-1.5524412866341208e-09
1260,0.0030000000000000001,304.02902880596491,304.02902870450578,1.014591362036299e-07,2.5499990195797433,2.5499990239865555,-4.4068122484475225e-09
1260,0.0040000000000000001,304.07748263806621,304.07748258301393,5.5052282732503954e-08,2.5499964821391128,2.5499964944582483,-1.2319135489491373e-08
1260,0.0050000000000000001,304.13998355745213,304.13998356154701,-4.0948862078948878e-09,2.5499878646195908,2.5499878972268748,-3.2607283984020796e-08
1260,0.0060000000000000001,304.21668127708892,304.21668135276411,-7.5675188782042824e-08,2.5499602815938625,2.5499603619196076,-8.0325745166476281e-08
1260,0.0070000000000000001,304.30775559535641,304.30775575474729,-1.5939087916194694e-07,2.5498774605417647,2.5498776427749581,-1.822331934242527e-07
1260,0.0080000000000000002,304.41341403912077,304.41341429403758,-2.5491681299172342e-07,2.5496448666556755,2.5496452441471509,-3.7749147541177308e-07
1260,0.0090000000000000011,304.53388853031072,304.53388889203876,-3.6172804129819269e-07,2.5490350323613775,2.5490357399916683,-7.0763029080822548e-07
1260,0.01,304.66943066740458,304.66943114612496,-4.7872038066998357e-07,2.5475440008618717,2.5475451875716826,-1.1867098108631069e-06
1260,0.010999999999999999,304.82030510996407,304.82030571356648,-6.0360241604939802e-07,2.5441466514881239,2.5441484010224111,-1.7495342872209108e-06
1260,0.012,304.98678051530925,304.98678124745663,-7.3214738449678407e-07,2.5369348168449695,2.5369370131894651,-2.1963444956085709e-06
1260,0.013000000000000001,305.16911756485285,305.16911842238233,-8.5752947143191705e-07,2.5226720604368658,2.5226742413712779,-2.180934412177038e-06
1260,0.014,305.36755389288561,305.36755486291935,-9.7003373866755283e-07,2.4963860806994602,2.4963873822354237,-1.3015359634493961e-06
1260,0.014999999999999999,305.58228622006311,305.58228727750054,-1.0574374300631462e-06,2.4512187585434551,2.451218075856239,6.8268721609143768e-07
1260,0.016,305.81345066280448,305.81345176906046,-1.1062559792662796e-06,2.3788037793397838,2.3788001991483263,3.5801914575195326e-06
1260,0.017000000000000001,306.06110292371108,306.06110402736397,-1.1036528917429678e-06,2.2703668994983905,2.2703602883595408,6.6111388496992163e-06
1260,0.018000000000000002,306.3252006810784,306.32520172077494,-1.0396965421932691e-06,2.1185080804447924,2.1184995332477579,8.5471970345807335e-06
1260,0.019,306.6055907763149,306.60559168581381,-9.0949890818592394e-07,1.9192881998845912,1.9192800171328457,8.1827517455224097e-06
1260,0.02,306.9020038208551,306.90200430064209,-4.7978699058148777e-07,1.6739600765834222,1.6739551141286462,4.9624547759918869e-06
1270,0,304.01357773521192,304.0135775866359,1.4857602081974619e-07,2.5499999462671723,2.5499999468812713,-6.1409899387854239e-10
1270,0.001,304.0205038562782,304.02050371103093,1.4524727021125727e-07,2.5499999046719597,2.5499999053527036,-6.8074390568995113e-10
1270,0.002,304.04129905756122,304.04129893233954,1.2522167480710777e-07,2.5499996958912226,2.5499996975916797,-1.7004571084555664e-09
1270,0.0030000000000000001,304.07601368407876,304.07601359225072,9.1828042059205472e-08,2.549998914271264,2.5499989190390986,-4.7678345715951309e-09
1270,0.0040000000000000001,304.12473106476563,304.12473101951338,4.5252249947225209e-08,2.549996145355117,2.5499961585382591,-1.3183142133499359e-08
1270,0.0050000000000000001,304.1875665875076,304.18756660182078,-1.4313172869151458e-08,2.5499868344337506,2.5499868689763248,-3.4542574134377446e-08
1270,0.0060000000000000001,304.26466628059956,304.26466636724098,-8.6641421148669906e-08,2.549957309463371,2.5499573937550193,-8.4291648327905477e-08
1270,0.0070000000000000001,304.35620475202165,304.35620492343526,-1.71413603311521e-07,2.549869431509459,2.549869621052772,-1.8954331304499306e-07
1270,0.0080000000000000002,304.46238226746743,304.46238253554395,-2.6807651920535136e-07,2.5496246444860331,2.5496250338747415,-3.893887083883385e-07
1270,0.0090000000000000011,304.5834206720433,304.58342104762147,-3.7557816767730401e-07,2.5489876819343613,2.5489884062053734,-7.2427101205363442e-07
1270,0.01,304.71955779675102,304.7195582887208,-4.9196978579857387e-07,2.5474411379724673,2.547442343692309,-1.2057198417458892e-06
1270,0.010999999999999999,304.87103996772703,304.87104058161526,-6.1388823269226123e-07,2.5439396710479714,2.5439414360721733,-1.7650242019051632e-06
1270,0.012,305.0381122906507,305.03811302657306,-7.3592235594333033e-07,2.5365495797957567,2.5365517797003494,-2.1999045927145744e-06
1270,0.013000000000000001,305.221006562377,305.2210074124942,-8.501172032993054e-07,2.522009732414245,2.5220118981402573,-2.1657260123042477e-06
1270,0.014,305.41992709300519,305.41992804050801,-9.4750282642053207e-07,2.495335705185294,2.4953369736626927,-1.268477398674861e-06
1270,0.014999999999999999,305.63503599834559,305.63503701853591,-1.0201903251072508e-06,2.4496848145954764,2.4496840939791431,7.206163332718063e-07
1270,0.016,305.86644377085463,305.8664448195654,-1.0487107715562161e-06,2.3767454502274759,2.3767418496378898,3.600589586039149e-06
1270,0.017000000000000001,306.11422224655996,306.11422326345445,-1.0168944868382823e-06,2.2678369576240138,2.2678303641806035,6.5934434103631645e-06
1270,0.018000000000000002,306.37847533981687,306.37847633696271,-9.9714583257082268e-07,2.1156732877181916,2.1156648006189496,8.4870992420604807e-06
1270,0.019,306.65950636200171,306.65950754211349,-1.1801117807408446e-06,1.9164152916409394,1.9164071912408331,8.1004001062368047e-06
1270,0.02,306.95806761654734,306.95806933880351,-1.7222561723428953e-06,1.6713629760910891,1.6713580846224878,4.8914686012757613e-06
1280,0,304.06047618218525,304.06047604395246,1.3823279232383356e-07,2.5499999387300774,2.5499999393925821,-6.6250471775219921e-10
1280,0.001,304.06743984376607,304.06743970890756,1.3485851013683714e-07,2.54999989212829,2.5499998928791081,-7.5081807437982206e-10
1280,0.002,304.08834729406152,304.08834717938089,1.1468063121355954e-07,2.5499996599598429,2.5499996618163716,-1.8565287085436921e-09
1280,0.0030000000000000001,304.12324772652312,304.12324764553563,8.0987490491679637e-08,2.5499987994723621,2.5499988046213971,-5.1490349761706966e-09
1280,0.0040000000000000001,304.17222243222579,304.17222239831113,3.3914659525180468e-08,2.5499957820405852,2.5499957961297466,-1.4089161393116001e-08
1280,0.0050000000000000001,304.23538367987737,304.23538370624686,-2.6369491479272256e-08,2.5499857339269649,2.5499857704807289,-3.655376401567878e-08
1280,0.0060000000000000001,304.31287299566657,304.31287309525038,-9.9583814971992979e-08,2.5499541633959883,2.549954251770596,-8.8374607631891422e-08
1280,0.0070000000000000001,304.40485867999587,304.40485886519326,-1.8519739342082175e-07,2.5498610047684505,2.5498612017680005,-1.9699955000618274e-07
1280,0.0080000000000000002,304.51153234536071,304.51153262754696,-2.8218624947839999e-07,2.549603587701148,2.5496039891134865,-4.0141233847990065e-07
1280,0.0090000000000000011,304.63310421948881,304.63310460819014,-3.8870132357260445e-07,2.5489387348664336,2.5489394757959047,-7.4092947111026319e-07
1280,0.01,304.76979695777493,304.76979745964968,-5.0187475153506966e-07,2.5473355122043921,2.547336736748119,-1.2245437268632031e-06
1280,0.010999999999999999,304.92183781100607,304.92183842913886,-6.1813278762201662e-07,2.5437284106173945,2.5437301907177949,-1.780100400416984e-06
1280,0.012,305.08944934385187,305.08945007721405,-7.333621852012584e-07,2.5361585018466739,2.536160704799395,-2.202952721130913e-06
1280,0.013000000000000001,305.27283980115112,305.27284064146653,-8.4031540836804197e-07,2.5213405831996525,2.521342733387574,-2.1501879214902431e-06
1280,0.014,305.47219614857482,305.47219707169131,-9.2311648813847569e-07,2.4942789448044835,2.4942801803563324,-1.2355518488327277e-06
1280,0.014999999999999999,305.68768610888856,305.68768706951641,-9.6062785814865492e-07,2.4481470478288694,2.4481462899146873,7.5791418208126515e-07
1280,0.016,305.91947944941057,305.91948040570674,-9.5629616225778591e-07,2.3746880850528465,2.3746844648445977,3.6202082487335474e-06
1280,0.017000000000000001,306.16780036820711,306.16780134019484,-9.719877311908931e-07,2.2653141207239829,2.2653075453340659,6.5753899169962438e-06
1280,0.018000000000000002,306.43301703230338,306.43301815007959,-1.1177762075931241e-06,2.1128513276990399,2.1128429002705924,8.4274284475327477e-06
1280,0.019,306.7157580635664,306.71575953683237,-1.4732659678884374e-06,1.91355840036462,1.9135503810813734,8.0192832465630914e-06
1280,0.02,307.01702398277837,307.01702601654165,-2.0337632804512396e-06,1.6687815983580383,1.6687767742840098,4.824074028464409e-06
1290,0,304.1076254214974,304.10762529492331,1.2657409342864412e-07,2.5499999302743332,2.5499999309897765,-7.1544326019079563e-10
1290,0.001,304.11462570914557,304.11462558603534,1.2311022601352306e-07,2.5499998781578603,2.5499998789847966,-8.2693629721575235e-10
1290,0.002,304.13564258826398,304.13564248560209,1.0266188610330573e-07,2.5499996204094892,2.5499996224335515,-2.0240622511380479e-09
1290,0.0030000000000000001,304.17072386256257,304.17072379404641,6.851615808045608e-08,2.5499986744998893,2.5499986800534549,-5.5535656073857353e-09
1290,0.0040000000000000001,304.21994836607115,304.21994834522968,2.0841468995058676e-08,2.5499953905819965,2.5499954056223242,-1.504032764998442e-08
1290,0.0050000000000000001,304.2834246263406,304.28342466642277,-4.0082170471578138e-08,2.5499845595511972,2.5499845981949489,-3.864375175410828e-08
1290,0.0060000000000000001,304.36128883693578,304.36128895067276,-1.1373697361705126e-07,2.5499508362893817,2.5499509288658762,-9.2576494470364423e-08
1290,0.0070000000000000001,304.45370199163443,304.45370219088318,-1.9924874550270033e-07,2.5498521676270554,2.5498523722285422,-2.0460148686396451e-07
1290,0.0080000000000000002,304.56084601930144,304.56084631459782,-2.952963882307813e-07,2.5495816765564405,2.5495820901151771,-4.1355873658943665e-07
1290,0.0090000000000000011,304.68291880328292,304.68291920326271,-3.9997979683903395e-07,2.5488881655663067,2.5488889231660568,-7.5759975004530133e-07
1290,0.01,304.82012814034971,304.82012865067827,-5.1032856163146789e-07,2.5472270987686541,2.5472283419456114,-1.2431769573773011e-06
1290,0.010999999999999999,304.9726851031391,304.97268572423383,-6.2109472764859674e-07,2.5435128599008143,2.5435146546658896,-1.7947650752248023e-06
1290,0.012,305.14079805606934,305.14079877942504,-7.233556971186772e-07,2.535761605356714,2.5357638108571745,-2.2055004604837336e-06
1290,0.013000000000000001,305.32466982184434,305.32467062724055,-8.053962119447533e-07,2.5206646816178186,2.5206668159545376,-2.1343367189174955e-06
1290,0.014,305.5245020496078,305.52450290875834,-8.5915053205098957e-07,2.4932159113883769,2.4932171141583654,-1.2027699884953336e-06
1290,0.014999999999999999,305.74051207052207,305.74051296278242,-8.9226034560851986e-07,2.4466055832828335,2.4466047886974867,7.9458534685272753e-07
1290,0.016,305.97296727398725,305.97296821123251,-9.3724526095684269e-07,2.3726317708200688,2.3726281317549924,3.639065076388448e-06
1290,0.017000000000000001,306.2222389810459,306.22224002746304,-1.0464171396051825e-06,2.2627983875185502,2.2627918305285899,6.5569899603268311e-06
1290,0.018000000000000002,306.48887146236126,306.48887273566783,-1.2733065659631393e-06,2.1100420856146864,2.1100337174173758,8.3681973106486396e-06
1290,0.019,306.77365364685335,306.77365529367893,-1.6468255807922105e-06,1.9107173483245261,1.9107094090331807,7.9392913454601199e-06
1290,0.02,307.07767476345759,307.07767694344693,-2.1799893374918611e-06,1.6662156362485758,1.666210878258783,4.7579897928251569e-06
1300,0,304.15501871014385,304.15501859687458,1.1326926596666453e-07,2.5499999208054338,2.5499999215786673,-7.7323347724700398e-10
1300,0.001,304.16205452422111,304.16205441451223,1.0970887842631782e-07,2.5499998626247482,2.549999863534246,-9.0949781039739719e-10
1300,0.002,304.18317744705212,304.18317735806335,8.8988770130526973e-08,2.5499995769413442,2.5499995791450099,-2.2036656943669186e-09
1300,0.0030000000000000001,304.21843363351292,304.21843357906295,5.4449969866254833e-08,2.5499985386350197,2.5499985446173641,-5.9823443976370072e-09
1300,0.0040000000000000001,304.26789903175234,304.2678990253948,6.3575384956493508e-09,2.5499949692999513,2.5499949853378281,-1.6037876804375628e-08
1300,0.0050000000000000001,304.33167785197531,304.33167790685076,-5.4875442856427981e-08,2.5499833076516927,2.5499833484654415,-4.0813748825030416e-08
1300,0.0060000000000000001,304.40990030495618,304.40990043352713,-1.2857094588980544e-07,2.5499473209005767,2.5499474177981911,-9.6897614376700858e-08
1300,0.0070000000000000001,304.50271953621893,304.50271974983218,-2.136132479790831e-07,2.5498429072694302,2.5498431196166922,-2.1234726199637066e-07
1300,0.0080000000000000002,304.61030774709326,304.61030805521835,-3.0812509521638276e-07,2.5495588913154559,2.5495593171384923,-4.2582303638738495e-07
1300,0.0090000000000000011,304.73285166411387,304.73285207305423,-4.0894036601457628e-07,2.5488359487469161,2.5488367230218509,-7.7427493483384069e-07
1300,0.01,304.87054784980512,304.87054836083905,-5.1103393161611166e-07,2.5471158735923742,2.5471171352066397,-1.2616142655019758e-06
1300,0.010999999999999999,305.02359888477116,305.02359949227883,-6.0750767261197325e-07,2.5432930096304651,2.5432948186501569,-1.8090196918230106e-06
1300,0.012,305.19221217617337,305.19221286728333,-6.9110996037125005e-07,2.535358913574973,2.5353611211333749,-2.2075584018566019e-06
1300,0.013000000000000001,305.37660391456131,305.37660467250038,-7.5793906262333621e-07,2.5199820965334854,2.5199842147211249,-2.1181876395104382e-06
1300,0.014,305.57701117965837,305.57701199226085,-8.1260247952741338e-07,2.4921467153954273,2.4921478855364798,-1.1701410524977973e-06
1300,0.014999999999999999,305.79371489914246,305.79371577140961,-8.7226715095312102e-07,2.4450605433611696,2.4450597127256577,8.306355119280795e-07
1300,0.016,306.02707481921385,306.02707578523683,-9.6602298071957193e-07,2.3705765917685007,2.3705729345906157,3.6571778849747716e-06
1300,0.017000000000000001,306.27757469941986,306.27757582816122,-1.1287413599347929e-06,2.2602897551476198,2.2602832168908775,6.538256742238957e-06
1300,0.018000000000000002,306.5458720895615,306.54587348092042,-1.3913589214098465e-06,2.1072454480641998,2.1072371386437529,8.3094204468281418e-06
1300,0.019,306.8328434982709,306.83284526963604,-1.7713651345729886e-06,1.9078919648655472,1.9078841045419546,7.8603235926788528e-06
1300,0.02,307.139614116941,307.13961640258714,-2.2856461328046862e-06,1.663664868080833,1.663660175072565,4.6930082679974561e-06
1310,0,304.20264801902255,304.20264792081622,9.8206328402739018e-08,2.5499999102210484,2.5499999110572804,-8.3623197255633386e-10
1310,0.001,304.20971807047931,304.20971797591216,9.4567155883851228e-08,2.5499998453827444,2.5499998463816591,-9.9891472871149745e-10
1310,0.002,304.23094309243999,304.23094301880894,7.3631042596389307e-08,2.5499995292377307,2.5499995316336896,-2.3959589867672548e-09
1310,0.0030000000000000001,304.26636736994311,304.26636733114151,3.8801601931481855e-08,2.5499983911222257,2.5499983975585523,-6.4363265828148997e-09
1310,0.0040000000000000001,304.31606364232164,304.31606365185121,-9.5295717983390205e-09,2.5499945164481526,2.5499945335312018,-1.7083049197452738e-08
1310,0.0050000000000000001,304.38013147369423,304.3801315444008,-7.0706562382838456e-08,2.5499819744668413,2.5499820175317631,-4.3064921850799465e-08
1310,0.0060000000000000001,304.45869494982145,304.45869509341844,-1.435969920748903e-07,2.5499436098482415,2.5499437111864358,-1.0133819428048696e-07
1310,0.0070000000000000001,304.55189975577338,304.55189998209278,-2.2631940055362065e-07,2.5498332107617832,2.549833430996717,-2.2023493384537574e-07
1310,0.0080000000000000002,304.65990982552842,304.6599101414804,-3.1595197924616514e-07,2.5495352122595274,2.5495356504598861,-4.3820035866559692e-07
1310,0.0090000000000000011,304.78290399245037,304.78290440084498,-4.0839461235009367e-07,2.5487820594336781,2.5487828503819383,-7.909482602208584e-07
1310,0.01,304.92107341902187,304.92107391769883,-4.9867696816363605e-07,2.5470018133162733,2.5470030931669503,-1.2798506769939877e-06
1310,0.010999999999999999,305.07462101648775,305.07462159853634,-5.8204858532917569e-07,2.5430688515445983,2.5430706744105764,-1.8228659781627243e-06
1310,0.012,305.2437644861925,305.24376514215925,-6.5596674403423094e-07,2.5349504506022553,2.5349526597393712,-2.20913711590498e-06
1310,0.013000000000000001,305.42874485141942,305.42874557405895,-7.2263952688444988e-07,2.5192928968173236,2.5192949985728257,-2.1017555020819145e-06
1310,0.014,305.62984217055902,305.62984296181173,-7.9125271668090136e-07,2.4910714659125293,2.4910726035862965,-1.1376737671930925e-06
1310,0.014999999999999999,305.847399312824,305.84740019147165,-8.7864765418999013e-07,2.4435120478871895,2.4435111818166604,8.6607052907083926e-07
1310,0.016,306.08185315162672,306.08185415923623,-1.0076095122713014e-06,2.3685226294471269,2.3685189548833252,3.6745638016810744e-06
1310,0.017000000000000001,306.33377045771772,306.3337716606074,-1.2028896776428155e-06,2.2577882192146279,2.2577817000102507,6.5192043772199781e-06
1310,0.018000000000000002,306.60388363198672,306.60388511759049,-1.485603775108757e-06,2.1044613036591664,2.1044530525513214,8.2511078449698516e-06
1310,0.019,306.89311990676447,306.89312177474631,-1.8679818367672851e-06,1.9050820790749428,1.9050742967286165,7.7823463262571835e-06
1310,0.02,307.20261746101579,307.20261982762224,-2.3666064521421504e-06,1.6611290927005684,1.6611244636525002,4.629048068194308e-06
1320,0,304.25050415187235,304.25050407053209,8.1340260749129811e-08,2.5499998984105479,2.5499998993153388,-9.0479090886219637e-10
1320,0.001,304.25760700939423,304.25760693172651,7.7667721143370727e-08,2.549999826274802,2.5499998273704172,-1.0956151541563486e-09
1320,0.002,304.27892979602098,304.27892973934286,5.6678118198760785e-08,2.5499994769613443,2.5499994795629233,-2.6015789522659816e-09
1320,0.0030000000000000001,304.31451483168871,304.31451480976477,2.1923938220425043e-08,2.5499982311682614,2.5499982380847119,-6.9164505234198259e-09
1320,0.0040000000000000001,304.36443158242821,304.36443160834995,-2.5921735868905671e-08,2.5499940302124329,2.5499940483894989,-1.8177066074542836e-08
1320,0.0050000000000000001,304.4287750948605,304.42877518062141,-8.576091659051599e-08,2.5499805561281286,2.5499806015265087,-4.5398380166261632e-08
1320,0.0060000000000000001,304.50766391043783,304.50766406631658,-1.5587875168421306e-07,2.5499396956150764,2.549939801513442,-1.0589836563212884e-07
1320,0.0070000000000000001,304.60123764716656,304.60123788096502,-2.3379845970339375e-07,2.5498230650586087,2.5498232933210709,-2.2826246226514968e-07
1320,0.0080000000000000002,304.7096546010323,304.70965491731101,-3.1627871521777706e-07,2.5495106196972208,2.5495110703830353,-4.5068581444596134e-07
1320,0.0090000000000000011,304.83308994755095,304.83309034714568,-3.9959473951967084e-07,2.5487264729722492,2.5487272805853642,-8.0761311505028743e-07
1320,0.01,304.97173539351326,304.97173587375119,-4.8023792942331056e-07,2.5468848952916168,2.5468861931731217,-1.2978815049358161e-06
1320,0.010999999999999999,305.12580138332345,305.12580193940363,-5.560801810133853e-07,2.5428403783657005,2.542842214671603,-1.8363059024473216e-06
1320,0.012,305.2955231082903,305.2955237361474,-6.2785710497337277e-07,2.5345362413536892,2.5345384516008083,-2.2102471191054462e-06
1320,0.013000000000000001,305.48117147884693,305.481172179456,-7.0060906409707968e-07,2.5185971513135179,2.5185992363682419,-2.0850547239881223e-06
1320,0.014,305.68306978296386,305.68307056750751,-7.8454365848301677e-07,2.4899902706575046,2.4899913760338404,-1.1053763357971036e-06
1320,0.014999999999999999,305.90161591045143,305.90161680523352,-8.9478209019944188e-07,2.4419602141574961,2.4419593132611288,9.008963672840764e-07
1320,0.016,306.13730882713878,306.13730987683505,-1.0496962659090059e-06,2.366469962782896,2.3664662715435125,3.6912393834853674e-06
1320,0.017000000000000001,306.39077663668979,306.39077790462585,-1.267936056592589e-06,2.2552937738709313,2.2552872740230354,6.499847895913291e-06
1320,0.018000000000000002,306.66280240343661,306.66280396812118,-1.5646845668015885e-06,2.1016895432621965,2.1016813500007094,8.1932614870439124e-06
1320,0.019,306.95434331092508,306.95434525906245,-1.948137366980518e-06,1.9022875199504898,1.9022798146051387,7.7053453511055636e-06
1320,0.02,307.2665382477557,307.26654143962725,-3.1918715421852539e-06,1.6586081193456335,1.6586035530942622,4.5662513712407815e-06
1330,0,304.29857726820984,304.29857720333217,6.487766768259462e-08,2.5499998852545169,2.5499998863647191,-1.1102021524322936e-09
1330,0.001,304.30571147008419,304.30571141024302,5.9841170241270447e-08,2.5499998051324702,2.5499998063440739,-1.2116037062526175e-09
1330,0.002,304.32712765828495,304.32712761909448,3.9190467759908643e-08,2.5499994197544731,2.5499994225835612,-2.8290880749182179e-09
1330,0.0030000000000000001,304.36286628817402,304.36286628289997,5.2740460887434892e-09,2.5499980579411581,2.5499980653710996,-7.4299415508960465e-09
1330,0.0040000000000000001,304.41299383552831,304.41299387647086,-4.0942552459455328e-08,2.5499935087098318,2.5499935280362447,-1.9326412914466573e-08
1330,0.0050000000000000001,304.47760146797845,304.4776015659703,-9.799185818337719e-08,2.5499790486601772,2.5499790964799818,-4.7819804560589318e-08
1330,0.0060000000000000001,304.55680340653674,304.55680357036471,-1.6382796275138389e-07,2.5499355705503066,2.5499356811325944,-1.1058228777116597e-07
1330,0.0070000000000000001,304.65073526115219,304.65073549700276,-2.3585056396768778e-07,2.549812457008918,2.5498126934403786,-2.3643146063179188e-07
1330,0.0080000000000000002,304.75955277796089,304.75955308907368,-3.1111278531170683e-07,2.5494850939735514,2.5494855572514856,-4.6327793423728281e-07
1330,0.0090000000000000011,304.88343161218455,304.88343199896775,-3.8678319924656535e-07,2.5486691650357733,2.54866998930199,-8.2426621661468857e-07
1330,0.01,305.02256890587961,305.02256936677435,-4.6089473926258506e-07,2.5467650975766678,2.5467664132819943,-1.3157053264656327e-06
1330,0.010999999999999999,305.17718754937266,305.17718808271235,-5.3333968708102475e-07,2.5426075837787661,2.5426094331232547,-1.8493444886580335e-06
1330,0.012,305.34754396879038,305.34754457579845,-6.0700807580360561e-07,2.5341163115223648,2.5341185224239404,-2.2109015755944483e-06
1330,0.013000000000000001,305.53394003144592,305.53394072020103,-6.8875510805810336e-07,2.5178949288090005,2.5178969969109057,-2.0681019052837257e-06
1330,0.014,305.73673907630814,305.73673986505759,-7.8874944620110909e-07,2.4889032359826264,2.4889043092416605,-1.0732590340900572e-06
1330,0.014999999999999999,305.95638473444114,305.95638565299248,-9.1855133632634534e-07,2.4404051569942711,2.4404042218776802,9.351165908277892e-07
1330,0.016,306.19341761847176,306.19341871661368,-1.0981419222844124e-06,2.3644186681458774,2.3644149609277085,3.707218168891302e-06
1330,0.017000000000000001,306.44847627132742,306.44847761633372,-1.3450062965603138e-06,2.252806411930337,2.2527999317301299,6.4802002071040476e-06
1330,0.018000000000000002,306.72225519979918,306.72225681167777,-1.6118785879370989e-06,2.0989300598571927,2.0989219239824504,8.1358747423543321e-06
1330,0.019,307.01539017360523,307.01539195197319,-1.7783679595595459e-06,1.8995081176203412,1.8995004883001856,7.6293201556332235e-06
1330,0.02,307.32827958737096,307.3282813331661,-1.7457951457799936e-06,1.6561029907221207,1.6560984985256308,4.4921964899025113e-06
1340,0,304.34685778645803,304.34685773960638,4.6851653223711764e-08,2.5499998706242519,2.5499998718152743,-1.1910223918221163e-09
1340,0.001,304.35402199171313,304.35402194962836,4.2084764118044404e-08,2.5499997817753091,2.5499997830995298,-1.3242207330677047e-09
1340,0.002,304.37552764899772,304.37552762669719,2.2300525870377896e-08,2.5499993572382094,2.5499993603015292,-3.0633198200291645e-09
1340,0.0030000000000000001,304.41141365146115,304.41141366145854,-9.9973931355634704e-09,2.549997870569233,2.5499978785344584,-7.9652253681672391e-09
1340,0.0040000000000000001,304.46174408783747,304.46174414146776,-5.3630287766281981e-08,2.5499929499877245,2.549992970509452,-2.052172742850189e-08
1340,0.0050000000000000001,304.52660728260958,304.52660738954825,-1.0693867125155521e-07,2.5499774479808925,2.5499774983018884,-5.0320995814701064e-08
1340,0.0060000000000000001,304.60611474926594,304.60611491708318,-1.678172338870354e-07,2.5499312268722694,2.5499313422539904,-1.1538172106639877e-07
1340,0.0070000000000000001,304.70040038672761,304.70040062061474,-2.3388713543681661e-07,2.5498013733624707,2.5498016180947483,-2.4473227755450466e-07
1340,0.0080000000000000002,304.80962037219399,304.8096206750551,-3.0286111041277763e-07,2.5494586154789496,2.5494590914439321,-4.7596498253810182e-07
1340,0.0090000000000000011,304.93395431638078,304.93395468948484,-3.7310405787138734e-07,2.5486101116316511,2.5486109525265541,-8.4089490304251058e-07
1340,0.01,305.0736083100312,305.07360875419965,-4.4416844957595458e-07,2.5466423989326499,2.5466437322447146,-1.3333120647551766e-06
1340,0.010999999999999999,305.22882043287234,305.22882094977308,-5.1690074087673565e-07,2.542370462409608,2.5423723243881491,-1.8619785411289058e-06
1340,0.012,305.39986898513092,305.39986957876971,-5.9363878790463787e-07,2.5336906875439471,2.5336928986494565,-2.2111055093532173e-06
1340,0.013000000000000001,305.58708289648234,305.58708357744649,-6.8096414906904101e-07,2.5171862980042357,2.5171883489097304,-2.0509054947659422e-06
1340,0.014,305.79085212115092,305.79085291605884,-7.949079190439079e-07,2.4878104668791834,2.4878115082032499,-1.041324066530791e-06
1340,0.014999999999999999,306.01163311639152,306.01163407482574,-9.5843421377139748e-07,2.438846988796008,2.4388460200536493,9.6874235877564274e-07
1340,0.016,306.24994129583939,306.24994247028582,-1.1744464245566633e-06,2.3623688194139829,2.3623650968929248,3.7225210580693613e-06
1340,0.017000000000000001,306.50632086011785,306.50632225580472,-1.3956868656350707e-06,2.2503261249942064,2.2503196647117196,6.4602824867421305e-06
1340,0.018000000000000002,306.78128636025446,306.78128790795114,-1.5476966837013606e-06,2.0961827483045656,2.0961746693549443,8.0789496212929635e-06
1340,0.019,307.07524212758864,307.07524370367742,-1.5760887777105381e-06,1.896743714471341,1.8967361600445427,7.5544267983396196e-06
1340,0.02,307.38840155190957,307.3884030555912,-1.5036816307656409e-06,1.6536133051931923,1.6536088784185643,4.4267746279746945e-06
1350,0,304.39533740214625,304.39533737203436,3.0111891646811273e-08,2.5499998543812303,2.549999855659812,-1.2785816849714138e-09
1350,0.001,304.40253053254673,304.40253050679399,2.5752740384632489e-08,2.5499997560102945,2.5499997574558062,-1.4455117103295834e-09
1350,0.002,304.42412256850781,304.42412256128478,7.2230363912240136e-09,2.5499992890116587,2.5499992923245394,-3.3128806364857155e-09
1350,0.0030000000000000001,304.4601512942296,304.46015131712971,-2.2900110252521699e-08,2.5499976681401075,2.5499976766696575,-8.5295499552273668e-09
1350,0.0040000000000000001,304.51067922824467,304.51067929162002,-6.3375352965522325e-08,2.5499923520229921,2.5499923737924637,-2.1769471558741316e-08
1350,0.0050000000000000001,304.57579310132132,304.57579321390034,-1.1257901633143774e-07,2.5499757499016771,2.5499758028092154,-5.2907538350410732e-08
1350,0.0060000000000000001,304.65560345074266,304.65560361937395,-1.6863128848854103e-07,2.5499266566710919,2.5499267769717449,-1.2030065299484249e-07
1350,0.0070000000000000001,304.75024465774391,304.75024488734761,-2.2960369960856042e-07,2.5497898007759887,2.5497900539423557,-2.5316636698136108e-07
1350,0.0080000000000000002,304.85987582901271,304.85987612278046,-2.9376775501077645e-07,2.549431164657999,2.54943165340352,-4.8874552094346768e-07
1350,0.0090000000000000011,304.98468294161569,304.98468330156845,-3.599527644837508e-07,2.5485492891078376,2.5485501466040485,-8.5749621092645611e-07
1350,0.01,305.12488256901696,305.1248829973045,-4.2828753521462204e-07,2.5465167788193144,2.546518129520158,-1.3507008436164369e-06
1350,0.010999999999999999,305.2807271861829,305.280727687818,-5.016350996811525e-07,2.5421290098033311,2.5421308840168373,-1.8742135061700083e-06
1350,0.012,305.45251139863223,305.45251198585044,-5.8721821005747188e-07,2.5332593965623063,2.5332616074342611,-2.2108719548441513e-06
1350,0.013000000000000001,305.64057738591055,305.64057808204774,-6.9613719233529991e-07,2.5164713274855135,2.5164733609668182,-2.0334813046751776e-06
1350,0.014,305.84531651107852,305.8453173490222,-8.3794367355949362e-07,2.4867120669828071,2.4867130765636118,-1.0095808047339005e-06
1350,0.014999999999999999,306.06716289848663,306.06716390917251,-1.0106858781000483e-06,2.4372858195864424,2.4372848178091,1.0017773424131349e-06
1350,0.016,306.30657470638437,306.30657589916638,-1.1927820082746621e-06,2.3603204880387887,2.3603167508777796,3.7371610090985996e-06
1350,0.017000000000000001,306.56400081423646,306.56400216291149,-1.3486750276570092e-06,2.2478529035681509,2.2478464634609954,6.4401071555586498e-06
1350,0.018000000000000002,306.8398351107985,306.83983655478056,-1.4439820574807527e-06,2.0934475051940407,2.0934394827108531,8.0224831875419511e-06
1350,0.019,307.13436644926259,307.13436790791786,-1.4586552765649685e-06,1.8939941867324117,1.8939867062605458,7.4804718659393643e-06
1350,0.02,307.44773704850923,307.44773845226672,-1.4037574942449282e-06,1.651138517311852,1.6511341538860891,4.3634257629321382e-06
1360,0,304.44400991992353,304.44400990424737,1.5676164366595913e-08,2.5499998363765846,2.5499998377498856,-1.3733010284511238e-09
1360,0.001,304.45123125718038,304.45123124537275,1.1807628652604762e-08,2.5499997276312079,2.5499997292071659,-1.5759580307417309e-09
1360,0.002,304.47290769072276,304.47290769597566,-5.2529003369272687e-09,2.5499992146511432,2.5499992182295999,-3.5784566421170894e-09
1360,0.0030000000000000001,304.50907642440296,304.50907645735236,-3.2949401429505087e-08,2.5499974496997453,2.5499974588236287,-9.1238834265539026e-09
1360,0.0040000000000000001,304.55979930461808,304.55979937472654,-7.0108455929585034e-08,2.5499917127212512,2.549991735792057,-2.3070805710290188e-08
1360,0.0050000000000000001,304.62516273563125,304.62516285088032,-1.1524906540216762e-07,2.5499739501277516,2.5499740057080915,-5.5580339886063257e-08
1360,0.0060000000000000001,304.70527785985973,304.70527802659751,-1.6673777736286866e-07,2.5499218519114515,2.5499219772503388,-1.2533888726906639e-07
1360,0.0070000000000000001,304.80028126505346,304.80028148812323,-2.2306977598418598e-07,2.5497777258193546,2.5497779875507494,-2.6173139477947416e-07
1360,0.0080000000000000002,304.91033647878425,304.91033676211379,-2.8332954116194742e-07,2.5494027220179305,2.5494032236326127,-5.0161468223564043e-07
1360,0.0090000000000000011,305.03563641381493,305.03563676168488,-3.4786995684044086e-07,2.5484866741586738,2.5484875482228246,-8.7406415083535194e-07
1360,0.01,305.17640668411423,305.1764071031796,-4.1906537262548227e-07,2.5463882173900507,2.5463895852581118,-1.3678680610418326e-06
1360,0.010999999999999999,305.33290927829313,305.33290977993141,-5.016382829126087e-07,2.5418832224028631,2.5418851084550678,-1.8860522046360018e-06
1360,0.012,305.50544546054647,305.50544606227885,-6.0173238125571515e-07,2.5328224663960826,2.532824676607234,-2.2102111514321621e-06
1360,0.013000000000000001,305.6943560748731,305.69435679899436,-7.2412126428389456e-07,2.5157500856986883,2.5157521015408744,-2.0158421860649867e-06
1360,0.014,305.90001690456489,305.90001777271783,-8.6815293798281346e-07,2.4856081385796811,2.4856091166153398,-9.7803565868304077e-07
1360,0.014999999999999999,306.12282675871069,306.1228277830088,-1.0242981147712271e-06,2.4357217570621579,2.4357207228344078,1.0342277501074193e-06
1360,0.016,306.36318689213874,306.36318806625854,-1.1741198022718891e-06,2.3582737431135694,2.3582699919601868,3.7511533825806964e-06
1360,0.017000000000000001,306.62147235955308,306.62147365454041,-1.2949873280376778e-06,2.2453867371615841,2.2453803174728368,6.4196887472611763e-06
1360,0.018000000000000002,306.89799863869376,306.8980000049512,-1.3662574360751023e-06,2.0907242292792048,2.0907162627922498,7.9664869550022388e-06
1360,0.019,307.19298946795328,307.19299084313514,-1.3751818528362492e-06,1.8912594165584711,1.8912520092975533,7.407260917746683e-06
1360,0.02,307.50655319210603,307.50655452129513,-1.3291891036715242e-06,1.6486783256377875,1.6486740241025173,4.3015352702013843e-06
1370,0,304.49287173046332,304.49287172618858,4.2747387851704843e-09,2.549999816450546,2.5499998179261634,-1.4756174060437388e-09
1370,0.001,304.5001209545112,304.50012095358898,9.2222762759774923e-10,2.5499996964180132,2.5499996981340955,-1.7160823873041409e-09
1370,0.002,304.5218810005473,304.52188101515821,-1.4610918697144371e-08,2.5499991337093904,2.5499991375701585,-3.8607681496216628e-09
1370,0.0030000000000000001,304.5581890095919,304.55818904943106,-3.9839164855948184e-08,2.5499972142515004,2.5499972240007098,-9.7492094397466644e-09
1370,0.0040000000000000001,304.60910698398038,304.60910705772136,-7.3740977768466109e-08,2.5499910299161286,2.5499910543430091,-2.4426880518291227e-08
1370,0.0050000000000000001,304.67472205890766,304.67472217403673,-1.1512906894495245e-07,2.5499720442585549,2.5499721025988258,-5.8340270836509944e-08
1370,0.0060000000000000001,304.75514709696006,304.75514725986113,-1.6290107396343956e-07,2.5499168044354219,2.5499169349315762,-1.3049615432692008e-07
1370,0.0070000000000000001,304.85052175159694,304.8505219680099,-2.1641295688823448e-07,2.5497651349817798,2.5497654054067316,-2.7042495176488046e-07
1370,0.0080000000000000002,304.96101407726496,304.96101435318707,-2.7592210471993894e-07,2.5493732681368679,2.5493737827044871,-5.1456761918089455e-07
1370,0.0090000000000000011,305.08682260106093,305.08682294401984,-3.4295891282454249e-07,2.5484222438302688,2.5484231344231585,-8.9059288965742667e-07
1370,0.01,305.22817849888401,305.22817891924365,-4.2035964042952401e-07,2.546256695486619,2.5462580802970027,-1.3848103836977543e-06
1370,0.010999999999999999,305.38534715298101,305.38534766463613,-5.1165511649742257e-07,2.5416330975276469,2.5416349950252921,-1.8974976452312831e-06
1370,0.012,305.55862797383628,305.55862859348497,-6.1964868791619665e-07,2.5323799255062136,2.5323821346394744,-2.2091332607665493e-06
1370,0.013000000000000001,305.74835107626774,305.74835182068836,-7.4442061759327771e-07,2.5150226409243031,2.5150246389249085,-1.9980006054076682e-06
1370,0.014,305.95486938518951,305.95487026663125,-8.8144173560067429e-07,2.4844987826133722,2.4844997293080162,-9.4669464401064829e-07
1370,0.014999999999999999,306.1785451851112,306.1785462058391,-1.0207278933194175e-06,2.4341549066388701,2.4341538405390244,1.0660998457368009e-06
1370,0.016,306.41973110289268,306.41973225076367,-1.1478709893708583e-06,2.3562286514429331,2.3562248869295672,3.7645133659225394e-06
1370,0.017000000000000001,306.67874692806367,306.67874817477838,-1.2467147030292836e-06,2.2429276143756267,2.2429212153341354,6.3990414913561722e-06
1370,0.018000000000000002,306.95585520428222,306.95585650718175,-1.3028995340391702e-06,2.0880128223727028,2.0880049114039254,7.9109687773915027e-06
1370,0.019,307.25123967540458,307.25124098270101,-1.3072964293314726e-06,1.8885392742033358,1.8885319394269195,7.3347764162345896e-06
1370,0.02,307.56499093972633,307.56499220716023,-1.2674339018303726e-06,1.6462324875983307,1.6462282467297886,4.2408685421158054e-06
1380,0,304.5419218627199,304.54192186629581,-3.5759057936957106e-09,2.5499997944318804,2.5499997960178749,-1.5859944468843423e-09
1380,0.001,304.54919902244927,304.54919902888133,-6.4320602177758701e-09,2.5499996621362238,2.5499996640026308,-1.8664070289275969e-09
1380,0.002,304.57104297234554,304.571042992873,-2.0527465949271573e-08,2.5499990457147392,2.5499990498752747,-4.1605354716978127e-09
1380,0.0030000000000000001,304.60749120156038,304.60749124510465,-4.3544275740714511e-08,2.5499969607551938,2.5499969711617081,-1.0406514316940729e-08
1380,0.0040000000000000001,304.65860646971714,304.65860654449568,-7.4778540692932438e-08,2.5499903013685938,2.5499903272074116,-2.5838817752088516e-08
1380,0.0050000000000000001,304.72447728870316,304.72447740225016,-1.1354700291121844e-07,2.5499700277882318,2.5499700889763766,-6.118814477318324e-08
1380,0.0060000000000000001,304.80521869490349,304.80521885434035,-1.5943686548780533e-07,2.5499115059653867,2.5499116417374825,-1.3577209578841121e-07
1380,0.0070000000000000001,304.90097333330317,304.90097354588443,-2.1258125570966513e-07,2.5497520146779391,2.5497522939225141,-2.7924457501882216e-07
1380,0.0080000000000000002,305.0119127749183,305.01191304878142,-2.7386312240196276e-07,2.5493427836718348,2.5493433112713642,-5.2759952939851473e-07
1380,0.0090000000000000011,305.13823882217713,305.13823916709123,-3.4491409905967885e-07,2.5483559755254515,2.5483568826022167,-9.0707676525525471e-07
1380,0.01,305.28018433480293,305.28018476258069,-4.2777776343427831e-07,2.546122194633536,2.5461235961582527,-1.4015247167264988e-06
1380,0.010999999999999999,305.43801287010552,305.43801339427421,-5.2416868356885971e-07,2.5413786333524935,2.5413805419054976,-1.908553004081881e-06
1380,0.012,305.61201624608259,305.61201688048544,-6.3440285202887026e-07,2.5319318029643973,2.5319340106127601,-2.2076483627841981e-06
1380,0.013000000000000001,305.80250909696605,305.80250985322573,-7.562596806565125e-07,2.5142890612540536,2.514291041222724,-1.9799686703514396e-06
1380,0.014,306.00981969302137,306.00982057718227,-8.841608973852999e-07,2.4833840986922682,2.4833850142556746,-9.1556340642284795e-07
1380,0.014999999999999999,306.23427679636683,306.23427780544858,-1.0090817568197963e-06,2.4325853714967152,2.4325842740967909,1.0973999242658294e-06
1380,0.016,306.47619309998214,306.47619421943904,-1.1194568969585816e-06,2.3541852776132863,2.3541815003573379,3.7772559484672286e-06
1380,0.017000000000000001,306.73584671936754,306.73584792234146,-1.2029739195895672e-06,2.2404755230025919,2.2404691448226841,6.3781799077844425e-06
1380,0.018000000000000002,307.01346304865905,307.01346429755904,-1.2488999914239685e-06,2.0853131895286428,2.0853053336070722,7.8559215705986674e-06
1380,0.019,307.30919978397657,307.30920103558338,-1.2516068181867013e-06,1.8858336202540562,1.88582635721111,7.2630429461817414e-06
1380,0.02,307.62313760218728,307.62313905977157,-1.457584289710212e-06,1.6438007870957205,1.6437966072183761,4.1798773444678972e-06
1390,0,304.59116156633235,304.59116157419754,-7.8651964940945618e-09,2.5499997701373056,2.5499997716271334,-1.489827816669731e-09
1390,0.001,304.59846698217717,304.59846699268024,-1.0503072189749219e-08,2.5499996245362526,2.5499996265447442,-2.008491595262285e-09
1390,0.002,304.62039588577483,304.62039590939588,-2.3621055333933327e-08,2.5499989501703162,2.5499989546358148,-4.4654986375292083e-09
1390,0.0030000000000000001,304.65698634853965,304.65698639378758,-4.5247929847391788e-08,2.5499966881261877,2.5499966992126781,-1.108649039238685e-08
1390,0.0040000000000000001,304.70830217117077,304.70830224620676,-7.5035984536953038e-08,2.549989524766326,2.5499895520653983,-2.7299072336006702e-08
1390,0.0050000000000000001,304.77443341371639,304.77443352647282,-1.1275642464170232e-07,2.5499678961061796,2.5499679602233662,-6.411718667109767e-08
1390,0.0060000000000000001,304.85549712378486,304.85549728225294,-1.5846808310016058e-07,2.5499059481070079,2.5499060892665755,-1.4115956759042092e-07
1390,0.0070000000000000001,304.9516381856518,304.95163839830792,-2.1265611849230481e-07,2.5497383512540628,2.549738639435688,-2.8818162522981083e-07
1390,0.0080000000000000002,305.06303011229403,305.06303038855441,-2.7626037990557961e-07,2.5493112493665295,2.5493117900665063,-5.4069997679206949e-07
1390,0.0090000000000000011,305.18987546642609,305.18987581694171,-3.5051562008447945e-07,2.5482878470083552,2.5482887705133388,-9.2350498359650146e-07
1390,0.01,305.33240544713567,305.33240588368824,-4.3655256831698352e-07,2.5459846970322149,2.5459861150354239,-1.4180032090749251e-06
1390,0.010999999999999999,305.49087805471652,305.49087858950213,-5.3478561312658712e-07,2.5411198288867327,2.5411217481035933,-1.9192168605464133e-06
1390,0.012,305.66557420042506,305.66557484465011,-6.4422505374750472e-07,2.5314781284225583,2.5314803341844949,-2.2057619366577796e-06
1390,0.013000000000000001,305.85679121462482,305.85679197663518,-7.6201035881240387e-07,2.5135494145684758,2.5135513763223947,-1.9617539188665489e-06
1390,0.014,306.06483345956951,306.06483434271752,-8.8314800450461917e-07,2.4822641850973284,2.4822650697406154,-8.8464328706905349e-07
1390,0.014999999999999999,306.29000013710345,306.29000113569487,-9.9859141755587189e-07,2.4310132526244694,2.4310121244863652,1.1281381042671512e-06
1390,0.016,306.5325706993433,306.53257179082459,-1.0914812946793973e-06,2.3521436840631984,2.3521398946633658,3.7893998325877476e-06
1390,0.017000000000000001,306.79278812364493,306.79278927228677,-1.1486418429740297e-06,2.2380304501505779,2.2380240930273243,6.3571232535863942e-06
1390,0.018000000000000002,307.07083962249118,307.07084080169761,-1.1792064356086485e-06,2.0826252384579318,2.0826174371226034,7.8013353284056564e-06
1390,0.019,307.36683437623719,307.36683556831491,-1.1920777183149767e-06,1.8831423096215594,1.8831351175716537,7.192049905624387e-06
1390,0.02,307.68078111846808,307.68078225127306,-1.1328049822623143e-06,1.6413810135113562,1.6413768715732646,4.1419380916174475e-06
1400,0,304.6405935032783,304.64059351360783,-1.0329529231967172e-08,2.5499997433709041,2.549999744988674,-1.617769918027534e-09
1400,0.001,304.64792762905347,304.6479276418674,-1.2813927696697647e-08,2.5499995833527529,2.5499995855336319,-2.1808790329203021e-09
1400,0.002,304.66994287232222,304.66994289785271,-2.5530482616886729e-08,2.5499988465532315,2.54999885135565,-4.8024184629014144e-09
1400,0.0030000000000000001,304.70667793018669,304.70667797686042,-4.6673733322677435e-08,2.5499963952344955,2.5499964070452354,-1.1810739941608972e-08
1400,0.0040000000000000001,304.75819761921974,304.75819769535661,-7.6136871030030306e-08,2.5499886977231561,2.5499887265492522,-2.8826096176715055e-08
1400,0.0050000000000000001,304.82459331927816,304.82459343322802,-1.1394985222068499e-07,2.5499656444977097,2.5499657116409571,-6.7143247406420414e-08
1400,0.0060000000000000001,304.90598349810313,304.90598365847319,-1.6037006389524322e-07,2.549900122352279,2.5499002690238655,-1.4667158643177913e-07
1400,0.0070000000000000001,305.0025141784518,305.00251439438421,-2.159324026251852e-07,2.5497241309939791,2.5497244282397635,-2.9724578443079963e-07
1400,0.0080000000000000002,305.11435912442448,305.11435940583613,-2.8141164420958376e-07,2.5492786460588372,2.5492791999342708,-5.5387543351770319e-07
1400,0.0090000000000000011,305.24171942793674,305.24171978559849,-3.5766174732998479e-07,2.5482178364085151,2.5482187762910491,-9.3988253402343958e-07
1400,0.01,305.38482209088141,305.38482253618514,-4.4530372633744264e-07,2.5458441855546541,2.545845619807511,-1.434252856924445e-06
1400,0.010999999999999999,305.5439171514663,305.54391769561084,-5.44144540981506e-07,2.5408566839533866,2.5408586134551454,-1.9295017588127905e-06
1400,0.012,305.71927292034707,305.71927357247614,-6.5212907429668121e-07,2.5310189320831058,2.53102113557566,-2.2034925541980499e-06
1400,0.013000000000000001,305.91116898207952,305.91116974622713,-7.6414761451815139e-07,2.5128037685159081,2.5128057118922436,-1.9433763354115285e-06
1400,0.014,306.11988675904462,306.11988763154346,-8.7249884472839767e-07,2.4811391387905819,2.4811399927384317,-8.5394784976600135e-07
1400,0.014999999999999999,306.34569759072156,306.34569856088598,-9.7016442168751382e-07,2.4294386488636479,2.4294374905515981,1.1583120498315225e-06
1400,0.016,306.58884844938865,306.58884950224962,-1.0528609664106625e-06,2.3501039311546044,2.3501001302037201,3.8009508842584694e-06
1400,0.017000000000000001,306.84954570060592,306.84954681585396,-1.1152480396958708e-06,2.2355923823717965,2.2355860464951012,6.3358766952958945e-06
1400,0.018000000000000002,307.12793794776547,307.1279390942002,-1.1464347267065023e-06,2.0799488787749394,2.0799411315937468,7.747181192563346e-06
1400,0.019,307.42410010794293,307.42410123824124,-1.1302983011773904e-06,1.8804651775381898,1.8804580559478172,7.1215903725274643e-06
1400,0.02,307.73802207023743,307.73802313285961,-1.0626221751408593e-06,1.6389733430141247,1.63896925156535,4.0914487746679384e-06
1410,0,304.69022079758241,304.69022080913942,-1.155700601884746e-08,2.5499997139235289,2.549999715678767,-1.7552381770258307e-09
1410,0.001,304.69758408358297,304.69758409752268,-1.3939711607235949e-08,2.5499995383039757,2.5499995406691096,-2.3651338665331423e-09
1410,0.002,304.71968698721781,304.71968701362312,-2.6405302833154565e-08,2.5499987343138035,2.5499987394728372,-5.1590336447304708e-09
1410,0.0030000000000000001,304.75656871822196,304.75656876552199,-4.7300034111685818e-08,2.5499960809039783,2.5499960934738892,-1.2569910889936864e-08
1410,0.0040000000000000001,304.80829485045484,304.80829492718976,-7.6734920639864868e-08,2.5499878177786535,2.5499878481908564,-3.0412202978169489e-08
1410,0.0050000000000000001,304.87495759127705,304.87495770625048,-1.1497343166411156e-07,2.5499632681449165,2.5499633384042393,-7.0259322804133717e-08
1410,0.0060000000000000001,304.95667601367489,304.95667617612719,-1.6245229517153348e-07,2.5498940200827818,2.5498941723834996,-1.5230071781502375e-07
1410,0.0070000000000000001,305.05359608555483,305.05359630530216,-2.1974733499519061e-07,2.54970934012518,2.5497096465534259,-3.0642824588866802e-07
1410,0.0080000000000000002,305.16589026487441,305.16589055230918,-2.8743477287207497e-07,2.5492449546879286,2.549245521803587,-5.6711565843414746e-07
1410,0.0090000000000000011,305.29375636644272,305.29375673225564,-3.6581292306436808e-07,2.5481459222240526,2.5481468784234442,-9.561993916662459e-07
1410,0.01,305.43741536012334,305.43741581464786,-4.5452452468452975e-07,2.5457006437359468,2.5457020940030159,-1.4502670691030062e-06
1410,0.010999999999999999,305.59710774542521,305.59710829761332,-5.5218811212398577e-07,2.5405891991675045,2.5405911385750044,-1.9394074999290467e-06
1410,0.012,305.77308817517064,305.77308883130843,-6.5613778588158311e-07,2.5305542446694247,2.530556445515515,-2.200846090261166e-06
1410,0.013000000000000001,305.9656180773149,305.96561883961522,-7.6230031709201285e-07,2.5120521904930091,2.5120541153354483,-1.9248424392159791e-06
1410,0.014,306.17495615559267,306.17495702089542,-8.6530275211771368e-07,2.4800090554258509,2.4800098789020559,-8.2347620500300422e-07
1410,0.014999999999999999,306.40134685466256,306.40134781330892,-9.5864635341058602e-07,2.4278616569549514,2.4278604690204721,1.1879344792298241e-06
1410,0.016,306.64500718658138,306.6450082210032,-1.0344218139834993e-06,2.3480660772477888,2.3480622653178718,3.8119299170524812e-06
1410,0.017000000000000001,306.90611275881798,306.90611384193824,-1.0831202530425799e-06,2.2331613057644888,2.2331549913064412,6.3144580475515966e-06
1410,0.018000000000000002,307.18478439022402,307.18478548558318,-1.0953591527140816e-06,2.077284021271085,2.0772763278322999,7.693438785150164e-06
1410,0.019,307.48107720983757,307.48107827407159,-1.0642340271260764e-06,1.8778020064754501,1.8777949545476,7.0519278501102178e-06
1410,0.02,307.79497433942851,307.79497533598544,-9.9655693475142471e-07,1.6365782074069104,1.6365741674263055,4.0399806049418174e-06
1420,0,304.74004619593143,304.7400462080758,-1.2144369065936189e-08,2.5499996815721473,2.5499996834749088,-1.9027615039135526e-09
1420,0.001,304.7474389830254,304.7474389975763,-1.4550892046827357e-08,2.549999489091042,2.5499994916529065,-2.5618644983183003e-09
1420,0.002,304.76963050247161,304.76963052959576,-2.7124144708068343e-08,2.5499986128746706,2.5499986184107937,-5.5361231154904544e-09
1420,0.0030000000000000001,304.80666026196189,304.80666031026902,-4.8307128963642754e-08,2.5499957439113587,2.5499957572763723,-1.3365013540322934e-08
1420,0.0040000000000000001,304.85859419539247,304.85859427372759,-7.8335119724215474e-08,2.5499868823974543,2.5499869144559311,-3.2058476762131249e-08
1420,0.0050000000000000001,304.92552471394248,304.92552483151144,-1.1756895901271491e-07,2.5499607621271796,2.5499608355932595,-7.3466079886230773e-08
1420,0.0060000000000000001,305.0075706126629,305.00757077911106,-1.6644816014377284e-07,2.5498876325725228,2.5498877906189152,-1.5804639241778773e-07
1420,0.0070000000000000001,305.1048766618124,305.10487688720644,-2.2539404653798556e-07,2.549693964824602,2.5496942805509719,-3.1572636993715264e-07
1420,0.0080000000000000002,305.21761266185956,305.21761295650435,-2.9464479212037986e-07,2.5492101563016076,2.5492107367175287,-5.80415921103139e-07
1420,0.0090000000000000011,305.34597169956709,305.34597207359582,-3.740287297659961e-07,2.548072083326105,2.5480730557764066,-9.7245030161730028e-07
1420,0.01,305.49016731934017,305.49016778205282,-4.6271264864117256e-07,2.5455540557693976,2.545555521812656,-1.4660432583468719e-06
1420,0.010999999999999999,305.65042932973591,305.65042988870005,-5.5896413186928839e-07,2.5403173759181268,2.540319324855469,-1.9489373421777145e-06
1420,0.012,305.82699801077121,305.82699867070414,-6.5993293674182496e-07,2.530084097399421,2.5300862952312908,-2.1978318698323562e-06
1420,0.013000000000000001,306.02011658509025,306.02011734654144,-7.614511901010701e-07,2.5112947476251963,2.511296653788301,-1.9061631046923821e-06
1420,0.014,306.23002197730403,306.23002283524607,-8.5794204096600879e-07,2.4788740293541727,2.4788748225876116,-7.9323343893378251e-07
1420,0.014999999999999999,306.45693412045625,306.45693506298824,-9.4253198312799213e-07,2.4262823715753079,2.4262811545646996,1.2170106082898258e-06
1420,0.016,306.70104437354451,306.701045380957,-1.0074124929815298e-06,2.3460301787690869,2.3460263564189279,3.8223501590550768e-06
1420,0.017000000000000001,306.96250395854696,306.9625050032534,-1.0447064369145664e-06,2.2307372060320594,2.2307309131538329,6.2928782265103678e-06
1420,0.018000000000000002,307.24141363971893,307.24141468754328,-1.0478243552825006e-06,2.074630576537968,2.0746229364653677,7.6400726003456043e-06
1420,0.019,307.53781604496709,307.53781705793244,-1.0129653560397855e-06,1.8751525736126491,1.8751455902728533,6.9833397957630439e-06
1420,0.02,307.85169195638474,307.85169290533258,-9.4894784297139267e-07,1.6341956497888761,1.6341916614494623,3.9883394138406913e-06
1430,0,304.79007148172991,304.79007149472352,-1.2993609743716661e-08,2.5499996460792462,2.5499996481401284,-2.0608821316159265e-09
1430,0.001,304.79749393690969,304.79749395242084,-1.5511147921642987e-08,2.5499994353972908,2.5499994381689626,-2.7716717809767033e-09
1430,0.002,304.81977448670347,304.81977451513609,-2.8432623366825283e-08,2.5499984816300385,2.5499984875645194,-5.9344809066885773e-09
1430,0.0030000000000000001,304.85695267190511,304.85695272214133,-5.0236224069521995e-08,2.5499953829854971,2.5499953971825358,-1.4197038655794358e-08
1430,0.0040000000000000001,304.90909432978719,304.90909441097205,-8.1184850841964362e-08,2.5499858889690166,2.5499859227349568,-3.376594026605062e-08
1430,0.0050000000000000001,304.97629141448652,304.9762915361099,-1.2162337270638091e-07,2.5499581214222768,2.5499581981863431,-7.6764066214707327e-08
1430,0.0060000000000000001,305.05866157896412,305.05866175085964,-1.7189552181662293e-07,2.5498809509913918,2.5498811148992839,-1.6390789214781876e-07
1430,0.0070000000000000001,305.15634735507098,305.1563475873017,-2.3223071821121266e-07,2.5496779912246184,2.5496783163620709,-3.2513745251705473e-07
1430,0.0080000000000000002,305.26951473018732,305.26951503277337,-3.0258604510891018e-07,2.5491742320628359,2.5491748258344273,-5.937715914505759e-07
1430,0.0090000000000000011,305.3983508936156,305.39835127606705,-3.8245144651227747e-07,2.5479962989609537,2.5479972875913415,-9.8863038777707857e-07
1430,0.01,305.5430609214726,305.54306139210638,-4.7063377905942616e-07,2.5454044064979353,2.5454058880774038,-1.4815794684430728e-06
1430,0.010999999999999999,305.70386319462182,305.70386375965774,-5.6503591849832446e-07,2.5400412163463599,2.54004317444151,-1.9580951500230981e-06
1430,0.012,305.88098340991996,305.88098407238431,-6.6246434471395332e-07,2.5296085219572455,2.5296107164166659,-2.1944594204015289e-06
1430,0.013000000000000001,306.07464715915853,306.07464791766904,-7.5851050951314392e-07,2.5105315067495217,2.5105333940982351,-1.8873487133141964e-06
1430,0.014,306.2850712165303,306.28507206412615,-8.475958566123154e-07,2.4777341536364843,2.4777349168600105,-7.6322352615676436e-07
1430,0.014999999999999999,306.51245388910883,306.51245481236174,-9.2325291234374163e-07,2.4247008853856546,2.4246996398386074,1.2455470472794161e-06
1430,0.016,306.75696502547169,306.75696600415381,-9.786821237867116e-07,2.3439962902890841,2.3439924580631399,3.8322259441336826e-06
1430,0.017000000000000001,307.0187365062323,307.01873751382561,-1.007593311896926e-06,2.2283200684963504,2.2283137973502631,6.2711460873110525e-06
1430,0.018000000000000002,307.29785420128388,307.29785520648244,-1.005198555503739e-06,2.071988453066703,2.0719808660134849,7.5870532181276928e-06
1430,0.019,307.5943524107077,307.5943533798806,-9.6917290193232475e-07,1.8725166810138725,1.8725097651627569,6.915851115563143e-06
1430,0.02,307.90821166298701,307.90821257204817,-9.0906115701727686e-07,1.6318256282966948,1.6318216913859243,3.9369107704967377e-06
1440,0,304.84029715652235,304.84029717128516,-1.476280431234045e-08,2.5499996071921722,2.5499996094223278,-2.2301556157344748e-09
1440,0.001,304.84774924390592,304.84774926134224,-1.7436320831620833e-08,2.5499993768875791,2.5499993798827632,-2.9951841007402891e-09
1440,0.002,304.87011862377483,304.87011865459868,-3.0823855468042893e-08,2.5499983399448611,2.5499983462997675,-6.3549063789025695e-09
1440,0.0030000000000000001,304.90744459164563,304.90744464503882,-5.3393193866213551e-08,2.5499949968065598,2.5499950118735377,-1.5066977887556732e-08
1440,0.0040000000000000001,304.95979242451966,304.95979250989257,-8.5372903413372114e-08,2.5499848348072254,2.5499848703428123,-3.5535586917490036e-08
1440,0.0050000000000000001,305.02725297747634,305.02725310450705,-1.2703071661235299e-07,2.5499553409072679,2.5499554210610587,-8.0153790715797868e-08
1440,0.0060000000000000001,305.10994196188761,305.10994214046246,-1.7857485090644332e-07,2.5498739664083359,2.5498741362927824,-1.6988444651033774e-07
1440,0.0070000000000000001,305.20799875706126,305.20799899709198,-2.4003071530387388e-07,2.5496614054188078,2.5496617400775494,-3.3465874160754083e-07
1440,0.0080000000000000002,305.32158458015039,305.32158489123651,-3.1108612574826111e-07,2.5491371632563409,2.5491377704344282,-6.0717808736399093e-07
1440,0.0090000000000000011,305.45087982792421,305.45088021883475,-3.9091054304662975e-07,2.5479185487528442,2.5479195534877812,-1.0047349370267966e-06
1440,0.01,305.59608041534244,305.59608089330544,-4.7796299895708216e-07,2.5452516814072204,2.5452531782811731,-1.4968739527887465e-06
1440,0.010999999999999999,305.75739297700619,305.75739354682412,-5.698179279534088e-07,2.5397607233260056,2.5397626902109072,-1.9668849016163392e-06
1440,0.012,305.9350288745714,305.93502953761845,-6.6304704660069547e-07,2.5291275504673694,2.5291297412055256,-2.1907381562158434e-06
1440,0.013000000000000001,306.12919706892495,306.12919782213282,-7.5320787118471344e-07,2.5097625343978147,2.5097644028071455,-1.8684093308074523e-06
1440,0.014,306.34009606710481,306.34009690209967,-8.3499486436267034e-07,2.4765895200528969,2.4765902535030535,-7.3345015660919444e-07
1440,0.014999999999999999,306.56790532847413,306.5679062310615,-9.0258737373005715e-07,2.4231172890724868,2.423116015522047,1.2735504397731745e-06
1440,0.016,306.81277668971308,306.81277763991056,-9.5019748869162868e-07,2.3419644645931386,2.3419606230218313,3.8415713072836866e-06
1440,0.017000000000000001,307.07482651123922,307.07482748400349,-9.727642691359506e-07,2.225909878040238,2.2259036287727434,6.249267494595756e-06
1440,0.018000000000000002,307.3541293212553,307.35413028795102,-9.666957225817896e-07,2.0693575567010893,2.0693500223233676,7.5343777217184993e-06
1440,0.019,307.65071370338359,307.65071463490659,-9.3152300451038172e-07,1.8698941523860531,1.8698873029911636,6.8493948894854384e-06
1440,0.02,307.96455986972137,307.96456190544245,-2.0357210814836435e-06,1.6294680660345893,1.6294641797579184,3.8862766709168994e-06
1450,0,304.89072232620845,304.89072234297913,-1.6770684396760771e-08,2.549999564642484,2.5499995671705307,-2.5280466608990082e-09
1450,0.001,304.89820380232499,304.89820382298512,-2.0660138488892699e-08,2.5499993132075653,2.5499993164509189,-3.2433535857023799e-09
1450,0.002,304.92066119131937,304.92066122589387,-3.4574497931316728e-08,2.5499981871540309,2.5499981939592917,-6.8052607993251968e-09
1450,0.0030000000000000001,304.95813327444614,304.95813333238777,-5.7941633713198826e-08,2.5499945840052392,2.5499945999866469,-1.5981407752718724e-08
1450,0.0040000000000000001,305.01068433013091,305.01068442106254,-9.093162134377053e-08,2.5499837171500892,2.5499837545231845,-3.737309528517585e-08
1450,0.0050000000000000001,305.07840352590983,305.07840365961033,-1.3370049600780476e-07,2.5499524153595172,2.5499524989993221,-8.3639804859814149e-08
1450,0.0060000000000000001,305.1614039270076,305.16140411329894,-1.86291345016798e-07,2.5498666697946497,2.5498668457735252,-1.7597887547182722e-07
1450,0.0070000000000000001,305.25982099397004,305.25982124247878,-2.4850874069670681e-07,2.5496441934676803,2.5496445377584576,-3.4429077722109014e-07
1450,0.0080000000000000002,305.37381042491745,305.37381074468948,-3.1977202752386802e-07,2.5490989312949011,2.5490995519288306,-6.2063392958222607e-07
1450,0.0090000000000000011,305.50354519825027,305.50354559720438,-3.9895411418910953e-07,2.5478388127062539,2.5478398334684775,-1.0207622236357849e-06
1450,0.01,305.64921169425526,305.64921217848763,-4.842323733100784e-07,2.545095866618146,2.545097378545941,-1.511927794961565e-06
1450,0.010999999999999999,305.81100482354299,305.81100539654614,-5.7300314892927418e-07,2.5394759004439482,2.5394778757571062,-1.9753131579314243e-06
1450,0.012,305.98912216834304,305.98912283036395,-6.6202090920342016e-07,2.5286412154691429,2.5286434021488868,-2.186679743942932e-06
1450,0.013000000000000001,306.18375724111809,306.18375798912285,-7.4800476568270824e-07,2.5089878967809343,2.5089897461379698,-1.8493570355104794e-06
1450,0.014,306.395092022933,306.39509285034825,-8.2741524920493248e-07,2.4754402191131502,2.4754409230321777,-7.0391902751154589e-07
1450,0.014999999999999999,306.62328864017849,306.62328953120618,-8.9102769607052323e-07,2.4215316713906412,2.4215303703654349,1.3010252062350958e-06
1450,0.016,306.8684782152468,306.86847913972991,-9.2448311761472723e-07,2.3399347527488499,2.3399309023512895,3.8503975603454421e-06
1450,0.017000000000000001,307.13073939245754,307.13074032652395,-9.3406640644388972e-07,2.223506618976804,2.2235003917334817,6.2272433223320434e-06
1450,0.018000000000000002,307.41004993792052,307.41005085321848,-9.1529796009126585e-07,2.0667377914591616,2.0667303094023586,7.48205680300984e-06
1450,0.019,307.70619302217858,307.70619378378791,-7.6160932849234086e-07,1.8672848265314117,1.8672780426184088,6.783913002905706e-06
1450,0.02,308.01862660669696,308.01862696525643,-3.5855947544405353e-07,1.627123962650334,1.6271201379093312,3.8247410028002804e-06
1460,0,304.94134472088575,304.94134474228156,-2.1395806015789276e-08,2.5499995181452815,2.5499995208666482,-2.7213666875525178e-09
1460,0.001,304.94885514514903,304.94885517059532,-2.5446297513553873e-08,2.5499992439830095,2.5499992474792053,-3.496195777330513e-09
1460,0.002,304.97139913828619,304.97139917811268,-3.9826488773542223e-08,2.5499980225615828,2.5499980298338123,-7.2722294852667346e-09
1460,0.0030000000000000001,305.00901472225468,305.00901478616709,-6.3912409586919239e-08,2.5499941431620052,2.5499941600921185,-1.6930113311275363e-08
1460,0.0040000000000000001,305.06176478479262,305.06176488257523,-9.7782617558550555e-08,2.5499825331595032,2.5499825724294811,-3.9269977936129408e-08
1460,0.0050000000000000001,305.12973629374045,305.1297364351995,-1.4145905424811644e-07,2.5499493394577915,2.5499494266720717,-8.7214280242164932e-08
1460,0.0060000000000000001,305.21303907833232,305.21303927314227,-1.9480995661069755e-07,2.5498590520273061,2.5498592342102504,-1.8218294428606896e-07
1460,0.0070000000000000001,305.31180407323541,305.31180433067954,-2.574441282376938e-07,2.549626341404335,2.5496266954284259,-3.5402409093165943e-07
1460,0.0080000000000000002,305.42618091257617,305.42618124119514,-3.286189667051076e-07,2.5490595177253814,2.5490601518539089,-6.3412852746580484e-07
1460,0.0090000000000000011,305.55633476812278,305.55633517528838,-4.0716560079090414e-07,2.5477570712077546,2.547758107909925,-1.0367021703316937e-06
1460,0.01,305.70244234630997,305.70244283759627,-4.9128630053019151e-07,2.5449369488790361,2.5449384756133897,-1.5267343536073952e-06
1460,0.010999999999999999,305.86468697417922,305.86468755207409,-5.7789486618275987e-07,2.5391867519806852,2.5391887353597782,-1.9833790929624229e-06
1460,0.012,306.04325265005417,306.04325331198345,-6.6192927761221654e-07,2.5281495498920834,2.5281517321806546,-2.1822885711841877e-06
1460,0.013000000000000001,306.23831665725419,306.23831739547052,-7.382163289548771e-07,2.508207659774023,2.5082094899706497,-1.8301966266953684e-06
1460,0.014,306.45003958774362,306.45004039425362,-8.0651000189391198e-07,2.474286340067712,2.4742870146963818,-6.7462866981671255e-07
1460,0.014999999999999999,306.67855019948308,306.6785510711652,-8.7168211848620558e-07,2.4199441192063151,2.4199427912235789,1.3279827362211449e-06
1460,0.016,306.92392076335415,306.92392169256607,-9.2921192162975785e-07,2.3379072041663869,2.3379033454439706,3.8587224162611733e-06
1460,0.017000000000000001,307.1861279389642,307.18612887641848,-9.3745427420799388e-07,2.2211102748945151,2.221104069813538,6.2050809770397564e-06
1460,0.018000000000000002,307.46499724921426,307.46499806578561,-8.1657134387569386e-07,2.064129060694436,2.0641216305797334,7.4301147026112346e-06
1460,0.019,307.76013748595676,307.76013800409913,-5.1814237167491228e-07,1.8646885618697315,1.864681842380874,6.7194888575539125e-06
1460,0.02,308.07088240502202,308.07088248627457,-8.1252551353827585e-08,1.6247930151944063,1.6247892443816341,3.7708127722524409e-06
1470,0,304.99216079795809,304.99216082556882,-2.7610724373516859e-08,2.5499994673985449,2.5499994703261462,-2.927601272517677e-09
1470,0.001,304.99969955284251,304.99969958464476,-3.1802244393475121e-08,2.5499991688190526,2.549999172583747,-3.7646943340519101e-09
1470,0.002,305.02232822496688,305.02232827155257,-4.6585682866862044e-08,2.5499978454398953,2.5499978532036001,-7.7637047901646383e-09
1470,0.0030000000000000001,305.06008386510814,305.06008393638882,-7.1280680913332617e-08,2.549993672806373,2.5499936907260423,-1.791966930397848e-08
1470,0.0040000000000000001,305.1130276370672,305.11302774294558,-1.0587837095954455e-07,2.54998127992104,2.5499813211529001,-4.1231860148371879e-08
1470,0.0050000000000000001,305.1812438852366,305.18124403552872,-1.5029212363515398e-07,2.5499461077833905,2.5499461986650656,-9.0881675074427903e-08
1470,0.0060000000000000001,305.26483873247304,305.26483893674418,-2.0427114577614702e-07,2.5498511038922862,2.5498512923916374,-1.88499351239102e-07
1470,0.0070000000000000001,305.36393812361808,305.36393839088345,-2.6726536361820763e-07,2.5496078352400211,2.5496081990991843,-3.6385916324377376e-07
1470,0.0080000000000000002,305.47868521790343,305.47868555612337,-3.3821993383753579e-07,2.5490189042345683,2.5490195518950816,-6.4766051321996088e-07
1470,0.0090000000000000011,305.6092370165523,305.60923743191125,-4.1535895434208214e-07,2.5476733050276867,2.5476743575810574,-1.0525533706839951e-06
1470,0.01,305.75576006392174,305.75576056015717,-4.9623542963672662e-07,2.5447749155579049,2.5447764568529991,-1.5412950942206294e-06
1470,0.010999999999999999,305.91842493187278,305.91842551023132,-5.7835853795040748e-07,2.5388932828913888,2.5388952739808408,-1.9910894519803435e-06
1470,0.012,306.09739891959396,306.09739957977905,-6.601850941478915e-07,2.527652587032104,2.5276547646081613,-2.1775760572495528e-06
1470,0.013000000000000001,306.29283592829017,306.2928366692999,-7.4100972824453493e-07,2.5074218889025168,2.507423699842096,-1.8109395791832128e-06
1470,0.014,306.50486186848849,306.50486268584274,-8.1735424828366376e-07,2.473127970918795,2.4731286165030371,-6.4558424206495602e-07
1470,0.014999999999999999,306.73355352345459,306.73355440010209,-8.7664750481053488e-07,2.4183547175390649,2.4183533631115148,1.3544275501153891e-06
1470,0.016,306.97890909695354,306.97890999079578,-8.9384224111199728e-07,2.3358818666479459,2.3358780000920611,3.8665558848016701e-06
1470,0.017000000000000001,307.24081036092809,307.24081119542433,-8.3449623389242333e-07,2.2187208285381548,2.2187146457569371,6.1827812176673547e-06
1470,0.018000000000000002,307.51897958404277,307.5189802496663,-6.6562353140398045e-07,2.0615312681117905,2.0615238895431953,7.3785685952287849e-06
1470,0.019,307.81293848348099,307.81293885560405,-3.7212305414868752e-07,1.8621052523847179,1.8620985964593557,6.6559253621978343e-06
1470,0.02,308.12197946027646,308.12197942474307,3.5533389564079698e-08,1.6224747819827896,1.6224710634759456,3.7185068439971047e-06
1480,0,305.04316589886901,305.0431659343011,-3.5432094591669738e-08,2.5499994120824363,2.5499994152298227,-3.1473863515429912e-09
1480,0.001,305.05073221585985,305.05073225560426,-3.9744406876707217e-08,2.5499990872994878,2.5499990913490254,-4.0495375941418388e-09
1480,0.002,305.0734432010043,305.07344325587781,-5.4873510180186713e-08,2.5499976550289043,2.549997663309425,-8.2805207135550063e-09
1480,0.0030000000000000001,305.11133475842354,305.11133483851205,-8.0088511822395958e-08,2.5499931714162036,2.5499931903672453,-1.8951041624859499e-08
1480,0.0040000000000000001,305.16446605402416,305.16446616931353,-1.1528936738613993e-07,2.5499799544438142,2.5499799977034479,-4.3259633653036644e-08
1480,0.0050000000000000001,305.23291846009391,305.23291862033597,-1.6024205251596868e-07,2.5499427148213791,2.5499428094636567,-9.4642277570500255e-08
1480,0.0060000000000000001,305.31679399065683,305.31679420513285,-2.1447601739055244e-07,2.549842816087966,2.549843011015045,-1.9492707892254657e-07
1480,0.0070000000000000001,305.4162131386812,305.41621341586921,-2.7718800765796914e-07,2.5495886609696283,2.5495890347627652,-3.7379313688745697e-07
1480,0.0080000000000000002,305.53131198745228,305.53131233466655,-3.4721426800388144e-07,2.5489770726547301,2.5489777338802573,-6.6122552722092109e-07
1480,0.0090000000000000011,305.66223840077458,305.66223882390773,-4.2313314452258055e-07,2.5475874953213933,2.5475885636331088,-1.0683117155352306e-06
1480,0.01,305.80914697680907,305.80914748026925,-5.0346017133051646e-07,2.5446097546343251,2.5446113102433472,-1.5556090220414376e-06
1480,0.010999999999999999,305.9721922589909,305.97219284563715,-5.8664625157689443e-07,2.5385954987869819,2.5385974972355343,-1.9984485524204842e-06
1480,0.012,306.15151944246185,306.15152011284948,-6.7038763518212363e-07,2.5271503605283354,2.5271525330794318,-2.1725510963577221e-06
1480,0.013000000000000001,306.34725156450327,306.3472523143555,-7.4985223363910336e-07,2.5066306493291446,2.5066324409238998,-1.7915947552182843e-06
1480,0.014,306.55947207847623,306.5594728936166,-8.1514036764929187e-07,2.4719651984322444,2.4719658152205937,-6.1678834928358128e-07
1480,0.014999999999999999,306.78820201255462,306.78820286228876,-8.4973413549960242e-07,2.4167635496039273,2.416762169237443,1.3803664842271246e-06
1480,0.016,307.03337182723851,307.03337265894953,-8.3171102005508146e-07,2.3338587864269513,2.3338549125173844,3.8739095669093615e-06
1480,0.017000000000000001,307.29478966098446,307.29479039860695,-7.3762248575803824e-07,2.2163382617540313,2.2163321014052735,6.1603487577777116e-06
1480,0.018000000000000002,307.57210961523555,307.5721101635807,-5.4834515594848199e-07,2.0589443189367578,2.058936991492617,7.3274441407811253e-06
1480,0.019,307.86480544462847,307.86480569945962,-2.5483114995950018e-07,1.859534800611679,1.8595282075926625,6.5930190165097713e-06
1480,0.02,308.17215566511862,308.1721555288309,1.3628772421725444e-07,1.6201690327066465,1.6201653654281292,3.6672785173053057e-06
1490,0,305.094354428663,305.09435447352882,-4.4865828385809436e-08,2.5499993518586153,2.5499993552399669,-3.3813516431280277e-09
1490,0.001,305.10194741390598,305.10194746317831,-4.9272330215899274e-08,2.5499989989860405,2.549999003337454,-4.3514134517863567e-09
1490,0.002,305.12473797929744,305.12473804395785,-6.4660412135708611e-08,2.549997450535316,2.5499974593588304,-8.8235143635984059e-09
1490,0.0030000000000000001,305.16276073088642,305.16276082111978,-9.0233356786484364e-08,2.5499926374170361,2.5499926574422322,-2.0025196167949844e-08
1490,0.0040000000000000001,305.21607258864503,305.21607271443361,-1.2578857422340661e-07,2.5499785536603943,2.5499785990145529,-4.5354158650923182e-08
1490,0.0050000000000000001,305.28475160300241,305.28475177398627,-1.7098386706493329e-07,2.5499391549618564,2.5499392534581902,-9.8496333755804244e-08
1490,0.0060000000000000001,305.36889519526125,305.36889542055638,-2.2529513898916775e-07,2.5498341792285082,2.5498343806935595,-2.0146505130824721e-07
1490,0.0070000000000000001,305.46861770198853,305.46861798999112,-2.8800258178307558e-07,2.5495688045770795,2.5495691884002047,-3.8382312528284501e-07
1490,0.0080000000000000002,305.58404703847623,305.58404739666844,-3.5819221011479385e-07,2.5489340049689631,2.548934679788232,-6.748192689087773e-07
1490,0.0090000000000000011,305.71532020242734,305.71532063713659,-4.3470924993016524e-07,2.5474996236302059,2.5475007076034735,-1.0839732675904656e-06
1490,0.01,305.86257721392286,305.86257772985118,-5.1592832051028381e-07,2.5444414546912735,2.5444430243665845,-1.5696753110638895e-06
1490,0.010999999999999999,306.02595294673142,306.02595354592358,-5.9919216255366337e-07,2.538293405915617,2.5382954113763949,-2.0054607778874356e-06
1490,0.012,306.20556619424849,306.20556687412483,-6.7987633656230173e-07,2.5266429043407697,2.5266450715632236,-2.1672224539415197e-06
1490,0.013000000000000001,306.40150531184474,306.40150606209528,-7.5025053547506104e-07,2.5058340058416793,2.5058357780124076,-1.7721707283868682e-06
1490,0.014,306.61380999208467,306.6138107907405,-7.9865583302307641e-07,2.4707981081495944,2.4707986963929369,-5.8824334248086529e-07
1490,0.014999999999999999,306.84244925503083,306.84245006473077,-8.096999408735428e-07,2.4151706968521549,2.4151692910457996,1.4058063553257227e-06
1490,0.016,307.08729659768579,307.08729736344458,-7.6575878438234213e-07,2.3318380081980266,2.3318341274036398,3.8807943867347205e-06
1490,0.017000000000000001,307.34810433894245,307.34810498862362,-6.4968116930685937e-07,2.2139625555016185,2.2139564177113762,6.1377902422776742e-06
1490,0.018000000000000002,307.62448026046923,307.62448070878878,-4.4831955392510281e-07,2.0563681211898936,2.0563608444304506,7.2767594430089844e-06
1490,0.019,307.91587031389838,307.91587046956943,-1.5567104583169566e-07,1.8569771004692386,1.8569705697320791,6.5307371595046959e-06
1490,0.02,308.22155108617591,308.22155086448589,2.2169001567817759e-07,1.6178755847843753,1.6178719678349618,3.6169494135318558e-06
1500,0,305.14571999364256,305.14572004941522,-5.5772659379726974e-08,2.5499992863695442,2.5499992899996871,-3.6301428529839086e-09
1500,0.001,305.15333863901822,305.15333869925945,-6.0241234223212814e-08,2.5499989034176256,2.5499989080886549,-4.6710293410967552e-09
1500,0.002,305.17620570767122,305.17620578347413,-7.5802915944223059e-08,2.5499972311318375,2.5499972405253648,-9.393527289347503e-09
1500,0.0030000000000000001,305.21435434539745,305.21435444703201,-1.0163455499423435e-07,2.5499920691814344,2.5499920903245226,-2.1143088169139901e-08
1500,0.0040000000000000001,305.26783893847983,305.26783907599167,-1.3751184724242194e-07,2.5499770744267587,2.549977121943011,-4.7516252266177617e-08
1500,0.0050000000000000001,305.33673376597267,305.33673394907441,-1.8310174709768035e-07,2.5499354225012869,2.5499355249453104,-1.0244402348646986e-07
1500,0.0060000000000000001,305.4211309785922,305.42113121652295,-2.3793074888089905e-07,2.5498251838472714,2.5498253919593989,-2.0811212753102382e-07
1500,0.0070000000000000001,305.52113774917808,305.52113805050783,-3.0132974870866747e-07,2.5495482520406427,2.5495486459868624,-3.9394621964561338e-07
1500,0.0080000000000000002,305.63687236788212,305.6368727402018,-3.7231967553452705e-07,2.5488896833163075,2.5488903717537941,-6.884374865734344e-07
1500,0.0090000000000000011,305.76845897073355,305.76845942011022,-4.4937667098565726e-07,2.5474096718821531,2.5474107714163652,-1.0995342121233875e-06
1500,0.01,305.91602050583521,305.91602103586632,-5.3003111588623142e-07,2.5442700049068296,2.5442715884001288,-1.5834932991509731e-06
1500,0.010999999999999999,306.07966948519811,306.079670095501,-6.1030289089103462e-07,2.5379870111444189,2.5379890232749958,-2.0121305768228126e-06
1500,0.012,306.25949608665616,306.259496770721,-6.8406484388106037e-07,2.5261302527286147,2.526132414327372,-2.1615987573220252e-06
1500,0.013000000000000001,306.45555331423543,306.45555405677015,-7.4253472348573268e-07,2.5050320228415117,2.5050337755172976,-1.7526757858377096e-06
1500,0.014,306.66783924530517,306.66784001948838,-7.7418320643118932e-07,2.4696267844005231,2.4696273443518533,-5.5995133019237642e-07
1500,0.014999999999999999,306.8962769054603,306.89627767079492,-7.6533461879080278e-07,2.4135762390105429,2.4135748082566075,1.4307539353275445e-06
1500,0.016,307.14069297523542,307.14069367677678,-7.0154135300981579e-07,2.3298195751417565,2.3298156879210019,3.8872207546170046e-06
1500,0.017000000000000001,307.4007972301257,307.40079779974928,-5.696235803043237e-07,2.2115936899323132,2.2115875748178033,6.1151145098747861e-06
1500,0.018000000000000002,307.67616516773109,307.67616552777821,-3.6004712455905974e-07,2.0538025861124511,2.0537953595969713,7.2265154797968023e-06
1500,0.019,307.96622648381168,307.96622655256772,-6.875603730804869e-08,1.8544320384454509,1.8544255693554703,6.4690899805874835e-06
1500,0.02,308.27026301764721,308.27026146987458,1.5477726265089586e-06,1.6155942767438225,1.6155907093973543,3.5673464682250966e-06
1510,0,305.19725539310213,305.19725546320905,-7.0106921157275792e-08,2.5499992152377691,2.5499992190947967,-3.8570275862070957e-09
1510,0.001,305.20489856007629,305.20489863296569,-7.2889406510512345e-08,2.5499988001096217,2.5499988051154312,-5.0058095446559037e-09
1510,0.002,305.22783865054186,305.22783873915472,-8.861286460160045e-08,2.5499969959564033,2.5499970059455568,-9.9891535043639124e-09
1510,0.0030000000000000001,305.26610714416597,305.26610725894966,-1.1478368833195418e-07,2.5499914650283824,2.5499914873322562,-2.2303873858930956e-08
1510,0.0040000000000000001,305.31975552200981,305.31975567317392,-1.5116410168047878e-07,2.549975513522309,2.5499755632675227,-4.9745213726026805e-08
1510,0.0050000000000000001,305.38885371131886,305.38885390873196,-1.9741310097742826e-07,2.549931511643889,2.5499316181280669,-1.0648417791969678e-07
1510,0.0060000000000000001,305.47348774639067,305.47348799939761,-2.5300693096141913e-07,2.5498158204002324,2.5498160352661916,-2.148659592471347e-07
1510,0.0070000000000000001,305.57375647088344,305.57375678800537,-3.1712193049315829e-07,2.5495269893381374,2.549527393496577,-4.0415843960417419e-07
1510,0.0080000000000000002,305.68976704573123,305.68976743417011,-3.884388775077241e-07,2.5488440899966345,2.548844792071665,-7.0207503055641496e-07
1510,0.0090000000000000011,305.82162897074437,305.82162943559371,-4.6484933591273148e-07,2.5473176223923777,2.5473187373823674,-1.1149899896700788e-06
1510,0.01,305.96944629450502,305.96944683756743,-5.430624128166528e-07,2.5440953950457654,2.5440969921074021,-1.5970616367155799e-06
1510,0.010999999999999999,306.13330770236377,306.13330832050366,-6.1813989304937422e-07,2.5376763219415275,2.5376783404031653,-2.0184616378315923e-06
1510,0.012,306.31327426841057,306.31327495136088,-6.8295031496745651e-07,2.5256124402293452,2.5256145959170802,-2.1556877349837578e-06
1510,0.013000000000000001,306.50936487369012,306.50936560134255,-7.2765243430694682e-07,2.5042247643329816,2.5042264974501993,-1.7331172177392773e-06
1510,0.014,306.72153973387395,306.72154047481257,-7.4093861712754006e-07,2.4684513103156136,2.468451842229102,-5.3191348836634234e-07
1510,0.014999999999999999,306.94968364863524,306.94968436277327,-7.1413802515962743e-07,2.4119802541189204,2.4119787989023149,1.4552166054393467e-06
1510,0.016,307.19359431587611,307.19359494854888,-6.326727657324227e-07,2.3278035289482104,2.3277996357487609,3.893199449489515e-06
1510,0.017000000000000001,307.45299086915361,307.45299134340291,-4.7424930471606785e-07,2.2092316445252123,2.2092255521923474,6.092332864859884e-06
1510,0.018000000000000002,307.7275734964042,307.72757379180564,-2.9540143486883608e-07,2.0512476277725993,2.0512404510690003,7.1767035989545036e-06
1510,0.019,308.01716800630203,308.01716826837281,-2.6207078462903155e-07,1.8518994968203013,1.8518930887332035,6.4080870978422411e-06
1510,0.02,308.32194320926493,308.32194371984326,-5.1057833161394228e-07,1.6133246086883801,1.6133210866618872,3.5220264928970124e-06
1520,0,305.24895244015983,305.24895252445486,-8.4295038504933473e-08,2.5499991380652225,2.5499991422027186,-4.1374961234907914e-09
1520,0.001,305.25661882452891,305.25661891170284,-8.7173930296557955e-08,2.5499986885531265,2.5499986939162111,-5.3630846430507972e-09
1520,0.002,305.27962794166558,305.27962804485031,-1.0318473186998744e-07,2.5499967441114246,2.5499967547271978,-1.0615773149424967e-08
1520,0.0030000000000000001,305.3180093502715,305.31800948009879,-1.2982729913346702e-07,2.5499908232226889,2.5499908467347625,-2.3512073621390073e-08
1520,0.0040000000000000001,305.37181117908881,305.37181134592691,-1.6683810599715798e-07,2.5499738676499328,2.5499739196947537,-5.2044820897378941e-08
1520,0.0050000000000000001,305.44109833774911,305.44109855155307,-2.1380395764936111e-07,2.5499274165030767,2.5499275271225921,-1.1061951532553849e-07
1520,0.0060000000000000001,305.52594983945318,305.525950109495,-2.7004182356904494e-07,2.5498060792694206,2.5498063009970737,-2.217276531268908e-07
1520,0.0070000000000000001,305.62645506265352,305.62645539707495,-3.3442142921558116e-07,2.5495050024520505,2.5495054169110412,-4.1445899068293102e-07
1520,0.0080000000000000002,305.74270873697003,305.74270914206522,-4.0509519294573693e-07,2.5487972074753054,2.5487979232050533,-7.1572974791322963e-07
1520,0.0090000000000000011,305.87480441684374,305.87480489600614,-4.7916239509504521e-07,2.5472234578632751,2.54722458820219,-1.130338914911988e-06
1520,0.01,306.02282622999365,306.02282678247741,-5.5248375474548084e-07,2.543917615451011,2.5439192258327048,-1.6103816937729221e-06
1520,0.010999999999999999,306.1868388106227,306.18683943058278,-6.1996007616471616e-07,2.5373613463583946,2.5373633708185337,-2.024460139082862e-06
1520,0.012,306.36687567430732,306.3668763499046,-6.7559727767729782e-07,2.5250895016384511,2.5250916511377453,-2.1494992941128999e-06
1520,0.013000000000000001,306.56292712255822,306.56292783265644,-7.1009822022460867e-07,2.5034122939134815,2.5034140074177329,-1.7135042513771737e-06
1520,0.014,306.77493048566845,306.77493119237425,-7.0670580498699564e-07,2.4672717678394203,2.4672722719723104,-5.0413289010009521e-07
1520,0.014999999999999999,307.00276840929257,307.00276905458645,-6.4529388055234449e-07,2.4103828185657936,2.4103813393662272,1.479199566389866e-06
1520,0.016,307.2462843254072,307.24628485509697,-5.2968977115597227e-07,2.3257899098431198,2.3257860111041193,3.8987390005296163e-06
1520,0.017000000000000001,307.50532564096989,307.50532605714403,-4.1617414581196499e-07,2.206876398243359,2.2068703287885896,6.0694547694417622e-06
1520,0.018000000000000002,307.77982017262701,307.77982055892409,-3.8629707432846772e-07,2.0487031624414742,2.0486960351323198,7.1273091544199474e-06
1520,0.019,308.06987719718762,308.06987769611038,-4.9892275910679018e-07,1.8493793530015008,1.8493730053134025,6.3476880982626938e-06
1520,0.02,308.37588567059782,308.37588644956946,-7.7897163919260493e-07,1.6110665025636899,1.6110630273784701,3.4751852198144917e-06
1530,0,305.3008017189029,305.30080181948966,-1.0058676025437308e-07,2.5499990544324911,2.5499990588673289,-4.4348378303027403e-09
1530,0.001,305.30848981784391,305.30848992141858,-1.0357467772337259e-07,2.5499985682142157,2.5499985739545203,-5.7403046760384768e-09
1530,0.002,305.33156335977412,305.33156347967395,-1.1989982340310235e-07,2.5499964746630392,2.5499964859350275,-1.127198823169806e-08
1530,0.0030000000000000001,305.37004969946599,305.37004984648661,-1.470206143494579e-07,2.5499901419744329,2.5499901667412561,-2.4766823258914883e-08
1530,0.0040000000000000001,305.42399313540096,305.42399331997728,-1.8457632222634857e-07,2.5499721334361092,2.5499721878504196,-5.4414310390882292e-08
1530,0.0050000000000000001,305.49345288721332,305.49345311917727,-2.3196395204649889e-07,2.549923131102942,2.5499232459516969,-1.1484875495071378e-07
1530,0.0060000000000000001,305.57850010219528,305.5785003903793,-2.8818402597607928e-07,2.5497959507663439,2.5497961794611022,-2.2869475824194296e-07
1530,0.0070000000000000001,305.67921374486059,305.6792140965556,-3.516950073390035e-07,2.5494822773745551,2.549482702218425,-4.2484386986174627e-07
1530,0.0080000000000000002,305.79567521869592,305.79567563900912,-4.2031319935631473e-07,2.5487490183876225,2.5487497477842447,-7.2939662221216395e-07
1530,0.0090000000000000011,305.92796162299049,305.9279621140916,-4.91101104671543e-07,2.5471271613844229,2.547128306961131,-1.1455767081613999e-06
1530,0.01,306.07613771947877,306.07613827940429,-5.5992552461248124e-07,2.5437366570351059,2.5437382804875273,-1.623452421384286e-06
1530,0.010999999999999999,306.24024706935165,306.24024768964591,-6.2029425862419885e-07,2.5370420930124511,2.5370441231423149,-2.0301298637726006e-06
1530,0.012,306.42030351967196,306.42030418160465,-6.6193268821734819e-07,2.5245614719898706,2.5245636150307558,-2.1430408851941252e-06
1530,0.013000000000000001,306.61628533864513,306.61628601026064,-6.7161550987293595e-07,2.5025946747642287,2.502596368607874,-1.6938436453450834e-06
1530,0.014,306.82813568425144,306.82813632375593,-6.3950449202820892e-07,2.4660882377435733,2.4660887143538619,-4.7661028856893495e-07
1530,0.014999999999999999,307.05577419456694,307.05577476500923,-5.7044229606617591e-07,2.40878400712193,2.408782504411942,1.5027099879993955e-06
1530,0.016,307.29912429242489,307.2991247855789,-4.9315400474370108e-07,2.3237787566192982,2.3237748527692301,3.9038500680987909e-06
1530,0.017000000000000001,307.55815816492031,307.55815861909048,-4.5417016281135147e-07,2.2045279296714151,2.2045218831799747,6.0464914404256831e-06
1530,0.018000000000000002,307.83295588937295,307.83295638594569,-4.9657273848424666e-07,2.0461691080363682,2.0461620297168794,7.0783194887624745e-06
1530,0.019,308.12376811761732,308.12376876301181,-6.4539449340372812e-07,1.8468714748916439,1.8468651869432511,6.287948392857956e-06
1530,0.02,308.43106625050149,308.43106716562392,-9.1512242761382367e-07,1.6088199284519127,1.608816499761285,3.4286906276381757e-06
1540,0,305.35279241435825,305.35279253350711,-1.1914886499653221e-07,2.5499989638981018,2.5499989686478601,-4.749758364397394e-09
1540,0.001,305.36050051223242,305.36050063445907,-1.2222665191075066e-07,2.5499984385332044,2.5499984446714228,-6.1382183780267496e-09
1540,0.002,305.38363323836211,305.38363337715344,-1.3879133575755986e-07,2.5499961866403713,2.5499961985990303,-1.195865895198267e-08
1540,0.0030000000000000001,305.42221546592805,305.42221563214264,-1.6621459053567378e-07,2.5499894194384396,2.5499894455074772,-2.6069037595277678e-08
1540,0.0040000000000000001,305.47628721558289,305.47628741957277,-2.0398988453962374e-07,2.5499703074310718,2.5499703642854534,-5.6854381647042374e-08
1540,0.0050000000000000001,305.54590143742382,305.54590168874819,-2.5132436576313921e-07,2.5499186493797947,2.5499187685516849,-1.1917189013388452e-07
1540,0.0060000000000000001,305.63112078986285,305.63112109686824,-3.0700539355166256e-07,2.5497854251354322,2.5497856609013749,-2.3576594276875085e-07
1540,0.0070000000000000001,305.73201334516449,305.7320137143808,-3.6921630908182124e-07,2.5494588001124252,2.5494592354225598,-4.3531013460551549e-07
1540,0.0080000000000000002,305.84864721675541,305.84864765197733,-4.3522192072487087e-07,2.548699505543055,2.5487002486147285,-7.4307167352571923e-07
1540,0.0090000000000000011,305.98108426638038,305.98108476725906,-5.0087868430637172e-07,2.5470287164322198,2.5470298771323621,-1.1607001422220264e-06
1540,0.01,306.1293733586329,306.12937391874914,-5.6011623428275925e-07,2.5435525112715021,2.5435541475452697,-1.6362737675912342e-06
1540,0.010999999999999999,306.29354412358549,306.29354472851003,-6.0492453712868155e-07,2.5367185710700015,2.5367206065454284,-2.0354754268758768e-06
1540,0.012,306.47360284860463,306.47360347534504,-6.267404160098522e-07,2.5240283865370534,2.5240305228576405,-2.1363205870983393e-06
1540,0.013000000000000001,306.66953281835487,306.66953343823764,-6.1988276911506546e-07,2.501771969641776,2.5017736437844151,-1.6741426391853054e-06
1540,0.014,306.88130186865419,306.88130245495688,-5.863026899532997e-07,2.4649007996400836,2.464901248987037,-4.4934695342391251e-07
1540,0.014999999999999999,307.10887968936709,307.10888022874758,-5.3938049404678168e-07,2.4071838929725629,2.4071823672183217,1.5257542411717395e-06
1540,0.016,307.35226609012568,307.35226659394277,-5.0381709115754347e-07,2.3217701066745873,2.3217661981319102,3.9085426770668619e-06
1540,0.017000000000000001,307.61152889609144,307.61152940572578,-5.0963433295692084e-07,2.2021862171158162,2.202180193663553,6.0234522631930076e-06
1540,0.018000000000000002,307.88684678595519,307.88684736945271,-5.8349752407593769e-07,2.0436453835719619,2.0436383538523772,7.0297195846613647e-06
1540,0.019,308.17854927658829,308.17855001847045,-7.4188216103721061e-07,1.8443757297703345,1.8443695008525596,6.2289177749086377e-06
1540,0.02,308.48714457982157,308.48714557944993,-9.9962835520273075e-07,1.6065847922577792,1.6065814095746833,3.3826830958538778e-06
1550,0,305.40491229836312,305.40491243827205,-1.3990893421578221e-07,2.5499988659977837,2.5499988710807711,-5.0829873643465362e-09
1550,0.001,305.41263848044628,305.41263862347688,-1.430306042493612e-07,2.5499982989239047,2.549998305481509,-6.5576042374004828e-09
1550,0.002,305.43582456802346,305.43582472772005,-1.5969658306858037e-07,2.5499958790348161,2.5499958917114744,-1.2676658389665363e-08
1550,0.0030000000000000001,305.47449273027536,305.47449291746722,-1.8719185845839093e-07,2.5499886537137804,2.5499886811334145,-2.7419634118786007e-08
1550,0.0040000000000000001,305.52867839028937,305.52867861514409,-2.2485471617983421e-07,2.5499683861090157,2.5499684454747333,-5.9365717675063934e-08
1550,0.0050000000000000001,305.59842791154415,305.59842818317463,-2.716304834393668e-07,2.5499139651837428,2.549914088772617,-1.2358887424568366e-07
1550,0.0060000000000000001,305.68379533757667,305.68379566344186,-3.2586518727839575e-07,2.5497744925574648,2.549774735497305,-2.4293984024481574e-07
1550,0.0070000000000000001,305.78483823619092,305.78483862122431,-3.8503338828377309e-07,2.5494345566918484,2.5494350025466921,-4.4585484371140183e-07
1550,0.0080000000000000002,305.901612828,305.90161327344168,-4.4544168531501782e-07,2.5486486519292528,2.548649408680264,-7.5675101118832799e-07
1550,0.0090000000000000011,306.03416880054954,306.03416930261056,-5.0206102741867653e-07,2.5469281068693173,2.546929282575447,-1.1757061297856808e-06
1550,0.01,306.18254453260352,306.18254508138205,-5.4877853017387679e-07,2.5433651701858526,2.5433668190316658,-1.6488458132180028e-06
1550,0.010999999999999999,306.34676385262355,306.34676443202136,-5.7939780617743963e-07,2.5363907902294422,2.5363928307309425,-2.0405015002111782e-06
1550,0.012,306.52683584792612,306.52683643747037,-5.8954424275725614e-07,2.523490280734678,2.5234924100810305,-2.1293463525751122e-06
1550,0.013000000000000001,306.72275947441108,306.72276005356906,-5.7915798379326588e-07,2.5009442408701563,2.5009458952783832,-1.6544082268588056e-06
1550,0.014,306.93453458814383,306.93453514283073,-5.5468689197368803e-07,2.4637095319946005,2.4637099543385883,-4.2234398778262516e-07
1550,0.014999999999999999,307.16218033826397,307.16218086812751,-5.2986354148742976e-07,2.405582547748351,2.4055809994097324,1.5483386186510018e-06
1550,0.016,307.40576054902749,307.40576107318259,-5.2415509799175197e-07,2.3197639960551704,2.3197600832282381,3.9128269322397102e-06
1550,0.017000000000000001,307.66541392018536,307.66541447912101,-5.5893565331643913e-07,2.1998512386653943,2.1998452383200937,6.0003453006274299e-06
1550,0.018000000000000002,307.94138499972865,307.94138565242719,-6.5269853166682879e-07,2.0411319086293496,2.0411249271319827,6.9814973668869129e-06
1550,0.019,308.2340505386727,308.23405135542839,-8.1675568708305946e-07,1.8418919899292105,1.8418858193350716,6.170594138987795e-06
1550,0.02,308.54393562463525,308.54393668948819,-1.0648529382706329e-06,1.6043609877946303,1.6043576505885648,3.3372060654901503e-06
1560,0,305.4571479468263,305.45714810963591,-1.6280961290249252e-07,2.5499987602437488,2.5499987656790051,-5.43525624507879e-09
1560,0.001,305.46489015637843,305.46489032229806,-1.6591963003520505e-07,2.5499981487728816,2.549998155772117,-6.9992354134740253e-09
1560,0.002,305.48812339538426,305.48812357788535,-1.8250108269057819e-07,2.5499955507993164,2.5499955642261782,-1.3426861844578752e-08
1560,0.0030000000000000001,305.52686703552553,305.52686724521101,-2.0968548142263899e-07,2.5499878428433078,2.5499878716628093,-2.8819501451948781e-08
1560,0.0040000000000000001,305.58115183832047,305.58115208484475,-2.4652428010085714e-07,2.5499663658683489,2.5499664278173042,-6.1948955298873898e-08
1560,0.0050000000000000001,305.65101770104724,305.65101799256666,-2.9151942726457492e-07,2.5499090722803182,2.5499092003799113,-1.2809959315518427e-07
1560,0.0060000000000000001,305.73651059988782,305.73651094232002,-3.4243220170537825e-07,2.5497631431529992,2.5497633933680373,-2.5021503802236111e-07
1560,0.0070000000000000001,305.83767890552105,305.83767930165118,-3.9613013314010459e-07,2.5494095331631388,2.5494099896381859,-4.5647504709478426e-07
1560,0.0080000000000000002,305.95456939970637,305.95456984826859,-4.485622184802196e-07,2.548596440715857,2.5485972111466544,-7.704307973810387e-07
1560,0.0090000000000000011,306.0872235341476,306.08722402915203,-4.9500442855787696e-07,2.5468253169438193,2.5468265075355379,-1.1905917185472958e-06
1560,0.01,306.23567472554146,306.23567525624736,-5.3070590411152807e-07,2.5431746263472346,2.5431762875160082,-1.6611687736478586e-06
1560,0.010999999999999999,306.39994772311132,306.39994827509776,-5.5198643167386763e-07,2.5360587607047944,2.5360608059175442,-2.0452127498238326e-06
1560,0.012,306.58006123319637,306.58006179085521,-5.5765883644198766e-07,2.5229471902209983,2.5229493123469835,-2.1221259851600394e-06
1560,0.013000000000000001,306.77603493184523,306.77603548227631,-5.504310820469982e-07,2.5001115503336573,2.5001131849808087,-1.6346471514161465e-06
1560,0.014,306.98790163769974,306.98790217549146,-5.3779172048962209e-07,2.4625145121396153,2.4625149077419297,-3.9560231446245098e-07
1560,0.014999999999999999,307.21572470016645,307.21572523206038,-5.3189393156571896e-07,2.4039800415556289,2.4039784710862819,1.5704693470119935e-06
1560,0.016,307.45961962642542,307.45962017457714,-5.4815171779409866e-07,2.3177604595021077,2.317756542789164,3.9167129437522874e-06
1560,0.017000000000000001,307.71977779712188,307.71977839979917,-6.0267728940743837e-07,2.1975229722154208,2.1975169950381437,5.9771772771277654e-06
1560,0.018000000000000002,307.99648909078024,307.99648979989473,-7.0911448801780352e-07,2.0386286031340304,2.0386216694873567,6.9336466737013325e-06
1560,0.019,308.29015968293692,308.29016055887001,-8.7593309672229225e-07,1.8394201323494879,1.8394140193883015,6.1129611863552924e-06
1560,0.02,308.60132070448645,308.60132259337627,-1.888889812562411e-06,1.6021484050786252,1.6021451127837751,3.2922948500768712e-06
1570,0,305.50948529706881,305.50948548256684,-1.8549803826317657e-07,2.549998646123953,2.5499986519452875,-5.8213345255353488e-09
1570,0.001,305.51724144664411,305.51724163664375,-1.8999963913302054e-07,2.5499979874387169,2.5499979949038556,-7.4651387294011329e-09
1570,0.002,305.54051559501215,305.54051580111485,-2.0610269757526112e-07,2.5499952008476745,2.5499952150586589,-1.421098438925128e-08
1570,0.0030000000000000001,305.5793244095878,305.57932464180067,-2.3221286937769037e-07,2.5499869848132213,2.5499870150834054,-3.0270184137037859e-08
1570,0.0040000000000000001,305.63369425425748,305.63369452134503,-2.6708755740401102e-07,2.5499642430319955,2.5499643076372687,-6.4605273131235208e-08
1570,0.0050000000000000001,305.70365915640565,305.7036594652601,-3.0885445312378579e-07,2.5499039643521382,2.5499040970565341,-1.3270439591650529e-07
1570,0.0060000000000000001,305.7892581675294,305.78925852245925,-3.5492985261953436e-07,2.5497513669857934,2.5497516245763121,-2.575905186930072e-07
1570,0.0070000000000000001,305.89053238272646,305.89053278475507,-4.0202860418503406e-07,2.5493837156053414,2.5493841827735473,-4.6716820589765007e-07
1570,0.0080000000000000002,306.00752202879073,306.00752247513532,-4.463445861802029e-07,2.5485428552581029,2.5485436393657506,-7.8410764769998309e-07
1570,0.0090000000000000011,306.14026419785131,306.140264681823,-4.8397168939118274e-07,2.5467203312882782,2.546721536642703,-1.2053544247159209e-06
1570,0.01,306.2887919640105,306.28879247561554,-5.116050374454062e-07,2.5429808728593453,2.5429825461026527,-1.6732433074650999e-06
1570,0.010999999999999999,306.45313572605357,306.45313625354015,-5.2748657708434621e-07,2.535722493209513,2.5357245428237043,-2.0496141912573762e-06
1570,0.012,306.63332760735472,306.63332813986852,-5.3251380904839607e-07,2.5223991508007848,2.5224012654682277,-2.1146674429317613e-06
1570,0.013000000000000001,306.82940954316183,306.82941007441224,-5.3125040722079575e-07,2.4992739594701909,2.4992755743364024,-1.6148662114190415e-06
1570,0.014,307.04144517536417,307.04144570679455,-5.3143037348490907e-07,2.461315816287573,2.4613161854105656,-3.6912299261615544e-07
1570,0.014999999999999999,307.26953440603188,307.26953494803735,-5.4200546628635493e-07,2.4023764430063586,2.4023748508540059,1.5921523526252201e-06
1570,0.016,307.51382585321568,307.51382643302583,-5.7981014833785594e-07,2.3157595304987182,2.3157556102882411,3.920210477126318e-06
1570,0.017000000000000001,307.77451346332487,307.77451412416207,-6.6083720184906269e-07,2.1952013954623721,2.1951954415089228,5.9539534493779911e-06
1570,0.018000000000000002,308.0517893819939,308.05179011749664,-7.3550273782529985e-07,2.0361353874213282,2.0361285012565569,6.8861647712914476e-06
1570,0.019,308.34572240050255,308.34572307935639,-6.7885383714383352e-07,1.8369600376919797,1.8369539816894687,6.0560025110234506e-06
1570,0.02,308.65607176074849,308.6560721445237,-3.8377521605070797e-07,1.5999470645490363,1.5999438179262007,3.2466228356842208e-06
1580,0,305.56191052050934,305.56191073062791,-2.1011857143093948e-07,2.5499985231013582,2.5499985293152898,-6.2139315915032967e-09
1580,0.001,305.56967863507015,305.56967884937399,-2.1430383867482306e-07,2.5499978142512689,2.5499978222049053,-7.9536364161469919e-09
1580,0.002,305.5929878520667,305.59298808146605,-2.2939934751775581e-07,2.5499948280538591,2.5499948430820663,-1.5028207123179982e-08
1580,0.0030000000000000001,305.6318524168579,305.63185267051097,-2.5365307010360993e-07,2.5499860775526675,2.5499861093238891,-3.1771221653542625e-08
1580,0.0040000000000000001,305.6862948589536,305.68629514455728,-2.8560367582031176e-07,2.5499620138477348,2.5499620811818535,-6.7334118725170811e-08
1580,0.0050000000000000001,305.75634430383917,305.75634462701265,-3.2317348086507991e-07,2.549898635000607,2.5498987724027034,-1.3740209636736722e-07
1580,0.0060000000000000001,305.8420343879115,305.84203475160837,-3.6369686995385564e-07,2.5497391540662004,2.549739419130121,-2.6506392059033601e-07
1580,0.0070000000000000001,305.94340108699839,305.94340149106938,-4.0407098822470289e-07,2.5493570901307292,2.5493575680613079,-4.7793057866840627e-07
1580,0.0080000000000000002,306.06048088696627,306.06048132805813,-4.4109185637353221e-07,2.5484878791002186,2.5484886768773563,-7.9777713768436342e-07
1580,0.0090000000000000011,306.19330983590089,306.19331030787657,-4.7197568164847326e-07,2.5466131349184717,2.5466143549093547,-1.2199908829835238e-06
1580,0.01,306.34192408526786,306.34192458012353,-4.9485566933071823e-07,2.5427839033516504,2.5427855884209003,-1.6850692499126296e-06
1580,0.010999999999999999,306.50636248468544,306.50636299356393,-5.0887848601632868e-07,2.535381998940613,2.5353840526505493,-2.0537099363338029e-06
1580,0.012,306.68667150861313,306.68667202307103,-5.1445789495119243e-07,2.5218461984288814,2.521848305406571,-2.1069776896531778e-06
1580,0.013000000000000001,306.88291201444611,306.88291253054336,-5.1609725915113813e-07,2.4984315292652322,2.4984331243363633,-1.5950711311774057e-06
1580,0.014,307.09516569430804,307.09516622184805,-5.2754000989807537e-07,2.4601135195439365,2.4601138624500392,-3.4290610262388554e-07
1580,0.014999999999999999,307.32353634246982,307.32353691145227,-5.6898244338299264e-07,2.4007718192480367,2.4007702058536862,1.6133943505636239e-06
1580,0.016,307.5681378001741,307.56813844032888,-6.4015478073997656e-07,2.3137612413165614,2.3137573179865991,3.9233299622409845e-06
1580,0.017000000000000001,307.82905896318027,307.82905965430569,-6.9112542178118019e-07,2.1928864858846735,2.1928805552053916,5.9306792818958343e-06
1580,0.018000000000000002,308.10630043297942,308.1063010786645,-6.4568507696094457e-07,2.0336521823916454,2.0336453433403467,6.8390512986127305e-06
1580,0.019,308.3996897319501,308.39969018128897,-4.4933887011211482e-07,1.8345115906676999,1.8345055909474381,5.9997202617179113e-06
1580,0.02,308.70879855322801,308.70879867018226,-1.1695425428115414e-07,1.5977568315434019,1.597753629218897,3.2023245049028759e-06
1590,0,305.61441098011107,305.61441121385212,-2.3374104785034433e-07,2.5499983906132004,2.5499983972410472,-6.6278467159008869e-09
1590,0.001,305.62218933002487,305.62218956749712,-2.3747224986436777e-07,2.5499976285109383,2.5499976369777126,-8.4667743927013817e-09
1590,0.002,305.64552856173054,305.64552881290194,-2.5117140012298478e-07,2.5499944312513381,2.5499944471315943,-1.5880256221123545e-08
1590,0.0030000000000000001,305.68444092280208,305.68444119581068,-2.7300859528622823e-07,2.5499851189333587,2.5499851522574914,-3.3324132786560767e-08
1590,0.0040000000000000001,305.73894587410939,305.73894617555914,-3.0144974516588263e-07,2.5499596744885968,2.5499597446252067,-7.0136609853221898e-08
1590,0.0050000000000000001,305.80906881353729,305.80906914797112,-3.3443382108089281e-07,2.5498930777476505,2.5498932199406026,-1.4219295207951177e-07
1590,0.0060000000000000001,305.89483959639085,305.894839965882,-3.6949114701201324e-07,2.5497264943545686,2.5497267669887211,-2.7263415258715895e-07
1590,0.0070000000000000001,305.99629116285593,305.99629156678139,-4.0392546907241922e-07,2.5493296428891967,2.5493301316488335,-4.8875963676309198e-07
1590,0.0080000000000000002,306.11345865566602,306.11345909069968,-4.3503365532160387e-07,2.5484314959786381,2.5484323074146684,-8.1143603036792911e-07
1590,0.0090000000000000011,306.24637943202828,306.24637989245724,-4.604289642884396e-07,2.5465037132320112,2.546504947730885,-1.2344988737922336e-06
1590,0.01,306.39509427914345,306.3950947579101,-4.7876665121293627e-07,2.5425837119705532,2.5425854086180455,-1.6966474922774921e-06
1590,0.010999999999999999,306.55964983375117,306.5596503249551,-4.912039344162622e-07,2.5350372895631059,2.5350393470681198,-2.0575050139193252e-06
1590,0.012,306.74010156460969,306.74010206770447,-5.0309478183407919e-07,2.5212883691943322,2.5212904682587349,-2.0990644027385486e-06
1590,0.013000000000000001,306.9365156316739,306.93651615522668,-5.2355278512550285e-07,2.4975843202462564,2.4975858955145158,-1.5752682593905831e-06
1590,0.014,307.14896660566336,307.14896716560708,-5.599437145065167e-07,2.4589076959200704,2.4589080128724872,-3.1695241675677721e-07
1590,0.014999999999999999,307.37752690590662,307.37752751362984,-6.0772322285629343e-07,2.3991662359935444,2.3991646017923114,1.634201233002841e-06
1590,0.016,307.62224380796135,307.62224445031489,-6.4235354102493147e-07,2.3117656230583536,2.3117616969776167,3.9260807369601025e-06
1590,0.017000000000000001,307.88310201612813,307.88310264137334,-6.252452067201375e-07,2.1905782207244604,2.1905723133654003,5.9073590601421699e-06
1590,0.018000000000000002,308.15997449496729,308.15997501529614,-5.2032885378139326e-07,2.031178909655817,2.0311721173503772,6.7923054398733029e-06
1590,0.019,308.45257039104433,308.45257069879455,-3.0775021286899573e-07,1.8320746818327651,1.8320687377519649,5.9440808002353407e-06
1590,0.02,308.7603937269875,308.76039372260101,4.3864929466508329e-09,1.5955775563127583,1.5955743976189587,3.158693799631962e-06
1600,0,305.6669760120418,305.66697626740881,-2.5536701286910102e-07,2.5499982480702457,2.5499982551341085,-7.0638628280050852e-09
1600,0.001,305.67476320520166,305.67476346376145,-2.5855979401967488e-07,2.5499974294879357,2.5499974384933011,-9.0053653423183277e-09
1600,0.002,305.69812843878952,305.69812870943321,-2.7064368168794317e-07,2.54999400923242,2.5499940260004275,-1.6768007427003795e-08
1600,0.0030000000000000001,305.73708246053405,305.73708275033567,-2.898016191466013e-07,2.5499841067692386,2.5499841416989963,-3.4929757752877322e-08
1600,0.0040000000000000001,305.79164251072655,305.79164282527739,-3.1455084581466508e-07,2.549957221053289,2.5499572940665427,-7.301325366526612e-08
1600,0.0050000000000000001,305.86183146087706,305.86183180382335,-3.429462935855554e-07,2.5498872860374866,2.5498874331141694,-1.4707668283264752e-07
1600,0.0060000000000000001,305.94767689212534,305.94767726484997,-3.7272462805049145e-07,2.5497133777646055,2.5497136580642681,-2.8029966259168759e-07
1600,0.0070000000000000001,306.04921036332689,306.04921076489012,-4.0156322711482062e-07,2.5493013600725445,2.5493018597250017,-4.9965245718652795e-07
1600,0.0080000000000000002,306.1664671175609,306.16646754508423,-4.2752333229145734e-07,2.5483736898250116,2.5483745149058006,-8.2508078902421289e-07
1600,0.0090000000000000011,306.29948638198374,306.29948683170323,-4.4971949364480679e-07,2.5463920520067447,2.5463933008827033,-1.248875958648199e-06
1600,0.01,306.44831217795263,306.4483126470297,-4.6907706519050407e-07,2.5423802933705169,2.5423820013492362,-1.7079787193452489e-06
1600,0.010999999999999999,306.61299413394647,306.61299462261456,-4.8866809265746269e-07,2.5346883771947279,2.5346904381988922,-2.0610041642221688e-06
1600,0.012,306.79358718944309,306.7935877022241,-5.1278101409479859e-07,2.5207256993050691,2.5207277902399041,-2.0909348350528489e-06
1600,0.013000000000000001,306.99014840327658,306.99014894738002,-5.4410344318966963e-07,2.4967323924776945,2.496733947941137,-1.5554634424930214e-06
1600,0.014,307.2027285910217,307.20272917065626,-5.796345590169949e-07,2.4576984183461796,2.4576987096084801,-2.9126230050025015e-07
1600,0.014999999999999999,307.4313565964589,307.43135720376142,-6.0730252471330459e-07,2.3975597575510994,2.3975581029719653,1.6545791341471272e-06
1600,0.016,307.67601503209659,307.67601563826145,-6.0616486052822438e-07,2.3097727056972306,2.3097687772251128,3.9284721178312054e-06
1600,0.017000000000000001,307.9366084435066,307.93660899508126,-5.5157465794763993e-07,2.1882765769782186,2.1882706929809097,5.8839973089419573e-06
1600,0.018000000000000002,308.21292771584734,308.21292813790035,-4.2205300587738748e-07,2.02871549169268,2.0287087457651434,6.7459275365777671e-06
1600,0.019,308.50461723633998,308.50461744187231,-2.0553233071041177e-07,1.8296492042740904,1.829643315222093,5.8890519973875399e-06
1600,0.02,308.8111526545282,308.81115256165322,9.2874984147783834e-08,1.5934091159445833,1.5934060002831221,3.115661461272623e-06
1610,0,305.71959738483793,305.71959765911532,-2.7427739723862032e-07,2.5499980948560679,2.5499981023788312,-7.5227633011820672e-09
1610,0.001,305.72739240509435,305.72739268199717,-2.7690282422554446e-07,2.5499972164215552,2.5499972259917905,-9.5702352709281513e-09
1610,0.002,305.75078075808625,305.75078104538682,-2.8730056556014461e-07,2.5499935607476205,2.5499935784399534,-1.7692332932028876e-08
1610,0.0030000000000000001,305.78977218271547,305.78977248642673,-3.0371126058525988e-07,2.5499830388161713,2.5499830754050907,-3.6588919449798141e-08
1610,0.0040000000000000001,305.8443824858652,305.84438281064706,-3.2478186540174647e-07,2.5499546495666725,2.5499547255312112,-7.5964538659434311e-08
1610,0.0050000000000000001,305.9146330202251,305.91463336905582,-3.4883072430602624e-07,2.5498812532384232,2.5498814052913752,-1.5205295200715341e-07
1610,0.0060000000000000001,306.00055015706351,306.00055053115335,-3.7408983644127147e-07,2.5496997941667359,2.5497000822255935,-2.880588576559262e-07
1610,0.0070000000000000001,306.10216489183745,306.10216529090206,-3.9906461779537494e-07,2.5492722279186513,2.5492727385247815,-5.1060613026621127e-07
1610,0.0080000000000000002,306.21951265344148,306.21951307641029,-4.2296881019865396e-07,2.5483144447690349,2.5483152834769922,-8.3870795730689451e-07
1610,0.0090000000000000011,306.35263322892234,306.35263367500914,-4.4608680127566913e-07,2.5462781373989962,2.5462794005188285,-1.2631198322843318e-06
1610,0.01,306.50157045069966,306.50157092050227,-4.6980261458884343e-07,2.5421736427052015,2.5421753617689302,-1.7190637287001209e-06
1610,0.010999999999999999,306.66637093947554,306.66637143545358,-4.9597804263612488e-07,2.5343352743909575,2.5343373386030779,-2.0642121203451325e-06
1610,0.012,306.84708082183477,306.84708134735507,-5.25520306382532e-07,2.5201582250731511,2.5201603076692529,-2.0825961017933992e-06
1610,0.013000000000000001,307.04373907979522,307.04373963618588,-5.5639065976720303e-07,2.4958758055563433,2.4958773412186668,-1.53566232352631e-06
1610,0.014,307.25636622229331,307.25636680407348,-5.8178017070531496e-07,2.4564857586841695,2.456486024520157,-2.6583598744522874e-07
1610,0.014999999999999999,307.4849474722742,307.48494806170226,-5.8942805480910465e-07,2.395952446854039,2.3959507723198654,1.6745341735457941e-06
1610,0.016,307.7294107178584,307.72941128078338,-5.629249812955095e-07,2.3077825181123424,2.3077785875992016,3.9305131407374461e-06
1610,0.017000000000000001,307.98960097157823,307.98960145637267,-4.8479444103577407e-07,2.1859815313981574,2.1859756707995412,5.8605986161808232e-06
1610,0.018000000000000002,308.26525467068626,308.265255011112,-3.4042574270642945e-07,2.0262618520116247,2.026255152094572,6.6999170527104468e-06
1610,0.019,308.55597831173975,308.55597843352297,-1.217832164002175e-07,1.8272350514906526,1.8272292168690589,5.8346215936477819e-06
1610,0.02,308.86123611991889,308.86123595414529,1.6577359929215163e-07,1.5912513947319042,1.5912483215345137,3.0731973905684384e-06
1620,0,305.77226936544008,305.7722696553783,-2.8993821388212382e-07,2.549997930326295,2.5499979383316549,-8.0053599305074385e-09
1620,0.001,305.78007154709354,305.78007183910108,-2.9200754170233267e-07,2.5499969885194553,2.5499969986816691,-1.0162213737174852e-08
1620,0.002,305.80348116003177,305.80348146081502,-3.0078325607973966e-07,2.5499930845050316,2.5499931031591432,-1.8654111588745081e-08
1620,0.0030000000000000001,305.84250732521826,305.8425076398791,-3.1466083783016074e-07,2.5499819127716625,2.5499819510740904,-3.8302427896041991e-08
1620,0.0040000000000000001,305.89716498764335,305.8971653202284,-3.3258504572586389e-07,2.5499519559802795,2.5499520349711888,-7.899090936902553e-08
1620,0.0050000000000000001,305.96747459274548,305.96747494610082,-3.5335534676050884e-07,2.5498749726446857,2.5498751297660895,-1.5712140388757234e-07
1620,0.0060000000000000001,306.05346172445763,306.05346210032678,-3.7586914913845249e-07,2.5496857333914265,2.5496860293015469,-2.9591012040697251e-07
1620,0.0070000000000000001,306.15515672216486,306.15515712155212,-3.9938726104082889e-07,2.5492422327155473,2.5492427543333052,-5.2161775787595843e-07
1620,0.0080000000000000002,306.27259419651074,306.27259462023591,-4.2372516873001587e-07,2.5482537451410918,2.5482545974552409,-8.5231414903574887e-07
1620,0.0090000000000000011,306.40581220299111,306.40581265223159,-4.4924047415406676e-07,2.5461619559416349,2.5461632331699295,-1.2772282946826863e-06
1620,0.01,306.55485062063906,306.55485109712589,-4.7648683221268584e-07,2.5419637556186041,2.5419654855220117,-1.7299034076323494e-06
1620,0.010999999999999999,306.71974806131317,306.71974856678605,-5.0547288310553995e-07,2.5339779941303524,2.5339800612639718,-2.0671336193878176e-06
1620,0.012,306.90053647504811,306.90053700965927,-5.346111606741033e-07,2.519585982900534,2.5195880569557212,-2.0740551871512025e-06
1620,0.013000000000000001,307.0972326140992,307.09723317373613,-5.5963693057492492e-07,2.4950146186072057,2.4950161344775474,-1.5158703416950914e-06
1620,0.014,307.30982576742065,307.30982634031977,-5.728991254727589e-07,2.4552697877405323,2.4552700284141205,-2.4067358816992623e-07
1620,0.014999999999999999,307.53826173261268,307.53826229606477,-5.6345209031860577e-07,2.3943443654902947,2.3943426714178435,1.6940724512082284e-06
1620,0.016,307.78242382450344,307.78242434271397,-5.1821052693412639e-07,2.3057950881214309,2.3057911559088895,3.9322125413576714e-06
1620,0.017000000000000001,308.04211268800549,308.04211311203233,-4.2402683675391017e-07,2.1836930605043361,2.1836872233366242,5.8371677118529419e-06
1620,0.018000000000000002,308.31702754553538,308.3170278158268,-2.7029142302126274e-07,2.0238179152072204,2.0238112609357981,6.6542714223238875e-06
1620,0.019,308.60675198101501,308.60675203240885,-5.139384029462235e-08,1.8248321174933573,1.8248263367106625,5.7807826947531282e-06
1620,0.02,308.91074780006971,308.91074698251123,8.1755848668763065e-07,1.5891042809622866,1.5891012496938877,3.0312683989563993e-06
1630,0,305.8249883315155,305.82498863524091,-3.0372541459655622e-07,2.5499977538078897,2.5499977623110035,-8.5031137686542024e-09
1630,0.001,305.83279726679888,305.83279757105208,-3.0425320574067882e-07,2.5499967449569376,2.5499967557382512,-1.0781313619645516e-08
1630,0.002,305.85622700005786,305.85622731180172,-3.1174386094789952e-07,2.549992579169718,2.549992598823362,-1.965364404554748e-08
1630,0.0030000000000000001,305.89528625493813,305.89528657869641,-3.237582859583199e-07,2.5499807262746121,2.5499807663452416,-4.0070629481192555e-08
1630,0.0040000000000000001,305.94998937942637,305.94998971900566,-3.3957928735617315e-07,2.5499491361728608,2.5499492182652705,-8.2092409758871554e-08
1630,0.0050000000000000001,306.02035606442763,306.02035642288428,-3.5845664569933433e-07,2.549868437478271,2.549868599759566,-1.6228129506856703e-07
1630,0.0060000000000000001,306.10641093346123,306.1064113132266,-3.7976536759742885e-07,2.549671185232488,2.5496714890839982,-3.0385151017497947e-07
1630,0.0070000000000000001,306.20818292669992,306.2081833298289,-4.0312897908734158e-07,2.549211360805367,2.5492118934895585,-5.3268419142327161e-07
1630,0.0080000000000000002,306.32570430643472,306.32570473486311,-4.2842839320655912e-07,2.5481915754747209,2.5481924413705368,-8.6589581593798925e-07
1630,0.0090000000000000011,306.45900898348265,306.45900943910044,-4.5561779415947967e-07,2.5460434945419874,2.5460447857410369,-1.2911990494579584e-06
1630,0.01,306.60812972806713,306.60813021237374,-4.8430661081511062e-07,2.5417506282362257,2.5417523687347692,-1.7404985435121034e-06
1630,0.010999999999999999,306.77309372474855,306.77309423786625,-5.1311769766471116e-07,2.5336165498001804,2.5336186195733674,-2.0697731870633618e-06
1630,0.012,306.95391591348948,306.95391645235662,-5.3886714113104972e-07,2.5190090092653503,2.5190110745840948,-2.065318744470801e-06
1630,0.013000000000000001,307.15058969057873,307.15059024633109,-5.5575236501681502e-07,2.4941488902797611,2.4941503863723296,-1.4960925684981419e-06
1630,0.014,307.36307491957916,307.36307547548773,-5.5590857073184452e-07,2.4540505752792479,2.4540507910541698,-2.1577492193003422e-07
1630,0.014999999999999999,307.59128414896588,307.59128468120019,-5.3223430995785748e-07,2.3927355737313984,2.3927338605312083,1.7132001901565275e-06
1630,0.016,307.83507057774483,307.83507104931118,-4.7156635218925658e-07,2.3038104425112502,2.3038065089322615,3.9335789887573469e-06
1630,0.017000000000000001,308.09422779124054,308.09422814466529,-3.5342475257493788e-07,2.1814111406057775,2.1814053268961686,5.8137096088373141e-06
1630,0.018000000000000002,308.36852140390806,308.36852161957705,-2.1566899022218422e-07,2.0213836069112268,2.0213769979241762,6.6089870505159354e-06
1630,0.019,308.6577748330152,308.65777499125153,-1.5823633248146507e-07,1.8224402971505198,1.822434569622333,5.7275281868385264e-06
1630,0.02,308.96200249108239,308.96200275631514,-2.6523275664658286e-07,1.5869675781769783,1.5869645874307186,2.9907462597567047e-06
1640,0,305.87775199701855,305.87775231115666,-3.1413810575031675e-07,2.5499975645984168,2.5499975736339588,-9.0355420923060592e-09
1640,0.001,305.8855674028967,305.88556771727184,-3.1437514280696632e-07,2.5499964848762424,2.5499964963062713,-1.1430028923342661e-08
1640,0.002,305.90901642928111,305.90901675034206,-3.2106095204653684e-07,2.5499920433631309,2.5499920640560623,-2.0692931368415657e-08
1640,0.0030000000000000001,305.94810743925757,305.94810777120813,-3.3195055948453955e-07,2.5499794769050994,2.5499795188002956,-4.1895196201124918e-08
1640,0.0040000000000000001,306.00285415150711,306.00285449812094,-3.4661383097045473e-07,2.5499461859509887,2.5499462712211747,-8.5270186023223005e-08
1640,0.0050000000000000001,306.07327527284082,306.07327563746242,-3.6462159869188326e-07,2.5498616408908257,2.5498618084236662,-1.6753284048931505e-07
1640,0.0060000000000000001,306.15939388949056,306.15939427509909,-3.8560852999580675e-07,2.5496561394503536,2.549656451332293,-3.1188193938547215e-07
1640,0.0070000000000000001,306.26123648474453,306.26123689401788,-4.092733547622629e-07,2.5491795985881995,2.5491801423912985,-5.4380309899570989e-07
1640,0.0080000000000000002,306.37883137242295,306.37883180766948,-4.352465339252376e-07,2.5481279205088989,2.5481287999591213,-8.7945022242408299e-07
1640,0.0090000000000000011,306.51220625263522,306.51220671544257,-4.6280734977699467e-07,2.5459227404795932,2.545924045510195,-1.3050306018058677e-06
1640,0.01,306.6613845366204,306.66138502722953,-4.9060912488130271e-07,2.5415342571562287,2.5415360080068674,-1.7508506386931799e-06
1640,0.010999999999999999,306.82638010462165,306.82638062132253,-5.1670087941602105e-07,2.5332509551823224,2.5332530273182789,-2.0721359565989417e-06
1640,0.012,307.00719035614418,307.00719089453014,-5.3838596159039298e-07,2.5184273407087039,2.5184293971025817,-2.0563938778472846e-06
1640,0.013000000000000001,307.20378796965508,307.20378851962846,-5.4997337883833097e-07,2.4932786787446437,2.4932801550790589,-1.4763344151624835e-06
1640,0.014,307.41611297315626,307.41611351214408,-5.3898781970929122e-07,2.4528281900347721,2.4528283811749669,-1.9114019478294608e-07
1640,0.014999999999999999,307.64406871388854,307.64406920244016,-4.885516204922169e-07,2.3911261305609446,2.3911243986378725,1.7319230720680423e-06
1640,0.016,307.88752768262503,307.88752808020303,-3.9757799186190823e-07,2.3018286070666329,2.3018246724462341,3.9346203988266382e-06
1640,0.017000000000000001,308.14635424024146,308.14635454480759,-3.0456612876150757e-07,2.1791357478255282,2.179129957596837,5.7902286911826195e-06
1640,0.018000000000000002,308.42044834426798,308.42044860514522,-2.6087724336321116e-07,2.0189588537141292,2.0189522896549228,6.564059206404238e-06
1640,0.019,308.70980553160734,308.70980582949812,-2.9789077871100744e-07,1.820059485690902,1.8200538108516107,5.6748392913696932e-06
1640,0.02,309.0145765845557,309.01457701393133,-4.2937563193845563e-07,1.5848411958045161,1.5848382456097048,2.9501948113352938e-06
1650,0,305.93055849500598,305.93055881835113,-3.2334514799003955e-07,2.5499973619653118,2.54999737155944,-9.5941281585965044e-09
1650,0.001,305.9383800814652,305.93838040489555,-3.234303562749119e-07,2.5499962073858455,2.5499962194942301,-1.2108384517262039e-08
1650,0.002,305.96184750070063,305.96184783041031,-3.2970967822620878e-07,2.5499914756625315,2.5499914974348097,-2.1772278202547568e-08
1650,0.0030000000000000001,306.00096864342862,306.00096898349966,-3.40071039772738e-07,2.5499781621842006,2.5499782059606355,-4.3776434921483087e-08
1650,0.0040000000000000001,306.05575634723448,306.05575670149125,-3.5425676969680353e-07,2.5499431010496814,2.5499431895738818,-8.8524200414497045e-08
1650,0.0050000000000000001,306.12622786260766,306.12622823458656,-3.7197889923845651e-07,2.54985457596554,2.5498547488407532,-1.7287521325570765e-07
1650,0.0060000000000000001,306.2124039698553,306.21240436275747,-3.9290216591325589e-07,2.5496405857753177,2.5496409057747385,-3.1999942073923648e-07
1650,0.0070000000000000001,306.31430759792141,306.31430801452603,-4.1660462102299789e-07,2.5491469325258325,2.5491474874971982,-5.5497136575155537e-07
1650,0.0080000000000000002,306.43196175131294,306.43196219382475,-4.4251180497667519e-07,2.5480627651901702,2.5480636581641307,-8.929739605534337e-07
1650,0.0090000000000000011,306.56538653725454,306.56538700699571,-4.6974116685305489e-07,2.5457996814038437,2.545801000124722,-1.3187208782738935e-06
1650,0.01,306.7145951496575,306.71459564630317,-4.9664566859064507e-07,2.541314639440678,2.541316400401338,-1.7609606599577887e-06
1650,0.010999999999999999,306.87958888343019,306.87958940327024,-5.1984005722260918e-07,2.5328812244395245,2.5328832986659688,-2.0742264443818215e-06
1650,0.012,307.06035171068095,307.06035224372965,-5.3304870561987627e-07,2.517841013821942,2.5178430611089033,-2.0472869612930822e-06
1650,0.013000000000000001,307.25684570340627,307.25684623082492,-5.2741864919880754e-07,2.492404041690663,2.4924054982912276,-1.4566005646088342e-06
1650,0.014,307.4690095519353,307.46901004742278,-4.9548748393135611e-07,2.4516026997249396,2.4516028664939302,-1.6676899061707218e-07
1650,0.014999999999999999,307.69676325485403,307.69676369319797,-4.3834393181896303e-07,2.3895160937022504,2.3895143434550206,1.7502472298147609e-06
1650,0.016,307.94002208492293,307.94002245721475,-3.7229182225928525e-07,2.2998496065987366,2.299845671253717,3.9353450196344397e-06
1650,0.017000000000000001,308.1987214291791,308.19872175450053,-3.2532142313357326e-07,2.1768668581244168,2.1768610913946587,5.7667297581609489e-06
1650,0.018000000000000002,308.47285075858917,308.47285108080632,-3.2221714718616568e-07,2.0165435830902054,2.0165370636066005,6.5194836049720095e-06
1650,0.019,308.76249057687556,308.76249095396309,-3.7708753097831504e-07,1.8176895773329687,1.8176839546112769,5.6227216918003364e-06
1650,0.02,309.06784270971241,309.06784321081625,-5.0110384108847938e-07,1.5827250559266695,1.5827221458555834,2.9100710861040824e-06
1660,0,305.98340557757723,305.98340590975789,-3.321806616440881e-07,2.5499971451451615,2.5499971553248635,-1.0179701970258748e-08
1660,0.001,305.9912329482421,305.99123328045727,-3.3221516559933661e-07,2.5499959115597624,2.5499959243769905,-1.2817228167705252e-08
1660,0.002,306.01471750726722,306.01471784563148,-3.3836425927802338e-07,2.5499908746004416,2.549990897492981,-2.2892539419672175e-08
1660,0.0030000000000000001,306.05386647020464,306.05386681877906,-3.4857441733038286e-07,2.5499767795738322,2.5499768252889168,-4.5715084606712253e-08
1660,0.0040000000000000001,306.10869142459336,306.10869178724948,-3.6265612379793311e-07,2.549939877133073,2.549939968987851,-9.1854778005995286e-08
1660,0.0050000000000000001,306.17920760342946,306.17920798379822,-3.8036876048863633e-07,2.549847235719068,2.5498474140269649,-1.7830789689199378e-07
1660,0.0060000000000000001,306.2654327341711,306.26543313554362,-4.0137251744454261e-07,2.5496245139107536,2.5496248421129848,-3.2820223117013825e-07
1660,0.0070000000000000001,306.36738534630695,306.36738577142523,-4.2511828723945655e-07,2.5491133491453768,2.549113915331541,-5.6618616417480894e-07
1660,0.0080000000000000002,306.48508242979784,306.48508288040739,-4.5060954789732932e-07,2.5479960946745965,2.5479970011385467,-9.0646395012328185e-07
1660,0.0090000000000000011,306.6185364082279,306.61853688422354,-4.759956482303096e-07,2.5456743053314614,2.5456756375996021,-1.3322681406968684e-06
1660,0.01,306.76775156269991,306.76775206079424,-4.9809432312031277e-07,2.5410917726067646,2.5410935434366113,-1.7708298467589145e-06
1660,0.010999999999999999,306.93272034783814,306.93272086005368,-5.1221553576397127e-07,2.53250737210189,2.5325094481512216,-2.0760493315563622e-06
1660,0.012,307.11342047746911,307.11342099035738,-5.1288827762618894e-07,2.517250065234391,2.5172521032388366,-2.0380044456480562e-06
1660,0.013000000000000001,307.30981414789272,307.30981464384826,-4.95955532642256e-07,2.4915250363222339,2.4915264732179474,-1.4368957135246774e-06
1660,0.014,307.52185112879152,307.5218515903419,-4.6155037125572562e-07,2.4503741710640008,2.4503743137249554,-1.4266095460513384e-07
1660,0.014999999999999999,307.74947740987994,307.74947782643659,-4.1655664517747937e-07,2.3879055196454577,2.387903751466899,1.768178558680944e-06
1660,0.016,307.99265037035309,307.99265074524163,-3.7488854331968469e-07,2.2978734649730201,2.2978695292122864,3.9357607337642264e-06
1660,0.017000000000000001,308.25135993451954,308.25136028830411,-3.537845714163268e-07,2.1746044473208475,2.1745987041036665,5.7432171809423949e-06
1660,0.018000000000000002,308.52565312824612,308.52565349677928,-3.6853316487395205e-07,2.0141377233027802,2.0141312480476357,6.4752551445224071e-06
1660,0.019,308.81565750488323,308.81565793359681,-4.287135766389838e-07,1.8153304673692936,1.8153248961885373,5.5711807562808247e-06
1660,0.02,309.12159792448392,309.12159847057097,-5.4608705113423639e-07,1.5806190653626238,1.5806161949559994,2.870406624388977e-06
1670,0,306.03629008206235,306.03629042337855,-3.41316194862884e-07,2.5499969133429872,2.5499969241361033,-1.0793116178575701e-08
1670,0.001,306.04412268019979,306.04412302155544,-3.413556441955734e-07,2.5499955964368652,2.549995609994288,-1.3557422740007041e-08
1670,0.002,306.06762263317074,306.06762298069867,-3.4752792998915538e-07,2.5499902386641087,2.5499902627186852,-2.4054576552856588e-08
1670,0.0030000000000000001,306.10679625532435,306.10679661311968,-3.5779532936430769e-07,2.5499753264766323,2.5499753741885027,-4.77118704544921e-08
1670,0.0040000000000000001,306.16165351702699,306.16165388899157,-3.7196457469690358e-07,2.5499365097951179,2.5499366050573293,-9.5262211452507017e-08
1670,0.0050000000000000001,306.23220716325068,306.23220755296973,-3.8971904814388836e-07,2.5498396131034617,2.5498397969337909,-1.8383032918123376e-07
1670,0.0060000000000000001,306.31847139333797,306.31847180382755,-4.1048957655220875e-07,2.5496079135362906,2.5496082500249297,-3.3648863917434824e-07
1670,0.0070000000000000001,306.42046005769583,306.420460490957,-4.3326116383468616e-07,2.5490788350427991,2.5490794124874947,-5.7744469561527012e-07
1670,0.0080000000000000002,306.53818438462156,306.53818484095103,-4.5632947376361699e-07,2.547927894329546,2.5479288142467444,-9.1991719841644226e-07
1670,0.0090000000000000011,306.67165037105394,306.67165084815866,-4.7710472017570282e-07,2.5455466006438598,2.5455479463146324,-1.3456707725900685e-06
1670,0.01,306.82085616578303,306.82085665793869,-4.9215566377824871e-07,2.540865654618091,2.5408674350776281,-1.7804595371373466e-06
1670,0.010999999999999999,306.98579003198614,306.98579052970808,-4.9772194188335561e-07,2.5321294130536831,2.5321314906629935,-2.0776093103691551e-06
1670,0.012,307.16642974998632,307.16643024081117,-4.9082484565587947e-07,2.5166545316015547,2.5166565601542055,-2.0285526507457519e-06
1670,0.013000000000000001,307.36274451671807,307.36274498751789,-4.7079981868591858e-07,2.4906417193571504,2.4906431365815238,-1.4172243734122958e-06
1670,0.014,307.57470038514793,307.57470082583643,-4.4068849547329592e-07,2.4491426697756018,2.4491427885912396,-1.1881563777293991e-07
1670,0.014999999999999999,307.80226993699063,307.8022703448226,-4.0783197619020939e-07,2.3862944636739032,2.3862926779510087,1.7857228944428982e-06
1670,0.016,308.04544613561916,308.04544651868957,-3.8307041450025281e-07,2.2959002051368635,2.2958962692615992,3.9358752643714467e-06
1670,0.017000000000000001,308.30425923836293,308.30425961686751,-3.7850458056709613e-07,2.1723484911058386,2.1723427714107904,5.7196950482563125e-06
1670,0.018000000000000002,308.57879450191001,308.57879490664533,-4.0473531726092915e-07,2.0117412032957329,2.0117347719265011,6.4313692318407334e-06
1670,0.019,308.86920756293279,308.86920803133171,-4.6839892320349463e-07,1.8129820534828964,1.8129765332738221,5.5202090742945131e-06
1670,0.02,309.17573419128126,309.17573477202063,-5.8073936770597356e-07,1.5785231287540271,1.5785202975463588,2.8312076683079113e-06
1680,0,306.08920772814486,306.0892080794157,-3.5127084174746415e-07,2.5499966657315341,2.5499966771667477,-1.1435213664867661e-08
1680,0.001,306.09704483572585,306.09704518706627,-3.5134041809214978e-07,2.5499952610202103,2.5499952753500379,-1.4329827546788465e-08
1680,0.002,306.12055796624105,306.12055832382612,-3.5758506555794156e-07,2.5499895662949905,2.5499895915542319,-2.5259241365205298e-08
1680,0.0030000000000000001,306.15975235890176,306.1597527268068,-3.6790504509554012e-07,2.5499738002358669,2.5499738500033602,-4.9767493237595772e-08
1680,0.0040000000000000001,306.21463612561422,306.21463650758227,-3.8196805007828516e-07,2.5499329945603249,2.549933093307073,-9.8746748111722127e-08
1680,0.0050000000000000001,306.28521930420709,306.28521970341359,-3.9920649896885152e-07,2.5498317010081228,2.5498318904500308,-1.8944190793845905e-07
1680,0.0060000000000000001,306.37151252074898,306.37151293942554,-4.1867656364047434e-07,2.5495907743109569,2.5495911191678378,-3.4485688082952493e-07
1680,0.0070000000000000001,306.47352529812923,306.47352573705444,-4.3892521262023365e-07,2.5490433768863272,2.5490439656304962,-5.8874416897225501e-07
1680,0.0080000000000000002,306.59126412787748,306.59126458579311,-4.5791563252350898e-07,2.5478581497353296,2.5478590830661068,-9.3333077710866519e-07
1680,0.0090000000000000011,306.72473054580331,306.72473101890694,-4.7310362560892827e-07,2.5454165560843935,2.5454179150116398,-1.358927246286612e-06
1680,0.01,306.8739196107872,306.87392009254285,-4.8175564870689414e-07,2.5406362838760104,2.5406380737271426,-1.7898511321945421e-06
1680,0.010999999999999999,307.03881935173956,307.03881983329865,-4.8155908416447346e-07,2.5317473625204205,2.5317494414314514,-2.0789110308783165e-06
1680,0.012,307.21941186956178,307.21941234102331,-4.7146153292487725e-07,2.516054449593756,2.5160564685315077,-2.0189377516466323e-06
1680,0.013000000000000001,307.41567679070607,307.41567724324182,-4.5253574398884666e-07,2.4897541470246902,2.4897555446155772,-1.3975908870200726e-06
1680,0.014,307.62759759832062,307.62759802688993,-4.2856930804191506e-07,2.4479082606057587,2.4479083558382424,-9.5232483676710444e-08
1680,0.014999999999999999,307.85517097569624,307.85517138178659,-4.0609035067973309e-07,2.3846829798898588,2.384681177003841,1.8028860178098682e-06
1680,0.016,308.09841870372009,308.09841909734303,-3.9362294046441093e-07,2.2939298491467333,2.2939259134505692,3.9356961640812926e-06
1680,0.017000000000000001,308.35740095708809,308.357401357333,-4.0024491454460076e-07,2.1700989650527398,2.1700932688855969,5.6961671428545912e-06
1680,0.018000000000000002,308.63222921385847,308.63222964764867,-4.337902055340237e-07,2.0093539526494317,2.0093475648268599,6.3878225717850512e-06
1680,0.019,308.92307663236477,308.92307713133738,-4.9897261078513111e-07,1.8106442356024359,1.810638765806305,5.4697961309191356e-06
1680,0.02,309.23018443189193,309.23018443082668,1.0652456694515422e-09,1.5764371507012587,1.5764343581989206,2.7925023380337421e-06
1690,0,306.1421532853671,306.14215364838822,-3.6302111539043835e-07,2.5499964014505649,2.5499964135714448,-1.212087985535959e-08
1690,0.001,306.14999407610304,306.14999443830033,-3.6219728372088866e-07,2.5499949042763643,2.5499949194129115,-1.5136547126815003e-08
1690,0.002,306.17351787691968,306.17351824521376,-3.6829408145422349e-07,2.5499888558882597,2.5499888823964851,-2.6508225392518625e-08
1690,0.0030000000000000001,306.21272878668969,306.21272916496309,-3.7827339838258922e-07,2.5499721981353702,2.5499722500186821,-5.1883311869005411e-08
1690,0.0040000000000000001,306.26763301803953,306.26763340964516,-3.9160562437245972e-07,2.5499293268845289,2.5499294291937145,-1.023091855678615e-07
1690,0.0050000000000000001,306.3382379898523,306.33823839732673,-4.0747443108557491e-07,2.549823492261762,2.5498236874042659,-1.9514250393370958e-07
1690,0.0060000000000000001,306.42455111701321,306.42455154169681,-4.2468360561542795e-07,2.5495730858762844,2.5495734391819096,-3.5330562520030639e-07
1690,0.0070000000000000001,306.52657839864895,306.52657884026655,-4.4161760115457582e-07,2.5490069614197695,2.5490075615020018,-6.0008223234930824e-07
1690,0.0080000000000000002,306.64432298542425,306.6443234417203,-4.5629604983332683e-07,2.5477868466866935,2.5477877933888906,-9.4670219707992942e-07
1690,0.0090000000000000011,306.77778400703016,306.77778447360271,-4.6657254415549687e-07,2.5452841607554957,2.5452855327919739,-1.3720364782088268e-06
1690,0.01,306.92695604665977,306.92695651715962,-4.704998559645901e-07,2.5404036592110057,2.5404054582174278,-1.7990064220541058e-06
1690,0.010999999999999999,307.09182973148313,307.09183019831272,-4.6682959009558544e-07,2.5313612360562421,2.5313633160156801,-2.0799594380171982e-06
1690,0.012,307.272393929202,307.27239438466302,-4.5546102001026156e-07,2.5154498558851959,2.5154518650512956,-2.0091660997145766e-06
1690,0.013000000000000001,307.46863996635699,307.46864040396514,-4.3760815060522873e-07,2.4888623750640497,2.4888637530637712,-1.3779997214413697e-06
1690,0.014,307.68056813063481,307.68056854739353,-4.1675872353152954e-07,2.446671007335774,2.4466710792469066,-7.1911132604185468e-08
1690,0.014999999999999999,307.90819674188754,307.90819714473525,-4.028477178508183e-07,2.3830711212396762,2.3830693015663256,1.8196733506670171e-06
1690,0.016,308.15157525522858,308.15157566083082,-4.0560223624197533e-07,2.2919624181946845,2.2919584829641528,3.9352305316597835e-06
1690,0.017000000000000001,308.4108070451137,308.41080745746342,-4.1234972059100983e-07,2.1678558446220135,2.1678501719853362,5.6726366772785752e-06
1690,0.018000000000000002,308.68609469589865,308.68609514872765,-4.5282899918674957e-07,2.0069759016003403,2.0069695569880275,6.3446123128585441e-06
1690,0.019,308.97782206518599,308.97782271246541,-6.4727942117315251e-07,1.8083169156129557,1.8083114956802024,5.4199327532700181e-06
1690,0.02,309.2866651475187,309.28666620808741,-1.0605687066345126e-06,1.5743611678593059,1.5743584149263852,2.7529329207354181e-06
1700,0,306.19512105296303,306.19512142705645,-3.740934175766597e-07,2.5499961196061589,2.5499961324290856,-1.2822926720446048e-08
1700,0.001,306.20296467881752,306.20296505197393,-3.7315641066015814e-07,2.5499945251347591,2.5499945411107259,-1.5975966771719641e-08
1700,0.002,306.22649661854985,306.22649699742641,-3.7887656390012125e-07,2.5499881057923308,2.5499881335930064,-2.7800675539424446e-08
1700,0.0030000000000000001,306.2657198883831,306.26572027649496,-3.8811185731901787e-07,2.5499705173995162,2.5499705714581586,-5.4058642451337846e-08
1700,0.0040000000000000001,306.32063896097895,306.32063936115964,-4.0018068148128805e-07,2.5499255021556966,2.5499256081042758,-1.059485792431758e-07
1700,0.0050000000000000001,306.39125898408213,306.39125939818797,-4.1410584117329563e-07,2.5498149796343834,2.5498151805648304,-2.0093044694746709e-07
1700,0.0060000000000000001,306.47758479969963,306.47758522827678,-4.2857715243371786e-07,2.5495548378593789,2.5495551996915751,-3.6183219620511409e-07
1700,0.0070000000000000001,306.57961990270263,306.57962034467971,-4.4197707893545157e-07,2.5489695754657018,2.5489701869210628,-6.1145536101037123e-07
1700,0.0080000000000000002,306.69736554478158,306.69736599725593,-4.5247435309647699e-07,2.5477139711941272,2.5477149312220866,-9.6002795935135055e-07
1700,0.0090000000000000011,306.83082026157211,306.83082071978987,-4.5821775529475417e-07,2.5451494041156728,2.5451507891121627,-1.384996489939283e-06
1700,0.01,306.97998016592226,306.97998062369788,-4.5777562718285481e-07,2.540167779874102,2.5401695878004333,-1.8079263313097726e-06
1700,0.010999999999999999,307.14484040365477,307.14484085475641,-4.5110164137440734e-07,2.5309710495315429,2.5309731302900831,-2.0807585401350082e-06
1700,0.012,307.32539823855558,307.32539867911646,-4.405608819979534e-07,2.5148407871434446,2.5148427863864984,-1.9992430537740802e-06
1700,0.013000000000000001,307.52165842482583,307.52165885425677,-4.2943094058500719e-07,2.4879664587231356,2.4879678171774495,-1.3584543139266714e-06
1700,0.014,307.733642030765,307.7336424479559,-4.1719090404512826e-07,2.4454309727952013,2.4454310216454727,-4.8850271383571453e-08
1700,0.014999999999999999,307.96140086366262,307.96140126310155,-3.9943893170857336e-07,2.3814589395384851,2.3814571034473402,1.836091144902241e-06
1700,0.016,308.20504087015104,308.20504125193486,-3.8178382055775728e-07,2.2899979326340265,2.2899939981478701,3.9344861564316602e-06
1700,0.017000000000000001,308.46475815508518,308.46475856346427,-4.0837909409674467e-07,2.1656191051637834,2.1656134560562181,5.6491075652864708e-06
1700,0.018000000000000002,308.74088859241414,308.74088914448532,-5.5207118521138909e-07,2.0046069810780076,2.0046006793410993,6.3017369082984942e-06
1700,0.019,309.03396506397775,309.03396590228203,-8.3830428820874658e-07,1.8059999982436445,1.8059946276172534,5.3706263911657004e-06
1700,0.02,309.34476725293734,309.34476850779026,-1.2548529184641666e-06,1.5722950625922838,1.5722923479385396,2.7146537442401808e-06
1710,0,306.24810546662593,306.24810585149146,-3.8486552966787713e-07,2.5499958192700323,2.5499958328262742,-1.355624190679805e-08
1710,0.001,306.25595114624196,306.25595152997289,-3.837309350274154e-07,2.5499941224870417,2.549994139337239,-1.6850197237516795e-08
1710,0.002,306.27948892879925,306.27948931763001,-3.8883075603735051e-07,2.5499873143084058,2.5499873434466718,-2.9138266022243897e-08
1710,0.0030000000000000001,306.31872090612688,306.31872130307676,-3.969498720834963e-07,2.549968755193214,2.5499688114880277,-5.629481369950895e-08
1710,0.0040000000000000001,306.37365011909884,306.37365052640621,-4.0730736827754299e-07,2.5499215156947521,2.54992162536041,-1.0966565788805838e-07
1710,0.0050000000000000001,306.44427995736106,306.44428037619514,-4.1883407675413764e-07,2.5498061558392515,2.5498063626448029,-2.0680555135044187e-07
1710,0.0060000000000000001,306.53061346158677,306.53061389177122,-4.3018445694542606e-07,2.5495360198759416,2.5495363903111761,-3.7043523448687665e-07
1710,0.0070000000000000001,306.63265268421191,306.63265312405878,-4.3984687181364279e-07,2.5489312059285805,2.5489318287898244,-6.2286124391519593e-07
1710,0.0080000000000000002,306.75039832415831,306.75039877054485,-4.4638653662332217e-07,2.5476395094850797,2.5476404827908112,-9.7330573156639844e-07
1710,0.0090000000000000011,306.8838499200159,306.88385036878901,-4.487731075641932e-07,2.5450122759764868,2.545013673782881,-1.3978063941877394e-06
1710,0.01,307.03300697494251,307.03300742149975,-4.4655723741016118e-07,2.5399286455284202,2.5399304621411991,-1.8166127788710185e-06
1710,0.010999999999999999,307.19787152142135,307.19787196104807,-4.3962671725239488e-07,2.5305768191209426,2.530578900434167,-2.0813132244335009e-06
1710,0.012,307.37845285600389,307.37845328369417,-4.2769028141265153e-07,2.5142272800193273,2.5142292691940349,-1.9891747076172805e-06
1710,0.013000000000000001,307.57477551021361,307.57477592084376,-4.1063015032705152e-07,2.4870664527575643,2.4870677917163837,-1.3389588193746249e-06
1710,0.014,307.78689191574341,307.78689230730618,-3.9156276443463867e-07,2.4441882188745478,2.4441882449239145,-2.6049366663727369e-08
1710,0.014999999999999999,308.01490143385769,308.01490181555005,-3.8169235949681024e-07,2.3798464854941348,2.3798446333494332,1.852144701608438e-06
1710,0.016,308.25897699806529,308.2589774015629,-4.0349760865865392e-07,2.288036412003712,2.2880324785339448,3.9334697672366303e-06
1710,0.017000000000000001,308.51939906986485,308.51939955912775,-4.8926290219242219e-07,2.1633887219210903,2.163383096338364,5.6255827263207436e-06
1710,0.018000000000000002,308.79659380589379,308.79659447348013,-6.6758633465724415e-07,2.0022471227428174,2.0022408635485309,6.2591942864287375e-06
1710,0.019,309.09116893064066,309.09116988007821,-9.4943754902487854e-07,1.8036933931882269,1.8036880713385512,5.321849675610224e-06
1710,0.02,309.40393838437524,309.40393972936562,-1.3449903804030328e-06,1.5702387024657329,1.5702360255144676,2.6769512653235239e-06
1720,0,306.30110163863776,306.30110203334334,-3.9470558022003388e-07,2.549995499478845,2.5499955138005381,-1.4321693164731641e-08
1720,0.001,306.30894872480201,306.3089491181031,-3.9330109302682104e-07,2.5499936951864473,2.5499937129465513,-1.7760104054076464e-08
1720,0.002,306.3324904797575,306.33249087733253,-3.9757503600412747e-07,2.5499864796900322,2.5499865102118622,-3.0521829952334656e-08
1720,0.0030000000000000001,306.37172829283418,306.3717286971098,-4.042756245326018e-07,2.5499669086219385,2.5499669672143734,-5.8592434903914636e-08
1720,0.0040000000000000001,306.42666416795112,306.42666458054458,-4.1259346517108497e-07,2.5499173627564415,2.5499174762169945,-1.1346055295291535e-07
1720,0.0050000000000000001,306.49730033426033,306.49730075575076,-4.2149042656092206e-07,2.5497970135348993,2.5497972263019744,-2.1276707506956427e-07
1720,0.0060000000000000001,306.58363886242694,306.58363929219252,-4.2976557779184077e-07,2.5495166215332548,2.549517000646178,-3.7911292327663659e-07
1720,0.0070000000000000001,306.68568146072346,306.68568189689711,-4.3617365008685738e-07,2.5488918397977183,2.5488924740949268,-6.3429720853491744e-07
1720,0.0080000000000000002,306.80342969586832,306.80343013540926,-4.3954094053333392e-07,2.5475634480049978,2.5475644345378825,-9.8653288471695078e-07
1720,0.0090000000000000011,306.93688597606928,306.93688641489973,-4.3883045464099268e-07,2.5448727664993576,2.5448741769644241,-1.4104650665203167e-06
1720,0.01,307.08605575891943,307.08605619209436,-4.3317493236827431e-07,2.539686256240703,2.5396880813081317,-1.8250674287401125e-06
1720,0.010999999999999999,307.25095161074739,307.25095203284741,-4.2210001538478537e-07,2.5301785612914598,2.530180642919504,-2.0816280441593449e-06
1720,0.012,307.4315999315445,307.43160033785597,-4.0631147157910164e-07,2.5136093711372021,2.5136113501039428,-1.9789667407010825e-06
1720,0.013000000000000001,307.62805130894691,307.62805169829414,-3.8934723534111981e-07,2.4861624114300409,2.4861637309469784,-1.3195169374924376e-06
1720,0.014,307.84039544876867,307.8403958284598,-3.7969113009239663e-07,2.4429428065380994,2.4429428100456283,-3.5075289339658866e-09
1720,0.014999999999999999,308.06878126751894,308.06878165932864,-3.9180969224617002e-07,2.3782338087308674,2.3782319408913248,1.8678395425908434e-06
1720,0.016,308.31344185880141,308.31344230403545,-4.4523403630591929e-07,2.2860778750517436,2.2860739428635455,3.9321881981635443e-06
1720,0.017000000000000001,308.57472264232922,308.57472320344067,-5.6111144886017428e-07,2.1611646700354288,2.1611590679701091,5.6020653196320325e-06
1720,0.018000000000000002,308.85310931895907,308.85311007515276,-7.561936854472151e-07,1.9998962590672347,1.9998900420834855,6.2169837491410362e-06
1720,0.019,309.14925082750665,309.14925186597361,-1.038466962199891e-06,1.8013970119843699,1.8013917384106393,5.273573730590897e-06
1720,0.02,309.46397202442694,309.46397344459064,-1.4201636986399535e-06,1.5681919819608423,1.5681893422066242,2.6397542181033629e-06
1730,0,306.35410572856534,306.35410613159962,-4.0303427795151947e-07,2.5499951592335384,2.5499951743536982,-1.5120159790882326e-08
1730,0.001,306.36195374923892,306.36195415055545,-4.0131652667696471e-07,2.5499932420471758,2.5499932607537321,-1.8706556303982325e-08
1730,0.002,306.38549814508383,306.38549854973792,-4.0465408801537706e-07,2.5499856001427013,2.5499856320948737,-3.1952172463434181e-08
1730,0.0030000000000000001,306.42473986225417,306.42474027206657,-4.0981240090331994e-07,2.5499649747317892,2.549965035683909,-6.0952119795842918e-08
1730,0.0040000000000000001,306.47968031816356,306.47968073418764,-4.1602407918617246e-07,2.5499130385302249,2.5499131558635835,-1.1733335858465921e-07
1730,0.0050000000000000001,306.55032125121005,306.55032167352886,-4.2231880570398062e-07,2.5497875453271175,2.5497877641413735,-2.1881425604775018e-07
1730,0.0060000000000000001,306.63666469534081,306.63666512290689,-4.2756607854244066e-07,2.549496632433125,2.549497020296561,-3.878634360354738e-07
1730,0.0070000000000000001,306.73871328140632,306.73871371195588,-4.3054956222476903e-07,2.54885146415018,2.5488521099107859,-6.4576060587739903e-07
1730,0.0080000000000000002,306.85647115025631,306.85647158033112,-4.3007480599044356e-07,2.5474857734182379,2.5474867731251081,-9.9970687017503224e-07
1730,0.0090000000000000011,306.9899458633688,306.98994628852751,-4.2515870291026658e-07,2.5447308661923254,2.544732289163798,-1.422971472653245e-06
1730,0.01,307.1391518113951,307.13915222679282,-4.1539772155374521e-07,2.5394406124729563,2.5394424457649607,-1.8332920044272782e-06
1730,0.010999999999999999,307.30411573067698,307.30411613227744,-4.0160045955417445e-07,2.5297762927909919,2.5297783744985165,-2.0817075245815886e-06
1730,0.012,307.48488500070727,307.48488538739826,-3.8669099922117312e-07,2.5129870970856225,2.5129890657103311,-1.9686247085815012e-06
1730,0.013000000000000001,307.68153934348004,307.68153972019434,-3.7671429709007498e-07,2.4852543885099649,2.4852556886421877,-1.3001322227701451e-06
1730,0.014,307.89420629464416,307.8942066760838,-3.8143963365655509e-07,2.4416947958365833,2.4416947770603676,1.8776215693350196e-08
1730,0.014999999999999999,308.12308029616486,308.1230807102823,-4.1411743723074323e-07,2.3766209578123574,2.3766190746312099,1.8831811474662175e-06
1730,0.016,308.36844446358901,308.36844495383536,-4.9024635018213303e-07,2.2841223397573942,2.2841184091092841,3.9306481101064605e-06
1730,0.017000000000000001,308.63069311071172,308.63069373573558,-6.2502385844709352e-07,2.1589469245552451,2.1589413459967428,5.5785585022505302e-06
1730,0.018000000000000002,308.91035219695232,308.91035302714948,-8.3019716612398042e-07,1.9975543234503996,1.9975481483463602,6.1751040394408818e-06
1730,0.019,309.20809431306935,309.20809542455936,-1.1114900075881451e-06,1.7991107660222641,1.7991055402322575,5.2257900065022511e-06
1730,0.02,309.52474493419845,309.52474641534042,-1.4811419646321156e-06,1.5661548027018155,1.5661521996681242,2.6030336912619134e-06
1740,0,306.40711516593188,306.40711557539521,-4.0946332546809572e-07,2.549994797498667,2.5499948134511827,-1.5952515752815088e-08
1740,0.001,306.41496385121889,306.41496425863801,-4.0741912243902334e-07,2.5499927618437912,2.54999278153422,-1.9690428842977781e-08
1740,0.002,306.43851017462561,306.43851058440828,-4.0978267179525574e-07,2.5499846738234471,2.5499847072535577,-3.3430110679688596e-08
1740,0.0030000000000000001,306.47775493470607,306.47775534804089,-4.1333481703986763e-07,2.5499629505095784,2.5499630138840295,-6.3374451020337119e-08
1740,0.0040000000000000001,306.53269947737937,306.53269989470795,-4.1732857880560914e-07,2.5499085381411897,2.54990865942534,-1.2128415027845563e-07
1740,0.0050000000000000001,306.60334582049728,306.60334624131633,-4.2081904894075706e-07,2.5497777437709557,2.5497779687172653,-2.2494630957936579e-07
1740,0.0060000000000000001,306.6896970391731,306.68969746188986,-4.2271676647942513e-07,2.5494760421747777,2.5494764388597142,-3.9668493645450553e-07
1740,0.0070000000000000001,306.79175813740432,306.79175855931214,-4.2190782778561697e-07,2.5488100661535635,2.5488107234023953,-6.5724883180351412e-07
1740,0.0080000000000000002,306.90953771267988,306.90953813013601,-4.1745613543753279e-07,2.5474064726088468,2.5474074854340603,-1.0128252134755655e-06
1740,0.0090000000000000011,307.04305080406095,307.04305121298756,-4.0892660990721197e-07,2.5445865659067239,2.5445880012313995,-1.4353246755582916e-06
1740,0.01,307.19232338612352,307.19232378297858,-3.9685505726083647e-07,2.5391917150741574,2.5391935563624437,-1.8412882862861579e-06
1740,0.010999999999999999,307.35739900451512,307.35739938785315,-3.8333803331624949e-07,2.5293700306370495,2.5293721121932089,-2.0815561594389465e-06
1740,0.012,307.53834800493786,307.5383483775941,-3.7265624541760189e-07,2.5123604944083642,2.5123624525624231,-1.9581540589008739e-06
1740,0.013000000000000001,307.73527964155522,307.73528001328856,-3.7173333566897782e-07,2.4843424372733076,2.484343718081405,-1.2808080973591984e-06
1740,0.014,307.94835702689716,307.94835741708329,-3.9018613051666762e-07,2.4404442459197586,2.4404442051168553,4.0802903278347458e-08
1740,0.014999999999999999,308.1778143967793,308.17781483654124,-4.3976194774586475e-07,2.3750079802642401,2.375006082089326,1.8981749141389059e-06
1740,0.016,308.42397555514799,308.42397608823808,-5.3309008762880694e-07,2.2821698233525276,2.282165894496536,3.9288559916528243e-06
1740,0.017000000000000001,308.68727174168714,308.68727242351008,-6.818229394411901e-07,2.1567354604489046,2.1567299053834117,5.5550654929348298e-06
1740,0.018000000000000002,308.96825668694214,308.96825758143291,-8.9449076767778024e-07,1.9952212502450413,1.9952151166929197,6.1335521215344357e-06
1740,0.019,309.26761645610799,309.26761763140331,-1.1752953241739306e-06,1.7968345667237144,1.796829388228868,5.178494846491688e-06
1740,0.02,309.58617129653328,309.58617350171681,-2.2051835344427673e-06,1.5641270701906915,1.5641245033999391,2.5667907523896361e-06
1750,0,306.46012883297692,306.46012924542867,-4.1245175452786498e-07,2.5499944132017518,2.549994430030742,-1.6828990201389615e-08
1750,0.001,306.46797814401873,306.46797855513364,-4.1111491100309649e-07,2.5499922533106272,2.5499922740240382,-2.0713410986417102e-08
1750,0.002,306.49152638873005,306.49152680119283,-4.1246278215112397e-07,2.5499836988404772,2.5499837337974847,-3.4957007510882931e-08
1750,0.0030000000000000001,306.53077455590864,306.5307749702053,-4.1429666453041136e-07,2.5499608328829431,2.5499608987433868,-6.5860443765330956e-08
1750,0.0040000000000000001,306.58572450534825,306.58572492126115,-4.1591289345888072e-07,2.5499038566509968,2.5499039819643401,-1.2531334325771581e-07
1750,0.0050000000000000001,306.6563793974824,306.65637981392217,-4.1643977510830155e-07,2.5497676013727308,2.5497678325354731,-2.3116274228129896e-07
1750,0.0060000000000000001,306.74274452207607,306.74274493701125,-4.1493518665447482e-07,2.5494548403577122,2.5494552459335846,-4.0557587244194337e-07
1750,0.0070000000000000001,306.84482875826262,306.84482916882507,-4.105624498151883e-07,2.5487676330686799,2.5487683018282374,-6.6875955750944627e-07
1750,0.0080000000000000002,306.96264696494347,306.96264736779267,-4.0284919577970868e-07,2.5473255326812279,2.5473265585669731,-1.0258857452427605e-06
1750,0.0090000000000000011,307.09622365477043,307.09622404681346,-3.9204303448059363e-07,2.5444398568337858,2.5444413043578229,-1.4475240370792619e-06
1750,0.01,307.24559832968959,307.24559870923571,-3.7954612253088271e-07,2.5389395652720421,2.5389414143303468,-1.849058304692619e-06
1750,0.010999999999999999,307.41083282795574,307.41083319635578,-3.6840003758698003e-07,2.528959792105768,2.5289618732843682,-2.0811786001218024e-06
1750,0.012,307.59202092487232,307.59202128869816,-3.6382584767125081e-07,2.5117295995958138,2.5117315471561175,-1.9475603036944733e-06
1750,0.013000000000000001,307.78930021377738,307.7893005875851,-3.7380772255346528e-07,2.483426610502721,2.4834278720507474,-1.2615480264877021e-06
1750,0.014,308.00286590890221,308.00286631710469,-4.0820248159434414e-07,2.439191215048893,2.4391911524754479,6.2573445092084512e-08
1750,0.014999999999999999,308.23298536521702,308.23298583835435,-4.7313733375631273e-07,2.3733949225960873,2.3733930097701021,1.9128259851619589e-06
1750,0.016,308.48000970722444,308.48001028204106,-5.7481662452119053e-07,2.2802203423422109,2.2802164155242299,3.9268179810036941e-06
1750,0.017000000000000001,308.74437290984758,308.74437364992184,-7.4007425610034261e-07,2.1545302526223722,2.1545247210330167,5.53158935545639e-06
1750,0.018000000000000002,309.02655922117032,309.02656017690992,-9.5573960834371974e-07,1.9928969746950609,1.9928908823713636,6.0923236973042805e-06
1750,0.019,309.32701798885637,309.32701908121146,-1.0923550917141256e-06,1.7945683259611642,1.7945631942755775,5.1316855866900823e-06
1750,0.02,309.64603254834054,309.64603361853733,-1.0701967880777374e-06,1.5621087802127034,1.5621062501019352,2.5301107682285107e-06
1760,0,306.51314727002057,306.51314768401198,-4.1399141537112882e-07,2.5499940052326395,2.5499940229643969,-1.7731757395722525e-08
1760,0.001,306.52099742956892,306.52099784185407,-4.1228514646718395e-07,2.5499917151412101,2.5499917369159242,-2.1774714031863596e-08
1760,0.002,306.54454838615635,306.54454879869121,-4.1253485960623948e-07,2.5499826732528303,2.5499827097853469,-3.6532516567433504e-08
1760,0.0030000000000000001,306.58380168999804,306.58380210257536,-4.125773216401285e-07,2.5499586187204968,2.5499586871302298,-6.8409732989493932e-08
1760,0.0040000000000000001,306.63876034536412,306.63876075714836,-4.1178424226018251e-07,2.549898989058851,2.5498991184790363,-1.2942018523531829e-07
1760,0.0050000000000000001,306.70942955539016,306.7094299648154,-4.0942524037745898e-07,2.5497571105920294,2.5497573480540798,-2.3746205046748514e-07
1760,0.0060000000000000001,306.79581799109087,306.79581839589349,-4.0480261986886035e-07,2.5494330165845041,2.5494334311183122,-4.145338081684713e-07
1760,0.0070000000000000001,306.89793980437963,306.89794020185298,-3.9747334312778548e-07,2.5487241522521344,2.5487248325418399,-6.8028970545697121e-07
1760,0.0080000000000000002,307.01581765159199,307.01581803915747,-3.8756547837692779e-07,2.5472429409606403,2.5472439798463049,-1.0388856646059708e-06
1760,0.0090000000000000011,307.14948701664747,307.14948739281613,-3.7616865711243008e-07,2.544290730501142,2.5442921900694921,-1.4595683501816836e-06
1760,0.01,307.29900210144183,307.29900246703653,-3.6559470117936144e-07,2.5386841646649301,2.5386860212684548,-1.8566035246969648e-06
1760,0.010999999999999999,307.46444344782253,307.46444380693475,-3.5911222084905603e-07,2.5285455947211375,2.5285476753000111,-2.0805788736311115e-06
1760,0.012,307.64592719156616,307.64592755209566,-3.6052949781151256e-07,2.511094449076714,2.5110963859249731,-1.9368482591097802e-06
1760,0.013000000000000001,307.84361526680595,307.84361564286854,-3.7606258729283581e-07,2.4825069604879419,2.4825082028426975,-1.2423547555151515e-06
1760,0.014,308.0577247423405,308.05772516116633,-4.1882583445840282e-07,2.4379357606092529,2.4379356765198366,8.4089416318988697e-08
1760,0.014999999999999999,308.28853261852367,308.28853312645271,-5.079290303910966e-07,2.3717818303229636,2.3717799031829379,1.9271400257814264e-06
1760,0.016,308.53637024039415,308.5363708913693,-6.5097515289380681e-07,2.2782739125249987,2.2782699879843227,3.9245406759924606e-06
1760,0.017000000000000001,308.80160057467174,308.80160138645772,-8.1178598065889673e-07,2.1523312759383568,2.1523257678046916,5.5081336651774393e-06
1760,0.018000000000000002,309.08457454730245,309.08457546436563,-9.1706317562056938e-07,1.9905814328508744,1.9905753814358849,6.0514149895496416e-06
1760,0.019,309.38557115874391,309.38557208988192,-9.3113800403443747e-07,1.7923119570799353,1.7923068717103761,5.0853695592323334e-06
1760,0.02,309.70473766083711,309.70473854713032,-8.8629320771360653e-07,1.5600998271728468,1.5600973327526613,2.4944201855170434e-06
1770,0,306.56617285657069,306.56617326913658,-4.1256589611293748e-07,2.5499935724428737,2.5499935911139273,-1.8671053592100861e-08
1770,0.001,306.57402436908063,306.57402477956873,-4.1048809862331836e-07,2.5499911459876938,2.5499911688637327,-2.2876038840990987e-08
1770,0.002,306.5975796777098,306.59758008735503,-4.096452244084503e-07,2.549981595070038,2.5499816332280232,-3.8157985216002999e-08
1770,0.0030000000000000001,306.63684127410755,306.63684168205134,-4.079437871951086e-07,2.5499563048319911,2.549956375855289,-7.1023297909533767e-08
1770,0.0040000000000000001,306.6918139365248,306.69181434142001,-4.048952177981846e-07,2.5498939303024795,2.5498940639075243,-1.3360504480530722e-07
1770,0.0050000000000000001,306.76250577499735,306.76250617500455,-4.0000719536692486e-07,2.5497462638437116,2.5497465076874084,-2.4384369678998041e-07
1770,0.0060000000000000001,306.84892990174944,306.84893029469424,-3.9294479847740149e-07,2.5494105604635635,2.5494109840207466,-4.2355718310460588e-07
1770,0.0070000000000000001,306.95110691496768,306.95110729869157,-3.8372388644347666e-07,2.5486796111588093,2.5486803029958391,-6.9183702988695472e-07
1770,0.0080000000000000002,307.06906840097332,307.06906877386501,-3.7289169085852336e-07,2.5471586849936521,2.5471597368165981,-1.05182294607431e-06
1770,0.0090000000000000011,307.20286162879592,307.2028619905185,-3.6172258432998206e-07,2.5441391787693379,2.5441406502264923,-1.4714571543450461e-06
1770,0.01,307.35255549285756,307.3525558454898,-3.526322416291805e-07,2.5384255152137203,2.5384273791397902,-1.8639260699337967e-06
1770,0.010999999999999999,307.51824749352232,307.51824784354073,-3.5001841069970396e-07,2.5281274562445635,2.5281295360061313,-2.0797615678525005e-06
1770,0.012,307.70007105928454,307.70007142049843,-3.6121389257459668e-07,2.5104550792102303,2.5104570052334378,-1.9260232075879458e-06
1770,0.013000000000000001,307.898201768776,307.89820216479308,-3.9601707157999044e-07,2.4815835390262992,2.4815847622577825,-1.2232314832161251e-06
1770,0.014,308.11286011442343,308.11286057698953,-4.625661063073494e-07,2.4366779391222755,2.4366778337704416,1.0535183392335057e-07
1770,0.014999999999999999,308.34430769953752,308.34430825997629,-5.6043876384137548e-07,2.3701687479862237,2.3701668068641797,1.9411220439913279e-06
1770,0.016,308.59283380528768,308.59283448047972,-6.7519204094423912e-07,2.2763305490128696,2.2763266269829265,3.922029943037586e-06
1770,0.017000000000000001,308.85873080330015,308.85873158232778,-7.7902762996018282e-07,2.1501385052329578,2.1501330205317193,5.4847012385117466e-06
1770,0.018000000000000002,309.14226017433435,309.14226101778735,-8.4345299455890199e-07,1.9882745615040887,1.988268550681948,6.0108221406895979e-06
1770,0.019,309.44361518146189,309.44361603639572,-8.5493383039647597e-07,1.7900653765778067,1.790060337048204,5.0395296027350156e-06
1770,0.02,309.7628896515514,309.76289047416725,-8.2261584566367674e-07,1.5581000966931304,1.5580976374539399,2.4592391905109423e-06
1780,0,306.619209887664,306.61921029565895,-4.0799494627208333e-07,2.549993113645078,2.5499931332928343,-1.9647756310803288e-08
1780,0.001,306.62706353944833,306.62706394502305,-4.055747240272467e-07,2.549990544460317,2.5499905684785529,-2.4018235844636138e-08
1780,0.002,306.65062568045806,306.65062608419873,-4.0374067111770273e-07,2.5499804622518258,2.5499805020860067,-3.9834180842746036e-08
1780,0.0030000000000000001,306.68990010244408,306.68990050295099,-4.0050690586213022e-07,2.5499538879685191,2.5499539616701594,-7.3701640346257591e-08
1780,0.0040000000000000001,306.74489393399762,306.74489432956369,-3.9556607589474879e-07,2.5498886752591599,2.5498888131270228,-1.378678629038177e-07
1780,0.0050000000000000001,306.81561894295368,306.81561933162459,-3.8867091234351392e-07,2.5497350534999099,2.5497353038066826,-2.5030677264226142e-07
1780,0.0060000000000000001,306.90209352323478,306.90209390301487,-3.797800900429138e-07,2.5493874616118464,2.5493878942559856,-4.3264413918109312e-07
1780,0.0070000000000000001,307.00434549136639,307.00434586063585,-3.6926945767845609e-07,2.5486339973442504,2.5486347007432815,-7.0339903102123458e-07
1780,0.0080000000000000002,307.12241578647206,307.12241614471077,-3.5823870803142199e-07,2.5470727525484063,2.547073817243811,-1.0646954047288659e-06
1780,0.0090000000000000011,307.25636306523808,307.25636341417089,-3.4893281508630025e-07,2.5439851938282145,2.5439866770180499,-1.4831898353939721e-06
1780,0.01,307.40626897846653,307.40626932364233,-3.4517580616011401e-07,2.5381636192338815,2.5381654902617794,-1.8710278979483519e-06
1780,0.010999999999999999,307.57224358487719,307.5722439373377,-3.52460517660802e-07,2.5277053946645989,2.5277074733956222,-2.0787310233139067e-06
1780,0.012,307.7544299114316,307.75443028856154,-3.7712993616878521e-07,2.5098115262783574,2.5098134413684754,-1.915090118043139e-06
1780,0.013000000000000001,307.95300618888666,307.953006613078,-4.2419134160809335e-07,2.480656397423552,2.480657601604642,-1.2041810899532379e-06
1780,0.014,308.16818395613632,308.16818445032476,-4.9418844128013006e-07,2.4354178062578473,2.4354176798958593,1.2636198798432474e-07
1780,0.014999999999999999,308.40020030165209,308.40020088250844,-5.8085635146198911e-07,2.3685557191740498,2.3685537643968808,1.9547771690220372e-06
1780,0.016,308.6493032554518,308.64930392643754,-6.7098574163537705e-07,2.2743902662512832,2.274386346959544,3.9192917391517312e-06
1780,0.017000000000000001,308.91573084980109,308.91573159697742,-7.4717632969623082e-07,2.1479519153280302,2.1479464540331508,5.4612948794385829e-06
1780,0.018000000000000002,309.19968638670287,309.19968718012757,-7.9342470371557283e-07,1.9859762981802334,1.9859703276376575,5.9705425758949104e-06
1780,0.019,309.50131436216213,309.50131516192516,-7.9976302913564723e-07,1.7878285021871041,1.7878235080399456,4.9941471584880048e-06
1780,0.02,309.82068246082571,309.82068323356481,-7.7273909937503049e-07,1.5561094931786394,1.556107068662727,2.424515912480274e-06
1790,0,306.6722645029883,306.67226490327073,-4.0028243120104889e-07,2.5499926276123555,2.5499926482751039,-2.0662748401178987e-08
1790,0.001,306.68012133871548,306.6801217362846,-3.9756912428856594e-07,2.5499899091268619,2.5499899343290324,-2.5202170572669047e-08
1790,0.002,306.70369355042459,306.70369394531764,-3.9489304981543683e-07,2.5499792727078279,2.5499793142696858,-4.1561857955230153e-08
1790,0.0030000000000000001,306.74298653050806,306.74298692088911,-3.9038104659994133e-07,2.5499513648227423,2.5499514412679707,-7.6445228369692586e-08
1790,0.0040000000000000001,306.79801021326085,306.79801059718244,-3.8392158785427455e-07,2.5498832187467428,2.5498833609553109,-1.4220856803248694e-07
1790,0.0050000000000000001,306.8687805511745,306.86878092674681,-3.7557231280516135e-07,2.5497234718920336,2.5497237287424031,-2.5685036941780481e-07
1790,0.0060000000000000001,306.95532167125026,306.95532203699742,-3.6574715522874612e-07,2.5493637096575177,2.5493641514503342,-4.4179281655232217e-07
1790,0.0070000000000000001,307.05766874609947,307.05766910157047,-3.5547100196708925e-07,2.5485872984669453,2.5485880134402188,-7.1497327347458395e-07
1790,0.0080000000000000002,307.17587154061954,307.17587188726714,-3.4664759596125805e-07,2.5469851316148135,2.5469862091157336,-1.0775009200436614e-06
1790,0.0090000000000000011,307.3099984540961,307.30999879633106,-3.4223495504193124e-07,2.5438287681932685,2.5438302629591414,-1.4947658728559077e-06
1790,0.01,307.46014066307998,307.4601410092265,-3.4614652122400003e-07,2.5378984793875659,2.5379003572985703,-1.8779110044775393e-06
1790,0.010999999999999999,307.62641569774911,307.62641606043906,-3.6268994563215529e-07,2.5272794281869677,2.5272815056785105,-2.0774915427956842e-06
1790,0.012,307.80896950529626,307.80896990075217,-3.9545591334899655e-07,2.5091638264786424,2.5091657305324926,-1.9040538501435833e-06
1790,0.013000000000000001,308.00797586318254,308.00797630898842,-4.4580588109965902e-07,2.479725586494864,2.4797267717011917,-1.1852063277473235e-06
1790,0.014,308.22363203024503,308.22363254174968,-5.1150465196769801e-07,2.4341554168463668,2.4341552697251645,1.4712120233184578e-07
1790,0.014999999999999999,308.45614988682428,308.45615047292517,-5.8610089581634384e-07,2.3669427865414119,2.3669408184309488,1.9681104630464574e-06
1790,0.016,308.70574256994064,308.70574322932498,-6.593843409063993e-07,2.2724530780390042,2.2724491617071103,3.916331893893954e-06
1790,0.017000000000000001,308.97260767639358,308.97260839563893,-7.1924534950085217e-07,2.1457714810399122,2.1457660431226802,5.4379172320651037e-06
1790,0.018000000000000002,309.25690924514248,309.25690999959312,-7.5445063885126729e-07,1.9836865811779263,1.9836806506042042,5.9305737221126975e-06
1790,0.019,309.55876157707371,309.55876233423959,-7.571658784399915e-07,1.7856012516455873,1.7855963024291781,4.9492164091446966e-06
1790,0.02,309.87821814012108,309.87821887406437,-7.3394329547227244e-07,1.5541279264860532,1.5541255362587338,2.3902273194043033e-06
1800,0,306.72534443821007,306.72534482780486,-3.8959478843025863e-07,2.549992113077697,2.5499921347946062,-2.1716909159863462e-08
1800,0.001,306.73320570704971,306.73320609370847,-3.8665876900267904e-07,2.5499892385121501,2.5499892649408431,-2.6428693011837368e-08
1800,0.002,306.75679180869838,306.75679219206523,-3.8336685292961192e-07,2.5499780242973249,2.5499780676390871,-4.3341762179238685e-08
1800,0.0030000000000000001,306.79610993111322,306.79611030911531,-3.7800208474436658e-07,2.5499487320291401,2.5499488112836657,-7.9254525608973836e-08
1800,0.0040000000000000001,306.85117306823838,306.85117343896644,-3.7072805980642443e-07,2.5498775555247137,2.5498777021517616,-1.4662704783674485e-07
1800,0.0050000000000000001,306.92200155347126,306.92200191547209,-3.6200083286530571e-07,2.5497115113127578,2.5497117747862887,-2.6347353099254178e-07
1800,0.0060000000000000001,307.00862520691669,307.00862555965119,-3.5273450293971109e-07,2.5493392942425612,2.5493397452439095,-4.510013482672548e-07
1800,0.0070000000000000001,307.11108604055818,307.11108638502651,-3.4446833296897239e-07,2.5485395022905188,2.5485402288478594,-7.2655734051352283e-07
1800,0.0080000000000000002,307.22944137318757,307.22944171264612,-3.394585519345128e-07,2.5468958104046298,2.5468969006420767,-1.0902374469878851e-06
1800,0.0090000000000000011,307.36376706938984,307.36376740999049,-3.4060064990626415e-07,2.5436698947019614,2.5436714008867698,-1.5061848084307883e-06
1800,0.01,307.51416044525394,307.5141607963489,-3.5109496820950881e-07,2.5376300986758116,2.5376319832532364,-1.8845774247822078e-06
1800,0.010999999999999999,307.68074220845949,307.68074258227728,-3.7381778383860365e-07,2.5268495752248179,2.5268516512722137,-2.0760473957714964e-06
1800,0.012,307.86365667438031,307.8636570848422,-4.1046189380722353e-07,2.508512015917209,2.5085139088363677,-1.8929191587524485e-06
1800,0.013000000000000001,308.06306949105556,308.0630699516845,-4.6062893943599192e-07,2.4787911565659835,2.4787923228758157,-1.1663098322678422e-06
1800,0.014,308.27916228098923,308.27916280217073,-5.2118150506430538e-07,2.4328908248906971,2.4328906572598261,1.676308709619434e-07
1800,0.014999999999999999,308.51212400462327,308.51212459074998,-5.8612670272850664e-07,2.3653299918296296,2.365328010702699,1.9811269305058943e-06
1800,0.016,308.7621394478395,308.76214009504184,-6.4720234149717726e-07,2.2705189975476157,2.2705150843914899,3.9131561258010095e-06
1800,0.017000000000000001,309.02937593548455,309.02937663067758,-6.9519302314802189e-07,2.1435971771870621,2.1435917626162366,5.414570825479359e-06
1800,0.018000000000000002,309.31397000608234,309.31397072779663,-7.2171428655565251e-07,1.9814053495661594,1.9813994586540324,5.8909121269934417e-06
1800,0.019,309.61601615052825,309.61601687155974,-7.2103148340829648e-07,1.7833835428774554,1.7833786381430115,4.904734443922365e-06
1800,0.02,309.93555965645794,309.93556035702767,-7.00569728451228e-07,1.5521553096328362,1.5521529532747804,2.3563580557883768e-06
