time_s,radius_m,fvm_temperature_K,analytic_temperature_K,temperature_error_K,fvm_moisture_kg_per_kg,analytic_frozen_D_moisture_kg_per_kg,moisture_error_kg_per_kg
0,0,301.14999999999998,301.14999999999998,0,2.5499999999999998,2.5499999999999998,0
0,0.001,301.14999999999998,301.14999999999998,0,2.5499999999999998,2.5499999999999998,0
0,0.002,301.14999999999998,301.14999999999998,0,2.5499999999999998,2.5499999999999998,0
0,0.0030000000000000001,301.14999999999998,301.14999999999998,0,2.5499999999999998,2.5499999999999998,0
0,0.0040000000000000001,301.14999999999998,301.14999999999998,0,2.5499999999999998,2.5499999999999998,0
0,0.0050000000000000001,301.14999999999998,301.14999999999998,0,2.5499999999999998,2.5499999999999998,0
0,0.0060000000000000001,301.14999999999998,301.14999999999998,0,2.5499999999999998,2.5499999999999998,0
0,0.0070000000000000001,301.14999999999998,301.14999999999998,0,2.5499999999999998,2.5499999999999998,0
0,0.0080000000000000002,301.14999999999998,301.14999999999998,0,2.5499999999999998,2.5499999999999998,0
0,0.0090000000000000011,301.14999999999998,301.14999999999998,0,2.5499999999999998,2.5499999999999998,0
0,0.01,301.14999999999998,301.14999999999998,0,2.5499999999999998,2.5499999999999998,0
0,0.010999999999999999,301.14999999999998,301.14999999999998,0,2.5499999999999998,2.5499999999999998,0
0,0.012,301.14999999999998,301.14999999999998,0,2.5499999999999998,2.5499999999999998,0
0,0.013000000000000001,301.14999999999998,301.14999999999998,0,2.5499999999999998,2.5499999999999998,0
0,0.014,301.14999999999998,301.14999999999998,0,2.5499999999999998,2.5499999999999998,0
0,0.014999999999999999,301.14999999999998,301.14999999999998,0,2.5499999999999998,2.5499999999999998,0
0,0.016,301.14999999999998,301.14999999999998,0,2.5499999999999998,2.5499999999999998,0
0,0.017000000000000001,301.14999999999998,301.14999999999998,0,2.5499999999999998,2.5499999999999998,0
0,0.018000000000000002,301.14999999999998,301.14999999999998,0,2.5499999999999998,2.5499999999999998,0
0,0.019,301.14999999999998,301.14999999999998,0,2.5499999999999998,2.5499999999999998,0
0,0.02,301.14999999999998,301.14999999999998,0,2.5499999999999998,2.5499999999999998,0
10,0,301.14999999999998,301.15000000309425,-3.0942715056880843e-09,2.5499999999999998,2.5500000001822607,-1.8226087306061345e-10
10,0.001,301.14999999999998,301.15000000027317,-2.7318947104504332e-10,2.5499999999999998,2.5500000000160452,-1.6045387241092612e-11
10,0.002,301.14999999999998,301.15000000018699,-1.8701484805205837e-10,2.5499999999999998,2.5500000000110359,-1.1036060953983906e-11
10,0.0030000000000000001,301.14999999999998,301.15000000014811,-1.4813394955126569e-10,2.5499999999999998,2.5500000000087661,-8.766321002440236e-12
10,0.0040000000000000001,301.14999999999998,301.15000000012469,-1.2471446098061278e-10,2.5499999999999998,2.5500000000073526,-7.3527850474874867e-12
10,0.0050000000000000001,301.14999999999998,301.15000000010872,-1.0874146028072573e-10,2.5499999999999998,2.5500000000063872,-6.3873351052734506e-12
10,0.0060000000000000001,301.14999999999998,301.15000000009695,-9.6974872576538473e-11,2.5499999999999998,2.5500000000057104,-5.7105431494619552e-12
10,0.0070000000000000001,301.14999999999998,301.15000000008791,-8.7936768977669999e-11,2.5499999999999998,2.5500000000052054,-5.205613717862434e-12
10,0.0080000000000000002,301.14999999999998,301.15000000008081,-8.0831341620068997e-11,2.5499999999999998,2.5500000000047849,-4.7850612361344247e-12
10,0.0090000000000000011,301.15000000000038,301.15000000007529,-7.4919626058544964e-11,2.5499999999999998,2.5500000000044203,-4.4204639948475233e-12
10,0.01,301.15000000000811,301.15000000007825,-7.014477887423709e-11,2.5499999999999998,2.550000000004137,-4.1371350789631833e-12
10,0.010999999999999999,301.15000000018256,301.15000000024787,-6.5313088271068409e-11,2.5499999999999998,2.5500000000039327,-3.9328540424321545e-12
10,0.012,301.15000000320333,301.15000000325523,-5.1898041419917718e-11,2.5499999999999998,2.5500000000037604,-3.7605474290103302e-12
10,0.013000000000000001,301.15000004354727,301.15000004351651,3.0752289603697136e-11,2.5499999999999998,2.5500000000036085,-3.6086689192416088e-12
10,0.014,301.15000046103336,301.15000046054007,4.9328718887409195e-10,2.5499999999999998,2.5500000000035001,-3.5003111520381935e-12
10,0.014999999999999999,301.15000382734627,301.15000382504581,2.3004531612969004e-09,2.5499999999999998,2.5500000000034713,-3.4714453533979395e-12
10,0.016,301.15002513279228,301.15002512630934,6.4829350776562933e-09,2.5499999999999998,2.5500000000035463,-3.5464964298626001e-12
10,0.017000000000000001,301.1501319561587,301.15013194778516,8.3735471889667679e-09,2.5499999999999998,2.550000000003815,-3.8151704018218879e-12
10,0.018000000000000002,301.15056120494694,301.1505612209707,-1.6023761872929754e-08,2.5499999999940046,2.5500000000007881,-6.7834626804597065e-12
10,0.019,301.15196349153626,301.15196360983873,-1.1830246648969478e-07,2.5499470147245704,2.5499482573937016,-1.2426691311517857e-06
10,0.02,301.15575296374578,301.15575333130334,-3.67557561276044e-07,2.4499894972265919,2.4499179106278843,7.1586598707540361e-05
20,0,301.14999999999998,301.15000000309419,-3.0942146622692235e-09,2.5499999999999998,2.5500000001822674,-1.822675343987612e-10
20,0.001,301.14999999999998,301.15000000027311,-2.7313262762618251e-10,2.5499999999999998,2.5500000000160483,-1.6048495865561563e-11
20,0.002,301.14999999999998,301.15000000018699,-1.8701484805205837e-10,2.5499999999999998,2.5500000000110354,-1.1035616864774056e-11
20,0.0030000000000000001,301.14999999999998,301.15000000014805,-1.4807710613240488e-10,2.5499999999999998,2.5500000000087626,-8.7627682887614355e-12
20,0.0040000000000000001,301.15000000000032,301.15000000012503,-1.2471446098061278e-10,2.5499999999999998,2.5500000000073522,-7.3523409582776367e-12
20,0.0050000000000000001,301.15000000000407,301.1500000001127,-1.0862777344300412e-10,2.5499999999999998,2.5500000000063885,-6.3886673729030008e-12
20,0.0060000000000000001,301.15000000004062,301.15000000013731,-9.6690655482234433e-11,2.5499999999999998,2.5500000000057117,-5.7118754170915054e-12
20,0.0070000000000000001,301.15000000035718,301.15000000044375,-8.6572526925010607e-11,2.5499999999999998,2.5500000000052037,-5.2038373610230337e-12
20,0.0080000000000000002,301.1500000027807,301.15000000285482,-7.4123818194493651e-11,2.5499999999999998,2.55000000000478,-4.780176254826074e-12
20,0.0090000000000000011,301.15000001914916,301.15000001919356,-4.439471013029106e-11,2.5499999999999998,2.5500000000044194,-4.4195758164278232e-12
20,0.01,301.15000011664495,301.15000011658753,5.7411853049416095e-11,2.5499999999999998,2.5500000000041396,-4.1397996142222837e-12
20,0.010999999999999999,301.15000062902254,301.15000062862117,4.0137138057616539e-10,2.5499999999999998,2.5500000000039336,-3.9337422208518547e-12
20,0.012,301.15000300769407,301.15000300629191,1.4021566130395513e-09,2.5499999999999998,2.5500000000037613,-3.7614356074300304e-12
20,0.013000000000000001,301.1500127798268,301.15001277605313,3.7736640479124617e-09,2.5499999999999998,2.5500000000036085,-3.6086689192416088e-12
20,0.014,301.15004839009725,301.15004838203964,8.0576114669383969e-09,2.5499999999999998,2.5500000000035037,-3.503863865716994e-12
20,0.014999999999999999,301.15016383478866,301.1501638219151,1.2873556443082634e-08,2.5499999999999998,2.5500000000034735,-3.4736657994471898e-12
20,0.016,301.15049799181401,301.15049798029639,1.151761352957692e-08,2.5499999999999998,2.5500000000035463,-3.5464964298626001e-12
20,0.017000000000000001,301.1513653145991,301.15136532638166,-1.1782560704887146e-08,2.5499999999994576,2.5500000000033998,-3.9421799158390058e-12
20,0.018000000000000002,301.153394288855,301.153394371194,-8.2338999618514208e-08,2.5499997229331828,2.549999736863505,-1.393032222907209e-08
20,0.019,301.15769761709907,301.1576978454741,-2.2837502910988405e-07,2.5484442908170495,2.5484475586679887,-3.2678509391814714e-06
20,0.02,301.16602841582107,301.16602889751448,-4.8169340516324155e-07,2.4100496395233182,2.4100017199761616,4.7919547156549669e-05
30,0,301.15000000000208,301.1500000030963,-3.0942146622692235e-09,2.5499999999999998,2.5500000001822776,-1.8227774845058775e-10
30,0.001,301.15000000000504,301.15000000027811,-2.730757842073217e-10,2.5499999999999998,2.5500000000160554,-1.6055601292919164e-11
30,0.002,301.15000000002539,301.15000000021223,-1.8684431779547594e-10,2.5499999999999998,2.5500000000110363,-1.1036505043193756e-11
30,0.0030000000000000001,301.15000000014027,301.15000000028783,-1.4756551536265761e-10,2.5499999999999998,2.5500000000087604,-8.7605478427121852e-12
30,0.0040000000000000001,301.15000000075776,301.15000000088031,-1.2255441106390208e-10,2.5499999999999998,2.5500000000073495,-7.3496764230185363e-12
30,0.0050000000000000001,301.15000000387738,301.15000000397902,-1.0163603292312473e-10,2.5499999999999998,2.5500000000063889,-6.3891114621128509e-12
30,0.0060000000000000001,301.15000001857697,301.15000001865025,-7.3271166911581531e-11,2.5499999999999998,2.5500000000057121,-5.7123195063013554e-12
30,0.0070000000000000001,301.15000008283039,301.15000008284181,-1.1425527191022411e-11,2.5499999999999998,2.5500000000052023,-5.2025050933934835e-12
30,0.0080000000000000002,301.15000034267359,301.15000034252211,1.5148771126405336e-10,2.5499999999999998,2.5500000000047769,-4.7770676303571236e-12
30,0.0090000000000000011,301.15000131356868,301.15000131299507,5.7360693972441368e-10,2.5499999999999998,2.5500000000044207,-4.4209080840573733e-12
30,0.01,301.15000466386448,301.15000466229583,1.568650986882858e-09,2.5499999999999998,2.5500000000041401,-4.1402437034321338e-12
30,0.010999999999999999,301.15001534255305,301.15001533892462,3.6284291127230972e-09,2.5499999999999998,2.5500000000039305,-3.9306335963829042e-12
30,0.012,301.15004680274785,301.15004679549168,7.2561761044198647e-09,2.5499999999999998,2.5500000000037595,-3.7596592505906301e-12
30,0.013000000000000001,301.15013256157113,301.15013254919211,1.2379018698993605e-08,2.5499999999999998,2.5500000000036076,-3.6077807408219087e-12
30,0.014,301.15034918330804,301.15034916615571,1.7152331110992236e-08,2.5499999999999998,2.5500000000035046,-3.5047520441366942e-12
30,0.014999999999999999,301.15085713872099,301.15085712245462,1.6266369584627682e-08,2.5499999999999998,2.5500000000034726,-3.4727776210274897e-12
30,0.016,301.15196531285159,301.15196531343236,-5.8076921050087549e-10,2.5499999999999914,2.5500000000035388,-3.5473846082823002e-12
30,0.017000000000000001,301.15422046281532,301.15422051163841,-4.8823096676642308e-08,2.5499999984261792,2.5499999985501107,-1.2393153170364712e-10
30,0.018000000000000002,301.15851409442899,301.15851424100691,-1.4657791780336993e-07,2.5499864715834666,2.5499866717236657,-2.001401990803231e-07
30,0.019,301.16618812841449,301.16618843787535,-3.0946085871619289e-07,2.5442033865638018,2.5442047852511549,-1.398687353049155e-06
30,0.02,301.17911235383008,301.17911291198465,-5.5815456789787277e-07,2.3799985370445058,2.3799610250045431,3.7512039962717125e-05
40,0,301.1500000006406,301.15000000373271,-3.0921114557713736e-09,2.5499999999999998,2.5500000001822802,-1.8228041298584685e-10
40,0.001,301.1500000011207,301.15000000139088,-2.7017676984542049e-10,2.5499999999999998,2.5500000000160554,-1.6055601292919164e-11
40,0.002,301.15000000351716,301.15000000369793,-1.8076207197736949e-10,2.5499999999999998,2.5500000000110346,-1.1034728686354356e-11
40,0.0030000000000000001,301.15000001247256,301.15000001260489,-1.3233147910796106e-10,2.5499999999999998,2.5500000000087604,-8.7605478427121852e-12
40,0.0040000000000000001,301.1500000444077,301.15000004449132,-8.361666914424859e-11,2.5499999999999998,2.5500000000073517,-7.3518968690677866e-12
40,0.0050000000000000001,301.15000015357361,301.15000015357538,-1.7621459846850485e-12,2.5499999999999998,2.5500000000063903,-6.390443729742401e-12
40,0.0060000000000000001,301.15000050914614,301.15000050897311,1.730313670122996e-10,2.5499999999999998,2.5500000000057144,-5.7145399523506057e-12
40,0.0070000000000000001,301.15000160808904,301.15000160752771,5.6132876125047915e-10,2.5499999999999998,2.5500000000051983,-5.198508290504833e-12
40,0.0080000000000000002,301.15000482290975,301.15000482152681,1.3829435374645982e-09,2.5499999999999998,2.550000000004776,-4.7761794519374234e-12
40,0.0090000000000000011,301.15001371271217,301.15001370973056,2.9816078495059628e-09,2.5499999999999998,2.5500000000044216,-4.4217962624770735e-12
40,0.01,301.15003693604865,301.15003693026898,5.7796682995103765e-09,2.5499999999999998,2.5500000000041392,-4.1393555250124336e-12
40,0.010999999999999999,301.15009424565909,301.15009423558627,1.0072824352391763e-08,2.5499999999999998,2.5500000000039322,-3.9324099532223045e-12
40,0.012,301.1502278896146,301.15022787404541,1.5569185052299872e-08,2.5499999999999998,2.5500000000037586,-3.75877107217093e-12
40,0.013000000000000001,301.15052259173189,301.15052257110233,2.0629556729545584e-08,2.5499999999999998,2.5500000000036067,-3.6068925624022086e-12
40,0.014,301.15113769643898,301.15113767512406,2.1314917830750346e-08,2.5499999999999998,2.5500000000035041,-3.5043079549268441e-12
40,0.014999999999999999,301.15235439662763,301.15235438606362,1.0564008334768005e-08,2.5499999999999998,2.5500000000034735,-3.4736657994471898e-12
40,0.016,301.15463860469754,301.15463862668338,-2.1985840703564463e-08,2.5499999999906309,2.5499999999951641,-4.5332626541494392e-12
40,0.017000000000000001,301.1587158157464,301.15871590474853,-8.9002128333959263e-08,2.5499998999148139,2.5499999031778953,-3.2630813606715492e-09
40,0.018000000000000002,301.16564896616751,301.16564916921965,-2.0305213865867699e-07,2.5498941820469843,2.5498948173257836,-6.3527879934355269e-07
40,0.019,301.17690551867361,301.17690589189465,-3.7322104162740288e-07,2.5378499067035194,2.5378486836104526,1.2230930668266637e-06
40,0.02,301.19439802132308,301.1943986369921,-6.1566902331833262e-07,2.3550549039981488,2.3550235563816142,3.134761653456053e-05
50,0,301.15000002280783,301.15000002587465,-3.066816134378314e-09,2.5499999999999998,2.5500000001822878,-1.822879625024143e-10
50,0.001,301.15000003360581,301.15000003384415,-2.3834445528336801e-10,2.5499999999999998,2.550000000016059,-1.6059154006597964e-11
50,0.002,301.15000007925101,301.15000007937596,-1.2494183465605602e-10,2.5499999999999998,2.5500000000110328,-1.1032952329514956e-11
50,0.0030000000000000001,301.15000021427181,301.15000021429177,-1.9952040020143613e-11,2.5499999999999998,2.5500000000087559,-8.7561069506136846e-12
50,0.0040000000000000001,301.15000059206261,301.15000059191163,1.5097612049430609e-10,2.5499999999999998,2.5500000000073495,-7.3496764230185363e-12
50,0.0050000000000000001,301.15000161337031,301.15000161289066,4.7964476834749803e-10,2.5499999999999998,2.5500000000063943,-6.3944405326310516e-12
50,0.0060000000000000001,301.15000427564087,301.15000427452225,1.1186216397618409e-09,2.5499999999999998,2.5500000000057135,-5.7136517739309056e-12
50,0.0070000000000000001,301.15001094660909,301.15001094430352,2.3055690689943731e-09,2.5499999999999998,2.5500000000051992,-5.1993964689245331e-12
50,0.0080000000000000002,301.15002698042582,301.15002697606462,4.3611976252577733e-09,2.5499999999999998,2.5500000000047764,-4.7766235411472735e-12
50,0.0090000000000000011,301.15006389881449,301.1500638911898,7.6246919888944831e-09,2.5499999999999998,2.5500000000044221,-4.4222403516869235e-12
50,0.01,301.1501452800938,301.15014526781863,1.2275165772734908e-08,2.5499999999999998,2.5500000000041423,-4.1424641494813841e-12
50,0.010999999999999999,301.15031699097068,301.1503169729732,1.799747906261473e-08,2.5499999999999998,2.5500000000039313,-3.9315217748026043e-12
50,0.012,301.15066383038999,301.15066380690769,2.3482300548494095e-08,2.5499999999999998,2.5500000000037546,-3.7547742692822794e-12
50,0.013000000000000001,301.15133480074456,301.15133477491395,2.5830615868471796e-08,2.5499999999999998,2.5500000000036058,-3.6060043839825084e-12
50,0.014,301.15257877749957,301.15257875747358,2.0025993308081524e-08,2.5499999999999998,2.5500000000035041,-3.5043079549268441e-12
50,0.014999999999999999,301.15479104005072,301.15479104131782,-1.2670966498262715e-09,2.5499999999999425,2.5500000000034251,-3.482547583644191e-12
50,0.016,301.15856886907358,301.15856891637293,-4.7299351990659488e-08,2.5499999993024143,2.5499999993433842,-4.0969894143927377e-11
50,0.017000000000000001,301.16477147530389,301.16477160335006,-1.2804616744688246e-07,2.5499986946578534,2.5499987163859896,-2.1728136179177682e-08
50,0.018000000000000002,301.17457658807012,301.17457684036322,-2.522930913073651e-07,2.5496136517721357,2.5496147741072273,-1.1223350915301467e-06
50,0.019,301.18952408467715,301.18952451010642,-4.2542927758404403e-07,2.5301698577916301,2.5301664130853685,3.4447062615683421e-06
50,0.02,301.2115370421057,301.21153770354709,-6.6144139054813422e-07,2.3333692053265587,2.3333420396858524,2.7165640706261485e-05
60,0,301.15000026891335,301.15000027184357,-2.9302213988557924e-09,2.5499999999999998,2.5500000001822931,-1.822932915729325e-10
60,0.001,301.15000035789348,301.15000035797027,-7.6795458880951628e-11,2.5499999999999998,2.5500000000160639,-1.6064038987906315e-11
60,0.002,301.15000069954198,301.1500006994201,1.2187229003757238e-10,2.5499999999999998,2.5500000000110314,-1.1031620061885405e-11
60,0.0030000000000000001,301.15000157342052,301.15000157301716,4.0336090023629367e-10,2.5499999999999998,2.5500000000087555,-8.7556628614038345e-12
60,0.0040000000000000001,301.15000366165367,301.15000366075662,8.9704599304241128e-10,2.5499999999999998,2.5500000000073499,-7.3501205122283864e-12
60,0.0050000000000000001,301.15000849363201,301.15000849186305,1.7689671949483454e-09,2.5499999999999998,2.550000000006396,-6.3962168894704519e-12
60,0.0060000000000000001,301.15001934736648,301.15001934411549,3.250988811487332e-09,2.5499999999999998,2.5500000000057144,-5.7145399523506057e-12
60,0.0070000000000000001,301.15004297309883,301.15004296747077,5.6280669014086016e-09,2.5499999999999998,2.5500000000051979,-5.1980642012949829e-12
60,0.0080000000000000002,301.15009272455893,301.15009271538349,9.1754372988361865e-09,2.5499999999999998,2.5500000000047747,-4.7748471843078732e-12
60,0.0090000000000000011,301.15019396280138,301.15019394878345,1.4017928151588421e-08,2.5499999999999998,2.5500000000044225,-4.4226844408967736e-12
60,0.01,301.15039290186701,301.15039288197983,1.9887181679223431e-08,2.5499999999999998,2.5500000000041436,-4.1437964171109343e-12
60,0.010999999999999999,301.15077031519434,301.15077028941442,2.5779911538847955e-08,2.5499999999999998,2.55000000000393,-3.9301895071730542e-12
60,0.012,301.15146158916002,301.15146155960468,2.9555337732745102e-08,2.5499999999999998,2.5500000000037546,-3.7547742692822794e-12
60,0.013000000000000001,301.15268433664625,301.15268430908213,2.7564112770050997e-08,2.5499999999999998,2.5500000000036085,-3.6086689192416088e-12
60,0.014,301.15477402473988,301.15477401029068,1.4449199170485372e-08,2.5499999999999994,2.550000000003509,-3.5096370254450449e-12
60,0.014999999999999999,301.15822676687173,301.1582267835891,-1.6717365269869333e-08,2.5499999999952458,2.5499999999990988,-3.8529179846591433e-12
60,0.016,301.1637466803457,301.16374675418149,-7.3835792591125937e-08,2.5499999869079275,2.5499999873164954,-4.0856784622178566e-10
60,0.017000000000000001,301.17229331668329,301.1722934813655,-1.6468220565002412e-07,2.5499924284771804,2.5499925007691409,-7.229196041791397e-08
60,0.018000000000000002,301.18512311118332,301.18512340663847,-2.9545515189965954e-07,2.5490483153798156,2.5490498042127876,-1.4888329720186277e-06
60,0.019,301.20381810795931,301.20381857722549,-4.6926618324505398e-07,2.5217041071988349,2.5216989888112256,5.1183876093041647e-06
60,0.02,301.23029602996542,301.2302965163355,-4.8637008376317681e-07,2.3139937751984085,2.3139696787702735,2.4096428135056414e-05
70,0,301.1500016623196,301.15000166553079,-3.2111984182847664e-09,2.5499999999999998,2.5500000002384042,-2.3840440732669776e-10
70,0.001,301.15000207259311,301.15000207216184,4.3127101889695041e-10,2.5499999999999998,2.5500000000210217,-2.1021850926672414e-11
70,0.002,301.15000355540309,301.15000355455226,8.5083229350857437e-10,2.5499999999999998,2.550000000014423,-1.4423129357510334e-11
70,0.0030000000000000001,301.15000699960501,301.15000699809536,1.5096475181053393e-09,2.5499999999999998,2.5500000000114382,-1.1438405778108063e-11
70,0.0040000000000000001,301.15001437972364,301.15001437713499,2.588649294921197e-09,2.5499999999999998,2.5500000000096117,-9.6118668579947553e-12
70,0.0050000000000000001,301.15002967975022,301.15002967545365,4.2965666580130346e-09,2.5499999999999998,2.5500000000083678,-8.3679729812047299e-12
70,0.0060000000000000001,301.15006058398268,301.15006057710923,6.8734493652300444e-09,2.5499999999999998,2.5500000000074747,-7.474909580196254e-12
70,0.0070000000000000001,301.15012139287728,301.15012138233493,1.0542350992182037e-08,2.5499999999999998,2.5500000000067908,-6.7910121970271575e-12
70,0.0080000000000000002,301.15023781718668,301.15023780178291,1.5403770703414921e-08,2.5499999999999998,2.5500000000062442,-6.2443383797017304e-12
70,0.0090000000000000011,301.15045450542107,301.15045448415759,2.1263474536681315e-08,2.5499999999999998,2.5500000000057885,-5.7887028503955662e-12
70,0.01,301.15084631963191,301.15084629224054,2.7391365620133001e-08,2.5499999999999998,2.5500000000054244,-5.4245496983185149e-12
70,0.010999999999999999,301.15153441863572,301.15153438638629,3.2249431569653098e-08,2.5499999999999998,2.5500000000051406,-5.1407766932243248e-12
70,0.012,301.15270804577591,301.15270801246947,3.3306434943369823e-08,2.5499999999999998,2.550000000004907,-4.9071857688431919e-12
70,0.013000000000000001,301.15465246994347,301.15465244289027,2.7053204121330054e-08,2.5499999999999998,2.5500000000047156,-4.7157833193978149e-12
70,0.014,301.15778278635588,301.15778277812876,8.2271185419813264e-09,2.5499999999999678,2.5500000000045597,-4.5918824298496475e-12
70,0.014999999999999999,301.16268249557857,301.16268252896975,-3.3391188480891287e-08,2.5499999998834015,2.5499999998936258,-1.0224265878377992e-11
70,0.016,301.17014587300184,301.17014597912214,-1.0612029655021615e-07,2.5499998897356848,2.5499998918911695,-2.1554846796334459e-09
70,0.017000000000000001,301.18122584210653,301.1812260392411,-1.971345682250103e-07,2.5499725932577122,2.5499727558761869,-1.62618474686127e-07
70,0.018000000000000002,301.19729459040195,301.19729490786989,-3.1746793638376403e-07,2.5481402251565326,2.5481419020177958,-1.6768612631778979e-06
70,0.019,301.22012535913882,301.22012588096476,-5.2182593890393036e-07,2.5127945088059476,2.5127881804944097,6.3283115379064725e-06
70,0.02,301.25198571333783,301.25198653545306,-8.221152256737696e-07,2.2963666360842847,2.2963449128824451,2.1723201839574102e-05
80,0,301.15000680507035,301.15000680710369,-2.0333459360699635e-09,2.5499999999999998,2.5500000002384104,-2.3841062457563567e-10
80,0.001,301.15000811601163,301.15000811431173,1.6999024410324637e-09,2.5499999999999998,2.550000000021023,-2.1023183194301964e-11
80,0.002,301.15001266601701,301.15001266361867,2.3983375285752118e-09,2.5499999999999998,2.5500000000144212,-1.4421353000670933e-11
80,0.0030000000000000001,301.15002254872184,301.1500225451793,3.5425387068244163e-09,2.5499999999999998,2.550000000011436,-1.1436185332058812e-11
80,0.0040000000000000001,301.1500421234569,301.15004211812544,5.3314579417929053e-09,2.5499999999999998,2.5500000000096139,-9.6140873040440056e-12
80,0.0050000000000000001,301.15007954498998,301.15007953701581,7.9741653280507307e-09,2.5499999999999998,2.5500000000083709,-8.3710816056736803e-12
80,0.0060000000000000001,301.15014936826071,301.15014935659104,1.1669669675029581e-08,2.5499999999999998,2.5500000000074747,-7.474909580196254e-12
80,0.0070000000000000001,301.15027671343762,301.15027669690318,1.6534443147975253e-08,2.5499999999999998,2.5500000000067908,-6.7910121970271575e-12
80,0.0080000000000000002,301.15050362405174,301.15050360156351,2.2488222839456284e-08,2.5499999999999998,2.5500000000062428,-6.2430061120721803e-12
80,0.0090000000000000011,301.15089836722859,301.15089833814341,2.9085185815347359e-08,2.5499999999999998,2.5500000000057859,-5.7860383151364658e-12
80,0.01,301.15156846982097,301.15156843460511,3.5215862226323225e-08,2.5499999999999998,2.5500000000054226,-5.4227733414791146e-12
80,0.010999999999999999,301.15267821750268,301.15267817891134,3.8591338125115726e-08,2.5499999999999998,2.5500000000051397,-5.1398885148046247e-12
80,0.012,301.15447115660936,301.15447112121166,3.5397704323258949e-08,2.5499999999999998,2.5500000000049052,-4.9054094120037917e-12
80,0.013000000000000001,301.15729789999278,301.15729787877154,2.1221239876467735e-08,2.5499999999999998,2.5500000000047169,-4.7171155870273651e-12
80,0.014,301.16164942425291,301.16164943115569,-6.9027805693622213e-09,2.5499999999990308,2.5500000000036889,-4.6580517221173068e-12
80,0.014999999999999999,301.16819625094382,301.16819630090583,-4.9962011416937457e-08,2.5499999986732078,2.5499999987212107,-4.8002934960322818e-11
80,0.016,301.17783430922077,301.17783442225965,-1.1303887959002168e-07,2.5499994409424733,2.5499994482324908,-7.2900174785672789e-09
80,0.017000000000000001,301.19173801445669,301.19173822953297,-2.1507628389372258e-07,2.5499264724632646,2.5499267595342769,-2.8707101229485943e-07
80,0.018000000000000002,301.21141861262441,301.2114189886808,-3.7605639136017999e-07,2.5468676567048276,2.5468693566395086,-1.6999346810209204e-06
80,0.019,301.23878014899344,301.23878074704839,-5.9805495311593404e-07,2.5036559165167485,2.5036487276700043,7.1888467441105774e-06
80,0.02,301.27615847591875,301.27615936369506,-8.8777630935510388e-07,2.280121446704368,2.2801016285151592,1.9818189208820058e-05
90,0,301.15002104960683,301.15002104957858,2.8251179173821583e-11,2.5499999999999998,2.5500000002384122,-2.3841240093247507e-10
90,0.001,301.15002432235116,301.15002431846716,3.88399712392129e-09,2.5499999999999998,2.5500000000210257,-2.1025847729561065e-11
90,0.002,301.1500353630251,301.15003535807313,4.951971277478151e-09,2.5499999999999998,2.5500000000144194,-1.4419576643831533e-11
90,0.0030000000000000001,301.15005820780391,301.15005820108985,6.7140604187443387e-09,2.5499999999999998,2.5500000000114316,-1.1431744439960312e-11
90,0.0040000000000000001,301.15010088064355,301.15010087128388,9.3596668193640653e-09,2.5499999999999998,2.5500000000096166,-9.616751839303106e-12
90,0.0050000000000000001,301.15017757510543,301.15017756204821,1.3057217529421905e-08,2.5499999999999998,2.5500000000083727,-8.3728579625130806e-12
90,0.0060000000000000001,301.1503121800564,301.15031216215061,1.7905790627992246e-08,2.5499999999999998,2.5500000000074765,-7.4766859370356542e-12
90,0.0070000000000000001,301.15054361030263,301.15054358648638,2.3816255634301342e-08,2.5499999999999998,2.5500000000067935,-6.7936767322862579e-12
90,0.0080000000000000002,301.15093350617258,301.15093347582592,3.034665496670641e-08,2.5499999999999998,2.5500000000062424,-6.2425620228623302e-12
90,0.0090000000000000011,301.15157692944325,301.15157689288367,3.6559583804773865e-08,2.5499999999999998,2.5500000000057881,-5.7882587611857161e-12
90,0.01,301.1526166927078,301.15261665171215,4.0995644212671323e-08,2.5499999999999998,2.5500000000054222,-5.4223292522692645e-12
90,0.010999999999999999,301.15426191563944,301.1542618738975,4.1741941458894871e-08,2.5499999999999998,2.5500000000051384,-5.1385562471750745e-12
90,0.012,301.156811325381,301.15681128902526,3.6355743304739008e-08,2.5499999999999998,2.550000000004907,-4.9071857688431919e-12
90,0.013000000000000001,301.16068173428226,301.16068171310457,2.1177697817620356e-08,2.5499999999999923,2.5500000000047081,-4.7157833193978149e-12
90,0.014,301.16644201323834,301.1664420227512,-9.5128598331939429e-09,2.5499999999859475,2.5499999999912295,-5.2819970619566448e-12
90,0.014999999999999999,301.17485258345084,301.17485264601675,-6.2565902680944419e-08,2.5499999910177413,2.5499999912267732,-2.0903190289800477e-10
90,0.016,301.18690966612689,301.18690981198387,-1.458569727219583e-07,2.5499979865903986,2.5499980049029856,-1.831258700235594e-08
90,0.017000000000000001,301.20389194860485,301.20389221594797,-2.6734312541520922e-07,2.5498389291702184,2.5498393621029045,-4.329326861451932e-07
90,0.018000000000000002,301.22740490861713,301.22740533944415,-4.3082701495222864e-07,2.5452342019697927,2.5452357942981476,-1.5923283549490463e-06
90,0.019,301.25941540207543,301.25941604249385,-6.4041842051665299e-07,2.4944248511546023,2.4944170643130681,7.7868415342408071e-06
90,0.02,301.30226763128957,301.30226854794307,-9.1665350510083954e-07,2.2650038450552126,2.2649855930669931,1.8251988219475379e-05
100,0,301.15005331105999,301.15005330770055,3.3594460546737537e-09,2.5499999999999998,2.5500000002384189,-2.3841906227062282e-10
100,0.001,301.15006017467175,301.15006016731672,7.3550268098188099e-09,2.5499999999999998,2.5500000000210292,-2.1029400443239865e-11
100,0.002,301.15008285438569,301.15008284555023,8.8354568106296938e-09,2.5499999999999998,2.5500000000144203,-1.4420464822251233e-11
100,0.0030000000000000001,301.1501281147095,301.15012810345252,1.1256986454100115e-08,2.5499999999999998,2.5500000000114333,-1.1433520796799712e-11
100,0.0040000000000000001,301.15020895455825,301.15020893980852,1.4749730326002464e-08,2.5499999999999998,2.5500000000096148,-9.6149754824637057e-12
100,0.0050000000000000001,301.15034741997221,301.15034740059986,1.9372350834601093e-08,2.5499999999999998,2.5500000000083736,-8.3737461409327807e-12
100,0.0060000000000000001,301.1505789834668,301.1505789584117,2.5055101104953792e-08,2.5499999999999998,2.5500000000074761,-7.4762418478258041e-12
100,0.0070000000000000001,301.15095890675957,301.1509588752466,3.1512968234892469e-08,2.5499999999999998,2.5500000000067931,-6.7932326430764078e-12
100,0.0080000000000000002,301.15157108333852,301.15157104518073,3.8157793369464343e-08,2.5499999999999998,2.5500000000062428,-6.2430061120721803e-12
100,0.0090000000000000011,301.15253990463503,301.15253986061958,4.4015450839651749e-08,2.5499999999999998,2.550000000005789,-5.7891469396054163e-12
100,0.01,301.15404570251155,301.15404565490775,4.7603805342077976e-08,2.5499999999999998,2.5500000000054261,-5.4263260551579151e-12
100,0.010999999999999999,301.15634428571207,301.15634423898933,4.6722732349735452e-08,2.5499999999999998,2.550000000005137,-5.1372239795455243e-12
100,0.012,301.15979099391603,301.15979095577131,3.8144719383126358e-08,2.5499999999999998,2.5500000000049052,-4.9054094120037917e-12
100,0.013000000000000001,301.16486949992452,301.16486948263167,1.7292848042416153e-08,2.549999999999863,2.5500000000045921,-4.7291059956933168e-12
100,0.014,301.1722252203806,301.17222524176759,-2.1386995285865851e-08,2.5499999998782195,2.5499999998870955,-8.8760110372732015e-12
100,0.014999999999999999,301.18270254026083,301.1827026239938,-8.3732970779237803e-08,2.5499999578353214,2.5499999585345821,-6.9926064938385935e-10
100,0.016,301.1973840394387,301.19738421556303,-1.7612433111935388e-07,2.5499943061963504,2.5499943437001042,-3.7503753880230306e-08
100,0.017000000000000001,301.21762858044912,301.2176288845979,-3.0414878438023152e-07,2.5496944472531253,2.5496950325378864,-5.8528476110097927e-07
100,0.018000000000000002,301.2451037234224,301.24510419533527,-4.7191286967063206e-07,2.5432585670011902,2.543259960710877,-1.393709686769995e-06
100,0.019,301.28180697943014,301.28180766200666,-6.8257651264502783e-07,2.4851891090585858,2.4851809145678332,8.19449075262213e-06
100,0.02,301.33007046747002,301.3300714204031,-9.5293307822430506e-07,2.2508288049652974,2.2508118711361416,1.6933829155796332e-05
110,0,301.15011643135728,301.15011642320076,8.1565190157562029e-09,2.5499999999999998,2.5500000002384198,-2.3841995044904252e-10
110,0.001,301.15012910083243,301.1501290885476,1.2284829153941246e-08,2.5499999999999998,2.5500000000210297,-2.1029844532449715e-11
110,0.002,301.15017031990357,301.15017030575586,1.4147701676847646e-08,2.5499999999999998,2.5500000000144198,-1.4420020733041383e-11
110,0.0030000000000000001,301.15025033960171,301.15025032244711,1.7154604847746668e-08,2.5499999999999998,2.5500000000114316,-1.1431744439960312e-11
110,0.0040000000000000001,301.15038836831383,301.15038834695599,2.1357834611990256e-08,2.5499999999999998,2.5500000000096157,-9.6158636608834058e-12
110,0.0050000000000000001,301.15061596248535,301.15061593577349,2.6711859391070902e-08,2.5499999999999998,2.5500000000083718,-8.3719697840933804e-12
110,0.0060000000000000001,301.15098217319928,301.15098214016916,3.3030119084287435e-08,2.5499999999999998,2.5500000000074774,-7.4775741154553543e-12
110,0.0070000000000000001,301.151560820187,301.15156078028303,3.9903966353449505e-08,2.5499999999999998,2.5500000000067886,-6.7887917509779072e-12
110,0.0080000000000000002,301.15246032974699,301.15246028314709,4.6599893721577246e-08,2.5499999999999998,2.5500000000062411,-6.24122975523278e-12
110,0.0090000000000000011,301.15383660451795,301.15383655259632,5.1921631438744953e-08,2.5499999999999998,2.5500000000057881,-5.7882587611857161e-12
110,0.01,301.15590937886236,301.15590932481757,5.4044789976614993e-08,2.5499999999999998,2.5500000000054235,-5.4236615198988147e-12
110,0.010999999999999999,301.15898243445207,301.15898238409278,5.0359290071355645e-08,2.5499999999999998,2.5500000000051375,-5.1376680687553744e-12
110,0.012,301.16346787615601,301.16346783882699,3.7329016322473763e-08,2.5499999999999994,2.550000000004903,-4.9036330551643914e-12
110,0.013000000000000001,301.16991435720905,301.16991434670791,1.0501139513507951e-08,2.5499999999985414,2.5500000000033332,-4.7917225742821756e-12
110,0.014,301.17903865168387,301.17903868681759,-3.5133723486069357e-08,2.5499999992765816,2.5499999993000304,-2.3448798458503006e-11
110,0.014999999999999999,301.19175928029449,301.19175938527036,-1.0497586799829151e-07,2.5499998486575319,2.5499998505274113,-1.8698793624594146e-09
110,0.016,301.20923004282798,301.20923024730865,-2.0448067061806796e-07,2.5499865169273175,2.5499865831716746,-6.6244357110889496e-08
110,0.017000000000000001,301.23287042321107,301.23287076140741,-3.3819634381870856e-07,2.5494787044660217,2.5494794359314299,-7.3146540824353679e-07
110,0.018000000000000002,301.26438913548429,301.26438964490495,-5.0942065854542307e-07,2.5409672709110076,2.5409684079228678,-1.1370118602194168e-06
110,0.019,301.3057968551791,301.30579757458588,-7.1940678481041687e-07,2.4760055781471366,2.475997115697663,8.462449473611855e-06
110,0.02,301.35940466215357,301.3594056458046,-9.8365103440301027e-07,2.2374567508238075,2.237440945352934,1.5805470873431204e-05
120,0,301.15022713423451,301.15022711978759,1.4446925433730939e-08,2.5499999999999998,2.5500000002384242,-2.3842439134114102e-10
120,0.001,301.1502483804349,301.15024836174638,1.8688524505705573e-08,2.5499999999999998,2.5500000000210323,-2.1032509067708816e-11
120,0.002,301.15031668685464,301.15031666597827,2.0876370854239212e-08,2.5499999999999998,2.5500000000144198,-1.4420020733041383e-11
120,0.0030000000000000001,301.15044648583086,301.15044646145469,2.4376163310080301e-08,2.5499999999999998,2.5500000000114298,-1.1429968083120912e-11
120,0.0040000000000000001,301.1506643142568,301.1506642850868,2.9169996196287684e-08,2.5499999999999998,2.5500000000096148,-9.6149754824637057e-12
120,0.0050000000000000001,301.15101272144727,301.15101268633111,3.5116158869641367e-08,2.5499999999999998,2.5500000000083749,-8.3750784085623309e-12
120,0.0060000000000000001,301.15155609397999,301.151556052079,4.1900989344867412e-08,2.5499999999999998,2.5500000000074756,-7.4757977586159541e-12
120,0.0070000000000000001,301.15238872032,301.1523886713702,4.8949800657283049e-08,2.5499999999999998,2.5500000000067899,-6.7901240186074574e-12
120,0.0080000000000000002,301.15364546324747,301.15364540793593,5.53115455659281e-08,2.5499999999999998,2.5500000000062419,-6.2421179336524801e-12
120,0.0090000000000000011,301.15551541246913,301.15551535294077,5.9528360907279421e-08,2.5499999999999998,2.5500000000057907,-5.7909232964448165e-12
120,0.01,301.15825883669947,301.15825877718754,5.9511933159228647e-08,2.5499999999999998,2.5500000000054244,-5.4245496983185149e-12
120,0.010999999999999999,301.16222762260264,301.16222757015197,5.2450673138082493e-08,2.5499999999999998,2.5500000000051362,-5.1363358011258242e-12
120,0.012,301.16788915302197,301.16788911824477,3.4777201562974369e-08,2.5499999999999838,2.5500000000048884,-4.9045212335840915e-12
120,0.013000000000000001,301.17585321800175,301.17585321575058,2.2511699171445798e-09,2.5499999999893257,2.5499999999944492,-5.1234572140401724e-12
120,0.014,301.18690106340222,301.18690111323343,-4.9831214710138738e-08,2.5499999967695031,2.5499999968384524,-6.8949290721320722e-11
120,0.014999999999999999,301.20201508869837,301.20201521503481,-1.2633643109438708e-07,2.5499995564559033,2.5499995606573895,-4.2014862700057165e-09
120,0.016,301.22240707831412,301.22240731016569,-2.3185157260741107e-07,2.5499720842415821,2.5499721890332947,-1.0479171264066167e-07
120,0.017000000000000001,301.24954230860527,301.24954267869572,-3.7009044717706274e-07,2.5491795054913609,2.5491803678944693,-8.6240310848140211e-07
120,0.018000000000000002,301.28515656863726,301.28515711189266,-5.4325539622368524e-07,2.5383899735783548,2.5383908208991057,-8.4732075089632986e-07
120,0.019,301.33126321657932,301.33126396924672,-7.5266740395818488e-07,2.4669111482500181,2.4669025210089606,8.6272410575460867e-06
120,0.02,301.3901470024461,301.39014898260632,-1.9801602206825919e-06,2.2247793190606289,2.2247644928994288,1.4826161200076626e-05
130,0,301.15040574615011,301.15040572282129,2.3328823317569913e-08,2.5499999999999998,2.5500000002197245,-2.1972468289277458e-10
130,0.001,301.15043884543076,301.15043881868627,2.6744487513497006e-08,2.5499999999999998,2.5500000000193825,-1.9382717653115833e-11
130,0.002,301.15054427928578,301.15054425011772,2.9168063520046417e-08,2.5499999999999998,2.5500000000132861,-1.3286260980294173e-11
130,0.0030000000000000001,301.15074128171347,301.15074124866891,3.304455731267808e-08,2.5499999999999998,2.5500000000105354,-1.0535572414482886e-11
130,0.0040000000000000001,301.15106470893289,301.15106467066482,3.8268069602054311e-08,2.5499999999999998,2.5500000000088594,-8.8595797365087492e-12
130,0.0050000000000000001,301.15156939695913,301.15156935237769,4.4581440761248814e-08,2.5499999999999998,2.5500000000077172,-7.7173822887743881e-12
130,0.0060000000000000001,301.15233656372288,301.15233651220217,5.1520714805519674e-08,2.5499999999999998,2.5500000000068885,-6.8887118231941713e-12
130,0.0070000000000000001,301.15348252101779,301.15348246269235,5.8325440477347001e-08,2.5499999999999998,2.5500000000062588,-6.2589933236267825e-12
130,0.0080000000000000002,301.15516998224609,301.15516991841008,6.3836012031970313e-08,2.5499999999999998,2.5500000000057499,-5.7500670891386108e-12
130,0.0090000000000000011,301.15762222563387,301.1576221592436,6.6390271058480721e-08,2.5499999999999998,2.550000000005332,-5.3321791426697018e-12
130,0.01,301.16114028368793,301.16114021995526,6.3732670696481364e-08,2.5499999999999998,2.5500000000050003,-5.0004445029117051e-12
130,0.010999999999999999,301.16612316217453,301.16612310923728,5.293725280353101e-08,2.5499999999999994,2.5500000000047329,-4.7335468877918174e-12
130,0.012,301.17309083282214,301.17309080256246,3.0259684535849374e-08,2.5499999999998595,2.5500000000043861,-4.5266013160016882e-12
130,0.013000000000000001,301.18270938489002,301.18270939408347,-9.1934566626150627e-09,2.5499999999418721,2.549999999947933,-6.0609295360336546e-12
130,0.014,301.19581723016478,301.19581730067034,-7.0505564053746639e-08,2.5499999884326447,2.5499999886176701,-1.8502532839193009e-10
130,0.014999999999999999,301.21345040426036,301.21345055671475,-1.5245439044520026e-07,2.549998888902226,2.5499988971544711,-8.252245109474643e-09
130,0.016,301.23686286140827,301.23686311009351,-2.4868523951226962e-07,2.5499479210151779,2.5499480734102424,-1.5239506456765639e-07
130,0.017000000000000001,301.26753241510363,301.26753279371957,-3.7861593682464445e-07,2.5487871737878338,2.5487881462473405,-9.7245950669844206e-07
130,0.018000000000000002,301.3071348947812,301.30713545826234,-5.6348113730564364e-07,2.5355566918435093,2.535557234706499,-5.4286298967198832e-07
130,0.019,301.35746775799709,301.35746850959805,-7.5160096457693726e-07,2.4579295277655193,2.4579208125192711,8.7152462482364967e-06
130,0.02,301.4203286029757,301.42032951942872,-9.1645301836251747e-07,2.2127102136370898,2.212696246093524,1.3967543565751583e-05
140,0,301.15067583060397,301.15067579812961,3.2474360978085315e-08,2.5499999999999998,2.5500000002197267,-2.1972690333882383e-10
140,0.001,301.15072450715752,301.1507244711957,3.5961818412033608e-08,2.5499999999999998,2.5500000000193808,-1.9380941296276433e-11
140,0.002,301.15087842477362,301.15087838618973,3.858389163724496e-08,2.5499999999999998,2.5500000000132861,-1.3286260980294173e-11
140,0.0030000000000000001,301.15116215583566,301.15116211310004,4.2735621264000656e-08,2.5499999999999998,2.5500000000105327,-1.0532907879223785e-11
140,0.0040000000000000001,301.15161972089896,301.15161967267147,4.8227491333818762e-08,2.5499999999999998,2.5500000000088585,-8.8586915580890491e-12
140,0.0050000000000000001,301.15231931760621,301.15231926292034,5.4685870054527186e-08,2.5499999999999998,2.5500000000077154,-7.7156059319349879e-12
140,0.0060000000000000001,301.15336018206341,301.15336012056719,6.1496223224821733e-08,2.5499999999999998,2.5500000000068876,-6.8878236447744712e-12
140,0.0070000000000000001,301.15488178244561,301.15488171473629,6.7709322593145771e-08,2.5499999999999998,2.5500000000062601,-6.2603255912563327e-12
140,0.0080000000000000002,301.15707554045957,301.15707546854304,7.1916531396709615e-08,2.5499999999999998,2.5500000000057508,-5.7509552675583109e-12
140,0.0090000000000000011,301.16019922223489,301.16019915011123,7.21236688150384e-08,2.5499999999999998,2.5500000000053333,-5.333511410299252e-12
140,0.01,301.16459401967029,301.16459395386516,6.5805124904727563e-08,2.5499999999999998,2.5500000000049994,-4.9995563244920049e-12
140,0.010999999999999999,301.17070412900785,301.17070407848382,5.0524022299214266e-08,2.549999999999998,2.5500000000047311,-4.7331027985819674e-12
140,0.012,301.1790982666908,301.17909824190627,2.4784526431176346e-08,2.549999999999085,2.5500000000036454,-4.560352095950293e-12
140,0.013000000000000001,301.19049192072413,301.19049193408807,-1.3363944617594825e-08,2.549999999749339,2.5499999997595797,-1.0240697179142444e-11
140,0.014,301.20576803056537,301.20576810151971,-7.0954342845652718e-08,2.54999996521373,2.5499999656525909,-4.3886094758249783e-10
140,0.014999999999999999,301.22599209942558,301.22599226083724,-1.6141166270244867e-07,2.5499975414505571,2.5499975560140915,-1.4563534378453369e-08
140,0.016,301.25241582797889,301.25241612247663,-2.9449773819578695e-07,2.5499105394718073,2.5499107469912508,-2.0751944340702266e-07
140,0.017000000000000001,301.28646261493623,301.28646306865426,-4.5371803025773261e-07,2.5482945736715572,2.5482956328752993,-1.0592037420487088e-06
140,0.018000000000000002,301.3296909553676,301.32969155025495,-5.9488735359991551e-07,2.5324962472504553,2.5324964833401147,-2.36089659377825e-07
140,0.019,301.38373932694634,301.38374003108885,-7.0414250785688637e-07,2.4490755979819578,2.4490668514477547,8.7465342031300963e-06
140,0.02,301.45026643593502,301.45026727990972,-8.4397470345720649e-07,2.201179685171224,2.2011664797848689,1.3205386355075177e-05
150,0,301.15106377660953,301.15106373367053,4.2939007016684627e-08,2.5499999999999998,2.5500000002197325,-2.1973267649855188e-10
150,0.001,301.15113213693917,301.15113209046871,4.6470461256831186e-08,2.5499999999999998,2.5500000000193856,-1.9385826277584783e-11
150,0.002,301.15134701011073,301.15134696090468,4.9206050789507572e-08,2.5499999999999998,2.5500000000132861,-1.3286260980294173e-11
150,0.0030000000000000001,301.1517387470185,301.15173869353305,5.3485450735024642e-08,2.5499999999999998,2.5500000000105318,-1.0532019700804085e-11
150,0.0040000000000000001,301.15236120926204,301.15236115023987,5.9022170262323925e-08,2.5499999999999998,2.5500000000088594,-8.8595797365087492e-12
150,0.0050000000000000001,301.15329678050614,301.15329671520749,6.5298650042677764e-08,2.5499999999999998,2.5500000000077176,-7.7178263779842382e-12
150,0.0060000000000000001,301.15466355567213,301.15466348415703,7.1515103172714589e-08,2.5499999999999998,2.5500000000068912,-6.8913763584532717e-12
150,0.0070000000000000001,301.1566248351906,301.15662475863883,7.6551771144295344e-08,2.5499999999999998,2.5500000000062606,-6.2607696804661828e-12
150,0.0080000000000000002,301.15940101732707,301.15940093832171,7.9005360476003261e-08,2.5499999999999998,2.5500000000057503,-5.7505111783484608e-12
150,0.0090000000000000011,301.16328388322626,301.16328380594774,7.7278514254430775e-08,2.5499999999999998,2.5500000000053342,-5.3343995887189521e-12
150,0.01,301.16865307450644,301.16865300500092,6.9505517785728443e-08,2.5499999999999998,2.5500000000050003,-5.0004445029117051e-12
150,0.010999999999999999,301.17599422505498,301.175994172034,5.302098315951298e-08,2.5499999999999865,2.5500000000047196,-4.7331027985819674e-12
150,0.012,301.18591767342241,301.18591764996609,2.3456323106074706e-08,2.5499999999953191,2.5499999999999932,-4.674038933671909e-12
150,0.013000000000000001,301.19917592764762,301.19917595311631,-2.5468693820585031e-08,2.5499999991041271,2.5499999991255651,-2.1437962516301923e-11
150,0.014,301.21667717203985,301.2166772715405,-9.9500653050199617e-08,2.5499999090816061,2.5499999100078456,-9.262395295195347e-10
150,0.014999999999999999,301.23949140183379,301.23949160129752,-1.9946372731283191e-07,2.5499950768486106,2.5499951004587849,-2.3610174260113581e-08
150,0.016,301.26884580452491,301.26884612385589,-3.1933097943692701e-07,2.5498562207297608,2.5498564890142985,-2.6828453769667249e-07
150,0.017000000000000001,301.30610739773664,301.3061078460189,-4.4828226464233012e-07,2.5476969183095561,2.547698040271746,-1.1219621898206356e-06
150,0.018000000000000002,301.35275389853342,301.352754475724,-5.7719057622307446e-07,2.5292354761891835,2.5292354116367828,6.4552400758088879e-08
150,0.019,301.41033767834404,301.4103383862564,-7.0791236339573516e-07,2.4403582487055622,2.4403495137428926,8.734962669620927e-06
150,0.02,301.48045083094155,301.48045169361365,-8.6267209553625435e-07,2.1901303125356253,2.1901177883316074,1.2524204017871909e-05
160,0,301.15159832524836,301.15159827058267,5.4665690640831599e-08,2.5499999999999998,2.5500000002197316,-2.1973178832013218e-10
160,0.001,301.151690782863,301.15169072465824,5.8204761899105506e-08,2.5499999999999998,2.5500000000193848,-1.9384938099165083e-11
160,0.002,301.15197996865118,301.15197990770855,6.0942625168536324e-08,2.5499999999999998,2.550000000013287,-1.3287149158713873e-11
160,0.0030000000000000001,301.15250234283354,301.15250227767382,6.5159724726981949e-08,2.5499999999999998,2.5500000000105292,-1.0529355165544985e-11
160,0.0040000000000000001,301.15332209552412,301.15332202503919,7.0484929892700166e-08,2.5499999999999998,2.5500000000088607,-8.8609120041382994e-12
160,0.0050000000000000001,301.15453633978638,301.15453626346732,7.6319054187479196e-08,2.5499999999999998,2.5500000000077208,-7.7209350024531886e-12
160,0.0060000000000000001,301.15628247563563,301.15628239381516,8.1820473951665917e-08,2.5499999999999998,2.5500000000068903,-6.8904881800335716e-12
160,0.0070000000000000001,301.1587477618429,301.15874767597523,8.5867668531136587e-08,2.5499999999999998,2.5500000000062579,-6.2581051452070824e-12
160,0.0080000000000000002,301.16218105425645,301.16218096727647,8.6979980551404878e-08,2.5499999999999998,2.5500000000057494,-5.7496229999287607e-12
160,0.0090000000000000011,301.16690651278293,301.16690642962516,8.3157772223785287e-08,2.5499999999999998,2.5500000000053338,-5.3339554995091021e-12
160,0.01,301.17333881905483,301.17333874737375,7.1681085955788149e-08,2.5499999999999998,2.5500000000050038,-5.0039972165905056e-12
160,0.010999999999999999,301.18199906797582,301.18199901893013,4.9045695504901232e-08,2.5499999999999212,2.5500000000046583,-4.7370996014706179e-12
160,0.012,301.19353001617151,301.19353000485239,1.1319116310914978e-08,2.54999999998034,2.5499999999853937,-5.0537352080937126e-12
160,0.013000000000000001,301.20870886973972,301.20870891460817,-4.4868443183077034e-08,2.5499999972530363,2.5499999973003944,-4.7358117427620527e-11
160,0.014,301.22845544006123,301.22845556102118,-1.2095995316485642e-07,2.5499997880845102,2.5499997898549891,-1.770478874618675e-09
160,0.014999999999999999,301.25383353029997,301.2538337461533,-2.1585333342954982e-07,2.5499909139474779,2.5499909496887989,-3.5741321013915694e-08
160,0.016,301.28604407236992,301.28604439875761,-3.263876919845643e-07,2.5497811767422527,2.5497815093956055,-3.3265335286358777e-07
160,0.017000000000000001,301.32640989770209,301.32641034602756,-4.4832546564066433e-07,2.5469914727703045,2.5469926342943903,-1.161524085802057e-06
160,0.018000000000000002,301.37635388226192,301.37635446060079,-5.7833887012748164e-07,2.5257988972354064,2.5257985436594446,3.5357596184226736e-07
160,0.019,301.43737401477739,301.43737473016859,-7.1539119517183281e-07,2.4317822721075868,2.4317735809423522,8.6911652346088886e-06
160,0.02,301.5110199604012,301.51102083256364,-8.7216244537557941e-07,2.1795141111308869,2.1795021999144026,1.1911216484250531e-05
170,0,301.1523100308018,301.15230996333008,6.7471717102307593e-08,2.5499999999999998,2.5500000002197338,-2.1973400876618143e-10
170,0.001,301.15243122101754,301.15243115003074,7.0986800437822239e-08,2.5499999999999998,2.550000000019387,-1.9387158545214334e-11
170,0.002,301.15280870108478,301.15280862744498,7.3639796482893871e-08,2.5499999999999998,2.5500000000132865,-1.3286705069504023e-11
170,0.0030000000000000001,301.15348524550274,301.15348516782723,7.7675508691754658e-08,2.5499999999999998,2.5500000000105305,-1.0530687433174535e-11
170,0.0040000000000000001,301.15453563817289,301.15453555550653,8.2666360867733601e-08,2.5499999999999998,2.5500000000088603,-8.8604679149284493e-12
170,0.0050000000000000001,301.1560719241748,301.15607183624564,8.7929151959542651e-08,2.5499999999999998,2.5500000000077194,-7.7196027348236385e-12
170,0.0060000000000000001,301.15825075899352,301.15825066650899,9.2484526703628944e-08,2.5499999999999998,2.5500000000068894,-6.8896000016138714e-12
170,0.0070000000000000001,301.16128278618595,301.1612826912006,9.4985352916410193e-08,2.5499999999999998,2.5500000000062566,-6.2567728775775322e-12
170,0.0080000000000000002,301.16544385891621,301.16544376527855,9.3637652298639296e-08,2.5499999999999998,2.5500000000057503,-5.7505111783484608e-12
170,0.0090000000000000011,301.17108773504623,301.17108764888889,8.6157342593651265e-08,2.5499999999999998,2.5500000000053342,-5.3343995887189521e-12
170,0.01,301.17865961632253,301.1786595464859,6.983663070059265e-08,2.5499999999999985,2.5500000000050029,-5.0044413058003556e-12
170,0.010999999999999999,301.18870958796543,301.1887095461866,4.1778832837735536e-08,2.5499999999996219,2.5500000000043692,-4.7473136532971694e-12
170,0.012,301.20190469749315,301.20190469818203,-6.8888539317413233e-10,2.5499999999298519,2.5499999999359479,-6.0960125836118095e-12
170,0.013000000000000001,301.21903818193113,301.21903824139963,-5.946850478721899e-08,2.5499999925789685,2.5499999926798087,-1.0084022505907342e-10
170,0.014,301.24103433023299,301.24103446549429,-1.3526130260288483e-07,2.549999550694598,2.5499995538125639,-3.1179658854796344e-09
170,0.014999999999999999,301.26894776735486,301.26894799488952,-2.2753465600544587e-07,2.5499843264866433,2.5499843776427094,-5.115606604988443e-08
170,0.016,301.30395662179018,301.30395695644887,-3.3465869364590617e-07,2.549681689366095,2.5496820879801905,-3.9861409550923099e-07
170,0.017000000000000001,301.34735002355052,301.34735047774319,-4.5419267280522035e-07,2.5461772246686154,2.5461784042798881,-1.1796112726614183e-06
170,0.018000000000000002,301.40051146585483,301.40051204943205,-5.8357721854918054e-07,2.5222086426284318,2.5222080149989163,6.2762951547057355e-07
170,0.019,301.4649004338321,301.46490115435677,-7.2052466748573352e-07,2.4233496412885911,2.4233410179691934,8.6233193976603673e-06
170,0.02,301.54203503047148,301.54203590650599,-8.7603450538153993e-07,2.1692905113472833,2.1692791553435735,1.1356003709828144e-05
180,0,301.15323064339333,301.15323056223781,8.1155519637832185e-08,2.5499999999999998,2.5500000002197352,-2.1973534103381098e-10
180,0.001,301.15338532334755,301.1533852387272,8.4620353391073877e-08,2.5499999999999998,2.5500000000193901,-1.9390267169683284e-11
180,0.002,301.1538653956552,301.1538653085488,8.7106400314951316e-08,2.5499999999999998,2.5500000000132843,-1.3284484623454773e-11
180,0.0030000000000000001,301.15472000215277,301.15471991134268,9.0810090114246123e-08,2.5499999999999998,2.5500000000105287,-1.0528911076335135e-11
180,0.0040000000000000001,301.15603451862569,301.15603442340819,9.5217501439037733e-08,2.5499999999999998,2.5500000000088594,-8.8595797365087492e-12
180,0.0050000000000000001,301.15793572494528,301.1579356254278,9.9517478702182416e-08,2.5499999999999998,2.5500000000077194,-7.7196027348236385e-12
180,0.0060000000000000001,301.16059893785717,301.16059883528743,1.0256974292133236e-07,2.5499999999999998,2.5500000000068916,-6.8918204476631217e-12
180,0.0070000000000000001,301.1642569386571,301.16425683579081,1.028662950375292e-07,2.5499999999999998,2.5500000000062584,-6.2585492344169324e-12
180,0.0080000000000000002,301.16921039715697,301.1692102986338,9.8523173619469162e-08,2.5499999999999998,2.5500000000057494,-5.7496229999287607e-12
180,0.0090000000000000011,301.17583931512098,301.17583922779005,8.7330931819451507e-08,2.5499999999999998,2.5500000000053347,-5.3348436779288022e-12
180,0.01,301.18461479900651,301.18461473211141,6.6895097461383557e-08,2.5499999999999932,2.5500000000049976,-5.0044413058003556e-12
180,0.010999999999999999,301.19611025438309,301.19611021952136,3.4861727726820391e-08,2.5499999999984437,2.5500000000032248,-4.7810644332457741e-12
180,0.012,301.21101092435759,301.21101093514892,-1.0791325166792376e-08,2.5499999997816172,2.5499999997902489,-8.6317619718556671e-12
180,0.013000000000000001,301.23012063784364,301.23012070929582,-7.1452177508035675e-08,2.5499999819661654,2.5499999821675132,-2.0134782729996914e-10
180,0.014,301.25436475571263,301.25436490337199,-1.476593638471968e-07,2.5499991199649967,2.5499991250940073,-5.1290105496093474e-09
180,0.014999999999999999,301.28478864319271,301.28478888223049,-2.3903777446321328e-07,2.5499744509735929,2.5499745208666833,-6.9893090426376148e-08
180,0.016,301.32255154203563,301.32255188639971,-3.4436408213878167e-07,2.549554220208889,2.5495546845439221,-4.6433503309017965e-07
180,0.017000000000000001,301.36891638288876,301.36891684464553,-4.6175676970960922e-07,2.5452545630923713,2.5452557415437811,-1.1784514097890053e-06
180,0.018000000000000002,301.42523672014477,301.4252373091328,-5.8898802990370314e-07,2.5184845359834593,2.5184836510703263,8.8491313299243757e-07
180,0.019,301.49294241131975,301.49294313579765,-7.2447789989382727e-07,2.4150603848790828,2.4150518472484475,8.5376306353524001e-06
180,0.02,301.57352494634705,301.57352663558265,-1.6892356029529765e-06,2.1594248516655865,2.1594140014245156,1.0850241070947675e-05
190,0,301.15439237379968,301.15439227754729,9.6252392722817603e-08,2.5499999999999998,2.5500000002384384,-2.3843860219585622e-10
190,0.001,301.15458530382779,301.15458520495145,9.8876341780851362e-08,2.5499999999999998,2.5500000000210399,-2.1040058584276267e-11
190,0.002,301.15518222017403,301.15518211914684,1.0102718306370662e-07,2.5499999999999998,2.5500000000144167,-1.4416912108572433e-11
190,0.0030000000000000001,301.15623851666311,301.15623841252273,1.0414038342787535e-07,2.5499999999999998,2.5500000000114227,-1.1422862655763311e-11
190,0.0040000000000000001,301.15784987722611,301.15784976961453,1.0761158364402945e-07,2.5499999999999998,2.5500000000096148,-9.6149754824637057e-12
190,0.0050000000000000001,301.16015723184887,301.16015712131878,1.1053009529859992e-07,2.5499999999999998,2.5500000000083771,-8.3772988546115812e-12
190,0.0060000000000000001,301.16335350185062,301.16335339018201,1.1166861213496304e-07,2.5499999999999998,2.5500000000074774,-7.4775741154553543e-12
190,0.0070000000000000001,301.16769189337288,301.16769178389404,1.0947883311018813e-07,2.5499999999999998,2.5500000000067859,-6.7861272157188068e-12
190,0.0080000000000000002,301.17349537106168,301.17349526893872,1.0212295364908641e-07,2.5499999999999998,2.5500000000062388,-6.2390093091835297e-12
190,0.0090000000000000011,301.18116679334889,301.18116670579457,8.7554326455574483e-08,2.5499999999999998,2.5500000000057925,-5.7926996532842168e-12
190,0.01,301.19119903416754,301.19119897051331,6.3654226778453449e-08,2.5499999999999692,2.5500000000053986,-5.4294346796268655e-12
190,0.010999999999999999,301.2041842831074,301.20418425470945,2.839794888132019e-08,2.5499999999944527,2.5499999999997334,-5.2806647943270946e-12
190,0.012,301.22082164540035,301.22082166547074,-2.0070388018211816e-08,2.5499999993941449,2.5499999994087261,-1.4581225116216956e-11
190,0.013000000000000001,301.24192219023666,301.24192227388079,-8.364412451555836e-08,2.5499999599270455,2.5499999603034209,-3.7637537531054477e-10
190,0.014,301.26841071238033,301.26841087602958,-1.6364924704248551e-07,2.5499983880430603,2.5499983960108077,-7.9677473507899776e-09
190,0.014999999999999999,301.30132346484413,301.30132372027066,-2.5542652792864828e-07,2.5499603017714825,2.5499603936212552,-9.1849772676511066e-08
190,0.016,301.34180014824926,301.34180049600002,-3.4775075619108975e-07,2.5493954907337546,2.5493960189761569,-5.2824240226456709e-07
190,0.017000000000000001,301.39106489525233,301.39106534790722,-4.5265488779477892e-07,2.5442249868351987,2.5442261472321315,-1.1603969327644847e-06
190,0.018000000000000002,301.4503849335664,301.45038552611538,-5.9254898587823845e-07,2.5146442448460826,2.5146431202726114,1.1245734712339583e-06
190,0.019,301.52099461938565,301.52099534437917,-7.2499352654631366e-07,2.4069131939455777,2.406904755226726,8.438718851699889e-06
190,0.02,301.6039916130299,301.60399242444635,-8.1141644159288262e-07,2.1498874190194948,2.1498770323622383,1.0386657256500342e-05
200,0,301.15582706120523,301.15582695039774,1.1080749118264066e-07,2.5499999999999998,2.5500000002384402,-2.3844037855269562e-10
200,0.001,301.15606287990533,301.15606276660714,1.1329819926686469e-07,2.5499999999999998,2.5500000000210421,-2.1042279030325517e-11
200,0.002,301.15679047357429,301.15679035854083,1.1503345831442857e-07,2.5499999999999998,2.5500000000144163,-1.4416468019362583e-11
200,0.0030000000000000001,301.15807121673021,301.15807109932314,1.1740706895579933e-07,2.5499999999999998,2.5500000000114258,-1.1425971280232261e-11
200,0.0040000000000000001,301.1600105732586,301.16001045350396,1.1975464531133184e-07,2.5499999999999998,2.5500000000096157,-9.6158636608834058e-12
200,0.0050000000000000001,301.16276273609628,301.16276261499365,1.2110263014619704e-07,2.5499999999999998,2.550000000008382,-8.3821838359199319e-12
200,0.0060000000000000001,301.1665368684238,301.16653674824647,1.2017733297398081e-07,2.5499999999999998,2.5500000000074752,-7.475353669406104e-12
200,0.0070000000000000001,301.17160466209327,301.17160454667584,1.1541743560883333e-07,2.5499999999999998,2.5500000000067868,-6.787015394138507e-12
200,0.0080000000000000002,301.17830881584388,301.17830871084396,1.0499991276446963e-07,2.5499999999999998,2.5500000000062397,-6.2398974876032298e-12
200,0.0090000000000000011,301.18707191624509,301.18707182934406,8.6901025042607216e-08,2.5499999999999994,2.5500000000057934,-5.794031920913767e-12
200,0.01,301.19840509129597,301.19840503217864,5.9117326145496918e-08,2.5499999999998764,2.5500000000053098,-5.4334314825155161e-12
200,0.010999999999999999,301.21291570877605,301.21291568846141,2.0314644189056708e-08,2.5499999999825187,2.5499999999880401,-5.5213611460658285e-12
200,0.012,301.23131328899279,301.23131331841932,-2.9426530545606511e-08,2.5499999984765398,2.549999998502265,-2.5725199748194427e-11
200,0.013000000000000001,301.2544126102195,301.25441269998635,-8.9766842847893713e-08,2.5499999174972765,2.5499999181569919,-6.5971539342513097e-10
200,0.014,301.28313254349223,301.28313270715108,-1.6365885358027299e-07,2.5499972115202429,2.5499972233039965,-1.1783753528504803e-08
200,0.014999999999999999,301.31848832139798,301.31848857894857,-2.575505959612201e-07,2.5499407911989183,2.5499409079850226,-1.1678610434273651e-07
200,0.016,301.36157393218298,301.36157430663519,-3.7445221323650912e-07,2.549202535288952,2.5492031243839128,-5.890949608122753e-07
200,0.017000000000000001,301.41353116888138,301.41353166940888,-5.0052750566464965e-07,2.543090850222157,2.5430919781294699,-1.127907312881149e-06
200,0.018000000000000002,301.47550427373278,301.47550487589797,-6.0216518704692135e-07,2.5107034665545878,2.5107021198440789,1.3467105088871278e-06
200,0.019,301.54858514658378,301.54858581054293,-6.6395915609973599e-07,2.3989058495291644,2.398897519299986,8.3302291784548288e-06
200,0.02,301.63376196447621,301.63376269296288,-7.2848666832214803e-07,2.1406521916652275,2.1406422311842825,9.9604809449260756e-06
210,0,301.15756536578351,301.15756524040972,1.253737877959793e-07,2.5499999999999998,2.5500000002384438,-2.3844393126637442e-10
210,0.001,301.15784848040425,301.15784835270881,1.2769544355251128e-07,2.5499999999999998,2.5500000000210408,-2.1040946762695967e-11
210,0.002,301.15871984870108,301.15871971978805,1.2891302958450979e-07,2.5499999999999998,2.550000000014415,-1.4415135751733033e-11
210,0.0030000000000000001,301.16024643587468,301.16024630548606,1.303886278947175e-07,2.5499999999999998,2.550000000011424,-1.1424194923392861e-11
210,0.0040000000000000001,301.16254278408815,301.16254265267662,1.3141152521711774e-07,2.5499999999999998,2.5500000000096152,-9.6154195716735558e-12
210,0.0050000000000000001,301.16577527218118,301.16577514122491,1.3095626627546153e-07,2.5499999999999998,2.5500000000083789,-8.3790752114509814e-12
210,0.0060000000000000001,301.17016779040404,301.17016766269506,1.2770897228620015e-07,2.5499999999999998,2.5500000000074778,-7.4780182046652044e-12
210,0.0070000000000000001,301.17600852582376,301.17600840568872,1.2013504147034837e-07,2.5499999999999998,2.5500000000067868,-6.787015394138507e-12
210,0.0080000000000000002,301.18365745030826,301.183657343677,1.0663126204235596e-07,2.5499999999999998,2.5500000000062375,-6.2376770415539795e-12
210,0.0090000000000000011,301.19355399121861,301.19355390547912,8.5739486621605465e-08,2.5499999999999972,2.5500000000057899,-5.7926996532842168e-12
210,0.01,301.20622423880963,301.20622418257722,5.623240895147319e-08,2.5499999999995571,2.5500000000049963,-5.4392046422435669e-12
210,0.010999999999999999,301.22228688480766,301.2222868679828,1.6824856174935121e-08,2.5499999999504337,2.5499999999565177,-6.0840221749458578e-12
210,0.012,301.24245686244478,301.24245689691691,-3.4472122933948413e-08,2.5499999964795257,2.5499999965259397,-4.6413983767479294e-11
210,0.013000000000000001,301.26754535035212,301.26754545095042,-1.0059829946840182e-07,2.5499998409314988,2.5499998420254926,-1.093993784451186e-09
210,0.014,301.29845446510751,301.29845464874143,-1.8363391518505523e-07,2.5499954079393006,2.5499954246536136,-1.6714313044730034e-08
210,0.014999999999999999,301.33616480492316,301.33616508619087,-2.8126771667302819e-07,2.5499147523961128,2.5499148967817606,-1.4438564788221697e-07
210,0.016,301.38171440766422,301.38171479336,-3.8569578464375809e-07,2.548972731490736,2.5489733773860741,-6.4589533810277544e-07
210,0.017000000000000001,301.43616908193087,301.43616956790737,-4.8597649993098457e-07,2.5418551487234442,2.5418562319259501,-1.0832025059137607e-06
210,0.018000000000000002,301.50058656342134,301.50058713642898,-5.7300763955936418e-07,2.5066761216927889,2.5066745701003619,1.5515924269848824e-06
210,0.019,301.57597995456723,301.57598060107296,-6.4650572539903806e-07,2.3910355267642585,2.3910273119149266,8.2148493318889848e-06
210,0.02,301.66328810409954,301.66328882707626,-7.2297672204513219e-07,2.1316963548785268,2.1316867878717445,9.5670067823405702e-06
220,0,301.15963611860525,301.15963597892056,1.3968468692837632e-07,2.5499999999999998,2.5500000002384446,-2.3844481944479412e-10
220,0.001,301.15997062584199,301.15997048404046,1.4180153584675281e-07,2.5499999999999998,2.5500000000210448,-2.1044943565584617e-11
220,0.002,301.16099790738701,301.16099776499146,1.4239554957384826e-07,2.5499999999999998,2.5500000000144172,-1.4417356197782283e-11
220,0.0030000000000000001,301.16279005513127,301.16278991232161,1.4280965388024924e-07,2.5499999999999998,2.5500000000114231,-1.1423306744973161e-11
220,0.0040000000000000001,301.16546988716976,301.16546974485016,1.4231960676625022e-07,2.5499999999999998,2.5500000000096152,-9.6154195716735558e-12
220,0.0050000000000000001,301.16921479330921,301.16921465338424,1.3992496405990096e-07,2.5499999999999998,2.5500000000083789,-8.3790752114509814e-12
220,0.0060000000000000001,301.17426180966157,301.17426167524445,1.3441712098938297e-07,2.5499999999999998,2.5500000000074787,-7.4789063830849045e-12
220,0.0070000000000000001,301.18091360084213,301.18091347638665,1.2445548236428294e-07,2.5499999999999998,2.5500000000067882,-6.7883476617680572e-12
220,0.0080000000000000002,301.18954491784842,301.18954480922446,1.0862396493394044e-07,2.5499999999999998,2.5500000000062388,-6.2390093091835297e-12
220,0.0090000000000000011,301.20060897227012,301.20060888685191,8.5418207618204178e-08,2.5499999999999901,2.5500000000057841,-5.794031920913767e-12
220,0.01,301.21464301608307,301.21464296293112,5.3151950396568282e-08,2.5499999999985912,2.5500000000040557,-5.4645177272050205e-12
220,0.010999999999999999,301.23227223859158,301.23227222866365,9.927930477715563e-09,2.5499999998717664,2.5499999998790241,-7.2577499565795733e-12
220,0.012,301.25421090442114,301.25421095050416,-4.6083016513875918e-08,2.5499999924387424,2.5499999925210934,-8.2351014896175911e-11
220,0.013000000000000001,301.28125951512698,301.28125963097062,-1.1584364756345167e-07,2.5499997102600132,2.5499997119876272,-1.7276140518163174e-09
220,0.014,301.31429679419523,301.31429699241613,-1.982209028028592e-07,2.5499927536820732,2.5499927765525823,-2.2870509042149934e-08
220,0.014999999999999999,301.35426562766952,301.35426591700076,-2.8933123985552811e-07,2.5498809631879271,2.5498811374509338,-1.7426300669143302e-07
220,0.016,301.40215288298066,301.40215326639037,-3.8340971286743297e-07,2.5487038123180263,2.5487045102350647,-6.9791703838362196e-07
220,0.017000000000000001,301.45896429449652,301.45896476907382,-4.7457729124289472e-07,2.5405213412995802,2.5405223696683286,-1.0283687483791937e-06
220,0.018000000000000002,301.52569712824283,301.52569768703694,-5.5879411320347572e-07,2.502574543465085,2.5025728036117103,1.7398533747048361e-06
220,0.019,301.60331465228109,301.60331528749748,-6.3521639503960614e-07,2.3832990055015464,2.3832909108092335,8.0946923128877302e-06
220,0.02,301.69272695216733,301.69272766655956,-7.1439222892877297e-07,2.1229998199549325,2.1229906175319484,9.2024229840781402e-06
230,0,301.16206588910273,301.16206573567536,1.5342737924584071e-07,2.5499999999999998,2.550000000238446,-2.3844615171242367e-10
230,0.001,301.16245552752724,301.16245537221039,1.5531685448877397e-07,2.5499999999999998,2.5500000000210434,-2.1043611297955067e-11
230,0.002,301.1636497713086,301.16364961607525,1.5523335150646744e-07,2.5499999999999998,2.5500000000144181,-1.4418244376201983e-11
230,0.0030000000000000001,301.16572533297943,301.16572517844179,1.5453764490303001e-07,2.5499999999999998,2.550000000011424,-1.1424194923392861e-11
230,0.0040000000000000001,301.16881244426497,301.1688122917206,1.5254437357725692e-07,2.5499999999999998,2.5500000000096152,-9.6154195716735558e-12
230,0.0050000000000000001,301.17309826034483,301.17309811203182,1.4831300632067723e-07,2.5499999999999998,2.5500000000083825,-8.3826279251297819e-12
230,0.0060000000000000001,301.1788312959099,301.17883115521613,1.4069377129999339e-07,2.5499999999999998,2.5500000000074796,-7.4797945615046046e-12
230,0.0070000000000000001,301.18632654909788,301.18632642074175,1.2835613460993045e-07,2.5499999999999998,2.5500000000067855,-6.7856831265089568e-12
230,0.0080000000000000002,301.19597085126202,301.19597074145344,1.0980858178299968e-07,2.5499999999999994,2.5500000000062384,-6.2390093091835297e-12
230,0.0090000000000000011,301.20822785005123,301.20822776662033,8.3430904851411469e-08,2.5499999999999643,2.5500000000057579,-5.7935878317039169e-12
230,0.01,301.22364189604411,301.22364184846145,4.7582659590261756e-08,2.5499999999959302,2.5500000000014489,-5.5186966108067281e-12
230,0.010999999999999999,301.24283997769714,301.24283997684529,8.5185547504806891e-10,2.5499999996936946,2.5499999997032585,-9.5639052233309485e-12
230,0.012,301.2665307742401,301.26653083177894,-5.753884124715114e-08,2.5499999847635793,2.5499999849048622,-1.4128298531090877e-10
230,0.013000000000000001,301.29549993254568,301.29550005979178,-1.2724609632641659e-07,2.5499994977772147,2.5499995003910363,-2.6138216036031281e-09
230,0.014,301.33060089635495,301.33060110281781,-2.064628574771632e-07,2.5499889832673976,2.5499890136018775,-3.0334479816929161e-08
230,0.014999999999999999,301.37274108595744,301.37274137800767,-2.9205023110989714e-07,2.5498381694106755,2.5498383754034672,-2.0599279171307217e-07
230,0.016,301.42286395088354,301.42286433100691,-3.8012336744941422e-07,2.5483938644940101,2.5483946091575271,-7.4466351707158651e-07
230,0.017000000000000001,301.48192830873973,301.48192877560035,-4.6686062660228345e-07,2.539093206097589,2.5390941713967492,-9.6529916016052653e-07
230,0.018000000000000002,301.55088724228739,301.55088779165857,-5.4937117965891957e-07,2.4984096546230163,2.4984077423142117,1.9123088046413272e-06
230,0.019,301.63066938318724,301.63067000932921,-6.2614196849608561e-07,2.3756928210693307,2.3756848496533638,7.9714159668675677e-06
230,0.02,301.72216540656825,301.72216611271386,-7.0614561309412238e-07,2.1145447735968381,2.1145359100929735,8.863503864642297e-06
240,0,301.16487873198838,301.16487856554602,1.6644236211504904e-07,2.5499999999999998,2.5500000002384464,-2.3844659580163352e-10
240,0.001,301.16532685303218,301.16532668492505,1.6810713532322552e-07,2.5499999999999998,2.5500000000210452,-2.1045387654794467e-11
240,0.002,301.16669793517309,301.16669776781748,1.6735560848246678e-07,2.5499999999999998,2.5500000000144141,-1.4414247573313332e-11
240,0.0030000000000000001,301.1690727713443,301.16907260577898,1.6556532500544563e-07,2.5499999999999998,2.5500000000114227,-1.1422862655763311e-11
240,0.0040000000000000001,301.17258808721272,301.17258792514133,1.620713874217472e-07,2.5499999999999998,2.550000000009617,-9.617195928512956e-12
240,0.0050000000000000001,301.17743947482506,301.1774393188781,1.5594696378684603e-07,2.5499999999999998,2.550000000008382,-8.3821838359199319e-12
240,0.0060000000000000001,301.18388514958144,301.18388500353808,1.4604336229240289e-07,2.5499999999999998,2.5500000000074774,-7.4775741154553543e-12
240,0.0070000000000000001,301.19225016988639,301.19225003885344,1.3103294804750476e-07,2.5499999999999998,2.5500000000067859,-6.7861272157188068e-12
240,0.0080000000000000002,301.2029306450537,301.20293053557668,1.0947701412078459e-07,2.5499999999999989,2.5500000000062379,-6.2390093091835297e-12
240,0.0090000000000000011,301.21639734484859,301.21639726490776,7.9940832620195579e-08,2.5499999999998852,2.5500000000056811,-5.7958082777531672e-12
240,0.01,301.23319802777263,301.23319798660037,4.1172256715071853e-08,2.549999999989216,2.5499999999948559,-5.6399329650957952e-12
240,0.010999999999999999,301.25395774984742,301.25395775750724,-7.6598212217504624e-09,2.549999999317814,2.5499999993316074,-1.3793410857942945e-11
240,0.012,301.27937643670066,301.27937650341255,-6.6711891122395173e-08,2.5499999709684218,2.5499999712016916,-2.3326984788241134e-10
240,0.013000000000000001,301.31022313964405,301.31022327490064,-1.3525658459911938e-07,2.5499991665413977,2.5499991703502563,-3.808858561882289e-09
240,0.014,301.34732668385368,301.3473268954757,-2.1162202301638899e-07,2.5499837900037496,2.5499838291608996,-3.9157149966939642e-08
240,0.014999999999999999,301.39156286051525,301.39156315386623,-2.9335097906368901e-07,2.549785106683665,2.5497853458159314,-2.3913226643301755e-07
240,0.016,301.44383887693169,301.44383925446982,-3.7753812875962467e-07,2.5480413168982063,2.5480421027335702,-7.8583536389231767e-07
240,0.017000000000000001,301.50507636685353,301.50507682811843,-4.6126490360620664e-07,2.5375747247152249,2.5375756203954785,-8.9568025352093628e-07
240,0.018000000000000002,301.57619474078882,301.57619528284761,-5.4205878541324637e-07,2.4941911291018646,2.4941890592298037,2.0698720608613996e-06
240,0.019,301.65809687339441,301.65809749162491,-6.1823050145903835e-07,2.3682133744690006,2.3682055281517087,7.8463172918930013e-06
240,0.02,301.75165975193619,301.75165966716014,8.477604751533363e-08,2.1063153310716745,2.1063067836388978,8.5474327766732472e-06
250,0,301.16809600630427,301.16809583029385,1.7601041690795682e-07,2.5499999999999998,2.5500000001870147,-1.8701484805205837e-10
250,0.001,301.16860554830066,301.16860536848242,1.7981824385060463e-07,2.5499999999999998,2.5500000000165053,-1.6505463662497277e-11
250,0.002,301.17016209404346,301.17016191559003,1.7845343336375663e-07,2.5499999999999998,2.5500000000113081,-1.1308287639621994e-11
250,0.0030000000000000001,301.17284994225935,301.17284976669856,1.7556078546476783e-07,2.5499999999999998,2.5500000000089598,-8.9599438979348633e-12
250,0.0040000000000000001,301.17681133796742,301.17681116745348,1.7051394252121099e-07,2.5499999999999998,2.5500000000075413,-7.5415229616737633e-12
250,0.0050000000000000001,301.18224891395613,301.18224875154118,1.6241494904534193e-07,2.5499999999999998,2.5500000000065746,-6.574740751830177e-12
250,0.0060000000000000001,301.18942874875631,301.18942859859379,1.5016252064015134e-07,2.5499999999999998,2.5500000000058658,-5.8659743729094771e-12
250,0.0070000000000000001,301.19868367967774,301.19868354715612,1.3252162034405046e-07,2.5499999999999998,2.5500000000053236,-5.3237414476825506e-12
250,0.0080000000000000002,301.21041641078642,301.21041630256707,1.0821935347848921e-07,2.5499999999999972,2.5500000000048888,-4.8916426464984397e-12
250,0.0090000000000000011,301.22510187220058,301.22510179612192,7.6078663369116839e-08,2.5499999999996645,2.5500000000042142,-4.5496939549138915e-12
250,0.01,301.24328823499769,301.24328819980872,3.5188975289202062e-08,2.5499999999735001,2.5499999999782159,-4.7157833193978149e-12
250,0.010999999999999999,301.26559598731234,301.26559600218894,-1.4876604836899787e-08,2.5499999985716255,2.5499999985916655,-2.0039969683693926e-11
250,0.012,301.29271455756361,301.29271463129885,-7.3735236583161168e-08,2.5499999473471613,2.5499999477169704,-3.6980907225370174e-10
250,0.013000000000000001,301.3253961658001,301.32539630579021,-1.3999010661791544e-07,2.5499986689612792,2.5499986743303769,-5.3690976109521671e-09
250,0.014,301.36444702507242,301.3644472384301,-2.1335767996788491e-07,2.5499768278489876,2.5499768772053222,-4.9356334574923721e-08
250,0.014999999999999999,301.41071738963427,301.41071768742358,-2.977893132083409e-07,2.5497205199556454,2.5497207931921517,-2.7323650630961538e-07
250,0.016,301.46509675110218,301.46509713626563,-3.8516344602612662e-07,2.5476449221705386,2.547645743470444,-8.212999054180159e-07
250,0.017000000000000001,301.52853353443953,301.5285339790459,-4.4460637127485825e-07,2.5359699905511088,2.5359708115521897,-8.2100108089733226e-07
250,0.018000000000000002,301.60211975877871,301.6021202599515,-5.0117279215555754e-07,2.489927537379395,2.4899253238624559,2.2135169390757881e-06
250,0.019,301.68728512838624,301.68728583177426,-7.0338802515834686e-07,2.3608570115991943,2.3608492911827654,7.7204164288247057e-06
250,0.02,301.78608347181091,301.78608452663639,-1.054825474966492e-06,2.0982967706538238,2.0982885173048897,8.2533489340619326e-06
260,0,301.17173620258961,301.17173601539037,1.8719924810284283e-07,2.5499999999999998,2.5500000001870164,-1.8701662440889777e-10
260,0.001,301.17230966680444,301.172309476034,1.9077043589277309e-07,2.5499999999999998,2.5500000000165066,-1.6506795930126827e-11
260,0.002,301.17405898156744,301.17405879286844,1.8869900486606639e-07,2.5499999999999998,2.550000000011305,-1.1305179015153044e-11
260,0.0030000000000000001,301.1770713537345,301.17707116909162,1.8464288586983457e-07,2.5499999999999998,2.5500000000089602,-8.9603879871447134e-12
260,0.0040000000000000001,301.18149354518397,301.18149336718267,1.7800130081013776e-07,2.5499999999999998,2.5500000000075413,-7.5415229616737633e-12
260,0.0050000000000000001,301.18753382005946,301.1875336521328,1.6792665746834246e-07,2.5499999999999998,2.5500000000065728,-6.5729643949907768e-12
260,0.0060000000000000001,301.19546431695562,301.19546416354711,1.5340850723077892e-07,2.5499999999999998,2.5500000000058631,-5.8633098376503767e-12
260,0.0070000000000000001,301.20562350149709,301.20562336812429,1.333727936980722e-07,2.5499999999999998,2.5500000000053236,-5.3237414476825506e-12
260,0.0080000000000000002,301.2184182762864,301.21841816946124,1.0682515494409017e-07,2.5499999999999909,2.5500000000048813,-4.8903103788688895e-12
260,0.0090000000000000011,301.23432527430032,301.23432520129978,7.3000535394385224e-08,2.5499999999990925,2.5500000000036542,-4.5616843635798432e-12
260,0.01,301.25389086506652,301.25389083376695,3.1299578040488996e-08,2.5499999999390961,2.5499999999442822,-5.1860737926290312e-12
260,0.010999999999999999,301.27772952347459,301.27772954272507,-1.9250478544563521e-08,2.5499999971685097,2.549999997200723,-3.2213343104103842e-11
260,0.012,301.30652060687402,301.30652068712044,-8.0246422839991283e-08,2.5499999085962624,2.5499999091642271,-5.6796478631326863e-10
260,0.013000000000000001,301.34100460183078,301.341004753243,-1.5141222320380621e-07,2.5499979455366235,2.5499979528890844,-7.3524608623642962e-09
260,0.014,301.38198208868999,301.38198231399292,-2.2530292653755168e-07,2.5499677142786661,2.5499677752009027,-6.0922236588822898e-08
260,0.014999999999999999,301.43032242929297,301.43032271844169,-2.8914871563756606e-07,2.5496431804521946,2.5496434883351009,-3.0788290628080972e-07
260,0.016,301.486993680409,301.4869940243824,-3.4397339732095134e-07,2.5472037340207532,2.5472045850813942,-8.510606410716548e-07
260,0.017000000000000001,301.55312699380914,301.55312741814021,-4.2433106273165322e-07,2.5342831371576384,2.534283879701352,-7.4254371362769689e-07
260,0.018000000000000002,301.63012197547323,301.6301225552449,-5.7977166534328717e-07,2.4856264758959892,2.4856241316920258,2.3442039633891909e-06
260,0.019,301.71978056768853,301.71978138454091,-8.1685237773854169e-07,2.3536200757167678,2.3536124812403405,7.5944764272861676e-06
260,0.02,301.82443177965746,301.82443290767498,-1.1280175158390193e-06,2.0904763674381441,2.0904683906945305,7.9767436136357617e-06
270,0,301.17581481120095,301.17581461391643,1.9728452116396511e-07,2.5499999999999998,2.5500000001870156,-1.8701573623047807e-10
270,0.001,301.17645424936347,301.17645404874378,2.006196950787853e-07,2.5499999999999998,2.5500000000165066,-1.6506795930126827e-11
270,0.002,301.17840228870824,301.1784020908587,1.9784954474744154e-07,2.5499999999999998,2.5500000000113032,-1.1303402658313644e-11
270,0.0030000000000000001,301.18174844716879,301.18174825450632,1.9266246908955509e-07,2.5499999999999998,2.5500000000089584,-8.9586116303053132e-12
270,0.0040000000000000001,301.18664301693212,301.18664283240577,1.8452635686116992e-07,2.5499999999999998,2.5500000000075427,-7.5428552293033135e-12
270,0.0050000000000000001,301.19329853893271,301.1932983662125,1.7272020613745553e-07,2.5499999999999998,2.5500000000065728,-6.5729643949907768e-12
270,0.0060000000000000001,301.2019915378068,301.20199138138003,1.5642677908545011e-07,2.5499999999999998,2.5500000000058636,-5.8637539268602268e-12
270,0.0070000000000000001,301.21306421287085,301.21306407811505,1.3475579407895566e-07,2.5499999999999998,2.550000000005324,-5.3241855368924007e-12
270,0.0080000000000000002,301.22692574485245,301.22692563820959,1.0664285809980356e-07,2.5499999999999718,2.5500000000048679,-4.8960835385969403e-12
270,0.0090000000000000011,301.24405291706444,301.2440528463722,7.0692237841285532e-08,2.5499999999977123,2.5500000000023006,-4.588329716170847e-12
270,0.01,301.26498993826738,301.26498991287485,2.5392523639311548e-08,2.5499999998681226,2.5499999998741791,-6.056488643935154e-12
270,0.010999999999999999,301.29034781635789,301.29034784598639,-2.9628495212818962e-08,2.549999994654125,2.5499999947056291,-5.1504134290780712e-11
270,0.012,301.32080452330018,301.32080461476198,-9.1461799911485286e-08,2.5499998473948051,2.5499998482387705,-8.4396534205666285e-10
270,0.013000000000000001,301.35710860589791,301.35710875919818,-1.5330027736126794e-07,2.5499969238038971,2.5499969336146533,-9.8107562074289945e-09
270,0.014,301.40009065436612,301.40009086348226,-2.0911613773932913e-07,2.5499560339433458,2.5499561077580242,-7.3814678369643616e-08
270,0.014999999999999999,301.45068841926258,301.4506886826789,-2.6341632519688574e-07,2.5495518999141864,2.549552242586544,-3.4267235760054859e-07
270,0.016,301.50999101732714,301.50999135406209,-3.3673495636321604e-07,2.5467170821575555,2.5467179573771097,-8.7521955416391961e-07
270,0.017000000000000001,301.579304069351,301.57930452748741,-4.5813641236236435e-07,2.5325182829008375,2.5325189443087095,-6.6140787202684237e-07
270,0.018000000000000002,301.66023025424903,301.66023089841354,-6.4416451550641796e-07,2.4812946816170598,2.4812922187461131,2.4628709467400256e-06
270,0.019,301.75475037327766,301.75475126004841,-8.8677074927545618e-07,2.3464989389539603,2.3464914698289179,7.4691250424585576e-06
270,0.02,301.86528282965668,301.8652840172702,-1.1876135204147431e-06,2.0828426763450603,2.0828349596132343,7.7167318259796502e-06
280,0,301.18034429515558,301.18034408892356,2.0623201635316946e-07,2.5499999999999998,2.5500000001870151,-1.8701529214126822e-10
280,0.001,301.1810513161173,301.18105110676487,2.0935243583153351e-07,2.5499999999999998,2.5500000000165062,-1.6506351840916977e-11
280,0.002,301.18320271532713,301.18320250937023,2.0595689420588315e-07,2.5499999999999998,2.5500000000113019,-1.1302070390684094e-11
280,0.0030000000000000001,301.18688975533496,301.18688955554978,1.9978517684648978e-07,2.5499999999999998,2.5500000000089593,-8.9594998087250133e-12
280,0.0040000000000000001,301.19226534299492,301.19226515262238,1.9037253196074744e-07,2.5499999999999998,2.5500000000075405,-7.5406347832540632e-12
280,0.0050000000000000001,301.19954508958176,301.19954491255197,1.7702978993838769e-07,2.5499999999999998,2.5500000000065746,-6.574740751830177e-12
280,0.0060000000000000001,301.20900852915662,301.20900837028262,1.5887400195424561e-07,2.5499999999999998,2.5500000000058636,-5.8637539268602268e-12
280,0.0070000000000000001,301.22100028968077,301.22100015482175,1.3485902172760689e-07,2.5499999999999985,2.5500000000053231,-5.3246296261022508e-12
280,0.0080000000000000002,301.23593106384988,301.23593095991208,1.0393779348305543e-07,2.5499999999999226,2.5500000000048195,-4.8969717170166405e-12
280,0.0090000000000000011,301.25427840470263,301.25427833922464,6.5477991029183613e-08,2.549999999994597,2.549999999999236,-4.6389558860937541e-12
280,0.01,301.27658773737818,301.27658771748099,1.9897186120942933e-08,2.5499999997292733,2.5499999997368366,-7.5632833329564164e-12
280,0.010999999999999999,301.30347458061715,301.303474611529,-3.0911849080439424e-08,2.5499999903376618,2.5499999904185673,-8.0905504518113958e-11
280,0.012,301.3356297868998,301.33562987106347,-8.4163673363946145e-08,2.549999753953534,2.54999975517054,-1.2170060514904435e-09
280,0.013000000000000001,301.37383046668072,301.37383060504089,-1.3836017842550064e-07,2.5499955175255757,2.5499955303173913,-1.2791815606760792e-08
280,0.014,301.41895977799857,301.41895997449672,-1.9649814930744469e-07,2.549941342893618,2.5499414308651684,-8.7971550488674666e-08
280,0.014999999999999999,301.47203837717473,301.47203864515774,-2.6798301178132533e-07,2.5494455421525322,2.549445919395207,-3.7724267487604379e-07
280,0.016,301.53426849679721,301.53426886372375,-3.6692654248327017e-07,2.5461845462676664,2.5461854402198578,-8.9395219138310722e-07
280,0.017000000000000001,301.60708818111715,301.6070886877834,-5.0666625384110375e-07,2.5306794888982287,2.5306800674233347,-5.7852510604305962e-07
280,0.018000000000000002,301.69222874876533,301.69222944204495,-6.9327961682574823e-07,2.4769381327888289,2.4769355623908496,2.5703979793512133e-06
280,0.019,301.791764490584,301.79176541471475,-9.2413074526120909e-07,2.3394900413287893,2.3394826964793052,7.344849484169913e-06
280,0.02,301.90814181743787,301.90814302966771,-1.2122298471695103e-06,2.0753852296924684,2.0753777578445645,7.4718479039503904e-06
290,0,301.18533420943351,301.18533399537131,2.1406219730124576e-07,2.5499999999999998,2.5500000001870178,-1.8701795667652732e-10
290,0.001,301.18611001170717,301.18610979472902,2.1697815100196749e-07,2.5499999999999998,2.550000000016508,-1.6508128197756378e-11
290,0.002,301.18846819877888,301.18846798580842,2.1297046259860508e-07,2.5499999999999998,2.5500000000113059,-1.1306067193572744e-11
290,0.0030000000000000001,301.19250129358682,301.19250108780386,2.0578295334416907e-07,2.5499999999999998,2.5500000000089607,-8.9608320763545635e-12
290,0.0040000000000000001,301.19836407967432,301.19836388471646,1.9495786318657338e-07,2.5499999999999998,2.5500000000075405,-7.5406347832540632e-12
290,0.0050000000000000001,301.2062743789956,301.20627419914268,1.7985291833610972e-07,2.5499999999999998,2.550000000006575,-6.5751848410400271e-12
290,0.0060000000000000001,301.21651399817398,301.21651383841242,1.5976155509633827e-07,2.5499999999999998,2.5500000000058667,-5.8668625513291772e-12
290,0.0070000000000000001,301.22942979475317,301.22942966067637,1.3407679944066331e-07,2.549999999999998,2.550000000005324,-5.325961893731801e-12
290,0.0080000000000000002,301.24543494799417,301.24543484548872,1.0250545301460079e-07,2.5499999999998018,2.5500000000047027,-4.900968519905291e-12
290,0.0090000000000000011,301.26501077111942,301.2650107058725,6.5246922531514429e-08,2.5499999999879495,2.5499999999926888,-4.7393200475198682e-12
290,0.01,301.28870978400613,301.28870976104304,2.2963092760619475e-08,2.5499999994702236,2.5499999994802942,-1.007061101176987e-11
290,0.010999999999999999,301.31716124196498,301.31716126560889,-2.3643906388315372e-08,2.5499999832068831,2.5499999833310611,-1.2417800121511391e-10
290,0.012,301.35108077692109,301.35108085160346,-7.4682361628219951e-08,2.5499996155460143,2.5499996172539947,-1.7079804237596363e-09
290,0.013000000000000001,301.39128605137716,301.39128618350986,-1.3213269767220481e-07,2.5499936261432672,2.5499936424807426,-1.6337475372552035e-08
290,0.014,301.43872008727942,301.43872028786365,-2.0058422478541615e-07,2.5499231731676217,2.5499232764782862,-1.0331066446767068e-07
290,0.014999999999999999,301.4944829644835,301.49448325152571,-2.8704221222142223e-07,2.5493230320852631,2.549323443353301,-4.112680378476341e-07
290,0.016,301.55987079581701,301.55987119551452,-3.9969751242097118e-07,2.5456059300636071,2.5456068375558796,-9.0749227243946962e-07
290,0.017000000000000001,301.63641848393434,301.63641902969488,-5.4576054253629991e-07,2.528770727598936,2.5287712222868723,-4.9468793639206865e-07
290,0.018000000000000002,301.72594031016706,301.72594103972312,-7.2955606356117642e-07,2.4725621373616811,2.4725594697353181,2.6676263629177299e-06
290,0.019,301.83056072056371,301.83056167232223,-9.5175852266038419e-07,2.3325899168560009,2.3325826948419843,7.2220140165946134e-06
290,0.02,301.95272756574951,301.95272879614674,-1.2303972312111e-06,2.0680944752804882,2.0680872345057111,7.2407747770952824e-06
300,0,301.19079155316064,301.19079133249062,2.2067001737013925e-07,2.5499999999999998,2.5500000001870178,-1.8701795667652732e-10
300,0.001,301.19163700497211,301.1916367815931,2.2337900418278878e-07,2.5499999999999998,2.5500000000165066,-1.6506795930126827e-11
300,0.002,301.19420446859903,301.19420424983463,2.1876439859624952e-07,2.5499999999999998,2.5500000000113072,-1.1307399461202294e-11
300,0.0030000000000000001,301.19858741318177,301.19858720255962,2.1062214727862738e-07,2.5499999999999998,2.5500000000089575,-8.957723451885613e-12
300,0.0040000000000000001,301.20494209472753,301.20494189611838,1.9860914335367852e-07,2.5499999999999998,2.5500000000075409,-7.5410788724639133e-12
300,0.0050000000000000001,301.21348825215767,301.21348806986509,1.8229258103019674e-07,2.5499999999999998,2.5500000000065741,-6.574296662620327e-12
300,0.0060000000000000001,301.22451009425964,301.22450993298145,1.6127819435496349e-07,2.5499999999999998,2.5500000000058662,-5.8664184621193272e-12
300,0.0070000000000000001,301.23835768818077,301.23835755286183,1.3531894182960968e-07,2.5499999999999936,2.5500000000053165,-5.3228532692628505e-12
300,0.0080000000000000002,301.25544902388219,301.25544891950909,1.043731003846915e-07,2.5499999999995215,2.5500000000044247,-4.9031889659545413e-12
300,0.0090000000000000011,301.27627326772665,301.27627319917843,6.8548217768693576e-08,2.5499999999744807,2.549999999979395,-4.9142911962007929e-12
300,0.01,301.30139600538575,301.30139597751463,2.7871124075318221e-08,2.5499999990070994,2.5499999990211815,-1.4082068844345486e-11
300,0.010999999999999999,301.33146754294091,301.3314675610572,-1.8116281808033818e-08,2.5499999718266264,2.5499999720125701,-1.8594370487790002e-10
300,0.012,301.36723547496933,301.3672355458184,-7.0849068833922502e-08,2.5499994160366399,2.5499994183757964,-2.339156424113753e-09
300,0.013000000000000001,301.40956259918084,301.40956273232194,-1.3314109992279555e-07,2.5499911345024469,2.5499911549849337,-2.0482486817741119e-08
300,0.014,301.45945072684759,301.45945093613682,-2.0928922594976029e-07,2.5499010375546409,2.5499011572871635,-1.1973252256325395e-07
300,0.014999999999999999,301.51806994333384,301.51807024807687,-3.0474302548100241e-07,2.5491833624700839,2.5491838069306847,-4.444606007680818e-07
300,0.016,301.58679148273171,301.58679190805844,-4.2532673205641913e-07,2.5449812361269348,2.5449821522469795,-9.1612004471386399e-07
300,0.017000000000000001,301.66722083494329,301.66722141110404,-5.761607440035732e-07,2.5267958598886855,2.5267962704558444,-4.1056715893716955e-07
300,0.018000000000000002,301.76122639345721,301.76122715402749,-7.6057028763898415e-07,2.4681714108466055,2.4681686554793387,2.7553672667934848e-06
300,0.019,301.87095832592723,301.87095930527084,-9.7934361065199482e-07,2.3257952051523905,2.3257881042592388,7.1008931517013707e-06
300,0.02,301.99885243744751,301.99885401491747,-1.577469959102018e-06,2.06096167582028,2.060954653496609,7.0223236710020842e-06
310,0,301.19672151576646,301.19672128762477,2.2814168687546044e-07,2.5499999999999998,2.5500000001963681,-1.9636825498992039e-10
310,0.001,301.19763730067399,301.19763707178572,2.2888826833877829e-07,2.5499999999999998,2.5500000000173344,-1.7334578217287344e-11
310,0.002,301.20041605340452,301.20041582962534,2.2377918185156886e-07,2.5499999999999998,2.5500000000118708,-1.1870948668502024e-11
310,0.0030000000000000001,301.20515211673501,301.20515190175689,2.1497811530934996e-07,2.5499999999999998,2.5500000000094061,-9.4062535538341763e-12
310,0.0040000000000000001,301.21200323804942,301.21200303578104,2.0226838159942417e-07,2.5499999999999998,2.5500000000079193,-7.9194428792561666e-12
310,0.0050000000000000001,301.22119139130524,301.22119120590804,1.8539719803811749e-07,2.5499999999999998,2.5500000000069027,-6.9029226779093733e-12
310,0.0060000000000000001,301.2330040782843,301.23300391413369,1.6415060599683784e-07,2.5499999999999994,2.5500000000061593,-6.1599614298302185e-12
310,0.0070000000000000001,301.24779633386748,301.24779619548474,1.3838274526278838e-07,2.5499999999999825,2.5500000000055736,-5.5910831520122883e-12
310,0.0080000000000000002,301.26599381064295,301.26599370265927,1.079836806638923e-07,2.5499999999989051,2.5500000000040615,-5.156319815569077e-12
310,0.0090000000000000011,301.28809749558627,301.28809742283045,7.2755824476189446e-08,2.5499999999484331,2.5499999999538825,-5.4494186940701184e-12
310,0.01,301.31469077675456,301.31469074456533,3.2189234389079502e-08,2.5499999982103958,2.5499999982309016,-2.0505819264826641e-11
310,0.010999999999999999,301.34644966756224,301.34644968241855,-1.4856311736366479e-08,2.5499999542213021,2.5499999544932122,-2.7191005003146529e-10
310,0.012,301.3841569291763,301.38415699975474,-7.0578437316726195e-08,2.5499991354201583,2.5499991385539174,-3.1337590300495322e-09
310,0.013000000000000001,301.42872051823747,301.42872065675959,-1.3852212532583508e-07,2.5499879128428895,2.5499879380968298,-2.5253940272307318e-08
310,0.014,301.48119608644049,301.48119630799914,-2.2155865053719026e-07,2.5498744343746447,2.5498745715006832,-1.3712603852411576e-07
310,0.014999999999999999,301.54281165043488,301.5428119688259,-3.1839101666264469e-07,2.549025598591907,2.5490260751650791,-4.7657317203686489e-07
310,0.016,301.61498820089218,301.61498864094307,-4.4005088284393423e-07,2.5443106420334831,2.5443115621726782,-9.2013919505973263e-07
310,0.017000000000000001,301.69933942883625,301.69934004508332,-6.1624706404472818e-07,2.5247586189565299,2.5247589456766768,-3.2672014693702067e-07
310,0.018000000000000002,301.79761718775626,301.79761801583493,-8.2807866874645697e-07,2.4637701448734046,2.4637673105035045,2.8343699001176503e-06
310,0.019,301.91156616039694,301.91156711162932,-9.5123237997540855e-07,2.3191026575081817,2.3190956758166172,6.9816915644338451e-06
310,0.02,302.04269844908032,302.04269944617999,-9.970996757147077e-07,2.0539789057848861,2.0539720906027377,6.8151821484008224e-06
320,0,301.2031286101045,301.20312837709616,2.3300833618122851e-07,2.5499999999999998,2.5500000001963734,-1.9637358406043859e-10
320,0.001,301.20411541175264,301.20411517808992,2.3366271761915414e-07,2.5499999999999998,2.5500000000173331,-1.7333245949657794e-11
320,0.002,301.20710754877956,301.20710732047672,2.2830283796793083e-07,2.5499999999999998,2.5500000000118699,-1.1870060490082324e-11
320,0.0030000000000000001,301.21220040754235,301.21220018837505,2.1916730474913493e-07,2.5499999999999998,2.5500000000094034,-9.4035890185750759e-12
320,0.0040000000000000001,301.21955362855277,301.21955342240688,2.0614589857359533e-07,2.5499999999999998,2.5500000000079175,-7.9176665224167664e-12
320,0.0050000000000000001,301.22939221129974,301.22939202220459,1.8909514665210736e-07,2.5499999999999998,2.5500000000068987,-6.8989258750207227e-12
320,0.0060000000000000001,301.24200830141672,301.24200813355128,1.6786543710622936e-07,2.5499999999999994,2.5500000000061593,-6.1599614298302185e-12
320,0.0070000000000000001,301.25776394012115,301.25776379785651,1.4226463918021182e-07,2.5499999999999572,2.5500000000055461,-5.588862705963038e-12
320,0.0080000000000000002,301.2770951707808,301.27709505883445,1.1194634907951695e-07,2.5499999999976168,2.550000000002794,-5.17719200843203e-12
320,0.0090000000000000011,301.30051800096305,301.30051792471761,7.624544196005445e-08,2.5499999999001384,2.5499999999061016,-5.9632299098666408e-12
320,0.01,301.32863676442378,301.32863673023888,3.418489313844475e-08,2.5499999968867701,2.5499999969165783,-2.9808155943555903e-11
320,0.010999999999999999,301.36215533258098,301.36215534758264,-1.5001660358393565e-08,2.5499999277424616,2.5499999281305072,-3.8804559565619456e-10
320,0.012,301.40189123027244,301.40189130175821,-7.1485771968582412e-08,2.5499987493858387,2.5499987535005078,-4.1146690499260785e-09
320,0.013000000000000001,301.44879172398498,301.44879186117913,-1.3719414937440888e-07,2.5499838170393523,2.5499838477093393,-3.0669986994524834e-08
320,0.014,301.50394894692323,301.50394916841321,-2.214899836872064e-07,2.5498428521510319,2.5498430075220218,-1.5537098985163311e-07
320,0.014999999999999999,301.5686078292436,301.56860817003792,-3.4079431543432293e-07,2.5488488811802354,2.5488493885780632,-5.0739782775366393e-07
320,0.016,301.64415671209593,301.6441572111533,-4.9905736432265257e-07,2.5435944780215696,2.543595397890813,-9.198692434431166e-07
320,0.017000000000000001,301.73208877420376,301.73208944176082,-6.6755706029653084e-07,2.5226625994888447,2.5226628430940483,-2.4360520356481175e-07
320,0.018000000000000002,301.83392735722896,301.83392815118555,-7.9395658758585341e-07,2.4593620674597978,2.4593591621239099,2.9053358878705637e-06
320,0.019,301.95112271483754,301.95112358027677,-8.6543923316639848e-07,2.3125091406905685,2.3125022761285567,6.8645620117102624e-06
320,0.02,302.08494736680518,302.08494830693303,-9.4012784757069312e-07,2.0471387780682755,2.0471321592233753,6.6188449001636229e-06
330,0,301.21001790364807,301.2100176659946,2.3765346668369602e-07,2.5499999999999998,2.550000000196373,-1.9637313997122874e-10
330,0.001,301.21107657591551,301.2110763376495,2.3826601136534009e-07,2.5499999999999998,2.5500000000173362,-1.7336354574126744e-11
330,0.002,301.2142847674013,301.21428453460419,2.3279710603674175e-07,2.5499999999999998,2.5500000000118721,-1.1872280936131574e-11
330,0.0030000000000000001,301.21973925789626,301.21973903437049,2.2352577389028738e-07,2.5499999999999998,2.5500000000094065,-9.4066976430440263e-12
330,0.0040000000000000001,301.22760223738982,301.227602027008,2.1038181330368388e-07,2.5499999999999998,2.5500000000079179,-7.9181106116266164e-12
330,0.0050000000000000001,301.23810277637318,301.23810258315035,1.9322283151268493e-07,2.5499999999999998,2.5500000000069032,-6.9033667671192234e-12
330,0.0060000000000000001,301.25153915891627,301.25153898708624,1.7183003819809528e-07,2.5499999999999985,2.550000000006158,-6.1595173406203685e-12
330,0.0070000000000000001,301.26828235568018,301.26828220977023,1.4590995078833657e-07,2.5499999999999003,2.5500000000054954,-5.5950799549009389e-12
330,0.0080000000000000002,301.28878097140364,301.28878085624063,1.1516300446601235e-07,2.5499999999950429,2.5500000000002578,-5.2149395912692853e-12
330,0.0090000000000000011,301.31356799341938,301.31356791405898,7.9360404470207868e-08,2.5499999998139598,2.5499999998207588,-6.7990058028044587e-12
330,0.01,301.34326951734238,301.34326947922636,3.811601345660165e-08,2.5499999947562073,2.5499999947995735,-4.3366199520278315e-11
330,0.010999999999999999,301.37861521562326,301.37861522572985,-1.0106589343195083e-08,2.549999888923316,2.5499998894651204,-5.4180437913942114e-10
330,0.012,301.42044950488446,301.42044957446956,-6.9585098572133575e-08,2.5499982289182603,2.5499982342234024,-5.3051421033956103e-09
330,0.013000000000000001,301.46974107792227,301.4697412256682,-1.4774593637412181e-07,2.5499786890690248,2.5499787258103135,-3.6741288678143746e-08
330,0.014,301.52758684174466,301.52758709341219,-2.5166752948280191e-07,2.5498057740740672,2.5498059484169184,-1.743428512668288e-07
330,0.014999999999999999,301.59520492659459,301.59520530700888,-3.8041429206714383e-07,2.5486524278227169,2.548652964585747,-5.3676303002347936e-07
330,0.016,301.67391138383994,301.67391190409091,-5.2025097829755396e-07,2.5428332063796204,2.5428341220133746,-9.1563375415049109e-07
330,0.017000000000000001,301.76507770080468,301.76507835038285,-6.4957816903188359e-07,2.5205112510539065,2.5205114126535513,-1.6159964477679978e-07
330,0.018000000000000002,301.87007179266709,301.87007254534933,-7.5268224009050755e-07,2.454950495849769,2.4549475269418499,2.9689079190653445e-06
330,0.019,301.99019240890033,301.99019324286655,-8.3396622585496516e-07,2.3060116394364676,2.3060048898274692,6.7496089983798413e-06
330,0.02,302.12661275346164,302.12661367363103,-9.2016938424421824e-07,2.040434470480307,2.0404280381521791,6.4323281279143885e-06
340,0,301.21739601256343,301.21739577025335,2.4231007955677342e-07,2.5499999999999998,2.5500000001963721,-1.9637225179280904e-10
340,0.001,301.21852769554943,301.21852745264067,2.4290875444421545e-07,2.5499999999999998,2.5500000000173317,-1.7331913682028244e-11
340,0.002,301.22195550560264,301.22195526820303,2.3739960397506366e-07,2.5499999999999998,2.5500000000118712,-1.1871392757711874e-11
340,0.0030000000000000001,301.22777805624384,301.22777782817991,2.2806392507845885e-07,2.5499999999999998,2.5500000000094034,-9.4035890185750759e-12
340,0.0040000000000000001,301.2361608418081,301.23616062697039,2.1483771206476376e-07,2.5499999999999998,2.5500000000079188,-7.9189987900463166e-12
340,0.0050000000000000001,301.24733807421364,301.24733787660529,1.9760835812121513e-07,2.5499999999999998,2.5500000000069023,-6.9024785886995232e-12
340,0.0060000000000000001,301.26161549879322,301.26161532255099,1.762422243700712e-07,2.5499999999999958,2.5500000000061562,-6.1604055190400686e-12
340,0.0070000000000000001,301.27937439021576,301.27937423965005,1.5056571101013105e-07,2.5499999999997787,2.5500000000053737,-5.5950799549009389e-12
340,0.0080000000000000002,301.30107689685184,301.30107677662448,1.2022735518257832e-07,2.5499999999901117,2.5499999999953888,-5.2771120806482941e-12
340,0.0090000000000000011,301.32727275603571,301.32727267168752,8.4348187101568328e-08,2.5499999996654559,2.5499999996735605,-8.1046280797636427e-12
340,0.01,301.3586070820046,301.35860704100827,4.0996326333697652e-08,2.5499999914241598,2.5499999914867599,-6.2600147288094377e-11
340,0.010999999999999999,301.39582838301982,301.3958283961764,-1.3156579825590597e-08,2.5499998333226555,2.5499998340638594,-7.4120398707577806e-10
340,0.012,301.43979520301457,301.4397952853538,-8.2339226992189651e-08,2.5499975399450232,2.5499975466725258,-6.7275025550372902e-09
340,0.013000000000000001,301.49147893795396,301.49147910783506,-1.6988110473903362e-07,2.5499723576791147,2.5499724011494793,-4.3470364641251535e-08
340,0.014,301.5519597536881,301.55196002924095,-2.7555284987101913e-07,2.5497626821827049,2.5497628760978377,-1.9391513284006123e-07
340,0.014999999999999999,301.62241258724038,301.62241298102805,-3.9378767269226955e-07,2.5484355331203492,2.5484360976515226,-5.6453117336374703e-07
340,0.016,301.70408140240221,301.70408191729257,-5.1489035968188546e-07,2.5420274025973066,2.5420283103511538,-9.0775384720132024e-07
340,0.017000000000000001,301.79824236736113,301.79824299607088,-6.2870975625628489e-07,2.5183078747612955,2.5183079557703034,-8.1009007946164502e-08
340,0.018000000000000002,301.906160024207,301.90616075372458,-7.2951758056660765e-07,2.4505383829038134,2.4505353572267325,3.025677080881195e-06
340,0.019,302.02904377843026,302.02904459627825,-8.1784799021988874e-07,2.299607253798166,2.2996006168963117,6.636901854317756e-06
340,0.02,302.16801373006695,302.16801463943358,-9.0936663355023484e-07,2.0338596916318292,2.033853436749506,6.254882323197819e-06
350,0,301.22527167265508,301.22527142544192,2.4721316549403127e-07,2.5499999999999998,2.5500000001963721,-1.9637225179280904e-10
350,0.001,301.22647783905097,301.2264775912268,2.478241754033661e-07,2.5499999999999998,2.5500000000173335,-1.7333690038867644e-11
350,0.002,301.23012983165853,301.23012958930093,2.4235760065494105e-07,2.5499999999999998,2.5500000000118703,-1.1870504579292174e-11
350,0.0030000000000000001,301.23632852645864,301.23632829334503,2.3311361019295873e-07,2.5499999999999998,2.5500000000094047,-9.4049212862046261e-12
350,0.0040000000000000001,301.24524339661934,301.24524317657119,2.2004815036780201e-07,2.5499999999999998,2.5500000000079166,-7.9167783439970663e-12
350,0.0050000000000000001,301.25711462044274,301.25711441740685,2.030358814408828e-07,2.5499999999999994,2.5500000000069014,-6.9020344994896732e-12
350,0.0060000000000000001,301.27225617712298,301.27225599530738,1.818156079025357e-07,2.5499999999999914,2.55000000000615,-6.1586291622006684e-12
350,0.0070000000000000001,301.29105999397586,301.29105983811331,1.5586255130983773e-07,2.5499999999995264,2.5500000000051246,-5.5981885793698893e-12
350,0.0080000000000000002,301.31400109676616,301.31400097256358,1.2420258599377121e-07,2.5499999999810159,2.5499999999863978,-5.3819171341729088e-12
350,0.0090000000000000011,301.34164349109238,301.34164340583789,8.5254498571885051e-08,2.5499999994175777,2.5499999994276639,-1.0086154134114622e-11
350,0.01,301.3746461508872,301.37464611404664,3.6840560824202839e-08,2.549999986348392,2.5499999864376401,-8.9248164414357234e-11
350,0.010999999999999999,301.4137680302814,301.41376805373346,-2.3452059849660145e-08,2.5499997553609521,2.5499997563559429,-9.9499075645326229e-10
350,0.012,301.45987052989966,301.45987062741159,-9.7511929197935387e-08,2.5499966430389134,2.5499966514418571,-8.4029436742127928e-09
350,0.013000000000000001,301.5139154973524,301.51391568308401,-1.8573160787127563e-07,2.5499646392234387,2.5499646900756585,-5.0852219768415807e-08
350,0.014,301.57695684266264,301.57695712890194,-2.8623929893001332e-07,2.5497130612144328,2.5497132751761296,-2.1396169680443222e-07
350,0.014999999999999999,301.65012441578864,301.65012481069016,-3.9490151948484709e-07,2.5481975678178697,2.5481981584132165,-5.9059534684990922e-07
350,0.016,301.73460002697391,301.73460053309992,-5.0612601398825063e-07,2.5411777382748877,2.5411786348193792,-8.9654449153542259e-07
350,0.017000000000000001,301.83158726733569,301.83158788161302,-6.1427732589436346e-07,2.5160556224405437,2.516055624519268,-2.0787243038000724e-09
350,0.018000000000000002,301.94227870708926,301.94227942229168,-7.1520241817779606e-07,2.4461283578532642,2.4461252816653656,3.0761878986318436e-06
350,0.019,302.06782550242309,302.06782630918173,-8.0675863500800915e-07,2.293293196066156,2.2932866695796617,6.5264864943515022e-06
350,0.02,302.20931480916067,302.20931570986892,-9.0070824398935656e-07,2.0274086155168431,2.0274025296770883,6.0858397548102516e-06
360,0,301.23365580869643,301.23365555598269,2.5271373260693508e-07,2.5499999999999998,2.5500000001963725,-1.9637269588201889e-10
360,0.001,301.2349382301752,301.23493797681942,2.5335577902296791e-07,2.5499999999999998,2.5500000000173353,-1.7335466395707044e-11
360,0.002,301.2388198306117,301.23881958263746,2.4797424202915863e-07,2.5499999999999998,2.5500000000118734,-1.1873613203761124e-11
360,0.0030000000000000001,301.24540405192624,301.24540381309026,2.3883598032625741e-07,2.5499999999999998,2.5500000000094047,-9.4049212862046261e-12
360,0.0040000000000000001,301.25486475318291,301.25486452736874,2.2581417624678579e-07,2.5499999999999998,2.5500000000079197,-7.9198869684660167e-12
360,0.0050000000000000001,301.26744841704954,301.26744820843101,2.0861853045062162e-07,2.5499999999999989,2.5500000000069041,-6.9051431239586236e-12
360,0.0060000000000000001,301.28347724554249,301.28347705881259,1.8672989199330914e-07,2.5499999999999794,2.5500000000061407,-6.1612936974597687e-12
360,0.0070000000000000001,301.30335306173657,301.30335290242272,1.5931385632939055e-07,2.5499999999990308,2.5500000000046374,-5.6066262743570405e-12
360,0.0080000000000000002,301.32756178564472,301.327561660475,1.25169719922269e-07,2.5499999999648102,2.5499999999703684,-5.5582205504833837e-12
360,0.0090000000000000011,301.35667802646179,301.35667794368686,8.2774931797757745e-08,2.5499999990157298,2.5499999990287536,-1.3023804257272786e-11
360,0.01,301.3913690454774,301.39136901499239,3.0485011848213617e-08,2.5499999788003924,2.5499999789257721,-1.2537970661696818e-10
360,0.010999999999999999,301.43239704284957,301.43239707594813,-3.3098558560595848e-08,2.5499996481517861,2.5499996494643504,-1.3125642794875603e-09
360,0.012,301.48061849371669,301.48061860237186,-1.0865517197089503e-07,2.5499954931802558,2.5499955035314676,-1.0351211887638101e-08
360,0.013000000000000001,301.536979220246,301.53697941594874,-1.9570273934732541e-07,2.5499553386370994,2.5499553975116838,-5.8874584318857615e-08
360,0.014,301.60250415169799,301.60250444406734,-2.9236935006338172e-07,2.5496564020917942,2.5496566364497886,-2.3435799434423643e-07
360,0.014999999999999999,301.67828136347879,301.67828175898137,-3.9550258179588127e-07,2.5479379771117809,2.5479385919888431,-6.1487706215501703e-07
360,0.016,301.76544096943081,301.76544147054602,-5.0111520977225155e-07,2.5402849657324582,2.5402858480467252,-8.8231426698115456e-07
360,0.017000000000000001,301.86513060920078,301.8651312142664,-6.0506562249429408e-07,2.513757497744344,2.5137574227463775,7.4997966503786984e-08
360,0.018000000000000002,301.97849034396847,301.97849104774781,-7.0377933525378467e-07,2.4417227620789466,2.4417196411301449,3.1209488016159526e-06
360,0.019,302.10663041576657,302.1066312095611,-7.9379452699868125e-07,2.2870667883036067,2.2870603699163459,6.4183872607870285e-06
360,0.02,302.25061582810093,302.25061613974117,-3.1164023539531627e-07,2.0210758335760999,2.0210699088926516,5.9246834482884481e-06
370,0,301.24256104563284,301.24256078724727,2.5838556894086651e-07,2.5499999999999998,2.5500000002103986,-2.1039880948592327e-10
370,0.001,301.24392167806565,301.24392141869902,2.5936662950698519e-07,2.5499999999999998,2.550000000018573,-1.8573143023559169e-11
370,0.002,301.24803879783582,301.24803854393406,2.5390176006112597e-07,2.5499999999999998,2.5500000000127194,-1.2719603148525493e-11
370,0.0030000000000000001,301.2550185072671,301.2550182627291,2.4453800051560393e-07,2.5499999999999998,2.5500000000100758,-1.0075940082288071e-11
370,0.0040000000000000001,301.26503908306961,301.26503885202408,2.3104553292796481e-07,2.5499999999999998,2.5500000000084819,-8.482103908136196e-12
370,0.0050000000000000001,301.27835309037761,301.27835287737702,2.1300058961060131e-07,2.5499999999999994,2.5500000000073912,-7.3918648979542922e-12
370,0.0060000000000000001,301.29529021815443,301.29529002839593,1.8975850935021299e-07,2.5499999999999545,2.5500000000065519,-6.5973893015325302e-12
370,0.0070000000000000001,301.31626063793652,301.31626047750717,1.6042935158111504e-07,2.549999999998088,2.5500000000041054,-6.0174087934683484e-12
370,0.0080000000000000002,301.34175854071009,301.34175841681002,1.2390006531859399e-07,2.5499999999368446,2.5499999999430414,-6.1968208342477737e-12
370,0.0090000000000000011,301.3723653208865,301.3723652419535,7.8932998803793453e-08,2.5499999983814901,2.5499999983990951,-1.7605028546086032e-11
370,0.01,301.40875167964811,301.40875165528956,2.4358541850233451e-08,2.5499999678214023,2.5499999679951766,-1.7377432826037875e-10
370,0.010999999999999999,301.45167776125282,301.45167780188848,-4.0635654841025826e-08,2.5499995033317786,2.5499995050361286,-1.7043499944691121e-09
370,0.012,301.50199038089346,301.50199049697449,-1.160810256806144e-07,2.5499940395822835,2.5499940521734472,-1.2591163667252658e-08
370,0.013000000000000001,301.56061652212168,301.5606167226606,-2.0053892058058409e-07,2.5499442505164205,2.5499443180363897,-6.7519969171314642e-08
370,0.014,301.62855264290965,301.62855293367033,-2.9076068130962085e-07,2.5495922050297373,2.5495924600120667,-2.549823294728526e-07
370,0.014999999999999999,301.70685004024256,301.7068504261714,-3.859288426610874e-07,2.5476562783261465,2.5476569156415212,-6.3731537469635668e-07
370,0.016,301.79659791974444,301.79659841592576,-4.9618131470197113e-07,2.5393499042483709,2.5393507696017923,-8.6535342136428994e-07
370,0.017000000000000001,301.89890854758886,301.89890917059421,-6.2300534864334622e-07,2.5114163586775171,2.5114162086217968,1.5005572029380687e-07
370,0.018000000000000002,302.01491262413759,302.01491334295144,-7.1881385110827978e-07,2.4373236805053256,2.4373205201046821,3.160400643409389e-06
370,0.019,302.14577373421633,302.14577449123806,-7.5702172352976049e-07,2.2809254594622161,2.2809191468390475,6.3126231686361223e-06
370,0.02,302.292721314169,302.29272215405075,-8.3988174992555287e-07,2.0148564457547771,2.0148506754824727,5.7702723044172899e-06
380,0,301.2520007547941,301.25200049035431,2.6443979095347458e-07,2.5499999999999998,2.5500000002103995,-2.1039969766434297e-10
380,0.001,301.25344157511989,301.2534413097535,2.6536639552432462e-07,2.5499999999999998,2.5500000000185734,-1.8573587112769019e-11
380,0.002,301.25780011348553,301.25779985376664,2.5971888817366562e-07,2.5499999999999998,2.5500000000127185,-1.2718714970105793e-11
380,0.0030000000000000001,301.26518500260607,301.26518475261651,2.4998956860144972e-07,2.5499999999999998,2.5500000000100762,-1.0076384171497921e-11
380,0.0040000000000000001,301.2757786059903,301.27577837012313,2.3586716224599513e-07,2.5499999999999994,2.5500000000084815,-8.482103908136196e-12
380,0.0050000000000000001,301.289838883117,301.28983866627715,2.1683985096387914e-07,2.549999999999998,2.5500000000073939,-7.3958617008429428e-12
380,0.0060000000000000001,301.30770178119047,301.30770158898969,1.9220078684156761e-07,2.5499999999999052,2.5500000000065079,-6.602718372050731e-12
380,0.0070000000000000001,301.32978388721455,301.32978372614286,1.6107168221424217e-07,2.5499999999963552,2.5500000000023939,-6.0387250755411515e-12
380,0.0080000000000000002,301.35658494830926,301.35658482582136,1.2248790426383493e-07,2.5499999998899812,2.549999999896599,-6.6178174051856331e-12
380,0.0090000000000000011,301.38868973456647,301.38868965900656,7.5559910328593105e-08,2.5499999974048491,2.5499999974284515,-2.3602453325111128e-11
380,0.01,301.42676860668769,301.42676858705261,1.9635081116575748e-08,2.5499999521734362,2.5499999524099564,-2.3652013680930395e-10
380,0.010999999999999999,301.47157610568081,301.47157615149752,-4.5816705096513033e-08,2.5499993108933423,2.5499993130730765,-2.1797341709373086e-09
380,0.012,301.52394696874234,301.52394709042909,-1.2168675311841071e-07,2.5499922255845471,2.5499922407213904,-1.5136843334317973e-08
380,0.013000000000000001,301.58478928170814,301.5847894903556,-2.0864746375082177e-07,2.5499311602810075,2.5499312370425424,-7.6761534906211182e-08
380,0.014,301.65507510099644,301.65507540453905,-3.0354260616149986e-07,2.5495199822552395,2.5495202579768201,-2.7572158067812325e-07
380,0.014999999999999999,301.73582985405534,301.73583025194739,-3.978920517511142e-07,2.5473520580655835,2.5473527159574911,-6.5789190761833538e-07
380,0.016,301.82812298272643,301.82812346982149,-4.8709506472732755e-07,2.5383734277782239,2.5383742737308883,-8.4595266436338079e-07
380,0.017000000000000001,301.93306302473167,301.93306360279882,-5.7806715858532698e-07,2.5090349212621708,2.509034698250951,2.2301121971324278e-07
380,0.018000000000000002,302.05179960342332,302.05180028242546,-6.7900214162364136e-07,2.4329329693796957,2.4329297743643097,3.1950153860371699e-06
380,0.019,302.1855319597488,302.18553274884954,-7.8910073852966889e-07,2.2748667430431908,2.2748605338739738,6.2091692170085366e-06
380,0.02,302.33551962019692,302.33552053840202,-9.1820510306206415e-07,2.0087457353080787,2.0087401124097934,5.6228982852069009e-06
390,0,301.26198793328109,301.26198766278026,2.7050083417634596e-07,2.5499999999999998,2.5500000002104,-2.1040014175355282e-10
390,0.001,301.26351077868452,301.26351050734763,2.7133688718095073e-07,2.5499999999999998,2.5500000000185761,-1.8576251648028119e-11
390,0.002,301.26811615199296,301.26811588659086,2.654020931913692e-07,2.5499999999999998,2.5500000000127203,-1.2720491326945194e-11
390,0.0030000000000000001,301.27591490487833,301.27591464973074,2.551475972722983e-07,2.5499999999999998,2.5500000000100767,-1.0076828260707771e-11
390,0.0040000000000000001,301.28709288848103,301.28709264826949,2.4021153421927011e-07,2.5499999999999994,2.5500000000084833,-8.4838802649755962e-12
390,0.0050000000000000001,301.30191247074004,301.30191225069149,2.2004854827173403e-07,2.5499999999999954,2.5500000000073908,-7.3954176116330927e-12
390,0.0060000000000000001,301.32071438917103,301.32071419520406,1.9396696870899177e-07,2.5499999999998084,2.5500000000064134,-6.6049388180999813e-12
390,0.0070000000000000001,301.34391964806059,301.34391948689603,1.6116456436066073e-07,2.5499999999932723,2.5499999999993506,-6.078249015217807e-12
390,0.0080000000000000002,301.37203107396277,301.37203095319796,1.2076480970790726e-07,2.5499999998135472,2.5499999998207978,-7.2506445292219723e-12
390,0.0090000000000000011,301.4056340665195,301.40563399464912,7.1870374540594639e-08,2.5499999959347681,2.549999995966663,-3.1894931140641347e-11
390,0.01,301.44539605509289,301.44539604136492,1.372796987197944e-08,2.5499999302852627,2.5499999306023353,-3.1707259040558711e-10
390,0.010999999999999999,301.49206423923283,301.49206429314,-5.3907172059552977e-08,2.5499990590209851,2.5499990617705213,-2.7495361543117269e-09
390,0.012,301.5464613999722,301.54646153029165,-1.303194494539639e-07,2.5499899886051929,2.549990006607282,-1.8002089152702183e-08
390,0.013000000000000001,301.60947994846163,301.60948016199916,-2.135375325451605e-07,2.5499158453767605,2.5499159319474964,-8.6570735913227281e-08
390,0.014,301.68207489841473,301.68207519900301,-3.0058828315304709e-07,2.5494392603638851,2.5494395568319717,-2.96468086524726e-07
390,0.014999999999999999,301.76525697339201,301.76525736273248,-3.8934047097427538e-07,2.5470249690815043,2.5470256456736808,-6.7659217650728465e-07
390,0.016,301.86008733907744,301.86008782001392,-4.8093647819769103e-07,2.5373564541248195,2.5373572784974208,-8.2437260129353263e-07
390,0.017000000000000001,301.96767518973769,301.96767576830661,-5.7856891544361133e-07,2.5066157638240463,2.5066154700444421,2.9377960419907367e-07
390,0.018000000000000002,302.08917846172119,302.08917914530809,-6.835869044152787e-07,2.4285522805993125,2.4285490554270224,3.2251722901222024e-06
390,0.019,302.22580651697575,302.22580731124373,-7.9426797583437292e-07,2.2688882757532687,2.2688821677437887,6.1080094799770279e-06
390,0.02,302.37882236082993,302.37882328283644,-9.2200650669838069e-07,2.0027392807111375,2.0027337988559859,5.4818551515900538e-06
400,0,301.27253422610602,301.27253394983978,2.7626623477772227e-07,2.5499999999999998,2.5500000002104009,-2.1040102993197252e-10
400,0.001,301.27414067242489,301.27414039544851,2.7697637960955035e-07,2.5499999999999998,2.5500000000185765,-1.8576695737237969e-11
400,0.002,301.278997471401,301.27899720074345,2.7065755148214521e-07,2.5499999999999998,2.5500000000127212,-1.2721379505364894e-11
400,0.0030000000000000001,301.28721726921475,301.28721700946897,2.5974577511078678e-07,2.5499999999999998,2.5500000000100762,-1.0076384171497921e-11
400,0.0040000000000000001,301.29898865631122,301.29898841244761,2.438636101942393e-07,2.5499999999999994,2.5500000000084837,-8.4843243541854463e-12
400,0.0050000000000000001,301.31457729641897,301.31457707396009,2.2245887976168888e-07,2.5499999999999905,2.5500000000073872,-7.3967498792626429e-12
400,0.0060000000000000001,301.33432722460429,301.33432702975932,1.9484497215671581e-07,2.5499999999996259,2.5500000000062331,-6.6071592641492316e-12
400,0.0070000000000000001,301.35866203693422,301.35866187668347,1.6025074955905438e-07,2.5499999999879464,2.5499999999940792,-6.1328719880293647e-12
400,0.0080000000000000002,301.38808563580682,301.38808551789521,1.1791161114160786e-07,2.5499999996919676,2.5499999997001477,-8.1801232454381534e-12
400,0.0090000000000000011,301.42318217289187,301.42318210565992,6.7231951561552705e-08,2.5499999937679405,2.5499999938110931,-4.3152592610340434e-11
400,0.01,301.46461487051016,301.46461486249234,8.0178210737358313e-09,2.5499999001942335,2.5499999006131477,-4.1891423663287242e-10
400,0.010999999999999999,301.51312352514077,301.51312358445193,-5.9311162203812273e-08,2.5499987339366523,2.5499987373610864,-3.4244340696432118e-09
400,0.012,301.56952071214238,301.56952084587255,-1.337301682724501e-07,2.5499872601598996,2.5499872813580571,-2.1198157451607358e-08
400,0.013000000000000001,301.63468699613713,301.63468721004426,-2.1390712845459348e-07,2.5498980765120414,2.5498981734265103,-9.6914468894482297e-08
400,0.014,301.70956573910104,301.70956603780428,-2.9870324169678497e-07,2.5493495823102998,2.5493498994304518,-3.1712015191587284e-07
400,0.014999999999999999,301.79515827865015,301.79515866640742,-3.8775726807216415e-07,2.5466747268435994,2.5466754202607977,-6.9341719832749504e-07
400,0.016,301.89252020380195,301.89252068541629,-4.8161433596760617e-07,2.5362999353410935,2.5363007362002485,-8.0085915499239491e-07
400,0.017000000000000001,302.00275911519338,302.00275969614017,-5.8094678934139665e-07,2.5041613319043625,2.5041609696036167,3.6230074584864269e-07
400,0.018000000000000002,302.12703366745779,302.12703435307969,-6.8562189881049562e-07,2.4241830834547962,2.4241798322338197,3.2512209764412603e-06
400,0.019,302.26655304243639,302.26655383708453,-7.94648144619714e-07,2.2629877905324727,2.2629817814183428,6.0091141298457273e-06
400,0.02,302.42257556891445,302.42257648942115,-9.2050669309173827e-07,1.9968329673418301,1.9968276206196618,5.3467221683423105e-06
410,0,301.28364926654166,301.28364898507903,2.814626327563019e-07,2.5499999999999998,2.5500000002104009,-2.1040102993197252e-10
410,0.001,301.2853405589056,301.28534027688039,2.8202521207276732e-07,2.5499999999999998,2.5500000000185743,-1.8574475291188719e-11
410,0.002,301.29045236405955,301.2904520887987,2.7526084522833116e-07,2.5499999999999998,2.550000000012719,-1.2719159059315643e-11
410,0.0030000000000000001,301.29909865515208,301.29909839155039,2.6360169158579083e-07,2.5499999999999994,2.5500000000100767,-1.0077272349917621e-11
410,0.0040000000000000001,301.31146997839642,301.31146973172582,2.4667059506100486e-07,2.5499999999999985,2.5500000000084824,-8.4838802649755962e-12
410,0.0050000000000000001,301.32783420560133,301.32783398166418,2.2393714971258305e-07,2.5499999999999812,2.5500000000073788,-7.3976380576823431e-12
410,0.0060000000000000001,301.34853732821392,301.34853713343216,1.9478176227494259e-07,2.5499999999992915,2.5500000000059018,-6.610267888618182e-12
410,0.0070000000000000001,301.37400405641671,301.37400389783392,1.5858279311942169e-07,2.5499999999789891,2.5499999999852134,-6.2243543652584776e-12
410,0.0080000000000000002,301.4047379597983,301.40473784496811,1.1483018624858232e-07,2.5499999995030103,2.5499999995125169,-9.5066177152602904e-12
410,0.0090000000000000011,301.4413208991075,301.44132083584861,6.3258880800276529e-08,2.5499999906356718,2.5499999906938413,-5.8169469241420302e-11
410,0.01,301.48441156330847,301.48441155935211,3.9563587961310986e-09,2.5499998594844713,2.5499998600303329,-5.4586157816061132e-10
410,0.010999999999999999,301.53474304625672,301.53474310887719,-6.2620472363050794e-08,2.5499983197556571,2.5499983239706503,-4.2149932433233062e-09
410,0.012,301.59311956078398,301.59311969655215,-1.3576817536886665e-07,2.5499839659393086,2.5499839906728101,-2.4733501469142993e-08
410,0.013000000000000001,301.66041256204369,301.66041277680097,-2.1475727862707572e-07,2.5498776188954517,2.5498777266512294,-1.0775577763411093e-07
410,0.014,301.73755668472131,301.73755698377494,-2.9905362453064299e-07,2.5492505090583997,2.5492508466426154,-3.3758421569274333e-07
410,0.014999999999999999,301.82554593206612,301.82554632050295,-3.8843683114464511e-07,2.5463011059732943,2.5463018143583316,-7.0838503729575564e-07
410,0.016,301.92543044728939,301.92543093018332,-4.8289393816958182e-07,2.5352048493148369,2.5352056249590671,-7.7564423017761897e-07
410,0.017000000000000001,302.03831395063753,302.03831453295857,-5.8232103583577555e-07,2.5016739434849411,2.5016735149421154,4.2854282567006408e-07
410,0.018000000000000002,302.16535159748526,302.16535228375392,-6.862686632302939e-07,2.4198266838998133,2.419823410408219,3.2734915942356224e-06
410,0.019,302.30774771264151,302.30774850658753,-7.939460147099453e-07,2.2571631106521957,2.2571571982029055,5.9124492901574399e-06
410,0.02,302.46675270451573,302.46675362276528,-9.1824955461561331e-07,1.9910229434260338,1.9910177263061801,5.2171198536843377e-06
420,0,301.29534036980772,301.29534008397627,2.8583144739968702e-07,2.5499999999999998,2.5500000002103986,-2.1039880948592327e-10
420,0.001,301.29711740424091,301.29711711801201,2.8622889658436179e-07,2.5499999999999998,2.5500000000185761,-1.8576251648028119e-11
420,0.002,301.30248675180184,301.30248647282696,2.7897488052985864e-07,2.5499999999999998,2.5500000000127194,-1.2719603148525493e-11
420,0.0030000000000000001,301.31156326335542,301.3115629968359,2.6651952111933497e-07,2.5499999999999994,2.5500000000100762,-1.0076828260707771e-11
420,0.0040000000000000001,301.32453871688944,301.32453846836046,2.4852897695382126e-07,2.5499999999999989,2.5500000000084837,-8.4847684433952963e-12
420,0.0050000000000000001,301.34168224291221,301.34168201835809,2.2455412818089826e-07,2.5499999999999612,2.5500000000073588,-7.3976380576823431e-12
420,0.0060000000000000001,301.36334070385828,301.36334050975017,1.9410811091802316e-07,2.5499999999986973,2.5500000000053151,-6.6178174051856331e-12
420,0.0070000000000000001,301.38993884209322,301.38993868534573,1.5674748965466279e-07,2.549999999964307,2.5499999999706628,-6.3558047713740962e-12
420,0.0080000000000000002,301.42197900368956,301.42197889153448,1.1215507811357384e-07,2.5499999992155824,2.5499999992269582,-1.1375789199519204e-11
420,0.0090000000000000011,301.46004027182539,301.46004021161468,6.021070930728456e-08,2.5499999861887939,2.5499999862666645,-7.787059885799863e-11
420,0.01,301.50477690682339,301.50477690579925,1.024147877615178e-09,2.5499998052220834,2.5499998059241298,-7.0204642099724879e-10
420,0.010999999999999999,301.55691608388275,301.55691614897125,-6.5088499923149357e-08,2.5499977983553608,2.549997803486943,-5.1315822702235891e-09
420,0.012,301.6172550282493,301.61725516593162,-1.376823206555855e-07,2.5499800259407679,2.5499800545548177,-2.8614049796260588e-08
420,0.013000000000000001,301.68665774467229,301.68665796095411,-2.1628181912092259e-07,2.5498542334580172,2.5498543525131416,-1.1905512442567101e-07
420,0.014,301.76605159225562,301.76605189271834,-3.0046271604078356e-07,2.5491416209172058,2.5491419786918632,-3.5777465745567838e-07
420,0.014999999999999999,301.8564239407321,301.85642433061594,-3.8988383721516584e-07,2.5459039366103595,2.5459046581355298,-7.2152517027745944e-07
420,0.016,301.95881904974033,301.95881953398037,-4.8424004717162461e-07,2.5340721924102336,2.5340729413530974,-7.489428637263984e-07
420,0.017000000000000001,302.07433515443387,302.07433573759727,-5.8316339845987386e-07,2.4991557943928733,2.4991553019009154,4.9249195788192424e-07
420,0.018000000000000002,302.20412156108,302.20412224722082,-6.8614082238127594e-07,2.4154842415568401,2.4154809492713518,3.2922854882322383e-06
420,0.019,302.34937541396852,302.34937620651675,-7.9254823504015803e-07,2.2514121459943377,2.2514063280168215,5.8179775161981695e-06
420,0.02,302.51133732992582,302.51133866076952,-1.3308437019077246e-06,1.9853055948774561,1.985300502159435,5.092718021071363e-06
430,0,301.30761254843486,301.30761225790502,2.9052984018562711e-07,2.5499999999999998,2.5500000002197512,-2.1975132824536558e-10
430,0.001,301.30947589586765,301.30947560630312,2.8956452524653287e-07,2.5499999999999998,2.5500000000193976,-1.9397816686250735e-11
430,0.002,301.31510436522115,301.31510408340165,2.8181949573991005e-07,2.5499999999999998,2.5500000000132856,-1.3285816891084323e-11
430,0.0030000000000000001,301.32461329659611,301.32461302796406,2.6863204993787804e-07,2.5499999999999998,2.5500000000105252,-1.0525358362656334e-11
430,0.0040000000000000001,301.33819509300378,301.33819484328268,2.4972109713417012e-07,2.549999999999998,2.550000000008859,-8.8609120041382994e-12
430,0.0050000000000000001,301.35611938423347,301.35611915950426,2.2472920591098955e-07,2.5499999999999252,2.5500000000076537,-7.7284845190206397e-12
430,0.0060000000000000001,301.37873308863402,301.37873289534645,1.9328757616676739e-07,2.5499999999976692,2.5500000000045935,-6.9242389599821763e-12
430,0.0070000000000000001,301.40646023531923,301.40646008024214,1.5507708894801908e-07,2.5499999999407947,2.5499999999476182,-6.8234307093462121e-12
430,0.0080000000000000002,301.43980141096995,301.43980130108486,1.0988509302478633e-07,2.5499999987870243,2.5499999988012321,-1.4207746090733053e-11
430,0.0090000000000000011,301.479332722614,301.47933266496915,5.7644854223326547e-08,2.5499999799805608,2.5499999800841326,-1.0357181778886115e-10
430,0.01,301.52570421846519,301.52570422001907,-1.5538716979790479e-09,2.5499997338882436,2.5499997347803527,-8.9210905329650814e-10
430,0.010999999999999999,301.57963777507473,301.57963784257691,-6.7502185174816987e-08,2.5499971492586972,2.5499971554431999,-6.1845026877449527e-09
430,0.012,301.64192452614077,301.64192466614918,-1.4000841019878862e-07,2.5499753546503707,2.5499753874937623,-3.2843391561954149e-08
430,0.013000000000000001,301.71342195080945,301.71342216988177,-2.1907231939621852e-07,2.5498276780460172,2.5498278088168589,-1.3077084171086995e-07
430,0.014,301.79505067687614,301.79505098085917,-3.039830289708334e-07,2.5490225185859452,2.5490228961994958,-3.7761355065057955e-07
430,0.014999999999999999,301.88779051790823,301.88779090950231,-3.9159408515843097e-07,2.5454831007624805,2.5454838336400125,-7.3287753199480221e-07
430,0.016,301.99267295866719,301.99267344326677,-4.8459958179591922e-07,2.5329029730516046,2.5329036940074974,-7.2095589276344185e-07
430,0.017000000000000001,302.11076076307836,302.11076135575433,-5.926759740759735e-07,2.4966089637979949,2.4966084096482102,5.541497847261212e-07
430,0.018000000000000002,302.24309465014233,302.24309534793611,-6.9779378009116044e-07,2.4111567847534894,2.4111534768720952,3.3078813941322949e-06
430,0.019,302.39058489796201,302.39058566026114,-7.6229912338021677e-07,2.2457328895993522,2.2457271639423766,5.7256569756525266e-06
430,0.02,302.55385717557419,302.55385794883074,-7.7325654501692043e-07,1.9796776127745892,1.979672639854021,4.9729205682247368e-06
440,0,301.32046876756425,301.32046847452801,2.9303623705345672e-07,2.5499999999999998,2.5500000002197529,-2.1975310460220498e-10
440,0.001,301.3224187242742,301.32241843233805,2.919361463682435e-07,2.5499999999999998,2.550000000019399,-1.9399148953880285e-11
440,0.002,301.3283070965237,301.32830681272333,2.8380037520037149e-07,2.5499999999999998,2.5500000000132825,-1.3282708266615373e-11
440,0.0030000000000000001,301.33824940363081,301.33824913362452,2.7000629643225693e-07,2.5499999999999994,2.5500000000105261,-1.0526690630285884e-11
440,0.0040000000000000001,301.35243820067348,301.35243795033585,2.5033762085513445e-07,2.5499999999999958,2.5500000000088572,-8.8613560933481494e-12
440,0.0050000000000000001,301.37114304517502,301.37114282065437,2.2452064740718924e-07,2.5499999999998604,2.5500000000075875,-7.7271522513910895e-12
440,0.0060000000000000001,301.394710326569,301.39471013429289,1.9227610437155818e-07,2.5499999999959346,2.5500000000028744,-6.9397820823269285e-12
440,0.0070000000000000001,301.42356285975882,301.4235627064071,1.5335172065533698e-07,2.5499999999039562,2.5499999999110732,-7.1169736770571035e-12
440,0.0080000000000000002,301.45819914809755,301.45819904056827,1.07529274373519e-07,2.5499999981598238,2.5499999981775456,-1.7721824008276599e-11
440,0.0090000000000000011,301.49919224129803,301.49919218667844,5.4619590628135484e-08,2.5499999714475998,2.5499999715836479,-1.3604806170519623e-10
440,0.01,301.54718814044304,301.54718814581906,-5.3760231821797788e-09,2.5499996413110462,2.5499996424313376,-1.1202914151908772e-09
440,0.010999999999999999,301.60290370396433,301.60290377562228,-7.16579506843118e-08,2.5499963495342244,2.5499963569171618,-7.3829373725686764e-09
440,0.012,301.6671239011531,301.66712404331986,-1.421667548129335e-07,2.5499698612697248,2.5499698986916308,-3.742190601840889e-08
440,0.013000000000000001,301.74069786018242,301.74069807584084,-2.1565841734627611e-07,2.5497977085701278,2.5497978514293846,-1.4285925686863266e-07
440,0.014,301.82453217553581,301.82453247215517,-2.9661936196134775e-07,2.5488928239330564,2.5488932209640018,-3.9703094545373574e-07
440,0.014999999999999999,301.91957815642496,301.91957855195761,-3.9553265196445864e-07,2.5450385286908181,2.5450392711815129,-7.4249069470511131e-07
440,0.016,302.02680751935515,302.0268080312801,-5.1192495220675482e-07,2.5316982061594526,2.5316988980274804,-6.9186802775789147e-07
440,0.017000000000000001,302.14717018645484,302.14717080323271,-6.167778678900504e-07,2.4940354197099919,2.4940348061760704,6.1353392144525287e-07
440,0.018000000000000002,302.28153131081808,302.28153198893625,-6.7811816961693694e-07,2.4068452238663784,2.4068419033280612,3.3205383171974745e-06
440,0.019,302.43059430913831,302.43059499488572,-6.8574740907934029e-07,2.2401234148906504,2.240117779446368,5.6354442823369766e-06
440,0.02,302.59482934957515,302.59483002640332,-6.7682816506930976e-07,1.9741357819468481,1.9741309240669189,4.8578799292098296e-06
450,0,301.33391032127878,301.33391002652718,2.9475160090441932e-07,2.5499999999999998,2.5500000002197525,-2.1975266051299513e-10
450,0.001,301.33594696791243,301.3359466743741,2.9353833497225423e-07,2.5499999999999998,2.5500000000193981,-1.9398260775460585e-11
450,0.002,301.34209540311525,301.34209511804045,2.8507480465123081e-07,2.5500000000000003,2.5500000000132848,-1.3284484623454773e-11
450,0.0030000000000000001,301.35247109168193,301.35247082091223,2.7076970354755758e-07,2.5499999999999989,2.5500000000105221,-1.0523137916607084e-11
450,0.0040000000000000001,301.36726638974557,301.36726613929727,2.5044829499165644e-07,2.5499999999999918,2.5500000000088527,-8.8609120041382994e-12
450,0.0050000000000000001,301.38675036772497,301.3867501438524,2.2387257558875717e-07,2.5499999999997436,2.5500000000074725,-7.7289286082304898e-12
450,0.0060000000000000001,301.41126847192857,301.41126828114449,1.9078407831329969e-07,2.5499999999930796,2.5500000000000504,-6.9708683270164329e-12
450,0.0070000000000000001,301.4412419500236,301.44124179904469,1.5097890582183027e-07,2.5499999998474054,2.5499999998549416,-7.5361938911555626e-12
450,0.0080000000000000002,301.47716695733652,301.47716685287457,1.0446194664837094e-07,2.549999997257705,2.5499999972801271,-2.2422064205329661e-11
450,0.0090000000000000011,301.51961324113717,301.51961318950754,5.1629626796056982e-08,2.5499999598889147,2.5499999600658318,-1.7691714759848765e-10
450,0.01,301.56922223273415,301.56922223954012,-6.8059762270422652e-09,2.5499995225969276,2.5499995239886326,-1.3917049734857301e-09
450,0.010999999999999999,301.62670419888371,301.62670426941287,-7.0529154072573874e-08,2.5499953737133789,2.5499953824495685,-8.7361895495519093e-09
450,0.012,301.69283373134658,301.69283387220327,-1.4085668453844846e-07,2.5499634499811203,2.5499634923294248,-4.2348304418737825e-08
450,0.013000000000000001,301.76844223159856,301.76844245264192,-2.2104336494521704e-07,2.5497640801014789,2.5497642353780758,-1.5527659691372264e-07
450,0.014,301.85440525739551,301.85440557105824,-3.1366272423838382e-07,2.5487521805393665,2.5487525965041136,-4.1596474709137965e-07
450,0.014999999999999999,301.95162199446361,301.95162240976373,-4.1530012140356121e-07,2.5445701953729962,2.5445709457915822,-7.5041858593749566e-07
450,0.016,302.06098437530716,302.06098488786984,-5.1256267852295423e-07,2.5304589083425038,2.5304595701915398,-6.6184903602106715e-07
450,0.017000000000000001,302.18333524233441,302.18333583064748,-5.883130711481499e-07,2.491437024397702,2.4914363537293225,6.7066837949880664e-07
450,0.018000000000000002,302.31941871898579,302.31941935186234,-6.328765493890387e-07,2.402550363211637,2.4025470327219525,3.3304896844832399e-06
450,0.019,302.46983069652038,302.46983134442399,-6.4790361875566305e-07,2.2345818737023353,2.2345763264124154,5.5472899198605319e-06
450,0.02,302.63498092189303,302.63498157457565,-6.5268261550954776e-07,1.9686770607826638,1.9686723136061925,4.7471764712536668e-06
460,0,301.34793722291766,301.34793692720706,2.9571060622402001e-07,2.5499999999999998,2.5500000002197529,-2.1975310460220498e-10
460,0.001,301.35006047906791,301.35006018467135,2.9439655691021471e-07,2.5499999999999998,2.5500000000193981,-1.9398260775460585e-11
460,0.002,301.35646867580323,301.35646839016647,2.8563675869008875e-07,2.5499999999999998,2.5500000000132834,-1.3283596445035073e-11
460,0.0030000000000000001,301.36727705164259,301.36727678078341,2.7085917508884449e-07,2.5499999999999994,2.5500000000105225,-1.0523137916607084e-11
460,0.0040000000000000001,301.38267750462683,301.38267725469638,2.4993045144583448e-07,2.5499999999999847,2.5500000000088421,-8.8573592904594989e-12
460,0.0050000000000000001,301.40293830275999,301.40293808005953,2.2270046429184731e-07,2.5499999999995411,2.5500000000072718,-7.73070496506989e-12
460,0.0060000000000000001,301.42840359819439,301.42840340911869,1.8907570620285696e-07,2.5499999999884806,2.549999999995495,-7.014389069581739e-12
460,0.0070000000000000001,301.45949265971728,301.45949251063922,1.4907806189512485e-07,2.5499999997622318,2.5499999997703555,-8.1237239157871954e-12
460,0.0080000000000000002,301.49669869193667,301.4966985891063,1.0283036999680917e-07,2.549999995981036,2.5499999960096558,-2.8619773217997135e-11
460,0.0090000000000000011,301.5405870222155,301.54058697182541,5.0390099204378203e-08,2.5499999444430639,2.5499999446707902,-2.2772628227585301e-10
460,0.01,301.59179227711678,301.59179228567814,-8.5613578448828775e-09,2.5499993720625995,2.5499993737739923,-1.7113928052481242e-09
460,0.010999999999999999,301.65101391332428,301.65101398826795,-7.4943670824723085e-08,2.5499941937260573,2.5499942039787462,-1.0252688920076025e-08
460,0.012,301.71900912134663,301.71900927129479,-1.4994816410762724e-07,2.5499560202462441,2.5499560678651267,-4.7618882614841596e-08
460,0.013000000000000001,301.79658176460873,301.79658199841083,-2.3380209768220084e-07,2.5497265479071962,2.5497267158858623,-1.6797866608797563e-07
460,0.014,301.88456583743942,301.88456616149591,-3.240564865336637e-07,2.548600254027523,2.5486006883877721,-4.3436024910192828e-07
460,0.014999999999999999,301.98380219908273,301.98380261353958,-4.1445684928476112e-07,2.544078117064787,2.5440788737846978,-7.5671991073278377e-07
460,0.016,302.0951083323036,302.0951088282136,-4.959100010637485e-07,2.5291860937623221,2.529186724816566,-6.3105424397136289e-07
460,0.017000000000000001,302.21924265973092,302.21924321985074,-5.6011981541814748e-07,2.4888155396995186,2.4888148141135753,7.2558594332861048e-07
460,0.018000000000000002,302.35686722902011,302.35686783153767,-6.025175594004395e-07,2.398272911711854,2.3982695737614685,3.337950385429167e-06
460,0.019,302.50851461464191,302.50851523797405,-6.2333214145837701e-07,2.2291064907875757,2.2291010296460576,5.4611415181149425e-06
460,0.02,302.67456574252805,302.67456637670392,-6.3417587625735905e-07,1.9632985930540177,1.9632939524991111,4.6405549065653418e-06
470,0,301.36254853666009,301.36254824072853,2.9593155659313197e-07,2.5499999999999998,2.550000000219752,-2.1975221642378528e-10
470,0.001,301.36475820171427,301.36475790718214,2.9453212846419774e-07,2.5499999999999998,2.5500000000193994,-1.9399593043090135e-11
470,0.002,301.37142551058554,301.37142522505559,2.855299499060493e-07,2.5499999999999998,2.5500000000132848,-1.3284928712664623e-11
470,0.0030000000000000001,301.38266533512808,301.38266506472922,2.7039885708290967e-07,2.5499999999999989,2.550000000010523,-1.0524026095026784e-11
470,0.0040000000000000001,301.39866888435785,301.39866863527726,2.4908058549044654e-07,2.5499999999999714,2.5500000000088314,-8.8600238257185993e-12
470,0.0050000000000000001,301.41970329027174,301.41970306876021,2.2151152734295465e-07,2.5499999999992005,2.5500000000069383,-7.737810392427491e-12
470,0.0060000000000000001,301.44611092264608,301.44611073500528,1.8764080778055359e-07,2.5499999999812237,2.5499999999883016,-7.077893826590298e-12
470,0.0070000000000000001,301.47830830203401,301.47830815463544,1.4739856624146341e-07,2.549999999636217,2.5499999996451517,-8.9346308129734098e-12
470,0.0080000000000000002,301.51678439827197,301.5167842976532,1.0061876309919171e-07,2.5499999942015066,2.5499999942381857,-3.6679104198356072e-11
470,0.0090000000000000011,301.56209797834788,301.56209793139124,4.6956643018347677e-08,2.5499999240636431,2.5499999243538252,-2.9018210057074612e-10
470,0.01,301.61487349767623,301.61487351176532,-1.4089096112002153e-08,2.5499991831682789,2.5499991852528261,-2.0845472015196265e-09
470,0.010999999999999999,301.67579482896662,301.67579491187888,-8.2912265497725457e-08,2.5499927788545902,2.5499927907947422,-1.1940151978251379e-08
470,0.012,301.74559594542717,301.74559610465673,-1.5922955753921997e-07,2.5499474671321254,2.5499475203599085,-5.3227783070042278e-08
470,0.013000000000000001,301.82504761637796,301.8250478577462,-2.4136824094966869e-07,2.5496848684196638,2.5496850493409884,-1.8092132458846777e-07
470,0.014,301.91493936167029,301.91493968745664,-3.2578634545643581e-07,2.5484367322049333,2.5484371843747797,-4.5216984645435332e-07
470,0.014999999999999999,302.0160564644101,302.01605687161816,-4.0720806282479316e-07,2.5435623479876557,2.5435631094451208,-7.6145746508160528e-07
470,0.016,302.12915279786642,302.12915327753689,-4.7967046157282311e-07,2.5278807705951181,2.5278813702213019,-5.9962618381703692e-07
470,0.017000000000000001,302.25492147193506,302.25492200993642,-5.3800135901838075e-07,2.4861726321780924,2.4861718538515336,7.783265587590904e-07
470,0.018000000000000002,302.39396655587808,302.39396713487236,-5.7899427474694676e-07,2.3940134924668413,2.3940101493477175,3.3431191237554003e-06
470,0.019,302.54677996850421,302.54678057043242,-6.0192820683369064e-07,2.2236955591660164,2.2236901822166475,5.3769493688626824e-06
470,0.02,302.7137276370068,302.71372825304371,-6.1603691392519977e-07,1.9579976820851128,1.9579931442997682,4.5377853445938143e-06
480,0,301.37774257515144,301.37774227954674,2.9560470693468233e-07,2.5499999999999998,2.5500000002197529,-2.1975310460220498e-10
480,0.001,301.38003834102722,301.38003804687236,2.9415485869321856e-07,2.5499999999999998,2.5500000000193972,-1.9397372597040885e-11
480,0.002,301.38696378644693,301.38696350143647,2.8501045790108037e-07,2.5499999999999994,2.5500000000132839,-1.3284484623454773e-11
480,0.0030000000000000001,301.39863325575169,301.39863298608839,2.6966330324285082e-07,2.549999999999998,2.550000000010523,-1.0524914273446484e-11
480,0.0040000000000000001,301.4152369739225,301.41523672585919,2.4806331566651352e-07,2.5499999999999474,2.5500000000088101,-8.8626883609776996e-12
480,0.0050000000000000001,301.43704045398567,301.4370402338709,2.2011477085470688e-07,2.549999999998636,2.5500000000063752,-7.7391426600570412e-12
480,0.0060000000000000001,301.46438351580088,301.46438333012628,1.8567459392215824e-07,2.5499999999699936,2.5499999999771652,-7.1715966498686612e-12
480,0.0070000000000000001,301.49767873400941,301.49767858946973,1.4453968333327794e-07,2.5499999994528637,2.5499999994629015,-1.0037748410240965e-11
480,0.0080000000000000002,301.53740903926604,301.53740894281185,9.6454186859773472e-08,2.5499999917560463,2.5499999918030616,-4.7015280557616279e-11
480,0.0090000000000000011,301.58412408105966,301.58412403988012,4.1179532672686037e-08,2.5499998974932292,2.5499998978593754,-3.6614622445085843e-10
480,0.01,301.63843483613147,301.63843485747071,-2.1339246814022772e-08,2.5499989484530943,2.5499989509695142,-2.5164199612959237e-09
480,0.010999999999999999,301.70100584599118,301.70100593669525,-9.0704077138070716e-08,2.5499910957062375,2.5499911095117485,-1.380551095664373e-08
480,0.012,301.77254444312865,301.77254460887048,-1.6574182382100844e-07,2.5499376816588164,2.5499377408260608,-5.9167244437219324e-08
480,0.013000000000000001,301.85378644481341,301.85378668907146,-2.4425804667771445e-07,2.5496388001353472,2.5496389941963686,-1.940610214745675e-07
480,0.014,301.94547811720724,301.94547844019843,-3.229911840207933e-07,2.5482613250428021,2.5482617943954611,-4.6935265896053124e-07
480,0.014999999999999999,302.04835476685537,302.04835516472792,-3.9787255445844494e-07,2.543022977157416,2.5430237418538559,-7.6469643994769854e-07
480,0.016,302.16311706042126,302.16311752502673,-4.6460547764581861e-07,2.5265439380232806,2.5265445057180309,-5.6769475031970273e-07
480,0.017000000000000001,302.29040698001495,302.29040749937013,-5.1935518285972648e-07,2.4835098780994036,2.4835090491643914,8.2893501218705978e-07
480,0.018000000000000002,302.43078598851514,302.43078654788565,-5.5937050547072431e-07,2.3897726512712376,2.3897693050934361,3.3461778015109189e-06
480,0.019,302.58471827860473,302.58471886202216,-5.8341743169876281e-07,2.2183474370429934,2.2183421423784808,5.2946645126006331e-06
480,0.02,302.75256195520552,302.75256233162207,-3.7641655126208207e-07,1.9527717769506385,1.9527673382810913,4.4386695472464766e-06
490,0,301.39351686372424,301.39351657067698,2.9304726467671571e-07,2.5499999999999998,2.5500000002431302,-2.4313040469792213e-10
490,0.001,301.39589828855884,301.39589799536765,2.9319119221327128e-07,2.5499999999999989,2.5500000000214627,-2.1463719690473226e-11
490,0.002,301.40308047371366,301.40308018977606,2.8393759521350148e-07,2.5499999999999998,2.5500000000147005,-1.4700685113666623e-11
490,0.0030000000000000001,301.41517701005421,301.41517674172059,2.6833362198885879e-07,2.5499999999999963,2.5500000000116403,-1.1644019082268642e-11
490,0.0040000000000000001,301.43237672000242,301.43237647368056,2.463218606862938e-07,2.5499999999999083,2.5500000000097134,-9.8050456642795325e-12
490,0.0050000000000000001,301.45494282224479,301.45494260447003,2.1777475467388285e-07,2.5499999999977221,2.5500000000062966,-8.574474463785009e-12
490,0.0060000000000000001,301.48321156834646,301.48321138582497,1.8252148947794922e-07,2.5499999999529286,2.5499999999609662,-8.0375706090762833e-12
490,0.0070000000000000001,301.51759013579442,301.51758999541948,1.4037493656360311e-07,2.5499999991902302,2.549999999202412,-1.2181811115397068e-11
490,0.0080000000000000002,301.55855347801202,301.55855338682011,9.119190735873417e-08,2.5499999884399465,2.5499999885006872,-6.0740745766452164e-11
490,0.0090000000000000011,301.60663974741669,301.60663971243349,3.4983202112925937e-08,2.549999863235981,2.5499998636941892,-4.5820813809882566e-10
490,0.01,301.66244384245795,301.66244387037898,-2.792103259707801e-08,2.5499986594733395,2.5499986624862063,-3.0128668448980989e-09
490,0.010999999999999999,301.7266086144794,301.72660871112998,-9.6650580871937564e-08,2.5499891082038779,2.5499891240592487,-1.5855370794071177e-08
490,0.012,301.79981334398843,301.79981351346675,-1.6947831227298593e-07,2.5499265511637823,2.5499266165919061,-6.542812380772034e-08
490,0.013000000000000001,301.88275930471741,301.88275954833023,-2.4361281703022541e-07,2.5495881044419306,2.5495883117972329,-2.0735530226190235e-07
490,0.014,301.9761526825493,301.97615299971096,-3.1716166404294199e-07,2.5480737645133908,2.5480742503879825,-4.8587459167137581e-07
490,0.014999999999999999,302.0806862810727,302.08068667351142,-3.9243872151928372e-07,2.5424601253616821,2.5424608918667317,-7.6650504965414257e-07
490,0.016,302.19702503610421,302.19702549588862,-4.597844167619769e-07,2.5251765836915592,2.5251771190709942,-5.3537943500714391e-07
490,0.017000000000000001,302.32580963482371,302.32581012731941,-4.9249570110987406e-07,2.4808287682254377,2.4808278907646106,8.7746082710893347e-07
490,0.018000000000000002,302.46770735732372,302.4677078659517,-5.086279770694091e-07,2.3855508641945899,2.3855475168996061,3.3472949838575516e-06
490,0.019,302.62354205535621,302.6235426748691,-6.1951288898853818e-07,2.2130605450221035,2.2130553307852803,5.214236823203322e-06
490,0.02,302.79449230141586,302.79449314222438,-8.4080852502665948e-07,1.9476186818008676,1.9476143394385401,4.3423623274918555e-06
500,0,301.40986786727296,301.40986757553941,2.9173355642342358e-07,2.5499999999999998,2.5500000002431311,-2.4313129287634183e-10
500,0.001,301.41233432300311,301.41233403119287,2.9181023819546681e-07,2.5499999999999998,2.5500000000214644,-2.1464607868892926e-11
500,0.002,301.41977126752431,301.41977098517322,2.8235109539309633e-07,2.5499999999999994,2.550000000014697,-1.4697576489197672e-11
500,0.0030000000000000001,301.43229123842298,301.43229097203118,2.6639179395715473e-07,2.5499999999999936,2.5500000000116354,-1.1641798636219391e-11
500,0.0040000000000000001,301.45008112040273,301.45008087654054,2.4386218910876778e-07,2.5499999999998391,2.5500000000096432,-9.8041574858598324e-12
500,0.0050000000000000001,301.4734010223616,301.47340080772716,2.1463443999891751e-07,2.5499999999962721,2.5500000000048599,-8.5877971400805109e-12
500,0.0060000000000000001,301.50258248890691,301.50258231033428,1.7857263401310774e-07,2.5499999999274352,2.549999999935658,-8.2227558095837594e-12
500,0.0070000000000000001,301.53802582341746,301.53802568781799,1.3559946410168777e-07,2.5499999988195317,2.5499999988336719,-1.4140244530835844e-11
500,0.0080000000000000002,301.58019623636091,301.58019615054667,8.5814235717407428e-08,2.5499999839991876,2.5499999840763694,-7.7181816493521183e-11
500,0.0090000000000000011,301.62961848680942,301.62961845717564,2.9633781650773017e-08,2.5499998195291518,2.549999820096533,-5.6738125309152565e-10
500,0.01,301.68686968401107,301.68686971626641,-3.2255343285214622e-08,2.5499983067443974,2.5499983103225015,-3.5781040352844684e-09
500,0.010999999999999999,301.75257001516064,301.7525701146256,-9.9464955383155029e-08,2.5499867775944294,2.5499867956883384,-1.8093909037730782e-08
500,0.012,301.82737148791858,301.8273716602892,-1.7237061911146156e-07,2.5499139596776854,2.5499140316759115,-7.1998226047753633e-08
500,0.013000000000000001,301.9119455706371,301.91194582055942,-2.4992232283693738e-07,2.5495325463717813,2.549532767133432,-2.2076165073769971e-07
500,0.014,302.00697226205989,302.00697258613582,-3.240759269829141e-07,2.5478738043055298,2.5478743060119737,-5.0170644394498254e-07
500,0.014999999999999999,302.11313588987292,302.11313626953307,-3.7966015042911749e-07,2.5418739422960344,2.5418747092471432,-7.6695110884372752e-07
500,0.016,302.23113622301355,302.2311366359371,-4.1292355490440968e-07,2.5237796815761993,2.5237801843630812,-5.0278688190630305e-07
500,0.017000000000000001,302.361724853574,302.36172530447175,-4.5089774403095362e-07,2.4781307124044232,2.4781297884460103,9.2395841289061309e-07
500,0.018000000000000002,302.5057721547322,302.50577269785481,-5.4312260999722639e-07,2.381348544357746,2.381345197730385,3.3466273610116559e-06
500,0.019,302.66435697918291,302.6643576818031,-7.0262018425637507e-07,2.207833365179015,2.2078282295538956,5.1356251193901414e-06
500,0.02,302.8388535487091,302.838854443554,-8.9484490217728307e-07,1.9425360624088928,1.9425318126552056,4.2497536871799468e-06
510,0,301.42679062535427,301.42679033562865,2.897256194955844e-07,2.5499999999999998,2.5500000002431298,-2.4312996060871228e-10
510,0.001,301.4293412466082,301.42934095688366,2.8972453947062604e-07,2.5499999999999998,2.5500000000214635,-2.1463719690473226e-11
510,0.002,301.43703023984273,301.43702995981016,2.8003256602460169e-07,2.5499999999999994,2.5500000000146952,-1.4695800132358272e-11
510,0.0030000000000000001,301.44996873982552,301.44996847613311,2.6369241368229268e-07,2.5499999999999883,2.5500000000116301,-1.1641798636219391e-11
510,0.0040000000000000001,301.46834109454983,301.46834085388861,2.4066122250587796e-07,2.5499999999997249,2.5500000000095313,-9.8063779319090827e-12
510,0.0050000000000000001,301.49240344207089,301.49240323118892,2.1088197854624013e-07,2.5499999999940113,2.5500000000026208,-8.6095575113631639e-12
510,0.0060000000000000001,301.52248150456467,301.52248133021953,1.7434513210901059e-07,2.5499999998899585,2.5499999998984384,-8.4798834620869457e-12
510,0.0070000000000000001,301.55896739818246,301.55896726707863,1.3110383179082419e-07,2.5499999983034991,2.5499999983201893,-1.6690204773794903e-11
510,0.0080000000000000002,301.60231523206477,301.60231515085405,8.121071459754603e-08,2.549999978121952,2.5499999782195313,-9.7579277991144409e-11
510,0.0090000000000000011,301.65303530093627,301.65303527630641,2.4629855488456087e-08,2.5499997643137018,2.5499997650102384,-6.9653660617063906e-10
510,0.01,301.71168682169241,301.71168686026891,-3.8576501992793055e-08,2.5499978796867766,2.5499978839046675,-4.2178909254175778e-09
510,0.010999999999999999,301.77886951883113,301.77886962618828,-1.0735715250120847e-07,2.5499840624740484,2.5499840829999867,-2.0525938282389689e-08
510,0.012,301.85521504127627,301.85521521950898,-1.7823271036832011e-07,2.5498997883072456,2.549899867172698,-7.8865452390886048e-08
510,0.013000000000000001,301.94138026153917,301.94138050646905,-2.4492987904523034e-07,2.5494718952834665,2.5494721295237914,-2.3424032491448088e-07
510,0.014,302.03804583825507,302.03804613977564,-3.015205720657832e-07,2.5476612194380981,2.5476617362637044,-5.1682560631149954e-07
510,0.014999999999999999,302.14592450060866,302.14592484990925,-3.4930059200632968e-07,2.5412646038593945,2.5412653699630443,-7.6610364985185697e-07
510,0.016,302.26578338218229,302.26578378318339,-4.0100110254570609e-07,2.5223541902128788,2.5223546602279669,-4.7001508818311777e-07
510,0.017000000000000001,302.39848231156611,302.39848278748485,-4.7591873908459092e-07,2.4754170439531711,2.4754160754713213,9.6848184982789576e-07
510,0.018000000000000002,302.54502487136932,302.5450254592713,-5.8790197954294854e-07,2.3771660480356722,2.3771627037187382,3.344316934050795e-06
510,0.019,302.7066124651023,302.70661319680283,-7.3170053838111926e-07,2.2026644422010753,2.2026593834276751,5.0587734001794615e-06
510,0.02,302.88468646308911,302.88468737033458,-9.0724546453202493e-07,1.9375216769859471,1.9375175166921821,4.1602937650431215e-06
520,0,301.44427846807179,301.44427818109966,2.8697212428596686e-07,2.5500000000000003,2.550000000243128,-2.4312774016266303e-10
520,0.001,301.44691212308095,301.44691183618147,2.8689947839666274e-07,2.5499999999999994,2.5500000000214631,-2.1463719690473226e-11
520,0.002,301.45484964943876,301.45484937243583,2.7700292548615835e-07,2.5499999999999989,2.5500000000146947,-1.4695800132358272e-11
520,0.0030000000000000001,301.46820041948433,301.46820015913096,2.6035337441498996e-07,2.5499999999999807,2.5500000000116216,-1.1640910457799691e-11
520,0.0040000000000000001,301.48714565374257,301.48714541679749,2.3694508399785263e-07,2.5499999999995393,2.5500000000093461,-9.8068220211189328e-12
520,0.0050000000000000001,301.51193672708973,301.51193652035221,2.0673752487709862e-07,2.5499999999905487,2.5499999999991889,-8.6401996668428183e-12
520,0.0060000000000000001,301.5428926247273,301.54289245505208,1.6967521787591977e-07,2.5499999998356935,2.5499999998445211,-8.8276053133995447e-12
520,0.0070000000000000001,301.58039641792436,301.5803962922094,1.2571496199598187e-07,2.5499999975944552,2.5499999976144441,-1.9988899424561168e-11
520,0.0080000000000000002,301.62489067343984,301.62489059849219,7.4947649864043342e-08,2.5499999704293397,2.5499999705519811,-1.2264145254903269e-10
520,0.0090000000000000011,301.67687184883323,301.67687183092755,1.7905676941154525e-08,2.5499996952043094,2.5499996960523958,-8.4808648992407143e-10
520,0.01,301.73688400653174,301.73688405050075,-4.3969009766442468e-08,2.549997366576902,2.5499973715142663,-4.9373642951877628e-09
520,0.010999999999999999,301.80551263985706,301.80551274787456,-1.0801750249811448e-07,2.5499809188294091,2.5499809419842574,-2.3154848260986682e-08
520,0.012,301.88338003075285,301.88338020156453,-1.7081168834920391e-07,2.5498839156211051,2.5498840016371163,-8.6016011202616482e-08
520,0.013000000000000001,301.9711442312298,301.97114446099812,-2.2976831814958132e-07,2.5494059254718033,2.5494061732245954,-2.4775279205968559e-07
520,0.014,302.06950420716146,302.0695044926656,-2.8550414299388649e-07,2.5474358057866415,2.5474363370007853,-5.3121414378409781e-07
520,0.014999999999999999,302.17921350323968,302.17921384660241,-3.4336272847212967e-07,2.5406323096086663,2.5406330736396097,-7.6403094340093958e-07
520,0.016,302.30110358961542,302.30110400174146,-4.1212604173779255e-07,2.5209010512421068,2.5209014883942036,-4.3715209674388689e-07
520,0.017000000000000001,302.43611570101359,302.43611620156241,-5.0054882194672246e-07,2.4726890238324284,2.4726880127452628,1.0110871655477638e-06
520,0.018000000000000002,302.58533686973834,302.5853374826799,-6.1294156239455333e-07,2.3730036802483419,2.3730003397529491,3.3404953927451686e-06
520,0.019,302.75003295731915,302.75003370465805,-7.4733890187417273e-07,2.197552375695444,2.1975473920713626,4.9836240814116195e-06
520,0.02,302.93167010153064,302.93167101606667,-9.1453603090485558e-07,1.932573433505355,1.9325693597047375,4.0738006175100594e-06
530,0,301.46232291582362,301.46232263236362,2.8345999680823297e-07,2.5500000000000003,2.5500000002431307,-2.4313040469792213e-10
530,0.001,301.46503820987374,301.46503792655511,2.8331862722552614e-07,2.5500000000000007,2.5500000000214644,-2.1463719690473226e-11
530,0.002,301.47321997642626,301.47321970321002,2.7321624429532676e-07,2.5499999999999985,2.5500000000146974,-1.4698908756827223e-11
530,0.0030000000000000001,301.48697551090225,301.48697525467895,2.5622330213082023e-07,2.5499999999999665,2.5500000000116083,-1.1641798636219391e-11
530,0.0040000000000000001,301.50648242845295,301.50648219611639,2.3233656065713149e-07,2.5499999999992431,2.5500000000090539,-9.8108188240075833e-12
530,0.0050000000000000001,301.53198679282298,301.53198659127844,2.0154453750365064e-07,2.5499999999853316,2.5499999999940131,-8.6814999633588741e-12
530,0.0060000000000000001,301.56380041385967,301.56380024994309,1.6391658164138789e-07,2.5499999997582323,2.5499999997675302,-9.297895786630761e-12
530,0.0070000000000000001,301.60229730056278,301.60229718083667,1.1972610991506372e-07,2.5499999966321125,2.5499999966563101,-2.4197532866310212e-11
530,0.0080000000000000002,301.64790936259925,301.64790929298192,6.9617328790627653e-08,2.5499999604653008,2.5499999606184396,-1.5313883494627589e-10
530,0.0090000000000000011,301.70112164996146,301.70112163520969,1.4751776689081453e-08,2.5499996094590198,2.5499996104835723,-1.0245524428853514e-09
530,0.01,301.76246771788306,301.76246776108604,-4.320298785387422e-08,2.5499967545030473,2.5499967602445417,-5.7414943910316651e-09
530,0.010999999999999999,301.83252607963044,301.83252618202772,-1.0239727998850867e-07,2.5499773000938331,2.5499773260769487,-2.5983115659045097e-08
530,0.012,301.91191908657134,301.91191924805281,-1.6148146642080974e-07,2.5498662180348934,2.549866311469974,-9.343508056147698e-08
530,0.013000000000000001,302.00131581067251,302.00131603113499,-2.2046248204787844e-07,2.5493344167088634,2.5493346779711286,-2.6126226515543749e-07
530,0.014,302.10144040825145,302.10144068959909,-2.8134763851994649e-07,2.5471973795395089,2.5471979243982501,-5.4485874123599842e-07
530,0.014999999999999999,302.2130868343894,302.21308718243233,-3.480429313640343e-07,2.5399772803718532,2.5399780411723709,-7.6080051769622514e-07
530,0.016,302.33713957916302,302.33714000463357,-4.2547054590613698e-07,2.519421188231219,2.5194215925085537,-4.0427733472014893e-07
530,0.017000000000000001,302.47459844063485,302.47459895882008,-5.1818523161273333e-07,2.4699478446144183,2.4699467927831531,1.0518312651974782e-06
530,0.018000000000000002,302.6266036152636,302.62660424414753,-6.2888392449167441e-07,2.368861699885441,2.3688583646012105,3.3352842305767183e-06
530,0.019,302.79445613767541,302.79445689562925,-7.5795384191224002e-07,2.1924958144529656,2.1924909043233316,4.9101296339948419e-06
530,0.02,302.97962850317521,302.97962942298909,-9.1981388550266274e-07,1.9276893500432892,1.9276853599232873,3.9901200019620831e-06
540,0,301.48091383870815,301.48091355965522,2.7905292654395453e-07,2.5499999999999998,2.5500000002431298,-2.4312996060871228e-10
540,0.001,301.48370916417008,301.48370888533248,2.7883760367330979e-07,2.5499999999999998,2.5500000000214627,-2.1462831512053526e-11
540,0.002,301.49213027525519,301.49213000673177,2.6852342216443503e-07,2.5499999999999976,2.5500000000146952,-1.4697576489197672e-11
540,0.0030000000000000001,301.50628219673746,301.50628194551956,2.5121789803961292e-07,2.5499999999999425,2.5500000000115857,-1.1643130903848942e-11
540,0.0040000000000000001,301.52633870304311,301.52633847604096,2.2700214685755782e-07,2.5499999999987786,2.5500000000085947,-9.8161478945257841e-12
540,0.0050000000000000001,301.55254041849832,301.55254022247527,1.9602305201260606e-07,2.5499999999775906,2.5499999999863321,-8.7414520066886325e-12
540,0.0060000000000000001,301.58519219090732,301.58519203231685,1.585904669809679e-07,2.5499999996491431,2.5499999996590619,-9.9187325020011485e-12
540,0.0070000000000000001,301.62465984593752,301.62465973067594,1.1526157095431699e-07,2.5499999953410444,2.5499999953705568,-2.9512392529795761e-11
540,0.0080000000000000002,301.67136656152854,301.67136649464067,6.6887878347188234e-08,2.5499999476858224,2.5499999478757522,-1.8992984962551418e-10
540,0.0090000000000000011,301.72578929277603,301.72578927820064,1.4575391560356366e-08,2.5499995039488024,2.5499995051773632,-1.2285608086415323e-09
540,0.01,301.78845591127862,301.78845595177137,-4.0492750486009754e-08,2.5499960293267647,2.549996035961855,-6.6350902550027513e-09
540,0.010999999999999999,301.85994395282694,301.85994405020625,-9.7379313501733122e-08,2.5499731572171758,2.5499731862294697,-2.9012293900620989e-08
540,0.012,301.94088201541149,301.94088217120981,-1.5579831824652501e-07,2.5498465701923076,2.5498466712991967,-1.0110688908326892e-07
540,0.013000000000000001,302.03195481467299,302.03195503114654,-2.164735519727401e-07,2.5492571547184508,2.5492574294521821,-2.7473373132025358e-07
540,0.014,302.13391258846332,302.13391286974445,-2.8128113171987934e-07,2.5469457765965373,2.5469463343469818,-5.5775044449646316e-07
540,0.014999999999999999,302.24758489396305,302.2475852470202,-3.5305714618516504e-07,2.5392997560155881,2.5393005124948691,-7.5647928099442652e-07
540,0.016,302.37389789879654,302.37389833390262,-4.3510607383723254e-07,2.5179155057382707,2.517915877200696,-3.7146242526375772e-07
540,0.017000000000000001,302.51389319003181,302.51389372055371,-5.3052190196467564e-07,2.4671946342524151,2.46719354348016,1.0907722551856125e-06
540,0.018000000000000002,302.66874517585467,302.66874581837197,-6.4251730691466946e-07,2.364740324211426,2.3647369954157087,3.3287957172944971e-06
540,0.019,302.83977360262793,302.83977442206304,-8.1943511531790136e-07,2.1874934544557854,2.1874886162104112,4.8382453741169229e-06
540,0.02,303.0284460494758,303.02844919285286,-3.143377057313046e-06,1.9228675425904023,1.9228636335424143,3.9090479879710927e-06
550,0,301.50003997015733,301.50003969548578,2.7467154950500117e-07,2.5499999999999998,2.5500000002384544,-2.3845458940741082e-10
550,0.001,301.50291361180882,301.502913338111,2.7369782173991553e-07,2.5499999999999994,2.5500000000210514,-2.1052048992942218e-11
550,0.002,301.51156890654977,301.51156864324582,2.6330394575779792e-07,2.5499999999999954,2.5500000000144087,-1.4413359394893632e-11
550,0.0030000000000000001,301.5261085941936,301.52610834822929,2.4596431558165932e-07,2.5499999999999035,2.5500000000113223,-1.141886585287466e-11
550,0.0040000000000000001,301.54670268967044,301.5467024678133,2.2185713532962836e-07,2.5499999999980623,2.5500000000076977,-9.6354035861168086e-12
550,0.0050000000000000001,301.57358671192941,301.57358652066881,1.9126059669360984e-07,2.5499999999662726,2.5499999999749319,-8.659295502866371e-12
550,0.0060000000000000001,301.60705934341723,301.60705918880524,1.5461199609489995e-07,2.5499999994974507,2.5499999995080405,-1.0589751298084593e-11
550,0.0070000000000000001,301.64747971716343,301.64747960462876,1.1253467846472631e-07,2.5499999936278446,2.5499999936638678,-3.6023184435407529e-11
550,0.0080000000000000002,301.69526465386679,301.69526458804978,6.5817005179269472e-08,2.5499999314473993,2.549999931681235,-2.3383561753576032e-10
550,0.0090000000000000011,301.7508863217945,301.75088630647303,1.5321461432904471e-08,2.5499993751272609,2.5499993765899931,-1.4627321576199392e-09
550,0.01,301.81487094102533,301.81487097921263,-3.8187295103853103e-08,2.5499951756500017,2.5499951832727215,-7.6227197887135389e-09
550,0.010999999999999999,301.88779925596833,301.88779935027304,-9.4304709818970878e-08,2.5499684387479924,2.549968470991093,-3.2243100633877475e-08
550,0.012,301.97030949802911,301.97030965144671,-1.5341760217779665e-07,2.5498248453390695,2.5498249543539582,-1.0901488867176568e-07
550,0.013000000000000001,302.06310339099178,302.0631036085648,-2.1757301738034585e-07,2.5491739315873776,2.5491742197209204,-2.8813354280288195e-07
550,0.014,302.1669553398612,302.16695563092156,-2.9106035981385503e-07,2.5466808519240902,2.5466814218069316,-5.69882841361391e-07
550,0.014999999999999999,302.28272408184063,302.28272445780192,-3.7596129232042585e-07,2.538599993364794,2.5386007444964998,-7.5113170572294052e-07
550,0.016,302.41136403500411,302.41136450208091,-4.670768021242111e-07,2.5163848885855811,2.5163852273585414,-3.3877296035100812e-07
550,0.017000000000000001,302.55392894571895,302.55392952442918,-5.787102281828993e-07,2.4644304596537432,2.4644293316891761,1.1279645670825289e-06
550,0.018000000000000002,302.71155355023234,302.7115543086403,-7.5840796398551902e-07,2.3606397327876487,2.3606364116567318,3.3211309169445258e-06
550,0.019,302.88539769197348,302.88539867967984,-9.8770635759137804e-07,2.1825440373501062,2.1825392694198928,4.7679302133118995e-06
550,0.02,303.076556372754,303.07655750952807,-1.1367740739842702e-06,1.9181061731588098,1.918102342397745,3.830761064804733e-06
560,0,301.51968974167073,301.51968947254727,2.6912346129392972e-07,2.5499999999999998,2.5500000002384575,-2.3845769803187977e-10
560,0.001,301.52264001476033,301.52263974659729,2.6816303488885751e-07,2.5499999999999994,2.5500000000210514,-2.1052048992942218e-11
560,0.002,301.53152448601753,301.53152422818965,2.5782787815842312e-07,2.5499999999999918,2.5500000000144047,-1.4412915305683782e-11
560,0.0030000000000000001,301.54644378016292,301.54644353951494,2.4064797798928339e-07,2.54999999999984,2.5500000000112601,-1.142019812050421e-11
560,0.0040000000000000001,301.5675645271603,301.56756431027935,2.1688094875571551e-07,2.5499999999969738,2.5500000000066216,-9.6478380839926103e-12
560,0.0050000000000000001,301.59511784256233,301.59511765567311,1.8688922409637598e-07,2.5499999999499501,2.5499999999587213,-8.7712059837485867e-12
560,0.0060000000000000001,301.62939741125729,301.62939726009233,1.5116495433176169e-07,2.5499999992890445,2.5499999993006908,-1.1646239528317892e-11
560,0.0070000000000000001,301.67075741932382,301.67075730901541,1.1030840596504277e-07,2.5499999913779403,2.5499999914221987,-4.425837474286709e-11
560,0.0080000000000000002,301.71961068107419,301.71961061613291,6.4941275468299864e-08,2.5499999109948908,2.5499999112809828,-2.8609203894802704e-10
560,0.0090000000000000011,301.77642740864292,301.77642739309323,1.5549687759630615e-08,2.5499992190009415,2.549999220730947,-1.73000547221136e-09
560,0.01,301.84173514028464,301.84173517792442,-3.76397792933858e-08,2.549994176788597,2.5499941854973809,-8.7087839162336422e-09
560,0.010999999999999999,301.91612033218138,301.91612042667447,-9.4493088909075595e-08,2.5499630909276556,2.5499631266029041,-3.5675248533095782e-08
560,0.012,302.00023194599288,302.00023210075631,-1.5476342696274514e-07,2.5498009156878414,2.5498010328299503,-1.1714210890190202e-07
560,0.013000000000000001,302.09478689830502,302.09478711794492,-2.1963990093354369e-07,2.5490845461143841,2.5490848475460459,-3.0143166185325754e-07
560,0.014,302.20057630308645,302.20057659835396,-2.9526751177400001e-07,2.5464024788695805,2.5464030601263445,-5.8125676405396121e-07
560,0.014999999999999999,302.31846993120536,302.31847032282099,-3.9161562881417922e-07,2.5378782642621043,2.5378790090857151,-7.4482361078764825e-07
560,0.016,302.44941452921495,302.44941504236226,-5.1314731308593764e-07,2.5148302013232602,2.5148305075873338,-3.0626407365730302e-07
560,0.017000000000000001,302.59442074049326,302.59442139039186,-6.4989859538400196e-07,2.4616563300831249,2.4616551666103574,1.1634727674625367e-06
560,0.018000000000000002,302.75453524660816,302.75453602674429,-7.8013613347138744e-07,2.356560070982991,2.356556758594222,3.3123887690500453e-06
560,0.019,302.93080056632516,302.93080144903479,-8.8270962805836461e-07,2.1776463484275417,2.1776416492935384,4.6991340032498385e-06
560,0.02,303.12421294310008,303.12421390849994,-9.6539986316201976e-07,1.9134035394013542,1.9133997846445476,3.7547568065843251e-06
570,0,301.53985221260888,301.53985194917368,2.6343519721194752e-07,2.5499999999999998,2.550000000238458,-2.3845814212108962e-10
570,0.001,301.54287759315145,301.54287733062682,2.6252462248521624e-07,2.5499999999999985,2.5500000000210514,-2.1052937171361918e-11
570,0.002,301.55198676624263,301.55198651388969,2.5235294742742553e-07,2.5499999999999869,2.5500000000144021,-1.4415135751733033e-11
570,0.0030000000000000001,301.56727855287079,301.56727831738692,2.354838670726167e-07,2.5499999999997423,2.5500000000111638,-1.142153038813376e-11
570,0.0040000000000000001,301.58891677671221,301.58891656449794,2.1221427459749975e-07,2.5499999999953467,2.5500000000050052,-9.6584962250290118e-12
570,0.0050000000000000001,301.61712906629447,301.61712888337377,1.8292070080860867e-07,2.5499999999267198,2.5499999999356402,-8.9204199582582078e-12
570,0.0060000000000000001,301.6522054224119,301.65220527435639,1.4805550563323777e-07,2.5499999990059679,2.5499999990189721,-1.3004264332039384e-11
570,0.0070000000000000001,301.69449680351602,301.69449669539409,1.0812192385856179e-07,2.5499999884520523,2.5499999885064253,-5.4372950586412117e-11
570,0.0080000000000000002,301.74441405013778,301.74441398647815,6.3659626903245226e-08,2.5499998854487287,2.5499998857963964,-3.4766767242899732e-10
570,0.0090000000000000011,301.80242750628139,301.80242749107464,1.520675141364336e-08,2.5499990311000578,2.5499990331331639,-2.0331061278966445e-09
570,0.01,301.86906766121876,301.86906769813879,-3.6920027923770249e-08,2.5499930147510463,2.5499930246483054,-9.8972590123480586e-09
570,0.010999999999999999,301.94492697133012,301.94492706453292,-9.3202800144354114e-08,2.5499570577929549,2.5499570971006191,-3.9307664234655704e-08
570,0.012,302.03066266251699,302.03066281828603,-1.557690438858117e-07,2.5497746527711262,2.5497747782421869,-1.2547106065241564e-07
570,0.013000000000000001,302.12699972073909,302.12699994958183,-2.2884273676027078e-07,2.5489888041065929,2.5489891187054403,-3.1459884741735777e-07
570,0.014,302.23473251251352,302.23473282967416,-3.171606408614025e-07,2.546110548461872,2.5461111403349945,-5.9187312251296476e-07
570,0.014999999999999999,302.35472278412419,302.35472320569647,-4.2157228108408162e-07,2.537134853774758,2.5371355913910718,-7.3761631380619974e-07
570,0.016,302.48789162427909,302.48789215994663,-5.3566753877021256e-07,2.5132522878396948,2.5132525618270121,-2.7398731727856784e-07
570,0.017000000000000001,302.63520386625049,302.63520451453678,-6.4828628865143401e-07,2.4588732003443812,2.4588720029920665,1.1973523146302512e-06
570,0.018000000000000002,302.79764557277514,302.79764632221008,-7.4943494610124617e-07,2.3525014531374921,2.3524981504814613,3.302656030879092e-06
570,0.019,302.9761981858702,302.97619901964163,-8.3377142345852917e-07,2.1727992141404329,2.1727945823235255,4.6318169073522597e-06
570,0.02,303.17181535419832,303.17181626834247,-9.1414415237522917e-07,1.9087580215979065,1.9087543405527054,3.6810452010982431e-06
580,0,301.56051784389075,301.56051758606861,2.5782213697311818e-07,2.5499999999999994,2.5500000002384566,-2.3845725394266992e-10
580,0.001,301.56361706148681,301.56361680449663,2.5699017669467139e-07,2.549999999999998,2.5500000000210505,-2.1052493082152068e-11
580,0.002,301.57294725233322,301.57294700527649,2.4705673240532633e-07,2.5499999999999776,2.5500000000143936,-1.4416023930152733e-11
580,0.0030000000000000001,301.58860582388343,301.58860559329167,2.3059175191519898e-07,2.5499999999995882,2.5500000000110106,-1.1422418566553461e-11
580,0.0040000000000000001,301.61075446765182,301.61075425975639,2.0789542531929328e-07,2.5499999999929446,2.5500000000026253,-9.680700685521515e-12
580,0.0050000000000000001,301.63961829900376,301.63961811965959,1.7934416973730549e-07,2.5499999998940668,2.5499999999031884,-9.1215923703202861e-12
580,0.0060000000000000001,301.67548489009295,301.67548474470476,1.4538818504661322e-07,2.5499999986255983,2.5499999986403248,-1.4726442287837926e-11
580,0.0070000000000000001,301.71870341520986,301.71870330870428,1.0650558124325471e-07,2.549999984682314,2.549999984748998,-6.6683991661875552e-11
580,0.0080000000000000002,301.76968414952546,301.76968408644103,6.3084428347792709e-08,2.549999853791642,2.5499998542113644,-4.1972247899479953e-10
580,0.0090000000000000011,301.82889852907158,301.82889851388029,1.519129000371322e-08,2.5499988064503603,2.5499988088252308,-2.3748705224591049e-09
580,0.01,301.89687986047824,301.89687989823676,-3.7758525195386028e-08,2.5499916702239664,2.5499916814158912,-1.1191924720321822e-08
580,0.010999999999999999,301.97422453684919,301.97422463408003,-9.7230838491668692e-08,2.5499502812884094,2.5499503244269812,-4.3138571825807048e-08
580,0.012,302.061593269757,302.06159343514332,-1.6538632507945294e-07,2.5497459277815726,2.5497460617656587,-1.3398408604814449e-07
580,0.013000000000000001,302.15971143893245,302.15971168318572,-2.4425327183053014e-07,2.5488865186198142,2.5488868462278358,-3.2760802159970126e-07
580,0.014,302.26936731883075,302.26936765313599,-3.3430524126742966e-07,2.5458049686857414,2.5458055704214968,-6.0173575544553159e-07
580,0.014999999999999999,302.39140685968164,302.39140729281314,-4.3313150399626466e-07,2.5363700585261992,2.5363707880954878,-7.2956928853784575e-07
580,0.016,302.52672407952213,302.52672461499452,-5.3547239531326341e-07,2.5116519711197736,2.5116522131083694,-2.4198859582824639e-07
580,0.017000000000000001,302.67624705251012,302.67624768750926,-6.3499913949272013e-07,2.4560819738080366,2.4560807441501171,1.2296579194881474e-06
580,0.018000000000000002,302.8409208134342,302.84092153977639,-7.2634219350220519e-07,2.3484639654460073,2.3484606734331464,3.2920128609781329e-06
580,0.019,303.02168982131025,303.02169062768706,-8.063768177635211e-07,2.1680015013596519,2.1679969354189912,4.5659406606723962e-06
580,0.02,303.21948336971172,303.21948425663459,-8.869228622643277e-07,1.9041680643056262,1.9041644547747385,3.6095308877381882e-06
590,0,301.58167897687804,301.58167872438355,2.5249448754038895e-07,2.5499999999999998,2.5500000002384571,-2.3845725394266992e-10
590,0.001,301.5848510594605,301.58485080770549,2.5175501150442869e-07,2.5499999999999972,2.5500000000210488,-2.1051604903732368e-11
590,0.002,301.59439948677561,301.59439924467517,2.4210044102801476e-07,2.5499999999999643,2.5500000000143777,-1.4413359394893632e-11
590,0.0030000000000000001,301.61042065524197,301.61042042913937,2.2610259975408553e-07,2.5499999999993541,2.5500000000107792,-1.1425083101812561e-11
590,0.0040000000000000001,301.63307478182782,301.63307457777108,2.0405673240020406e-07,2.5499999999894505,2.5499999999991578,-9.7073460381125187e-12
590,0.0050000000000000001,301.66258534180372,301.66258516549647,1.7630725324124796e-07,2.549999999848704,2.549999999858088,-9.3840490933416731e-12
590,0.0060000000000000001,301.69923847355903,301.69923833035506,1.4320397667688667e-07,2.5499999981197097,2.5499999981366082,-1.6898482613214583e-11
590,0.0070000000000000001,301.74338250420567,301.74338239920382,1.0500184544071089e-07,2.5499999798680175,2.5499999799495745,-8.1556983388963999e-11
590,0.0080000000000000002,301.79542773082994,301.79542766911686,6.1713080867775716e-08,2.5499998148549308,2.5499998153584107,-5.0347992441857059e-10
590,0.0090000000000000011,301.85584651751498,301.85584650455911,1.2955865713593084e-08,2.5499985395460856,2.5499985423042508,-2.7581652517483235e-09
590,0.01,301.92517362656861,301.9251736686806,-4.2111992115678731e-08,2.5499901225634325,2.549990135159649,-1.2596216514282332e-08
590,0.010999999999999999,302.00400649822228,302.00400660287113,-1.0464884780958528e-07,2.5499427013855813,2.5499427485509654,-4.716538404281323e-08
590,0.012,302.09300495789773,302.09300513360739,-1.7570965837876429e-07,2.5497146118976093,2.5497147545609375,-1.4266332826196049e-07
590,0.013000000000000001,302.19288962952447,302.19288988514882,-2.556243430262839e-07,2.5487775101505825,2.5487778505848291,-3.4043424657070886e-07
590,0.014,302.30443826067375,302.3044386040703,-3.4339655030635186e-07,2.545485663748916,2.5454862746003801,-6.1085146407791058e-07
590,0.014999999999999999,302.42847931550489,302.42847975196241,-4.3645752612064825e-07,2.5355841851552317,2.5355849058956514,-7.2074041979064418e-07
590,0.016,302.56588261741695,302.56588314844896,-5.3103201480553253e-07,2.5100300531192614,2.5100302634274105,-2.1030814911782159e-07
590,0.017000000000000001,302.71754748785685,302.71754811085231,-6.2299545788846444e-07,2.4532835052569064,2.453282244812065,1.2604448413888747e-06
590,0.018000000000000002,302.88438957976848,302.88439028855294,-7.0878445512789767e-07,2.3444476685688724,2.3444443880344332,3.2805344392095037e-06
590,0.019,303.06732820350538,303.0673289895945,-7.8608911735500442e-07,2.1632521162919884,2.1632476148271835,4.501464804906874e-06
590,0.02,303.26727614112093,303.26727700761398,-8.66493053308659e-07,1.8996321783192669,1.8996286382017331,3.5401175337845814e-06
600,0,301.60332997925639,301.60332973155795,2.4769843776084599e-07,2.5499999999999989,2.5500000002384584,-2.3845947438871917e-10
600,0.001,301.60657424775883,301.60657400069374,2.4706508838789887e-07,2.5499999999999972,2.5500000000210497,-2.1052493082152068e-11
600,0.002,301.61633899497156,301.61633875724976,2.3772179247316672e-07,2.5499999999999412,2.5500000000143577,-1.4416468019362583e-11
600,0.0030000000000000001,301.63271995578884,301.63271973357769,2.2221115614229348e-07,2.5499999999990011,2.5500000000104315,-1.1430412172330762e-11
600,0.0040000000000000001,301.65587640965873,301.65587620889653,2.0076220152986934e-07,2.5499999999844287,2.5499999999941729,-9.7442054425300739e-12
600,0.0050000000000000001,301.68603083459584,301.68603066099803,1.7359781168124755e-07,2.5499999997863854,2.549999999796114,-9.7286623201853217e-12
600,0.0060000000000000001,301.72346854800276,301.7234684071243,1.4087845556787215e-07,2.5499999974534004,2.5499999974730083,-1.9607870882509815e-11
600,0.0070000000000000001,301.76853741488804,301.76853731226367,1.026243694468576e-07,2.5499999737710199,2.549999973870408,-9.9388053342863714e-11
600,0.0080000000000000002,301.82164766382624,301.82164760518231,5.8643934153224109e-08,2.5499997673043828,2.549999767904616,-6.0023319647939388e-10
600,0.0090000000000000011,301.88327176854477,301.88327176003253,8.5122451309871394e-09,2.5499982243242649,2.5499982275101019,-3.1858369275994392e-09
600,0.01,301.95394423180721,301.95394428016186,-4.8354650061810389e-08,2.5499883497922062,2.5499883639054342,-1.4113227919665405e-08
600,0.010999999999999999,302.03426096610883,302.03426107861577,-1.1250693887632224e-07,2.5499342562082914,2.5499343075931153,-5.1384823951394765e-08
600,0.012,302.12487783745684,302.12487802163093,-1.8417409819448949e-07,2.5496805765933326,2.5496807280842595,-1.5149092691402188e-07
600,0.013000000000000001,302.2265078730548,302.22650813600751,-2.6295271027265699e-07,2.5486616067829853,2.5486619598375673,-3.5305458201406736e-07
600,0.014,302.33991668257147,302.3399170301555,-3.47584034443571e-07,2.5451525733464653,2.5451531925755906,-6.192291253093174e-07
600,0.014999999999999999,302.46591584099173,302.46591627692021,-4.3592848442131071e-07,2.5347775488950424,2.5347782600802891,-7.1118524669344652e-07
600,0.016,302.60535432579223,302.6053548509874,-5.2519516202664818e-07,2.5083873147401281,2.5083874937216053,-1.7898147719463964e-07
600,0.017000000000000001,302.75910853648043,302.75910914884878,-6.1236835335876094e-07,2.450478603563115,2.450477313796279,1.2897668359990178e-06
600,0.018000000000000002,302.9280718440491,302.92807253875532,-6.9470621610889793e-07,2.3404526000334336,2.3404493317431747,3.2682902588732077e-06
600,0.019,303.11314489085839,303.11314566063436,-7.6977596563665429e-07,2.1585500027247395,2.1585455643750495,4.4383496899946806e-06
600,0.02,303.31522878293998,303.31522872145183,6.1488151459343499e-08,1.8951489373961661,1.895145464900674,3.4724954920406503e-06
610,0,301.62546705951803,301.62546681722819,2.4228984329965897e-07,2.5499999999999989,2.5500000001729961,-1.7299717214314114e-10
610,0.001,301.62878307669723,301.62878283386436,2.4283286848003627e-07,2.549999999999994,2.5500000000152658,-1.5271783837533803e-11
610,0.002,301.63876292147137,301.63876268772231,2.337490627724037e-07,2.549999999999907,2.5500000000103635,-1.0456524535129574e-11
610,0.0030000000000000001,301.65550191735184,301.65550169877929,2.1857255205759429e-07,2.5499999999984762,2.5500000000067748,-8.2986950644681201e-12
610,0.0040000000000000001,301.67915876176949,301.67915856431222,1.9745726831388311e-07,2.5499999999772984,2.5499999999844514,-7.1529449030549586e-12
610,0.0050000000000000001,301.70995530142847,301.70995513091844,1.705100203253096e-07,2.5499999997016811,2.549999999709549,-7.8679285309135594e-12
610,0.0060000000000000001,301.74817627617188,301.74817613840833,1.3776354990113759e-07,2.5499999965838787,2.5499999966047837,-2.0905055464481848e-11
610,0.0070000000000000001,301.79416905059759,301.79416895146039,9.913719623000361e-08,2.5499999661107822,2.5499999662295405,-1.1875833649810374e-10
610,0.0080000000000000002,301.84834330796929,301.84834325354763,5.442166184366215e-08,2.5499997096258857,2.549999710335511,-7.0962524745254996e-10
610,0.0090000000000000011,301.91117061041967,301.91117060710798,3.3116975828306749e-09,2.5499978541405461,2.5499978577996933,-3.6591472074576359e-09
610,0.01,301.98318364254141,301.98318369703662,-5.4495217227668036e-08,2.5499863286027429,2.5499863443469808,-1.5744237913395409e-08
610,0.010999999999999999,302.06497487129701,302.06497499041296,-1.191159526570118e-07,2.5499248821627947,2.5499249379543327,-5.579153805612691e-08
610,0.012,302.15719430164603,302.15719449178283,-1.9013680230273167e-07,2.5496436939322247,2.5496438543798514,-1.6044762674027879e-07
610,0.013000000000000001,302.26054602165829,302.26054628771328,-2.6605499670040444e-07,2.5485386442938287,2.5485390097403613,-3.654465325908518e-07
610,0.014,302.37578339379581,302.37578373880496,-3.4500914125601412e-07,2.544805651926147,2.5448062788043244,-6.2687817736772899e-07
610,0.014999999999999999,302.50370339074158,302.50370382082457,-4.3008299144275952e-07,2.5339504722630668,2.5339511732192195,-7.0095615267717903e-07
610,0.016,302.64514286432626,302.64514338878382,-5.2445756182351033e-07,2.5067245158926186,2.5067246639315517,-1.4803893311210459e-07
610,0.017000000000000001,302.8009856839833,302.80098628613143,-6.021481340212631e-07,2.4476680342115031,2.4476667165338917,1.3176776114676159e-06
610,0.018000000000000002,302.97219945735731,302.97220010966049,-6.5230318568865187e-07,2.3364787764504378,2.3364755211036439,3.2553467939067104e-06
610,0.019,303.15992254533927,303.15992329345193,-7.4811265449170605e-07,2.1538941401990703,2.1538897636417649,4.3765573054521667e-06
610,0.02,303.36559376565015,303.36559470172756,-9.3607741291634738e-07,1.890716357946256,1.890712949013841,3.4089324150166078e-06
620,0,301.64808782134503,301.64808758296203,2.3838299512135563e-07,2.549999999999998,2.5500000001729948,-1.7299672805393129e-10
620,0.001,301.65147531299345,301.6514750740177,2.3897575829323614e-07,2.5499999999999905,2.5500000000152636,-1.5273116105163353e-11
620,0.002,301.66166948466901,301.66166925464478,2.3002422722129268e-07,2.5499999999998528,2.5500000000103129,-1.0460077248808375e-11
620,0.0030000000000000001,301.67876538629662,301.67876517128201,2.150146087842586e-07,2.5499999999977057,2.5500000000060115,-8.3058004918257211e-12
620,0.0040000000000000001,301.70292130390141,301.70292110987276,1.9402864381845575e-07,2.5499999999672927,2.5499999999745087,-7.2160055708536675e-12
620,0.0050000000000000001,301.73435857306845,301.7343584059775,1.6709094552425086e-07,2.549999999587707,2.5499999995961367,-8.4297013813738886e-12
620,0.0060000000000000001,301.77336132299041,301.77336118882181,1.3416860156212351e-07,2.5499999954591095,2.5499999954841295,-2.5019986082952528e-11
620,0.0070000000000000001,301.82027612813931,301.8202760329624,9.5176915237971116e-08,2.5499999565590898,2.5499999567029503,-1.4386047908487853e-10
620,0.0080000000000000002,301.87551150513747,301.87551145510582,5.0031644605041947e-08,2.5499996401109124,2.5499996409474064,-8.3649398519014539e-10
620,0.0090000000000000011,301.93953714195339,301.93953714320685,-1.2534542292996775e-09,2.5499974217467996,2.5499974259308433,-4.1840437781104356e-09
620,0.01,302.01288270092749,302.01288275953357,-5.8606076436262811e-08,2.549984034365949,2.5499840518604859,-1.7494536930229287e-08
620,0.010999999999999999,302.09613603373657,302.09613615618156,-1.2244498748259502e-07,2.549914514071761,2.5499145744554461,-6.0383685163145628e-08
620,0.012,302.18994077073592,302.1899409650257,-1.942897824847023e-07,2.5496038368435117,2.5496040063619896,-1.6951847792157082e-07
620,0.013000000000000001,302.2949936723461,302.29499394713457,-2.7478847641759785e-07,2.5484084662185702,2.5484088438125605,-3.775939902972425e-07
620,0.014,302.41204311935292,302.41204347766961,-3.5831669720209902e-07,2.5444448679587213,2.5444455017731804,-6.3381445913890389e-07
620,0.014999999999999999,302.54189186231702,302.5418922937281,-4.3141108108102344e-07,2.5331032838566356,2.5331039739639052,-6.901072695519872e-07
620,0.016,302.68540926600866,302.68540975146118,-4.8545251729592565e-07,2.5050423956334598,2.5050425131425964,-1.1750913664343443e-07
620,0.017000000000000001,302.84355915649593,302.84355970069851,-5.4420257811216288e-07,2.4448525216801782,2.4448511774520516,1.3442281265874101e-06
620,0.018000000000000002,303.01744635010436,303.01744700633793,-6.5623356704236357e-07,2.3325261955386911,2.3325229537770786,3.2417616124824633e-06
620,0.019,303.20837625625501,303.20837708276508,-8.2651007460299297e-07,2.1492835372226082,2.1492792211957661,4.3160268421438275e-06
620,0.02,303.417910215414,303.41791124116355,-1.025749554628419e-06,1.8863332478393953,1.8863299019990392,3.3458403561059669e-06
630,0,301.67119070931761,301.67119047466178,2.3465582899007131e-07,2.5499999999999976,2.5500000001729961,-1.7299850441077069e-10
630,0.001,301.6746494823617,301.67464924709316,2.3526854420197196e-07,2.5499999999999843,2.5500000000152574,-1.5273116105163353e-11
630,0.002,301.68505741997456,301.68505719360951,2.2636504581896588e-07,2.549999999999772,2.5500000000102307,-1.0458744981178825e-11
630,0.0030000000000000001,301.70250933882539,301.70250912742381,2.1140158423804678e-07,2.5499999999965883,2.5500000000049026,-8.3142381868128723e-12
630,0.0040000000000000001,301.72716313506959,301.72716294464357,1.9042602161789546e-07,2.5499999999534033,2.5499999999607099,-7.3065997696630802e-12
630,0.0050000000000000001,301.75923957635257,301.75923941290279,1.6344978348570294e-07,2.5499999994358191,2.5499999994449651,-9.1460172768620396e-12
630,0.0060000000000000001,301.79902198188688,301.79902185141964,1.30467242343002e-07,2.5499999940162996,2.5499999940463325,-3.0032865083740035e-11
630,0.0070000000000000001,301.84685574808753,301.84685565665711,9.143042234427412e-08,2.5499999447344237,2.5499999449077757,-1.7335199942181134e-10
630,0.0080000000000000002,301.90314765691647,301.90314761075246,4.616401838575257e-08,2.5499995568418443,2.5499995578224355,-9.8059116382387401e-10
630,0.0090000000000000011,301.96836490170045,301.96836490742879,-5.7283386922790669e-09,2.5499969192704222,2.5499969240321132,-4.7616910414660651e-09
630,0.01,302.04303381885654,302.04303388356846,-6.4711912273196504e-08,2.5499814411449555,2.5499814605096343,-1.9364678749411723e-08
630,0.010999999999999999,302.12773848721645,302.12773861781579,-1.3059934644843452e-07,2.5499030853105653,2.5499031504653398,-6.515477446455975e-08
630,0.012,302.22311973000228,302.22311993136964,-2.0136735656706151e-07,2.5495608793815681,2.5495610580662755,-1.7868470747472998e-07
630,0.013000000000000001,302.32987567968621,302.32987595246664,-2.7278042580292094e-07,2.548270923884469,2.5482713133626969,-3.8947822789126008e-07
630,0.014,302.44876586671433,302.44876620758964,-3.4087531730619958e-07,2.5440702032211155,2.5440708432714607,-6.4005034516867454e-07
630,0.014999999999999999,302.58062144014599,302.58062184663072,-4.0648473031978938e-07,2.5322363172480871,2.5322369959342668,-6.7868617970034961e-07
630,0.016,302.72636399255208,302.72636447078878,-4.7823670001889695e-07,2.5033416723609898,2.5033417597758252,-8.7414835370225319e-08
630,0.017000000000000001,302.88703383849975,302.8870344094683,-5.7096855243798927e-07,2.4420327516765363,2.442031382207734,1.3694688023591084e-06
630,0.018000000000000002,303.06382524227536,303.06382593721935,-6.9494399212999269e-07,2.3285948379243147,2.3285916103335746,3.2275907400070025e-06
630,0.019,303.25812178004543,303.25812262540308,-8.4535764699467109e-07,2.144717218967318,2.144712962229153,4.2567381650648883e-06
630,0.02,303.47152170136661,303.47152272951581,-1.028149199555628e-06,1.8819985337817828,1.8819952494329675,3.2843488153577738e-06
640,0,301.69477449458009,301.69477426358822,2.3099187274056021e-07,2.5499999999999954,2.5500000001729903,-1.7299495169709189e-10
640,0.001,301.69830436990475,301.69830413829499,2.3160976070357719e-07,2.549999999999975,2.5500000000152485,-1.5273560194373204e-11
640,0.002,301.70892552980825,301.70892530708915,2.2271910893323366e-07,2.5499999999996494,2.55000000001011,-1.0460521338018225e-11
640,0.0030000000000000001,301.72673252978962,301.72673232202226,2.0776735709659988e-07,2.5499999999949874,2.5500000000033145,-8.3271167738985241e-12
640,0.0040000000000000001,301.75188280299938,301.75188261621412,1.8678525748327957e-07,2.5499999999343239,2.5499999999417411,-7.4171779829157458e-12
640,0.0050000000000000001,301.78459640365946,301.78459624391758,1.5974188727341243e-07,2.5499999992352538,2.549999999245296,-1.0042189302339466e-11
640,0.0060000000000000001,301.82515561414237,301.82515548760074,1.265416358364746e-07,2.5499999921802265,2.5499999922163195,-3.6092906441353989e-11
640,0.0070000000000000001,301.87390439115524,301.87390430413745,8.7017781424947316e-08,2.5499999301960341,2.5499999304038257,-2.0779156173489355e-10
640,0.0080000000000000002,301.9312476477088,301.93124760670804,4.1000760120368795e-08,2.5499994576773339,2.5499994588207553,-1.1434213575967078e-09
640,0.0090000000000000011,301.99765043531789,301.9976504467827,-1.1464805993455229e-08,2.5499963381957347,2.5499963435904953,-5.3947606382109825e-09
640,0.01,302.0736372369837,302.07363730674933,-6.9765633270435501e-08,2.5499785217143067,2.5499785430706079,-2.1356301171948644e-08
640,0.010999999999999999,302.15979183272128,302.15979196517219,-1.3245090713098762e-07,2.5498905279456578,2.5498905980448412,-7.0099183346883365e-08
640,0.012,302.25675855091487,302.2567587483897,-1.9747483293031109e-07,2.5495146969676621,2.549514884896888,-1.8792922595878281e-07
640,0.013000000000000001,302.36524609673251,302.36524636006374,-2.6333123059885111e-07,2.5481258764103782,2.5481262774941498,-4.0108377152847652e-07
640,0.014,302.48603538098638,302.48603571174374,-3.3075735927923233e-07,2.5436816520888961,2.5436822976899065,-6.4560101042943074e-07
640,0.014999999999999999,302.61999260148053,302.61999300509615,-4.0361561559620895e-07,2.5313499099706527,2.5313505767102744,-6.6673962173524615e-07
640,0.016,302.76808800074059,302.76808848891392,-4.8817332753969822e-07,2.5016230440676193,2.5016231018438986,-5.7776279316357204e-08
640,0.017000000000000001,302.93141916108635,302.93141975186836,-5.9078200820295024e-07,2.4392093732560336,2.4392079798078026,1.3934482310240526e-06
640,0.018000000000000002,303.11123566278957,303.11123637717628,-7.1438671511714347e-07,2.3246846685101481,2.3246814556262447,3.2128839033696011e-06
640,0.019,303.30896007089126,303.30896092819597,-8.5730471255374141e-07,2.1401942400498748,2.1401900413635646,4.1986863101861616e-06
640,0.02,303.52619939382845,303.52620042709111,-1.0332626629860897e-06,1.8777110745977692,1.8777078501202207,3.224477548524618e-06
650,0,301.71883789255997,301.71883766522586,2.2733411242370494e-07,2.5499999999999914,2.5500000001729881,-1.7299672805393129e-10
650,0.001,301.72243866221618,301.72243843427373,2.279424506923533e-07,2.5499999999999603,2.5500000000152347,-1.5274448372792904e-11
650,0.002,301.73327240286517,301.73327218385003,2.1901513491684454e-07,2.5499999999994696,2.550000000009931,-1.0461409516437925e-11
650,0.0030000000000000001,301.75143335481465,301.75143315083841,2.0397624211909715e-07,2.549999999992719,2.550000000001063,-8.3439921638728265e-12
650,0.0040000000000000001,301.77707840011055,301.77707821728728,1.8282327118868125e-07,2.5499999999083749,2.5499999999159386,-7.5637274221662665e-12
650,0.0050000000000000001,301.81042677834802,301.8104266228425,1.5550551779597299e-07,2.5499999989727167,2.5499999989838771,-1.1160405932741924e-11
650,0.0060000000000000001,301.85175968697752,301.85175956500052,1.2197699561511399e-07,2.5499999898614036,2.5499999899047761,-4.3372416769216215e-11
650,0.0070000000000000001,301.90141979436908,301.90141971210033,8.2268741152802249e-08,2.5499999124377171,2.5499999126854886,-2.4777158103006514e-10
650,0.0080000000000000002,301.95981075340706,301.95981071680859,3.6598464703274658e-08,2.5499993402377479,2.5499993415642845,-1.3265366582970728e-09
650,0.0090000000000000011,302.02739691009799,302.0273969246187,-1.4520708191412268e-08,2.5499956693473709,2.5499956754332129,-6.0858420525278234e-09
650,0.01,302.10470356255797,302.10470363282963,-7.0271653385134414e-08,2.5499752475837432,2.5499752710544228,-2.3470679622050739e-08
650,0.010999999999999999,302.1923183279365,302.19231845766279,-1.2972628837815137e-07,2.5498767728734668,2.5498768480843061,-7.5210839334260982e-08
650,0.012,302.29089437110889,302.29089456340006,-1.9229116787755629e-07,2.5494651666143024,2.549465363849643,-1.9723534050442026e-07
650,0.013000000000000001,302.40115635026712,302.4011566085731,-2.5830598815446137e-07,2.5479731906791447,2.5479736030759748,-4.1239683001847993e-07
650,0.014,302.52390982056221,302.52391015000291,-3.2944069516815944e-07,2.5432792208459354,2.5432798713285556,-6.5048262021250025e-07
650,0.014999999999999999,302.6600543940707,302.66005480266762,-4.0859691807781928e-07,2.5304444025914119,2.5304450569035146,-6.5431210272137719e-07
650,0.016,302.8106001393723,302.81060063872962,-4.9935732704398106e-07,2.499887188633287,2.4998872172440363,-2.8610749325252982e-08
650,0.017000000000000001,302.97668560948642,302.97668621441477,-6.0492834563774522e-07,2.4363830008122962,2.436381584598859,1.4162134371886737e-06
650,0.018000000000000002,303.15959476746013,303.15959549449769,-7.2703755904512946e-07,2.320795637473263,2.320792439786405,3.1976868579697282e-06
650,0.019,303.36076931058324,303.36077017623103,-8.6564779167019879e-07,2.1357136921885558,2.1357095503510926,4.1418374632229416e-06
650,0.02,303.5818128484637,303.58181388543375,-1.0369700476076105e-06,1.8734697491618408,1.8734665829786643,3.1661831765283921e-06
660,0,301.74337937755638,301.74337915406596,2.2349041728375596e-07,2.5499999999999883,2.550000000172985,-1.7299672805393129e-10
660,0.001,301.74705079738885,301.74705057331681,2.2407203914553975e-07,2.549999999999939,2.550000000015213,-1.5274004283583054e-11
660,0.002,301.75809637576884,301.75809616070342,2.1506542680072016e-07,2.5499999999992049,2.5500000000096712,-1.0466294497746276e-11
660,0.0030000000000000001,301.77661001488786,301.77660981498502,1.9990284272353165e-07,2.5499999999895411,2.5499999999979082,-8.3670848027850298e-12
660,0.0040000000000000001,301.80274804088339,301.80274786226897,1.7861441392597044e-07,2.5499999998734162,2.5499999998811691,-7.7529094255623932e-12
660,0.0050000000000000001,301.8367289559439,301.83672880471198,1.5123191587917972e-07,2.5499999986319151,2.5499999986444557,-1.2540635196955918e-11
660,0.0060000000000000001,301.87883314331185,301.87883302545993,1.1785192555180402e-07,2.5499999869540781,2.5499999870061378,-5.205968989230314e-11
660,0.0070000000000000001,301.92940261312015,301.92940253443112,7.8689026850042865e-08,2.5499998908813204,2.5499998911752511,-2.9393065759109049e-10
660,0.0080000000000000002,301.98884095166511,301.98884091755872,3.4106392376997974e-08,2.5499992018907705,2.5499992034222894,-1.5315189116904548e-09
660,0.0090000000000000011,302.0576137405713,302.05761375597837,-1.5407067621708848e-08,2.5499949028758038,2.5499949097132362,-6.8374323980435747e-09
660,0.01,302.13624983453155,302.13624990387842,-6.9346867803687928e-08,2.5499715890265167,2.5499716147352274,-2.5708710715832694e-08
660,0.010999999999999999,302.22534399847069,302.22534412586788,-1.2739718613374862e-07,2.5498617499592831,2.549861830442528,-8.0483244957463285e-08
660,0.012,302.3255614586563,302.32556164835017,-1.8969387838296825e-07,2.5494121671323251,2.5494123737190746,-2.0658674948492717e-07
660,0.013000000000000001,302.43764485494722,302.43764511200288,-2.5705566031319904e-07,2.5478127412844298,2.5478131646896847,-4.2340525485684566e-07
660,0.014,302.56242383357289,302.56242416462686,-3.3105396823884803e-07,2.5428629270109857,2.5428635817233181,-6.5471233234859483e-07
660,0.014999999999999999,302.70082706253254,302.70082747638844,-4.1385590066056466e-07,2.5295201378641567,2.5295207793102907,-6.4144613398653405e-07
660,0.016,302.85389581604301,302.85389632389973,-5.0785672556230566e-07,2.4981347641555489,2.4981347640883063,6.7242655887866931e-11
660,0.017000000000000001,303.02279756945728,303.02279818461375,-6.1515646621046471e-07,2.4335542159417876,2.4335527781315647,1.4378102228818079e-06
660,0.018000000000000002,303.20883744974071,303.20883818676663,-7.3702591407709406e-07,2.3169276815017104,2.3169244994573819,3.1820443284757971e-06
660,0.019,303.41346510339491,303.41346597737441,-8.73979502102884e-07,2.131274701781583,2.1312706156291878,4.086152395110787e-06
660,0.02,303.63827362650619,303.63827578205257,-2.1555463831646193e-06,1.8692734691860731,1.8692703597177682,3.1094683048404903e-06
670,0,301.76839726620693,301.76839704508001,2.2112692477094242e-07,2.5499999999999803,2.5500000001916829,-1.9170265375123563e-10
670,0.001,301.77213909057116,301.7721388704116,2.2015956346876919e-07,2.5499999999999052,2.5500000000168308,-1.6925572055015436e-11
670,0.002,301.78339578314166,301.7833955720555,2.1108616010678816e-07,2.5499999999988248,2.550000000010427,-1.1602274696542736e-11
670,0.0030000000000000001,301.80226096259452,301.80226076668754,1.9590697775129229e-07,2.5499999999851322,2.5499999999944221,-9.2899021808534599e-12
670,0.0040000000000000001,301.82889053931092,301.82889036461643,1.7469449176132912e-07,2.549999999826746,2.5499999998354896,-8.7436724527378828e-12
670,0.0050000000000000001,301.86350257943019,301.86350243187434,1.4755585198145127e-07,2.5499999981930279,2.5499999982079258,-1.4897860722840051e-11
670,0.0060000000000000001,301.90637721785248,301.90637710318305,1.1466943306004396e-07,2.549999983334057,2.5499999833970057,-6.2948757317826676e-11
670,0.0070000000000000001,301.95785675120453,301.95785667490645,7.6298078965919558e-08,2.5499998648700068,2.5499998652174813,-3.4747449362271254e-10
670,0.0080000000000000002,302.01834611107967,302.01834607830881,3.2770856250863289e-08,2.5499990397372807,2.5499990414977494,-1.7604686597394448e-09
670,0.0090000000000000011,302.08831399579486,302.088314011374,-1.5579132650600513e-08,2.5499940282450666,2.5499940358974515,-7.6523849479315231e-09
670,0.01,302.16829500845762,302.16829507698839,-6.8530766839103308e-08,2.5499675151117884,2.5499675431831541,-2.8071365676396454e-08
670,0.010999999999999999,302.25889318259283,302.25889330874429,-1.2615146260941401e-07,2.5498453881752319,2.5498454740851866,-8.590995470569851e-08
670,0.012,302.36078723776546,302.36078742685692,-1.8909145182988141e-07,2.5493555793208764,2.5493557952888755,-2.1596799903988995e-07
670,0.013000000000000001,302.47473775203616,302.47473801095879,-2.5892262556226342e-07,2.5476444104550917,2.5476448445538113,-4.3409871963717706e-07
670,0.014,302.60159606491857,302.60159640172446,-3.3680589694995433e-07,2.5424327986837465,2.5424334569919713,-6.5830822482126905e-07
670,0.014999999999999999,302.74231368601909,302.74231410542717,-4.1940808159779408e-07,2.5285774599573161,2.5285780881397564,-6.2818244028761683e-07
670,0.016,302.8979476721928,302.8979481810423,-5.0884949587270967e-07,2.4963664093086395,2.4963663810635519,2.824508760213007e-08
670,0.017000000000000001,303.06964877782139,303.06964940300765,-6.2518626009477885e-07,2.4307235691814473,2.4307221108993944,1.4582820528907803e-06
670,0.018000000000000002,303.25860537277447,303.25860612388675,-7.5111228170499089e-07,2.3130807253065901,2.3130775593080508,3.1659985393339696e-06
670,0.019,303.46591343946938,303.4659142640171,-8.2454772609708016e-07,2.126876426583562,2.1268723949894941,4.0315940679214179e-06
670,0.02,303.69238323298867,303.69238407840805,-8.4541937894755392e-07,1.865121358615828,1.8651183049862565,3.0536295714256312e-06
680,0,301.79389005146606,301.79388983439753,2.1706853203795617e-07,2.5499999999999705,2.5500000001916709,-1.9170043330518638e-10
680,0.001,301.79770209529886,301.79770187918143,2.1611742795357713e-07,2.5499999999998559,2.5500000000167815,-1.6925572055015436e-11
680,0.002,301.80916938981511,301.80916918271151,2.0710359649456223e-07,2.5499999999982799,2.5500000000098844,-1.1604495142591986e-11
680,0.0030000000000000001,301.82838541273804,301.82838522067902,1.9205901935492875e-07,2.5499999999790757,2.5499999999884038,-9.3280938529005653e-12
680,0.0040000000000000001,301.85550594020282,301.85550576910242,1.7110039607359795e-07,2.5499999997649789,2.549999999774021,-9.0421004017571249e-12
680,0.0050000000000000001,301.89074908107676,301.89074893669618,1.4438057860388653e-07,2.5499999976321113,2.5499999976490733,-1.6961987370223142e-11
680,0.0060000000000000001,301.93439546115496,301.93439534905502,1.1209993999727885e-07,2.549999978856369,2.5499999789314662,-7.5097261742484989e-11
680,0.0070000000000000001,301.98678870699524,301.98678863251507,7.4480169587332057e-08,2.549999833661309,2.5499998340693573,-4.0804826184626108e-10
680,0.0080000000000000002,302.04833643227943,302.04833640059252,3.1686909096606541e-08,2.5499988505975861,2.5499988526116106,-2.014024502727807e-09
680,0.0090000000000000011,302.11951197381404,302.11951199008405,-1.6270007563434774e-08,2.5499930342227155,2.5499930427547577,-8.5320421838730454e-09
680,0.01,302.20085713536122,302.20085720481461,-6.9453392370633082e-08,2.5499629937408881,2.5499630242988327,-3.0557944619147293e-08
680,0.010999999999999999,302.29298612371883,302.29298625115428,-1.2743544175464194e-07,2.5498276157367443,2.5498277072197313,-9.1482986963598023e-08
680,0.012,302.3965905875375,302.3965907764541,-1.8891660147346556e-07,2.5492952861406595,2.5492955115037521,-2.2536309263188059e-07
680,0.013000000000000001,302.5124449610413,302.51244521497716,-2.5393586611244245e-07,2.547468087959142,2.5474685324266568,-4.4446751479298996e-07
680,0.014,302.64140981198278,302.64141014077853,-3.2879574973776471e-07,2.5419888739105496,2.5419895351987307,-6.6128818110300358e-07
680,0.014999999999999999,302.78442834227536,302.78442876817593,-4.2590056636981899e-07,2.5276167137510632,2.5276173283096712,-6.145586080030796e-07
680,0.016,302.94250815138815,302.94250869676227,-5.4537412097488414e-07,2.4945827437267565,2.4945826878126045,5.5914151975144932e-08
680,0.017000000000000001,303.11667911085897,303.11667976711334,-6.5625437173366663e-07,2.4278915816408966,2.427890103967826,1.4776730705712282e-06
680,0.018000000000000002,303.30792253319885,303.30792325767652,-7.2447767252015183e-07,2.3092546831134544,2.3092515335228341,3.1495906203105051e-06
680,0.019,303.51707918025727,303.51707992613666,-7.4587939025150263e-07,2.1225180545328208,2.1225140763988026,3.9781340182010183e-06
680,0.02,303.74476009166284,303.74476084459252,-7.5292967949280865e-07,1.8610123675532191,1.8610093679559434,2.9995972756768907e-06
690,0,301.81985683694387,301.81985662375098,2.1319289089660742e-07,2.5499999999999523,2.5500000001916554,-1.9170309784044548e-10
690,0.001,301.82373903798054,301.82373882570079,2.122797582160274e-07,2.5499999999997818,2.5500000000167096,-1.6927792501064687e-11
690,0.002,301.83541681432018,301.83541661093494,2.0338524109320133e-07,2.5499999999975089,2.5500000000091201,-1.1611156480739737e-11
690,0.0030000000000000001,301.85498371154904,301.85498352299533,1.8855371308745816e-07,2.5499999999708334,2.5499999999802134,-9.3800522904530226e-12
690,0.0040000000000000001,301.88259574579052,301.88259557788336,1.679071601756732e-07,2.5499999996839029,2.5499999996933251,-9.4222407653887785e-12
690,0.0050000000000000001,301.91847163625073,301.9184714946793,1.4157143368720426e-07,2.5499999969204352,2.5499999969398988,-1.9463541889308544e-11
690,0.0060000000000000001,301.96289327575431,301.9628931660817,1.0967261232508463e-07,2.5499999733527501,2.5499999734420862,-8.9336094077907546e-11
690,0.0070000000000000001,302.01620658010398,302.01620650774356,7.2360421654593665e-08,2.5499997964199816,2.5499997968969215,-4.769398209703013e-10
690,0.0080000000000000002,302.07882287696884,302.07882284705749,2.9911348065070342e-08,2.5499986309980449,2.5499986332923692,-2.2943242861117596e-09
690,0.0090000000000000011,302.15122096904821,302.15122098618247,-1.7134254903794499e-08,2.5499919088719625,2.5499919183509765,-9.4790140181544302e-09
690,0.01,302.23394988021096,302.23394994833296,-6.8122005814075237e-08,2.5499579916868869,2.5499580248556137,-3.3168726876198207e-08
690,0.010999999999999999,302.32763197977232,302.32763210295809,-1.2318577091718907e-07,2.5498083602368076,2.5498084574321469,-9.7195339332500907e-08
690,0.012,302.43296557089798,302.4329657556699,-1.8477192043064861e-07,2.5492311728712522,2.549231407628922,-2.3475766974812018e-07
690,0.013000000000000001,302.55072505958896,302.55072531760106,-2.58012107678951e-07,2.5472836709910598,2.5472841254952372,-4.5450417740511284e-07
690,0.014,302.68175560813887,302.68175595559791,-3.4745903576549608e-07,2.5415312000724555,2.5415318637436966,-6.6367124107458153e-07
690,0.014999999999999999,302.82695819830599,302.82695864886398,-4.5055799091642257e-07,2.5266382441988053,2.5266388448100554,-6.0061125006782845e-07
690,0.016,302.98726117785952,302.98726173054393,-5.5268441201405949e-07,2.4927843684025475,2.4927842853364943,8.3066053147007324e-08
690,0.017000000000000001,303.16357663725586,303.16357727073881,-6.334829549814458e-07,2.4250587465463305,2.4250572505224737,1.4960238567951478e-06
690,0.018000000000000002,303.35674473469794,303.35674541721988,-6.8252194296292146e-07,2.3054494599887541,2.3054463271317527,3.1328570013755552e-06
690,0.019,303.56747523777881,303.56747594140353,-7.0362472115448327e-07,2.1181988048064082,2.1181948790722189,3.9257341892806608e-06
690,0.02,303.79630032015774,303.79630103911609,-7.1895834707902395e-07,1.8569454628836093,1.8569425159087933,2.9469748159538511e-06
700,0,301.84629770165151,301.8462974920634,2.0958810864613042e-07,2.5499999999999279,2.5500000001916283,-1.9170043330518638e-10
700,0.001,301.85025016243435,301.85024995371572,2.087186317112355e-07,2.5499999999996743,2.5500000000166034,-1.6929124768694237e-11
700,0.002,301.86213880680873,301.86213860685626,1.9995246702819713e-07,2.5499999999964316,2.5500000000080503,-1.1618705997307188e-11
700,0.0030000000000000001,301.88205748597397,301.88205730064919,1.8532477952248883e-07,2.5499999999597174,2.5499999999691596,-9.4422247798320313e-12
700,0.0040000000000000001,301.91016285471136,301.91016268975909,1.6495226873303181e-07,2.5499999995783296,2.5499999995882181,-9.8885344357313443e-12
700,0.0050000000000000001,301.94667478984496,301.94667465085831,1.389866497447656e-07,2.5499999960237445,2.5499999960462176,-2.2473134464462419e-11
700,0.0060000000000000001,301.9918770935837,301.99187698593124,1.0765245406219037e-07,2.5499999666289721,2.5499999667349051,-1.0593304011763394e-10
700,0.0070000000000000001,302.04611856592214,302.04611849466744,7.1254703470913228e-08,2.5499997522107098,2.5499997527656353,-5.5492543893365109e-10
700,0.0080000000000000002,302.10981448737743,302.10981445728703,3.0090404834481888e-08,2.5499983771582198,2.5499983797612304,-2.6030106958785382e-09
700,0.0090000000000000011,302.18344842810205,302.18344844392499,-1.5822934074094519e-08,2.5499906395461065,2.549990650041408,-1.0495301516755262e-08
700,0.01,302.26757404728983,302.26757411447625,-6.7186419983045198e-08,2.5499524746373776,2.549952510540578,-3.5903200412690239e-08
700,0.010999999999999999,302.36281613261821,302.36281625834624,-1.2572803598231985e-07,2.5497875487775672,2.5497876518169722,-1.0303940500833164e-07
700,0.012,302.46986956487558,302.46986975868174,-1.9380615867703455e-07,2.5491631272524895,2.5491633713900952,-2.4413760568720022e-07
700,0.013000000000000001,302.58949428881152,302.58949456166357,-2.7285204851068556e-07,2.54709106404299,2.5470915282452138,-4.6420222377108189e-07
700,0.014,302.72250397870198,302.72250433986994,-3.6116796309215715e-07,2.5410598332942014,2.5410604987705758,-6.6547637445069086e-07
700,0.014999999999999999,302.86974627862122,302.86974673111445,-4.5249322511153878e-07,2.5256423957482759,2.5256429821228745,-5.8637459865451547e-07
700,0.016,303.03207363615485,303.0320741730946,-5.369397513277363e-07,2.4909718661005313,2.4909717564058154,1.096947159773265e-07
700,0.017000000000000001,303.21030595395757,303.21030655913182,-6.0517425026773708e-07,2.4222255307157909,2.422224017341605,1.5133741859685301e-06
700,0.018000000000000002,303.40518919514557,303.40518984768084,-6.5253527736786054e-07,2.3016649530494799,2.3016618372175408,3.1158319391266787e-06
700,0.019,303.61735677500553,303.61735745473118,-6.7972564465890173e-07,2.1139179221487212,2.1139140477923384,3.87435638282696e-06
700,0.02,303.84730184649067,303.84730254755976,-7.010690978859202e-07,1.8529196796335274,1.8529167839424912,2.8956910362865074e-06
710,0,301.87321389299569,301.87321368671547,2.0628021957236342e-07,2.5499999999998897,2.5500000001915906,-1.9170087739439623e-10
710,0.001,301.87723689208502,301.87723668662784,2.0545718371067778e-07,2.5499999999995215,2.5500000000164529,-1.6931345214743487e-11
710,0.002,301.88933731423072,301.88933711739435,1.968363676496665e-07,2.5499999999949372,2.5500000000065675,-1.163025231676329e-11
710,0.0030000000000000001,301.90960953026081,301.90960934778838,1.8247243360747234e-07,2.5499999999448542,2.5499999999543794,-9.5252694620739931e-12
710,0.0040000000000000001,301.93821115674399,301.93821099422729,1.6251669876510277e-07,2.5499999994418903,2.5499999994523672,-1.0476952638782677e-11
710,0.0050000000000000001,301.97536358706253,301.97536344991471,1.3714782198803732e-07,2.5499999949014485,2.5499999949275192,-2.6070701153457776e-11
710,0.0060000000000000001,302.02135277812545,302.02135267157894,1.0654650850483449e-07,2.5499999584619863,2.5499999585871702,-1.251838632754243e-10
710,0.0070000000000000001,302.07653027643192,302.07653020563441,7.0797511853015749e-08,2.5499996999906993,2.549999700633522,-6.4282268397164444e-10
710,0.0080000000000000002,302.14131436768952,302.14131433795944,2.9730074402323226e-08,2.5499980849785717,2.5499980879202941,-2.9417224212124893e-09
710,0.0090000000000000011,302.2161910548171,302.21619107206322,-1.7246122752112569e-08,2.5499892128851527,2.5499892244679221,-1.1582769410267701e-08
710,0.01,302.30171430080924,302.30171437196765,-7.1158410719363019e-08,2.5499464072399536,2.5499464460005083,-3.8760554765815414e-08
710,0.010999999999999999,302.39850463629426,302.39850476945793,-1.3316366676008329e-07,2.549765108098768,2.5497652171061596,-1.0900739155772499e-07
710,0.012,302.50724489750974,302.50724510133364,-2.0382390175655019e-07,2.5490910396109459,2.54909129310031,-2.5348936416591528e-07
710,0.013000000000000001,302.62867166023767,302.62867194239266,-2.8215498559802654e-07,2.5468901787631033,2.5468906523195147,-4.7355641141777483e-07
710,0.014,302.76356104560853,302.76356141055692,-3.6494839150691405e-07,2.5405748378757642,2.5405755045986003,-6.6672283605129223e-07
710,0.014999999999999999,302.91270816184101,302.91270860870412,-4.4686311184705119e-07,2.5246295118175297,2.5246300836986273,-5.7188109758854466e-07
710,0.016,303.07690057978641,303.07690110135229,-5.2156588026264217e-07,2.4891458017791863,2.4891456659834281,1.3579575819377965e-07
710,0.017000000000000001,303.25688779624778,303.25688837980255,-5.8355476539873052e-07,2.419392375966368,2.4193908462036111,1.5297627569132999e-06
710,0.018000000000000002,303.45335026058535,303.45335089015032,-6.2956496549304575e-07,2.2979010525694106,2.2978979540222286,3.0985471819455768e-06
710,0.019,303.66687269765839,303.66687335665245,-6.5899405399250099e-07,2.1096746729482327,2.1096708489772777,3.8239709549969803e-06
710,0.02,303.89792663013748,303.89792731365304,-6.8351556592460838e-07,1.8489340937434326,1.8489312480534899,2.8456899427986571e-06
720,0,301.90060777274709,301.90060756923691,2.0351018292785739e-07,2.5499999999998337,2.5500000001915342,-1.9170043330518638e-10
720,0.001,301.90470173146952,301.90470152870995,2.0275956558180042e-07,2.5499999999993017,2.5500000000162335,-1.6931789303953337e-11
720,0.002,301.91701524145105,301.91701504709835,1.9435270814938121e-07,2.5499999999928828,2.5500000000045255,-1.1642686814639092e-11
720,0.0030000000000000001,301.93764331105649,301.93764313072478,1.8033171045317431e-07,2.5499999999251406,2.5499999999347707,-9.6300745155986078e-12
720,0.0040000000000000001,301.96674464195075,301.96674448115454,1.607962190064427e-07,2.5499999992668445,2.5499999992780293,-1.1184830839283677e-11
720,0.0050000000000000001,302.00454214613961,302.00454201033426,1.3580535096480162e-07,2.549999993505724,2.5499999935360718,-3.0347724333523729e-11
720,0.0060000000000000001,302.05132361286275,302.05132350753473,1.0532801297813421e-07,2.5499999485969362,2.5499999487443352,-1.4739898190896383e-10
720,0.0070000000000000001,302.10744240395434,302.10744233477897,6.917537120898487e-08,2.5499996386021602,2.5499996393436311,-7.4147088469089795e-10
720,0.0080000000000000002,302.1733179337615,302.17331790680271,2.6958787202602252e-08,2.5499977500287891,2.5499977533408842,-3.3120950426734908e-09
720,0.0090000000000000011,302.24943551572085,302.24943553759101,-2.1870164346182719e-08,2.5499876148146079,2.5499876275577411,-1.2743133215309399e-08
720,0.01,302.33634494830375,302.3363450261445,-7.7840752510383027e-08,2.5499397531500878,2.5499397948897462,-4.1739658396267032e-08
720,0.010999999999999999,302.4346570107744,302.43465715190649,-1.4113209090282908e-07,2.5497409647025644,2.5497410797939515,-1.1509138708731825e-07
720,0.012,302.54503691617441,302.54503712732458,-2.1115016579642543e-07,2.5490148029718624,2.5490150657718993,-2.6280003684320263e-07
720,0.013000000000000001,302.66819381834716,302.66819410451734,-2.8617017733267858e-07,2.5466809338026848,2.5466814163652964,-4.8256261164780767e-07
720,0.014,302.80486578131865,302.80486614453503,-3.6321637253422523e-07,2.540076285746661,2.5400769531765688,-6.6742990778578815e-07
720,0.014999999999999999,302.95580023979079,302.95580067809863,-4.3830783624798642e-07,2.523599934322093,2.5236004914834056,-5.571613126420516e-07
720,0.016,303.12173087067004,303.12173137774033,-5.0707029686236638e-07,2.4873067230201427,2.4873065616539267,1.6136621594498024e-07
720,0.017000000000000001,303.30335280817337,303.30335337370553,-5.6553216154497932e-07,2.4165597004562676,2.416558155229402,1.5452268655735679e-06
720,0.018000000000000002,303.5012990202618,303.50129963107463,-6.1081283320163493e-07,2.2941576428467223,2.2941545618153687,3.0810313536022704e-06
720,0.019,303.71612113281361,303.71612177437538,-6.4156176904361928e-07,2.105468344399362,2.1054645698478796,3.7745514824827353e-06
720,0.02,303.94827786969506,303.94827847549345,-6.0579839100682875e-07,1.8449878163488636,1.8449850194200581,2.796928805448573e-06
730,0,301.92848242393865,301.92848222354104,2.0039760784129612e-07,2.5499999999997529,2.5500000002148342,-2.1508128611458233e-10
730,0.001,301.93264782007884,301.93264761959239,2.0048645410497556e-07,2.5499999999989909,2.5500000000179894,-1.8998580486595529e-11
730,0.002,301.94517584856959,301.94517565635073,1.9221886304876534e-07,2.5499999999900878,2.5500000000031608,-1.3073098159566143e-11
730,0.0030000000000000001,301.96616212028994,301.96616194194547,1.7834446452980046e-07,2.5499999998992027,2.5499999999100837,-1.0881073819746234e-11
730,0.0040000000000000001,301.99576627291231,301.99576611402711,1.5888520010776119e-07,2.549999999043826,2.549999999056825,-1.2998935261521183e-11
730,0.0050000000000000001,302.0342123375388,302.03421220375242,1.3378638641370344e-07,2.5499999917805449,2.5499999918167702,-3.6225245025889308e-11
730,0.0060000000000000001,302.08178910331418,302.08178900041338,1.0290079899277771e-07,2.5499999367439927,2.5499999369176436,-1.7365087146004043e-10
730,0.0070000000000000001,302.13885028131506,302.13885021533696,6.5978099428321002e-08,2.5499995667647419,2.5499995676171676,-8.5242568559351639e-10
730,0.0080000000000000002,302.20581415320959,302.20581413051474,2.2694848667015322e-08,2.5499973675367786,2.5499973712531463,-3.7163676580576066e-09
730,0.0090000000000000011,302.28316225436583,302.28316228161026,-2.7244425382377813e-08,2.5499858305463974,2.5499858445249437,-1.3978546320458918e-08
730,0.01,302.37143651018431,302.37143659411163,-8.3927318428322906e-08,2.5499324750810768,2.5499325199207177,-4.4839640889193788e-08
730,0.010999999999999999,302.47123415974039,302.47123430671303,-1.4697263850393938e-07,2.5497150449744721,2.5497151662583253,-1.2128385318277424e-07
730,0.012,302.58319981589159,302.58320003103393,-2.1514233594643883e-07,2.54893431315748,2.5489345852151386,-2.720576586234813e-07
730,0.013000000000000001,302.70801418398639,302.70801446975992,-2.8577352395586786e-07,2.5464632546538808,2.5464637458718897,-4.9121800893558998e-07
730,0.014,302.84637936689313,302.84637972230092,-3.5540779208531603e-07,2.5395642559426772,2.5395649235599191,-6.6761724193398209e-07
730,0.014999999999999999,302.99900154959016,302.99900197540757,-4.2581740444802563e-07,2.5225540032485991,2.5225545454933807,-5.4224478152065103e-07
730,0.016,303.16657398788396,303.16657449179081,-5.0390684691592469e-07,2.4854551604623136,2.4854549740588516,1.864034619991628e-07
730,0.017000000000000001,303.34976814657722,303.34976871889234,-5.7231511618738296e-07,2.4137278999629448,2.4137263401613356,1.5598016092077671e-06
730,0.018000000000000002,303.54924822704692,303.54924883319694,-6.0615002439590171e-07,2.2904346028547971,2.2904315395449153,3.0633098817567372e-06
730,0.019,303.76572580342588,303.76572644810039,-6.4467451466043713e-07,2.10129824409514,2.1012945180218252,3.7260733147803649e-06
730,0.02,304.00005053366539,304.0000512784892,-7.4482380796325742e-07,1.8410802115238891,1.8410774627897462,2.7487341429655032e-06
740,0,301.95684094807024,301.95684074968523,1.9838500975311035e-07,2.5499999999996366,2.5500000002147196,-2.1508306247142173e-10
740,0.001,301.96107819746436,301.9610779989797,1.9848465626637335e-07,2.5499999999985561,2.5500000000175582,-1.9002133200274329e-11
740,0.002,301.97382193538823,301.97382174515519,1.9023303821086301e-07,2.5499999999863121,2.5499999999994123,-1.3100187601366997e-11
740,0.0030000000000000001,301.99516818079508,301.99516800446179,1.7633328752708621e-07,2.5499999998653289,2.5499999998763747,-1.1045830916600607e-11
740,0.0040000000000000001,302.02527710423431,302.02527694749455,1.5673975894969772e-07,2.5499999987615829,2.5499999987756379,-1.4054979402544632e-11
740,0.0050000000000000001,302.06437313830412,302.06437300697633,1.3132779486113577e-07,2.5499999896606282,2.5499999897028043,-4.2176040437880147e-11
740,0.0060000000000000001,302.11274492207832,302.11274482216857,9.9909755135740852e-08,2.5499999225750614,2.5499999227778885,-2.028270884579797e-10
740,0.0070000000000000001,302.17074484154989,302.17074477927673,6.2273159073811257e-08,2.5499994830679831,2.549999484043223,-9.7523988884518076e-10
740,0.0080000000000000002,302.23878783439545,302.23878781611813,1.8277319213666487e-08,2.5499969323784599,2.5499969365333568,-4.1548968710003464e-09
740,0.0090000000000000011,302.31734903850236,302.31734907049997,-3.1997615224099718e-08,2.5499838445819929,2.5499838598712059,-1.5289213006752789e-08
740,0.01,302.40695980764457,302.40695989584054,-8.8195974967675284e-08,2.5499245348558697,2.5499245829135329,-4.8057663182277111e-08
740,0.010999999999999999,302.50820164179368,302.5082017918561,-1.5006241937953746e-07,2.5496872752999891,2.5496874028756955,-1.2757570644339467e-07
740,0.012,302.62169776578673,302.6216979837539,-2.1796716964672669e-07,2.5488494688715098,2.5488497501213563,-2.8124984652322382e-07
740,0.013000000000000001,302.74810257712113,302.7481028686131,-2.9149197189326514e-07,2.5462370734782849,2.5462375729985025,-4.9952021763388643e-07
740,0.014,302.88809016024175,302.88809052574135,-3.654996021396073e-07,2.5390388341041192,2.5390395014079785,-6.6730385928082114e-07
740,0.014999999999999999,303.04234464648374,303.0423450759701,-4.2948636291839648e-07,2.5214920562726553,2.5214925834303288,-5.2715767351330101e-07
740,0.016,303.21155706620897,303.21155754191534,-4.7570637207172695e-07,2.4835916282427579,2.4835914173332432,2.109095147417861e-07
740,0.017000000000000001,303.39643424667162,303.3964347628019,-5.1613028517749626e-07,2.4108973490971244,2.4108957755723348,1.5735247895776183e-06
740,0.018000000000000002,303.59772324863565,303.59772383301976,-5.8438411087990971e-07,2.2867318067856144,2.2867287613770952,3.0454085191422564e-06
740,0.019,303.81624851828303,303.81624921065753,-6.9237449906722759e-07,2.0971637013380469,2.0971600228213649,3.6785166819264248e-06
740,0.02,304.05295018893736,304.05295100224708,-8.1330972534487955e-07,1.8372104106060738,1.8372077085051883,2.7021008854877238e-06
750,0,301.98568566306562,301.98568546667531,1.9639031734186574e-07,2.5499999999994705,2.5500000002145535,-2.1508306247142173e-10
750,0.001,301.98999500693401,301.98999481046832,1.9646569171527517e-07,2.5499999999979539,2.5500000000169583,-1.900435364632358e-11
750,0.002,302.0029550781781,302.00295489004719,1.8813091173797147e-07,2.5499999999812557,2.5499999999943843,-1.3128609310797401e-11
750,0.0030000000000000001,302.02466198788517,302.02466181382323,1.7406193819624605e-07,2.5499999998214156,2.5499999998326679,-1.1252332399180887e-11
750,0.0040000000000000001,302.05527586242806,302.05527570824023,1.541878305033606e-07,2.5499999984066748,2.5499999984219972,-1.532241000745671e-11
750,0.0050000000000000001,302.0950206394723,302.09502051108757,1.2838472684961744e-07,2.5499999870702816,2.5499999871194139,-4.9132253820971528e-11
750,0.0060000000000000001,302.14418354632579,302.144183449808,9.6517794645478716e-08,2.5499999057203273,2.5499999059563718,-2.3604451726555453e-10
750,0.0070000000000000001,302.20311401996628,302.20311396150299,5.8463285768084461e-08,2.549999385963702,2.5499993870752089,-1.1115068865308331e-09
750,0.0080000000000000002,302.27222176767322,302.27222175358321,1.4090005606703926e-08,2.5499964390682028,2.5499964436980735,-4.6298707090386415e-09
750,0.0090000000000000011,302.35197364058826,302.35197367734941,-3.676115056805429e-08,2.5499816407172609,2.549981657394226,-1.6676965142181643e-08
750,0.01,302.44288903996937,302.44288913409315,-9.4123777216736926e-08,2.549915893459993,2.5499159448523008,-5.1392307742759158e-08
750,0.010999999999999999,302.54553375651767,302.54553391385502,-1.5733735381218139e-07,2.5496575821768173,2.549657716136168,-1.3395935072324505e-07
750,0.012,302.66051252505332,302.66051274918999,-2.2413667011278449e-07,2.5487601717724573,2.5487604621383806,-2.9036592330555777e-07
750,0.013000000000000001,302.78846119955705,302.7884614898561,-2.9029905590505223e-07,2.5460023289318365,2.5460028364001399,-5.0746830337899951e-07
750,0.014,302.93004025159081,302.93004060320851,-3.516177002893528e-07,2.5385001119987547,2.538500778507859,-6.6650910435228639e-07
750,0.014999999999999999,303.08593200597591,303.08593241367345,-4.0769754150460358e-07,2.520414428415382,2.5204149403415212,-5.1192613925721275e-07
750,0.016,303.25684415802391,303.25684462155078,-4.6352687377293478e-07,2.4817166244328126,2.4817163895488292,2.3488398337434546e-07
750,0.017000000000000001,303.44352110442668,303.44352163180713,-5.2738045042133308e-07,2.4080684024379897,2.4080668160093563,1.5864286333489019e-06
750,0.018000000000000002,303.64676224708415,303.64676285272463,-6.0564047998923343e-07,2.2830491245578335,2.283046097208822,3.0273490114751667e-06
750,0.019,303.86744323997431,303.86744393545621,-6.9548190140267252e-07,2.0930640703892003,2.093060438535336,3.6318538643165255e-06
750,0.02,304.10653352121921,304.10653432249495,-8.0127574619837105e-07,1.8333775503374412,1.8333748937057912,2.6566316499998521e-06
760,0,302.01501743714977,302.01501724294695,1.9420281205384526e-07,2.5499999999992364,2.5500000002143213,-2.1508483882826113e-10
760,0.001,302.01939886303006,302.01939866879798,1.9423208641455858e-07,2.5499999999971261,2.5500000000161389,-1.9012791341310731e-11
760,0.002,302.03257510564259,302.03257491988501,1.8575758531369502e-07,2.5499999999745375,2.5499999999877074,-1.3169909607313457e-11
760,0.0030000000000000001,302.05464198768675,302.05464181623194,1.7145481479019509e-07,2.5499999997648772,2.5499999997763814,-1.1504130981165872e-11
760,0.0040000000000000001,302.08575893962785,302.08575878837513,1.5125272057048278e-07,2.5499999979631314,2.549999997979973,-1.6841639194353775e-11
760,0.0050000000000000001,302.12614847353916,302.12614834851769,1.2502147228588001e-07,2.5499999839221839,2.549999983979419,-5.723510554389577e-11
760,0.0060000000000000001,302.17609522261006,302.17609513000946,9.2600600964942714e-08,2.5499998857647062,2.549999886038409,-2.7370283817162999e-10
760,0.0070000000000000001,302.23594434331557,302.23594428948508,5.3830490287509747e-08,2.5499992737585031,2.5499992750206761,-1.2621730327566638e-09
760,0.0080000000000000002,302.30609906408125,302.30609905543588,8.6453724179591518e-09,2.5499958817502,2.5499958868930244,-5.1428243885709435e-09
760,0.0090000000000000011,302.38701720869807,302.38701725142153,-4.2723456772364443e-08,2.5499792020495216,2.5499792201924021,-1.8142880531257788e-08
760,0.01,302.47920665650821,302.47920675595361,-9.9445401247066911e-08,2.5499065110959873,2.5499065659373592,-5.4841371888159074e-08
760,0.010999999999999999,302.58321995109867,302.58322011096453,-1.5986586276994785e-07,2.5496258923224517,2.5496260327491487,-1.4042669693736798e-07
760,0.012,302.69964863452441,302.69964885618759,-2.2166318558447529e-07,2.5486663265339597,2.5486666259294415,-2.9939548173985031e-07
760,0.013000000000000001,302.82911830752727,302.82911859018361,-2.8265634455237887e-07,2.5457589659818223,2.5457594810437993,-5.1506197706885359e-07
760,0.014,302.97228576013987,302.97228610228797,-3.4214809829791193e-07,2.5379481870637663,2.537948852315751,-6.6525198461064861e-07
760,0.014999999999999999,303.12983957317505,303.12983997491079,-4.0173574689106317e-07,2.5193214517378149,2.519321948312093,-4.9657427814153721e-07
760,0.016,303.3025051466077,303.30250561123199,-4.6462429281746154e-07,2.4798306314815854,2.4798303731530011,2.5832858430163697e-07
760,0.017000000000000001,303.49105407625086,303.49105461027227,-5.3402141020342242e-07,2.4052413956071721,2.4052397970617485,1.598545423586728e-06
760,0.018000000000000002,303.69631634079934,303.69631695211905,-6.1131970596761676e-07,2.2793864223929092,2.2793834132402346,3.0091526745934516e-06
760,0.019,303.91919233070877,303.91919302572336,-6.9501459165621782e-07,2.0889987247350459,2.0889951386844179,3.586050628001658e-06
760,0.02,304.16066096748364,304.1606617638829,-7.9639926298114005e-07,1.8295808366711797,1.8295782244192995,2.6122518801408035e-06
770,0,302.04483528958974,302.04483509794602,1.9164372133673169e-07,2.5499999999989083,2.5500000002139966,-2.1508839154193993e-10
770,0.001,302.04928849619461,302.04928830458249,1.9161211639584508e-07,2.5499999999959981,2.5500000000150185,-1.9020340857878182e-11
770,0.002,302.06267987739943,302.06267969444588,1.8295355630471022e-07,2.5499999999656771,2.5499999999788932,-1.3216094885137863e-11
770,0.0030000000000000001,302.08510458442299,302.08510441608462,1.6833837435115129e-07,2.5499999996925724,2.549999999704387,-1.1814549338851066e-11
770,0.0040000000000000001,302.11672073107678,302.11672058338456,1.4769221934329835e-07,2.5499999974120953,2.5499999974307461,-1.865085863528293e-11
770,0.0050000000000000001,302.15774859135524,302.15774847045361,1.2090163181710523e-07,2.5499999801160644,2.549999980182692,-6.6627592332224594e-11
770,0.0060000000000000001,302.20846930176089,302.20846921387897,8.7881915078469319e-08,2.5499998622441429,2.5499998625603673,-3.1622438001477349e-10
770,0.0070000000000000001,302.26922293491447,302.26922288624786,4.8666606744518504e-08,2.5499991446063306,2.549999146034529,-1.4281984483943688e-09
770,0.0080000000000000002,302.34040583913708,302.34040583560511,3.531965830916306e-09,2.5499952541906215,2.5499952598858719,-5.6952504934315584e-09
770,0.0090000000000000011,302.42246722477569,302.42246727165019,-4.6874504278093809e-08,2.549976510986327,2.5499765306741984,-1.9687871333218254e-08
770,0.01,302.51590513254547,302.51590523403195,-1.0148647788810194e-07,2.5498963472385232,2.5498964056409341,-5.8402410907376634e-08
770,0.010999999999999999,302.62126213591063,302.62126229485165,-1.5894102034508251e-07,2.5495921327769562,2.5495922797466575,-1.4696970129790543e-07
770,0.012,302.7391213734283,302.73912159134181,-2.1791350945932209e-07,2.5485678408946466,2.5485681492233812,-3.0832873454400556e-07
770,0.013000000000000001,302.87010370706747,302.87010398467066,-2.7760319198932848e-07,2.545506935721344,2.5455074580230965,-5.2230175251466449e-07
770,0.014,303.0148668590262,303.01486719715945,-3.3813324762377306e-07,2.5373831619704834,2.5373838255217613,-6.635512779240571e-07
770,0.014999999999999999,303.17410719209806,303.17410759263504,-4.0053697603070759e-07,2.5182134550688815,2.5182139361936073,-4.8112472583738963e-07
770,0.016,303.34856431381411,303.34856478014757,-4.6633346073576831e-07,2.4779341166545348,2.4779338354085994,2.8124593542955267e-07
770,0.017000000000000001,303.53902794788331,303.53902848479225,-5.3690894219471375e-07,2.4024166462728096,2.4024150363665631,1.6099062465357861e-06
770,0.018000000000000002,303.74634569612749,303.74634630896901,-6.1284151797735831e-07,2.2757435634410723,2.2757405726016007,2.9908394716393616e-06
770,0.019,303.97142967271554,303.97143036645099,-6.9373544420159305e-07,2.0849670532137727,2.084963512129439,3.5410843337579934e-06
770,0.02,304.21525980245855,304.21526059523973,-7.9278117937064962e-07,1.825819511146296,1.8258169422300534,2.5689162426179024e-06
780,0,302.07513629978837,302.07513611131617,1.8847219962481176e-07,2.5499999999984522,2.5500000002135459,-2.1509372061245813e-10
780,0.001,302.07966070910584,302.07966052073942,1.883664140223118e-07,2.5499999999944722,2.5500000000135006,-1.9028334463655483e-11
780,0.002,302.09326538285262,302.09326520336128,1.7949133734873612e-07,2.5499999999540739,2.5499999999673539,-1.3280043731356272e-11
780,0.0030000000000000001,302.11604447828171,302.11604431374263,1.645390739213326e-07,2.5499999996006966,2.5499999996128895,-1.2192913345643319e-11
780,0.0040000000000000001,302.14815430443673,302.14815416094899,1.4348773902383982e-07,2.5499999967313944,2.5499999967521916,-2.0797141786488282e-11
780,0.0050000000000000001,302.18981233072276,302.18981221439759,1.1632516816462157e-07,2.5499999755373026,2.5499999756147638,-7.7461148606516872e-11
780,0.0060000000000000001,302.24129569503509,302.24129561190892,8.3126167282898678e-08,2.5499998346418233,2.5499998350058815,-3.6405811698614343e-10
780,0.0070000000000000001,302.30293915420805,302.30293911008232,4.4125727072241716e-08,2.5499989965011456,2.5499989981117008,-1.6105552447243099e-09
780,0.0080000000000000002,302.37513246875432,302.37513246897595,-2.2163249013829045e-10,2.5499945497706431,2.5499945560592465,-6.2886034157827453e-09
780,0.0090000000000000011,302.4583173060056,302.4583173552287,-4.9223103815165814e-08,2.5499735492560105,2.549973570568687,-2.1312676512508233e-08
780,0.01,302.55298387603284,302.55298397803716,-1.0200432143392391e-07,2.5498853606901459,2.549885422762912,-6.2072766038312466e-08
780,0.010999999999999999,302.65966766310129,302.65966782075395,-1.5765266425660229e-07,2.5495562310008566,2.5495563845812166,-1.5358035998502828e-07
780,0.012,302.77894674386374,302.77894695928342,-2.1541967498706072e-07,2.5484646256974854,2.5484649428539932,-3.1715650772312642e-07
780,0.013000000000000001,302.91144023957753,302.91144051450573,-2.7492819754115772e-07,2.5452461951807397,2.5452467243695986,-5.2918885895536505e-07
780,0.014,303.05780837897657,303.0578087152644,-3.3628782603045693e-07,2.5368051442097563,2.5368058056352805,-6.614255241288447e-07
780,0.014999999999999999,303.21875441532984,303.21875481536847,-4.0003862977755489e-07,2.5170907637648847,2.5170912293636318,-4.6559874711249449e-07
780,0.016,303.3950282520118,303.39502871896764,-4.669558393288753e-07,2.4760275324694252,2.4760272288299654,3.0363945979772211e-07
780,0.017000000000000001,303.58743114971907,303.58743168749743,-5.377783622861898e-07,2.3995944550975694,2.399592834556509,1.6205410604541726e-06
780,0.018000000000000002,303.79682043335572,303.79682104628455,-6.1292882946872851e-07,2.2721204082453466,2.2721174358180467,2.9724272998521428e-06
780,0.019,304.0241128314666,304.02411352396189,-6.9249529133230681e-07,2.080968459772639,2.0809649628375317,3.4969351072611232e-06
780,0.02,304.27028444860798,304.27028587910644,-1.4304984574664559e-06,1.8220928443571793,1.8220903176214436,2.5267357357527942e-06
790,0,302.10591583388316,302.10591564805884,1.8582431948743761e-07,2.5499999999978264,2.5500000002783789,-2.8055247014435736e-10
790,0.001,302.11051064783442,302.1105104632494,1.8458501926943427e-07,2.5499999999924245,2.5500000000172451,-2.482059002772985e-11
790,0.002,302.12432614134957,302.12432596582198,1.7552758890815312e-07,2.5499999999389873,2.5499999999562943,-1.730704468627664e-11
790,0.0030000000000000001,302.14745526114285,302.14745510078268,1.6036017314036144e-07,2.5499999994846738,2.5499999995004554,-1.5781598250441675e-11
790,0.0040000000000000001,302.18005221509986,302.18005207597685,1.3912301710661268e-07,2.5499999958951096,2.5499999959210728,-2.5963231564674061e-11
790,0.0050000000000000001,302.22233139094021,302.22233127903797,1.1190223858648096e-07,2.5499999700554317,2.5499999701476384,-9.2206686730378351e-11
790,0.0060000000000000001,302.27456580769297,302.274565728808,7.888496611485607e-08,2.5499998023842831,2.5499998028039994,-4.1971626174586163e-10
790,0.0070000000000000001,302.33708510545836,302.33708506505963,4.0398731471213978e-08,2.5499988272697398,2.5499988290818405,-1.8121006917226623e-09
790,0.0080000000000000002,302.41027313141501,302.41027313448598,-3.070965703955153e-09,2.5499937614803692,2.5499937684063609,-6.9259917800934545e-09
790,0.0090000000000000011,302.49456525774468,302.49456530864592,-5.0901235226774588e-08,2.5499702979198791,2.5499703209393543,-2.3019475214880458e-08
790,0.01,302.59044565919595,302.59044576159653,-1.024005769068026e-07,2.5498735096373721,2.5498735754884416,-6.5851069486200231e-08
790,0.010999999999999999,302.69844486337462,302.69844502031305,-1.5693842669861624e-07,2.5495181149680768,2.5495182752202274,-1.6025215066051146e-07
790,0.012,302.81913793554662,302.81913814973393,-2.141873096661584e-07,2.5483565949194436,2.5483569207909742,-3.2587153064866925e-07
790,0.013000000000000001,302.95314363284513,302.95314390727361,-2.7442848704595235e-07,2.5449767071372187,2.544977242863685,-5.3572646629973519e-07
790,0.014,303.10112467957862,303.10112501707408,-3.3749546446415479e-07,2.5362142456976726,2.536214904591906,-6.5889423339626774e-07
790,0.014999999999999999,303.26378865014505,303.26378904929641,-3.9915136085255654e-07,2.5159536994978833,2.5159541495154825,-4.5001759918505968e-07
790,0.016,303.44188665563598,303.44188711573827,-4.6010228516024654e-07,2.4741113171273419,2.4741109916154458,3.2551189610430242e-07
790,0.017000000000000001,303.63620096362985,303.63620150243753,-5.3880768291492132e-07,2.3967751066365932,2.3967734761593369,1.6304772563202619e-06
790,0.018000000000000002,303.84750297695462,303.84750359542369,-6.1846907328799716e-07,2.2685168150338146,2.2685138611031923,2.9539306223291817e-06
790,0.019,304.07646097889682,304.07646162902881,-6.5013199446184444e-07,2.0770023636581776,2.0769989100753397,3.4535828379311795e-06
790,0.02,304.32350524882685,304.3235058924019,-6.4357504925283138e-07,1.8184007500803083,1.8183982665695788,2.4835107295118064e-06
800,0,302.13716802465927,302.13716784311208,1.8154719327867497e-07,2.5499999999969711,2.5500000002775316,-2.8056046375013466e-10
800,0.001,302.14183230846209,302.14183212818114,1.8028094928013161e-07,2.549999999989697,2.5500000000145344,-2.4837465417704152e-11
800,0.002,302.15585577800914,302.15585560685122,1.7115792161348509e-07,2.5499999999195007,2.5499999999369076,-1.7406964758492904e-11
800,0.0030000000000000001,302.17933007002955,302.1793299141018,1.5592775071127107e-07,2.5499999993390259,2.5499999993553613,-1.6335377495124703e-11
800,0.0040000000000000001,302.21240718645896,302.21240705176433,1.3469463056026143e-07,2.549999994873076,2.5499999949020129,-2.893685291383008e-11
800,0.0050000000000000001,302.25529840847378,302.25529830085441,1.0761937119241338e-07,2.5499999635225752,2.5499999636290203,-1.0644507497659106e-10
800,0.0060000000000000001,302.3082727953601,302.3082727204071,7.4952993145416258e-08,2.549999764837438,2.5499997653170214,-4.7958348403653872e-10
800,0.0070000000000000001,302.37165531553421,302.37165527849203,3.7042184430902125e-08,2.5499986345647416,2.5499986365948377,-2.0300960912322807e-09
800,0.0080000000000000002,302.44582470272798,302.44582470843295,-5.7049760471272748e-09,2.5499928819136572,2.5499928895189949,-7.6053376929507976e-09
800,0.0090000000000000011,302.53121118558067,302.53121123845926,-5.2878590395266656e-08,2.5499667373860126,2.5499667621914996,-2.4805486997792059e-08
800,0.01,302.62829428666458,302.62829439065797,-1.039933863467013e-07,2.5498607517068947,2.5498608214381808,-6.9731286078678067e-08
800,0.010999999999999999,302.73760088889202,302.73760104691047,-1.5801845165697159e-07,2.5494777132538258,2.549477880228284,-1.6697445825997193e-07
800,0.012,302.85970363778029,302.85970385078582,-2.130055349880422e-07,2.5482436656918597,2.5482440001550715,-3.3446321179297911e-07
800,0.013000000000000001,302.99521931611656,302.99521958401652,-2.6789996354636969e-07,2.5446984399232564,2.544698981837886,-5.4191462961483694e-07
800,0.014,303.14480583334034,303.14480616006341,-3.2672306815584307e-07,2.5356105824009276,2.5356112383738427,-6.5597291509789102e-07
800,0.014999999999999999,303.30915472899278,303.30915512774681,-3.9875402535471949e-07,2.5148025800710445,2.5148030144683959,-4.3439735142314362e-07
800,0.016,303.48897398149586,303.48897446598636,-4.8449049927512533e-07,2.4721858949384701,2.4721855480675585,3.4687091154950167e-07
800,0.017000000000000001,303.68495502396382,303.68495558209992,-5.58136093786743e-07,2.3939588701863257,2.3939572304405918,1.6397457338612753e-06
800,0.018000000000000002,303.89772085907362,303.89772145093491,-5.918612941968604e-07,2.2649326399512715,2.2649297045832908,2.9353679806831678e-06
800,0.019,304.12776078619936,304.12776137394877,-5.8774941180672613e-07,2.0730682044748772,2.0730647934437423,3.4110311348811706e-06
800,0.02,304.37536870933729,304.37536928289944,-5.7356214711035136e-07,1.8147424305507558,1.8147399880081849,2.4425425708685111e-06
810,0,302.16888635250211,302.16888617552758,1.7697453813525499e-07,2.5499999999958138,2.5500000002763805,-2.8056668099907256e-10
810,0.001,302.17361911961399,302.17361894390621,1.7570778254594188e-07,2.5499999999860909,2.5500000000109493,-2.4858337610567105e-11
810,0.002,302.18784760075988,302.18784743416654,1.6659333823554334e-07,2.5499999998944922,2.5499999999120146,-1.7522427953053921e-11
810,0.0030000000000000001,302.21166212289711,302.21166197148824,1.5140886944209342e-07,2.5499999991572344,2.5499999991742319,-1.6997514507011147e-11
810,0.0040000000000000001,302.24521252843539,302.24521239814374,1.3029165302214096e-07,2.5499999936303515,2.5499999936627527,-3.2401192839870419e-11
810,0.0050000000000000001,302.28870714399199,302.28870704057124,1.0342074574509752e-07,2.5499999557717765,2.5499999558944468,-1.2267031834767295e-10
810,0.0060000000000000001,302.34241138900029,302.34241131796375,7.1036538429325446e-08,2.5499997213025387,2.5499997218487529,-5.4621418499323227e-10
810,0.0070000000000000001,302.40664608942927,302.40664605595128,3.3477988381491741e-08,2.549998415857798,2.5499984181252056,-2.2674075950135375e-09
810,0.0080000000000000002,302.481785587096,302.48178559581879,-8.7227931544475723e-09,2.5499919032638165,2.549991911593454,-8.3296374242536331e-09
810,0.0090000000000000011,302.56825574072911,302.56825579546143,-5.4732311127736466e-08,2.5499628474244243,2.549962874096996,-2.6672571706853887e-08
810,0.01,302.66653186252455,302.66653196605262,-1.0352806611990673e-07,2.5498470440216501,2.5498471177333646,-7.371171450998304e-08
810,0.010999999999999999,302.77713645982033,302.77713661436621,-1.5454588719876483e-07,2.549434955117583,2.5494351288585846,-1.7374100158562555e-07
810,0.012,302.9006362757176,302.90063648448722,-2.0876962025795365e-07,2.5481257583127914,2.5481261012382594,-3.4292546802205948e-07
810,0.013000000000000001,303.03763749402071,303.03763776306442,-2.6904370997726801e-07,2.5444113672354636,2.5444119149931166,-5.4775765301329216e-07
810,0.014,303.18877716863204,303.18877750645572,-3.378236783646571e-07,2.5349942739817428,2.534994926662085,-6.5268034221688254e-07
810,0.014999999999999999,303.35470828298747,303.35470869579115,-4.1280367213403224e-07,2.5136377192579342,2.5136381380146893,-4.1875675504954302e-07
810,0.016,303.53607596313316,303.53607644630426,-4.8317110667994712e-07,2.4702516767394211,2.4702513090190497,3.6772037148580239e-07
810,0.017000000000000001,303.73348395151021,303.73348448499843,-5.3348821893450804e-07,2.391146000579889,2.3911443522083395,1.6483715494786111e-06
810,0.018000000000000002,303.94745375794719,303.94745431427719,-5.5633000783927855e-07,2.2613677373246475,2.2613648205722483,2.9167523991624478e-06
810,0.019,304.17838316572164,304.17838372105848,-5.5533683962494251e-07,2.0691654526917129,2.0691620834492146,3.3692424983300384e-06
810,0.02,304.42651403452322,304.4265145825492,-5.4802598015157855e-07,1.8111170450269416,1.811114642398671,2.4026282705591484e-06
820,0,302.20106417398699,302.20106400179446,1.7219252868017065e-07,2.5499999999942586,2.5500000002748369,-2.8057822731852866e-10
820,0.001,302.20586445433565,302.20586428339504,1.7094060922318022e-07,2.5499999999813547,2.5500000000062402,-2.4885427052367959e-11
820,0.002,302.22029505660618,302.22029489473181,1.6187436813197564e-07,2.549999999862596,2.5499999998802605,-1.7664536500205941e-11
820,0.0030000000000000001,302.24444506599906,302.24444491921685,1.4678221305075567e-07,2.549999998931578,2.549999998949366,-1.7787993300544258e-11
820,0.0040000000000000001,302.2784623044717,302.27846217864709,1.2582461295096437e-07,2.5499999921266392,2.5499999921630763,-3.6437075578987788e-11
820,0.0050000000000000001,302.32255237945009,302.32255228021683,9.9233261607878376e-08,2.5499999466152654,2.5499999467563548,-1.4108936241541414e-10
820,0.0060000000000000001,302.37697740765765,302.3769773403024,6.7355244937061798e-08,2.5499996710120731,2.5499996716322042,-6.2013105761593579e-10
820,0.0070000000000000001,302.44205445932937,302.44205442865433,3.0675039397465298e-08,2.5499981684330142,2.5499981709580561,-2.5250419533051627e-09
820,0.0080000000000000002,302.51815375095867,302.51815376119328,-1.0234600722469622e-08,2.5499908173202517,2.5499908264203692,-9.1001175483995667e-09
820,0.0090000000000000011,302.6056965497018,302.6056966046022,-5.4900397117307875e-08,2.5499586071836524,2.5499586358044803,-2.8620827929870529e-08
820,0.01,302.70515260762431,302.70515271088732,-1.0326300525775878e-07,2.5498323432566319,2.5498324210456516,-7.7789019670149173e-08
820,0.010999999999999999,302.81703669222185,302.81703684813095,-1.5590910606988473e-07,2.5493897705810302,2.5493899511252756,-1.8054424533175961e-07
820,0.012,302.94190342566685,302.94190363947979,-2.1381293890954112e-07,2.5480027962511431,2.5480031475025999,-3.5125145680936498e-07
820,0.013000000000000001,303.0803392621595,303.08033953942078,-2.7726127882488072e-07,2.5441154679433264,2.5441160212024068,-5.5325908032699544e-07
820,0.014,303.23295019144717,303.23295053580267,-3.4435549878253369e-07,2.534365443460838,2.5343660924944924,-6.4903365437629645e-07
820,0.014999999999999999,303.400343913163,303.40034432328667,-4.1012367546500172e-07,2.5124594266647824,2.5124598297768883,-4.0311210591781332e-07
820,0.016,303.58310603175988,303.58310649885772,-4.670978341891896e-07,2.4683090603047271,2.4683086722387424,3.880659846799972e-07
820,0.017000000000000001,303.78177135524334,303.78177186353554,-5.0829220299419831e-07,2.3883367389335026,2.3883350825533576,1.6563801450431015e-06
820,0.018000000000000002,303.9967933900765,303.9967939205012,-5.3042469971842365e-07,2.2578219602007557,2.2578190621020569,2.898098698800311e-06
820,0.019,304.22851696490409,304.2285174991361,-5.3423201507030171e-07,2.0652935950676699,2.0652902668965147,3.3281711551147453e-06
820,0.02,304.4771597413457,304.47716027315977,-5.3181406656221952e-07,1.8075238921130314,1.8075215284524797,2.3636605517296516e-06
830,0,302.23369510536628,302.23369493808957,1.6727670981708798e-07,2.5499999999921856,2.5500000002727785,-2.8059288226245371e-10
830,0.001,302.23856198734808,302.23856182129589,1.6605218888798845e-07,2.5499999999751775,2.5500000000000966,-2.4919177832316564e-11
830,0.002,302.25319200637358,302.25319184929617,1.5707740885773092e-07,2.5499999998221541,2.5499999998399936,-1.7839507648886865e-11
830,0.0030000000000000001,302.27767309768313,302.2776729555128,1.4217033594832174e-07,2.5499999986529582,2.5499999986716873,-1.8729018336216541e-11
830,0.0040000000000000001,302.31215121224227,302.31215109070331,1.2153896022937261e-07,2.5499999903156656,2.5499999903567803,-4.1114667226338497e-11
830,0.0050000000000000001,302.35682942184519,302.35682932638156,9.5463633442705031e-08,2.5499999358426302,2.5499999360045487,-1.6191847862501163e-10
830,0.0060000000000000001,302.41196668807061,302.41196662377911,6.4291498347301967e-08,2.5499996131256299,2.5499996138274996,-7.0186967349172846e-10
830,0.0070000000000000001,302.47787628557228,302.47787625719212,2.8380156891216757e-08,2.5499978893806259,2.5499978921846229,-2.8039970345616894e-09
830,0.0080000000000000002,302.55492381426251,302.55492382627284,-1.2010332284262404e-08,2.5499896154659907,2.5499896253839256,-9.9179349177802578e-09
830,0.0090000000000000011,302.64352463054217,302.64352468737388,-5.6831709116522688e-08,2.5499539952085586,2.5499540258587561,-3.0650197491155495e-08
830,0.01,302.74414036751898,302.74414047378804,-1.0626905577737489e-07,2.5498166056942018,2.5498166876539226,-8.1959720787949664e-08
830,0.010999999999999999,302.85727401067618,302.85727417121387,-1.6053769513746374e-07,2.5493420905011246,2.5493422778779293,-1.873768047389035e-07
830,0.012,302.98346279526436,302.98346301465784,-2.1939348471278208e-07,2.5478747061437375,2.5478750655786233,-3.5943488585488126e-07
830,0.013000000000000001,303.12326808315771,303.12326836463899,-2.8148127739768825e-07,2.5438107258993363,2.5438112843222545,-5.5842291812879807e-07
830,0.014,303.27726147967968,303.27726182358617,-3.4390649261695216e-07,2.5337242168984471,2.5337248619480781,-6.4504963104283775e-07
830,0.014999999999999999,303.44600687839261,303.4460072807459,-4.0235329379356699e-07,2.5112680076130873,2.5112683950917036,-3.8747861630383795e-07
830,0.016,303.63003891820125,303.63003937011393,-4.5191268327471334e-07,2.46635843074935,2.4663580228354141,4.0791393596251169e-07
830,0.017000000000000001,303.82983941364148,303.82983990209539,-4.8845390665519517e-07,2.3855313133482028,2.3855296495521232,1.6637960795762297e-06
830,0.018000000000000002,304.04581442554814,304.04581493522284,-5.0967469178431202e-07,2.2542951611018056,2.2542922816808,2.8794210056304337e-06
830,0.019,304.27827540485833,304.27827592022305,-5.153647180122789e-07,2.0614521252159923,2.0614488374174686,3.2877985236545726e-06
830,0.02,304.5274279029403,304.52742841874039,-5.1580008175733383e-07,1.8039623180140945,1.8039599924319449,2.3255821495204998e-06
840,0,302.26677319849125,302.26677303605516,1.6243609479715815e-07,2.5499999999894376,2.5500000002700483,-2.8061064583084772e-10
840,0.001,302.27170583440164,302.27170567313323,1.6126841728691943e-07,2.5499999999671692,2.5499999999921306,-2.496136630725232e-11
840,0.002,302.28653274934817,302.28653259688053,1.5246763496179483e-07,2.549999999771174,2.5499999997892275,-1.8053558648034596e-11
840,0.0030000000000000001,302.31134078619391,302.31134064833918,1.3785472674499033e-07,2.5499999983107022,2.5499999983305428,-1.9840573628471248e-11
840,0.0040000000000000001,302.34627408570049,302.34627396807883,1.1762165286199888e-07,2.5499999881445143,2.5499999881910189,-4.6504577966288707e-11
840,0.0050000000000000001,302.39153318143593,302.39153308944941,9.1986521510989405e-08,2.5499999232189281,2.5499999234043202,-1.8539214607926624e-10
840,0.0060000000000000001,302.44737369863407,302.4473736374652,6.116886197560234e-08,2.5499995467257217,2.5499995475177131,-7.9199136138186077e-10
840,0.0070000000000000001,302.51410458589754,302.51410456054833,2.5349208954139613e-08,2.549997575590965,2.5499975786962352,-3.1052702631484408e-09
840,0.0080000000000000002,302.59208573696947,302.59208575232861,-1.5359148619609186e-08,2.5499882886761158,2.5499882994602965,-1.0784180659584308e-08
840,0.0090000000000000011,302.68172475760815,302.68172481849001,-6.088185955377412e-08,2.5499489894592573,2.5499490222197401,-3.2760482771010402e-08
840,0.01,302.78347251024644,302.78347262131308,-1.1106664032922708e-07,2.5497997872787281,2.5497998734989662,-8.622023806026391e-08
840,0.010999999999999999,302.89781695466064,302.89781712012319,-1.6546255210414529e-07,2.5492918466382655,2.5492920408697435,-1.9423147801234109e-07
840,0.012,303.02527474426137,303.02527496730187,-2.2304050162347266e-07,2.5477414177857018,2.5477417852556972,-3.6746999532155655e-07
840,0.013000000000000001,303.16638009709669,303.16638037906819,-2.8197149504194385e-07,2.5434971297508384,2.5434976930044022,-5.6325356379005598e-07
840,0.014,303.32167069779342,303.32167103737987,-3.3958644962694962e-07,2.5330707230926577,2.5330713638372493,-6.4074459160678998e-07
840,0.014999999999999999,303.49167083119551,303.49167122378151,-3.9258600281755207e-07,2.5100637630411566,2.5100641349116231,-3.7187046642017663e-07
840,0.016,303.67687257100846,303.67687300853083,-4.3752237388616777e-07,2.4644001609221222,2.4643997336514318,4.2727069038406285e-07
840,0.017000000000000001,303.87771654130478,303.87771701271396,-4.7140918013610644e-07,2.3827299395821377,2.3827282689392075,1.6706429302182357e-06
840,0.018000000000000002,304.09457436046648,304.09457485268445,-4.9221796416532015e-07,2.2507871923992013,2.2507843316686311,2.8607305702088581e-06
840,0.019,304.32773516506904,304.32773566360015,-4.9853110795083921e-07,2.0576405443102739,2.0576372961979126,3.2481123612981833e-06
840,0.02,304.57739879121141,304.57739892997722,-1.3876581306249136e-07,1.8004316999607968,1.800429411953016,2.2880077807929666e-06
850,0,302.30029284249696,302.3002926850271,1.5746985582154593e-07,2.5499999999858249,2.5500000002103524,-2.2452750769730301e-10
850,0.001,302.30529041140784,302.30529025482008,1.5658775964766392e-07,2.5499999999568543,2.5499999999769178,-2.0063506411815979e-11
850,0.002,302.3203117567453,302.32031160883872,1.4790657587582245e-07,2.5499999997072642,2.5499999997221865,-1.4922285629381804e-11
850,0.0030000000000000001,302.34544260580424,302.3454424723472,1.3345703564482392e-07,2.5499999978923507,2.5499999979108123,-1.8461676631886803e-11
850,0.0040000000000000001,302.3808251995639,302.38082508617299,1.1339091088302666e-07,2.5499999855529034,2.5499999856033444,-5.0440984722399662e-11
850,0.0050000000000000001,302.4266572990706,302.42665721120136,8.7869238996063359e-08,2.549999908482703,2.5499999086924889,-2.0978596637633018e-10
850,0.0060000000000000001,302.48319070713291,302.4831906500753,5.7057604863075539e-08,2.5499994708135976,2.5499994717029146,-8.8931706443418079e-10
850,0.0070000000000000001,302.55072918913294,302.55072916801237,2.1120570181665244e-08,2.549997223748679,2.54999722717697,-3.4282909844307596e-09
850,0.0080000000000000002,302.62962560983686,302.62962562959746,-1.9760591385420412e-08,2.5499868275170186,2.5499868392154799,-1.1698461310771791e-08
850,0.0090000000000000011,302.72027802611422,302.72027809144163,-6.5327412812621333e-08,2.5499435673310171,2.5499436022810658,-3.4950048632964581e-08
850,0.01,302.82312440509145,302.82312452022586,-1.1513441222632537e-07,2.5497818436704272,2.5497819342360497,-9.0565622556937342e-08
850,0.010999999999999999,302.93863560083753,302.93863576922683,-1.6838930605445057e-07,2.5492389717199053,2.5492391728197727,-2.010998674251141e-07
850,0.012,303.06730625541877,303.06730647913258,-2.2371381191987894e-07,2.5476028641151482,2.5476032394650936,-3.7534994534738075e-07
850,0.013000000000000001,303.20964342826767,303.20964370698556,-2.7871789143318892e-07,2.543174672754493,2.5431752405086074,-5.6775411438891865e-07
850,0.014,303.36615303478169,303.36615336462029,-3.2983859910018509e-07,2.5324050932943951,2.5324057294275644,-6.3613316925170693e-07
850,0.014999999999999999,303.53732465433097,303.53732503012475,-3.7579377476504305e-07,2.5088469894221852,2.5088473457226295,-3.5630044425971619e-07
850,0.016,303.72361617357723,303.72361659855989,-4.2498265884205466e-07,2.4624346117885216,2.4624341656458597,4.4614266192510854e-07
850,0.017000000000000001,303.92544150956854,303.92544198998655,-4.804180093742616e-07,2.3799328217021767,2.3799311447588058,1.676943370831907e-06
850,0.018000000000000002,304.14316710233231,304.14316760631181,-5.039794928052288e-07,2.2472979062759442,2.2472950642379823,2.8420379618587788e-06
850,0.019,304.37712321868111,304.3771236877156,-4.6903448946977733e-07,2.0538583627167393,2.0538551536173335,3.2090994057654143e-06
850,0.02,304.62762964956113,304.62763010926989,-4.5970875817147316e-07,1.7969309118125656,1.7969286584697048,2.2533428607474093e-06
860,0,302.33424841338945,302.33424826070996,1.5267949038388906e-07,2.5499999999811043,2.5500000002056558,-2.2455148851463491e-10
860,0.001,302.33931005666972,302.33930990484561,1.5182411061687162e-07,2.5499999999436462,2.5499999999637724,-2.0126122990404838e-11
860,0.002,302.35452322312227,302.35452307990613,1.4321614116852288e-07,2.5499999996275733,2.5499999996428016,-1.5228263094968497e-11
860,0.0030000000000000001,302.37997241005866,302.37997228119161,1.2886704325865139e-07,2.5499999973834164,2.5499999974034147,-1.999822529796802e-11
860,0.0040000000000000001,302.41579772225668,302.41579761335612,1.0890056501011713e-07,2.5499999824724302,2.5499999825299637,-5.7533533492915012e-11
860,0.0050000000000000001,302.46219372874549,302.46219364529588,8.3449606336216675e-08,2.5499998913439619,2.5499998915832656,-2.3930368797664414e-10
860,0.0060000000000000001,302.51940774020494,302.51940768753644,5.2668497119157109e-08,2.5499993843050892,2.5499993853030269,-9.9793773244982731e-10
860,0.0070000000000000001,302.58773736990997,302.58773735315634,1.6753631371102529e-08,2.5499968303274065,2.5499968341046033,-3.7771967775768189e-09
860,0.0080000000000000002,302.66752718939705,302.66752721339702,-2.3999973564059474e-08,2.5499852221467658,2.5499852348113587,-1.2664592929922946e-08
860,0.0090000000000000011,302.75916424398304,302.75916431307735,-6.9094312493689358e-08,2.5499377056753825,2.5499377428964074,-3.7221024928868474e-08
860,0.01,302.86307217005714,302.86307228779111,-1.1773397545766784e-07,2.5497627302983412,2.5497628252929454,-9.4994604182829789e-08
860,0.010999999999999999,302.97970368124373,302.97970385021961,-1.6897587329367525e-07,2.5491833994988093,2.5491836074765026,-2.0797769328950722e-07
860,0.012,303.10953130059863,303.10953152290728,-2.2230864260563976e-07,2.5474589811904487,2.5474593642632448,-3.8307279615068524e-07
860,0.013000000000000001,303.25303646223898,303.25303673985889,-2.7761990395447356e-07,2.5428433525909186,2.5428439245235781,-5.7193265945443272e-07
860,0.014,303.41069754628535,303.41069787870236,-3.3241701657971134e-07,2.531727460937351,2.5317280921708045,-6.3123345350746263e-07
860,0.014999999999999999,303.58297806370126,303.58297844317406,-3.7947279452055227e-07,2.5076179787007473,2.5076183194829902,-3.4078224286915315e-07
860,0.016,303.77031695169029,303.77031736507485,-4.1338455503137084e-07,2.4604621328104792,2.4604616682737603,4.6453671886936831e-07
860,0.017000000000000001,303.97312337731989,303.97312381578701,-4.384671115076344e-07,2.377140152712784,2.3771384699938189,1.6827189650570062e-06
860,0.018000000000000002,304.19177788528742,304.19177834670046,-4.6141303755575791e-07,2.2438271545845199,2.243824331235992,2.8233485278583714e-06
860,0.019,304.4266397125192,304.42664019565422,-4.831350111089705e-07,2.0501050966555803,2.0501019259175148,3.1707380654388828e-06
860,0.02,304.67805727397473,304.67805778548933,-5.1151459956599865e-07,1.7934594783489071,1.79345726011984,2.2182290670968996e-06
870,0,302.36863382360531,302.36863367569106,1.4791424973736866e-07,2.5499999999749732,2.5500000001995642,-2.2459101245431157e-10
870,0.001,302.37375858021613,302.37375843314118,1.4707495665788883e-07,2.5499999999268299,2.5499999999470369,-2.0206947226597549e-11
870,0.002,302.38916062643528,302.38916048792566,1.385096197736857e-07,2.5499999995287164,2.5499999995443159,-1.559952167440315e-11
870,0.0030000000000000001,302.4149230455123,302.41492292129863,1.2421367046044907e-07,2.5499999967671307,2.54999999678892,-2.1789237081293322e-11
870,0.0040000000000000001,302.45118347102573,302.45118336673124,1.04294485936407e-07,2.5499999788257575,2.5499999788913779,-6.5620398004284652e-11
870,0.0050000000000000001,302.49813276271345,302.49813268383076,7.8882692378101638e-08,2.5499998714820613,2.5499998717543018,-2.7224045240359374e-10
870,0.0060000000000000001,302.55601301799561,302.55601296983446,4.8161155064008199e-08,2.549999286026424,2.5499992871431032,-1.1166791935579568e-09
870,0.0070000000000000001,302.62511478358408,302.62511477119546,1.2388625236781081e-08,2.5499963915846124,2.5499963957359517,-4.1513392723402376e-09
870,0.0080000000000000002,302.70577329970581,302.70577332779573,-2.8089914394513471e-08,2.5499834623159865,2.5499834759979239,-1.3681937360843222e-08
870,0.0090000000000000011,302.7983635969054,302.798363669747,-7.2841601195250405e-08,2.5499313808216679,2.549931420393055,-3.9571387056014373e-08
870,0.01,302.90329429121147,302.90329441249634,-1.2128487014706479e-07,2.5497424024120536,2.5497425019141198,-9.950206614206536e-08
870,0.010999999999999999,303.02100001287585,303.02100018536225,-1.7248640915568103e-07,2.5491250648076003,2.5491252796648451,-2.1485724488456981e-07
870,0.012,303.15193258336052,303.15193280827253,-2.2491201434604591e-07,2.5473097081649461,2.5473100987983477,-3.9063340162570626e-07
870,0.013000000000000001,303.29655133867936,303.29655161497487,-2.7629550913843559e-07,2.5425031711858828,2.5425037469797078,-5.757938250638972e-07
870,0.014,303.45531335913046,303.45531368287175,-3.2374128977608052e-07,2.5310379613849743,2.5310385874444901,-6.2605951578476038e-07
870,0.014999999999999999,303.62866471014547,303.62866507492959,-3.6478411402640631e-07,2.5063770182399172,2.5063773435656418,-3.2532572458165987e-07
870,0.016,303.81703395636794,303.81703435570461,-3.9933667039804277e-07,2.458483062308062,2.4584825798458567,4.8246220529790662e-07
870,0.017000000000000001,304.02082898568494,304.02082941507223,-4.2938728483932209e-07,2.3743521151335663,2.3743504271408589,1.6879927073887302e-06
870,0.018000000000000002,304.24043746941061,304.2404379256821,-4.5627149347637896e-07,2.2403747887312937,2.2403719840602774,2.8046710163209809e-06
870,0.019,304.47623024362258,304.47623072315065,-4.7952806880857679e-07,2.0463802594354497,2.0463771264224504,3.1330129992568345e-06
870,0.02,304.72856595636523,304.7285664650426,-5.0867737400039914e-07,1.7900170003956866,1.7900148167017136,2.1836939729791283e-06
880,0,302.40344213933656,302.40344199635103,1.4298552741820458e-07,2.5499999999670608,2.5500000001916914,-2.2463053639398822e-10
880,0.001,302.4086289010578,302.40862875890889,1.4214890597941121e-07,2.5499999999055398,2.5499999999258458,-2.0305979120394113e-11
880,0.002,302.4242164306807,302.42421629709031,1.3359039030547137e-07,2.5499999994066962,2.5499999994227349,-1.6038725902944861e-11
880,0.0030000000000000001,302.45028617895912,302.4502860596545,1.1930461596421083e-07,2.5499999960241593,2.5499999960480273,-2.3868018672601465e-11
880,0.0040000000000000001,302.48697293622968,302.48697283682912,9.9400551789585734e-08,2.5499999745257509,2.5499999746005617,-7.4810824202131698e-11
880,0.0050000000000000001,302.53446332608888,302.53446325207392,7.4014963047375204e-08,2.5499998485435316,2.5499998488524138,-3.088822531083224e-10
880,0.0060000000000000001,302.5929935704969,302.59299352716027,4.3336626731615979e-08,2.5499991747100537,2.5499991759562199,-1.2461662812768282e-09
880,0.0070000000000000001,302.66284641213718,302.66284640450669,7.6304900176182855e-09,2.5499959035568094,2.5499959081085048,-4.5516954649826857e-09
880,0.0080000000000000002,302.74434707114813,302.74434710386851,-3.2720379294914892e-08,2.5499815373696766,2.5499815521210056,-1.4751329047157924e-08
880,0.0090000000000000011,302.83785813323823,302.83785821037378,-7.7135553055995842e-08,2.5499245685993417,2.5499246105997782,-4.2000436462075186e-08
880,0.01,302.94377332901092,302.94377345372561,-1.2471468835428823e-07,2.5497208151323796,2.5497209192164991,-1.040841195454334e-07
880,0.010999999999999999,303.06251028210045,303.06251045622497,-1.741245228004118e-07,2.5490639036087468,2.5490641253407094,-2.2173196256858319e-07
880,0.012,303.19450247804554,303.19450270168568,-2.2364014284903533e-07,2.547154987256278,2.5471553852838587,-3.9802758067253308e-07
880,0.013000000000000001,303.34019091724088,303.34019118863677,-2.7139589064972824e-07,2.5421541345333813,2.5421547138761276,-5.7934274622084558e-07
880,0.014,303.50001611442497,303.50001643017214,-3.1574717240800965e-07,2.5303367316911003,2.5303373523168524,-6.2062575212351589e-07
880,0.014999999999999999,303.67441121760197,303.67441157330245,-3.5570047884903033e-07,2.505124390782302,2.5051247007242718,-3.0994196986711131e-07
880,0.016,303.86379696057418,303.86379735171437,-3.9114019045882742e-07,2.4564977278158433,2.4564972278904866,4.9992535666731897e-07
880,0.017000000000000001,304.06857889014992,304.06857931256582,-4.2241589426339488e-07,2.3715688815325664,2.3715671887491085,1.692783457851732e-06
880,0.018000000000000002,304.28914685533033,304.28914730504783,-4.4971750412514666e-07,2.2369406594215033,2.2369378734096976,2.7860118056999283e-06
880,0.019,304.52587624377855,304.52587671675764,-4.7297908167820424e-07,2.0426833738512262,2.0426802779088749,3.0959423513721163e-06
880,0.02,304.77913009185062,304.77913059411173,-5.0226111625306658e-07,1.7866029954581737,1.786600845633195,2.1498249787033075e-06
890,0,302.43866536176421,302.43866522397656,1.3778765151073458e-07,2.5499999999569085,2.5500000001815928,-2.2468427118838008e-10
890,0.001,302.44391285538177,302.44391271843432,1.3694744893655297e-07,2.5499999998787302,2.5499999998991552,-2.042499502863393e-11
890,0.002,302.45968197571369,302.45968184733493,1.2837875829063705e-07,2.5499999992568072,2.5499999992733677,-1.6560530724518685e-11
890,0.0030000000000000001,302.48605232430936,302.48605221023217,1.140771814789332e-07,2.5499999951322971,2.5499999951585735,-2.6276314457618355e-11
890,0.0040000000000000001,302.52315549804297,302.52315540388639,9.4156575869419612e-08,2.5499999694745776,2.5499999695597966,-8.5218943013387616e-11
890,0.0050000000000000001,302.57117342654828,302.57117335778116,6.8767121774726547e-08,2.5499998221398736,2.5499998224893998,-3.4952618577221983e-10
890,0.0060000000000000001,302.63033594482596,302.6303359066913,3.8134658097987995e-08,2.5499990489905979,2.5499990503776031,-1.3870051773778869e-09
890,0.0070000000000000001,302.70091752208486,302.70091751948053,2.60433807852678e-09,2.5499953620552538,2.5499953670344548,-4.9792010514693175e-09
890,0.0080000000000000002,302.78323307867538,302.78323311597546,-3.7300083022273611e-08,2.5499794362500006,2.5499794521234884,-1.5873487857476221e-08
890,0.0090000000000000011,302.87763286262185,302.87763294343472,-8.0812867508939235e-08,2.5499172443612368,2.5499172888685311,-4.4507294294504618e-08
890,0.01,302.98449643176832,302.98449655865056,-1.2688224160228856e-07,2.5496979235008017,2.5496980322376213,-1.087368195484828e-07
890,0.010999999999999999,303.10422589658231,303.10422607077447,-1.7419216646885616e-07,2.5489998530396742,2.5490000816353056,-2.2859563131305549e-07
890,0.012,303.23723871096297,303.23723893225014,-2.2128716636871104e-07,2.5469947637100994,2.5469951689620252,-4.0525192579465852e-07
890,0.013000000000000001,303.38396042868101,303.38396069545007,-2.6676906372813391e-07,2.5417962525204927,2.5417968351057727,-5.8258528001786658e-07
890,0.014,303.5448179336783,303.54481824317321,-3.0949490792409051e-07,2.5296239103740183,2.5296245253203606,-6.1494634229219969e-07
890,0.014999999999999999,303.7202336625266,303.72023401124153,-3.4871493426180677e-07,2.5038603744251637,2.5038606690659355,-2.9464077178076309e-07
890,0.016,303.91062123870063,303.91062162276967,-3.8406903968279948e-07,2.4545064464349831,2.4545059295011837,5.169337993216061e-07
890,0.017000000000000001,304.11638273271598,304.11638314814593,-4.1542995177223929e-07,2.3687906150165232,2.3687889179062234,1.6971102998475374e-06
890,0.018000000000000002,304.33790749181981,304.33790793456177,-4.4274196397964261e-07,2.2335246162860725,2.2335218489094792,2.7673765932156869e-06
890,0.019,304.57557222441943,304.57557269044662,-4.6602718839494628e-07,2.0390139798416578,2.0390109203288054,3.0595128523991377e-06
890,0.02,304.82974186314857,304.82974235867096,-4.9552238579053665e-07,1.7832169742283592,1.7832148576040583,2.1166243009407282e-06
900,0,302.4742943904069,302.47429425817603,1.3223086625657743e-07,2.5499999999439567,2.5500000001687071,-2.2475044048064774e-10
900,0.001,302.47960118622728,302.47960105484452,1.3138276244717417e-07,2.5499999998451441,2.5499999998657121,-2.056799175420565e-11
900,0.002,302.4955475447083,302.49554742191452,1.2279377870072494e-07,2.5499999990735396,2.5499999990907134,-1.7173817923321621e-11
900,0.0030000000000000001,302.52221103492593,302.52221092645595,1.0846997611224651e-07,2.5499999940661406,2.5499999940951943,-2.9053648376020647e-11
900,0.0040000000000000001,302.55971978064105,302.55971969209241,8.8548631538287736e-08,2.5499999635627462,2.5499999636597139,-9.6967767149180872e-11
900,0.0050000000000000001,302.60825068616077,302.60825062293537,6.3225400026567513e-08,2.549999791845277,2.549999792239757,-3.9448000421771212e-10
900,0.0060000000000000001,302.6680268884175,302.66802685561902,3.2798482152429642e-08,2.5499989074007754,2.549998908940605,-1.5398295971635889e-09
900,0.0070000000000000001,302.73931439485966,302.73931439714829,-2.2886297301738523e-09,2.5499947626619193,2.5499947680966901,-5.4347708555724239e-09
900,0.0080000000000000002,302.82241788896249,302.82241793037002,-4.1407531625736738e-08,2.5499771474996944,2.5499771645487361,-1.704904173394084e-08
900,0.0090000000000000011,302.91767573072485,302.91767581444628,-8.3721431565209059e-08,2.5499093830070936,2.5499094300980549,-4.7090961352580507e-08
900,0.01,303.02545424839241,303.02545437658625,-1.2819384664908284e-07,2.5496736825274873,2.5496737959836677,-1.1345618045055517e-07
900,0.010999999999999999,303.14614150383017,303.14614167747476,-1.7364459381496999e-07,2.5489328514541936,2.5489330868964428,-2.3544224925231561e-07
900,0.012,303.28014080410446,303.28014102295634,-2.188518806178763e-07,2.5468289857613429,2.5468293980648049,-4.123034620384658e-07
900,0.013000000000000001,303.42786430584476,303.42786456851775,-2.6267298380844295e-07,2.5414295387577175,2.5414301242851765,-5.855274589627868e-07
900,0.014,303.58972709385404,303.58972739800561,-3.041515697077557e-07,2.5288996372046779,2.5289002462397008,-6.0903502285825084e-07
900,0.014999999999999999,303.76614209221481,303.76614243479025,-3.4257544712090748e-07,2.5025852426043476,2.5025855220355084,-2.794311608766975e-07
900,0.016,303.95751607787491,303.95751645535,-3.7747508940810803e-07,2.4525095251707749,2.452508991675471,5.3349530393376199e-07
900,0.017000000000000001,304.16424692487271,304.16424733345144,-4.0857872818378382e-07,2.3660174696681224,2.3660157686767396,1.7009913828580636e-06
900,0.018000000000000002,304.38672204240993,304.38672247817595,-4.3576602593020652e-07,2.2301265078732864,2.2301237591007164,2.7487725700048316e-06
900,0.019,304.62531782424867,304.6253182832354,-4.5898673306510318e-07,2.035371633361398,2.0353686096555341,3.0237058639137615e-06
900,0.02,304.88040012798058,304.88040032848448,-2.0050390503456583e-07,1.7798584526403016,1.7798563686721773,2.0839681242890151e-06
910,0,302.51031915249473,302.51031902735286,1.251418666470272e-07,2.5499999999275249,2.5500000000541641,-1.2663914361610296e-10
910,0.001,302.51568369459511,302.51568356931375,1.2528136039691162e-07,2.5499999998032803,2.5499999998153484,-1.2068124277675452e-11
910,0.002,302.5318025772404,302.53180246051301,1.1672739219648065e-07,2.5499999988504682,2.5499999988624298,-1.1961542867311437e-11
910,0.0030000000000000001,302.55875120806928,302.55875110561851,1.0245076964565669e-07,2.5499999927967303,2.5499999928242723,-2.7541968705691033e-11
910,0.0040000000000000001,302.59665405563766,302.59665397299796,8.2639701304287883e-08,2.5499999566681102,2.5499999567743403,-1.0623013579902363e-10
910,0.0050000000000000001,302.6456828142957,302.64568275674708,5.7548618315195199e-08,2.5499997571943074,2.5499997576349243,-4.4061687631824498e-10
910,0.0060000000000000001,302.70605380686084,302.70605377931668,2.7544160730030853e-08,2.549998748367436,2.5499987500696273,-1.7021912768200309e-09
910,0.0070000000000000001,302.77802461850354,302.77802462536863,-6.8650933826575056e-09,2.5499941007258671,2.5499941066423757,-5.9165086163659453e-09
910,0.0080000000000000002,302.86188998186361,302.8618900268732,-4.500958539210842e-08,2.5499746592662471,2.5499746775422465,-1.8275999380534813e-08
910,0.0090000000000000011,302.95797697651085,302.95797706256803,-8.6057184489618521e-08,2.5499009590075659,2.5499010087555107,-4.9747944874667382e-08
910,0.01,303.066639662657,303.06663979169116,-1.2903416291010217e-07,2.5496480472379086,2.5496481654738785,-1.1823596990367946e-07
910,0.010999999999999999,303.18825333246627,303.18825350531711,-1.7285083231399767e-07,2.5488628384598457,2.548863080723756,-2.4226391026616056e-07
910,0.012,303.32320862181086,303.32320883805011,-2.1623924340019585e-07,2.5466576045918399,2.5466580237693739,-4.1917753401676805e-07
910,0.013000000000000001,303.47190577362551,303.4719060311777,-2.575521875769482e-07,2.5410540104128243,2.5410545985862889,-5.8817346459960618e-07
910,0.014,303.63474941912557,303.63474971503319,-2.9590762551379157e-07,2.5281640530074183,2.5281646559105839,-6.0290316561406598e-07
910,0.014999999999999999,303.81214462946184,303.81214496550081,-3.3603896554268431e-07,2.5012992640884306,2.5012995284081123,-2.6431968169760012e-07
910,0.016,304.00449676173099,304.00449714223686,-3.8050586681492859e-07,2.4505072612605305,2.4505067116411068,5.4961942375086892e-07
910,0.017000000000000001,304.21222280987541,304.21222321599714,-4.0612172824694426e-07,2.3632495909382762,2.3632478864924407,1.7044458355819359e-06
910,0.018000000000000002,304.43579048110826,304.43579089805206,-4.1694380570334033e-07,2.2267461820045096,2.2267434517942331,2.7302102765247582e-06
910,0.019,304.67580287464415,304.67580335756821,-4.8292406518157804e-07,2.0317559042400717,2.0317529157356291,2.9885044425803642e-06
910,0.02,304.93312098654235,304.93312160341981,-6.1687745755989454e-07,1.7765260293652432,1.7765239746149388,2.0547503043477633e-06
920,0,302.54672885242735,302.54672873359806,1.1882929129569675e-07,2.5499999999067864,2.5500000000335237,-1.2673728733147982e-10
920,0.001,302.55214950130318,302.55214938232075,1.1898242746610777e-07,2.5499999997513516,2.5499999997636307,-1.2279066652354231e-11
920,0.002,302.56843596343867,302.56843585296144,1.1047723091905937e-07,2.5499999985801267,2.5499999985929325,-1.2805756455236406e-11
920,0.0030000000000000001,302.59566141633127,302.59566132002305,9.6308212960138917e-08,2.5499999912911679,2.5499999913223661,-3.1198155170386599e-11
920,0.0040000000000000001,302.63394659091983,302.63394651421879,7.6701041962223826e-08,2.5499999486548193,2.5499999487758784,-1.2105916269433692e-10
920,0.0050000000000000001,302.68345792148955,302.68345786953171,5.1957840696559288e-08,2.549999717679555,2.5499997181747269,-4.9517190348069562e-10
920,0.0060000000000000001,302.74440495780522,302.74440493530716,2.2498056750919204e-08,2.5499985702076611,2.5499985720885499,-1.8808887780608075e-09
920,0.0070000000000000001,302.81703705881154,302.81703706992283,-1.1111296771559864e-08,2.5499933713600393,2.5499933777909023,-6.4308629532661143e-09
920,0.0080000000000000002,302.90163941432053,302.90163946243752,-4.8116987727553351e-08,2.5499719593068506,2.5499719788667963,-1.9559945663161216e-08
920,0.0090000000000000011,302.99852848013313,302.99852856768922,-8.7556088601559168e-08,2.5498919464286423,2.5498919989104283,-5.2481786028124588e-08
920,0.01,303.1080469647041,303.10804709311304,-1.2840894214605214e-07,2.5496209727179893,2.5496210957946333,-1.230766439874742e-07
920,0.010999999999999999,303.2305585852867,303.23055875552132,-1.7023461396092898e-07,2.5487897549512635,2.5487900040105855,-2.4905932205498971e-07
920,0.012,303.36644297088736,303.36644318472236,-2.1383499415605911e-07,2.5464805742846162,2.5464810001607079,-4.2587609172528573e-07
920,0.013000000000000001,303.5160914607626,303.51609172037752,-2.596149215605692e-07,2.5406696880483421,2.540670278582025,-5.9053368284267549e-07
920,0.014,303.67990535288345,303.67990565588826,-3.0300481057565776e-07,2.5274172994727158,2.5274178960401956,-5.9656747986025493e-07
920,0.014999999999999999,303.85829956900642,303.85829990248538,-3.3347896533086896e-07,2.5000027029822114,2.5000029522997842,-2.493175728091046e-07
920,0.016,304.05171639690406,304.05171674397138,-3.4706732776612625e-07,2.4484999424907938,2.4484993771801475,5.6531064629439243e-07
920,0.017000000000000001,304.26065453344137,304.26065490152882,-3.6808745562666445e-07,2.3604871160095811,2.3604854085231248,1.7074864562260927e-06
920,0.018000000000000002,304.48571572392268,304.48571615788154,-4.3395885995778372e-07,2.223383486214443,2.2233807745220666,2.7116923764225476e-06
920,0.019,304.72766332553431,304.72766386773492,-5.4220060974330408e-07,2.0281663669400749,2.0281634130816886,2.9538583863342183e-06
920,0.02,304.9874765818152,304.98747725776894,-6.7595374275697395e-07,1.7732194175272047,1.7732173932383899,2.0242888147947724e-06
930,0,302.58351227015157,302.58351215787275,1.1227882623643382e-07,2.5499999998807521,2.5500000000076084,-1.2685630323971964e-10
930,0.001,302.5889873470137,302.58898723455178,1.1246191888858448e-07,2.549999999687242,2.5499999996997711,-1.2529088877499817e-11
930,0.002,302.60543634473817,302.60543624068373,1.0405443617855781e-07,2.5499999982538757,2.54999999826767,-1.3794299036362645e-11
930,0.0030000000000000001,302.63293019638934,302.63293010631355,9.0075786829402205e-08,2.5499999895122119,2.5499999895475827,-3.5370817386137787e-11
930,0.0040000000000000001,302.67158589821338,302.67158582741814,7.0795238116261316e-08,2.5499999393722259,2.5499999395098767,-1.3765077966354511e-10
930,0.0050000000000000001,302.72156468133477,302.72156463475648,4.6578293222410139e-08,2.5499996727492413,2.5499996733042782,-5.5503690532532346e-10
930,0.0060000000000000001,302.78306947847886,302.78306946055852,1.7920342543220613e-08,2.5499983711249512,2.5499983731984357,-2.0734844952130516e-09
930,0.0070000000000000001,302.8563417270816,302.85634174165949,-1.4577892670786241e-08,2.5499925694383943,2.549992576414279,-6.9758847587308992e-09
930,0.0080000000000000002,302.94165758531739,302.94165763563501,-5.0317623845330672e-08,2.549969034993941,2.54996905589267,-2.0898728969598324e-08
930,0.0090000000000000011,303.03932369819773,303.03932378705019,-8.8852459612098755e-08,2.5498823189562398,2.549882374245025,-5.5288785105744864e-08
930,0.01,303.14967276050328,303.14967289035934,-1.2985606190341059e-07,2.5495924141577015,2.5495925421296457,-1.2797194415270496e-07
930,0.010999999999999999,303.27305932446916,303.27305949707988,-1.7261072571272962e-07,2.5487135431400438,2.5487137989610744,-2.558210305814157e-07
930,0.012,303.40985664967099,303.40985686476029,-2.150893010366417e-07,2.5462978517761243,2.5462982841713511,-4.3239522673488295e-07
930,0.013000000000000001,303.56045592432514,303.56045617804347,-2.5371832634846214e-07,2.5402765954639692,2.5402771880765069,-5.9261253770870326e-07
930,0.014,303.72526982715738,303.72527011267124,-2.8551386321851169e-07,2.5266595189818175,2.5266601090203009,-5.9003848340566378e-07
930,0.014999999999999999,303.90474285527569,303.90474316723947,-3.1196378813547199e-07,2.4986958187372821,2.4986960531673632,-2.3443008112522534e-07
930,0.016,304.09937056649829,304.09937090855033,-3.4205203292003716e-07,2.4464878475001508,2.4464872669215585,5.8057859231297471e-07
930,0.017000000000000001,304.30972826946771,304.30972865952714,-3.9005942653602688e-07,2.3577301741465808,2.3577284640155249,1.7101310558764737e-06
930,0.018000000000000002,304.53650654747202,304.53650701178213,-4.6431011924141785e-07,2.2200382680735289,2.220035574846102,2.6932274268531842e-06
930,0.019,304.78054705074777,304.78054761097883,-5.6023105798885808e-07,2.0246025833331203,2.0245996635565566,2.9197765636368445e-06
930,0.02,305.04286902800726,305.04286971157927,-6.8357201143953716e-07,1.7699384390279203,1.7699364448210666,1.994206853650482e-06
940,0,302.62065804515362,302.62065793955679,1.0559682550592697e-07,2.549999999848227,2.5499999999752267,-1.2699974405450121e-10
940,0.001,302.62618587048945,302.62618576465661,1.0583283938103705e-07,2.549999999608453,2.5499999996212752,-1.2822187756000858e-11
940,0.002,302.64279237300292,302.64279227540902,9.7593897407932673e-08,2.5499999978617547,2.5499999978766965,-1.4941825554615207e-11
940,0.0030000000000000001,302.67054627136139,302.67054618743737,8.3924021510028979e-08,2.5499999874178347,2.5499999874579524,-4.0117686950225107e-11
940,0.0040000000000000001,302.7095608997148,302.70956083459674,6.5118058500956977e-08,2.5499999286537518,2.5499999288099002,-1.5614842752142977e-10
940,0.0050000000000000001,302.7599924352142,302.75999239367707,4.153713462073938e-08,2.5499996218048095,2.5499996224253771,-6.205675973092184e-10
940,0.0060000000000000001,302.82203747133303,302.82203745773052,1.3602516446553636e-08,2.5499981492055284,2.5499981514861485,-2.2806201371849966e-09
940,0.0070000000000000001,302.89593001509553,302.8959300333251,-1.8229570741823409e-08,2.5499916895934858,2.5499916971458654,-7.5523796105869678e-09
940,0.0080000000000000002,302.98193804916787,302.98193810261779,-5.3449923598236637e-08,2.5499658733214763,2.5499658956141338,-2.2292657497757773e-08
940,0.0090000000000000011,303.08035990588826,303.08035999725718,-9.1368917765066726e-08,2.5498720499210701,2.5498721080885964,-5.8167526351127208e-08
940,0.01,303.1915208701011,303.19152100098506,-1.3088396144667058e-07,2.5495623268931031,2.5495624598109736,-1.3291787048785864e-07
940,0.010999999999999999,303.31577067522346,303.31577084555363,-1.70330167748034e-07,2.5486341465808655,2.548634409124797,-2.6254393148406052e-07
940,0.012,303.45348286842602,303.4534830761981,-2.0777207510036533e-07,2.5461093968055626,2.5461098355389935,-4.3873343091860306e-07
940,0.013000000000000001,303.60505732315943,303.60505756521013,-2.4205070303651155e-07,2.5398747595425006,2.5398753539590464,-5.9441654576275482e-07
940,0.014,303.77092731461704,303.7709275888397,-2.7422265702625737e-07,2.5258908544421064,2.5258914377702593,-5.8332815289219297e-07
940,0.014999999999999999,303.95157232013446,303.95157262841821,-3.0828374519842328e-07,2.4973788661705374,2.4973790858342011,-2.1966366370307355e-07
940,0.016,304.14753684815713,304.14753719870083,-3.5054370073339669e-07,2.4444712460715912,2.4444706506404912,5.9543109998116961e-07
940,0.017000000000000001,304.35945408537293,304.35945449261516,-4.0724222571952851e-07,2.3549788870452155,2.3549771746502319,1.7123949835884389e-06
940,0.018000000000000002,304.58807123764296,304.58807171886673,-4.8122376483661355e-07,2.2167103750243098,2.2167077002050353,2.6748192745174038e-06
940,0.019,304.83427172945386,304.83427230079343,-5.7133956943289377e-07,2.0210641232557216,2.0210612369676038,2.8862881178426392e-06
940,0.02,305.09908870694517,305.09908939619822,-6.8925305640732404e-07,1.766682749907557,1.7666807852954267,1.9646121303118491e-06
950,0,302.65815491510875,302.6581548161455,9.8963255368289538e-08,2.54999999980779,2.5499999999349581,-1.2716805386503438e-10
950,0.001,302.66373384114195,302.66373374187373,9.9268220310477773e-08,2.5499999995120479,2.5499999995252178,-1.3169909607313457e-11
950,0.002,302.68049292726516,302.68049283603034,9.123482413997408e-08,2.5499999973923204,2.549999997408591,-1.6270540470486594e-11
950,0.0030000000000000001,302.70849875240378,302.70849867450511,7.789867595420219e-08,2.5499999849607677,2.5499999850062656,-4.5497827727558615e-11
950,0.0040000000000000001,302.74786114221524,302.74786108268216,5.9533078911044868e-08,2.5499999163157003,2.5499999164924261,-1.7672574514904227e-10
950,0.0050000000000000001,302.7987315033966,302.79873146692626,3.6470339637162397e-08,2.5499995641984885,2.5499995648906157,-6.9212724440603779e-10
950,0.0060000000000000001,302.8613005914591,302.86130058232845,9.1306446847738698e-09,2.5499979024147472,2.5499979049176908,-2.5029436301338137e-09
950,0.0070000000000000001,302.93579584496285,302.93579586690197,-2.1939115413260879e-08,2.549990726214423,2.549990734375557,-8.1611339908249647e-09
950,0.0080000000000000002,303.02247850793327,303.0224785639283,-5.5995030834310455e-08,2.5499624609117899,2.5499624846537658,-2.3741975940794191e-08
950,0.0090000000000000011,303.12164089014891,303.12164098218085,-9.2031939402659191e-08,2.5498611123235944,2.5498611734401004,-6.1116506078207067e-08
950,0.01,303.23360428258911,303.23360441140301,-1.2881389466201654e-07,2.5495306664467901,2.549530804357218,-1.379104279664034e-07
950,0.010999999999999999,303.35871823440607,303.35871839951687,-1.6511080502823461e-07,2.5485515101943128,2.5485517794174557,-2.692231428902403e-07
950,0.012,303.49736206038222,303.49736226057524,-2.0019302837681607e-07,2.5459151718624358,2.5459156167519623,-4.4488952655186154e-07
950,0.013000000000000001,303.6499495009304,303.64994973540007,-2.3446966679330217e-07,2.5394642101003559,2.5394648060526568,-5.9595230084141804e-07
950,0.014,303.81693729332392,303.81693756322954,-2.6990562673745444e-07,2.5251114491330426,2.5251120255810977,-5.7644805506740227e-07
950,0.014999999999999999,303.99883793694994,303.99883824682399,-3.098740535278921e-07,2.4960520954884799,2.4960523005127051,-2.050242251527834e-07
950,0.016,304.19623611873021,304.19623647711933,-3.5838911571772769e-07,2.4424503994123614,2.442449789536369,6.0987599237449786e-07
950,0.017000000000000001,304.40980720408618,304.40980762294686,-4.188606794741645e-07,2.3522333691745909,2.3522316548815518,1.7142930390789957e-06
950,0.018000000000000002,304.64033513755584,304.6403356305637,-4.9300786031380994e-07,2.2133996538189464,2.2133969973480081,2.6564709383336549e-06
950,0.019,304.88872638486407,304.88872696552971,-5.806656417917111e-07,2.0175505774393456,2.0175477240600874,2.8533792582052797e-06
950,0.02,305.15601652363932,305.15601721882251,-6.9518318923655897e-07,1.7634519761221163,1.7634500405932669,1.9355288494171674e-06
960,0,302.69599194162208,302.69599184924215,9.2379934812925057e-08,2.5499999997577523,2.5499999998851273,-1.2737499943682451e-10
960,0.001,302.70162038967607,302.70162029692932,9.2746745394833852e-08,2.5499999993945912,2.5499999994081715,-1.3580248037214915e-11
960,0.002,302.71852736585896,302.71852728096121,8.489774927511462e-08,2.549999996832474,2.5499999968502745,-1.780042779842006e-11
960,0.0030000000000000001,302.74677744913163,302.74677737726222,7.1869408202474006e-08,2.5499999820880008,2.5499999821395849,-5.1584070348553723e-11
960,0.0040000000000000001,302.78647723269665,302.78647717874605,5.3950600431562634e-08,2.5499999021560487,2.5499999023555944,-1.9954571328639759e-10
960,0.0050000000000000001,302.83777383569827,302.83777380417519,3.1523086363449693e-08,2.5499994992308426,2.5499995000009332,-7.7009065790889508e-10
960,0.0060000000000000001,302.90085297262505,302.9008529675221,5.1029473979724571e-09,2.5499976285936281,2.5499976313347297,-2.7411015679490447e-09
960,0.0070000000000000001,302.97593676604822,302.9759367906853,-2.463707460265141e-08,2.5499896734452374,2.5499896822481323,-8.8028948574958577e-09
960,0.0080000000000000002,303.06328158372071,303.06328164058863,-5.6867918374337023e-08,2.5499587840230293,2.5499588092698775,-2.5246848167626013e-08
960,0.0090000000000000011,303.16317629706526,303.16317638773148,-9.0666219421109417e-08,2.5498494788590094,2.549849542993162,-6.4134152655270782e-08
960,0.01,303.27594148090907,303.27594160607447,-1.2516539982243557e-07,2.5494973885667025,2.5494975315123707,-1.4294566819117449e-07
960,0.010999999999999999,303.40193017427356,303.40193033407996,-1.5980640455381945e-07,2.5484655802864471,2.5484658561404649,-2.7585401785046315e-07
960,0.012,303.54153085261453,303.54153104725049,-1.9463595890556462e-07,2.5457151421323245,2.5457155929949642,-4.5086263966709339e-07
960,0.013000000000000001,303.69517316607335,303.69517339662178,-2.3054843723002705e-07,2.5390449797424459,2.5390455769688569,-5.9722641099213547e-07
960,0.014,303.86333672481027,303.86333699413723,-2.6932696073345141e-07,2.5243214465620847,2.5243220159714124,-5.6940932768867469e-07
960,0.014999999999999999,304.04656274062177,304.04656305404723,-3.134254598080588e-07,2.494715752316996,2.4947159428341594,-1.9051716337870062e-07
960,0.016,304.24546770005668,304.24546806556503,-3.6550835602611187e-07,2.440425560423467,2.4404249365024406,6.2392102639918789e-07
960,0.017000000000000001,304.46075755572946,304.460757983576,-4.2784654397109989e-07,2.3494937280931705,2.3494920122538447,1.7158393257332705e-06
960,0.018000000000000002,304.69324034887842,304.69324085069093,-5.0181250799141708e-07,2.2101059504670677,2.2101033122791542,2.6381879134618202e-06
960,0.019,304.94383490841585,304.94383549631112,-5.8789527201952296e-07,2.0140615553211858,2.0140587342925858,2.821028600052955e-06
960,0.02,305.2135728487483,305.21357416042412,-1.3116758168507658e-06,1.7602457363833615,1.7602438292965101,1.9070868513271222e-06
970,0,302.73415881216562,302.73415872449527,8.7670343873469392e-08,2.5499999996961145,2.5499999999078939,-2.1177948283934711e-10
970,0.001,302.73983532656968,302.73983524008247,8.6487204953300534e-08,2.5499999992520781,2.5499999992735707,-2.149258548911348e-11
970,0.002,302.75688589581563,302.75688581699671,7.8818914062139811e-08,2.5499999961672692,2.5499999961919166,-2.4647395235888325e-11
970,0.0030000000000000001,302.78537332326181,302.78537325708464,6.6177165081171552e-08,2.5499999787402645,2.5499999788027372,-6.2472693684867409e-11
970,0.0040000000000000001,302.82540139100928,302.82540134213792,4.8871356739255134e-08,2.5499998859531807,2.5499998861813715,-2.2819079958935617e-10
970,0.0050000000000000001,302.87711361770874,302.87711359037911,2.7329633667250164e-08,2.5499994261483132,2.5499994270061155,-8.578022736571711e-10
970,0.0060000000000000001,302.94069171621425,302.9406917141057,2.1085497792228125e-09,2.5499973254555206,2.5499973284538924,-2.9983717730885928e-09
970,0.0070000000000000001,303.01635396957653,303.01635399569693,-2.6120403617824195e-08,2.5499885251836369,2.5499885346644091,-9.4807721673362266e-09
970,0.0080000000000000002,303.10435382893178,303.10435388555356,-5.6621786370669724e-08,2.5499548285571354,2.549954855366702,-2.6809566566754484e-08
970,0.0090000000000000011,303.20497912306018,303.20497921175377,-8.8693582256382797e-08,2.5498371219422311,2.549837189163076,-6.7220844890414355e-08
970,0.01,303.31855233864383,303.31855246046121,-1.2181737929495284e-07,2.5494624492633311,2.5494625972848954,-1.4802156433901814e-07
970,0.010999999999999999,303.44543245519435,303.44543261105548,-1.5586113022436621e-07,2.5483763045652976,2.5483765869992228,-2.8243392513616072e-07
970,0.012,303.58601876518293,303.5860189565542,-1.9137127083013183e-07,2.5455092754411859,2.545509732095085,-4.5665389913907006e-07
970,0.013000000000000001,303.7407569368429,303.74075716668318,-2.298402819178591e-07,2.5386171037213514,2.5386177019685543,-5.9824720288759181e-07
970,0.014,303.9101471833701,303.91014745580873,-2.7243862632531091e-07,2.5235209903299736,2.5235215525543255,-5.6222435196318088e-07
970,0.014999999999999999,304.09475331833715,304.09475363556936,-3.1723220672574826e-07,2.493370077735785,2.4933702538848013,-1.7614901626217261e-07
970,0.016,304.29520800995141,304.29520837898048,-3.6902906686009374e-07,2.4383969739597777,2.438396336387513,6.375722647611326e-07
970,0.017000000000000001,304.51220043860377,304.51220088244258,-4.4383881458998076e-07,2.3467600647278291,2.3467583476823139,1.7170455151038766e-06
970,0.018000000000000002,304.74641797280469,304.7464184940514,-5.2124670446573873e-07,2.2068291107476949,2.2068264907726252,2.619975069784175e-06
970,0.019,304.99841069305842,304.9984112413851,-5.4832668183735223e-07,2.0105966815223266,2.0105938923080973,2.7892142293595157e-06
970,0.02,305.26839010557148,305.26839061591727,-5.1034578518738272e-07,1.7570644440443923,1.7570625673336882,1.876710704173945e-06
980,0,302.77264624339006,302.77264616192616,8.1463895185152069e-08,2.5499999996205194,2.5499999998325933,-2.120739139854777e-10
980,0.001,302.77836955498987,302.7783694746131,8.0376764799439115e-08,2.5499999990798545,2.5499999991019124,-2.205791105325261e-11
980,0.002,302.7955600071665,302.79555993416386,7.3002638600883074e-08,2.5499999953797103,2.5499999954063775,-2.666711296228641e-11
980,0.0030000000000000001,302.82427893137435,302.82427887050278,6.0871570894960314e-08,2.5499999748514837,2.5499999749216604,-7.0176753297346295e-11
980,0.0040000000000000001,302.8646278413716,302.86462779705568,4.431592515174998e-08,2.5499998674645941,2.5499998677206448,-2.5605073616929985e-10
980,0.0050000000000000001,302.91674748279831,302.916747459021,2.3777317892381689e-08,2.5499993441407605,2.5499993450904928,-9.4973229280981286e-10
980,0.0060000000000000001,302.98081672231768,302.98081672252459,-2.0691004465334117e-10,2.5499969905829203,2.5499969938530436,-3.2701232832721416e-09
980,0.0070000000000000001,303.05705150330016,303.05705153035706,-2.7056898943556007e-08,2.5499872750801775,2.5499872852708254,-1.0190647881103132e-08
980,0.0080000000000000002,303.1457041612569,303.14570421751466,-5.625776111628511e-08,2.549950580068352,2.5499506084940879,-2.8425735987269718e-08
980,0.0090000000000000011,303.24706344332162,303.24706353081189,-8.7490263922518352e-08,2.549824013732787,2.5498240841035442,-7.0370757221382974e-08
980,0.01,303.36145558709887,303.3614557076686,-1.2056972309437697e-07,2.5494258048452321,2.5494259579756355,-1.5313040346853768e-07
980,0.010999999999999999,303.48924673247575,303.4892468873482,-1.5487245264012017e-07,2.5482836321543703,2.5482839211094142,-2.8895504389225835e-07
980,0.012,303.63084664671487,303.63084683563744,-1.8892257003244595e-07,2.5452975421983202,2.5452980044579059,-4.6225958572065906e-07
980,0.013000000000000001,303.78671299422399,303.78671321693008,-2.2270609179031453e-07,2.5381806198008285,2.5381812188188992,-5.9901807070161794e-07
980,0.014,303.95735380005647,303.95735406313156,-2.6307509415346431e-07,2.5227102240050385,2.5227107789052821,-5.5490024353233025e-07
980,0.014999999999999999,304.14332307422831,304.14332339791122,-3.2368291158491047e-07,2.4920153083170504,2.4920154702380017,-1.6192095131373208e-07
980,0.016,304.34520137026465,304.34520177562325,-4.0535860534873791e-07,2.4363648770810196,2.4363642262402188,6.5084080080879403e-07
980,0.017000000000000001,304.56355173055738,304.56355220687442,-4.7631704092054861e-07,2.3440324736315019,2.3440307557033111,1.7179281908141775e-06
980,0.018000000000000002,304.79884605457664,304.7988465525155,-4.9793885636972846e-07,2.2035689808321401,2.2035663789884721,2.6018436680708135e-06
980,0.019,305.0513699499021,305.05137040974478,-4.5984268126630923e-07,2.0071555998665582,2.0071528419170273,2.7579495309737467e-06
980,0.02,305.32113143761052,305.32113183719349,-3.9958297293196665e-07,1.7539075706699305,1.7539057222055761,1.8484643544702806e-06
990,0,302.81144639096823,302.81144631524751,7.5720720360550331e-08,2.5499999995281994,2.5499999997406184,-2.124189713015312e-10
990,0.001,302.81721547114756,302.81721539640284,7.4744718858710257e-08,2.5499999988725333,2.5499999988952524,-2.2719159886719353e-11
990,0.002,302.83454283662149,302.83454276891581,6.7705684614338679e-08,2.5499999944505287,2.5499999944795033,-2.8974600496667335e-11
990,0.0030000000000000001,302.86348870172185,302.86348864559039,5.6131455039576394e-08,2.5499999703481921,2.54999997042701,-7.8817841142608813e-11
990,0.0040000000000000001,302.90415292039654,302.90415288006091,4.0335635276278481e-08,2.5499998464255649,2.5499998467122955,-2.8673063923179143e-10
990,0.0050000000000000001,302.95667434187249,302.95667432117398,2.0698507796623744e-08,2.549999252339012,2.5499992533882616,-1.0492495761127429e-09
990,0.0060000000000000001,303.0212301274376,303.02123012979683,-2.3592292563989758e-09,2.5499966214244192,2.5499966249840478,-3.5596285918870763e-09
990,0.0070000000000000001,303.0980352370014,303.09803526537706,-2.8375666261126753e-08,2.5499859165378012,2.5499859274733736,-1.0935572447579034e-08
990,0.0080000000000000002,303.18734232479653,303.1873423815556,-5.6759063227218576e-08,2.5499460237721574,2.5499460538696552,-3.0097497827341613e-08
990,0.0090000000000000011,303.28944226185882,303.28944234852167,-8.6662851117580431e-08,2.5498101261595418,2.5498101997436917,-7.3584149884453609e-08
990,0.01,303.40466537225916,303.4046654894313,-1.1717213510564761e-07,2.5493874119529467,2.5493875702232001,-1.5827025334758105e-07
990,0.010999999999999999,303.53338313961046,303.53338328790926,-1.4829879546596203e-07,2.548187513603493,2.5481878090186854,-2.9541519230846802e-07
990,0.012,303.67600949780223,303.67600968041944,-1.8261721379531082e-07,2.5450799153385582,2.5450803830199149,-4.6768135675279154e-07
990,0.013000000000000001,303.83299979847601,303.83300002408691,-2.2561090418093954e-07,2.5377355681238685,2.5377361676712091,-5.9954734066280935e-07
990,0.014,304.0048442720306,304.00484455416222,-2.8213162295287475e-07,2.5218892910059214,2.5218898384545065,-5.4744858513089412e-07
990,0.014999999999999999,304.19205177205754,304.19205212138326,-3.4932571679746616e-07,2.4906516761673383,2.4906518240059783,-1.4783863999667801e-07
990,0.016,304.39511975471731,304.39512016649246,-4.1177514731316478e-07,2.4343294992924989,2.4343288355599615,6.6373253737594951e-07
990,0.017000000000000001,304.61448884667607,304.61448929531809,-4.4864202664030017e-07,2.3413110432423814,2.3413093247442274,1.7184981540019351e-06
990,0.018000000000000002,304.85048538711186,304.85048583541641,-4.4830454726252356e-07,2.200325407826738,2.200322824028361,2.5837983770315986e-06
990,0.019,305.10326179483604,305.10326220882968,-4.139936322644644e-07,2.0037379854950661,2.0037352583024219,2.7271926441585492e-06
990,0.02,305.37274962197455,305.37274998876273,-3.6678818560176296e-07,1.7507745099968874,1.7507726890851472,1.8209117402800956e-06
1000,0,302.85055314520758,302.85055307468684,7.0520741246582475e-08,2.5499999994159186,2.549999999628739,-2.1282042794723566e-10
1000,0.001,302.85636723611674,302.85636716646246,6.9654277012887178e-08,2.5499999986239033,2.5499999986473858,-2.3482549238451611e-11
1000,0.002,302.87382936400883,302.87382930107367,6.2935157529864227e-08,2.5499999933579511,2.5499999933895507,-3.1599611816091056e-11
1000,0.0030000000000000001,302.90299899343455,302.90299894156652,5.1868028094759211e-08,2.5499999651489338,2.5499999652374061,-8.8472340564749175e-11
1000,0.0040000000000000001,302.94397492433353,302.9439748875958,3.6737731079483638e-08,2.5499998225477909,2.5499998228682079,-3.2041702624496793e-10
1000,0.0050000000000000001,302.99689492835262,302.99689491042943,1.7923184714163654e-08,2.5499991498124093,2.5499991509691582,-1.1567489188735181e-09
1000,0.0060000000000000001,303.06193542153625,303.06193542562124,-4.0849954530131072e-09,2.5499962152918316,2.5499962191593424,-3.8675107560948163e-09
1000,0.0070000000000000001,303.13931131564681,303.13931134434387,-2.8697058951365761e-08,2.5499844427117768,2.5499844544279151,-1.1716138281769872e-08
1000,0.0080000000000000002,303.22927615481973,303.22927621015788,-5.5338148285954958e-08,2.5499411445546785,2.5499411763793947,-3.1824716195671954e-08
1000,0.0090000000000000011,303.33212251892104,303.3321226026772,-8.3756162894133013e-08,2.5497954309452551,2.549795507804423,-7.6859167918996718e-08
1000,0.01,303.44818241337197,303.44818252787599,-1.1450401871115901e-07,2.5493472275912414,2.5493473910285691,-1.6343732767154506e-07
1000,0.010999999999999999,303.5778269311084,303.57782708038769,-1.4927928759789211e-07,2.5480879008969164,2.5480882027075005,-3.0181058408018657e-07
1000,0.012,303.72146387899591,303.72146406949963,-1.9050372657147818e-07,2.544856370263429,2.5448568431828225,-4.7291939342386513e-07
1000,0.013000000000000001,303.87953142616027,303.87953166582696,-2.3966669004948926e-07,2.5372819910848623,2.5372825909265035,-5.9984164124671224e-07
1000,0.014,304.05248542046803,304.05248571542523,-2.9495720355043886e-07,2.5210583344922739,2.5210588743711986,-5.3987892467688425e-07
1000,0.014999999999999999,304.24077822401955,304.24077857371566,-3.4969610851476318e-07,2.4892794089728429,2.4892795428785566,-1.3390571362847936e-07
1000,0.016,304.44482812052905,304.44482851402859,-3.9349953340206412e-07,2.4322910627769048,2.4322903865219563,6.7625494848400081e-07
1000,0.017000000000000001,304.66498067186041,304.66498108855671,-4.1669630945762037e-07,2.3385958561567222,2.33859413738901,1.7187677121555112e-06
1000,0.018000000000000002,304.90146646255715,304.90146687689673,-4.1433958131165127e-07,2.1970982404895247,2.1970956746431418,2.5658463829181244e-06
1000,0.019,305.15436249590391,305.1543628832901,-3.873861942338408e-07,2.0003435254392041,2.0003408285437709,2.6968954331962891e-06
1000,0.02,305.42356582373219,305.423566171414,-3.4768180512401159e-07,1.7476648144531159,1.7476630205123092,1.7939408067935148e-06
1010,0,302.88996224217783,302.88996217631683,6.5861001985467738e-08,2.5499999992799092,2.5499999994932017,-2.1329249477730627e-10
1010,0.001,302.89582085574432,302.89582079064508,6.5099243329314049e-08,2.5499999983268209,2.5499999983511885,-2.4367619033682786e-11
1010,0.002,302.91341639462411,302.91341633592759,5.8696514315670356e-08,2.549999992077439,2.5499999921120158,-3.4576785878925875e-11
1010,0.0030000000000000001,302.94280790114578,302.94280785298054,4.8165247790166177e-08,2.5499999591636207,2.5499999592628546,-9.9233954387045742e-11
1010,0.0040000000000000001,302.98409362473546,302.98409359093012,3.3805349630711135e-08,2.5499997955179916,2.5499997958753267,-3.5733505043822333e-10
1010,0.0050000000000000001,303.03741085205047,303.03741083605382,1.5996647562133148e-08,2.5499990355663917,2.5499990368390399,-1.2726482090386071e-09
1010,0.0060000000000000001,303.10293576660712,303.10293577145723,-4.8501078708795831e-09,2.5499957693574613,2.5499957735518577,-4.1943963857704603e-09
1010,0.0070000000000000001,303.18088336927593,303.18088339768923,-2.8413296604412608e-08,2.5499828465100181,2.5499828590429363,-1.2532918258756354e-08
1010,0.0080000000000000002,303.27150739575666,303.27150745040166,-5.4644999636366265e-08,2.5499359269824859,2.5499359605896799,-3.3607193916651568e-08
1010,0.0090000000000000011,303.37509998544897,303.37510006940494,-8.3955967511428753e-08,2.5497798996308805,2.5497799798247929,-8.0193912399550982e-08
1010,0.01,303.49199057864979,303.49199069589412,-1.1724432624760084e-07,2.5493052091597574,2.5493053777876575,-1.6862790008786988e-07
1010,0.010999999999999999,303.62254316807247,303.62254332364921,-1.5557674259980558e-07,2.547984747458985,2.5479850555966403,-3.0813765539150495e-07
1010,0.012,303.76715068145995,303.76715088089156,-1.9943161078117555e-07,2.5446268847818208,2.544627362755925,-4.7797410429595288e-07
1010,0.013000000000000001,303.92622506344816,303.9262253111558,-2.4770764639470144e-07,2.5368199332061048,2.5368205331137035,-5.999075987084268e-07
1010,0.014,304.10018174301393,304.10018204001631,-2.9700237291763187e-07,2.5202174972629621,2.5202180294634338,-5.3220047169233453e-07
1010,0.014999999999999999,304.28941779342955,304.28941813513802,-3.4170847129644244e-07,2.4878987300471813,2.4878988501726274,-1.2012544603479114e-07
1010,0.016,304.49428428512209,304.49428466037511,-3.7525302332142019e-07,2.43024978261727,2.4302490942018262,6.8841544376141428e-07
1010,0.017000000000000001,304.7150549666232,304.71505535859035,-3.9196714851641445e-07,2.3358869894164354,2.3358852706674389,1.7187489964598512e-06
1010,0.018000000000000002,304.95189510630092,304.95189549486543,-3.8856450146340649e-07,2.1938873300912443,2.193884782097026,2.5479942182826676e-06
1010,0.019,305.20483552900004,305.20483589369456,-3.6469452879828168e-07,1.9969719061979814,1.9969692391539895,2.6670439918774491e-06
1010,0.02,305.4737570346087,305.47375736384254,-3.2923384196692496e-07,1.7445780791190091,1.7445763116144686,1.7675045405063372e-06
1020,0,302.92967112782497,302.92967106585849,6.1966488829057198e-08,2.5499999991157916,2.5499999993296396,-2.138480503788287e-10
1020,0.001,302.93557400037918,302.93557393905058,6.132859198260121e-08,2.5499999979731034,2.549999997998492,-2.538858012712808e-11
1020,0.002,302.95330223857309,302.95330218328172,5.5291366152232513e-08,2.5499999905814255,2.5499999906193773,-3.7951863873786351e-11
1020,0.0030000000000000001,302.98291467738909,302.98291463204856,4.5340527776716044e-08,2.5499999522928753,2.5499999524040797,-1.1120437903855418e-10
1020,0.0040000000000000001,303.02450929135927,303.02450925965491,3.1704360026196809e-08,2.5499997649964885,2.5499997653941917,-3.9770320370280388e-10
1020,0.0050000000000000001,303.07822307780327,303.07822306319133,1.4611941878683865e-08,2.5499989085400849,2.5499989099374525,-1.3973675550005282e-09
1020,0.0060000000000000001,303.14423188062619,303.14423188640063,-5.7744387049751822e-09,2.5499952806515633,2.5499952851924608,-4.5408974358451815e-09
1020,0.0070000000000000001,303.22275007147027,303.2227501009146,-2.9444322535709944e-08,2.5499811205937686,2.5499811339802103,-1.3386441732876619e-08
1020,0.0080000000000000002,303.31402988542311,303.31402994201909,-5.6595979458506918e-08,2.5499303553127457,2.5499303907574067,-3.5444660984040866e-08
1020,0.0090000000000000011,303.41836003282788,303.41836012043262,-8.7604746568104019e-08,2.5497635035995638,2.5497635871860038,-8.3586439991734096e-08
1020,0.01,303.53606299409358,303.53606311693892,-1.228453356816317e-07,2.5492613144820204,2.5492614883203255,-1.7383830508421738e-07
1020,0.010999999999999999,303.66749019581937,303.6674903581723,-1.6235293287536479e-07,2.547878008157459,2.5478783225504991,-3.1439304004621249e-07
1020,0.012,303.81301414024693,303.81301434563636,-2.053894263553957e-07,2.5443914390502185,2.5443919218963233,-4.8284610487669966e-07
1020,0.013000000000000001,303.97301661433249,303.97301686440676,-2.5007426529555232e-07,2.5363494410185763,2.5363500407703619,-5.9975178556825881e-07
1020,0.014,304.14787243385354,304.14787272711277,-2.9325923378564767e-07,2.5193669216614158,2.5193674460834687,-5.2442205289437993e-07
1020,0.014999999999999999,304.33792883070385,304.33792916149037,-3.3078651995310793e-07,2.4865098583814067,2.4865099648821647,-1.0650075799034653e-07
1020,0.016,304.54348152665438,304.54348188480827,-3.5815389765048167e-07,2.4282058670127586,2.4282051667914195,7.00221339133833e-07
1020,0.017000000000000001,304.76474959601717,304.76474996735078,-3.7133361274754861e-07,2.3331845148167121,2.3331827963627552,1.7184539569115032e-06
1020,0.018000000000000002,305.00185213917001,305.00185250668198,-3.6751197285411763e-07,2.1906925307014746,2.1906900004564007,2.530245073906201e-06
1020,0.019,305.2547902638841,305.25479060943968,-3.4555557704152307e-07,1.9936228146025947,1.9936201769694202,2.6376331745403547e-06
1020,0.02,305.523438517942,305.52343796929915,5.4864284493305604e-07,1.7415139223992389,1.7415121807237706,1.7416754682919589e-06
1030,0,302.9696784816885,302.96967842551447,5.617403076030314e-08,2.5499999989185049,2.5499999992078033,-2.8929836304314449e-10
1030,0.001,302.97562547509568,302.9756254170631,5.8032583183376119e-08,2.5499999975534009,2.5499999975865659,-3.3165026280812526e-11
1030,0.002,302.99348602312614,302.99348597080217,5.2323969157441752e-08,2.5499999888390188,2.5499999888853022,-4.6283421539783376e-11
1030,0.0030000000000000001,303.02331879850129,303.02331875574089,4.2760404994623968e-08,2.5499999444273302,2.5499999445553923,-1.2806200544446256e-10
1030,0.0040000000000000001,303.06522147632683,303.0652214468389,2.9487921437976183e-08,2.5499997306157605,2.5499997310605171,-4.4475667593246726e-10
1030,0.0050000000000000001,303.11933052121844,303.1193305086216,1.2596842680068221e-08,2.549998767603924,2.5499987691378867,-1.5339627346122597e-09
1030,0.0060000000000000001,303.18582077633937,303.18582078423702,-7.8976540862640832e-09,2.5499947460599532,2.5499947509699172,-4.9099639909400139e-09
1030,0.0070000000000000001,303.26490468668135,303.26490471875837,-3.2077025480248267e-08,2.5499792573786544,2.5499792716579761,-1.4279321725041427e-08
1030,0.0080000000000000002,303.35683087622806,303.35683093632298,-6.0094919263065094e-08,2.5499244135037142,2.5499244508424557,-3.7338741432080269e-08
1030,0.0090000000000000011,303.46188166331893,303.46188175539754,-9.2078607849543914e-08,2.5497462141003226,2.5497463011368922,-8.7036569507148442e-08
1030,0.01,303.58036896687423,303.58036909481746,-1.2794322401532554e-07,2.549215501832879,2.5492156808995228,-1.7906664373512626e-07
1030,0.010999999999999999,303.71262797176303,303.71262813887836,-1.6711533135094214e-07,2.5477676393046296,2.5477679598798244,-3.2057519483430497e-07
1030,0.012,303.8590079418762,303.85900815000286,-2.0812666434721905e-07,2.5441500155126637,2.544150503050421,-4.8753775727661264e-07
1030,0.013000000000000001,304.01985976572013,304.0198600140568,-2.4833667566781514e-07,2.5358705629468106,2.5358711623290402,-5.9938222962685472e-07
1030,0.014,304.19552035305014,304.19552063901017,-2.8596002721315017e-07,2.5185067494876141,2.51850726604123,-5.1655361588132109e-07
1030,0.014999999999999999,304.38629557819513,304.38629590122008,-3.2302494901159662e-07,2.4851130086959201,2.4851131017315966,-9.303567649610045e-08
1030,0.016,304.59244859370529,304.59244894264634,-3.4894105738203507e-07,2.4261595174892086,2.4261588058107253,7.1167848325615068e-07
1030,0.017000000000000001,304.81421384373846,304.81421417516509,-3.3142663369289949e-07,2.330488499232819,2.3304867813399035,1.7178929154759714e-06
1030,0.018000000000000002,305.05187873228925,305.05187902681365,-2.9452439775923267e-07,2.1875136989018995,2.1875111863040981,2.512597801374028e-06
1030,0.019,305.30597902236309,305.3059794110531,-3.8869001173225115e-07,1.9902959401541329,1.9902933314970486,2.608657084346433e-06
1030,0.02,305.577591539124,305.57759216839429,-6.2927028920967132e-07,1.7384726847702026,1.7384709705946684,1.7141755341842924e-06
1040,0,303.00998342906206,303.00998337564238,5.3419682899402687e-08,2.5499999986822091,2.549999998972257,-2.900479856293714e-10
1040,0.001,303.01597439991764,303.01597434459603,5.5321606851066463e-08,2.5499999970570681,2.5499999970915823,-3.4514169300337016e-11
1040,0.002,303.03396679340466,303.03396674368145,4.9723212214303203e-08,2.5499999868157035,2.5499999868662746,-5.057110286088573e-11
1040,0.0030000000000000001,303.06401899048308,303.06401895020417,4.0278905544255394e-08,2.5499999354469178,2.5499999355896716,-1.4275380877393218e-10
1040,0.0040000000000000001,303.10622806454069,303.10622803748936,2.7051328288507648e-08,2.5499996919789654,2.5499996924716712,-4.9270587609839822e-10
1040,0.0050000000000000001,303.16072935663146,303.16072934658615,1.0045312137663132e-08,2.5499986115573177,2.5499986132349188,-1.6776011690922132e-09
1040,0.0060000000000000001,303.22769570021637,303.22769571098877,-1.0772396308311727e-08,2.5499941623218185,2.5499941676193143,-5.2974957753804119e-09
1040,0.0070000000000000001,303.30733608399464,303.30733611943185,-3.5437210499367211e-08,2.5499772490360924,2.549977264243843,-1.5207750614365523e-08
1040,0.0080000000000000002,303.39989345218163,303.39989351606664,-6.3885011059028329e-08,2.5499180852255159,2.5499181245106355,-3.9285119601828455e-08
1040,0.0090000000000000011,303.50564125833154,303.50564135415186,-9.5820325896056602e-08,2.5497280022713262,2.5497280928099726,-9.0538646357885e-08
1040,0.01,303.62487834921887,303.62487847998926,-1.3077038829578669e-07,2.5491677299643483,2.5491679142703347,-1.8430598647256602e-07
1040,0.010999999999999999,303.75792184054933,303.75792200914964,-1.6860030882526189e-07,2.5476535986563471,2.5476539253342705,-3.2667792337903734e-07
1040,0.012,303.9050980373795,303.90509824710301,-2.0972350966985687e-07,2.5439025988406185,2.5439030908876248,-4.9204700625082864e-07
1040,0.013000000000000001,304.06673251756416,304.06673277006541,-2.5250125190723338e-07,2.5353833491979403,2.5353839480003928,-5.9880245251164865e-07
1040,0.014,304.24314280546736,304.2431430932607,-2.8779334115824895e-07,2.5176371219164579,2.5176376305168851,-5.0860042710709763e-07
1040,0.014999999999999999,304.43464101585903,304.43464131674665,-3.008876205967681e-07,2.4837083914940377,2.4837084712236388,-7.9729601143441187e-08
1040,0.016,304.64155857971531,304.64155887110724,-2.9139192747607012e-07,2.4241109291059564,2.4241102063089062,7.22797050212165e-07
1040,0.017000000000000001,304.86430710921172,304.86430740318491,-2.9397318712653941e-07,2.3277990049439667,2.3277972878634556,1.7170805111099696e-06
1040,0.018000000000000002,305.10348268053974,305.10348304179877,-3.6125902624917217e-07,2.1843506933490726,2.1843481982924389,2.4950566337444968e-06
1040,0.019,305.36000165086983,305.3600021540322,-5.0316236865910469e-07,1.9869909824314569,1.986988402292498,2.580138958929723e-06
1040,0.02,305.63523040435996,305.63523111438093,-7.1002097001837683e-07,1.735453878755103,1.7354521901617497,1.6885933533661301e-06
1050,0,303.05058465974957,303.05058460903189,5.0717687827273039e-08,2.5499999984001964,2.5499999986911157,-2.9091928865909722e-10
1050,0.001,303.05661933606689,303.05661928344119,5.2625694024754921e-08,2.549999996472021,2.549999996508074,-3.6052938412467483e-11
1050,0.002,303.07474267758721,303.07474263055389,4.7033324790390907e-08,2.5499999844730046,2.5499999845283936,-5.538902669854906e-11
1050,0.0030000000000000001,303.1050125108564,303.10501247328841,3.7567986055364599e-08,2.5499999252201211,2.5499999253790948,-1.5897372307449587e-10
1050,0.0040000000000000001,303.14752481422408,303.14752478995212,2.427196932330844e-08,2.5499996486584662,2.5499996492032784,-5.4481219535773562e-10
1050,0.0050000000000000001,303.20241301698888,303.20241300981502,7.1738668339094147e-09,2.5499984391263428,2.549998440957685,-1.8313421890070458e-09
1050,0.0060000000000000001,303.26984681003864,303.26984682370647,-1.3667829534824705e-08,2.5499935260277002,2.5499935317341196,-5.7064193370592875e-09
1050,0.0070000000000000001,303.35003025820674,303.35003029638966,-3.8182918160600821e-08,2.5499750874950311,2.5499751036692935,-1.617426237388031e-08
1050,0.0080000000000000002,303.44319896565651,303.44319903207497,-6.6418465394235682e-08,2.5499113538711824,2.5499113951564745,-4.1285292073922619e-08
1050,0.0090000000000000011,303.54961607160845,303.54961617031068,-9.8702230388880707e-08,2.5497088391627769,2.5497089332552014,-9.4092424518521511e-08
1050,0.01,303.66956702926922,303.66956716468309,-1.3541387033910723e-07,2.5491179581299281,2.5491181476845113,-1.8955458314096063e-07
1050,0.010999999999999999,303.80335358337823,303.80335375908658,-1.7570835098013049e-07,2.5475358454091488,2.5475361781092314,-3.3270008259478345e-07
1050,0.012,303.95128828201916,303.95128849738427,-2.1536510530495434e-07,2.543649175872901,2.5436496722494581,-4.9637655719081408e-07
1050,0.013000000000000001,304.11369234020594,304.11369258640593,-2.4619998839625623e-07,2.534887851654724,2.5348884496750812,-5.9802035723421909e-07
1050,0.014,304.2909015358826,304.29090179672778,-2.6084518367497367e-07,2.5167581794220086,2.5167586799937585,-5.005717498285378e-07
1050,0.014999999999999999,304.48328632307988,304.48328658582977,-2.6274989295416162e-07,2.4822962131169133,2.4822962797028949,-6.6585981617350853e-08
1050,0.016,304.69129210465627,304.69129237661485,-2.7195858365303138e-07,2.4220602906604367,2.4220595570776475,7.3358278918078668e-07
1050,0.017000000000000001,304.91550205073048,304.91550236872672,-3.1799623911865638e-07,2.3251160899296446,2.3251143739034927,1.7160261518434083e-06
1050,0.018000000000000002,305.15671742809189,305.15671784694263,-4.1885073187586386e-07,2.1812033744515964,2.1812008968307883,2.477620808072345e-06
1050,0.019,305.41604084833864,305.41604141639328,-5.6805464510034653e-07,1.9837076642529989,1.9837051122071623,2.5520458366568022e-06
1050,0.02,305.69494042484888,305.69494119130138,-7.6645250146611943e-07,1.7324569535186503,1.732455289890958,1.6636276922721294e-06
1060,0,303.09147969884106,303.09147965089818,4.7942876335582696e-08,2.5499999980647825,2.5499999983567001,-2.9191760120284016e-10
1060,0.001,303.09755759332785,303.097557543486,4.9841844429465709e-08,2.549999995784574,2.5499999958223851,-3.7811087594263881e-11
1060,0.002,303.11581031247937,303.11581026825382,4.4225544115761295e-08,2.5499999817681558,2.5499999818289405,-6.0784710598227321e-11
1060,0.0030000000000000001,303.1462947959298,303.14629476120189,3.4727918318822049e-08,2.5499999136031986,2.5499999137800446,-1.7684609332491164e-10
1060,0.0040000000000000001,303.18910535672853,303.18910533533602,2.1392509097495349e-08,2.5499996001943122,2.5499996007956303,-6.0131810641905759e-10
1060,0.0050000000000000001,303.24437270625151,303.24437270204487,4.2066403693752363e-09,2.549998248961487,2.5499982509571169,-1.9956298835666075e-09
1060,0.0060000000000000001,303.31226241216825,303.31226242907348,-1.6905232769204304e-08,2.5499928336176567,2.5499928397549625,-6.1373057747005078e-09
1060,0.0070000000000000001,303.39297265777736,303.39297269985389,-4.2076521822309587e-08,2.5499727644440351,2.5499727816232598,-1.7179224709451546e-08
1060,0.0080000000000000002,303.48673122899379,303.48673130034899,-7.1355202635459136e-08,2.5499042025679257,2.5499042459066712,-4.3338745481236174e-08
1060,0.0090000000000000011,303.5937918364171,303.59379194071096,-1.0429386065879953e-07,2.5496886957593432,2.5496887934551666,-9.7695823431109829e-08
1060,0.01,303.71443025401288,303.7144303933261,-1.3931321518612094e-07,2.5490661461073976,2.5490663409164527,-1.9480905510960156e-07
1060,0.010999999999999999,303.84894137890819,303.84894155219462,-1.7328642343272804e-07,2.5474143401955365,2.5474146788346173,-3.3863908077691462e-07
1060,0.012,303.99763917224396,303.9976393744073,-2.021633349613694e-07,2.5433897355557282,2.543390236083467,-5.0052773881148482e-07
1060,0.013000000000000001,304.16086235821001,304.16086258144855,-2.2323854409478372e-07,2.5343841237725151,2.534384720814769,-5.970422538581488e-07
1060,0.014,304.33898934801249,304.33898958651304,-2.3850054731155979e-07,2.5158700617073557,2.5158705541824289,-4.9247507316607653e-07
1060,0.014999999999999999,304.53246554054846,304.53246579725294,-2.5670448167147697e-07,2.4808766757999714,2.4808767294065213,-5.3606549865747866e-08
1060,0.016,304.74184436695464,304.74184465874521,-2.9179057037254097e-07,2.4200077848911108,2.4200070408482737,7.440428371197072e-07
1060,0.017000000000000001,304.96784000813199,304.96784036562218,-3.5749019389186287e-07,2.3224398081273772,2.3224380933871611,1.7147402160411218e-06
1060,0.018000000000000002,305.21138519467019,305.2113856554289,-4.6075871296125115e-07,2.178071604466131,2.1780691441732696,2.4602928614392283e-06
1060,0.019,305.47368332478339,305.47368392489903,-6.0011564073647605e-07,1.9804457159056881,1.9804431915630174,2.5243426706733629e-06
1060,0.02,305.75624220060456,305.75624298835777,-7.8775320844215457e-07,1.7294815031664958,1.7294798639770543,1.6391894415157537e-06
1070,0,303.13266447398655,303.13266442902926,4.4957289446756477e-08,2.5499999976671908,2.549999997960259,-2.9306823634556167e-10
1070,0.001,303.13878484888954,303.1387848020621,4.682743792727706e-08,2.5499999949792818,2.5499999950190944,-3.9812597663058114e-11
1070,0.002,303.15716462382318,303.15716458270765,4.1115526983048767e-08,2.5499999786537244,2.5499999787205416,-6.6817218424830571e-11
1070,0.0030000000000000001,303.18785953527544,303.18785950384728,3.1428157853952143e-08,2.5499999004393876,2.5499999006358784,-1.9649082361183901e-10
1070,0.0040000000000000001,303.23096174597157,303.23096172819868,1.7772890714695677e-08,2.5499995460927281,2.5499995467552083,-6.6248029284565746e-10
1070,0.0050000000000000001,303.28659869544828,303.28659869531373,1.3454837244353257e-10,2.5499980396354482,2.5499980418063402,-2.170891910679984e-09
1070,0.0060000000000000001,303.35493142026053,303.35493144168868,-2.1428149921121076e-08,2.5499920813796257,2.5499920879703235,-6.5906977653185095e-09
1070,0.0070000000000000001,303.43615236052744,303.43615240716582,-4.6638376716146013e-08,2.5499702713336863,2.549970289556649,-1.822296269438084e-08
1070,0.0080000000000000002,303.53048281519654,303.53048288999867,-7.4802130711759673e-08,2.5498966141886057,2.5498966596335024,-4.5444896734636586e-08
1070,0.0090000000000000011,303.63817047455609,303.63817057920051,-1.0464441402291413e-07,2.5496675430021321,2.5496676443488857,-1.0134675365591761e-07
1070,0.01,303.7594878598203,303.75948799417921,-1.343589133284695e-07,2.5490122542201346,2.5490124542862569,-2.0006612233558485e-07
1070,0.010999999999999999,303.89473300465079,303.89473316671859,-1.6206780628635897e-07,2.5472890450775734,2.5472893895700874,-3.4449251407053794e-07
1070,0.012,304.04423421335616,304.04423440009629,-1.8674012380870408e-07,2.5431242688830435,2.5431247733850615,-5.04502017939501e-07
1070,0.013000000000000001,304.20836102214679,304.20836123149104,-2.0934425037921756e-07,2.5338722204800335,2.5338728163544286,-5.9587439515951246e-07
1070,0.014,304.38754330030025,304.3875435339873,-2.3368704660242656e-07,2.5149729076397089,2.5149733919572879,-4.8431757893041549e-07
1070,0.014999999999999999,304.5822994994399,304.58229976574688,-2.6630698357621441e-07,2.479449977730698,2.479450018523488,-4.0792790034771542e-08
1070,0.016,304.79327328770455,304.79327360301403,-3.1530947808278142e-07,2.4179535886778996,2.4179528344936125,7.541842870217863e-07
1070,0.017000000000000001,305.02127538767775,305.0212757759013,-3.8822355463707936e-07,2.3197702096572579,2.3197684964246696,1.7132325882407429e-06
1070,0.018000000000000002,305.26732492956688,305.26732541961678,-4.9004989932655008e-07,2.1749552479363108,2.1749528048607716,2.4430755392046422e-06
1070,0.019,305.53268286137177,305.5326834838213,-6.2244953369372524e-07,1.9772048650333538,1.9772023680128881,2.4970204657304151e-06
1070,0.02,305.81886974310453,305.81887054560599,-8.0250146083926666e-07,1.7265271623242542,1.7265255470921237,1.6152321304918615e-06
1080,0,303.17413328979541,303.1741332483432,4.1452210552961333e-08,2.5499999971974279,2.5499999974918128,-2.9438496085276711e-10
1080,0.001,303.18029519400301,303.1802951507305,4.3272507355140988e-08,2.5499999940387506,2.549999994080828,-4.2077452633293433e-11
1080,0.002,303.19879910048888,303.19879906307068,3.741820364666637e-08,2.5499999750772377,2.5499999751507731,-7.3535399991442318e-11
1080,0.0030000000000000001,303.22969935902626,303.2296993314983,2.7527960355655523e-08,2.5499998855580852,2.5499998857761192,-2.1803403527087539e-10
1080,0.0040000000000000001,303.27308578176184,303.27308576806644,1.3695398592972197e-08,2.5499994858245763,2.5499994865531415,-7.2856520816344528e-10
1080,0.0050000000000000001,303.32908250525622,303.32908250917177,-3.9155452213890385e-09,2.5499978096409808,2.5499978119985447,-2.3575639218620381e-09
1080,0.0060000000000000001,303.39784647531206,303.39784650027394,-2.4961877898022067e-08,2.5499912654479675,2.5499912725151046,-7.0671370977493098e-09
1080,0.0070000000000000001,303.47956572874409,303.47956577757492,-4.8830827381607378e-08,2.5499675993792965,2.5499676186850522,-1.9305755660781188e-08
1080,0.0080000000000000002,303.57445782745896,303.57445790206117,-7.4602212407626212e-08,2.549888571363367,2.549888618966488,-4.7603121000605597e-08
1080,0.0090000000000000011,303.68276905866372,303.68276915979374,-1.0113001280842582e-07,2.5496453518101689,2.549645456853245,-1.05043076015221e-07
1080,0.01,303.80477532599821,303.80477545330473,-1.2730652088066563e-07,2.5489562433569861,2.5489564486795473,-2.053225611753362e-07
1080,0.010999999999999999,303.94078595450151,303.94078610701564,-1.5251413287842297e-07,2.5471599235388998,2.5471602737970653,-3.5025816558231782e-07
1080,0.012,304.09115180648962,304.0911519836668,-1.7717718492349377e-07,2.5428527688372053,2.5428532771382213,-5.0830101594456778e-07
1080,0.013000000000000001,304.25627901209447,304.25627921533072,-2.0323625449236715e-07,2.5333521980838922,2.5333527926068489,-5.9452295664286225e-07
1080,0.014,304.4366491197855,304.43664935411175,-2.3432625084751635e-07,2.5140668551904657,2.5140673312966251,-4.7610615938609158e-07
1080,0.014999999999999999,304.63284549782151,304.63284577333036,-2.7550885306482087e-07,2.4780163131078772,2.4780163412537926,-2.8145915376143193e-08
1080,0.016,304.84558442923412,304.84558476177966,-3.3254553954975563e-07,2.4158978732387117,2.4158971092244923,7.6401421944538583e-07
1080,0.017000000000000001,305.07574777540623,305.07574818624255,-4.1083632140725967e-07,2.3171073410322651,2.3171056295194301,1.7115128350120301e-06
1080,0.018000000000000002,305.32441272579615,305.32441324012177,-5.1432562031550333e-07,2.1718541717677931,2.1718517457985298,2.4259692632533358e-06
1080,0.019,305.59287345489628,305.5928740997137,-6.448174190154532e-07,1.9739848380169522,1.9739823679384663,2.4700784859721381e-06
1080,0.02,305.8826488660572,305.882650655193,-1.7891358083943487e-06,1.7235935878341293,1.7235919963581805,1.5914759488033781e-06
1090,0,303.21587934897508,303.21587930941098,3.9564099552080734e-08,2.5499999966441473,2.5499999968091225,-1.6497514465640961e-10
1090,0.001,303.22208174036723,303.22208170092057,3.9446661048714304e-08,2.5499999929434529,2.5499999929765358,-3.3082869776990265e-11
1090,0.002,303.24070665238111,303.2407066188498,3.3531307508383179e-08,2.5499999709807741,2.5499999710538694,-7.3095307584480906e-11
1090,0.0030000000000000001,303.27180708904842,303.27180706535364,2.3694781248195795e-08,2.5499998687739964,2.5499998690093499,-2.3535351445502783e-10
1090,0.0040000000000000001,303.31547071497766,303.31547070484294,1.0134726835531183e-08,2.5499994188238331,2.5499994196183962,-7.9456308199610248e-10
1090,0.0050000000000000001,303.37181893229467,303.37181893912418,-6.8295094024506398e-09,2.5499975573887994,2.5499975599402918,-2.5514923507330423e-09
1090,0.0060000000000000001,303.44100580340421,303.441005830108,-2.6703787625592668e-08,2.5499903818022007,2.549990389365246,-7.5630453011399368e-09
1090,0.0070000000000000001,303.52321710932279,303.52321715813025,-4.8807464736455586e-08,2.5499647395639058,2.5499647599880322,-2.0424126390139463e-08
1090,0.0080000000000000002,303.61867000397484,303.61867007630497,-7.2330124112340854e-08,2.5498800564914039,2.5498801063007166,-4.9809312674398143e-08
1090,0.0090000000000000011,303.7276139244974,303.72761402098382,-9.648641707826755e-08,2.5496220931013367,2.5496222018808266,-1.0877948986021124e-07
1090,0.01,303.85033360778067,303.85033372855753,-1.2077686051270575e-07,2.548898074990726,2.5488982855629994,-2.1057227339582596e-07
1090,0.010999999999999999,303.98715518065603,303.98715532600772,-1.4535169157170458e-07,2.5470269404753028,2.5470272964064615,-3.559311587686409e-07
1090,0.012,304.13845625272035,304.13845642420517,-1.7148482811535359e-07,2.5425752303301921,2.5425757422539697,-5.1192377759079477e-07
1090,0.013000000000000001,304.30468065327352,304.30468085517742,-2.0190390159768867e-07,2.5328241141768286,2.5328247071682544,-5.9299142574076313e-07
1090,0.014,304.48635776517568,304.48635800422034,-2.3904465251689544e-07,2.5131520413799926,2.5131525092248896,-4.6784489704521093e-07
1090,0.014999999999999999,304.68412475766809,304.68412504034677,-2.8267868401599117e-07,2.4765758722021629,2.476575887866614,-1.5664451069596907e-08
1090,0.016,304.89874544341586,304.89874578708526,-3.4366939871688373e-07,2.4138408043206905,2.4138400307785566,7.7354213390279369e-07
1090,0.017000000000000001,305.1311082098174,305.13110865013908,-4.4032168489138712e-07,2.314451245368109,2.3144495357752106,1.7095928983579256e-06
1090,0.018000000000000002,305.3821677498899,305.38216829860903,-5.4871912880116724e-07,2.1687682448869721,2.1687658359104756,2.4089764965040672e-06
1090,0.019,305.65279194047889,305.65279253892209,-5.9844319366675336e-07,1.9707853622662463,1.9707829187491479,2.4435170984382637e-06
1090,0.02,305.94352581407247,305.94352638822841,-5.7415593346377136e-07,1.7206792173091765,1.7206776452304913,1.5720786852302382e-06
1100,0,303.25789577367357,303.25789573814609,3.5527477848518174e-08,2.5499999959945079,2.549999996161203,-1.666951021661589e-10
1100,0.001,303.26413769401415,303.26413765855648,3.5457674130157102e-08,2.5499999916715135,2.5499999917074878,-3.5974334622324022e-11
1100,0.002,303.28288081742613,303.28288078771834,2.9707791782129789e-08,2.5499999663005481,2.5499999663819368,-8.1388673578430826e-11
1100,0.0030000000000000001,303.31417708080312,303.31417706058522,2.0217896690155612e-08,2.5499998498862677,2.5499998501473926,-2.6112489948104667e-10
1100,0.0040000000000000001,303.35811258361349,303.35811257633884,7.2746502155496273e-09,2.5499993444860296,2.5499993453573331,-8.713034738150327e-10
1100,0.0050000000000000001,303.41480703759663,303.4148070463138,-8.7171656559803523e-09,2.5499972812055667,2.5499972839678833,-2.7623165976820019e-09
1100,0.0060000000000000001,303.48441330280735,303.48441333003643,-2.7229077659285394e-08,2.5499894262659293,2.5499894343530527,-8.0871234153789828e-09
1100,0.0070000000000000001,303.56711735727089,303.56711740493574,-4.7664855173934484e-08,2.5499616826415816,2.5499617042273108,-2.1585729204076642e-08
1100,0.0080000000000000002,303.66313918361618,303.66313925312073,-6.950455144760781e-08,2.5498710517528487,2.5498711038224395,-5.2069590861236748e-08
1100,0.0090000000000000011,303.77273518209654,303.77273527460375,-9.2507207227754407e-08,2.5495977378127961,2.5495978503730035,-1.1256020737704375e-07
1100,0.01,303.89620278859314,303.89620290532321,-1.1673006383716711e-07,2.5488377111951221,2.5488379270133108,-2.158181886535715e-07
1100,0.010999999999999999,304.03388790167685,304.03388804366131,-1.4198445796864689e-07,2.5468900621838806,2.5468904236991414,-3.6151526083827434e-07
1100,0.012,304.1861953365725,304.18619550395425,-1.6738175645514275e-07,2.5422916501452737,2.5422921655228259,-5.1537755219044357e-07
1100,0.013000000000000001,304.35360151362516,304.35360170742206,-1.9379689319976023e-07,2.5322880275494266,2.5322886188404112,-5.9129098461951912e-07
1100,0.014,304.53666649721521,304.53666672743748,-2.3022226969260373e-07,2.5122286022268603,2.5122290617720049,-4.5954514460433415e-07
1100,0.014999999999999999,304.73603902827688,304.7360393225955,-2.9431862458295655e-07,2.4751288414181287,2.4751288447722359,-3.3541072141929362e-09
1100,0.016,304.95244407860702,304.95244446940842,-3.90801403682417e-07,2.4117825423861077,2.4117817596161983,7.8276990933545676e-07
1100,0.017000000000000001,305.18664059778132,305.18664108558949,-4.8780816541693639e-07,2.3118019625851298,2.3118002551089503,1.7074761795576876e-06
1100,0.018000000000000002,305.43934239111036,305.43934292320228,-5.3209191719361115e-07,2.1656973378195814,2.1656949457303725,2.3920892089357437e-06
1100,0.019,305.7111104630917,305.71111096725537,-5.0416366548233782e-07,1.9676061575748109,1.9676037402913593,2.4172834516278385e-06
1100,0.02,306.00224597925103,306.00224644630305,-4.6705201839358779e-07,1.7177839718224142,1.7177824213216897,1.5505007244787095e-06
1110,0,303.30017679694754,303.30017676512142,3.182611862939666e-08,2.5499999952340109,2.5499999954026564,-1.6864554197582038e-10
1110,0.001,303.30645753988409,303.30645750803461,3.1849481274548452e-08,2.5499999901984958,2.5499999902377244,-3.9228620352105281e-11
1110,0.002,303.32531690062302,303.32531687423113,2.6391887786303414e-08,2.5499999609664581,2.5499999610570288,-9.057066208129072e-11
1110,0.0030000000000000001,303.35680620854066,303.35680619111753,1.7423133158445125e-08,2.5499998286775991,2.5499998289668171,-2.8921798289616163e-10
1110,0.0040000000000000001,303.40101083871582,303.40101083346428,5.2515360948746093e-09,2.5499992621667245,2.5499992631205042,-9.5377972186838633e-10
1110,0.0050000000000000001,303.45805011964711,303.45805012939138,-9.7442693913762923e-09,2.5499969793319193,2.5499969823177886,-2.985869329563684e-09
1110,0.0060000000000000001,303.52807754666173,303.52807757380185,-2.714011770876823e-08,2.5499883945059616,2.5499884031417266,-8.6357649919932555e-09
1110,0.0070000000000000001,303.61128164701717,303.61128169349865,-4.6481488880090183e-08,2.5499584191409728,2.5499584419279699,-2.278699717805921e-08
1110,0.0080000000000000002,303.70788792022631,303.7078879874577,-6.7231383127364097e-08,2.5498615391207213,2.549861593500474,-5.437975270083939e-08
1110,0.0090000000000000011,303.81816228767667,303.81816237638799,-8.8711317403067369e-08,2.5495722569208459,2.5495723733007467,-1.1637990082746796e-07
1110,0.01,303.94241634823027,303.94241645861013,-1.103798581425508e-07,2.5487751146607018,2.5487753357150682,-2.2105436636721265e-07
1110,0.010999999999999999,304.08101432666371,304.08101445959727,-1.3293356460053474e-07,2.5467492563510352,2.5467496233569604,-3.6700592520588771e-07
1110,0.012,304.23438077080885,304.23438093082262,-1.6001376934582368e-07,2.5420020268794286,2.5420025455410253,-5.1866159678226609e-07
1110,0.013000000000000001,304.40300671301861,304.40300691159428,-1.985756625799695e-07,2.5317439981053638,2.5317445875302917,-5.894249279769781e-07
1110,0.014,304.587450313906,304.58745056916024,-2.5525423552608117e-07,2.5112966727012713,2.5112971239116924,-4.5121042102636011e-07
1110,0.014999999999999999,304.78832656826643,304.78832689685231,-3.2858588383533061e-07,2.4736754033572121,2.4736753945701775,8.7870346554552725e-09
1110,0.016,305.0062806226203,305.00628102644794,-4.0382764154855977e-07,2.4097232427925435,2.4097224510856754,7.917068680640682e-07
1110,0.017000000000000001,305.24194193032758,305.24194238967482,-4.5934723402751843e-07,2.3091595295870717,2.3091578244133504,1.7051737213336082e-06
1110,0.018000000000000002,305.49586235529694,305.49586283450532,-4.7920838142090361e-07,2.1626413222940766,2.1626389469854921,2.3753085844901989e-06
1110,0.019,305.76844903962734,305.7684495060422,-4.6641486051157699e-07,1.9644469155744928,1.9644445241603326,2.3914141602521255e-06
1110,0.02,306.05990901545272,306.05990946402176,-4.485690396904829e-07,1.714907913407691,1.7149063843891796,1.5290185113592258e-06
1120,0,303.34271875524928,303.34271872656291,2.868637238861993e-08,2.549999994346329,2.5499999945171878,-1.7085888259771309e-10
1120,0.001,303.34903798366827,303.34903795484388,2.8824388209613971e-08,2.5499999884971603,2.5499999885400393,-4.2879033657072796e-11
1120,0.002,303.36801275161838,303.36801272791013,2.3708253138465807e-08,2.549999954901641,2.5499999550023555,-1.0071454781268585e-10
1120,0.0030000000000000001,303.39969433397147,303.39969431867269,1.5298780908779008e-08,2.5499998049133255,2.5499998052331208,-3.1979530135117784e-10
1120,0.0040000000000000001,303.44416832561211,303.44416832171891,3.8932057577767409e-09,2.5499991711799508,2.5499991722222397,-1.0422889218375531e-09
1120,0.0050000000000000001,303.5015550097703,303.50155501989195,-1.0121652849193197e-08,2.5499966499205962,2.5499966531431899,-3.222593747409519e-09
1120,0.0060000000000000001,303.5720101860465,303.57201021230435,-2.6257851004629629e-08,2.5499872820316107,2.5499872912410462,-9.2094354364746778e-09
1120,0.0070000000000000001,303.65572672606015,303.6557267700249,-4.3964746510027908e-08,2.5499549393691208,2.5499549633971736,-2.4028052880709083e-08
1120,0.0080000000000000002,303.7529371080231,303.75293717081831,-6.2795209032628918e-08,2.5498515003729514,2.5498515571119293,-5.6738977960435477e-08
1120,0.0090000000000000011,303.86391704673429,303.86391712953434,-8.2800056588894222e-08,2.5495456214602137,2.5495457416966483,-1.2023643458647371e-07
1120,0.01,303.9889900174071,303.9889901225244,-1.051172944244172e-07,2.5487102487091913,2.5487104749871499,-2.2627795859264666e-07
1120,0.010999999999999999,304.12853191726128,304.12853204964068,-1.3237939811006072e-07,2.546604492039231,2.5466048644408157,-3.7240158468065943e-07
1120,0.012,304.28297432639221,304.28297449462042,-1.6822821180539904e-07,2.5417063608863382,2.541706882664307,-5.2177796883157157e-07
1120,0.013000000000000001,304.45280395776831,304.452804173206,-2.1543769435083959e-07,2.5311920867799653,2.5311926741789978,-5.8739903252558179e-07
1120,0.014,304.63855524824777,304.63855552142604,-2.7317827289152774e-07,2.5103563866825356,2.5103568295290404,-4.4284650480008736e-07
1120,0.014999999999999999,304.84079312165034,304.84079345679925,-3.3514891129016178e-07,2.4722157368818864,2.4722157161232876,2.0758598839876186e-08
1120,0.016,305.06008423113661,305.06008462209815,-3.909615315933479e-07,2.4076630559680972,2.4076622556084013,8.0035969585168232e-07
1120,0.017000000000000001,305.29695764286328,305.29695807327039,-4.3040711261710385e-07,2.306523980410744,2.3065222777174212,1.7026933227803909e-06
1120,0.018000000000000002,305.55185952370027,305.55185997148476,-4.4778448682336602e-07,2.1596000704417344,2.1595977118110667,2.3586306676648405e-06
1120,0.019,305.82510981350566,305.82511025777933,-4.4427366674426594e-07,1.9613073286970335,1.9613049627403853,2.3659566481537553e-06
1120,0.02,306.11687059481608,306.11687102924219,-4.3442611286081956e-07,1.7120508769930751,1.7120493692123291,1.5077807460350812e-06
1130,0,303.38552067200561,303.38552064571684,2.6288773824489908e-08,2.5499999933131297,2.549999993486491,-1.7336132529521819e-10
1130,0.001,303.39187846640584,303.39187843984826,2.6557586352282669e-08,2.54999998653722,2.5499999865841905,-4.6970427547421423e-11
1130,0.002,303.41096906698363,303.41096904514558,2.1838047814526362e-08,2.5499999480219793,2.5499999481338782,-1.1189893456275968e-10
1130,0.0030000000000000001,303.44284423680773,303.44284422270573,1.4101999568083556e-08,2.5499997783404909,2.5499997786935023,-3.5301139789112312e-10
1130,0.0040000000000000001,303.48759065442187,303.48759065076291,3.6589540286513511e-09,2.5499990707966838,2.5499990719338026,-1.1371188435305157e-09
1130,0.0050000000000000001,303.54533064497707,303.54533065410368,-9.1266088020347524e-09,2.5499962910346201,2.5499962945075327,-3.4729126241472841e-09
1130,0.0060000000000000001,303.61622341293656,303.61622343684337,-2.3906807200546609e-08,2.5499860841941993,2.549986094002779,-9.8085797262115193e-09
1130,0.0070000000000000001,303.70046690118676,303.70046694169639,-4.0509632981411414e-08,2.5499512334155274,2.549951258724509,-2.5308981577154555e-08
1130,0.0080000000000000002,303.79830030119842,303.7983003603664,-5.9167973631701898e-08,2.5498409171044227,2.5498409762508287,-5.914640599513632e-08
1130,0.0090000000000000011,303.91000702171345,303.91000710245345,-8.0739994245959679e-08,2.5495178025427738,2.5495179266704295,-1.2412765570957163e-07
1130,0.01,304.03591757171858,304.03591767846848,-1.0674989425751846e-07,2.5486430773067128,2.5486433087928972,-2.3148618444324143e-07
1130,0.010999999999999999,304.17641134832422,304.17641148736425,-1.390400257150759e-07,2.546455739672731,2.5464561173735452,-3.7770081418031509e-07
1130,0.012,304.33191582850804,304.33191600746073,-1.7895268911161111e-07,2.5414046542201851,2.5414051789489802,-5.2472879508158599e-07
1130,0.013000000000000001,304.5029013132301,304.5029015394922,-2.2626210238740896e-07,2.5306323554620351,2.5306329406810133,-5.8521897816632418e-07
1130,0.014,304.68986939336509,304.68986967170758,-2.7834249749503215e-07,2.5094078769203643,2.5094083113792713,-4.3445890707261015e-07
1130,0.014999999999999999,304.89333392304962,304.8933342532556,-3.3020597811628249e-07,2.4707500171804999,2.4707499846200927,3.2560407259296653e-08
1130,0.016,305.11379460177187,305.1137949774253,-3.7565342836387572e-07,2.4056021275807757,2.405601318845799,8.0873497676492434e-07
1130,0.017000000000000001,305.35170514690475,305.35170555582636,-4.0892160768635222e-07,2.3038953463433542,2.303893646301137,1.7000422172230856e-06
1130,0.018000000000000002,305.60744005236336,305.60744047866882,-4.2630546204236452e-07,2.1565734536649197,2.156571111613129,2.3420517907268845e-06
1130,0.019,305.88126542660405,305.88126585347021,-4.2686616552600753e-07,1.9581871085197937,1.9581847676132016,2.34090659212427e-06
1130,0.02,306.17331972544537,306.17332014658501,-4.2113964582313201e-07,1.7092126508287082,1.7092111639995031,1.4868292050884691e-06
1140,0,303.42858433564561,303.42858431063939,2.5006215764733497e-08,2.5499999921138716,2.549999992290056,-1.7618440040223504e-10
1140,0.001,303.4349811604838,303.43498113505512,2.5428676053707022e-08,2.5499999842850753,2.5499999843366155,-5.1540105516778567e-11
1140,0.002,303.45418913438823,303.45418911322867,2.1159564767003758e-08,2.5499999402356046,2.5499999403598084,-1.2420375838928521e-10
1140,0.0030000000000000001,303.48626092235486,303.48626090822466,1.4130193903838517e-08,2.5499997486869033,2.5499997490759365,-3.890332500589011e-10
1140,0.0040000000000000001,303.53128487369599,303.53128486914682,4.5491788114304654e-09,2.5499989602433093,2.5499989614818683,-1.2385590331120966e-09
1140,0.0050000000000000001,303.58938593629085,303.58938594370642,-7.4155650509055704e-09,2.5499959006455679,2.5499959043828326,-3.7372647199163112e-09
1140,0.0060000000000000001,303.6607270017447,303.66072702347242,-2.1727714738517534e-08,2.5499847961867346,2.5499848066203632,-1.0433628627737335e-08
1140,0.0070000000000000001,303.74551065259681,303.74551069119491,-3.8598102491960162e-08,2.549947291156438,2.5499473177862622,-2.662982412360293e-08
1140,0.0080000000000000002,303.84398114408424,303.84398120265143,-5.8567195537762018e-08,2.5498297707390312,2.5498298323401678,-6.1601136636113552e-08
1140,0.0090000000000000011,303.95642623315621,303.95642631564681,-8.2490601016615983e-08,2.5494887713756706,2.549488899427105,-1.2805143434491129e-07
1140,0.01,304.08317818287406,304.08317829423044,-1.1135637123516062e-07,2.5485735650757682,2.548573801752144,-2.3667637583102419e-07
1140,0.010999999999999999,304.2246129721521,304.22461311806927,-1.459171699025319e-07,2.5463029710223517,2.5463033539247002,-3.8290234849469584e-07
1140,0.012,304.38114652004731,304.38114670625146,-1.8620414721226553e-07,2.5410969105802321,2.5410974380965285,-5.2751629642244779e-07
1140,0.013000000000000001,304.55322671161753,304.55322694270171,-2.3108418645279016e-07,2.5300648669188628,2.5300654498092041,-5.8289034132741335e-07
1140,0.014,304.74132030945577,304.74132058750831,-2.7805253921542317e-07,2.5084512749997865,2.5084517010526874,-4.2605290095920623e-07
1140,0.014999999999999999,304.94589452201171,304.94589484544116,-3.2342944678021013e-07,2.469278415832755,2.4692783716403039,4.4192451031932478e-08
1140,0.016,305.16739404297476,305.16739440591522,-3.6294045457907487e-07,2.4035405987014165,2.4035397818622442,8.1683917230179759e-07
1140,0.017000000000000001,305.40621560201311,305.40621599451094,-3.9249783867489896e-07,2.3012736559945486,2.3012719587675656,1.6972269829551578e-06
1140,0.018000000000000002,305.66268317526152,305.66268358425009,-4.0898856923377025e-07,2.1535613423234072,2.1535590167508065,2.3255726007143096e-06
1140,0.019,305.93702763800525,305.93702804867667,-4.1067141864914447e-07,1.9550859836170162,1.9550836673703762,2.3162466400439286e-06
1140,0.02,306.22937492357158,306.22937491385198,9.7195993475907017e-09,1.7063930068305599,1.7063915402295671,1.4666009928721024e-06
1150,0,303.47191379850199,303.47191377428891,2.4213079541368643e-08,2.5499999907256043,2.5499999910545847,-3.2898039847850669e-10
1150,0.001,303.47835038343879,303.47835035810925,2.5329541131213773e-08,2.5499999817035328,2.5499999817733783,-6.9845462746798148e-11
1150,0.002,303.49767799796598,303.49767797661144,2.1354537693696329e-08,2.5499999314423825,2.5499999315891437,-1.4676126980361914e-10
1150,0.0030000000000000001,303.52995040513474,303.52995039043128,1.4703459783049766e-08,2.549999715660157,2.5499997160953503,-4.3519321479834616e-10
1150,0.0040000000000000001,303.57525782072008,303.57525781526533,5.4547513173019979e-09,2.5499988387001027,2.5499988400530507,-1.3529479758744856e-09
1150,0.0050000000000000001,303.63372781108507,303.63372781748473,-6.3996594690252095e-09,2.5499954766319202,2.5499954806532608,-4.0213405938516189e-09
1150,0.0060000000000000001,303.70552647847967,303.7055264994857,-2.1006030692660715e-08,2.5499834130437704,2.5499834241334627,-1.1089692275589869e-08
1150,0.0070000000000000001,303.79085978492395,303.79085982361789,-3.8693940496159485e-08,2.5499431022593346,2.5499431302541913,-2.7994856655055855e-08
1150,0.0080000000000000002,303.8899747285468,303.88997478851962,-5.9972819599352079e-08,2.5498180425417094,2.5498181066478649,-6.4106155495124995e-08
1150,0.0090000000000000011,304.00315990864544,304.00315999409275,-8.5447311448660912e-08,2.5494584992788605,2.5494586312881231,-1.3200926263223778e-07
1150,0.01,304.13074482692411,304.13074494255517,-1.1563105317691225e-07,2.5485016773061,2.5485019191553957,-2.4184929570125746e-07
1150,0.010999999999999999,304.27309712361665,304.27309727427632,-1.5065967318150797e-07,2.5461461591894174,2.546146547197607,-3.8800818957795968e-07
1150,0.012,304.43061690729002,304.43061709715664,-1.8986662553288625e-07,2.5407831352563495,2.5407836654020852,-5.3014573575538293e-07
1150,0.013000000000000001,304.60372748100207,304.6037277121286,-2.3112653479984147e-07,2.5294896847243522,2.5294902651458586,-5.8042150641313128e-07
1150,0.014,304.79286217538095,304.79286244629554,-2.7091459742223378e-07,2.5074867113094461,2.507487128945932,-4.1763648583881263e-07
1150,0.014999999999999999,304.99844784538544,304.99844815483578,-3.0945034268370364e-07,2.4678011008753673,2.4678010452235499,5.5651817376656254e-08
1150,0.016,305.22088745054828,305.22088780686323,-3.5631495620691567e-07,2.4014786059587641,2.4014777812833201,8.2467544393338699e-07
1150,0.017000000000000001,305.46054812307494,305.46054852878802,-4.0571308090875391e-07,2.2986589353197089,2.2986572410694368,1.6942502720773689e-06
1150,0.018000000000000002,305.71776689267676,305.71776731117376,-4.1849699528029305e-07,2.1505636062622835,2.150561297069491,2.3091927925378286e-06
1150,0.019,305.9928873639422,305.99288775934428,-3.9540208263133536e-07,1.9520036954939228,1.9520014035307889,2.291963133949082e-06
1150,0.02,306.28632519125523,306.28632561187624,-4.20621006469446e-07,1.7035931215275275,1.7035916795372472,1.4419902802931261e-06
1160,0,303.51551438571443,303.51551436106308,2.4651342300785473e-08,2.5499999891227425,2.5499999894552943,-3.3255176390412089e-10
1160,0.001,303.52199155554405,303.52199152972071,2.5823339910857612e-08,2.5499999787515106,2.549999978827024,-7.5513373332114497e-11
1160,0.002,303.54144128459433,303.54144126260542,2.1988910248182947e-08,2.5499999215333715,2.5499999216949476,-1.6157608584421723e-10
1160,0.0030000000000000001,303.57391839557204,303.573918380083,1.5489035831706133e-08,2.5499996789466697,2.5499996794240052,-4.773355044562777e-10
1160,0.0040000000000000001,303.61951478736597,303.61951478107454,6.2914295995142311e-09,2.5499987052997342,2.5499987067682461,-1.4685119786861378e-09
1160,0.0050000000000000001,303.67836015293636,303.67836015867357,-5.7372062656213529e-09,2.5499950167775181,2.5499950210925513,-4.3150332196262298e-09
1160,0.0060000000000000001,303.75062281308698,303.75062283392828,-2.0841298464802094e-08,2.5499819296414974,2.5499819414092562,-1.1767758767433634e-08
1160,0.0070000000000000001,303.83651044598531,303.83651048535256,-3.9367250792565756e-08,2.5499386561876931,2.5499386855832031,-2.9395510026120064e-08
1160,0.0080000000000000002,303.93627037753419,303.93627043922515,-6.1690968777838862e-08,2.5498057136304699,2.5498057802831147,-6.6652644736819866e-08
1160,0.0090000000000000011,304.05018897513395,304.05018906321379,-8.8079843862942653e-08,2.5494269577019955,2.5494270936937706,-1.3599177517420458e-07
1160,0.01,304.17858958888667,304.17858970747744,-1.185907763101568e-07,2.5484273799641843,2.5484276269599051,-2.4699572076514187e-07
1160,0.010999999999999999,304.32182846161629,304.32182861487456,-1.5325827007472981e-07,2.5459852785884811,2.545985671599539,-3.9301105791977875e-07
1160,0.012,304.48028816249717,304.48028835488333,-1.923861532304727e-07,2.5404633350749477,2.5404638676884623,-5.3261351462552398e-07
1160,0.013000000000000001,304.65436850902086,304.65436874440422,-2.353833679080708e-07,2.5289068731899325,2.5289074510019458,-5.7781201334705656e-07
1160,0.014,304.84447577748898,304.84447605546796,-2.7797898383141728e-07,2.5065143150135851,2.5065147242221162,-4.0920853106030108e-07
1160,0.014999999999999999,305.05101234347961,305.05101265690445,-3.1342483453045134e-07,2.4663182368690584,2.4663181699240955,6.6944962906489991e-08
1160,0.016,305.2743704861868,305.27437082482248,-3.3863568660308374e-07,2.3994162816868467,2.3994154494305548,8.3225629188277139e-07
1160,0.017000000000000001,305.51493496153643,305.51493531989831,-3.5836188772009336e-07,2.2960512076256179,2.2960495165013084,1.6911243094774875e-06
1160,0.018000000000000002,305.77309753032728,305.7730979161081,-3.8578082239837386e-07,2.1475801155436054,2.1475778226195028,2.2929241025870795e-06
1160,0.019,306.0492819692069,306.04928239961151,-4.3040461150667397e-07,1.9489400073170327,1.9489377392353384,2.2680816942344251e-06
1160,0.02,306.34397155301838,306.34397204510412,-4.9208574637304991e-07,1.7008124892006418,1.7008110685285012,1.4206721405951583e-06
1170,0,303.5593915250904,303.55939149964735,2.5443057438678807e-08,2.5499999872768266,2.5499999876133685,-3.365419054546237e-10
1170,0.001,303.56591003168853,303.56591000506745,2.6621080451150192e-08,2.5499999753837272,2.5499999754655325,-8.1805229257270184e-11
1170,0.002,303.58548406386177,303.5854840410766,2.2785172859585145e-08,2.5499999103902646,2.5499999105680407,-1.7777601613033767e-10
1170,0.0030000000000000001,303.61816927590991,303.61816925968589,1.622402123757638e-08,2.5499996382106698,2.5499996387334707,-5.2280091367151726e-10
1170,0.0040000000000000001,303.66405878601449,303.66405877917555,6.8389454099815339e-09,2.5499985591257581,2.5499985607173561,-1.5915979645342304e-09
1170,0.0050000000000000001,303.72328361082509,303.72328361637864,-5.5535451792820822e-09,2.549994518770053,2.5499945233940737,-4.6240207218772866e-09
1170,0.0060000000000000001,303.79601304858772,303.7960130697881,-2.1200378341745818e-08,2.5499803406979136,2.5499803531707976,-1.2472884058922773e-08
1170,0.0070000000000000001,303.88245476576543,303.88245480616246,-4.0397026168648154e-08,2.5499339422058021,2.5499339730417763,-3.0835974218490492e-08
1170,0.0080000000000000002,303.98285426156099,303.9828543250448,-6.3483810208708746e-08,2.5497927649882888,2.5497928342318072,-6.9243518474593202e-08
1170,0.0090000000000000011,304.09749332737476,304.09749341820435,-9.082958740691538e-08,2.5493941182407975,2.5493942582412958,-1.4000049830542594e-07
1170,0.01,304.22668712315829,304.22668724583616,-1.2267787496966776e-07,2.5483506397020768,2.548350891818683,-2.521166062585678e-07
1170,0.010999999999999999,304.37077961548511,304.37077977420211,-1.5871700043135206e-07,2.5458203049301571,2.545820702843395,-3.9791323791504851e-07
1170,0.012,304.53013742536331,304.53013762277942,-1.9741611367862788e-07,2.5401375183467874,2.5401380532718227,-5.3492503537810876e-07
1170,0.013000000000000001,304.7051426549134,304.70514289051653,-2.3560312456538668e-07,2.5283164972988188,2.5283170723688522,-5.7507003337065044e-07
1170,0.014,304.89618595253967,304.89618622215875,-2.6961907906297711e-07,2.5055342140263308,2.5055346148028845,-4.0077655372172671e-07
1170,0.014999999999999999,305.10366173152147,305.1036620300564,-2.9853492833353812e-07,2.4648299849632842,2.4648299068939878,7.8069296360894214e-08
1170,0.016,305.32796769334021,305.32796801910479,-3.2576457442701212e-07,2.3973537540592393,2.397352914474689,8.3958455032728807e-07
1170,0.017000000000000001,305.56951017576847,305.56951053223435,-3.5646587548399111e-07,2.2934504935928395,2.2934488057414395,1.6878513999785127e-06
1170,0.018000000000000002,305.82871515051175,305.82871554443346,-3.9392170947394334e-07,2.1446107411262152,2.1446084643586194,2.2767675957879874e-06
1170,0.019,306.10604232773062,306.10604276507377,-4.3734314658649964e-07,1.9458947266468338,1.9458924820860066,2.2445608272025908e-06
1170,0.02,306.40199780300458,306.40199829688055,-4.938759730066522e-07,1.6980504556388396,1.6980490555778418,1.4000609978026546e-06
1180,0,303.6035497255649,303.603549699224,2.6340899239585269e-08,2.5499999851562749,2.549999985497279,-3.4100411383519713e-10
1180,0.001,303.61011012081735,303.61011009333356,2.7483793019200675e-08,2.5499999715503754,2.5499999716391506,-8.8775209405866917e-11
1180,0.002,303.62981000136006,303.62980997782586,2.3534198589914013e-08,2.54999989788482,2.5499998980802885,-1.9546853025076416e-10
1180,0.0030000000000000001,303.66270550726978,303.66270549051194,1.6757837784098228e-08,2.5499995930932027,2.5499995936649849,-5.7178217716113977e-10
1180,0.0040000000000000001,303.70889035755192,303.70889035052522,7.0266992224787828e-09,2.5499983992111583,2.5499984009336654,-1.7225070259030417e-09
1180,0.0050000000000000001,303.76849596095792,303.76849596683132,-5.8734030972118489e-09,2.5499939801997016,2.5499939851484177,-4.9487161035699501e-09
1180,0.0060000000000000001,303.84169133704484,303.84169135926811,-2.2223275664146058e-08,2.549978640773265,2.5499786539786884,-1.3205423421425166e-08
1180,0.0070000000000000001,303.92868262206372,303.92868266440155,-4.2337831018812722e-08,2.5499289493838755,2.5499289817000239,-3.2316148423916502e-08
1180,0.0080000000000000002,304.02971189821415,304.02971196469667,-6.6482527927291812e-08,2.5497791774750116,2.549779249352758,-7.187774642147815e-08
1180,0.0090000000000000011,304.14505509519091,304.14505518988898,-9.4698066277487669e-08,2.5493599526527508,2.5493600966860943,-1.4403334347434793e-07
1180,0.01,304.27501880013955,304.27501892667931,-1.2653976000365219e-07,2.5482714238648061,2.548271681074445,-2.5720963892084114e-07
1180,0.010999999999999999,304.41993600342533,304.4199361643029,-1.6087756193883251e-07,2.545651215202497,2.5456516179164694,-4.0271397239166618e-07
1180,0.012,304.58016110907261,304.58016130505257,-1.9597996470110957e-07,2.5398056948148153,2.5398062318975545,-5.3708273917152383e-07
1180,0.013000000000000001,304.75606491041844,304.75606514044819,-2.3002974103292217e-07,2.52771862264265,2.5277191948433373,-5.7220068727659168e-07
1180,0.014,304.94803056808803,304.94803083016308,-2.6207504788544611e-07,2.5045465349896574,2.5045469273345704,-3.9234491300277341e-07
1180,0.014999999999999999,305.1564517648489,305.15645205767674,-2.9282784907991299e-07,2.4633365029626946,2.463336413937335,8.9025359528704939e-08
1180,0.016,305.38173397729048,305.38173430159844,-3.2430796181870392e-07,2.3952911472153269,2.3952903005493891,8.4666593780369226e-07
1180,0.017000000000000001,305.62429911113441,305.6242994696463,-3.5851189750246704e-07,2.2908568113357424,2.2908551268985899,1.6844371524271651e-06
1180,0.018000000000000002,305.88459269959333,305.8845930959169,-3.9632357129448792e-07,2.1416553559476834,2.1416530952181478,2.2607295355747681e-06
1180,0.019,306.16309178943118,306.16309222649909,-4.3706791075237561e-07,1.942867671681493,1.9428654503561322,2.2213253607628047e-06
1180,0.02,306.46031099106119,306.46031148239047,-4.9132927415485028e-07,1.6953066388096056,1.6953052588858883,1.3799237172928969e-06
1190,0,303.64799188888151,303.64799186182893,2.7052578843722586e-08,2.5499999827261179,2.5499999830720954,-3.4597746889630798e-10
1190,0.001,303.65459445289275,303.65459442475913,2.8133626983617432e-08,2.5499999671967766,2.5499999672932581,-9.6481489464395054e-11
1190,0.002,303.67442089360111,303.67442086960887,2.3992242859094404e-08,2.5499998838782605,2.5499998840930158,-2.1475532463455238e-10
1190,0.0030000000000000001,303.70752744912261,303.70752743224392,1.6878686892596306e-08,2.5499995432111073,2.5499995438355718,-6.244644801256527e-10
1190,0.0040000000000000001,303.75400779196724,303.7540077853194,6.6478378357714973e-09,2.5499982245368922,2.5499982263984462,-1.8615540220423554e-09
1190,0.0050000000000000001,303.81399283570585,303.81399284262255,-6.9167072069831192e-09,2.5499933985578278,2.5499934038473553,-5.2895274826880723e-09
1190,0.0060000000000000001,303.88765026177464,303.88765028581929,-2.4044652491284069e-08,2.5499768242706216,2.549976838236319,-1.3965697487350326e-08
1190,0.0070000000000000001,303.97518359391552,303.97518363881613,-4.4900616558152251e-08,2.5499236666032825,2.5499237004391806,-3.383589808336751e-08
1190,0.0080000000000000002,304.07683065033359,304.0768307198033,-6.9469706431846134e-08,2.5497649318391296,2.549765006393403,-7.4554273421512107e-08
1190,0.0090000000000000011,304.19286125568578,304.19286135311557,-9.742979045768152e-08,2.5493244328722109,2.5493245809604659,-1.4808825499201816e-07
1190,0.01,304.32357420891901,304.32357433699576,-1.2807674920622958e-07,2.5481897004969429,2.5481899627695266,-2.6227258365096873e-07
1190,0.010999999999999999,304.46929367857911,304.46929383896594,-1.6038683270380716e-07,2.5454779876521263,2.5454783950647601,-4.0741263385157822e-07
1190,0.012,304.63036541134744,304.63036560460563,-1.9325818811921636e-07,2.53946787560337,2.5394684146924851,-5.3908911512579039e-07
1190,0.013000000000000001,304.80715333941362,304.80715356528987,-2.2587624926018179e-07,2.5271133153610439,2.5271138845700412,-5.6920899726975449e-07
1190,0.014,305.00003727962792,305.00003753768948,-2.580615614533599e-07,2.5035514032537738,2.5035517871715181,-3.839177442621633e-07
1190,0.014999999999999999,305.20941234957701,305.20941263992574,-2.9034873705313657e-07,2.4618379453919554,2.4618378455781302,9.9813825205075091e-08
1190,0.016,305.43569043167309,305.4356907553514,-3.2367830726798275e-07,2.393228581376353,2.3932277278703156,8.5350603740153019e-07
1190,0.017000000000000001,305.67930351669821,305.67930387559886,-3.589006496440561e-07,2.2882701765029774,2.2882684956155908,1.6808873866125396e-06
1190,0.018000000000000002,305.94070816683376,305.94070856320337,-3.9636961446376517e-07,2.1387138363339284,2.1387115915179584,2.2448159699983705e-06
1190,0.019,306.2203898432515,306.22039027909597,-4.3584446984823444e-07,1.939858649839129,1.9398564514751089,2.1983640201561627e-06
1190,0.02,306.51886564498392,306.5188661339501,-4.8896617954596877e-07,1.6925807225581555,1.6925793623672101,1.3601909454319383e-06
1200,0,303.69271900185726,303.69271897459151,2.7265741664450616e-08,2.5499999799477182,2.5499999802992317,-3.5151348498629886e-10
1200,0.001,303.69936372738209,303.69936369912182,2.8260274120839313e-08,2.5499999622630236,2.5499999623680054,-1.049818010301351e-10
1200,0.002,303.71931658398461,303.71931656012293,2.3861673525971128e-08,2.5499998682206706,2.549999868456414,-2.3574342478127619e-10
1200,0.0030000000000000001,303.75263354881412,303.75263353248033,1.6333785879396601e-08,2.5499994881559909,2.5499994888370332,-6.8104233363897038e-10
1200,0.0040000000000000001,303.79940768273184,303.79940767716334,5.5684949984424748e-09,2.5499980340304633,2.5499980360395145,-2.0090511476666961e-09
1200,0.0050000000000000001,303.85976869706195,303.8597687056324,-8.5704527919006068e-09,2.5499927712357757,2.5499927768826249,-5.6468492104500001e-09
1200,0.0060000000000000001,303.933882199675,303.93388222585173,-2.6176735445915256e-08,2.5499748854366167,2.5499749001906262,-1.4754009569628579e-08
1200,0.0070000000000000001,304.02194851127524,304.02194855850996,-4.723472102341475e-08,2.5499180825619181,2.5499181179569597,-3.5395041564356688e-08
1200,0.0080000000000000002,304.12420096714487,304.1242010386963,-7.1551426117366645e-08,2.5497500087294376,2.5497500860014526,-7.7272015008844619e-08
1200,0.0090000000000000011,304.24090368324505,304.24090378196587,-9.8720818186848192e-08,2.5492875310249121,2.5492876831881048,-1.5216319271260659e-07
1200,0.01,304.37234886794135,304.37234899608382,-1.2814246019843267e-07,2.5481054383481654,2.5481057056514711,-2.673033057121188e-07
1200,0.010999999999999999,304.51885388911194,304.51885404822553,-1.5911359696474392e-07,2.5453006017648283,2.5453010137735319,-4.1200870359858754e-07
1200,0.012,304.68075843365699,304.68075862463337,-1.909763795993058e-07,2.5391240731683546,2.5391246141150647,-5.4094671009252693e-07
1200,0.013000000000000001,304.85842218203538,304.85842240531605,-2.2328066506815958e-07,2.5265006420838061,2.5265012081836757,-5.6609986964772929e-07
1200,0.014,305.0522234198782,305.05222367577863,-2.5590043151169084e-07,2.5025489428601437,2.5025493183591254,-3.7549898168620643e-07
1200,0.014999999999999999,305.26255888878285,305.26255917781396,-2.8903110660394304e-07,2.4603344635595845,2.4603343531241193,1.1043546521705139e-07
1200,0.016,305.48984493528513,305.48984525835016,-3.2306502362189349e-07,2.3911661729549274,2.391165312844663,8.6011026434462678e-07
1200,0.017000000000000001,305.73451968954942,305.73452004797025,-3.5842083434545202e-07,2.2856906024315227,2.2856889252233397,1.6772081830040975e-06
1200,0.018000000000000002,305.99704567403705,305.99704606941089,-3.9537383145216154e-07,2.1357860624332385,2.1357838334055512,2.2290276873171422e-06
1200,0.019,306.27791200961786,306.27791244400157,-4.3438370767034939e-07,1.9368674598082156,1.936865284127224,2.1756809915896014e-06
1200,0.02,306.57763451565165,306.57763583357183,-1.3179201800994633e-06,1.6898724216075249,1.6898710812633762,1.3403441487813694e-06
1210,0,303.73773019256913,303.73773016450872,2.8060412660124712e-08,2.5499999767784689,2.5499999769724746,-1.9400570039351805e-10
1210,0.001,303.74441681873037,303.74441679087806,2.7852308903675294e-08,2.5499999566836018,2.5499999567834997,-9.9897867755771586e-11
1210,0.002,303.76449521017889,303.76449518697376,2.3205132038128795e-08,2.5499998507503618,2.5499998509990141,-2.4865220993319781e-10
1210,0.0030000000000000001,303.79802080274078,303.79802078739749,1.5343289305747021e-08,2.5499994274931899,2.5499994282270726,-7.3388273236218993e-10
1210,0.0040000000000000001,303.84508562970558,303.84508562549786,4.2077203943335917e-09,2.5499978265645269,2.5499978287232397,-2.158712764099846e-09
1210,0.0050000000000000001,303.90581773006204,303.90581774031443,-1.0252392712573055e-08,2.5499920955237636,2.5499921015390838,-6.0153202419144236e-09
1210,0.0060000000000000001,303.98038023145705,303.98038025948534,-2.8028296128468355e-08,2.5499728183623662,2.549972833927868,-1.5565501776393376e-08
1210,0.0070000000000000001,304.06897005469534,304.0689701037017,-4.9006359859049553e-08,2.5499121857797187,2.5499122227684334,-3.6988714757768548e-08
1210,0.0080000000000000002,304.17181621792736,304.17181629086576,-7.2938405537570361e-08,2.5497343887065864,2.549734468732165,-8.0025578608200476e-08
1210,0.0090000000000000011,304.28917777610963,304.28917787554798,-9.9438352663128171e-08,2.5492492194418843,2.5492493756940391,-1.5625215477044208e-07
1210,0.01,304.42134150852633,304.42134163654606,-1.2801973525711219e-07,2.5480186068779349,2.5480188791739433,-2.7229600840783519e-07
1210,0.010999999999999999,304.56861954955133,304.5686197077427,-1.5819136933714617e-07,2.5451190382456566,2.5451194547438876,-4.1649823101508332e-07
1210,0.012,304.73134722262967,304.73134741231479,-1.8968512449646369e-07,2.5387743012484032,2.5387748439031097,-5.4265470650349812e-07
1210,0.013000000000000001,304.90988135164105,304.90988157447458,-2.2283353473540046e-07,2.5258806698756682,2.5258812327505402,-5.6287487204542686e-07
1210,0.014,305.10459920675981,305.104599464486,-2.5772618528208113e-07,2.5015392765268829,2.5015396436161264,-3.6708924344708294e-07
1210,0.014999999999999999,305.31589765053167,305.31589794083732,-2.9030564974164008e-07,2.4588262056204502,2.4588260847262293,1.2089422085637125e-07
1210,0.016,305.54418977579184,305.54419009615339,-3.2036155062087346e-07,2.3891040346608681,2.389103168173802,8.664870660979318e-07
1210,0.017000000000000001,305.78989009131067,305.78989046248716,-3.7117649753781734e-07,2.2831181003546996,2.2831164269453295,1.6734093701842312e-06
1210,0.018000000000000002,306.05336927420302,306.05336970849254,-4.3428951812529704e-07,2.1328719176615132,2.1328697042954823,2.2133660309009429e-06
1210,0.019,306.33485742469878,306.33485786849008,-4.4379129349181312e-07,1.9338938958548775,1.9338917425724211,2.1532824563408326e-06
1210,0.02,306.63430404847975,306.63430443809682,-3.8961707105045207e-07,1.6871799267105991,1.6871786006614944,1.3260491047439871e-06
1220,0,303.7830230667459,303.78302303961556,2.7130340640724171e-08,2.5499999731714884,2.5499999733722971,-2.0080870299921116e-10
1220,0.001,303.78975114328995,303.78975111642262,2.6867326141655212e-08,2.5499999503869968,2.5499999504971815,-1.1018475021273844e-10
1220,0.002,303.80995365230257,303.80995363023459,2.2067979443818331e-08,2.5499998312932375,2.549999831566617,-2.7337954122685915e-10
1220,0.0030000000000000001,303.84368530464269,303.8436852906492,1.3993485481478274e-08,2.5499993607607379,2.5499993615595899,-7.9885209558483439e-10
1220,0.0040000000000000001,303.89103685234704,303.89103684970496,2.6420821086503565e-09,2.5499976009555199,2.5499976032795693,-2.3240493973730736e-09
1220,0.0050000000000000001,303.95213441369037,303.95213442565711,-1.1966733381996164e-08,2.5499913686098772,2.5499913750167051,-6.4068279570506093e-09
1220,0.0060000000000000001,304.02713848911071,304.02713851886756,-2.9756847652606666e-08,2.5499706169845435,2.5499706333952421,-1.6410698577828953e-08
1220,0.0070000000000000001,304.11624265595799,304.11624270654073,-5.0582741550897481e-08,2.5499059646043145,2.5499060032303014,-3.8625986853446648e-08
1220,0.0080000000000000002,304.21967195947252,304.21967203372537,-7.4252852755307686e-08,2.5497180522544802,2.5497181350768789,-8.2822398717041779e-08
1220,0.0090000000000000011,304.33768106022012,304.33768116079665,-1.0057652843897813e-07,2.5492094706727317,2.5492096310338401,-1.6036110839223738e-07
1220,0.01,304.47055224110341,304.47055237037029,-1.2926687986691832e-07,2.5479291762592005,2.547929453515398,-2.7725619755614161e-07
1220,0.010999999999999999,304.61859338519866,304.61859354459295,-1.5939428976707859e-07,2.5449332789985735,2.5449336998865837,-4.2088801022188704e-07
1220,0.012,304.78213592464977,304.78213611356438,-1.8891461195380543e-07,2.5384185748170038,2.538419119039466,-5.4422246220653392e-07
1220,0.013000000000000001,304.96153235491994,304.96153257161421,-2.1669427496817661e-07,2.525253466183536,2.5252540257287124,-5.5954517641509938e-07
1220,0.014,305.15715193619047,305.15715218363493,-2.474444613653759e-07,2.5005225256365105,2.500522884334849,-3.5869833858725997e-07
1220,0.014999999999999999,305.36937146423168,305.36937175660222,-2.9237054377517779e-07,2.4573133166370233,2.4573131854521306,1.3118489272656575e-07
1220,0.016,305.59855587409476,305.59855622848033,-3.5438557688394212e-07,2.3870422756067065,2.3870414029712625,8.7263544390481229e-07
1220,0.017000000000000001,305.84502258437703,305.84502298902311,-4.0464607309331768e-07,2.2805526796267666,2.2805510101362505,1.6694905160541396e-06
1220,0.018000000000000002,306.10898663964053,306.1089870451874,-4.0554687075200491e-07,2.1299712878957737,2.1299690900770867,2.1978186870441618e-06
1220,0.019,306.39049270085684,306.39049305948504,-3.5862819913745625e-07,1.9309377380763619,1.9309356069644497,2.1311119122735533e-06
1220,0.02,306.68935188832859,306.689352183474,-2.95145412110287e-07,1.6845032799586439,1.6845019712372169,1.308721427006887e-06
1230,0,303.82859417642624,303.82859415063336,2.5792871838348219e-08,2.5499999690752886,2.5499999692836237,-2.0833512692775003e-10
1230,0.001,303.83536313532795,303.83536310983152,2.5496433408989105e-08,2.5499999432952896,2.5499999434167662,-1.2147660655159598e-10
1230,0.002,303.85568802167035,303.8556880010637,2.0606648831744678e-08,2.5499998096621224,2.549999809962284,-3.0016167329449672e-10
1230,0.0030000000000000001,303.88962272629442,303.88962271388402,1.2410396266204771e-08,2.5499992874683106,2.5499992883366414,-8.6833074064429638e-10
1230,0.0040000000000000001,303.93725660445511,303.9372566035172,9.3791641120333225e-10,2.5499973559623168,2.5499973584611038,-2.4987869551296171e-09
1230,0.0050000000000000001,303.99871377508987,303.99871378886246,-1.3772591955785174e-08,2.5499905875791433,2.5499905943951444,-6.8160010968654205e-09
1230,0.0060000000000000001,304.07415213463321,304.07415216628283,-3.1649619813833851e-08,2.5499682750865929,2.5499682923712932,-1.7284700337683034e-08
1230,0.0070000000000000001,304.1637620950014,304.16376214754365,-5.2542247885867255e-08,2.54989940721675,2.549899447518678,-4.0301928017072441e-08
1230,0.0080000000000000002,304.26776506868282,304.26776514478854,-7.6105720836494584e-08,2.5497009797915267,2.5497010654485792,-8.5657052562027047e-08
1230,0.0090000000000000011,304.38641172217115,304.38641182384708,-1.0167593700316502e-07,2.5491682574983736,2.5491684219824946,-1.6448412099023813e-07
1230,0.01,304.51997996537989,304.51998009376325,-1.2838336260756478e-07,2.5478371173813961,2.5478373995596639,-2.8217826786303135e-07
1230,0.010999999999999999,304.66877247604589,304.66877263188866,-1.5584276980007417e-07,2.5447433071059122,2.5447437322802045,-4.2517429221788916e-07
1230,0.012,304.83311319338384,304.83311337870066,-1.8531682144384831e-07,2.5380569100358445,2.5380574556850721,-5.456492275790481e-07
1230,0.013000000000000001,305.01334160153891,305.01334182160201,-2.200631001869624e-07,2.5246190987861663,2.52461965489828,-5.5611211369210878e-07
1230,0.014,305.2098028374192,305.20980310030046,-2.6288125809514895e-07,2.4994988102255116,2.4994991605520247,-3.5032651313215979e-07
1230,0.014999999999999999,305.42283103462978,305.42283134614723,-3.1151745361057692e-07,2.4557959386387025,2.4557957973271471,1.4131155534613526e-07
1230,0.016,305.65272349670983,305.65272385133392,-3.5462409186948207e-07,2.3849810014148694,2.3849801228511751,8.7856369423988667e-07
1230,0.017000000000000001,305.89970499078112,305.89970536542353,-3.7464241131601739e-07,2.2779943479196842,2.2779926824587031,1.6654609811261878e-06
1230,0.018000000000000002,306.16388492281811,306.16388528476978,-3.6195166330799111e-07,2.1270840607186479,2.1270818783336365,2.1823850113733556e-06
1230,0.019,306.44521459474294,306.44521491480162,-3.2005868888518307e-07,1.9279987273833155,1.9279966181691612,2.109214154222272e-06
1230,0.02,306.74345510360058,306.7434553681797,-2.6457911417310243e-07,1.6818426973848952,1.6818414060662037,1.2913186915319841e-06
1240,0,303.87443948058342,303.87443945648113,2.4102291718008928e-08,2.5499999644334332,2.5499999646500715,-2.1663826288431665e-10
1240,0.001,303.8812486980695,303.88124867428547,2.3784025415807264e-08,2.5499999353237213,2.5499999354575666,-1.3384537922433992e-10
1240,0.002,303.90169407775448,303.90169405892169,1.8832793102774303e-08,2.5499997856560959,2.5499997859852122,-3.2911628977672081e-10
1240,0.0030000000000000001,303.93582866147921,303.93582865093214,1.0547068995947484e-08,2.549999207096183,2.5499992080387113,-9.4252827764762515e-10
1240,0.0040000000000000001,303.98374038650559,303.98374038752263,-1.017042450257577e-09,2.5499970902849265,2.5499970929681579,-2.6832314148350633e-09
1240,0.0050000000000000001,304.04555138827209,304.04555140403289,-1.5760804217279656e-08,2.5499897494127159,2.5499897566559118,-7.2431958209051572e-09
1240,0.0060000000000000001,304.12141702655833,304.12141706005036,-3.3492028705950361e-08,2.5499657863001168,2.5499658044878317,-1.8187714889705831e-08
1240,0.0070000000000000001,304.21152463021559,304.21152468411088,-5.3895291785011068e-08,2.5498925016373479,2.5498925436535869,-4.201623893251849e-08
1240,0.0080000000000000002,304.31609192917796,304.31609200575298,-7.6575020102609415e-08,2.549683151681724,2.5496832402100997,-8.8528375741248055e-08
1240,0.0090000000000000011,304.43536507218641,304.43536517343159,-1.0124517757503781e-07,2.5491255529431531,2.5491257215624028,-1.6861924967415121e-07
1240,0.01,304.56961598335766,304.5696161114148,-1.280571382267226e-07,2.5477424018525023,2.5477426889129164,-2.8706041410586636e-07
1240,0.010999999999999999,304.71913856417518,304.71913872201327,-1.5783808748892625e-07,2.5445491068073678,2.544549536164328,-4.2935696020762748e-07
1240,0.012,304.88424290520345,304.88424309701151,-1.9180805566065828e-07,2.5376893242090013,2.5376898711466245,-5.4693762319146799e-07
1240,0.013000000000000001,305.0652463092934,305.06524653969484,-2.30401440148853e-07,2.5239776357461121,2.5239781883262524,-5.525801403116759e-07
1240,0.014,305.26245972040834,305.26245999201888,-2.7161053139934666e-07,2.4984682489759753,2.4984685909529381,-3.4197696274773648e-07
1240,0.014999999999999999,305.4761683614982,305.47616867156523,-3.1006703693492454e-07,2.4542742106803854,2.4542740594051127,1.512752727528266e-07
1240,0.016,305.7066062661541,305.70660660371954,-3.3756543871277245e-07,2.3829203143286279,2.3829194300516692,8.8427695876802659e-07
1240,0.017000000000000001,305.95392601644539,305.95392636249971,-3.4605432119860779e-07,2.2754431113712137,2.2754414500449878,1.6613262259213002e-06
1240,0.018000000000000002,306.21816710279165,306.2181674342263,-3.3143464861495886e-07,2.1242101242227873,2.1242079571645638,2.1670582235344682e-06
1240,0.019,306.49922822534029,306.49922851949066,-2.9415036806312855e-07,1.9250766021634276,1.9250745145048767,2.0876585509199685e-06
1240,0.02,306.79684967254116,306.79684991672207,-2.4418091015832033e-07,1.6791981079603993,1.6791968339261691,1.274034230114296e-06
1250,0,303.92055470796055,303.9205546858667,2.2093843199399998e-08,2.5499999591841744,2.5499999594099552,-2.2578072744749988e-10
1250,0.001,303.92740354684014,303.92740352507468,2.1765458768641111e-08,2.5499999263802584,2.5499999265276236,-1.4736523112901523e-10
1250,0.002,303.94796750772019,303.9479674909266,1.6793592294561677e-08,2.5499997590597983,2.54999975942017,-3.6037173245517806e-10
1250,0.0030000000000000001,303.98229878331693,303.98229877480657,8.5103692981647328e-09,2.5499991190941786,2.5499991201158334,-1.0216547607910798e-09
1250,0.0040000000000000001,304.03048389319383,304.03048389616856,-2.974729795823805e-09,2.5499968025632254,2.5499968054409292,-2.8777038529881338e-09
1250,0.0050000000000000001,304.09264297333732,304.0926429908435,-1.7506181393400766e-08,2.5499888509871549,2.5499888586759272,-7.6887722855190077e-09
1250,0.0060000000000000001,304.16892875540498,304.16892879029035,-3.4885374589066487e-08,2.5499631441064015,2.5499631632263395,-1.9119938077238885e-08
1250,0.0070000000000000001,304.25952518170391,304.25952523662755,-5.4923646075621946e-08,2.5498852357316379,2.5498852795002169,-4.376857898336084e-08
1250,0.0080000000000000002,304.36464553850328,304.36464561604902,-7.7545735166495433e-08,2.5496645482455764,2.5496646396807754,-9.1435198967815268e-08
1250,0.0090000000000000011,304.48452988233731,304.48452998523629,-1.0289898000337416e-07,2.5490813302863931,2.5490815030509903,-1.7276459729487215e-07
1250,0.01,304.61944137529417,304.61944150665624,-1.3136207144270884e-07,2.5476450020004031,2.5476452939013332,-2.9190093009390239e-07
1250,0.010999999999999999,304.76966094980423,304.76966111312106,-1.6331682672898751e-07,2.5443506634788169,2.5443510969148191,-4.3343600220069334e-07
1250,0.012,304.93547953959234,304.93547973820404,-1.9861170130752726e-07,2.5373158357382781,2.5373163838285686,-5.4809029048641378e-07
1250,0.013000000000000001,305.11718703192503,305.11718726777298,-2.3584794917042018e-07,2.5233291453639297,2.523329694317531,-5.4895360124262993e-07
1250,0.014,305.31505723887813,305.31505751078032,-2.7190219498152146e-07,2.4974309592088457,2.4974312928615721,-3.3365272633645304e-07
1250,0.014999999999999999,305.52932866597104,305.52932896802031,-3.0204927270460757e-07,2.452748268899871,2.4527481078226963,1.610771747095896e-07
1250,0.016,305.76018171584752,305.76018203667036,-3.2082283496492892e-07,2.3808603133249626,2.3808594235446208,8.8978034185061006e-07
1250,0.017000000000000001,306.00771410432759,306.00771442782082,-3.2349322509617195e-07,2.2728989746778168,2.2728973175867191,1.6570910976732023e-06
1250,0.018000000000000002,306.27191742034347,306.27191772764479,-3.0730132039025193e-07,2.1213493654592899,2.1213472136273959,2.1518318940039194e-06
1250,0.019,306.55265854058752,306.55265881244338,-2.718558675951499e-07,1.9221711214948165,1.9221690550517367,2.0664430797623368e-06
1250,0.02,306.84966963393003,306.84966985933431,-2.254042783533805e-07,1.6765693791228564,1.6765681221938213,1.2569290350761264e-06
1260,0,303.96693555024689,303.9669355303032,1.9943684037571074e-08,2.5499999532600821,2.5499999534959188,-2.358366835153447e-10
1260,0.001,303.97382336999016,303.97382335035638,1.9633773717941949e-08,2.5499999163651337,2.5499999165272618,-1.6212808873206086e-10
1260,0.002,303.99450398440194,303.99450396967904,1.4722900232300162e-08,2.5499997296427246,2.5499997300367943,-3.9406966578781066e-10
1260,0.0030000000000000001,304.02902871105539,304.02902870450578,6.5496124079800211e-09,2.5499990228806166,2.5499990239865555,-1.105938896017733e-09
1260,0.0040000000000000001,304.07748257822811,304.07748258301393,-4.7858179641480092e-09,2.5499964913757247,2.5499964944582483,-3.0825235697307107e-09
1260,0.0050000000000000001,304.13998354236384,304.13998356154701,-1.9183175936632324e-08,2.5499878890737988,2.5499878972268748,-8.1530759921122353e-09
1260,0.0060000000000000001,304.21668131619884,304.21668135276411,-3.6565268146659946e-08,2.5499603418380747,2.5499603619196076,-2.0081532881022213e-08
1260,0.0070000000000000001,304.30775569783373,304.30775575474729,-5.6913563639682252e-08,2.5498775972163594,2.5498776427749581,-4.5558598671391337e-08
1260,0.0080000000000000002,304.4134142137483,304.41341429403758,-8.0289282777812332e-08,2.5496451497708161,2.5496452441471509,-9.4376334747181545e-08
1260,0.0090000000000000011,304.53388878524657,304.53388889203876,-1.067921857611509e-07,2.5490355630733674,2.5490357399916683,-1.7691830089816563e-07
1260,0.01,304.66943100970366,304.66943114612496,-1.3642130625157733e-07,2.5475448908734992,2.5475451875716826,-2.9669818335520404e-07
1260,0.010999999999999999,304.82030554474539,304.82030571356648,-1.6882108866411727e-07,2.5441479636109348,2.5441484010224111,-4.3741147637277322e-07
1260,0.012,304.98678104449073,304.98678124745663,-2.0296590719226515e-07,2.5369364640795786,2.5369370131894651,-5.4910988644962799e-07
1260,0.013000000000000001,305.16911818548203,305.16911842238233,-2.3690029138379032e-07,2.5226736961345413,2.5226742413712779,-5.452367366487465e-07
1260,0.014,305.36755459522971,305.36755486291935,-2.676896428965847e-07,2.4963870568787421,2.4963873822354237,-3.2535668159638931e-07
1260,0.014999999999999999,305.58228698583582,305.58228727750054,-2.9166471904318314e-07,2.4512182465746797,2.451218075856239,1.7071844071736564e-07
1260,0.016,305.81345146410342,305.81345176906046,-3.0495704095301335e-07,2.3788010942272004,2.3788001991483263,8.9507887413020626e-07
1260,0.017000000000000001,306.06110372316977,306.06110402736397,-3.041942022719013e-07,2.2703619411192677,2.2703602883595408,1.6527597268556349e-06
1260,0.018000000000000002,306.32520143364968,306.32520172077494,-2.8712526045637787e-07,2.1185016699530128,2.1184995332477579,2.1367052549514653e-06
1260,0.019,306.60559143338588,306.60559168581381,-2.5242792389690294e-07,1.9192820626834457,1.9192800171328457,2.0455506000160995e-06
1260,0.02,306.90200572513294,306.90200430064209,1.4244908470573137e-06,1.6739563543045608,1.6739551141286462,1.2401759146296598e-06
1270,0,304.01357760217684,304.0135775866359,1.554093387312605e-08,2.5499999465876444,2.5499999468812713,-2.9362690057155305e-10
1270,0.001,304.02050372831053,304.02050371103093,1.7279603525821585e-08,2.5499999051703637,2.5499999053527036,-1.8233992093996676e-10
1270,0.002,304.04129894480093,304.04129893233954,1.2461384812922915e-08,2.5499996971585137,2.5499996975916797,-4.3316594755538063e-10
1270,0.0030000000000000001,304.07601359659066,304.07601359225072,4.3399381866038311e-09,2.5499989178412665,2.5499989190390986,-1.1978320557659572e-09
1270,0.0040000000000000001,304.12473101250589,304.12473101951338,-7.0074861469038296e-09,2.5499961552383699,2.5499961585382591,-3.2998892507407618e-09
1270,0.0050000000000000001,304.18756658028116,304.18756660182078,-2.153961986550712e-08,2.5499868603382381,2.5499868689763248,-8.6380866903823517e-09
1270,0.0060000000000000001,304.26466632799981,304.26466636724098,-3.9241172089532483e-08,2.5499573726809066,2.5499573937550193,-2.1074112677155199e-08
1270,0.0070000000000000001,304.35620486331823,304.35620492343526,-6.0117031353001948e-08,2.5498695736655361,2.549869621052772,-4.7387235913021186e-08
1270,0.0080000000000000002,304.46238245138784,304.46238253554395,-8.4156113189237658e-08,2.5496249365229398,2.5496250338747415,-9.7351801731093701e-08
1270,0.0090000000000000011,304.58342093637776,304.58342104762147,-1.112437075789785e-07,2.5489882251257239,2.5489884062053734,-1.8107964949720667e-07
1270,0.01,304.71955814770246,304.7195582887208,-1.410183472216886e-07,2.5474420422406245,2.547442343692309,-3.0145168450346205e-07
1270,0.010999999999999999,304.87104040895139,304.87104058161526,-1.7266387430936447e-07,2.5439409947876368,2.5439414360721733,-4.4128453646763433e-07
1270,0.012,305.03811282198291,305.03811302657306,-2.0459015104279388e-07,2.5365512297003336,2.5365517797003494,-5.5000001575322699e-07
1270,0.013000000000000001,305.22100717837509,305.2210074124942,-2.3411911342918756e-07,2.5220113567056592,2.5220118981402573,-5.4143459804478766e-07
1270,0.014,305.41992778160892,305.41992804050801,-2.5889909238685505e-07,2.4953366565702253,2.4953369736626927,-3.1709246739453079e-07
1270,0.014999999999999999,305.63503673830087,305.63503701853591,-2.8023504228258389e-07,2.4496842741785736,2.4496840939791431,1.8019943048841469e-07
1270,0.016,305.866444526831,305.8664448195654,-2.9273439849930583e-07,2.3767427498144769,2.3767418496378898,9.0017658704866221e-07
1270,0.017000000000000001,306.11422298588593,306.11422326345445,-2.7756851750382339e-07,2.2678320125151359,2.2678303641806035,1.648334532422524e-06
1270,0.018000000000000002,306.37847608043268,306.37847633696271,-2.5653002921899315e-07,2.1156669222991433,2.1156648006189496,2.1216801937562479e-06
1270,0.019,306.65950724753918,306.65950754211349,-2.9457430628099246e-07,1.9164092162041071,1.9164071912408331,2.0249632739499646e-06
1270,0.02,306.95806890143592,306.95806933880351,-4.3736758925660979e-07,1.671359306744348,1.6713580846224878,1.2221218601560224e-06
1280,0,304.06047605714696,304.06047604395246,1.3194494385970756e-08,2.5499999390868671,2.5499999393925821,-3.0571500886367176e-10
1280,0.001,304.06743972383202,304.06743970890756,1.4924466995580588e-08,2.5499998926792653,2.5499998928791081,-1.9984280896778728e-10
1280,0.002,304.08834718945326,304.08834717938089,1.0072369605040876e-08,2.5499996613442129,2.5499996618163716,-4.7215875653705552e-10
1280,0.0030000000000000001,304.1232476474039,304.12324764553563,1.868272647698177e-09,2.549998803328303,2.5499988046213971,-1.293094076260104e-09
1280,0.0040000000000000001,304.17222238866827,304.17222239831113,-9.6428607321286108e-09,2.5499957926034025,2.5499957961297466,-3.5263441056088141e-09
1280,0.0050000000000000001,304.23538368180078,304.23538370624686,-2.4446080715279095e-08,2.5499857613398897,2.5499857704807289,-9.1408391966751878e-09
1280,0.0060000000000000001,304.31287305272889,304.31287309525038,-4.2521492105151992e-08,2.5499542296757411,2.549954251770596,-2.2094854834620037e-08
1280,0.0070000000000000001,304.40485880139971,304.40485886519326,-6.3793549998081289e-08,2.5498611525165984,2.5498612017680005,-4.925140206779588e-08
1280,0.0080000000000000002,304.51153253951884,304.51153262754696,-8.8028116351779317e-08,2.5496038887555312,2.5496039891134865,-1.003579552794065e-07
1280,0.0090000000000000011,304.63310449348234,304.63310460819014,-1.14707802367775e-07,2.54893929055133,2.5489394757959047,-1.8524457479074385e-07
1280,0.01,304.76979731652665,304.76979745964968,-1.4312303164842888e-07,2.5473364305902799,2.547336736748119,-3.0615783908061189e-07
1280,0.010999999999999999,304.9218382561229,304.92183842913886,-1.7301596244578832e-07,2.5437297456643906,2.5437301907177949,-4.4505340435208041e-07
1280,0.012,305.08944987219189,305.08945007721405,-2.0502216102613602e-07,2.5361601540379515,2.536160704799395,-5.5076144356291934e-07
1280,0.013000000000000001,305.27284040332313,305.27284064146653,-2.3814340011085733e-07,2.5213421958382094,2.521342733387574,-5.3754936457650615e-07
1280,0.014,305.47219680786191,305.47219707169131,-2.6382940632174723e-07,2.4942798714954848,2.4942801803563324,-3.0886084756431842e-07
1280,0.014999999999999999,305.6876868032474,305.68768706951641,-2.6626901217241539e-07,2.448146479437979,2.4481462899146873,1.8952329172705618e-07
1280,0.016,305.91948016141589,305.91948040570674,-2.4429084533039713e-07,2.3746853699247583,2.3746844648445977,9.0508016059587248e-07
1280,0.017000000000000001,306.16780110697357,306.16780134019484,-2.332212716282811e-07,2.2653091891546526,2.2653075453340659,1.6438205867608247e-06
1280,0.018000000000000002,306.43301787190643,306.43301815007959,-2.781731609502458e-07,2.1128450070334366,2.1128429002705924,2.1067628441784336e-06
1280,0.019,306.7157591440635,306.71575953683237,-3.9276886809602729e-07,1.9135523857664971,1.9135503810813734,2.0046851236799057e-06
1280,0.02,307.01702545636215,307.01702601654165,-5.6017950100795133e-07,1.6687779795553137,1.6687767742840098,1.2052713038723795e-06
1290,0,304.10762530543218,304.10762529492331,1.0508870218473021e-08,2.5499999306708401,2.5499999309897765,-3.1893643281932782e-10
1290,0.001,304.1146255982494,304.11462558603534,1.221405909745954e-08,2.5499998787659441,2.5499998789847966,-2.1885249168462906e-10
1290,0.002,304.13564249288697,304.13564248560209,7.2848820309445728e-09,2.5499996219195378,2.5499996224335515,-5.1401372047621408e-10
1290,0.0030000000000000001,304.17072379299498,304.17072379404641,-1.0514327186683659e-09,2.5499986786592657,2.5499986800534549,-1.3941892085256313e-09
1290,0.0040000000000000001,304.21994833249465,304.21994834522968,-1.2735029031318845e-08,2.5499954018582365,2.5499954056223242,-3.7640877081912549e-09
1290,0.0050000000000000001,304.28342463872917,304.28342466642277,-2.7693602078215918e-08,2.5499845885316561,2.5499845981949489,-9.6632928325846024e-09
1290,0.0060000000000000001,304.36128890488283,304.36128895067276,-4.5789931846229592e-08,2.5499509057205412,2.5499509288658762,-2.3145334981933274e-08
1290,0.0070000000000000001,304.45370212404703,304.45370219088318,-6.6836150836024899e-08,2.5498523210765422,2.5498523722285422,-5.1151999969079043e-08
1290,0.0080000000000000002,304.56084622388562,304.56084631459782,-9.0712205746967811e-08,2.5495819867203786,2.5495820901151771,-1.033947985007444e-07
1290,0.0090000000000000011,304.68291908573337,304.68291920326271,-1.1752933914976893e-07,2.5488887337536088,2.5488889231660568,-1.8941244794845602e-07
1290,0.01,304.82012850324514,304.82012865067827,-1.4743312704013078e-07,2.5472280311292925,2.5472283419456114,-3.108163189047275e-07
1290,0.010999999999999999,304.97268554476125,304.97268572423383,-1.7947257902051206e-07,2.5435142059465083,2.5435146546658896,-4.4871938120749633e-07
1290,0.012,305.14079856968038,305.14079877942504,-2.0974465542167309e-07,2.5357632594593933,2.5357638108571745,-5.5139778121215954e-07
1290,0.013000000000000001,305.32467039618768,305.32467062724055,-2.3105286572899786e-07,2.5206662823686607,2.5206668159545376,-5.3358587681628933e-07
1290,0.014,305.52450267169326,305.52450290875834,-2.370650804550678e-07,2.4932168134931962,2.4932171141583654,-3.0066516920612685e-07
1290,0.014999999999999999,305.7405127321573,305.74051296278242,-2.3062511900207028e-07,2.4466049873879689,2.4466047886974867,1.9869048228926545e-07
1290,0.016,305.97296798190723,305.97296821123251,-2.2932528054298018e-07,2.3726290415483002,2.3726281317549924,9.0979330780172063e-07
1290,0.017000000000000001,306.22223977001499,306.22224002746304,-2.574480504335952e-07,2.2627934697486376,2.2627918305285899,1.6392200477000074e-06
1290,0.018000000000000002,306.48887240622406,306.48887273566783,-3.2944376471277792e-07,2.1100358093728913,2.1100337174173758,2.0919555154819136e-06
1290,0.019,306.77365485162505,306.77365529367893,-4.4205387439433252e-07,1.9107113937232929,1.9107094090331807,1.9846901122555494e-06
1290,0.02,307.07767634814411,307.07767694344693,-5.9530282214836916e-07,1.6662120670114289,1.666210878258783,1.1887526458753683e-06
1300,0,304.15501860430754,304.15501859687458,7.4329591370769776e-09,2.5499999212453019,2.5499999215786673,-3.333653353365662e-10
1300,0.001,304.16205442362912,304.16205441451223,9.1168885774095543e-09,2.5499998632947718,2.549999863534246,-2.3947421823322657e-10
1300,0.002,304.18317736219547,304.18317735806335,4.132118647248717e-09,2.5499995785861236,2.5499995791450099,-5.588862705963038e-10
1300,0.0030000000000000001,304.21843357479128,304.21843357906295,-4.2716692405520007e-09,2.5499985431160233,2.5499985446173641,-1.5013408294350938e-09
1300,0.0040000000000000001,304.26789900938292,304.2678990253948,-1.6011881598387845e-08,2.5499949813244061,2.5499949853378281,-4.0134220391507824e-09
1300,0.0050000000000000001,304.33167787582136,304.33167790685076,-3.1029401270643575e-08,2.5499833382596906,2.5499833484654415,-1.0205750911040923e-08
1300,0.0060000000000000001,304.40990038423638,304.40990043352713,-4.9290747483610176e-08,2.5499473935725656,2.5499474177981911,-2.4225625505636117e-08
1300,0.0070000000000000001,304.50271967904661,304.50271974983218,-7.0785574735054979e-08,2.5498430665281315,2.5498431196166922,-5.3088560658665074e-08
1300,0.0080000000000000002,304.61030795980759,304.61030805521835,-9.541076906316448e-08,2.5495592106773737,2.5495593171384923,-1.0646111858747531e-07
1300,0.0090000000000000011,304.73285195043212,304.73285207305423,-1.226221115757653e-07,2.5488365294403068,2.5488367230218509,-1.9358154412785211e-07
1300,0.01,304.87054820995661,304.87054836083905,-1.5088244254002348e-07,2.547116819780836,2.5471171352066397,-3.1542580369858797e-07
1300,0.010999999999999999,305.02359931499456,305.02359949227883,-1.7728427792462753e-07,2.543294366367324,2.5432948186501569,-4.52282832963391e-07
1300,0.012,305.19221266919084,305.19221286728333,-1.9809249351965263e-07,2.5353605692217061,2.5353611211333749,-5.5191166881130016e-07
1300,0.013000000000000001,305.37660446173021,305.37660467250038,-2.1077016754134092e-07,2.5199836851731892,2.5199842147211249,-5.295479357236843e-07
1300,0.014,305.57701177539138,305.57701199226085,-2.1686946638510562e-07,2.4921475930287391,2.4921478855364798,-2.9250774069566887e-07
1300,0.014999999999999999,305.79371554747365,305.79371577140961,-2.2393595600078697e-07,2.445059920428077,2.4450597127256577,2.0770241926371114e-07
1300,0.016,306.02707554117427,306.02707578523683,-2.4406256216025213e-07,2.3705738489110884,2.3705729345906157,9.1432047266692962e-07
1300,0.017000000000000001,306.27757553948214,306.27757582816122,-2.8867907531093806e-07,2.2602848514270804,2.2602832168908775,1.6345362028324928e-06
1300,0.018000000000000002,306.54587311725749,306.54587348092042,-3.6366293443279574e-07,2.1072392159053579,2.1072371386437529,2.0772616049491432e-06
1300,0.019,306.83284480188121,306.83284526963604,-4.6775483042438282e-07,1.9078860694926156,1.9078841045419546,1.9649506610708301e-06
1300,0.02,307.13961579096195,307.13961640258714,-6.1162518250057474e-07,1.6636613475828641,1.663660175072565,1.1725102990745029e-06
1310,0,304.20264792482732,304.20264792081622,4.0110990084940568e-09,2.5499999107081797,2.5499999110572804,-3.4910074830918347e-10
1310,0.001,304.20971798159093,304.20971797591216,5.6787712310324423e-09,2.549999846119849,2.5499998463816591,-2.6181012913184531e-10
1310,0.002,304.23094301944968,304.23094301880894,6.4073901739902794e-10,2.5499995310267578,2.5499995316336896,-6.0693183812077223e-10
1310,0.0030000000000000001,304.26636732327052,304.26636733114151,-7.8709945228183642e-09,2.549998395943756,2.5499983975585523,-1.614796296678378e-09
1310,0.0040000000000000001,304.31606363204605,304.31606365185121,-1.9805156625807285e-08,2.5499945292565371,2.5499945335312018,-4.2746646222724394e-09
1310,0.0050000000000000001,304.38013150927958,304.3801315444008,-3.5121217933919979e-08,2.5499820067632557,2.5499820175317631,-1.076850741910107e-08
1310,0.0060000000000000001,304.45869503970584,304.45869509341844,-5.3712597036792431e-08,2.5499436858506481,2.5499437111864358,-2.5335787690039524e-08
1310,0.0070000000000000001,304.55189990681919,304.55189998209278,-7.5273590027791215e-08,2.5498333759361147,2.549833430996717,-5.5060602299761285e-08
1310,0.0080000000000000002,304.65991004238322,304.6599101414804,-9.9097178463125601e-08,2.5495355409041891,2.5495356504598861,-1.095556969588074e-07
1310,0.0090000000000000011,304.782904276968,304.78290440084498,-1.238769868905365e-07,2.548782652631771,2.5487828503819383,-1.9775016735223971e-07
1310,0.01,304.92107376999661,304.92107391769883,-1.4770222378501785e-07,2.5470027731818972,2.5470030931669503,-3.1998505312103021e-07
1310,0.010999999999999999,305.07462143006381,305.07462159853634,-1.6847252481966279e-07,2.5430702186663816,2.5430706744105764,-4.5574419482719009e-07
1310,0.012,305.24376495731593,305.24376514215925,-1.8484331576473778e-07,2.5349521074336163,2.5349526597393712,-5.5230575490838874e-07
1310,0.013000000000000001,305.42874537660964,305.42874557405895,-1.9744931023524259e-07,2.5192944731335776,2.5192949985728257,-5.254392481113257e-07
1310,0.014,305.62984275201029,305.62984296181173,-2.0980144199711503e-07,2.4910723191955477,2.4910726035862965,-2.8439074872821379e-07
1310,0.014999999999999999,305.84739996330063,305.84740019147165,-2.2817101807959261e-07,2.4435113983772299,2.4435111818166604,2.1656056947705338e-07
1310,0.016,306.08185389914274,306.08185415923623,-2.6009348630395834e-07,2.368519873549261,2.3685189548833252,9.1866593576739319e-07
1310,0.017000000000000001,306.33377134849366,306.3337716606074,-3.121137410744268e-07,2.257783329782832,2.2577817000102507,1.6297725813352315e-06
1310,0.018000000000000002,306.60388472964581,306.60388511759049,-3.8794468082414824e-07,2.1044551152351358,2.1044530525513214,2.0626838144188753e-06
1310,0.019,306.8931212869195,306.89312177474631,-4.8782681005832274e-07,1.9050762421867888,1.9050742967286165,1.9454581723366005e-06
1310,0.02,307.20261920166024,307.20261982762224,-6.2596200223197229e-07,1.6611256201751869,1.6611244636525002,1.1565226867293887e-06
1320,0,304.25050407053754,304.25050407053209,5.4569682106375694e-12,2.5499998989491131,2.5499998993153388,-3.6622571641942159e-10
1320,0.001,304.2576069333586,304.25760693172651,1.6320882423315197e-09,2.5499998270844535,2.5499998273704172,-2.8596369716638037e-10
1320,0.002,304.27892973581851,304.27892973934286,-3.5243488127889577e-09,2.5499994789046139,2.5499994795629233,-6.5830940698674567e-10
1320,0.0030000000000000001,304.31451479755714,304.31451480976477,-1.2207635791128268e-08,2.549998236349925,2.5499982380847119,-1.7347869807338157e-09
1320,0.0040000000000000001,304.36443158405706,304.36443160834995,-2.4292887701449217e-08,2.5499940438413788,2.5499940483894989,-4.5481201027541829e-09
1320,0.0050000000000000001,304.42877514104464,304.42877518062141,-3.9576775634486694e-08,2.5499805901746742,2.5499806015265087,-1.1351834583450682e-08
1320,0.0060000000000000001,304.50766400864018,304.50766406631658,-5.7676402320794296e-08,2.5499397750375916,2.549939801513442,-2.6475850400942136e-08
1320,0.0070000000000000001,304.60123780302536,304.60123788096502,-7.7939660059200833e-08,2.5498232362534603,2.5498232933210709,-5.7067610637062671e-08
1320,0.0080000000000000002,304.7096548179141,304.70965491731101,-9.9396913810778642e-08,2.5495109577057256,2.5495110703830353,-1.1267730970487833e-07
1320,0.0090000000000000011,304.83309022632073,304.83309034714568,-1.20824950045062e-07,2.5487270786686942,2.5487272805853642,-2.0191667005065028e-07
1320,0.01,304.97173573276257,304.97173587375119,-1.409886181136244e-07,2.5468858686802278,2.5468861931731217,-3.2449289388836178e-07
1320,0.010999999999999999,305.12580178032584,305.12580193940363,-1.5907778561086161e-07,2.5428417555676526,2.542842214671603,-4.591039504120431e-07
1320,0.012,305.29552356088868,305.2955237361474,-1.752587195369415e-07,2.5345378990181504,2.5345384516008083,-5.5258265785340654e-07
1320,0.013000000000000001,305.48117198831272,305.481172179456,-1.9114327187708113e-07,2.5185987151048259,2.5185992363682419,-5.212634159867946e-07
1320,0.014,305.68307035755117,305.68307056750751,-2.0995634031351074e-07,2.4899910997176034,2.4899913760338404,-2.7631623700230534e-07
1320,0.014999999999999999,305.90161656900909,305.90161680523352,-2.3622442313353531e-07,2.4419595385275428,2.4419593132611288,2.2526641396680702e-07
1320,0.016,306.13730960185956,306.13730987683505,-2.7497549126564991e-07,2.3664671943773432,2.3664662715435125,9.2283383068547664e-07
1320,0.017000000000000001,306.3907775739018,306.39077790462585,-3.307240490357799e-07,2.2552888989559481,2.2552872740230354,1.6249329126694079e-06
1320,0.018000000000000002,306.66280356157398,306.66280396812118,-4.0654720123711741e-07,2.1016833982234551,2.1016813500007094,2.048222745631989e-06
1320,0.019,306.95434475533563,306.95434525906245,-5.0372682380839251e-07,1.9022817408145962,1.9022798146051387,1.9262094574923339e-06
1320,0.02,307.26654034257746,307.26654143962725,-1.0970497896778397e-06,1.6586046940363748,1.6586035530942622,1.1409421125652131e-06
1330,0,304.29857720040667,304.29857720333217,-2.9255033950903453e-09,2.5499998858489712,2.5499998863647191,-5.1574788884067857e-10
1330,0.001,304.30571140747111,304.30571141024302,-2.771912477328442e-09,2.5499998060204647,2.5499998063440739,-3.2360913948537018e-10
1330,0.002,304.3271276111326,304.32712761909448,-7.9618871495767962e-09,2.5499994218624664,2.5499994225835612,-7.2109473947534752e-10
1330,0.0030000000000000001,304.36286626632943,304.36286628289997,-1.6570538718951866e-08,2.5499980635032813,2.5499980653710996,-1.8678183444365004e-09
1330,0.0040000000000000001,304.41299384809912,304.41299387647086,-2.8371744065225357e-08,2.5499935231968776,2.5499935280362447,-4.8393671292501494e-09
1330,0.0050000000000000001,304.47760152295848,304.4776015659703,-4.3011823436245322e-08,2.5499790845193711,2.5499790964799818,-1.1960610724059961e-08
1330,0.0060000000000000001,304.55680351040905,304.55680357036471,-5.9955652886856114e-08,2.5499356534826592,2.5499356811325944,-2.7649935230300571e-08
1330,0.0070000000000000001,304.65073541853013,304.65073549700276,-7.8472623954439769e-08,2.5498126343275898,2.5498126934403786,-5.911278888603988e-08
1330,0.0080000000000000002,304.75955299138951,304.75955308907368,-9.7684164757083636e-08,2.5494854414233297,2.5494855572514856,-1.1582815595545526e-07
1330,0.0090000000000000011,304.88343188226071,304.88343199896775,-1.1670704225252848e-07,2.5486697832193816,2.54866998930199,-2.0608260831167513e-07
1330,0.01,305.02256923187736,305.02256936677435,-1.3489699313140591e-07,2.5467660843307942,2.5467664132819943,-3.2895120005704825e-07
1330,0.010999999999999999,305.17718793052018,305.17718808271235,-1.5219217175399535e-07,2.5426089707577857,2.5426094331232547,-4.6236546902278519e-07
1330,0.012,305.34754440624494,305.34754457579845,-1.6955351611613878e-07,2.5341179696762484,2.5341185224239404,-5.5274769206192786e-07
1330,0.013000000000000001,305.53394053083258,305.53394072020103,-1.8936844980999012e-07,2.5178964798843744,2.5178969969109057,-5.1702653136587173e-07
1330,0.014,305.73673965082213,305.73673986505759,-2.142354560419335e-07,2.4889040409529795,2.4889043092416605,-2.6828868104900039e-07
1330,0.014999999999999999,305.95638540946192,305.95638565299248,-2.4353056460313383e-07,2.4404044556966435,2.4404042218776802,2.3381896330221252e-07
1330,0.016,306.19341843411127,306.19341871661368,-2.825024125741038e-07,2.3644158877533266,2.3644149609277085,9.2682561803059116e-07
1330,0.017000000000000001,306.44847726585948,306.44847761633372,-3.5047423807554878e-07,2.2528015517485116,2.2527999317301299,1.6200183816650338e-06
1330,0.018000000000000002,306.72225638023724,306.72225681167777,-4.3144052597199334e-07,2.0989239578565484,2.0989219239824504,2.0338740980285763e-06
1330,0.019,307.01539147970777,307.01539195197319,-4.7226541255440679e-07,1.8995023955002608,1.8995004883001856,1.9072000752018425e-06
1330,0.02,307.32828086524319,307.3282813331661,-4.6792291641395423e-07,1.6560996203786116,1.6560984985256308,1.1218529807344169e-06
1340,0,304.34685773202284,304.34685773960638,-7.5835373536392581e-09,2.5499998712793399,2.5499998718152743,-5.3593440796362302e-10
1340,0.001,304.35402194224758,304.35402194962836,-7.3807768785627559e-09,2.5499997827477894,2.5499997830995298,-3.5174041457253225e-10
1340,0.002,304.37552761429515,304.37552762669719,-1.2402040283632232e-08,2.5499993595219101,2.5499993603015292,-7.7961903599543803e-10
1340,0.0030000000000000001,304.41141364079692,304.41141366145854,-2.066161641778308e-08,2.5499978765328648,2.5499978785344584,-2.001593557565684e-09
1340,0.0040000000000000001,304.46174410962027,304.46174414146776,-3.1847491754888324e-08,2.5499929653713052,2.549992970509452,-5.1381467969235928e-09
1340,0.0050000000000000001,304.52660734402724,304.52660738954825,-4.552100563159911e-08,2.5499774857160129,2.5499774983018884,-1.2585875452941764e-08
1340,0.0060000000000000001,304.60611485597491,304.60611491708318,-6.1108266891096719e-08,2.5499313134041661,2.5499313422539904,-2.8849824307286553e-08
1340,0.0070000000000000001,304.70040054266531,304.70040062061474,-7.7949437127244892e-08,2.5498015569066204,2.5498016180947483,-6.1188127897793265e-08
1340,0.0080000000000000002,304.80962057962722,304.8096206750551,-9.5427878932241583e-08,2.5494589724437717,2.5494590914439321,-1.1900016039234629e-07
1340,0.0090000000000000011,304.93395457633119,304.93395468948484,-1.1315364645270165e-07,2.5486107422865012,2.5486109525265541,-2.1024005292247239e-07
1340,0.01,305.07360862320508,305.07360875419965,-1.3099457873977371e-07,2.5466433988917214,2.5466437322447146,-3.3335299320924605e-07
1340,0.010999999999999999,305.22882080115244,305.22882094977308,-1.4862064290355192e-07,2.5423718588644095,2.5423723243881491,-4.655237395567724e-07
1340,0.012,305.39986941357483,305.39986957876971,-1.6519487644472974e-07,2.5336923458513696,2.5336928986494565,-5.5279808686137244e-07
1340,0.013000000000000001,305.58708339577566,305.58708357744649,-1.8167082771469723e-07,2.517187836182901,2.5171883489097304,-5.1272682943803716e-07
1340,0.014,305.7908527102187,305.79085291605884,-2.0584013782354305e-07,2.4878112478984269,2.4878115082032499,-2.6030482302985547e-07
1340,0.014999999999999999,306.01163382263564,306.01163407482574,-2.5219009103238932e-07,2.4388462622784406,2.4388460200536493,2.4222479133584329e-07
1340,0.016,306.2499421473226,306.24994247028582,-3.2296321705871378e-07,2.3623660275433092,2.3623650968929248,9.3065038431205949e-07
1340,0.017000000000000001,306.50632186716314,306.50632225580472,-3.8864158113938174e-07,2.2503212797501502,2.2503196647117196,1.615038430546889e-06
1340,0.018000000000000002,306.78128749144912,306.78128790795114,-4.1650201865195413e-07,2.0961766889984323,2.0961746693549443,2.0196434880048741e-06
1340,0.019,307.07524330169696,307.07524370367742,-4.0198045780925895e-07,1.8967380485195,1.8967361600445427,1.8884749573011561e-06
1340,0.02,307.38840267697361,307.3884030555912,-3.7861758528379141e-07,1.6536099839094354,1.6536088784185643,1.1054908710672606e-06
1350,0,304.39533736005023,304.39533737203436,-1.1984127468167571e-08,2.5499998551020053,2.549999855659812,-5.578066897271583e-10
1350,0.001,304.40253049510511,304.40253050679399,-1.1688882750604535e-08,2.5499997570737638,2.5499997574558062,-3.8204239771744142e-10
1350,0.002,304.4241225448647,304.42412256128478,-1.6420074189227307e-08,2.5499992914825613,2.5499992923245394,-8.4197804284258382e-10
1350,0.0030000000000000001,304.4601512929674,304.46015131712971,-2.4162318368325941e-08,2.5499976745270247,2.5499976766696575,-2.1426327379003851e-09
1350,0.0040000000000000001,304.51067925704086,304.51067929162002,-3.4579159091663314e-08,2.5499923683424277,2.5499923737924637,-5.45003597807181e-09
1350,0.0050000000000000001,304.57579316665061,304.57579321390034,-4.7249727685994003e-08,2.5499757895767314,2.5499758028092154,-1.323248399742738e-08
1350,0.0060000000000000001,304.65560355768389,304.65560361937395,-6.1690059283137089e-08,2.5499267468921536,2.5499267769717449,-3.0079591262222038e-08
1350,0.0070000000000000001,304.75024480997683,304.75024488734761,-7.7370771123241866e-08,2.5497899906455683,2.5497900539423557,-6.3296787367050911e-08
1350,0.0080000000000000002,304.85987602910706,304.85987612278046,-9.3673406809102744e-08,2.5494315312079761,2.54943165340352,-1.2219554390568987e-07
1350,0.0090000000000000011,304.98468319173105,304.98468330156845,-1.0983740139636211e-07,2.5485499322134038,2.5485501466040485,-2.1439064479267245e-07
1350,0.01,305.12488287210306,305.1248829973045,-1.2520143854999333e-07,2.546517791819872,2.546518129520158,-3.3770028595725421e-07
1350,0.010999999999999999,305.28072754764497,305.280727687818,-1.4017302873980952e-07,2.5421304154346056,2.5421308840168373,-4.6858223168300128e-07
1350,0.012,305.45251182807226,305.45251198585044,-1.5777817452544696e-07,2.5332610546951404,2.5332616074342611,-5.5273912069608855e-07
1350,0.013000000000000001,305.64057789801188,305.64057808204774,-1.8403585499982e-07,2.5164728525966193,2.5164733609668182,-5.0837019882621348e-07
1350,0.014,305.84531712430498,305.8453173490222,-2.2471721194960992e-07,2.4867128241947016,2.4867130765636118,-2.5236891021407359e-07
1350,0.014999999999999999,306.067163630344,306.06716390917251,-2.7882850872629206e-07,2.43728506829203,2.4372848178091,2.5048292995322186e-07
1350,0.016,306.3065755655731,306.30657589916638,-3.3359327744619804e-07,2.3603176851872125,2.3603167508777796,9.3430943293171254e-07
1350,0.017000000000000001,306.56400179219747,306.56400216291149,-3.7071401948196581e-07,2.2478480734550934,2.2478464634609954,1.6099940980396354e-06
1350,0.018000000000000002,306.83983617362503,306.83983655478056,-3.8115553024908877e-07,2.0934414882385552,2.0934394827108531,2.00552770213136e-06
1350,0.019,307.1343675390716,307.13436790791786,-3.6884625842503738e-07,1.8939885762516422,1.8939867062605458,1.8699910964148359e-06
1350,0.02,307.44773809697961,307.44773845226672,-3.5528711350707454e-07,1.6511352435433704,1.6511341538860891,1.0896572812946204e-06
1360,0,304.44400988833399,304.44400990424737,-1.5913371953502065e-08,2.5499998371684178,2.5499998377498856,-5.8146776282796964e-10
1360,0.001,304.45123122987161,304.45123124537275,-1.5501143479923485e-08,2.5499997287925384,2.5499997292071659,-4.1462744349018976e-10
1360,0.002,304.47290767609309,304.47290769597566,-1.9882577362295706e-08,2.5499992173212624,2.5499992182295999,-9.0833740529205897e-10
1360,0.0030000000000000001,304.50907643030462,304.50907645735236,-2.7047747153119417e-08,2.5499974565324561,2.5499974588236287,-2.2911725849894538e-09
1360,0.0040000000000000001,304.5597993380581,304.55979937472654,-3.6668438951892313e-08,2.5499917300167341,2.549991735792057,-5.7753228865919937e-09
1360,0.0050000000000000001,304.62516280256295,304.62516285088032,-4.8317360779037699e-08,2.5499739918074353,2.5499740057080915,-1.3900656181675686e-08
1360,0.0060000000000000001,304.70527796513585,304.70527802659751,-6.1461662426154362e-08,2.5499219459111528,2.5499219772503388,-3.1339185913026313e-08
1360,0.0070000000000000001,304.80028141262295,304.80028148812323,-7.5500281582208117e-08,2.549777922112562,2.5497779875507494,-6.5438187313304752e-08
1360,0.0080000000000000002,304.91033667220586,304.91033676211379,-8.9907928213506239e-08,2.5494030982195288,2.5494032236326127,-1.254130839178913e-07
1360,0.0090000000000000011,305.03563665711562,305.03563676168488,-1.0456926702318015e-07,2.5484873296899342,2.5484875482228246,-2.1853289045026258e-07
1360,0.01,305.17640698290575,305.1764071031796,-1.2027385309920646e-07,2.5463892432659359,2.5463895852581118,-3.4199217591179831e-07
1360,0.010999999999999999,305.33290964085757,305.33290977993141,-1.3907384754929808e-07,2.5418846369134203,2.5418851084550678,-4.7154164750651262e-07
1360,0.012,305.50544589834936,305.50544606227885,-1.639294850974693e-07,2.5328241240338887,2.532824676607234,-5.5257334530267599e-07
1360,0.013000000000000001,305.69435660180665,305.69435679899436,-1.9718771682164515e-07,2.5157515975810179,2.5157521015408744,-5.0395985651263686e-07
1360,0.014,305.90001753432563,305.90001777271783,-2.3839220375521109e-07,2.4856088721327967,2.4856091166153398,-2.4448254309916706e-07
1360,0.014999999999999999,306.12282750023945,306.1228277830088,-2.8276934926907416e-07,2.4357209814293315,2.4357207228344078,2.5859492369662007e-07
1360,0.016,306.36318774423154,306.36318806625854,-3.2202700595007627e-07,2.3582709297667921,2.3582699919601868,9.3780660526121551e-07
1360,0.017000000000000001,306.62147330621013,306.62147365454041,-3.4833027484637569e-07,2.245381922361863,2.2453803174728368,1.6048890261188831e-06
1360,0.018000000000000002,306.89799964694026,306.8980000049512,-3.5801093645204674e-07,2.0907182543212119,2.0907162627922498,1.9915289621863508e-06
1360,0.019,307.19299049094064,307.19299084313514,-3.5219449046053342e-07,1.8912538609892755,1.8912520092975533,1.851691722176696e-06
1360,0.02,307.5065541768725,307.50655452129513,-3.444226308602083e-07,1.6486750982927316,1.6486740241025173,1.0741902143340809e-06
1370,0,304.49287170700603,304.49287172618858,-1.9182550659024855e-08,2.5499998173191383,2.5499998179261634,-6.0702509685484074e-10
1370,0.001,304.50012093494718,304.50012095358898,-1.8641799215401988e-08,2.5499996976844628,2.5499996981340955,-4.4963277545662095e-10
1370,0.002,304.52188099252385,304.52188101515821,-2.2634367269347422e-08,2.549999136591278,2.5499991375701585,-9.7888053218753157e-10
1370,0.0030000000000000001,304.55818902029029,304.55818904943106,-2.9140778678993229e-08,2.5499972215532507,2.5499972240007098,-2.4474591242551469e-09
1370,0.0040000000000000001,304.60910701989974,304.60910705772136,-3.7821621390321525e-08,2.5499910482287138,2.5499910543430091,-6.1142952922921268e-09
1370,0.0050000000000000001,304.67472212577343,304.67472217403673,-4.8263302687701071e-08,2.5499720880082126,2.5499721025988258,-1.4590613162113186e-08
1370,0.0060000000000000001,304.75514719982317,304.75514725986113,-6.0037962157366564e-08,2.5499169023030333,2.5499169349315762,-3.2628542978585529e-08
1370,0.0070000000000000001,304.85052189516728,304.8505219680099,-7.28426243767899e-08,2.5497653377950109,2.5497654054067316,-6.7611720666604924e-08
1370,0.0080000000000000002,304.96101426647988,304.96101435318707,-8.6707188984291861e-08,2.5493736540529257,2.5493737827044871,-1.2865156140406953e-07
1370,0.0090000000000000011,305.0868228418131,305.08682294401984,-1.0220674084848724e-07,2.548422911757835,2.5484231344231585,-2.2266532351267188e-07
1370,0.01,305.22817879871337,305.22817891924365,-1.2053027376168757e-07,2.5462577340691714,2.5462580802970027,-3.4622783129378831e-07
1370,0.010999999999999999,305.38534752141561,305.38534766463613,-1.4322051811177516e-07,2.541634520622551,2.5416349950252921,-4.7440274109078473e-07
1370,0.012,305.5586284219973,305.55862859348497,-1.7148767028629663e-07,2.5323815823361762,2.5323821346394744,-5.5230329820687984e-07
1370,0.013000000000000001,305.74835161541074,305.74835182068836,-2.0527761535049649e-07,2.515024139425996,2.5150246389249085,-4.9949891245404388e-07
1370,0.014,305.95487002406662,305.95487026663125,-2.4256462438643211e-07,2.4844994926607957,2.4844997293080162,-2.3664722048621911e-07
1370,0.014999999999999999,306.17854592649735,306.1785462058391,-2.7934174795518629e-07,2.4341541071013664,2.4341538405390244,2.6656234197730555e-07
1370,0.016,306.41973194013616,306.41973225076367,-3.1062751304489211e-07,2.3562258280752664,2.3562248869295672,9.4114569915149104e-07
1370,0.017000000000000001,306.67874784268651,306.67874817477838,-3.3209187222382752e-07,2.2429228150609148,2.2429212153341354,1.5997267794887193e-06
1370,0.018000000000000002,306.95585616589534,306.95585650718175,-3.4128640891140094e-07,2.0880068890537222,2.0880049114039254,1.9776497968138074e-06
1370,0.019,307.25124064467519,307.25124098270101,-3.3802581356212613e-07,1.8885337729989953,1.8885319394269195,1.8335720757267637e-06
1370,0.02,307.56499187397054,307.56499220716023,-3.3318968917228631e-07,1.6462293057571153,1.6462282467297886,1.0590273267219175e-06
1380,0,304.54192184485521,304.54192186629581,-2.1440598629851593e-08,2.5499997953832776,2.5499997960178749,-6.3459726362680158e-10
1380,0.001,304.54919900813536,304.54919902888133,-2.0745972051372519e-08,2.549999663515444,2.5499996640026308,-4.8718673539838164e-10
1380,0.002,304.57104296858739,304.571042992873,-2.4285611743835034e-08,2.5499990488214865,2.5499990498752747,-1.0537881678374106e-09
1380,0.0030000000000000001,304.60749121503198,304.60749124510465,-3.0072669687797315e-08,2.5499969685499684,2.5499969711617081,-2.611739713387351e-09
1380,0.0040000000000000001,304.65860650664416,304.65860654449568,-3.785152102864231e-08,2.5499903207401804,2.5499903272074116,-6.4672311950175754e-09
1380,0.0050000000000000001,304.72447735487486,304.72447740225016,-4.7375294798257528e-08,2.5499700736738182,2.5499700889763766,-1.5302558331597993e-08
1380,0.0060000000000000001,304.80521879585353,304.80521885434035,-5.8486818943492835e-08,2.5499116077899147,2.5499116417374825,-3.3947567867897988e-08
1380,0.0070000000000000001,304.90097347465837,304.90097354588443,-7.122605438780738e-08,2.5497522241057404,2.5497522939225141,-6.9816773695663414e-08
1380,0.0080000000000000002,305.01191296286652,305.01191304878142,-8.5914905412209919e-08,2.5493431793615784,2.5493433112713642,-1.3190978576105294e-07
1380,0.0090000000000000011,305.13823906392724,305.13823916709123,-1.0316398402210325e-07,2.5483566558156796,2.5483568826022167,-2.2678653710528351e-07
1380,0.01,305.28018463884092,305.28018476258069,-1.2373976687740651e-07,2.5461232457517773,2.5461235961582527,-3.5040647539119618e-07
1380,0.010999999999999999,305.43801324600605,305.43801339427421,-1.4826815686319605e-07,2.5413800647391929,2.5413805419054976,-4.7716630469096799e-07
1380,0.012,305.61201670365301,305.61201688048544,-1.7683242958810297e-07,2.5319334586812561,2.5319340106127601,-5.5193150405585811e-07
1380,0.013000000000000001,305.80250964462135,305.80250985322573,-2.0860437643932528e-07,2.5142905462323295,2.514291041222724,-4.9499039445066728e-07
1380,0.014,306.00982033550588,306.00982057718227,-2.4167638912331313e-07,2.483384785391312,2.4833850142556746,-2.2886436257252285e-07
1380,0.014999999999999999,306.23427753222609,306.23427780544858,-2.7322249707140145e-07,2.4325845484835411,2.4325842740967909,2.7438675020974301e-07
1380,0.016,306.47619391943846,306.47619421943904,-3.0000057904544519e-07,2.3541824446877859,2.3541815003573379,9.4433044806052635e-07
1380,0.017000000000000001,306.73584760332341,306.73584792234146,-3.1901805641609826e-07,2.2404707393336216,2.2404691448226841,1.5945109375081756e-06
1380,0.018000000000000002,307.01346396943586,307.01346429755904,-3.2812317840580363e-07,2.0853072974958056,2.0853053336070722,1.9638887334139099e-06
1380,0.019,307.30920070892256,307.30920103558338,-3.2666082461219048e-07,1.8858281728504929,1.88582635721111,1.8156393828405726e-06
1380,0.02,307.62313865660565,307.62313905977157,-4.031659273096011e-07,1.6437976508128023,1.6437966072183761,1.043594426208827e-06
1390,0,304.5911615517935,304.59116157419754,-2.2404037736123428e-08,2.5499997711779088,2.5499997716271334,-4.4922465747276874e-10
1390,0.001,304.59846697093394,304.59846699268024,-2.1746302536485018e-08,2.5499996260363025,2.5499996265447442,-5.0844173316022534e-10
1390,0.002,304.62039588437415,304.62039590939588,-2.5021734018082498e-08,2.5499989535155696,2.5499989546358148,-1.1202452299130528e-09
1390,0.0030000000000000001,304.65698636335071,304.65698639378758,-3.0436865472438512e-08,2.5499966964387082,2.5499966992126781,-2.7739699426376774e-09
1390,0.0040000000000000001,304.70830220835927,304.70830224620676,-3.7847485145903192e-08,2.5499895452396455,2.5499895520653983,-6.8257528518245181e-09
1390,0.0050000000000000001,304.77443347932234,304.77443352647282,-4.7150479076663032e-08,2.549967944194222,2.5499679602233662,-1.6029144234153136e-08
1390,0.0060000000000000001,304.85549722391846,304.85549728225294,-5.833447858094587e-08,2.5499060539771379,2.5499060892665755,-3.5289437594343553e-08
1390,0.0070000000000000001,304.9516383267765,304.95163839830792,-7.1531417233927641e-08,2.5497385673890847,2.549738639435688,-7.2046603349917859e-08
1390,0.0080000000000000002,305.06303030152139,305.06303038855441,-8.7033015461202012e-08,2.5493116548855985,2.5493117900665063,-1.3518090780095804e-07
1390,0.0090000000000000011,305.18987571169669,305.18987581694171,-1.0524502158659743e-07,2.548288539623476,2.5482887705133388,-2.3088986278452239e-07
1390,0.01,305.33240575712779,305.33240588368824,-1.2656045100811752e-07,2.5459857605130356,2.5459861150354239,-3.5452238833499905e-07
1390,0.010999999999999999,305.49087843833212,305.49087858950213,-1.511700133960403e-07,2.5411212682751878,2.5411217481035933,-4.7982840545301997e-07
1390,0.012,305.66557466575625,305.66557484465011,-1.7889385617309017e-07,2.5314797827285411,2.5314803341844949,-5.5145595379002543e-07
1390,0.013000000000000001,305.85679176742207,305.85679197663518,-2.0921311261190567e-07,2.5135508858893623,2.5135513763223947,-4.9043303240736691e-07
1390,0.014,306.06483410138162,306.06483434271752,-2.4133589704433689e-07,2.482264848609248,2.4822650697406154,-2.2113136743939776e-07
1390,0.014999999999999999,306.29000086358661,306.29000113569487,-2.7210825237489189e-07,2.431012406559844,2.4310121244863652,2.8207347879671829e-07
1390,0.016,306.53257149965253,306.53257179082459,-2.9117205713191652e-07,2.3521408420317642,2.3521398946633658,9.4736839839626441e-07
1390,0.017000000000000001,306.79278897982408,306.79278927228677,-2.9246268695715116e-07,2.2380256822769748,2.2380240930273243,1.5892496505465203e-06
1390,0.018000000000000002,307.07084050271351,307.07084080169761,-2.9898410502937622e-07,2.0826193873699865,2.0826174371226034,1.9502473831423117e-06
1390,0.019,307.3668352386486,307.36683556831491,-3.2966630669761798e-07,1.8831369154574924,1.8831351175716537,1.7978858386502594e-06
1390,0.02,307.68078191406215,307.68078225127306,-3.3721090630933759e-07,1.641377906400133,1.6413768715732646,1.0348268684179374e-06
1400,0,304.64059349031822,304.64059351360783,-2.3289601358555956e-08,2.549999744507478,2.549999744988674,-4.811959719575043e-10
1400,0.001,304.6479276192249,304.6479276418674,-2.2642495878244517e-08,2.54999958498211,2.5499995855336319,-5.5152193922936021e-10
1400,0.002,304.66994287189453,304.66994289785271,-2.5958172500395449e-08,2.5499988501511939,2.54999885135565,-1.2044560904200807e-09
1400,0.0030000000000000001,304.7066779453985,304.70667797686042,-3.1461922844755463e-08,2.5499964040902192,2.5499964070452354,-2.9550162317093509e-09
1400,0.0040000000000000001,304.7581976563265,304.75819769535661,-3.9030112475302303e-08,2.5499887193417399,2.5499887265492522,-7.207512364715285e-09
1400,0.0050000000000000001,304.82459338466293,304.82459343322802,-4.85650843984331e-08,2.5499656948552523,2.5499657116409571,-1.678570482610553e-08
1400,0.0060000000000000001,304.90598359844495,304.90598365847319,-6.0028241932741366e-08,2.5499002323563054,2.5499002690238655,-3.6667560099346019e-08
1400,0.0070000000000000001,305.0025143209017,305.00251439438421,-7.3482510742906015e-08,2.5497243539269343,2.5497244282397635,-7.4312829223543986e-08
1400,0.0080000000000000002,305.11435931671025,305.11435940583613,-8.9125876456819242e-08,2.5492790614593197,2.5492791999342708,-1.3847495106134033e-07
1400,0.0090000000000000011,305.24171967828619,305.24171978559849,-1.073123030437273e-07,2.5482185413068019,2.5482187762910491,-2.3498424717161015e-07
1400,0.01,305.38482240765285,305.38482253618514,-1.2853229236498009e-07,2.5458452612230813,2.545845619807511,-3.5858442970493343e-07
1400,0.010999999999999999,305.54391754241942,305.54391769561084,-1.531914222141495e-07,2.5408581310562823,2.5408586134551454,-4.8239886307754887e-07
1400,0.012,305.71927339163852,305.71927357247614,-1.808376168810355e-07,2.5310205846879166,2.53102113557566,-5.5088774342237912e-07
1400,0.013000000000000001,305.9111695372975,305.91116974622713,-2.0892963448204682e-07,2.5128052260539375,2.5128057118922436,-4.8583830603021738e-07
1400,0.014,306.11988739844378,306.11988763154346,-2.3309968355533783e-07,2.4811397792801393,2.4811399927384317,-2.1345829237517933e-07
1400,0.014999999999999999,306.34569830968218,306.34569856088598,-2.5120380087173544e-07,2.4294377801666815,2.4294374905515981,2.8961508347080667e-07
1400,0.016,306.58884923491991,306.58884950224962,-2.6732971036835806e-07,2.3501010804578244,2.3501001302037201,9.5025410429272483e-07
1400,0.017000000000000001,306.84954652826946,306.84954681585396,-2.8758449843735434e-07,2.2355876304324678,2.2355860464951012,1.5839373666004519e-06
1400,0.018000000000000002,307.12793878431603,307.1279390942002,-3.0988417165644933e-07,2.0799430683034408,2.0799411315937468,1.9367096939504336e-06
1400,0.019,307.4241009170359,307.42410123824124,-3.2120533433044329e-07,1.8804598362403375,1.8804580559478172,1.7802925202925479e-06
1400,0.02,307.73802281732219,307.73802313285961,-3.1553742019241326e-07,1.6389702738311505,1.63896925156535,1.0222658004543916e-06
1410,0,304.69022078479026,304.69022080913942,-2.4349162686121417e-08,2.5499997151632199,2.549999715678767,-5.1554716051782634e-10
1410,0.001,304.69758407385967,304.69758409752268,-2.3663005777052604e-08,2.5499995400715463,2.5499995406691096,-5.9756333214977531e-10
1410,0.002,304.71968698675238,304.71968701362312,-2.6870736746786861e-08,2.5499987381792515,2.5499987394728372,-1.293585683015408e-09
1410,0.0030000000000000001,304.75656873329382,304.75656876552199,-3.2228172130999155e-08,2.5499960903291048,2.5499960934738892,-3.1447844328624797e-09
1410,0.0040000000000000001,304.80829488752977,304.80829492718976,-3.9659994399698917e-08,2.5499878405868297,2.5499878481908564,-7.6040267416033203e-09
1410,0.0050000000000000001,304.87495765711657,304.87495770625048,-4.9133916490973206e-08,2.5499633208394901,2.5499633384042393,-1.7564749210663422e-08
1410,0.0060000000000000001,304.95667611543729,304.95667617612719,-6.0689899328281172e-08,2.5498941343085639,2.5498941723834996,-3.8074935648779729e-08
1410,0.0070000000000000001,305.05359623083484,305.05359630530216,-7.4467322974669514e-08,2.5497095699448105,2.5497096465534259,-7.6608615451334572e-08
1410,0.0080000000000000002,305.16589046162107,305.16589055230918,-9.0688104137370829e-08,2.5492453800183932,2.549245521803587,-1.4178519380791954e-07
1410,0.0090000000000000011,305.29375662270968,305.29375673225564,-1.0954596518786275e-07,2.548146639359913,2.5481468784234442,-2.3906353119329538e-07
1410,0.01,305.43741568366022,305.43741581464786,-1.309876438426727e-07,2.5457017314152539,2.5457020940030159,-3.6258776203723642e-07
1410,0.010999999999999999,305.59710814313019,305.59710829761332,-1.544831320643425e-07,2.5405906537002854,2.5405911385750044,-4.8487471904223867e-07
1410,0.012,305.77308865230754,305.77308883130843,-1.7900089233080507e-07,2.5305558952901053,2.530556445515515,-5.5022540967897271e-07
1410,0.013000000000000001,305.96561863626829,305.96561883961522,-2.0334692862888915e-07,2.5120536341309725,2.5120541153354483,-4.8120447582178372e-07
1410,0.014,306.17495679413457,306.17495702089542,-2.2676084654449369e-07,2.4800096730611725,2.4800098789020559,-2.0584088344932638e-07
1410,0.014999999999999999,306.40134756412084,306.40134781330892,-2.4918807639551233e-07,2.4278607660397857,2.4278604690204721,2.9701931358872002e-07
1410,0.016,306.64500795053675,306.6450082210032,-2.7046644390793517e-07,2.3480632183152066,2.3480622653178718,9.529973348243459e-07
1410,0.017000000000000001,306.90611355320527,306.90611384193824,-2.8873296287201811e-07,2.2331565698886338,2.2331549913064412,1.5785821925184962e-06
1410,0.018000000000000002,307.1847851858019,307.18478548558318,-2.997812771354802e-07,2.0772782511039987,2.0772763278322999,1.9232716987893639e-06
1410,0.019,307.48107797584021,307.48107827407159,-2.982313844768214e-07,1.8777967174510788,1.8777949545476,1.76290347875252e-06
1410,0.02,307.79497504701868,307.79497533598544,-2.8896675985379261e-07,1.6365751769025045,1.6365741674263055,1.0094761990764312e-06
1420,0,304.74004618333902,304.7400462080758,-2.4736777959333267e-08,2.5499996829225067,2.5499996834749088,-5.5240212404328304e-10
1420,0.001,304.74743897356404,304.7474389975763,-2.4012251742533408e-08,2.5499994910061883,2.5499994916529065,-6.4671823452044919e-10
1420,0.002,304.76963050247264,304.76963052959576,-2.7123121526528848e-08,2.5499986170229749,2.5499986184107937,-1.3878187488103322e-09
1420,0.0030000000000000001,304.80666027789272,304.80666031026902,-3.2376306080550421e-08,2.5499957539328575,2.5499957572763723,-3.3435147983595925e-09
1420,0.0040000000000000001,304.85859423395544,304.85859427372759,-3.9772146465111291e-08,2.5499869064403784,2.5499869144559311,-8.0155526660519172e-09
1420,0.0050000000000000001,304.92552478215367,304.92552483151144,-4.9357765874447068e-08,2.5499608172268324,2.5499608355932595,-1.8366427045890532e-08
1420,0.0060000000000000001,305.00757071789229,305.00757077911106,-6.1218770497362129e-08,2.5498877511075055,2.5498877906189152,-3.9511409699599653e-08
1420,0.0070000000000000001,305.10487681175022,305.10487688720644,-7.5456227932590991e-08,2.5496942016176765,2.5496942805509719,-7.8933295455385633e-08
1420,0.0080000000000000002,305.21761286437305,305.21761295650435,-9.2131301698827883e-08,2.5492105916070376,2.5492107367175287,-1.4511049117871266e-07
1420,0.0090000000000000011,305.34597196240674,305.34597207359582,-1.1118908105345326e-07,2.5480728126499361,2.5480730557764066,-2.4312647051161207e-07
1420,0.01,305.49016764966331,305.49016778205282,-1.3238951623861794e-07,2.5455551552808173,2.545555521812656,-3.6653183865809069e-07
1420,0.010999999999999999,305.65042973340712,305.65042988870005,-1.5529292340943357e-07,2.5403188375985639,2.540319324855469,-4.8725690504625163e-07
1420,0.012,305.82699849140351,305.82699867070414,-1.7930062767845811e-07,2.5300857457599477,2.5300862952312908,-5.4947134309202283e-07
1420,0.013000000000000001,306.02011714284737,306.02011734654144,-2.036940713878721e-07,2.5112961772541058,2.511296653788301,-4.7653419521509477e-07
1420,0.014,306.23002260765583,306.23002283524607,-2.2759024886909174e-07,2.4788746243074256,2.4788748225876116,-1.9828018604783892e-07
1420,0.014999999999999999,306.45693481321337,306.45693506298824,-2.4977487100841245e-07,2.4262814588524897,2.4262811545646996,3.0428779007607432e-07
1420,0.016,306.70104511249554,306.701045380957,-2.6846146283787675e-07,2.346027312020579,2.3460263564189279,9.556016511425014e-07
1420,0.017000000000000001,306.96250472202831,306.9625050032534,-2.8122508410888258e-07,2.2307324863406519,2.2307309131538329,1.5731868190371756e-06
1420,0.018000000000000002,307.24141440218625,307.24141468754328,-2.8535703222587472e-07,2.0746248463956189,2.0746229364653677,1.9099302512870509e-06
1420,0.019,307.53781677929908,307.53781705793244,-2.786333652693429e-07,1.8751473360187882,1.8751455902728533,1.7457459349223825e-06
1420,0.02,307.85169263639528,307.85169290533258,-2.6893729909716058e-07,1.6341926580618529,1.6341916614494623,9.9661239061354934e-07
1430,0,304.79007146979546,304.79007149472352,-2.4928056063799886e-08,2.5499996475482209,2.5499996481401284,-5.9190741197312491e-10
1430,0.001,304.79749392821304,304.79749395242084,-2.4207793103414588e-08,2.5499994374698254,2.5499994381689626,-6.9913719258352103e-10
1430,0.002,304.81977448779497,304.81977451513609,-2.7341116037860047e-08,2.5499984860771501,2.5499984875645194,-1.487369338804001e-09
1430,0.0030000000000000001,304.85695268947921,304.85695272214133,-3.2662114790582564e-08,2.5499953936310615,2.5499953971825358,-3.5514742258158094e-09
1430,0.0040000000000000001,304.9090943707713,304.90909441097205,-4.0200745843321783e-08,2.5499859142925798,2.5499859227349568,-8.4423770196906389e-09
1430,0.0050000000000000001,304.97629148609161,304.9762915361099,-5.0018286401609657e-08,2.549958178995432,2.5499581981863431,-1.9190911082489492e-08
1430,0.0060000000000000001,305.0586616886788,305.05866175085964,-6.2180845361581305e-08,2.5498810739224425,2.5498811148992839,-4.0976841475526271e-08
1430,0.0070000000000000001,305.15634751057058,305.1563475873017,-7.6731112130801193e-08,2.5496782350758509,2.5496783163620709,-8.1286219977272367e-08
1430,0.0080000000000000002,305.26951493912122,305.26951503277337,-9.3652147370448802e-08,2.5491746773847885,2.5491748258344273,-1.4844963880378259e-07
1430,0.0090000000000000011,305.39835116324014,305.39835127606705,-1.1282691048108973e-07,2.5479970404196464,2.5479972875913415,-2.4717169511134784e-07
1430,0.01,305.54306125810268,305.54306139210638,-1.3400369880400831e-07,2.5454055176614934,2.5454058880774038,-3.7041591038899924e-07
1430,0.010999999999999999,305.70386360289211,305.70386375965774,-1.5676562270527938e-07,2.5400426848954343,2.54004317444151,-4.8954607567708308e-07
1430,0.012,305.88098389189105,305.88098407238431,-1.8049325944957673e-07,2.529610167788944,2.5296107164166659,-5.4862772191910381e-07
1430,0.013000000000000001,306.07464771335754,306.07464791766904,-2.043115046035382e-07,2.5105329222680712,2.5105333940982351,-4.7183016382845722e-07
1430,0.014,306.28507183709797,306.28507206412615,-2.2702818114339607e-07,2.4777347260822991,2.4777349168600105,-1.9077771140629807e-07
1430,0.014999999999999999,306.51245456526198,306.51245481236174,-2.4709976287340396e-07,2.4246999512599623,2.4246996398386074,3.1142135492601142e-07
1430,0.016,306.75696574147628,306.75696600415381,-2.6267753128195181e-07,2.3439934161330069,2.3439924580631399,9.5806986699642493e-07
1430,0.017000000000000001,307.01873724203284,307.01873751382561,-2.7179277140021441e-07,2.2283153651035308,2.2283137973502631,1.5677532676505734e-06
1430,0.018000000000000002,307.29785493379217,307.29785520648244,-2.726902721406077e-07,2.0719827626909222,2.0719808660134849,1.8966774373296857e-06
1430,0.019,307.59435311561879,307.5943533798806,-2.642618142090214e-07,1.8725114940285783,1.8725097651627569,1.7288658213931996e-06
1430,0.02,307.90821231686601,307.90821257204817,-2.5518215807096567e-07,1.6318226751598777,1.6318216913859243,9.8377395341131546e-07
1440,0,304.84029714606947,304.84029717128516,-2.5215683763235575e-08,2.549999608788128,2.5499996094223278,-6.3419980378398577e-10
1440,0.001,304.8477492368188,304.84774926134224,-2.4523444608348655e-08,2.5499993791277769,2.5499993798827632,-7.5498629570347475e-10
1440,0.002,304.87011862685466,304.87011865459868,-2.7744022190745454e-08,2.5499983447073271,2.5499983462997675,-1.592440401765316e-09
1440,0.0030000000000000001,304.90744461182391,304.90744464503882,-3.3214917039003922e-08,2.5499950081046219,2.5499950118735377,-3.7689158460807448e-09
1440,0.0040000000000000001,304.95979246892671,304.95979250989257,-4.0965858261188259e-08,2.5499848614580611,2.5499848703428123,-8.8847511570122606e-09
1440,0.0050000000000000001,305.02725305346087,305.02725310450705,-5.1046185944869649e-08,2.5499554010227228,2.5499554210610587,-2.0038335879490887e-08
1440,0.0060000000000000001,305.10994207696547,305.10994214046246,-6.3496997881884454e-08,2.5498740938217397,2.5498741362927824,-4.2471042682734605e-08
1440,0.0070000000000000001,305.20799891876896,305.20799899709198,-7.8323012075998122e-08,2.5496616564108487,2.5496617400775494,-8.3666700678719508e-08
1440,0.0080000000000000002,305.32158479577595,305.32158489123651,-9.5460563898086548e-08,2.5491376186329369,2.5491377704344282,-1.5180149137705712e-07
1440,0.0090000000000000011,305.45088010409279,305.45088021883475,-1.1474196526251035e-07,2.5479193022897513,2.5479195534877812,-2.5119802993245344e-07
1440,0.01,305.59608075745086,305.59608089330544,-1.3585457736553508e-07,2.5452528040416311,2.5452531782811731,-3.742395420225364e-07
1440,0.010999999999999999,305.75739338852685,305.75739354682412,-1.5829726862648386e-07,2.5397621984676779,2.5397626902109072,-4.9174322924727676e-07
1440,0.012,305.93502935628055,305.93502953761845,-1.8133789581042947e-07,2.5291291935086222,2.5291297412055256,-5.4769690338574151e-07
1440,0.013000000000000001,306.12919761815283,306.12919782213282,-2.0397999378474196e-07,2.5097639357122468,2.5097644028071455,-4.6709489875951249e-07
1440,0.014,306.34009667714389,306.34009690209967,-2.2495578377856873e-07,2.4765900701686658,2.4765902535030535,-1.833343876711524e-07
1440,0.014999999999999999,306.56790598829258,306.5679062310615,-2.4276891963381786e-07,2.4231163339436996,2.423116015522047,3.184216526008754e-07
1440,0.016,306.81277738410557,306.81277763991056,-2.5580499141142354e-07,2.3419615834273078,2.3419606230218313,9.6040547648001962e-07
1440,0.017000000000000001,307.07482722148291,307.07482748400349,-2.6252058660247712e-07,2.2259051910558552,2.2259036287727434,1.5622831117667602e-06
1440,0.018000000000000002,307.35413002626234,307.35413028795102,-2.616886831674492e-07,2.0693519058338206,2.0693500223233676,1.8835104529379976e-06
1440,0.019,307.65071438222924,307.65071463490659,-2.5267735281886416e-07,1.8698890152392786,1.8698873029911636,1.7122481150710911e-06
1440,0.02,307.96456155603124,307.96456190544245,-3.4941120929943281e-07,1.6294651508175371,1.6294641797579184,9.7105961871513102e-07
1450,0,304.89072231831187,304.89072234297913,-2.4667258458066499e-08,2.5499995663742161,2.5499995671705307,-7.9631456983975113e-10
1450,0.001,304.89820379792678,304.89820382298512,-2.5058341179828858e-08,2.5499993156261822,2.5499993164509189,-8.2473672335936499e-10
1450,0.002,304.92066119747676,304.92066122589387,-2.8417105113476282e-08,2.549998192249002,2.5499981939592917,-1.7102896876508566e-09
1450,0.0030000000000000001,304.95813329831418,304.95813333238777,-3.4073593724315288e-08,2.5499945959849697,2.5499945999866469,-4.0016772118178778e-09
1450,0.0040000000000000001,305.01068437900494,305.01068442106254,-4.2057592963828938e-08,2.5499837451755591,2.5499837545231845,-9.3476253404389809e-09
1450,0.0050000000000000001,305.07840360720883,305.07840365961033,-5.2401503580767894e-08,2.5499524780864053,2.5499524989993221,-2.0912916731674613e-08
1450,0.0060000000000000001,305.16140404818213,305.16140411329894,-6.5116807945742039e-08,2.5498668017760613,2.5498668457735252,-4.3997463894385191e-08
1450,0.0070000000000000001,305.25982116231205,305.25982124247878,-8.016672836674843e-08,2.5496444516810937,2.5496445377584576,-8.6077363903314108e-08
1450,0.0080000000000000002,305.37381064725452,305.37381074468948,-9.7434963208797853e-08,2.5490993967608593,2.5490995519288306,-1.5516797136072569e-07
1450,0.0090000000000000011,305.50354548051615,305.50354559720438,-1.1668822708088555e-07,2.5478395782613052,2.5478398334684775,-2.5520717228388889e-07
1450,0.01,305.64921204094537,305.64921217848763,-1.3754225847151247e-07,2.5450970005409492,2.545097378545941,-3.7800499175233426e-07
1450,0.010999999999999999,305.81100523709472,305.81100539654614,-1.594514174030337e-07,2.5394773819052223,2.5394778757571062,-4.938518838315531e-07
1450,0.012,305.98912264853061,305.98912283036395,-1.8183334304922028e-07,2.5286428554652884,2.5286434021488868,-5.4668359839027403e-07
1450,0.013000000000000001,306.18375778472108,306.18375798912285,-2.0440177195268916e-07,2.5089892838048131,2.5089897461379698,-4.6233315664778729e-07
1450,0.014,306.39509262421808,306.39509285034825,-2.2613016881223302e-07,2.4754407470788369,2.4754409230321777,-1.7595334078635005e-07
1450,0.014999999999999999,306.62328929141154,306.62328953120618,-2.3979464458534494e-07,2.4215306956535314,2.4215303703654349,3.2528809645882006e-07
1450,0.016,306.86847890130008,306.86847913972991,-2.3842983409849694e-07,2.3399318649608802,2.3399309023512895,9.6260959070448848e-07
1450,0.017000000000000001,307.13074008338225,307.13074032652395,-2.4314169877470704e-07,2.223501948508293,2.2235003917334817,1.556774811284356e-06
1450,0.018000000000000002,307.41005059639087,307.41005085321848,-2.5682760451672948e-07,2.0667321798316269,2.0667303094023586,1.8704292683580093e-06
1450,0.019,307.7061935762386,307.70619378378791,-2.0754930574184982e-07,1.867279738490941,1.8672780426184088,1.6958725321813972e-06
1450,0.02,308.0186268756068,308.01862696525643,-8.9649631718202727e-08,1.627121093229029,1.6271201379093312,9.5531969779294457e-07
1460,0,304.94134471671083,304.94134474228156,-2.5570727757440181e-08,2.5499995200220313,2.5499995208666482,-8.4461682092751289e-10
1460,0.001,304.94885514459679,304.94885517059532,-2.5998531327786623e-08,2.549999246591292,2.5499992474792053,-8.8791329844184474e-10
1460,0.002,304.97139914864806,304.97139917811268,-2.9464615636243252e-08,2.5499980280068222,2.5499980298338123,-1.8269901147505152e-09
1460,0.0030000000000000001,305.00901475087676,305.00901478616709,-3.5290327105030883e-08,2.5499941558533101,2.5499941600921185,-4.2388084153799355e-09
1460,0.0040000000000000001,305.06176483908632,305.06176488257523,-4.3488910250744084e-08,2.5499825626076733,2.5499825724294811,-9.8218078115053231e-09
1460,0.0050000000000000001,305.12973638113033,305.1297364351995,-5.406917580330628e-08,2.5499494048655391,2.5499494266720717,-2.1806532579660143e-08
1460,0.0060000000000000001,305.21303920612968,305.21303927314227,-6.7012592808168847e-08,2.5498591886617006,2.5498592342102504,-4.554854982075085e-08
1460,0.0070000000000000001,305.31180424841943,305.31180433067954,-8.2260100953135407e-08,2.5496266069175721,2.5496266954284259,-8.8510853757384211e-08
1460,0.0080000000000000002,305.42618114147854,305.42618124119514,-9.9716601198451826e-08,2.5490599933120643,2.5490601518539089,-1.5854184454155984e-07
1460,0.0090000000000000011,305.55633505603038,305.55633517528838,-1.1925800436074496e-07,2.5477578487175871,2.547758107909925,-2.5919233781479534e-07
1460,0.01,305.70244269703278,305.70244283759627,-1.4056348618396441e-07,2.5449380939067674,2.5449384756133897,-3.81706622309963e-07
1460,0.010999999999999999,305.86468738965851,305.86468755207409,-1.624155743229494e-07,2.5391882394917067,2.5391887353597782,-4.9586807149282208e-07
1460,0.012,306.04325313005501,306.04325331198345,-1.8192844208897441e-07,2.528151186595343,2.5281517321806546,-5.4558531159543122e-07
1460,0.013000000000000001,306.23831719910936,306.23831739547052,-1.9636115666799014e-07,2.5082090324279878,2.5082094899706497,-4.5754266198017035e-07
1460,0.014,306.45004018584791,306.45004039425362,-2.0840570869040675e-07,2.474286846065592,2.4742870146963818,-1.6863078977635837e-07
1460,0.014999999999999999,306.67855084326317,306.6785510711652,-2.2790203502154327e-07,2.4199431232505138,2.4199427912235789,3.3202693483502799e-07
1460,0.016,306.92392143325242,306.92392169256607,-2.5931365144060692e-07,2.3379043101340535,2.3379033454439706,9.6469008292743297e-07
1460,0.017000000000000001,307.18612860047938,307.18612887641848,-2.7593910090217832e-07,2.221105621047434,2.221104069813538,1.5512338960022021e-06
1460,0.018000000000000002,307.46499783478902,307.46499806578561,-2.3099659074432566e-07,2.0641234880245509,2.0641216305797334,1.8574448175101566e-06
1460,0.019,307.76013788003934,307.76013800409913,-1.2405979532559286e-07,1.8646835221411406,1.864681842380874,1.6797602666596134e-06
1460,0.02,308.07088248242667,308.07088248627457,-3.847901552944677e-09,1.6247901862183785,1.6247892443816341,9.4183674437253728e-07
1470,0,304.9921607987223,304.99216082556882,-2.6846521450352157e-08,2.5499994694300026,2.5499994703261462,-8.9614360376799596e-10
1470,0.001,304.99969955733502,304.99969958464476,-2.7309738470648881e-08,2.5499991716287447,2.549999172583747,-9.5500229946310355e-10
1470,0.002,305.02232824067357,305.02232827155257,-3.0878993584337877e-08,2.5499978512537824,2.5499978532036001,-1.9498176406784751e-09
1470,0.0030000000000000001,305.06008389952029,305.06008393638882,-3.6868527786282357e-08,2.5499936862398882,2.5499936907260423,-4.4861541148577544e-09
1470,0.0040000000000000001,305.11302769765962,305.11302774294558,-4.5285958094609668e-08,2.5499813108406597,2.5499813211529001,-1.0312240394938499e-08
1470,0.0050000000000000001,305.18124397938703,305.18124403552872,-5.614168685497134e-08,2.5499461759416846,2.5499461986650656,-2.2723380954658978e-08
1470,0.0060000000000000001,305.26483886731745,305.26483893674418,-6.9426732807187364e-08,2.5498512452639166,2.5498512923916374,-4.7127720836925846e-08
1470,0.0070000000000000001,305.36393830583461,305.36393839088345,-8.5048839082446648e-08,2.5496081081294037,2.5496081990991843,-9.0969780597305316e-08
1470,0.0080000000000000002,305.47868545343522,305.47868555612337,-1.0268814776281943e-07,2.549019389970022,2.5490195518950816,-1.619250595830124e-07
1470,0.0090000000000000011,305.60923731029436,305.60923743191125,-1.2161689255663077e-07,2.5476740944257439,2.5476743575810574,-2.631553135401532e-07
1470,0.01,305.75576041942526,305.75576056015717,-1.4073191323404899e-07,2.5447760715062082,2.5447764568529991,-3.8534679092094848e-07
1470,0.010999999999999999,305.91842535110186,305.91842551023132,-1.5912945627860609e-07,2.5388947761854772,2.5388952739808408,-4.9779536359650933e-07
1470,0.012,306.09739940263017,306.09739957977905,-1.7714887690090109e-07,2.5276542202014616,2.5276547646081613,-5.4440669972066758e-07
1470,0.013000000000000001,306.29283647257574,306.2928366692999,-1.9672415874083526e-07,2.5074232471140778,2.507423699842096,-4.5272801818541097e-07
1470,0.014,306.50486246668055,306.50486268584274,-2.1916218884143746e-07,2.4731284551333053,2.4731286165030371,-1.6136973179925462e-07
1470,0.014999999999999999,306.73355415899863,306.73355440010209,-2.4110346430461504e-07,2.4183537017491115,2.4183533631115148,3.3863759663077531e-07
1470,0.016,306.97890973900525,306.97890999079578,-2.517905386412167e-07,2.3358789667397959,2.3358780000920611,9.6664773474586241e-07
1470,0.017000000000000001,307.24081096037253,307.24081119542433,-2.350518002458557e-07,2.2187161914156475,2.2187146457569371,1.545658710355724e-06
1470,0.018000000000000002,307.51898006913365,307.5189802496663,-1.8053265193884727e-07,2.0615257341023914,2.0615238895431953,1.8445591960514207e-06
1470,0.019,307.81293876228267,307.81293885560405,-9.332137551609776e-08,1.8621002603328429,1.8620985964593557,1.6638734872120864e-06
1470,0.02,308.12197943609124,308.12197942474307,1.1348163297952851e-08,1.6224719922480439,1.6224710634759456,9.2877209834085761e-07
1480,0,305.04316590575212,305.0431659343011,-2.8548981845233357e-08,2.549999414278759,2.5499994152298227,-9.5106367226094335e-10
1480,0.001,305.05073222655255,305.05073225560426,-2.9051705041638343e-08,2.5499990903228458,2.5499990913490254,-1.026179585750242e-09
1480,0.002,305.0734432231385,305.07344325587781,-3.2739308153395541e-08,2.5499976612304431,2.549997663309425,-2.0789818755417855e-09
1480,0.0030000000000000001,305.11133479958977,305.11133483851205,-3.892228050972335e-08,2.5499931856232942,2.5499931903672453,-4.7439510098001847e-09
1480,0.0040000000000000001,305.16446612172416,305.16446616931353,-4.7589367113687331e-08,2.5499799868843005,2.5499799977034479,-1.0819147355789482e-08
1480,0.0050000000000000001,305.23291856164673,305.23291862033597,-5.8689238358056173e-08,2.5499427858001229,2.5499428094636567,-2.3663533799123115e-08
1480,0.0060000000000000001,305.31679413306114,305.31679420513285,-7.2071713930199621e-08,2.5498429622803189,2.549843011015045,-4.8734726032506615e-08
1480,0.0070000000000000001,305.41621332843744,305.41621341586921,-8.7431772044510581e-08,2.5495889413093273,2.5495890347627652,-9.3453437877144552e-08
1480,0.0080000000000000002,305.53131223035814,305.53131233466655,-1.043084125740279e-07,2.5489775685637266,2.5489777338802573,-1.6531653068696528e-07
1480,0.0090000000000000011,305.66223870169415,305.66223882390773,-1.2221357792441268e-07,2.5475882965380405,2.5475885636331088,-2.6709506828481722e-07
1480,0.01,305.80914733937743,305.80914748026925,-1.4089181377130444e-07,2.5446109213180979,2.5446113102433472,-3.8892524933942241e-07
1480,0.010999999999999999,305.97219268512254,305.97219284563715,-1.6051461670940625e-07,2.5385969976006937,2.5385974972355343,-4.9963484061166241e-07
1480,0.012,306.15151993141922,306.15152011284948,-1.8143026636607829e-07,2.5271519899294494,2.5271525330794318,-5.4314998232385392e-07
1480,0.013000000000000001,306.34725211122895,306.3472523143555,-2.0312654669396579e-07,2.5066319930324528,2.5066324409238998,-4.4789144704182604e-07
1480,0.014,306.559472670861,306.5594728936166,-2.2275560240814229e-07,2.4719656610497753,2.4719658152205937,-1.5417081833390966e-07
1480,0.014999999999999999,306.78820262779135,306.78820286228876,-2.3449740638170624e-07,2.4167625143592342,2.416762169237443,3.4512179114543073e-07
1480,0.016,307.033372428517,307.03337265894953,-2.3043253349896986e-07,2.333855881002838,2.3338549125173844,9.6848545361183369e-07
1480,0.017000000000000001,307.29479019560313,307.29479039860695,-2.0300382175264531e-07,2.2163336414556833,2.2163321014052735,1.5400504098650458e-06
1480,0.018000000000000002,307.57211001497939,307.5721101635807,-1.4860131614113925e-07,2.0589388232709309,2.058936991492617,1.8317783139210064e-06
1480,0.019,307.864805630832,307.86480569945962,-6.8627628024842124e-08,1.8595298557416713,1.8595282075926625,1.6481490088260387e-06
1480,0.02,308.17215555793177,308.1721555288309,2.9100874598952942e-08,1.620166281400417,1.6201653654281292,9.1597228779605189e-07
1490,0,305.09435444276858,305.09435447352882,-3.0760247682337649e-08,2.5499993542304407,2.5499993552399669,-1.0095262403808647e-09
1490,0.001,305.10194743188288,305.10194746317831,-3.1295428470912157e-08,2.5499990022358396,2.549999003337454,-1.1016143552922131e-09
1490,0.002,305.12473800888802,305.12473804395785,-3.5069831483269809e-08,2.5499974571441411,2.5499974593588304,-2.2146893208230267e-09
1490,0.0030000000000000001,305.16276077976028,305.16276082111978,-4.1359498936799355e-08,2.5499926524297867,2.5499926574422322,-5.0124455697186932e-09
1490,0.0040000000000000001,305.21607266433915,305.21607271443361,-5.009445658288314e-08,2.5499785876718053,2.5499785990145529,-1.134274763003873e-08
1490,0.0050000000000000001,305.28475171282901,305.28475177398627,-6.1157265918154735e-08,2.5499392288311347,2.5499392534581902,-2.4627055505987983e-08
1490,0.0060000000000000001,305.36889534618689,305.36889542055638,-7.4369495450810064e-08,2.5498343303242597,2.5498343806935595,-5.0369299842145665e-08
1490,0.0070000000000000001,305.46861790048007,305.46861798999112,-8.9511047463020077e-08,2.5495690924391021,2.5495691884002047,-9.5961102619668281e-08
1490,0.0080000000000000002,305.58404729030366,305.58404739666844,-1.0636478009473649e-07,2.5489345110730461,2.548934679788232,-1.6871518582206591e-07
1490,0.0090000000000000011,305.7153205123771,305.71532063713659,-1.2475948096835054e-07,2.547500436592852,2.5475007076034735,-2.7101062149981203e-07
1490,0.01,305.86257758532366,305.86257772985118,-1.4452751884164172e-07,2.5444426319247966,2.5444430243665845,-3.9244178795527773e-07
1490,0.010999999999999999,306.02595338062775,306.02595354592358,-1.6529583035662654e-07,2.5382949099888026,2.5382954113763949,-5.0138759233320229e-07
1490,0.012,306.20556668804505,306.20556687412483,-1.8607977381179808e-07,2.5266445297458757,2.5266450715632236,-5.418173478766164e-07
1490,0.013000000000000001,306.40150585730964,306.40150606209528,-2.047856355602562e-07,2.5058353349773181,2.5058357780124076,-4.4303508950349624e-07
1490,0.014,306.61381057277799,306.6138107907405,-2.179625084863801e-07,2.4707985493582987,2.4707986963929369,-1.4703463824261576e-07
1490,0.014999999999999999,306.84244984369542,306.84245006473077,-2.2103535002315766e-07,2.4151696425270126,2.4151692910457996,3.5148121302341906e-07
1490,0.016,307.0872971544826,307.08729736344458,-2.0896197838737862e-07,2.3318350976096101,2.3318341274036398,9.7020597022989818e-07
1490,0.017000000000000001,307.34810481122298,307.34810498862362,-1.7740063640303561e-07,2.2139579521219863,2.2139564177113762,1.534410610126713e-06
1490,0.018000000000000002,307.62448058494988,307.62448070878878,-1.2383890179989976e-07,2.0563626635378118,2.0563608444304506,1.8191073611895092e-06
1490,0.019,307.91587042164298,307.91587046956943,-4.7926448587531922e-08,1.8569722023109156,1.8569705697320791,1.6325788365634253e-06
1490,0.02,308.22155090951088,308.22155086448589,4.5024989958619699e-08,1.6178728712304313,1.6178719678349618,9.0339546954254502e-07
1500,0,305.14572001605876,305.14572004941522,-3.3356457151967334e-08,2.5499992889279945,2.5499992899996871,-1.0716925125109356e-09
1500,0.001,305.15333866535724,305.15333869925945,-3.3902210816449951e-08,2.5499989069071751,2.5499989080886549,-1.1814798028808582e-09
1500,0.002,305.17620574577279,305.17620578347413,-3.7701340716012055e-08,2.5499972381682139,2.5499972405253648,-2.3571509188968776e-09
1500,0.0030000000000000001,305.21435440301582,305.21435444703201,-4.4016189804096939e-08,2.5499920850326485,2.5499920903245226,-5.29187405007292e-09
1500,0.0040000000000000001,305.26783902322234,305.26783907599167,-5.2769337344216183e-08,2.5499771100597739,2.549977121943011,-1.1883237061027785e-08
1500,0.0050000000000000001,305.33673388521345,305.33673394907441,-6.3860966292850208e-08,2.5499354993313275,2.5499355249453104,-2.5613982934657997e-08
1500,0.0060000000000000001,305.42113113935312,305.42113121652295,-7.716982963756891e-08,2.5498253399282524,2.5498253919593989,-5.2031146502429237e-08
1500,0.0070000000000000001,305.5211379579539,305.52113805050783,-9.2553932518057991e-08,2.5495485474948216,2.5495486459868624,-9.8492040745412623e-08
1500,0.0080000000000000002,305.63687263036684,305.6368727402018,-1.098349571293511e-07,2.5488901996338398,2.5488903717537941,-1.7211995428922933e-07
1500,0.0090000000000000011,305.76845929137488,305.76845942011022,-1.287353370571509e-07,2.547410496515353,2.5474107714163652,-2.7490101217608753e-07
1500,0.01,305.91602088712006,305.91602103586632,-1.4874626685923431e-07,2.5442711925038854,2.5442715884001288,-3.9589624334368523e-07
1500,0.010999999999999999,306.07966992657055,306.079670095501,-1.6893045540200546e-07,2.5379885202202606,2.5379890232749958,-5.0305473520140254e-07
1500,0.012,306.25949658301982,306.259496770721,-1.8770117549138376e-07,2.5261318739164156,2.526132414327372,-5.4041095642887171e-07
1500,0.013000000000000001,306.45555385410171,306.45555405677015,-2.0266844558136654e-07,2.5050333373562861,2.5050337755172976,-4.3816101147342579e-07
1500,0.014,306.66783980882269,306.66784001948838,-2.1066568933747476e-07,2.4696272043901391,2.4696273443518533,-1.3996171421837289e-07
1500,0.014999999999999999,306.89627746278467,306.89627767079492,-2.0801024902539211e-07,2.4135751659741724,2.4135748082566075,3.5771756490277085e-07
1500,0.016,307.14069348580341,307.14069367677678,-1.9097336689810618e-07,2.3298166597328955,2.3298156879210019,9.7181189362416376e-07
1500,0.017000000000000001,307.40079764337116,307.40079779974928,-1.5637812111890526e-07,2.2115891035592945,2.2115875748178033,1.5287414911746566e-06
1500,0.018000000000000002,307.67616542559188,307.67616552777821,-1.0218633406111621e-07,2.0537971661437933,2.0537953595969713,1.8065468219141678e-06
1500,0.019,307.96622652469472,307.96622655256772,-2.7872999908140628e-08,1.8544271865228479,1.8544255693554703,1.6171673775655648e-06
1500,0.02,308.27026221120809,308.27026146987458,7.4133350835836609e-07,1.6155916003610531,1.6155907093973543,8.9096369881858095e-07
1510,0,305.1972554249989,305.19725546320905,-3.8210146158235148e-08,2.549999217994471,2.5499992190947967,-1.1003256084052282e-09
1510,0.001,305.20489859595608,305.20489863296569,-3.7009613151894882e-08,2.5499988038527688,2.5499988051154312,-1.2626624190659186e-09
1510,0.002,305.22783869836292,305.22783873915472,-4.0791803712636465e-08,2.5499970034412396,2.5499970059455568,-2.50431719805988e-09
1510,0.0030000000000000001,305.26610721179867,305.26610725894966,-4.7150990667432779e-08,2.5499914817515732,2.5499914873322562,-5.5806830268068097e-09
1510,0.0040000000000000001,305.31975561717002,305.31975567317392,-5.6003898407652741e-08,2.549975550828206,2.5499755632675227,-1.2439316687817836e-08
1510,0.0050000000000000001,305.38885384146772,305.38885390873196,-6.7264238623465644e-08,2.5499315915050214,2.5499316181280669,-2.6623045545903778e-08
1510,0.0060000000000000001,305.47348791858104,305.47348799939761,-8.0816562331165187e-08,2.5498159815473835,2.5498160352661916,-5.3718808068481394e-08
1510,0.0070000000000000001,305.57375669151571,305.57375678800537,-9.6489657153142616e-08,2.5495272924521144,2.549527393496577,-1.0104446257486188e-07
1510,0.0080000000000000002,305.68976732016648,305.68976743417011,-1.1400362609492731e-07,2.5488446165428482,2.548844792071665,-1.7552881681481836e-07
1510,0.0090000000000000011,305.82162930271033,305.82162943559371,-1.3288337186168064e-07,2.5473184586179451,2.5473187373823674,-2.7876442221241859e-07
1510,0.01,305.96944668523133,305.96944683756743,-1.5233609929055092e-07,2.544096592819765,2.5440969921074021,-3.992876371761156e-07
1510,0.010999999999999999,306.13330814941116,306.13330832050366,-1.710924948383763e-07,2.537677835766583,2.5376783404031653,-5.0463658229915609e-07
1510,0.012,306.31327476418312,306.31327495136088,-1.8717776129051344e-07,2.525614056984919,2.5256145959170802,-5.3893216112044229e-07
1510,0.013000000000000001,306.50936540361266,306.50936560134255,-1.9772988935073954e-07,2.5042260641797127,2.5042264974501993,-4.3327048659946854e-07
1510,0.014,306.72154027447175,306.72154047481257,-2.0034082126585417e-07,2.4684517092772924,2.468451842229102,-1.3295180956163222e-07
1510,0.014999999999999999,306.94968416704586,306.94968436277327,-1.95727409391111e-07,2.4119791627355318,2.4119787989023149,3.6383321688759906e-07
1510,0.016,307.19359477014279,307.19359494854888,-1.7840608279584558e-07,2.3278006090552115,2.3277996357487609,9.7330645054682918e-07
1510,0.017000000000000001,307.452991209201,307.45299134340291,-1.3420191180557595e-07,2.2092270752388123,2.2092255521923474,1.523046464946276e-06
1510,0.018000000000000002,307.72757370718909,307.72757379180564,-8.4616544882010203e-08,2.0512422451640879,2.0512404510690003,1.7940950876038642e-06
1510,0.019,308.01716818882329,308.01716826837281,-7.9549522524757776e-08,1.8518946906519824,1.8518930887332035,1.6019187789595435e-06
1510,0.02,308.32194356549411,308.32194371984326,-1.5434915212608757e-07,1.6133219664659562,1.6133210866618872,8.7980406893173324e-07
1520,0,305.24895248289869,305.24895252445486,-4.1556177166057751e-08,2.5499991410323073,2.5499991422027186,-1.1704113234145552e-09
1520,0.001,305.2566188713264,305.25661891170284,-4.0376448851020541e-08,2.5499986925642686,2.5499986939162111,-1.351942557903385e-09
1520,0.002,305.27962800062716,305.27962804485031,-4.4223156692169141e-08,2.5499967520662685,2.5499967547271978,-2.6609292547163932e-09
1520,0.0030000000000000001,305.3180094294039,305.31800948009879,-5.0694893616309855e-08,2.5499908408520717,2.5499908467347625,-5.8826907789466532e-09
1520,0.0040000000000000001,305.37181128621614,305.37181134592691,-5.9710771438403754e-08,2.5499739066805658,2.5499739196947537,-1.3014187949522693e-08
1520,0.0050000000000000001,305.44109848037778,305.44109855155307,-7.1175293214764679e-08,2.5499274994656984,2.5499275271225921,-2.7656893664129711e-08
1520,0.0060000000000000001,305.52595002456138,305.525950109495,-8.493361747241579e-08,2.549806245562757,2.5498063009970737,-5.5434316692526409e-08
1520,0.0070000000000000001,305.6264552963645,305.62645539707495,-1.0071045153381419e-07,2.5495053132912742,2.5495054169110412,-1.0361976698902708e-07
1520,0.0080000000000000002,305.74270902406221,305.74270914206522,-1.1800301535913604e-07,2.5487977442623504,2.5487979232050533,-1.7894270287754921e-07
1520,0.0090000000000000011,305.87480476004521,305.87480489600614,-1.3596093140222365e-07,2.5472243056003947,2.54722458820219,-2.8260179529837615e-07
1520,0.01,306.02282662897971,306.02282678247741,-1.5349769455497153e-07,2.5439188232151118,2.5439192258327048,-4.0261759304272005e-07
1520,0.010999999999999999,306.18683926056906,306.18683943058278,-1.7001372043523588e-07,2.5373628646826383,2.5373633708185337,-5.0613589541725901e-07
1520,0.012,306.36687616389702,306.3668763499046,-1.8600758266984485e-07,2.5250911137531484,2.5250916511377453,-5.3738459682151074e-07
1520,0.013000000000000001,306.56292763203652,306.56292783265644,-2.0061992245246074e-07,2.5034135790508043,2.5034140074177329,-4.2836692859538061e-07
1520,0.014,306.77493098701098,306.77493119237425,-2.0536327838271973e-07,2.4672721459655542,2.4672722719723104,-1.2600675614038437e-07
1520,0.014999999999999999,307.0027688710183,307.00276905458645,-1.8356814734943327e-07,2.4103817091946467,2.4103813393662272,3.6982841944421807e-07
1520,0.016,307.24628472262486,307.24628485509697,-1.324721097262227e-07,2.3257869857948261,2.3257860111041193,9.746907068119981e-07
1520,0.017000000000000001,307.5053259704211,307.50532605714403,-8.6722934611316305e-08,2.2068718461153396,2.2068703287885896,1.5173267500223631e-06
1520,0.018000000000000002,307.77982046700549,307.77982055892409,-9.191859362545074e-08,2.0486978168792356,2.0486960351323198,1.7817469157854759e-06
1520,0.019,308.06987753420225,308.06987769611038,-1.6190813312277896e-07,1.8493745921344622,1.8493730053134025,1.5868210596625687e-06
1520,0.02,308.37588618477679,308.37588644956946,-2.6479267489776248e-07,1.6110638954774237,1.6110630273784701,8.6809895361028566e-07
1530,0,305.30080177408257,305.30080181948966,-4.540709142020205e-08,2.5499990576226157,2.5499990588673289,-1.2447132213821988e-09
1530,0.001,305.30848987716547,305.30848992141858,-4.4253113173908787e-08,2.5499985725083101,2.5499985739545203,-1.4462102626566775e-09
1530,0.002,305.33156343149943,305.33156347967395,-4.8174513267440489e-08,2.5499964831100854,2.5499964859350275,-2.8249420580550577e-09
1530,0.0030000000000000001,305.37004979172815,305.37004984648661,-5.4758459100412438e-08,2.5499901605449211,2.5499901667412561,-6.1963350006521978e-09
1530,0.0040000000000000001,305.42399325608699,305.42399331997728,-6.3890297496982384e-08,2.5499721742438854,2.5499721878504196,-1.360653412163515e-08
1530,0.0050000000000000001,305.49345304378073,305.49345311917727,-7.5396542342787143e-08,2.5499232172374784,2.5499232459516969,-2.8714218558434368e-08
1530,0.0060000000000000001,305.57850030138593,305.5785003903793,-8.8993374447454698e-08,2.5497961222849201,2.5497961794611022,-5.7176182011176024e-08
1530,0.0070000000000000001,305.67921399226492,305.6792140965556,-1.0429067742734333e-07,2.54948259600227,2.549482702218425,-1.0621615498251913e-07
1530,0.0080000000000000002,305.7956755181047,305.79567563900912,-1.2090441714462941e-07,2.5487495654246186,2.5487497477842447,-1.8235962606638623e-07
1530,0.0090000000000000011,305.92796197547756,305.9279621140916,-1.38614041134133e-07,2.5471280205497537,2.547128306961131,-2.8641137728158128e-07
1530,0.01,306.07613812220393,306.07613827940429,-1.5720036117272684e-07,2.5437378746023147,2.5437382804875273,-4.0588521255102705e-07
1530,0.010999999999999999,306.24024751421615,306.24024768964591,-1.7542976138429367e-07,2.5370436155892988,2.5370441231423149,-5.0755301606031367e-07
1530,0.012,306.42030399222807,306.42030418160465,-1.8937657841888722e-07,2.5245630792612053,2.5245636150307558,-5.3576955050260722e-07
1530,0.013000000000000001,306.61628581813409,306.61628601026064,-1.9212654933653539e-07,2.5025959451564024,2.502596368607874,-4.2345147166500396e-07
1530,0.014,306.8281361462158,306.82813632375593,-1.7754013015292003e-07,2.4660885952276521,2.4660887143538619,-1.1912620978549171e-07
1530,0.014999999999999999,307.05577461724096,307.05577476500923,-1.4776827583773411e-07,2.4087828801174354,2.408782504411942,3.7570549338283854e-07
1530,0.016,307.29912466718389,307.2991247855789,-1.1839500757560018e-07,2.3237758287370878,2.3237748527692301,9.7596785764153537e-07
1530,0.017000000000000001,307.55815850840867,307.55815861909048,-1.1068181038353941e-07,2.2045233947656993,2.2045218831799747,1.511585724589537e-06
1530,0.018000000000000002,307.83295624862455,307.83295638594569,-1.3732113757214393e-07,2.0461637992167723,2.0461620297168794,1.7694998928341477e-06
1530,0.019,308.12376856800881,308.12376876301181,-1.9500299686114886e-07,1.8468667588293688,1.8468651869432511,1.5718861177127508e-06
1530,0.02,308.43106688622072,308.43106716562392,-2.7940319569097483e-07,1.6088173562359529,1.608816499761285,8.5647466785410131e-07
1540,0,305.35279248373018,305.35279253350711,-4.9776929245126667e-08,2.5499989673244521,2.5499989686478601,-1.3234080498136791e-09
1540,0.001,305.36050058582185,305.36050063445907,-4.8637218696967466e-08,2.5499984431257778,2.5499984446714228,-1.5456449453665755e-09
1540,0.002,305.38363332456294,305.38363337715344,-5.2590507948480081e-08,2.5499961956024668,2.5499961985990303,-2.9965634418260834e-09
1540,0.0030000000000000001,305.4222155729488,305.42221563214264,-5.9193837387283565e-08,2.5499894389856355,2.5499894455074772,-6.5218417333312573e-09
1540,0.0040000000000000001,305.47628735127563,305.47628741957277,-6.8297140387585387e-08,2.549970350068929,2.5499703642854534,-1.4216524402144159e-08
1540,0.0050000000000000001,305.54590160902382,305.54590168874819,-7.9724372881173622e-08,2.5499187387566677,2.5499187685516849,-2.9795017120193279e-08
1540,0.0060000000000000001,305.63112100359484,305.63112109686824,-9.3273399670579238e-08,2.5497856019573066,2.5497856609013749,-5.8944068292987595e-08
1540,0.0070000000000000001,305.73201360566912,305.7320137143808,-1.0871167432924267e-07,2.5494591265896704,2.5494592354225598,-1.0883288936724966e-07
1540,0.0080000000000000002,305.84864752630534,305.84864765197733,-1.256719883713231e-07,2.5487000628361405,2.5487002486147285,-1.8577858806878567e-07
1540,0.0090000000000000011,305.98108462390832,305.98108476725906,-1.4335074638438527e-07,2.5470295869399995,2.5470298771323621,-2.9019236258420733e-07
1540,0.01,306.12937375872684,306.12937391874914,-1.600222958586528e-07,2.5435537384547908,2.5435541475452697,-4.0909047882564664e-07
1540,0.010999999999999999,306.2935445557967,306.29354472851003,-1.7271332808377338e-07,2.536720097656338,2.5367206065454284,-5.0888909042257069e-07
1540,0.012,306.47360329764865,306.47360347534504,-1.7769639271136839e-07,2.5240299887686053,2.5240305228576405,-5.3408903522011997e-07
1540,0.013000000000000001,306.66953326592835,306.66953343823764,-1.7230928506251075e-07,2.501773225258487,2.5017736437844151,-4.1852592813640399e-07
1540,0.014,306.88130229743797,306.88130245495688,-1.5751891169202281e-07,2.4649011366765521,2.464901248987037,-1.1231048491211482e-07
1540,0.014999999999999999,307.10888008911371,307.10888022874758,-1.3963386891191476e-07,2.4071827486843511,2.4071823672183217,3.8146602943101016e-07
1540,0.016,307.35226646497654,307.35226659394277,-1.289662350245635e-07,2.3217671752723188,2.3217661981319102,9.7714040858676299e-07
1540,0.017000000000000001,307.61152927056332,307.61152940572578,-1.3516245189748588e-07,2.2021816994892918,2.202180193663553,1.5058257387678964e-06
1540,0.018000000000000002,307.88684720627003,307.88684736945271,-1.63182676260476e-07,2.0436401112028459,2.0436383538523772,1.7573504687007357e-06
1540,0.019,308.17854980668562,308.17855001847045,-2.1178482256800635e-07,1.8443710579816206,1.8443695008525596,1.5571290610250088e-06
1540,0.02,308.48714529142683,308.48714557944993,-2.8802310225728434e-07,1.6065822545475348,1.6065814095746833,8.4497285146589718e-07
1550,0,305.40491238367639,305.40491243827205,-5.4595659548795084e-08,2.5499988696740901,2.5499988710807711,-1.4066809939095037e-09
1550,0.001,305.41263857001627,305.41263862347688,-5.3460610160982469e-08,2.5499983038310563,2.549998305481509,-1.6504526634264494e-09
1550,0.002,305.43582467029137,305.43582472772005,-5.7428678701398894e-08,2.549995888535455,2.5499958917114744,-3.1760194474372838e-09
1550,0.0030000000000000001,305.47449285340184,305.47449291746722,-6.4065375227073673e-08,2.5499886742739633,2.5499886811334145,-6.8594512292463605e-09
1550,0.0040000000000000001,305.52867854190629,305.52867861514409,-7.3237799824710237e-08,2.5499684306303969,2.5499684454747333,-1.4844336426733662e-08
1550,0.0050000000000000001,305.59842809840006,305.59842818317463,-8.4774569586443249e-08,2.5499140578733304,2.549914088772617,-3.0899286684871186e-08
1550,0.0060000000000000001,305.68379556504476,305.68379566344186,-9.839709491643589e-08,2.5497746747596692,2.549774735497305,-6.0737635809715584e-08
1550,0.0070000000000000001,305.78483850762188,305.78483862122431,-1.1360242524460773e-07,2.5494348910774542,2.5494350025466921,-1.1146923784011165e-07
1550,0.0080000000000000002,305.90161314395448,305.90161327344168,-1.2948720495842281e-07,2.5486492194816428,2.548649408680264,-1.8919862121435926e-07
1550,0.0090000000000000011,306.03416915802819,306.03416930261056,-1.445823727408424e-07,2.5469289886314668,2.546929282575447,-2.93943980267386e-07
1550,0.01,306.18254492452462,306.18254508138205,-1.5685742482673959e-07,2.5433664067982518,2.5433668190316658,-4.1223341407103931e-07
1550,0.010999999999999999,306.34676426792544,306.34676443202136,-1.6409592262789374e-07,2.5363923205856471,2.5363928307309425,-5.1014529534043618e-07
1550,0.012,306.52683627274183,306.52683643747037,-1.6472853303639567e-07,2.5234918777359856,2.5234924100810305,-5.3234504493460122e-07
1550,0.013000000000000001,306.72275989466652,306.72276005356906,-1.5890253735051374e-07,2.5009454816863372,2.5009458952783832,-4.1359204594471066e-07
1550,0.014,306.93453499356059,306.93453514283073,-1.4927013580745552e-07,2.4637098487787217,2.4637099543385883,-1.0555986662552641e-07
1550,0.014999999999999999,307.16218072721966,307.16218086812751,-1.4090784361542319e-07,2.4055813865213302,2.4055809994097324,3.8711159788817895e-07
1550,0.016,307.40576093316139,307.40576107318259,-1.4002119996803231e-07,2.3197610614391162,2.3197600832282381,9.7821087807759e-07
1550,0.017000000000000001,307.66541432703781,307.66541447912101,-1.5208320292003918e-07,2.1998467383688975,2.1998452383200937,1.5000488038374726e-06
1550,0.018000000000000002,307.94138547212219,307.94138565242719,-1.8030499404630973e-07,2.0411266724274424,2.0411249271319827,1.7452954597096948e-06
1550,0.019,308.23405113034602,308.23405135542839,-2.2508237407237175e-07,1.8418873618843767,1.8418858193350716,1.5425493051779426e-06
1550,0.02,308.54393639248917,308.54393668948819,-2.9699901915591909e-07,1.604358484192703,1.6043576505885648,8.3360413816180312e-07
1560,0,305.45714804959277,305.45714810963591,-6.0043134908482898e-08,2.5499987641842901,2.5499987656790051,-1.4947150184241309e-09
1560,0.001,305.46489026337008,305.46489032229806,-5.8927980717271566e-08,2.5499981540112966,2.549998155772117,-1.760820378393646e-09
1560,0.002,305.48812351493524,305.48812357788535,-6.295010734902462e-08,2.5499955608626514,2.5499955642261782,-3.3635267904230659e-09
1560,0.0030000000000000001,305.52686717556242,305.52686724521101,-6.9648592671001097e-08,2.5499878644534308,2.5499878716628093,-7.209378427575075e-09
1560,0.0040000000000000001,305.58115200602617,305.58115208484475,-7.8818573001626646e-08,2.5499664123271808,2.5499664278173042,-1.5490123406181056e-08
1560,0.0050000000000000001,305.65101790242733,305.65101799256666,-9.0139337771688588e-08,2.5499091683529227,2.5499092003799113,-3.2026988616706831e-08
1560,0.0060000000000000001,305.73651083923335,305.73651094232002,-1.0308667697245255e-07,2.5497633308115053,2.5497633933680373,-6.2556531954527372e-08
1560,0.0070000000000000001,305.83767918479629,305.83767930165118,-1.1685489198498544e-07,2.5494098755137276,2.5494099896381859,-1.1412445832803542e-07
1560,0.0080000000000000002,305.95456971795193,305.95456984826859,-1.3031666412643972e-07,2.5485970185278921,2.5485972111466544,-1.9261876227361086e-07
1560,0.0090000000000000011,306.08722388706917,306.08722402915203,-1.4208285392669495e-07,2.5468262098700465,2.5468265075355379,-2.9766549136667209e-07
1560,0.01,306.2356751055288,306.23567525624736,-1.5071856296344777e-07,2.5431758722019393,2.5431762875160082,-4.1531406891337497e-07
1560,0.010999999999999999,306.39994811996417,306.39994827509776,-1.5513359130636672e-07,2.5360602945947566,2.5360608059175442,-5.1132278766630179e-07
1560,0.012,306.58006163578301,306.58006179085521,-1.5507220041399705e-07,2.522948781807457,2.5229493123469835,-5.3053952653314695e-07
1560,0.013000000000000001,306.77603533073938,306.77603548227631,-1.5153693766478682e-07,2.5001127763293023,2.5001131849808087,-4.0865150641167247e-07
1560,0.014,306.9879020285378,306.98790217549146,-1.4695365280203987e-07,2.4625148088673523,2.4625149077419297,-9.8874577414420628e-08
1560,0.014999999999999999,307.21572508713422,307.21572523206038,-1.4492616173811257e-07,2.4039788637300368,2.4039784710862819,3.9264375484293623e-07
1560,0.016,307.45962002499931,307.45962017457714,-1.4957782923374907e-07,2.317757521970957,2.317756542789164,9.7918179298162045e-07
1560,0.017000000000000001,307.71977823508894,307.71977839979917,-1.6471022945552249e-07,2.1975184892947679,2.1975169950381437,1.4942566242126532e-06
1560,0.018000000000000002,307.99648960685113,307.99648979989473,-1.9304360421301681e-07,2.0386234028205998,2.0386216694873567,1.733333243159052e-06
1560,0.019,308.2901603231046,308.29016055887001,-2.3576541252623429e-07,1.8394155475306913,1.8394140193883015,1.5281423897395285e-06
1560,0.02,308.60132203377606,308.60132259337627,-5.5960020972634084e-07,1.6021459351632652,1.6021451127837751,8.2237949006191968e-07
1570,0,305.50948541823226,305.50948548256684,-6.433458565879846e-08,2.5499986503435688,2.5499986519452875,-1.6017187576267133e-09
1570,0.001,305.51724157189619,305.51724163664375,-6.474755309682223e-08,2.5499979930256722,2.5499979949038556,-1.8781833865944009e-09
1570,0.002,305.54051573236694,305.54051580111485,-6.8747908699151594e-08,2.5499952114985094,2.5499952150586589,-3.5601495085302304e-09
1570,0.0030000000000000001,305.5793245665181,305.57932464180067,-7.5282571287971223e-08,2.5499870075108984,2.5499870150834054,-7.5725070658450022e-09
1570,0.0040000000000000001,305.63369443728783,305.63369452134503,-8.4057205640419852e-08,2.5499642914826621,2.5499643076372687,-1.6154606541363137e-08
1570,0.0050000000000000001,305.70365937064429,305.7036594652601,-9.461581385039608e-08,2.5499040638779475,2.5499040970565341,-3.3178586544835298e-08
1570,0.0060000000000000001,305.78925841616109,305.78925852245925,-1.0629815960783162e-07,2.5497515601754825,2.5497516245763121,-6.4400829558053374e-08
1570,0.0070000000000000001,305.89053266652684,305.89053278475507,-1.1822822898466256e-07,2.5493840659753282,2.5493841827735473,-1.1679821909638122e-07
1570,0.0080000000000000002,306.00752234577573,306.00752247513532,-1.2935959148308029e-07,2.5485434433273073,2.5485436393657506,-1.9603844325644104e-07
1570,0.0090000000000000011,306.14026454322169,306.140264681823,-1.3860130820830818e-07,2.5467212352861752,2.546721536642703,-3.0135652773211064e-07
1570,0.01,306.28879233057512,306.28879247561554,-1.4504041701002279e-07,2.5429821277698057,2.5429825461026527,-4.1833284702974538e-07
1570,0.010999999999999999,306.45313610528871,306.45313625354015,-1.4825144489805098e-07,2.5357240304006501,2.5357245428237043,-5.1242305421084211e-07
1570,0.012,306.63332799115682,306.63332813986852,-1.4871170606056694e-07,2.522400736793545,2.5224012654682277,-5.2867468269823803e-07
1570,0.013000000000000001,306.82940992623332,306.82941007441224,-1.4817891269558459e-07,2.4992751706301779,2.4992755743364024,-4.0370622444996229e-07
1570,0.014,307.04144555837274,307.04144570679455,-1.4842180462437682e-07,2.4613160931554749,2.4613161854105656,-9.2255090677895168e-08
1570,0.014999999999999999,307.26953480016573,307.26953494803735,-1.4787161717322306e-07,2.4023752489177825,2.4023748508540059,3.9806377660767112e-07
1570,0.016,307.51382628204789,307.51382643302583,-1.5097793948370963e-07,2.3157565903436281,2.3157556102882411,9.8005538706757989e-07
1570,0.017000000000000001,307.77451394885804,307.77451412416207,-1.7530402374177356e-07,2.1951969299592071,2.1951954415089228,1.4884502843592884e-06
1570,0.018000000000000002,308.05178991434468,308.05179011749664,-2.0315195570219657e-07,2.0361302227194944,2.0361285012565569,1.7214629375317259e-06
1570,0.019,308.34572289602363,308.34572307935639,-1.8333275875193067e-07,1.8369554955929315,1.8369539816894687,1.5139034628131043e-06
1570,0.02,308.65607203688273,308.6560721445237,-1.0764097169158049e-07,1.5999446288361299,1.5999438179262007,8.1090992920529459e-07
1580,0,305.56191066016032,305.56191073062791,-7.0467592649947619e-08,2.5499985276154589,2.5499985293152898,-1.6998309426696778e-09
1580,0.001,305.56967877855817,305.56967884937399,-7.0815815433888929e-08,2.5499978202046405,2.5499978222049053,-2.0002648426498126e-09
1580,0.002,305.59298800686366,305.59298808146605,-7.4602382937882794e-08,2.5499948393176575,2.5499948430820663,-3.7644087846899765e-09
1580,0.0030000000000000001,305.631852589792,305.63185267051097,-8.071896218098118e-08,2.5499861013761627,2.5499861093238891,-7.9477264769423073e-09
1580,0.0040000000000000001,305.68629505576422,305.68629514455728,-8.8793058239389211e-08,2.5499620643450567,2.5499620811818535,-1.683679684560957e-08
1580,0.0050000000000000001,305.75634452872094,305.75634462701265,-9.8291707217867952e-08,2.5498987380496643,2.5498987724027034,-3.4353039080059489e-08
1580,0.0060000000000000001,305.84203464308939,305.84203475160837,-1.0851897513930453e-07,2.5497393528608412,2.549739419130121,-6.6269279841435491e-08
1580,0.0070000000000000001,305.94340137240516,305.94340149106938,-1.1866421800732496e-07,2.5493574485723265,2.5493575680613079,-1.1948898137603692e-07
1580,0.0080000000000000002,306.06048120013673,306.06048132805813,-1.2792139614248299e-07,2.5484884774213539,2.5484886768773563,-1.9945600238102656e-07
1580,0.0090000000000000011,306.19331017221856,306.19331030787657,-1.356580128231144e-07,2.5466140498936118,2.5466143549093547,-3.0501574288521738e-07
1580,0.01,306.34192443870131,306.34192458012353,-1.4142221971269464e-07,2.5427851671316626,2.5427855884209003,-4.2128923771755922e-07
1580,0.010999999999999999,306.50636284911184,306.50636299356393,-1.4445208762481343e-07,2.535383539203877,2.5353840526505493,-5.1344667229002994e-07
1580,0.012,306.68667187973841,306.68667202307103,-1.4333261333376868e-07,2.5218477786547386,2.521848305406571,-5.267518323748277e-07
1580,0.013000000000000001,306.88291239224134,306.88291253054336,-1.3830202760800603e-07,2.4984327255791583,2.4984331243363633,-3.9875720503346201e-07
1580,0.014,307.09516608540508,307.09516622184805,-1.364429635941633e-07,2.4601137767490275,2.4601138624500392,-8.5701011620642475e-08
1580,0.014999999999999999,307.32353675984137,307.32353691145227,-1.5161089095272473e-07,2.4007706092274437,2.4007702058536862,4.0337375750709725e-07
1580,0.016,307.56813825500888,307.56813844032888,-1.8532000467530452e-07,2.3137582988212935,2.3137573179865991,9.8083469435295001e-07
1580,0.017000000000000001,307.82905944701412,307.82905965430569,-2.0729157768073492e-07,2.1928820378369829,2.1928805552053916,1.4826315912763732e-06
1580,0.018000000000000002,308.10630089506157,308.1063010786645,-1.8360293552177609e-07,2.0336470530253803,2.0336453433403467,1.7096850335462932e-06
1580,0.019,308.39969007228143,308.39969018128897,-1.0900754432441317e-07,1.8345070907811176,1.8345055909474381,1.4998336794747047e-06
1580,0.02,308.70879865483312,308.70879867018226,-1.5349144177889684e-08,1.5977544290545702,1.597753629218897,7.998356732485945e-07
1590,0,305.61441113745155,305.61441121385212,-7.6400567650125595e-08,2.5499983954377732,2.5499983972410472,-1.8032739745876825e-09
1590,0.001,305.62218949085275,305.62218956749712,-7.66443690736196e-08,2.5499976348492055,2.5499976369777126,-2.1285071483134743e-09
1590,0.002,305.64552873279575,305.64552881290194,-8.0106190125661669e-08,2.5499944431542185,2.5499944471315943,-3.9773757620764627e-09
1590,0.0030000000000000001,305.68444111015941,305.68444119581068,-8.5651265635533491e-08,2.5499851439215777,2.5499851522574914,-8.335913737056444e-09
1590,0.0040000000000000001,305.73894608267233,305.73894617555914,-9.2886807578906883e-08,2.5499597270878027,2.5499597446252067,-1.7537403973477694e-08
1590,0.0050000000000000001,305.80906904667137,305.80906914797112,-1.0129974725714419e-07,2.5498931843898194,2.5498932199406026,-3.5550783206161896e-08
1590,0.0060000000000000001,305.8948398556002,305.894839965882,-1.1028180324501591e-07,2.5497266988267815,2.5497267669887211,-6.8161939648092584e-08
1590,0.0070000000000000001,305.99629144764219,305.99629156678139,-1.1913920161532587e-07,2.5493300094524183,2.5493301316488335,-1.221964152087196e-07
1590,0.0080000000000000002,306.1134589636689,306.11345909069968,-1.2703077345577185e-07,2.5484321045437595,2.5484323074146684,-2.0287090896076165e-07
1590,0.0090000000000000011,306.2463797595662,306.24637989245724,-1.3289104572322685e-07,2.5465046390880492,2.546504947730885,-3.0864283573350804e-07
1590,0.01,306.39509462225527,306.3950947579101,-1.356548295916582e-07,2.542584984434348,2.5425854086180455,-4.241836975005242e-07
1590,0.010999999999999999,306.55965018970073,306.5596503249551,-1.3525436770578381e-07,2.5350388326729996,2.5350393470681198,-5.1439512027684486e-07
1590,0.012,306.74010193347249,306.74010206770447,-1.3423198197415331e-07,2.5212899434856273,2.5212904682587349,-5.2477310763521245e-07
1590,0.013000000000000001,306.93651601708507,306.93651615522668,-1.3814161547998083e-07,2.4975855017082647,2.4975858955145158,-3.9380625116436363e-07
1590,0.014,307.14896701339381,307.14896716560708,-1.5221326066239271e-07,2.4589079336597512,2.4589080128724872,-7.9212735926148525e-08
1590,0.014999999999999999,307.37752733900362,307.37752751362984,-1.7462622281527729e-07,2.3991650103672817,2.3991646017923114,4.0857497030089007e-07
1590,0.016,307.62224425874331,307.62224445031489,-1.9157158703819732e-07,2.3117626784994578,2.3117616969776167,9.8152184113686758e-07
1590,0.017000000000000001,307.8831024573862,307.88310264137334,-1.8398714018985629e-07,2.1905737901667912,2.1905723133654003,1.4768013909538524e-06
1590,0.018000000000000002,308.15997487277974,308.15997501529614,-1.4251639868234633e-07,2.0311738153494394,2.0311721173503772,1.6979990622445484e-06
1590,0.019,308.45257062707952,308.45257069879455,-7.1715021476848051e-08,1.8320702236772177,1.8320687377519649,1.4859252528420797e-06
1590,0.02,308.76039373266923,308.76039372260101,1.0068220035464037e-08,1.5955751865483296,1.5955743976189587,7.8892937094288129e-07
1600,0,305.66697618546618,305.66697626740881,-8.1942630458797794e-08,2.5499982532218679,2.5499982551341085,-1.9122405880978022e-09
1600,0.001,305.67476338170093,305.67476346376145,-8.206052370951511e-08,2.54999743623019,2.5499974384933011,-2.2631110319082381e-09
1600,0.002,305.69812862428671,305.69812870943321,-8.5146496076049516e-08,2.5499940218011607,2.5499940260004275,-4.1992667121348859e-09
1600,0.0030000000000000001,305.7370826602637,305.73708275033567,-9.007197832033853e-08,2.5499841329617148,2.5499841416989963,-8.7372815649189306e-09
1600,0.0040000000000000001,305.7916427288269,305.79164282527739,-9.6450492037547519e-08,2.5499572758099949,2.5499572940665427,-1.8256547829054171e-08
1600,0.0050000000000000001,305.86183170006842,305.86183180382335,-1.0375492820458021e-07,2.549887396342418,2.5498874331141694,-3.6771751421582621e-08
1600,0.0060000000000000001,305.94767715354033,305.94767726484997,-1.1130964594485704e-07,2.5497135879858477,2.5497136580642681,-7.0078420399966035e-08
1600,0.0070000000000000001,306.04921064657179,306.04921076489012,-1.1831832580355695e-07,2.5493017348052116,2.5493018597250017,-1.2491979006767906e-07
1600,0.0080000000000000002,306.16646742108395,306.16646754508423,-1.2400028026604559e-07,2.5483743086235218,2.5483745149058006,-2.062822788140295e-07
1600,0.0090000000000000011,306.29948670378309,306.29948683170323,-1.2792014558726805e-07,2.5463929886455099,2.5463933008827033,-3.1223719343387302e-07
1600,0.01,306.4483125165367,306.4483126470297,-1.3049299241174594e-07,2.5423815743328397,2.5423820013492362,-4.2701639646480771e-07
1600,0.010999999999999999,306.61299448926138,306.61299462261456,-1.3335318271856522e-07,2.5346899229293016,2.5346904381988922,-5.1526959055081534e-07
1600,0.012,306.79358756322745,306.7935877022241,-1.389966541864851e-07,2.5207272674995855,2.5207277902399041,-5.2274031858701164e-07
1600,0.013000000000000001,306.99014879815007,306.99014894738002,-1.4922994751032093e-07,2.4967335590863171,2.496733947941137,-3.8885481989936466e-07
1600,0.014,307.20272900772079,307.20272917065626,-1.6293546423185035e-07,2.4576986368181197,2.4576987096084801,-7.2790360405861065e-08
1600,0.014999999999999999,307.43135702919318,307.43135720376142,-1.7456824252803926e-07,2.3975585166409066,2.3975581029719653,4.1366894132366383e-07
1600,0.016,307.67601546312818,307.67601563826145,-1.751332661115157e-07,2.3097697593442597,2.3097687772251128,9.8211914689727564e-07
1600,0.017000000000000001,307.93660883869023,307.93660899508126,-1.5639102457498666e-07,2.1882721639417286,2.1882706929809097,1.4709608189278356e-06
1600,0.018000000000000002,308.21292802319857,308.21292813790035,-1.1470177696537576e-07,2.0287104321701768,2.0287087457651434,1.6864050333964542e-06
1600,0.019,308.50461739011223,308.50461744187231,-5.1760082442342537e-08,1.8296447873914183,1.829643315222093,1.4721693253338941e-06
1600,0.02,308.81115258434323,308.81115256165322,2.2690016976412153e-08,1.5934067784558792,1.5934060002831221,7.7817275712099843e-07
1610,0,305.71959757218633,305.71959765911532,-8.6928992004686734e-08,2.549998100351905,2.5499981023788312,-2.026926182452371e-09
1610,0.001,305.72739259508717,305.72739268199717,-8.6910006302787224e-08,2.5499972235875084,2.5499972259917905,-2.4042821067382647e-09
1610,0.002,305.75078095580596,305.75078104538682,-8.9580851181381149e-08,2.549993574009652,2.5499935784399534,-4.4303014590241219e-09
1610,0.0030000000000000001,305.78977239262781,305.78977248642673,-9.3798917077947408e-08,2.5499830662530587,2.5499830754050907,-9.1520320211202488e-09
1610,0.0040000000000000001,305.84438271148878,305.84438281064706,-9.915828513840097e-08,2.5499547065368571,2.5499547255312112,-1.8994354089585386e-08
1610,0.0050000000000000001,305.9146332639238,305.91463336905582,-1.0513201686990215e-07,2.5498813672755243,2.5498814052913752,-3.8015850911676807e-08
1610,0.0060000000000000001,306.00055042001992,306.00055053115335,-1.1113343134638853e-07,2.5497000102072693,2.5497000822255935,-7.2018324193123817e-08
1610,0.0070000000000000001,306.10216517425016,306.10216529090206,-1.166519041362335e-07,2.5492726108664052,2.5492727385247815,-1.2765837631434351e-07
1610,0.0080000000000000002,306.21951295495393,306.21951307641029,-1.2145636674176785e-07,2.5483150737877449,2.5483152834769922,-2.0968924729913851e-07
1610,0.0090000000000000011,306.35263354920079,306.35263367500914,-1.2580835573317017e-07,2.5462790847205827,2.5462794005188285,-3.1579824577576687e-07
1610,0.01,306.50157078997427,306.50157092050227,-1.305280079577642e-07,2.5421749319813927,2.5421753617689302,-4.2978753755917865e-07
1610,0.010999999999999999,306.6663712987251,306.66637143545358,-1.3672848808710114e-07,2.5343368225318175,2.5343373386030779,-5.1607126039243667e-07
1610,0.012,306.84708120223422,306.84708134735507,-1.4512085044771084e-07,2.52015978701401,2.5201603076692529,-5.206552429193323e-07
1610,0.013000000000000001,307.04373948110418,307.04373963618588,-1.5508169326494681e-07,2.4958769573143429,2.4958773412186668,-3.8390432388624163e-07
1610,0.014,307.25636664010966,307.25636680407348,-1.6396381852246122e-07,2.4564859580862159,2.456486024520157,-6.6433941015020537e-08
1610,0.014999999999999999,307.48494789454264,307.48494806170226,-1.6715961237423471e-07,2.3959511909770641,2.3959507723198654,4.1865719868638962e-07
1610,0.016,307.7294111215619,307.72941128078338,-1.5922148577374173e-07,2.3077795702280754,2.3077785875992016,9.8262887382460917e-07
1610,0.017000000000000001,307.9896013207686,307.98960145637267,-1.356040684186155e-07,2.1859771359105609,2.1859756707995412,1.4651110196162165e-06
1610,0.018000000000000002,308.26525491713619,308.265255011112,-9.3975813797442243e-08,2.0262568269974439,2.026255152094572,1.674902871950934e-06
1610,0.019,308.55597839890498,308.55597843352297,-3.4617983146745246e-08,1.8272306754318464,1.8272292168690589,1.4585627874375007e-06
1610,0.02,308.8612359897424,308.86123595414529,3.5597111036622664e-08,1.5912490890924924,1.5912483215345137,7.6755797873140352e-07
1620,0,305.772269564368,305.7722696553783,-9.1010292635473888e-08,2.5499979361841194,2.5499979383316549,-2.1475354827771298e-09
1620,0.001,305.78007174827496,305.78007183910108,-9.082611995836487e-08,2.5499969961294378,2.5499969986816691,-2.5522313151782328e-09
1620,0.002,305.80348136780691,305.80348146081502,-9.3008111434755847e-08,2.5499930984884411,2.5499931031591432,-4.6707020473490957e-09
1620,0.0030000000000000001,305.84250754343731,305.8425076398791,-9.6441794994461816e-08,2.5499819414937206,2.5499819510740904,-9.5803698307861396e-09
1620,0.0040000000000000001,305.89716521943211,305.8971653202284,-1.0079628509629401e-07,2.5499520152202559,2.5499520349711888,-1.9750932889195383e-08
1620,0.0050000000000000001,305.96747484039793,305.96747494610082,-1.0570289532552124e-07,2.549875090483086,2.5498751297660895,-3.928300351674352e-08
1620,0.0060000000000000001,306.05346198948939,306.05346210032678,-1.1083739082096145e-07,2.5496859553202991,2.5496860293015469,-7.3981247794563387e-08
1620,0.0070000000000000001,306.15515700552845,306.15515712155212,-1.1602367067098385e-07,2.5492426239218529,2.5492427543333052,-1.3041145230374696e-07
1620,0.0080000000000000002,306.27259449891977,306.27259462023591,-1.2131613402743824e-07,2.5482543843642746,2.5482545974552409,-2.130909662056979e-07
1620,0.0090000000000000011,306.40581252523037,306.40581265223159,-1.2700121487796423e-07,2.5461629138444928,2.5461632331699295,-3.1932543675949887e-07
1620,0.01,306.55485096366448,306.55485109712589,-1.334614125880762e-07,2.5419650530246769,2.5419654855220117,-4.3249733483463615e-07
1620,0.010999999999999999,306.7197484259076,306.71974856678605,-1.4087845556787215e-07,2.5339795444626567,2.5339800612639718,-5.1680131507580995e-07
1620,0.012,306.90053686082098,306.90053700965927,-1.4883829635436996e-07,2.5195875384360917,2.5195880569557212,-5.185196294554828e-07
1620,0.013000000000000001,307.09723301775529,307.09723317373613,-1.5598084246448707e-07,2.4950157555214272,2.4950161344775474,-3.7895612026161984e-07
1620,0.014,307.30982618044777,307.30982634031977,-1.5987200185918482e-07,2.4552699682706143,2.4552700284141205,-6.014350617533637e-08
1620,0.014999999999999999,307.53826213883946,307.53826229606477,-1.5722531543360674e-07,2.3943430949591114,2.3943426714178435,4.2354126783550328e-07
1620,0.016,307.7824241982421,307.78242434271397,-1.4447186913457699e-07,2.3057921389620923,2.3057911559088895,9.8305320284097775e-07
1620,0.017000000000000001,308.0421129935317,308.04211311203233,-1.1850062264784356e-07,2.183688682589795,2.1836872233366242,1.4592531707435796e-06
1620,0.018000000000000002,308.31702773852226,308.3170278158268,-7.7304548540269025e-08,2.0238129244277698,2.0238112609357981,1.6634919717262164e-06
1620,0.019,308.60675201206175,308.60675203240885,-2.0347101781226229e-08,1.8248277818147001,1.8248263367106625,1.445104037545164e-06
1620,0.02,308.91074709547701,308.91074698251123,1.1296577895336668e-07,1.5891020067721386,1.5891012496938877,7.5707825097914849e-07
1630,0,305.82498853991399,305.82498863524091,-9.5326925020344788e-08,2.549997760046081,2.5499977623110035,-2.2649224717952166e-09
1630,0.001,305.83279747714414,305.83279757105208,-9.3907942755322438e-08,2.5499967530319103,2.5499967557382512,-2.7063409291372409e-09
1630,0.002,305.85622721612668,305.85622731180172,-9.5675034117448376e-08,2.5499925939032466,2.549992598823362,-4.9201154261879765e-09
1630,0.0030000000000000001,305.8952864801638,305.89528657869641,-9.8532609627000056e-08,2.549980756323194,2.5499807663452416,-1.0022047636226716e-08
1630,0.0040000000000000001,305.94998961675145,305.94998971900566,-1.0225420510323602e-07,2.5499491977392577,2.5499492182652705,-2.0526012889376943e-08
1630,0.0050000000000000001,306.0203563162583,306.02035642288428,-1.066259756044019e-07,2.5498685591867964,2.549868599759566,-4.0572769588465007e-08
1630,0.0060000000000000001,306.10641120173273,306.1064113132266,-1.1149387546538492e-07,2.5496714131175122,2.5496714890839982,-7.5966485990619503e-08
1630,0.0070000000000000001,306.20818321302124,306.2081833298289,-1.1680765510391211e-07,2.5492117603115294,2.5492118934895585,-1.3317802904921905e-07
1630,0.0080000000000000002,306.32570461223906,306.32570473486311,-1.2262404425200657e-07,2.5481922248841706,2.5481924413705368,-2.1648636616689032e-07
1630,0.0090000000000000011,306.45900931005906,306.45900943910044,-1.2904138202429749e-07,2.5460444629230192,2.5460447857410369,-3.228180176506612e-07
1630,0.01,306.60813007632152,306.60813021237374,-1.3605222193291411e-07,2.5417519335889347,2.5417523687347692,-4.3514583447645805e-07
1630,0.010999999999999999,306.77309409455586,306.77309423786625,-1.433103875569941e-07,2.5336181021126354,2.5336186195733674,-5.1746073204128606e-07
1630,0.012,306.95391630256825,306.95391645235662,-1.497883772572095e-07,2.5190105582490996,2.5190110745840948,-5.1633499520420401e-07
1630,0.013000000000000001,307.15059009292094,307.15059024633109,-1.5341015568992589e-07,2.4941500123609823,2.4941503863723296,-3.7401134722614415e-07
1630,0.014,307.36307532325759,307.36307547548773,-1.5223014315779437e-07,2.4540507371352835,2.4540507910541698,-5.3918886244730402e-08
1630,0.014999999999999999,307.59128453252572,307.59128468120019,-1.4867447362121311e-07,2.3927342888540335,2.3927338605312083,4.2832282520777198e-07
1630,0.016,307.83507090836548,307.83507104931118,-1.4094570133238449e-07,2.3038074923266922,2.3038065089322615,9.8339443077577471e-07
1630,0.017000000000000001,308.09422803630616,308.09422814466529,-1.0835913144546794e-07,2.181406780284842,2.1814053268961686,1.4533886734113821e-06
1630,0.018000000000000002,308.36852155685682,308.36852161957705,-6.2720232563151512e-08,2.0213786500957722,2.0213769979241762,1.6521715959783023e-06
1630,0.019,308.65777493379409,308.65777499125153,-5.7457441471342463e-08,1.8224360014140641,1.822434569622333,1.4317917311768014e-06
1630,0.02,308.96200265620098,308.96200275631514,-1.0011416406996432e-07,1.5869653344120431,1.5869645874307186,7.4698132457307054e-07
1640,0,305.87775221334266,305.87775231115666,-9.7813995125761721e-08,2.5499975712359699,2.5499975736339588,-2.3979889185454795e-09
1640,0.001,305.88556762096647,305.88556771727184,-9.6305370789195877e-08,2.5499964934377974,2.5499964963062713,-2.8684739028506101e-09
1640,0.002,305.90901665251579,305.90901675034206,-9.7826273304235656e-08,2.5499920588761724,2.5499920640560623,-5.1798898503818691e-09
1640,0.0030000000000000001,305.94810767086329,305.94810777120813,-1.0034483466370148e-07,2.5499795083221413,2.5499795188002956,-1.0478154344184532e-08
1640,0.0040000000000000001,306.00285439439068,306.00285449812094,-1.0373025816079462e-07,2.5499462499007235,2.5499462712211747,-2.1320451182305078e-08
1640,0.0050000000000000001,306.07327552958623,306.07327563746242,-1.0787618975882651e-07,2.5498617665379646,2.5498618084236662,-4.1885701573818324e-08
1640,0.0060000000000000001,306.15939416238757,306.15939427509909,-1.1271151834080229e-07,2.5496563733580895,2.549656451332293,-7.797420353838902e-08
1640,0.0070000000000000001,306.2612367758249,306.26123689401788,-1.1819298606496886e-07,2.5491800064333749,2.5491801423912985,-1.3595792358600534e-07
1640,0.0080000000000000002,306.37883168342927,306.37883180766948,-1.2424021633705706e-07,2.5481285800839859,2.5481287999591213,-2.1987513543209047e-07
1640,0.0090000000000000011,306.51220658481515,306.51220671544257,-1.3062742709735176e-07,2.5459237192342257,2.545924045510195,-3.2627596935341785e-07
1640,0.01,306.6613848902341,306.66138502722953,-1.369954247820715e-07,2.5415355702731395,2.5415360080068674,-4.3773372793154408e-07
1640,0.010999999999999999,306.82638047804051,306.82638062132253,-1.4328202269098256e-07,2.5332525092671747,2.5332530273182789,-5.1805110423686074e-07
1640,0.012,307.00719074441548,307.00719089453014,-1.5011465848147054e-07,2.5184288829991717,2.5184293971025817,-5.1410341006530302e-07
1640,0.013000000000000001,307.20378836260471,307.20378851962846,-1.5702374867032631e-07,2.4932797860074341,2.4932801550790589,-3.6907162481725209e-07
1640,0.014,307.41611335398494,307.41611351214408,-1.5815913911865209e-07,2.4528283334145864,2.4528283811749669,-4.7760380539330072e-08
1640,0.014999999999999999,307.64406906041091,307.64406920244016,-1.4202925058270921e-07,2.3911248316409246,2.3911243986378725,4.3300305208049394e-07
1640,0.016,307.88752797445949,307.88752808020303,-1.0574353837000672e-07,2.3018256561005166,2.3018246724462341,9.8365428247149111e-07
1640,0.017000000000000001,308.14635447108788,308.14635454480759,-7.3719718329812167e-08,2.1791314051151716,2.179129957596837,1.4475183345297182e-06
1640,0.018000000000000002,308.42044853012749,308.42044860514522,-7.5017737799498718e-08,2.0189539305950763,2.0189522896549228,1.6409401535355528e-06
1640,0.019,308.70980572414777,308.70980582949812,-1.0535035244174651e-07,1.8200552294724672,1.8200538108516107,1.4186208565636349e-06
1640,0.02,309.01457685989686,309.01457701393133,-1.5403446695927414e-07,1.5848389824543494,1.5848382456097048,7.3684464463319443e-07
1650,0,305.93055871841432,305.93055881835113,-9.9936812603118597e-08,2.5499973690218427,2.54999737155944,-2.5375972434460436e-09
1650,0.001,305.93838030651551,305.93838040489555,-9.8380041890777647e-08,2.5499962164562122,2.5499962194942301,-3.0380178372979572e-09
1650,0.002,305.96184773063828,305.96184783041031,-9.9772023531841114e-08,2.5499914919851276,2.5499914974348097,-5.4496820389715595e-09
1650,0.0030000000000000001,306.00096888137682,306.00096898349966,-1.0212283996224869e-07,2.5499781950122062,2.5499782059606355,-1.0948429274293403e-08
1650,0.0040000000000000001,306.05575659614033,306.05575670149125,-1.0535092087593512e-07,2.5499431674399351,2.5499431895738818,-2.2133946675495508e-08
1650,0.0050000000000000001,306.12622812520863,306.12622823458656,-1.093779360417102e-07,2.5498547056194161,2.5498547488407532,-4.3221337175936014e-08
1650,0.0060000000000000001,306.21240424864197,306.21240436275747,-1.1411549394324538e-07,2.5496408257710503,2.5496409057747385,-8.0003688118779337e-08
1650,0.0070000000000000001,306.3143078950464,306.31430801452603,-1.1947963685088325e-07,2.5491473487470406,2.5491474874971982,-1.3875015758557652e-07
1650,0.0080000000000000002,306.4319620683674,306.43196219382475,-1.2545734762170468e-07,2.5480634349078999,2.5480636581641307,-2.2325623083574442e-07
1650,0.0090000000000000011,306.56538687481793,306.56538700699571,-1.3217777450336143e-07,2.545800670426126,2.545801000124722,-3.2969859597997697e-07
1650,0.01,306.71459550654089,306.71459564630317,-1.3976227819512133e-07,2.5413159601402331,2.541316400401338,-4.4026110490591464e-07
1650,0.010999999999999999,306.87958925563021,306.87958940327024,-1.4764003708478413e-07,2.5328827800925566,2.5328832986659688,-5.1857341221150932e-07
1650,0.012,307.06035209029216,307.06035224372965,-1.5343749737439794e-07,2.517842549282586,2.5178430611089033,-5.1182631732871187e-07
1650,0.013000000000000001,307.25684607814486,307.25684623082492,-1.5268005881807767e-07,2.4924051341532447,2.4924054982912276,-3.6413798287782129e-07
1650,0.014,307.46900990628819,307.46901004742278,-1.4113459201325895e-07,2.4516028248261716,2.4516028664939302,-4.1667758576835467e-08
1650,0.014999999999999999,307.69676357386595,307.69676369319797,-1.1933201449210173e-07,2.3895147810386255,2.3895143434550206,4.375836049064219e-07
1650,0.016,307.9400223607791,307.94002245721475,-9.6435655905224849e-08,2.2998466550886691,2.299845671253717,9.8383495217291284e-07
1650,0.017000000000000001,308.19872166769392,308.19872175450053,-8.6806608123879414e-08,2.176862533038161,2.1768610913946587,1.4416435023534291e-06
1650,0.018000000000000002,308.47285098365751,308.47285108080632,-9.7148813438252546e-08,2.016538693403362,2.0165370636066005,1.6297967615486186e-06
1650,0.019,308.76249083116045,308.76249095396309,-1.2280264627406723e-07,1.8176853602034939,1.8176839546112769,1.4055922170630453e-06
1650,0.02,309.06784304556379,309.06784321081625,-1.6525245882803574e-07,1.5827228726698146,1.5827221458555834,7.2681423124443256e-07
1660,0,305.98340580789204,305.98340590975789,-1.0186585086557898e-07,2.5499971526409149,2.5499971553248635,-2.6839486189089712e-09
1660,0.001,305.99123318016871,305.99123328045727,-1.0028855967902928e-07,2.54999592116181,2.5499959243769905,-3.2151805662294919e-09
1660,0.002,306.01471774400738,306.01471784563148,-1.0162409580516396e-07,2.5499908917632812,2.549990897492981,-5.7296998257072573e-09
1660,0.0030000000000000001,306.05386671488179,306.05386681877906,-1.0389726412540767e-07,2.5499768138558605,2.5499768252889168,-1.1433056279486209e-08
1660,0.0040000000000000001,306.1086916801986,306.10869178724948,-1.0705088016038644e-07,2.5499399460212655,2.549939968987851,-2.2966585522254945e-08
1660,0.0050000000000000001,306.17920787274591,306.17920798379822,-1.1105231578767416e-07,2.5498473694474102,2.5498474140269649,-4.4579554714374581e-08
1660,0.0060000000000000001,306.26543301964398,306.26543313554362,-1.1589963833102956e-07,2.5496247600584829,2.5496248421129848,-8.2054501859829543e-08
1660,0.0070000000000000001,306.36738564980698,306.36738577142523,-1.2161825679868343e-07,2.5491137737775196,2.549113915331541,-1.4155402139337525e-07
1660,0.0080000000000000002,306.48508275222343,306.48508288040739,-1.2818395589420106e-07,2.5479967745096634,2.5479970011385467,-2.2662888321534069e-07
1660,0.0090000000000000011,306.61853674892023,306.61853688422354,-1.3530330988942296e-07,2.5456753045141407,2.5456756375996021,-3.330854614347345e-07
1660,0.01,306.76775191872673,306.76775206079424,-1.4206750620360253e-07,2.5410931007083462,2.5410935434366113,-4.4272826515978636e-07
1660,0.010999999999999999,306.932720713349,306.93272086005368,-1.4670467862742953e-07,2.5325089291224065,2.5325094481512216,-5.1902881503806952e-07
1660,0.012,307.11342084350792,307.11342099035738,-1.4684945881526801e-07,2.517251593733504,2.5172521032388366,-5.0950533259097597e-07
1660,0.013000000000000001,307.30981450317398,307.30981464384826,-1.4067427400732413e-07,2.4915261140063465,2.4915264732179474,-3.5921160090879312e-07
1660,0.014,307.52185146185644,307.5218515903419,-1.2848545338783879e-07,2.4503742780840252,2.4503743137249554,-3.5640930207136989e-08
1660,0.014999999999999999,307.74947771273617,307.74947782643659,-1.1370042329872376e-07,2.3879041935328558,2.387903751466899,4.4206595672946492e-07
1660,0.016,307.99265064286942,307.99265074524163,-1.0237221204079106e-07,2.2978705131506905,2.2978695292122864,9.8393840408661504e-07
1660,0.017000000000000001,308.25136018791738,308.25136028830411,-1.0038672826340189e-07,2.1746001398689341,2.1745987041036665,1.4357652675656141e-06
1660,0.018000000000000002,308.52565338660168,308.52565349677928,-1.1017760925824405e-07,2.0141328667878353,2.0141312480476357,1.6187401996603512e-06
1660,0.019,308.81565780300497,308.81565793359681,-1.3059184311714489e-07,1.8153262888963884,1.8153248961885373,1.3927078510445057e-06
1660,0.02,309.12159830183191,309.12159847057097,-1.6873906361070112e-07,1.5806169118546047,1.5806161949559994,7.1689860536849892e-07
1670,0,306.0362903196114,306.03629042337855,-1.0376714953963528e-07,2.5499969212988405,2.5499969241361033,-2.8372628690931379e-09
1670,0.001,306.04412291936831,306.04412302155544,-1.0218712986898026e-07,2.549995606594107,2.549995609994288,-3.4001810256256704e-09
1670,0.002,306.06762287717538,306.06762298069867,-1.0352329127272242e-07,2.5499902566985218,2.5499902627186852,-6.0201634788370484e-09
1670,0.0030000000000000001,306.10679650729372,306.10679661311968,-1.0582596132735489e-07,2.5499753622562822,2.5499753741885027,-1.1932220544963457e-08
1670,0.0040000000000000001,306.16165377991479,306.16165388899157,-1.0907677960858564e-07,2.549936581238887,2.5499366050573293,-2.3818442329570644e-08
1670,0.0050000000000000001,306.23220743969574,306.23220755296973,-1.1327398397042998e-07,2.5498397509735784,2.5498397969337909,-4.5960212524676081e-08
1670,0.0060000000000000001,306.31847168544095,306.31847180382755,-1.1838659474960878e-07,2.5496081658987095,2.5496082500249297,-8.4126220212255021e-08
1670,0.0070000000000000001,306.42046036668637,306.420460490957,-1.242706275661476e-07,2.5490792681186729,2.5490794124874947,-1.4436882178614496e-07
1670,0.0080000000000000002,306.53818471041262,306.53818484095103,-1.3053841030341573e-07,2.5479285842543962,2.5479288142467444,-2.2999234827736359e-07
1670,0.0090000000000000011,306.67165071173963,306.67165084815866,-1.364190325148229e-07,2.5455476098784655,2.5455479463146324,-3.3643616692557998e-07
1670,0.01,306.82085651721405,306.82085665793869,-1.4072463727643481e-07,2.5408669899420793,2.5408674350776281,-4.45135548865494e-07
1670,0.010999999999999999,306.98579038765325,306.98579052970808,-1.4205483012119657e-07,2.5321309712444986,2.5321314906629935,-5.1941849488201797e-07
1670,0.012,307.1664301014967,307.16643024081117,-1.3931446574133588e-07,2.5166560530121682,2.5166565601542055,-5.071420372537716e-07
1670,0.013000000000000001,307.36274485509904,307.36274498751789,-1.3241884744275012e-07,2.4906427822879182,2.4906431365815238,-3.5429360556449296e-07
1670,0.014,307.57470070304106,307.57470082583643,-1.2279537031645305e-07,2.4491427589114503,2.4491427885912396,-2.9679789292913483e-08
1670,0.014999999999999999,307.80227023147751,307.8022703448226,-1.1334509508742485e-07,2.386293124402572,2.3862926779510087,4.4645156327405289e-07
1670,0.016,308.04544641097505,308.04544651868957,-1.0771452707558637e-07,2.2958972532281696,2.2958962692615992,9.8396657044474978e-07
1670,0.017000000000000001,308.30425950785354,308.30425961686751,-1.0901396763074445e-07,2.1723442012954446,2.1723427714107904,1.4298846542359911e-06
1670,0.018000000000000002,308.57879478779955,308.57879490664533,-1.1884577588716638e-07,2.0117363796957703,2.0117347719265011,1.6077692692739731e-06
1670,0.019,308.8692078941412,308.86920803133171,-1.3719051139560179e-07,1.8129779132397281,1.8129765332738221,1.3799659059898772e-06
1670,0.02,309.17573459898824,309.17573477202063,-1.7303239019383909e-07,1.5785210046458398,1.5785202975463588,7.0709948096769892e-07
1680,0,306.08920797349617,306.0892080794157,-1.0591952559479978e-07,2.5499966741690021,2.5499966771667477,-2.9977456073027042e-09
1680,0.001,306.09704508269937,306.09704518706627,-1.0436690445203567e-07,2.5499952717568033,2.5499952753500379,-3.5932345987532699e-09
1680,0.002,306.12055821804097,306.12055832382612,-1.0578514775261283e-07,2.5499895852329466,2.5499895915542319,-6.3212852730032409e-09
1680,0.0030000000000000001,306.15975261858819,306.1597527268068,-1.0821861451404402e-07,2.549973837557268,2.5499738500033602,-1.2446092156892519e-08
1680,0.0040000000000000001,306.21463639596658,306.21463650758227,-1.1161569091200363e-07,2.5499330686174995,2.549933093307073,-2.4689573496772255e-08
1680,0.0050000000000000001,306.28521958752668,306.28521970341359,-1.1588690540520474e-07,2.5498318430868729,2.5498318904500308,-4.7363157840152326e-08
1680,0.0060000000000000001,306.3715128185861,306.37151293942554,-1.208394451168715e-07,2.54959103294944,2.5495911191678378,-8.6218397754578291e-08
1680,0.0070000000000000001,306.47352561094101,306.47352573705444,-1.2611343436219613e-07,2.549043818436644,2.5490439656304962,-1.4719385221795278e-07
1680,0.0080000000000000002,306.59126445465819,306.59126458579311,-1.3113492514094105e-07,2.5478588497202148,2.5478590830661068,-2.3334589194234923e-07
1680,0.0090000000000000011,306.72473088377791,306.72473101890694,-1.3512902796719573e-07,2.5454175752613142,2.5454179150116398,-3.3975032565081165e-07
1680,0.01,306.87391995530754,306.87392009254285,-1.3723530400966411e-07,2.5406376262438393,2.5406380737271426,-4.4748330330079966e-07
1680,0.010999999999999999,307.03881969655652,307.03881983329865,-1.3674213050762773e-07,2.5317489216878424,2.5317494414314514,-5.1974360903983552e-07
1680,0.012,307.21941220762778,307.21941234102331,-1.3339553106561652e-07,2.516055963793538,2.5160564685315077,-5.047379696421217e-07
1680,0.013000000000000001,307.4156771155661,307.41567724324182,-1.2767571888616658e-07,2.4897551952304959,2.4897555446155772,-3.4938508131077128e-07
1680,0.014,307.62759790598665,307.62759802688993,-1.2090328027625219e-07,2.44790833205405,2.4479083558382424,-2.3784192393350168e-08
1680,0.014999999999999999,307.8551712666947,307.85517138178659,-1.1509189334901748e-07,2.384681627745711,2.384681177003841,4.5074187005056388e-07
1680,0.016,308.0984189847876,308.09841909734303,-1.1255542631261051e-07,2.2939268973719038,2.2939259134505692,9.8392133462965603e-07
1680,0.017000000000000001,308.35740124194876,308.357401357333,-1.1538423905221862e-07,2.1700946928882021,2.1700932688855969,1.4240026051659527e-06
1680,0.018000000000000002,308.63222952264573,308.63222964764867,-1.2500294133133139e-07,2.0093491617099937,2.0093475648268599,1.596883133725413e-06
1680,0.019,308.92307699191957,308.92307713133738,-1.3941780707682483e-07,1.8106401331699875,1.810638765806305,1.3673636825028979e-06
1680,0.02,309.2301856504086,309.23018443082668,1.2195819181215484e-06,1.5764350557096349,1.5764343581989206,6.9751071429813294e-07
1690,0,306.14215353899425,306.14215364838822,-1.0939396588582895e-07,2.5499964103918016,2.5499964135714448,-3.1796432153896603e-09
1690,0.001,306.14999433131527,306.14999443830033,-1.0698505548134563e-07,2.5499949156171144,2.5499949194129115,-3.795797010042179e-09
1690,0.002,306.17351813682109,306.17351824521376,-1.0839266906259581e-07,2.5499888757623608,2.5499888823964851,-6.6341243609713274e-09
1690,0.0030000000000000001,306.21272905416475,306.21272916496309,-1.1079833939220407e-07,2.5499722370431601,2.5499722500186821,-1.2975521990199468e-08
1690,0.0040000000000000001,306.26763329557031,306.26763340964516,-1.1407485089875991e-07,2.5499294036131035,2.5499294291937145,-2.5580610962805395e-08
1690,0.0050000000000000001,306.33823827928825,306.33823839732673,-1.1803848565250519e-07,2.5498236386155306,2.5498236874042659,-4.8788735274030159e-08
1690,0.0060000000000000001,306.42455141929747,306.42455154169681,-1.223993422172498e-07,2.549573350850876,2.5495734391819096,-8.8331033598620934e-08
1690,0.0070000000000000001,306.52657871353068,306.52657884026655,-1.2673586979872198e-07,2.549007411473176,2.5490075615020018,-1.5002882580716914e-07
1690,0.0080000000000000002,306.64432331121662,306.6443234417203,-1.3050367897449178e-07,2.5477875566997352,2.5477877933888906,-2.3668915538621604e-07
1690,0.0090000000000000011,306.77778434050822,306.77778447360271,-1.3309448831932968e-07,2.5452851897640709,2.5452855327919739,-3.4302790297147112e-07
1690,0.01,306.92695638320862,306.92695651715962,-1.3395100495472434e-07,2.5404050084452341,2.5404054582174278,-4.497721937113397e-07
1690,0.010999999999999999,307.09183006560977,307.09183019831272,-1.3270295085021644e-07,2.5313627960100691,2.5313633160156801,-5.2000561101550602e-07
1690,0.012,307.27239425549965,307.27239438466302,-1.2916336800117278e-07,2.5154513627563611,2.5154518650512956,-5.0229493453457508e-07
1690,0.013000000000000001,307.46864028109388,307.46864040396514,-1.2287125628063222e-07,2.4888634085763899,2.4888637530637712,-3.4448738128745049e-07
1690,0.014,307.68056843418879,307.68056854739353,-1.1320474868625752e-07,2.4466710612926033,2.4466710792469066,-1.7954303377365477e-08
1690,0.014999999999999999,307.90819703935023,307.90819714473525,-1.053850269272516e-07,2.3830697565042946,2.3830693015663256,4.549379690743649e-07
1690,0.016,308.15157554452139,308.15157566083082,-1.1630942253759713e-07,2.2919594667683802,2.2919584829641528,9.8380422741684015e-07
1690,0.017000000000000001,308.4108073129687,308.41080745746342,-1.4449472018895904e-07,2.1678515901050384,2.1678501719853362,1.4181197021123637e-06
1690,0.018000000000000002,308.68609500064474,308.68609514872765,-1.4808290416112868e-07,2.006971143068879,2.0069695569880275,1.586080851545546e-06
1690,0.019,308.97782258263544,308.97782271246541,-1.2982997077415348e-07,1.8083128505789485,1.8083114956802024,1.3548987460865192e-06
1690,0.02,309.28666600575349,309.28666620808741,-2.0233392206137069e-07,1.5743591024153811,1.5743584149263852,6.8748899595405533e-07
1700,0,306.1951213150104,306.19512142705645,-1.1204605243619881e-07,2.5499961290739717,2.5499961324290856,-3.3551139644316663e-09
1700,0.001,306.2029649423506,306.20296505197393,-1.0962332908093231e-07,2.5499945371051216,2.5499945411107259,-4.0056042927005819e-09
1700,0.002,306.22649688644918,306.22649699742641,-1.1097722563135903e-07,2.5499881266358133,2.5499881335930064,-6.9571930438883101e-09
1700,0.0030000000000000001,306.2657201632428,306.26572027649496,-1.1325215609758743e-07,2.5499705579388365,2.5499705714581586,-1.3519322106247955e-08
1700,0.0040000000000000001,306.32063924489381,306.32063936115964,-1.1626582363533089e-07,2.5499255816138131,2.5499256081042758,-2.6490462712303042e-08
1700,0.0050000000000000001,306.39125927841491,306.39125939818797,-1.1977306257904274e-07,2.5498151303290557,2.5498151805648304,-5.0235774651241627e-08
1700,0.0060000000000000001,306.47758510484249,306.47758522827678,-1.2343429034444853e-07,2.5495551092287809,2.5495551996915751,-9.046279414448577e-08
1700,0.0070000000000000001,306.57962021787273,306.57962034467971,-1.2680698091571685e-07,2.5489700340487933,2.5489701869210628,-1.5287226950988497e-07
1700,0.0080000000000000002,306.6973658679064,306.69736599725593,-1.2934953019794193e-07,2.5477146912013517,2.5477149312220866,-2.4002073484297171e-07
1700,0.0090000000000000011,306.83082058933911,306.83082071978987,-1.3045075775153236e-07,2.5451504428442311,2.5451507891121627,-3.4626793166125935e-07
1700,0.01,306.9799804940825,306.97998062369788,-1.2961538686795393e-07,2.540169135798418,2.5401695878004333,-4.5200201537198836e-07
1700,0.010999999999999999,307.14484072769125,307.14484085475641,-1.2706516372418264e-07,2.5309726100850112,2.5309731302900831,-5.2020507190775334e-07
1700,0.012,307.32539855472209,307.32539867911646,-1.2439437568900757e-07,2.514842286572653,2.5148427863864984,-4.998138454226364e-07
1700,0.013000000000000001,307.52165873099415,307.52165885425677,-1.2326262321948889e-07,2.4879674775765555,2.4879678171774495,-3.396008940725892e-07
1700,0.014,307.73364232603632,307.7336424479559,-1.2191958376206458e-07,2.4454310094561778,2.4454310216454727,-1.2189294906761461e-08
1700,0.014999999999999999,307.96140114729008,307.96140126310155,-1.1581147418837645e-07,2.3814575624892842,2.3814571034473402,4.5904194401202858e-07
1700,0.016,308.2050411469271,308.20504125193486,-1.0500775715627242e-07,2.2899949817655578,2.2899939981478701,9.8361768774424263e-07
1700,0.017000000000000001,308.464758461305,308.46475856346427,-1.0215927659373847e-07,2.1656148682935914,2.1656134560562181,1.4122373732661231e-06
1700,0.018000000000000002,308.74088901319692,308.74088914448532,-1.3128840237186523e-07,2.0046022547036344,2.0046006793410993,1.5753625350889422e-06
1700,0.019,309.03396569430282,309.03396590228203,-2.0797921251869411e-07,1.8059959701897816,1.8059946276172534,1.3425725282623091e-06
1700,0.02,309.34476817814942,309.34476850779026,-3.2964084084596834e-07,1.5722930258528889,1.5722923479385396,6.7791434932296113e-07
1710,0,306.24810573680548,306.24810585149146,-1.1468597449493245e-07,2.5499958292878713,2.5499958328262742,-3.5384029040130827e-09
1710,0.001,306.25595141774869,306.25595152997289,-1.1222419971090858e-07,2.5499941351131259,2.549994139337239,-4.224113059336787e-09
1710,0.002,306.27948920418021,306.27948931763001,-1.1344980066496646e-07,2.5499873361551249,2.5499873434466718,-7.2915469218060025e-09
1710,0.0030000000000000001,306.31872118759975,306.31872130307676,-1.1547700751179946e-07,2.5499687974096883,2.5499688114880277,-1.4078339383161165e-08
1710,0.0040000000000000001,306.37365040833049,306.37365052640621,-1.1807571809185902e-07,2.5499215979406746,2.54992162536041,-2.7419735371125853e-08
1710,0.0050000000000000001,306.44428025525184,306.44428037619514,-1.209432980431302e-07,2.5498063109401925,2.5498063626448029,-5.1704610370961746e-08
1710,0.0060000000000000001,306.53061376808358,306.53061389177122,-1.2368764146231115e-07,2.5495362976975025,2.5495363903111761,-9.261367361901307e-08
1710,0.0070000000000000001,306.63265299818704,306.63265312405878,-1.2587173614519997e-07,2.5489316730659239,2.5489318287898244,-1.557239004412736e-07
1710,0.0080000000000000002,306.75039864339266,306.75039877054485,-1.2715219099845854e-07,2.5476402394504967,2.5476404827908112,-2.4334031456518801e-07
1710,0.0090000000000000011,306.88385024131702,306.88385036878901,-1.2747199207296944e-07,2.545013324312448,2.545013673782881,-3.4947043303645842e-07
1710,0.01,307.03300729438484,307.03300742149975,-1.2711490171568585e-07,2.5399300079677247,2.5399304621411991,-4.5417347438458933e-07
1710,0.010999999999999999,307.19787183470339,307.19787196104807,-1.263446733901219e-07,2.5305783800907329,2.530578900434167,-5.2034343411833106e-07
1710,0.012,307.37845315907288,307.37845328369417,-1.2462129461709992e-07,2.5142287718975957,2.5142292691940349,-4.972964391392054e-07
1710,0.013000000000000001,307.57477580069519,307.57477592084376,-1.2014857020403724e-07,2.4870674569894891,2.4870677917163837,-3.3472689464630889e-07
1710,0.014,307.78689219575847,307.78689230730618,-1.115477061830461e-07,2.4441882384346454,2.4441882449239145,-6.4892691220563847e-09
1710,0.014999999999999999,308.01490171364907,308.01490181555005,-1.0190098009843496e-07,2.3798450964043103,2.3798446333494332,4.6305487710895932e-07
1710,0.016,308.25897730088849,308.2589774015629,-1.0067441280625644e-07,2.2880334618971103,2.2880324785339448,9.8336316556313363e-07
1710,0.017000000000000001,308.51939943931444,308.51939955912775,-1.198133077195962e-07,2.1633845026944871,2.163383096338364,1.4063561231125732e-06
1710,0.018000000000000002,308.7965943058461,308.79659447348013,-1.6763402754804702e-07,2.0022424282759648,2.0022408635485309,1.5647274338448369e-06
1710,0.019,309.09116963559546,309.09116988007821,-2.4448274871247122e-07,1.8036894017181131,1.8036880713385512,1.3303795618480052e-06
1710,0.02,309.40393937212383,309.40393972936562,-3.5724178815144114e-07,1.570236694003639,1.5702360255144676,6.684891713515384e-07
1720,0,306.30110191618809,306.30110203334334,-1.1715525261024595e-07,2.5499955100708145,2.5499955138005381,-3.7297236410438472e-09
1720,0.001,306.30894900347977,306.3089491181031,-1.1462333304734784e-07,2.5499937084950104,2.5499937129465513,-4.4515409136636208e-09
1720,0.002,306.33249076170296,306.33249087733253,-1.1562957524802187e-07,2.549986502574467,2.5499865102118622,-7.6373951607422441e-09
1720,0.0030000000000000001,306.3717285798437,306.3717286971098,-1.1726609727702453e-07,2.5499669525616593,2.5499669672143734,-1.4652714153129409e-08
1720,0.0040000000000000001,306.42666446125986,306.42666458054458,-1.1928472076760954e-07,2.5499174478485283,2.5499174762169945,-2.8368466242767454e-08
1720,0.0050000000000000001,306.49730063434833,306.49730075575076,-1.2140242233726894e-07,2.5497971731069233,2.5497972263019744,-5.319505103074107e-08
1720,0.0060000000000000001,306.58363916886469,306.58363929219252,-1.2332782262092223e-07,2.5495169058629616,2.549517000646178,-9.478321638667353e-08
1720,0.0070000000000000001,306.68568177208078,306.68568189689711,-1.2481632438721135e-07,2.548892315511877,2.5488924740949268,-1.5858304980298499e-07
1720,0.0080000000000000002,306.8034300097105,306.80343013540926,-1.2569876162160654e-07,2.547564187890647,2.5475644345378825,-2.4664723552447754e-07
1720,0.0090000000000000011,306.93688628907904,306.93688641489973,-1.2582069075506297e-07,2.5448738243293039,2.5448741769644241,-3.5263512021543875e-07
1720,0.01,307.08605606721324,307.08605619209436,-1.2488112588471267e-07,2.5396876250211524,2.5396880813081317,-4.5628697931121565e-07
1720,0.010999999999999999,307.25095191052299,307.25095203284741,-1.2232442259119125e-07,2.5301801224976725,2.530180642919504,-5.2042183140699194e-07
1720,0.012,307.4316002202857,307.43160033785597,-1.1757026641134871e-07,2.5136108553598078,2.5136113501039428,-4.9474413499339676e-07
1720,0.013000000000000001,307.62805158750126,307.62805169829414,-1.1079288242399343e-07,2.4861634010806721,2.4861637309469784,-3.2986630627007685e-07
1720,0.014,307.84039572430089,307.8403958284598,-1.0415891438242397e-07,2.4429428091916154,2.4429428100456283,-8.5401286042952052e-10
1720,0.014999999999999999,308.06878155669455,308.06878165932864,-1.026340896714828e-07,2.3782324078694566,2.3782319408913248,4.6697813171903135e-07
1720,0.016,308.31344219093489,308.31344230403545,-1.1310055469948566e-07,2.2860749259058997,2.2860739428635455,9.8304235418567032e-07
1720,0.017000000000000001,308.57472306145371,308.57472320344067,-1.4198695907907677e-07,2.1611604684468504,2.1611590679701091,1.4004767412423291e-06
1720,0.018000000000000002,308.85310988204401,308.85311007515276,-1.9310874677103129e-07,1.9998915962587773,1.9998900420834855,1.5541752917958007e-06
1720,0.019,309.14925159938781,309.14925186597361,-2.6658580054572667e-07,1.8013930567223568,1.8013917384106393,1.3183117175685766e-06
1720,0.02,309.4639730706661,309.46397344459064,-3.7392453577922424e-07,1.568190001397439,1.5681893422066242,6.5919081482235242e-07
1730,0,306.35410601239715,306.35410613159962,-1.1920246834051795e-07,2.5499951704243986,2.5499951743536982,-3.9292995523965146e-09
1730,0.001,306.36195403397329,306.36195415055545,-1.1658215726129129e-07,2.5499932560656284,2.5499932607537321,-4.6881036830370704e-09
1730,0.002,306.38549843241049,306.38549854973792,-1.1732743132597534e-07,2.5499856240999388,2.5499856320948737,-7.9949349363062083e-09
1730,0.0030000000000000001,306.4247401535203,306.42474027206657,-1.1854626791318879e-07,2.5499650204413014,2.549965035683909,-1.5242607620535864e-08
1730,0.0040000000000000001,306.479680614161,306.47968073418764,-1.2002664107058081e-07,2.5499131265269104,2.5499131558635835,-2.9336673090796239e-08
1730,0.0050000000000000001,306.55032155198643,306.55032167352886,-1.2154242767792311e-07,2.549787709434467,2.5497877641413735,-5.4706906560397783e-08
1730,0.0060000000000000001,306.63666500005633,306.63666512290689,-1.2285056527616689e-07,2.5494969233255946,2.549497020296561,-9.6970966367848632e-08
1730,0.0070000000000000001,306.73871358826568,306.73871371195588,-1.2369019941615989e-07,2.5488519484617336,2.5488521099107859,-1.6144905234938278e-07
1730,0.0080000000000000002,306.85647145657168,306.85647158033112,-1.2375943470033235e-07,2.5474865231842476,2.5474867731251081,-2.4994086045282415e-07
1730,0.0090000000000000011,306.98994616583161,306.98994628852751,-1.2269589433344663e-07,2.5447319334020633,2.544732289163798,-3.5576173473828021e-07
1730,0.01,307.13915210666488,307.13915222679282,-1.2012793604299077e-07,2.5394419874219984,2.5394424457649607,-4.5834296225066851e-07
1730,0.010999999999999999,307.30411601639128,307.30411613227744,-1.1588616644075955e-07,2.5297778540571203,2.5297783744985165,-5.204413962012211e-07
1730,0.012,307.48488527699487,307.48488538739826,-1.1040339131795918e-07,2.5129885735520139,2.5129890657103311,-4.9215831721127756e-07
1730,0.013000000000000001,307.68153961498967,307.68153972019434,-1.0520466275920626e-07,2.4852553636221741,2.4852556886421877,-3.2502001356959909e-07
1730,0.014,307.89420657284359,307.8942066760838,-1.0324021104679559e-07,2.441694781777084,2.4416947770603676,4.7167163508277099e-09
1730,0.014999999999999999,308.12308060155141,308.1230807102823,-1.0873088740481762e-07,2.3766195454442935,2.3766190746312099,4.708130836306168e-07
1730,0.016,308.36844482746022,308.36844495383536,-1.2637514146263129e-07,2.2841193917662079,2.2841184091092841,9.8265692383137093e-07
1730,0.017000000000000001,308.63069357549205,308.63069373573558,-1.6024353044485906e-07,2.1589427405967583,2.1589413459967428,1.3946000154696492e-06
1730,0.018000000000000002,308.91035281435444,308.91035302714948,-2.1279504380800063e-07,1.99754969205222,1.9975481483463602,1.5437058598077869e-06
1730,0.019,309.2080951401291,309.20809542455936,-2.844302571247681e-07,1.7991068465989681,1.7991055402322575,1.3063667105850385e-06
1730,0.02,309.52474602727222,309.52474641534042,-3.8806820157333277e-07,1.5661528496796,1.5661521996681242,6.5001147575571849e-07
1740,0,306.40711545463495,306.40711557539521,-1.207602622343984e-07,2.5499948093138367,2.5499948134511827,-4.1373460213378621e-09
1740,0.001,306.41496414057821,306.41496425863801,-1.1805980193457799e-07,2.5499927766001966,2.54999278153422,-4.9340234120620607e-09
1740,0.002,306.43851046583842,306.43851058440828,-1.1856985793201602e-07,2.5499846988891819,2.5499847072535577,-8.3643758586049444e-09
1740,0.0030000000000000001,306.47775522862918,306.47775534804089,-1.1941170896534459e-07,2.5499629980358653,2.5499630138840295,-1.5848164114373731e-08
1740,0.0040000000000000001,306.53269977432262,306.53269989470795,-1.2038532304359251e-07,2.5499086291009609,2.54990865942534,-3.0324379007851121e-08
1740,0.0050000000000000001,306.60334612005738,306.60334624131633,-1.2125894954806427e-07,2.5497779124772819,2.5497779687172653,-5.6239983337036392e-08
1740,0.0060000000000000001,306.68969734013308,306.68969746188986,-1.2175678421044722e-07,2.5494763396832507,2.5494764388597142,-9.9176463486116972e-08
1740,0.0070000000000000001,306.79175843774294,306.79175855931214,-1.2156920092820656e-07,2.5488105590811285,2.5488107234023953,-1.6432126681564796e-07
1740,0.0080000000000000002,306.9095380097512,306.90953813013601,-1.2038481145282276e-07,2.5474072322134891,2.5474074854340603,-2.5322057117804775e-07
1740,0.0090000000000000011,307.04305109502008,307.04305121298756,-1.1796748822234804e-07,2.5445876423813547,2.5445880012313995,-3.5885004479041527e-07
1740,0.01,307.19232366867902,307.19232378297858,-1.1429955293351668e-07,2.5391930960205746,2.5391935563624437,-4.603418690685146e-07
1740,0.010999999999999999,307.35739927806287,307.35739938785315,-1.097902782021265e-07,2.5293715917899582,2.5293721121932089,-5.2040325071445181e-07
1740,0.012,307.53834827209113,307.5383483775941,-1.0550297702138778e-07,2.5123619630220704,2.5123624525624231,-4.8954035269943574e-07
1740,0.013000000000000001,307.73527990996718,307.73528001328856,-1.0332138344892883e-07,2.4843433978925269,2.484343718081405,-3.2018887807794272e-07
1740,0.014,307.94835731112573,307.94835741708329,-1.0595755384201766e-07,2.4404442153400314,2.4404442051168553,1.022317608345702e-08
1740,0.014999999999999999,308.17781471983113,308.17781483654124,-1.1671011179714696e-07,2.3750065566504035,2.375006082089326,4.7456107754584309e-07
1740,0.016,308.42397594924859,308.42397608823808,-1.3898949191570864e-07,2.28216687670503,2.282165894496536,9.8220849409358379e-07
1740,0.017000000000000001,308.68727224776995,308.68727242351008,-1.7574012645127368e-07,2.1567312941101546,2.1567299053834117,1.388726742934665e-06
1740,0.018000000000000002,308.96825735253753,308.96825758143291,-2.2889537376613589e-07,1.9952166500113331,1.9952151166929197,1.5333184133492495e-06
1740,0.019,309.26761733233525,309.26761763140331,-2.9906806275903364e-07,1.7968306827725891,1.796829388228868,1.2945437211087096e-06
1740,0.02,309.5861730516562,309.58617350171681,-4.500606110013905e-07,1.5641251443484376,1.5641245033999391,6.4094849849816171e-07
1750,0,306.46012912483894,306.46012924542867,-1.2058973197781597e-07,2.5499944256673048,2.549994430030742,-4.3634371671430472e-09
1750,0.001,306.4679784362699,306.46797855513364,-1.188637384075264e-07,2.5499922688336976,2.5499922740240382,-5.1903406017572706e-09
1750,0.002,306.49152668203732,306.49152680119283,-1.1915551567653893e-07,2.5499837250510025,2.5499837337974847,-8.7464822051686042e-09
1750,0.0030000000000000001,306.5307748506122,306.5307749702053,-1.1959309631492943e-07,2.5499608822734121,2.5499608987433868,-1.6469974717381319e-08
1750,0.0040000000000000001,306.585724801276,306.58572492126115,-1.1998514537481242e-07,2.5499039506323684,2.5499039819643401,-3.1331971683812299e-08
1750,0.0050000000000000001,306.65637969382078,306.65637981392217,-1.2010139016638277e-07,2.549767774741071,2.5497678325354731,-5.7794402152921975e-08
1750,0.0060000000000000001,306.74274481733062,306.74274493701125,-1.1968063517997507e-07,2.5494551445340452,2.5494552459335846,-1.0139953943166802e-07
1750,0.0070000000000000001,306.84482905035918,306.84482916882507,-1.184658913189196e-07,2.5487681346289373,2.5487683018282374,-1.671993001828298e-07
1750,0.0080000000000000002,306.96264725152298,306.96264736779267,-1.1626968898781342e-07,2.54732630208097,2.5473265585669731,-2.5648600310290703e-07
1750,0.0090000000000000011,307.09622393374013,307.09622404681346,-1.1307332670185133e-07,2.5444409424577685,2.5444413043578229,-3.6190005436864681e-07
1750,0.01,307.24559860007383,307.24559870923571,-1.0916187420662027e-07,2.5389409520459849,2.5389414143303468,-4.6228436190176581e-07
1750,0.010999999999999999,307.41083309106017,307.41083319635578,-1.0529561222938355e-07,2.5289613529756596,2.5289618732843682,-5.2030870856256684e-07
1750,0.012,307.59202118572341,307.59202128869816,-1.0297475228071562e-07,2.5117310602643532,2.5117315471561175,-4.8689176423977187e-07
1750,0.013000000000000001,307.78930048280051,307.7893005875851,-1.0478458989382489e-07,2.4834275566768378,2.4834278720507474,-3.1537390965397094e-07
1750,0.014,308.00286620393808,308.00286631710469,-1.1316660675220191e-07,2.4391911681408986,2.4391911524754479,1.566545071440828e-08
1750,0.014999999999999999,308.23298571337983,308.23298583835435,-1.2497451962190098e-07,2.3733934879933609,2.3733930097701021,4.7822325877078242e-07
1750,0.016,308.48001014310063,308.48001028204106,-1.3894043604523176e-07,2.280217397222684,2.2802164155242299,9.8169845408335732e-07
1750,0.017000000000000001,308.74437346988907,308.74437364992184,-1.8003277091338532e-07,2.1545261038905648,2.1545247210330167,1.3828575480268057e-06
1750,0.018000000000000002,309.026559930384,309.02656017690992,-2.465259285600041e-07,1.9928924053830384,1.9928908823713636,1.5230116747755318e-06
1750,0.019,309.32701881379847,309.32701908121146,-2.6741298597698915e-07,1.7945644771175004,1.7945631942755775,1.282841922911615e-06
1750,0.02,309.64603336520054,309.64603361853733,-2.533367933210684e-07,1.5621068818498796,1.5621062501019352,6.3174794440179483e-07
1760,0,306.51314756304629,306.51314768401198,-1.2096569435016136e-07,2.5499940183753118,2.5499940229643969,-4.5890851119168019e-09
1760,0.001,306.52099772270475,306.52099784185407,-1.191493197438831e-07,2.5499917314603091,2.5499917369159242,-5.4556150708151563e-09
1760,0.002,306.5445486795212,306.54454879869121,-1.1917001074834843e-07,2.5499827006450313,2.5499827097853469,-9.1403156154967746e-09
1760,0.0030000000000000001,306.58380198341752,306.58380210257536,-1.1915784625671222e-07,2.5499586700229591,2.5499586871302298,-1.710727071113638e-08
1760,0.0040000000000000001,306.63876063821846,306.63876075714836,-1.1892990414708038e-07,2.5498990861203432,2.5498991184790363,-3.2358693058398558e-08
1760,0.0050000000000000001,306.70942984653567,306.7094299648154,-1.1827972912215046e-07,2.5497572886847863,2.5497573480540798,-5.9369293481381646e-08
1760,0.0060000000000000001,306.795818278892,306.79581839589349,-1.1700149116222747e-07,2.5494333274791656,2.5494334311183122,-1.0363914659805573e-07
1760,0.0070000000000000001,306.89794008689972,306.89794020185298,-1.1495325225041597e-07,2.548724662459851,2.5487248325418399,-1.700819889371985e-07
1760,0.0080000000000000002,307.01581792699244,307.01581803915747,-1.1216502571187448e-07,2.5472437201102047,2.5472439798463049,-2.5973610018326099e-07
1760,0.0090000000000000011,307.14948728384559,307.14948739281613,-1.0897053925873479e-07,2.5442918251583615,2.5442921900694921,-3.6491113064585079e-07
1760,0.01,307.29900236105811,307.29900246703653,-1.0597841537673958e-07,2.5386855570979563,2.5386860212684548,-4.6417049848201941e-07
1760,0.010999999999999999,307.4644437033827,307.46444380693475,-1.0355205404266599e-07,2.5285471551415371,2.5285476753000111,-5.2015847407105298e-07
1760,0.012,307.64592745087185,307.64592755209566,-1.0122380444954615e-07,2.5110959017115086,2.5110963859249731,-4.842134644356122e-07
1760,0.013000000000000001,307.84361554346401,307.84361564286854,-9.940453082890599e-08,2.4825078922671944,2.4825082028426975,-3.1057550309299131e-07
1760,0.014,308.05772505714128,308.05772516116633,-1.0402504813100677e-07,2.4379356975640674,2.4379356765198366,2.1044230802402808e-08
1760,0.014999999999999999,308.28853299901436,308.28853312645271,-1.2743834076900384e-07,2.3717803849842687,2.3717799031829379,4.8180133083164378e-07
1760,0.016,308.53637071610683,308.5363708913693,-1.7526247120258631e-07,2.2782709691130707,2.2782699879843227,9.8112874802325223e-07
1760,0.017000000000000001,308.80160116261061,308.80160138645772,-2.2384710973710753e-07,2.1523271447983103,2.1523257678046916,1.3769936186847076e-06
1760,0.018000000000000002,309.08457522892508,309.08457546436563,-2.3544055238744477e-07,1.9905768942209234,1.9905753814358849,1.5127850385709962e-06
1760,0.019,309.38557187717208,309.38557208988192,-2.1270983552312828e-07,1.7923081429736922,1.7923068717103761,1.2712633161715559e-06
1760,0.02,309.70473834934756,309.70473854713032,-1.9778275373028009e-07,1.5600979555784333,1.5600973327526613,6.2282577206751455e-07
1770,0,306.56617314851985,306.56617326913658,-1.2061673260177486e-07,2.5499935862900598,2.5499935911139273,-4.8238675276479626e-09
1770,0.001,306.57402466086228,306.57402477956873,-1.1870645266753854e-07,2.5499911631328338,2.5499911688637327,-5.7308988665738525e-09
1770,0.002,306.59757996890585,306.59758008735503,-1.1844917935377453e-07,2.5499816236813824,2.5499816332280232,-9.5466408112088175e-09
1770,0.0030000000000000001,306.63684156406015,306.63684168205134,-1.17991191928013e-07,2.5499563580946507,2.549956375855289,-1.7760638293395914e-08
1770,0.0040000000000000001,306.69181422423316,306.69181434142001,-1.1718685755113256e-07,2.549894030502601,2.5498940639075243,-3.340492327197353e-08
1770,0.0050000000000000001,306.76250605909877,306.76250617500455,-1.1590577742026653e-07,2.549746446722633,2.5497465076874084,-6.0964775450145225e-08
1770,0.0060000000000000001,306.84893018063093,306.84893029469424,-1.1406331168473116e-07,2.5494108781256331,2.5494109840207466,-1.0589511356684511e-07
1770,0.0070000000000000001,306.95110718704865,306.95110729869157,-1.1164291890963796e-07,2.5486801300268658,2.5486803029958391,-1.7296897336649408e-07
1770,0.0080000000000000002,307.06906866520814,307.06906877386501,-1.0865687727346085e-07,2.5471594738460652,2.5471597368165981,-2.629705329049159e-07
1770,0.0090000000000000011,307.20286188543542,307.2028619905185,-1.0508307468626299e-07,2.5441402823431654,2.5441406502264923,-3.678833269127324e-07
1770,0.01,307.35255574449002,307.3525558454898,-1.0099978453581571e-07,2.5384269131388257,2.5384273791397902,-4.6600096448301542e-07
1770,0.010999999999999999,307.51824774632553,307.51824784354073,-9.721520655148197e-08,2.5281290160522802,2.5281295360061313,-5.1995385108583037e-07
1770,0.012,307.7000713242046,307.70007142049843,-9.6293831575167133e-08,2.510456523726516,2.5104570052334378,-4.8150692188997368e-07
1770,0.013000000000000001,307.89820206198988,307.89820216479308,-1.028031988425937e-07,2.4815844564631808,2.4815847622577825,-3.0579460164048555e-07
1770,0.014,308.11286045598689,308.11286057698953,-1.2100264257242088e-07,2.4366778601300583,2.4366778337704416,2.635961671160203e-08
1770,0.014999999999999999,308.34430810936931,308.34430825997629,-1.50606979332224e-07,2.370167292160585,2.3701668068641797,4.8529640528371942e-07
1770,0.016,308.59283429704192,308.59283448047972,-1.8343780538998544e-07,2.2763276074836192,2.2763266269829265,9.8050069263777573e-07
1770,0.017000000000000001,308.85873137674093,308.85873158232778,-2.0558684354909929e-07,2.1501343916672346,2.1501330205317193,1.3711355153489535e-06
1770,0.018000000000000002,309.14226080879257,309.14226101778735,-2.0899477704006131e-07,1.9882700533193183,1.988268550681948,1.5026373703097562e-06
1770,0.019,309.44361583781404,309.44361603639572,-1.9858168798236875e-07,1.7900615968525755,1.790060337048204,1.2598043714895368e-06
1770,0.02,309.76289028137251,309.76289047416725,-1.9279474372524419e-07,1.5580982514856081,1.5580976374539399,6.1403166817797228e-07
1780,0,306.61921017616208,306.61921029565895,-1.1949686040679808e-07,2.5499931282248336,2.5499931332928343,-5.0680006857817261e-09
1780,0.001,306.62706382752128,306.62706394502305,-1.1750177009162144e-07,2.5499905624621539,2.5499905684785529,-6.0163989346051494e-09
1780,0.002,306.65062596719679,306.65062608419873,-1.1700194590957835e-07,2.5499804921203584,2.5499805020860067,-9.9656483065757584e-09
1780,0.0030000000000000001,306.68990038677714,306.68990050295099,-1.161738509836141e-07,2.5499539432399541,2.5499539616701594,-1.8430205361852359e-08
1780,0.0040000000000000001,306.74489421464767,306.74489432956369,-1.1491601981106214e-07,2.5498887786563786,2.5498888131270228,-3.4470644116879612e-08
1780,0.0050000000000000001,306.81561921849357,306.81561933162459,-1.1313102277199505e-07,2.5497352412260708,2.5497353038066826,-6.2580611803753072e-08
1780,0.0060000000000000001,306.90209379228958,306.90209390301487,-1.1072529559896793e-07,2.5493877860890093,2.5493878942559856,-1.0816697626481186e-07
1780,0.0070000000000000001,307.00434575300119,307.00434586063585,-1.0763466207208694e-07,2.548634524883663,2.5486347007432815,-1.7585961842314646e-07
1780,0.0080000000000000002,307.12241604079708,307.12241614471077,-1.0391369187345845e-07,2.5470735510550555,2.547073817243811,-2.6618875548223286e-07
1780,0.0090000000000000011,307.25636331421958,307.25636341417089,-9.9951307674928103e-08,2.5439863062015635,2.5439866770180499,-3.7081648640580056e-07
1780,0.01,307.40626922684697,307.40626932364233,-9.6795361059776042e-08,2.538165022485531,2.5381654902617794,-4.6777624840288468e-07
1780,0.010999999999999999,307.5722438409652,307.5722439373377,-9.6372502866870491e-08,2.5277069536997017,2.5277074733956222,-5.1969592052003577e-07
1780,0.012,307.75443018735643,307.75443028856154,-1.0120510296474095e-07,2.5098129625951016,2.5098134413684754,-4.7877337383539498e-07
1780,0.013000000000000001,307.95300649979038,307.953006613078,-1.1328762639095658e-07,2.4806573005727151,2.480657601604642,-3.0103192694141967e-07
1780,0.014,308.16818431783372,308.16818445032476,-1.3249103858470335e-07,2.4354177115077977,2.4354176798958593,3.1611938400288864e-08
1780,0.014999999999999999,308.40020072683376,308.40020088250844,-1.5567468381050276e-07,2.3685542531066428,2.3685537643968808,4.8870976199211213e-07
1780,0.016,308.64930374923767,308.64930392643754,-1.7719986544761923e-07,2.2743873267753258,2.274386346959544,9.7981578184302975e-07
1780,0.017000000000000001,308.91573140569187,308.91573159697742,-1.9128555095448974e-07,2.1479478193170842,2.1479464540331508,1.3652839334632461e-06
1780,0.018000000000000002,309.19968698480727,309.19968718012757,-1.9532029682522989e-07,1.9859718202056365,1.9859703276376575,1.4925679789890012e-06
1780,0.019,309.50131497147731,309.50131516192516,-1.9044784949073801e-07,1.787824756499595,1.7878235080399456,1.2484596494388711e-06
1780,0.02,309.82068304490912,309.82068323356481,-1.8865569018089445e-07,1.5561076740145701,1.556107068662727,6.0535184309706835e-07
1790,0,306.67226478561952,306.67226490327073,-1.176512114398065e-07,2.5499926429533941,2.5499926482751039,-5.3217097395474866e-09
1790,0.001,306.68012162070011,306.6801217362846,-1.1558449841686524e-07,2.5499899280166995,2.5499899343290324,-6.3123328786218735e-09
1790,0.002,306.70369383044437,306.70369394531764,-1.1487327356007881e-07,2.5499793038721599,2.5499793142696858,-1.0397525951333364e-08
1790,0.0030000000000000001,306.74298680718573,306.74298692088911,-1.1370337915650452e-07,2.5499514221518895,2.5499514412679707,-1.9116081162451337e-08
1790,0.0040000000000000001,306.79801048519766,306.79801059718244,-1.1198477523066686e-07,2.5498833253994708,2.5498833609553109,-3.5555840049994458e-08
1790,0.0050000000000000001,306.86878081710006,306.86878092674681,-1.0964674856950296e-07,2.5497236645258177,2.5497237287424031,-6.421658538258157e-08
1790,0.0060000000000000001,306.95532193032074,306.95532203699742,-1.0667667993402574e-07,2.5493640409960623,2.5493641514503342,-1.1045427195099933e-07
1790,0.0070000000000000001,307.05766899835646,307.05766910157047,-1.0321400623070076e-07,2.548587834686892,2.5485880134402188,-1.7875332680716838e-07
1790,0.0080000000000000002,307.17587178758043,307.17587188726714,-9.9686701560131041e-08,2.5469859397254955,2.5469862091157336,-2.6939023811678453e-07
1790,0.0090000000000000011,307.30999869938427,307.30999879633106,-9.6946791927621234e-08,2.5438298892486588,2.5438302629591414,-3.7371048255963046e-07
1790,0.01,307.46014091293017,307.4601410092265,-9.6296332685597008e-08,2.5378998878017196,2.5379003572985703,-4.6949685073016667e-07
1790,0.010999999999999999,307.62641596116447,307.62641606043906,-9.9274586773390183e-08,2.5272809862927534,2.5272815056785105,-5.1938575706955703e-07
1790,0.012,307.80896979360955,307.80896990075217,-1.0714262543842779e-07,2.5091652545184555,2.5091657305324926,-4.7601403707631107e-07
1790,0.013000000000000001,308.0079761888129,308.00797630898842,-1.2017551398457726e-07,2.4797264754130262,2.4797267717011917,-2.9628816555771209e-07
1790,0.014,308.22363240460226,308.22363254174968,-1.371474240841053e-07,2.4341553065266814,2.4341552697251645,3.6801516944962032e-08
1790,0.014999999999999999,308.45615031754539,308.45615047292517,-1.5537978015345288e-07,2.3669413104736132,2.3669408184309488,4.9204266439062394e-07
1790,0.016,308.70574305790524,308.70574322932498,-1.7141974240075797e-07,2.2724501407825772,2.2724491617071103,9.790754669225521e-07
1790,0.017000000000000001,308.972608213429,308.97260839563893,-1.8220993069917313e-07,2.1457674025622206,2.1457660431226802,1.3594395404936677e-06
1790,0.018000000000000002,309.25690981349135,309.25690999959312,-1.8610177221489721e-07,1.983682133180463,1.9836806506042042,1.4825762588710489e-06
1790,0.019,309.55876215120821,309.55876233423959,-1.8303137494513066e-07,1.7855975396569024,1.7855963024291781,1.2372277242711505e-06
1790,0.02,309.87821869092403,309.87821887406437,-1.8314034377908683e-07,1.554126133039226,1.5541255362587338,5.9678049213474083e-07
1800,0,306.72534471282836,306.72534482780486,-1.1497650120873004e-07,2.5499921292093957,2.5499921347946062,-5.5852105163012311e-09
1800,0.001,306.73320598087349,306.73320609370847,-1.1283498224656796e-07,2.5499892583219292,2.5499892649408431,-6.6189138614447529e-09
1800,0.002,306.75679208015822,306.75679219206523,-1.1190701343366527e-07,2.5499780567966259,2.5499780676390871,-1.0842461151128191e-08
1800,0.0030000000000000001,306.79611019870896,306.79611030911531,-1.1040634717573994e-07,2.5499487914652788,2.5499488112836657,-1.9818386931547138e-08
1800,0.0040000000000000001,306.85117333065921,306.85117343896644,-1.0830723340404802e-07,2.5498776654912825,2.5498777021517616,-3.666047909689496e-08
1800,0.0050000000000000001,306.9220018098132,306.92200191547209,-1.0565889851932297e-07,2.5497117089138399,2.5497117747862887,-6.5872448828940833e-08
1800,0.0060000000000000001,307.00862545701233,307.00862555965119,-1.0263886451866711e-07,2.5493396324873818,2.5493397452439095,-1.1275652767039901e-07
1800,0.0070000000000000001,307.1110862854033,307.11108638502651,-9.9623207461263519e-08,2.5485400471983715,2.5485402288478594,-1.816494878958963e-07
1800,0.0080000000000000002,307.22944161540698,307.22944171264612,-9.723913763082237e-08,2.5468966280676058,2.5468969006420767,-2.7257447099415799e-07
1800,0.0090000000000000011,307.36376731363771,307.36376740999049,-9.635277820052579e-08,2.5436710243215725,2.5436714008867698,-3.7656519724649229e-07
1800,0.01,307.51416069839911,307.5141607963489,-9.7949794053420192e-08,2.5376315120899591,2.5376319832532364,-4.7116327728247143e-07
1800,0.010999999999999999,307.6807424793833,307.68074258227728,-1.0289397778251441e-07,2.5268511322477814,2.5268516512722137,-5.1902443232165751e-07
1800,0.012,307.8636569732368,307.8636570848422,-1.1160540225318982e-07,2.5085134356062646,2.5085139088363677,-4.7323010310407199e-07
1800,0.013000000000000001,308.06306982791568,308.0630699516845,-1.2376881386444438e-07,2.4787920313118366,2.4787923228758157,-2.9156397918228549e-07
1800,0.014,308.27916266395039,308.27916280217073,-1.3822034361510305e-07,2.4328906991885382,2.4328906572598261,4.1928712057881512e-08
1800,0.014999999999999999,308.5121244376694,308.51212459074998,-1.5308057754737092e-07,2.3653285059990621,2.365328010702699,4.9529636303446978e-07
1800,0.016,308.7621399289153,308.76214009504184,-1.6612654007985839e-07,2.2705160626726677,2.2705150843914899,9.7828117784359847e-07
1800,0.017000000000000001,309.02937645537042,309.02937663067758,-1.7530715012981091e-07,2.1435931162191988,2.1435917626162366,1.353602962161915e-06
1800,0.018000000000000002,309.31397054862441,309.31397072779663,-1.7917221839525155e-07,1.9814009313154028,1.9813994586540324,1.4726613704052482e-06
1800,0.019,309.61601669445531,309.61601687155974,-1.7710442534735193e-07,1.7833798642509395,1.7833786381430115,1.2261079280762033e-06
1800,0.02,309.93556017856133,309.93556035702767,-1.7846633681983803e-07,1.5521535415887251,1.5521529532747804,5.8831394467162568e-07
