time_s,radius_m,fvm_temperature_K,analytic_temperature_K,temperature_error_K,fvm_moisture_kg_per_kg,analytic_frozen_D_moisture_kg_per_kg,moisture_error_kg_per_kg
0,0,301.14999999999998,301.14999999999998,0,2.5499999999999998,,
0,0.001,301.14999999999998,301.14999999999998,0,2.5499999999999998,,
0,0.002,301.14999999999998,301.14999999999998,0,2.5499999999999998,,
0,0.0030000000000000001,301.14999999999998,301.14999999999998,0,2.5499999999999998,,
0,0.0040000000000000001,301.14999999999998,301.14999999999998,0,2.5499999999999998,,
0,0.0050000000000000001,301.14999999999998,301.14999999999998,0,2.5499999999999998,,
0,0.0060000000000000001,301.14999999999998,301.14999999999998,0,2.5499999999999998,,
0,0.0070000000000000001,301.14999999999998,301.14999999999998,0,2.5499999999999998,,
0,0.0080000000000000002,301.14999999999998,301.14999999999998,0,2.5499999999999998,,
0,0.0090000000000000011,301.14999999999998,301.14999999999998,0,2.5499999999999998,,
0,0.01,301.14999999999998,301.14999999999998,0,2.5499999999999998,,
0,0.010999999999999999,301.14999999999998,301.14999999999998,0,2.5499999999999998,,
0,0.012,301.14999999999998,301.14999999999998,0,2.5499999999999998,,
0,0.013000000000000001,301.14999999999998,301.14999999999998,0,2.5499999999999998,,
0,0.014,301.14999999999998,301.14999999999998,0,2.5499999999999998,,
0,0.014999999999999999,301.14999999999998,301.14999999999998,0,2.5499999999999998,,
0,0.016,301.14999999999998,301.14999999999998,0,2.5499999999999998,,
0,0.017000000000000001,301.14999999999998,301.14999999999998,0,2.5499999999999998,,
0,0.018000000000000002,301.14999999999998,301.14999999999998,0,2.5499999999999998,,
0,0.019,301.14999999999998,301.14999999999998,0,2.5499999999999998,,
0,0.02,301.14999999999998,301.14999999999998,0,2.5499999999999998,,
10,0,301.14999999999998,301.15000000309425,-3.0942715056880843e-09,2.5499999999999998,,
10,0.001,301.14999999999998,301.15000000027317,-2.7318947104504332e-10,2.5499999999999998,,
10,0.002,301.14999999999998,301.15000000018699,-1.8701484805205837e-10,2.5499999999999998,,
10,0.0030000000000000001,301.14999999999998,301.15000000014811,-1.4813394955126569e-10,2.5499999999999998,,
10,0.0040000000000000001,301.14999999999998,301.15000000012469,-1.2471446098061278e-10,2.5499999999999998,,
10,0.0050000000000000001,301.14999999999998,301.15000000010872,-1.0874146028072573e-10,2.5499999999999998,,
10,0.0060000000000000001,301.14999999999998,301.15000000009695,-9.6974872576538473e-11,2.5499999999999998,,
10,0.0070000000000000001,301.14999999999998,301.15000000008791,-8.7936768977669999e-11,2.5499999999999998,,
10,0.0080000000000000002,301.14999999999998,301.15000000008081,-8.0831341620068997e-11,2.5499999999999998,,
10,0.0090000000000000011,301.15000000000049,301.15000000007529,-7.4805939220823348e-11,2.5499999999999998,,
10,0.01,301.15000000001265,301.15000000007825,-6.5597305365372449e-11,2.5499999999999998,,
10,0.010999999999999999,301.15000000024946,301.15000000024787,1.5916157281026244e-12,2.5499999999999998,,
10,0.012,301.1500000039332,301.15000000325523,6.7797145675285719e-10,2.5499999999999998,,
10,0.013000000000000001,301.15000004947098,301.15000004351651,5.9544618125073612e-09,2.5499999999999998,,
10,0.014,301.15000049620477,301.15000046054007,3.5664697861648165e-08,2.5499999999999998,,
10,0.014999999999999999,301.15000397540575,301.15000382504581,1.5035993783385493e-07,2.5499999999999998,,
10,0.016,301.150025541773,301.15002512630934,4.1546365991962375e-07,2.5499999999999998,,
10,0.017000000000000001,301.15013248719862,301.15013194778516,5.3941346322972095e-07,2.5499999999999732,,
10,0.018000000000000002,301.15056021604619,301.1505612209707,-1.0049245133814111e-06,2.5499999948113401,,
10,0.019,301.15195608256693,301.15196360983873,-7.527271804974589e-06,2.5498765247781354,,
10,0.02,301.15573074732077,301.15575333130334,-2.2583982570267835e-05,2.4547932917269901,,
20,0,301.14999999999998,301.15000000309419,-3.0942146622692235e-09,2.5499999999999998,,
20,0.001,301.14999999999998,301.15000000027311,-2.7313262762618251e-10,2.5499999999999998,,
20,0.002,301.14999999999998,301.15000000018699,-1.8701484805205837e-10,2.5499999999999998,,
20,0.0030000000000000001,301.15000000000009,301.15000000014805,-1.4796341929468326e-10,2.5499999999999998,,
20,0.0040000000000000001,301.15000000000043,301.15000000012503,-1.2460077414289117e-10,2.5499999999999998,,
20,0.0050000000000000001,301.15000000000549,301.1500000001127,-1.0720668797148392e-10,2.5499999999999998,,
20,0.0060000000000000001,301.15000000005102,301.15000000013731,-8.6288309830706567e-11,2.5499999999999998,,
20,0.0070000000000000001,301.15000000042556,301.15000000044375,-1.8189894035458565e-11,2.5499999999999998,,
20,0.0080000000000000002,301.1500000031707,301.15000000285482,3.1587887860951014e-10,2.5499999999999998,,
20,0.0090000000000000011,301.15000002107564,301.15000001919356,1.8820855984813534e-09,2.5499999999999998,,
20,0.01,301.15000012485092,301.15000011658753,8.2633846432145219e-09,2.5499999999999998,,
20,0.010999999999999999,301.15000065897658,301.15000062862117,3.0355408853210974e-08,2.5499999999999998,,
20,0.012,301.15000310056882,301.15000300629191,9.4276913387147943e-08,2.5499999999999998,,
20,0.013000000000000001,301.15001302082874,301.15001277605313,2.447756060064421e-07,2.5499999999999998,,
20,0.014,301.15004889846989,301.15004838203964,5.1643024789882475e-07,2.5499999999999998,,
20,0.014999999999999999,301.15016464566577,301.1501638219151,8.2375066767781391e-07,2.5499999999999998,,
20,0.016,301.15049872227007,301.15049798029639,7.4197367894157651e-07,2.5499999999999927,,
20,0.017000000000000001,301.15136458768313,301.15136532638166,-7.3869853167707333e-07,2.5499999997776053,,
20,0.018000000000000002,301.15338912629454,301.153394371194,-5.2448994551923533e-06,2.5499983889857423,,
20,0.019,301.15768326063039,301.1576978454741,-1.4584843711418216e-05,2.548259136064754,,
20,0.02,301.16599899042285,301.16602889751448,-2.9907091629866045e-05,2.412539048970987,,
30,0,301.15000000000271,301.1500000030963,-3.0935893846617546e-09,2.5499999999999998,,
30,0.001,301.15000000000629,301.15000000027811,-2.7182522899238393e-10,2.5499999999999998,,
30,0.002,301.15000000003062,301.15000000021223,-1.8161472326028161e-10,2.5499999999999998,,
30,0.0030000000000000001,301.15000000016323,301.15000000028783,-1.2460077414289117e-10,2.5499999999999998,,
30,0.0040000000000000001,301.15000000085536,301.15000000088031,-2.4954260879894719e-11,2.5499999999999998,,
30,0.0050000000000000001,301.15000000426704,301.15000000397902,2.8802560336771421e-10,2.5499999999999998,,
30,0.0060000000000000001,301.15000002001398,301.15000001865025,1.3637304618896451e-09,2.5499999999999998,,
30,0.0070000000000000001,301.15000008768436,301.15000008284181,4.8425476961710956e-09,2.5499999999999998,,
30,0.0080000000000000002,301.15000035759948,301.15000034252211,1.5077375792316161e-08,2.5499999999999998,,
30,0.0090000000000000011,301.15000135512588,301.15000131299507,4.2130807287321659e-08,2.5499999999999998,,
30,0.01,301.15000476799446,301.15000466229583,1.0569863206910668e-07,2.5499999999999998,,
30,0.010999999999999999,301.150015575471,301.15001533892462,2.3654638425796293e-07,2.5499999999999998,,
30,0.012,301.15004726193496,301.15004679549168,4.6644328222100739e-07,2.5499999999999998,,
30,0.013000000000000001,301.1501333409247,301.15013254919211,7.917325888229243e-07,2.5499999999999998,,
30,0.014,301.15035026327644,301.15034916615571,1.097120730264578e-06,2.5499999999999998,,
30,0.014999999999999999,301.15085816764957,301.15085712245462,1.0451949492562562e-06,2.5499999999999998,,
30,0.016,301.15196528897212,301.15196531343236,-2.4460234726575436e-08,2.5499999999950429,,
30,0.017000000000000001,301.15421740695677,301.15422051163841,-3.1046816388879961e-06,2.5499999778044926,,
30,0.018000000000000002,301.15850488181206,301.15851424100691,-9.359194848457264e-06,2.5499735811790694,,
30,0.019,301.16616865494348,301.16618843787535,-1.9782931872214249e-05,2.5441477350080004,,
30,0.02,301.1790781022608,301.17911291198465,-3.4809723842954554e-05,2.3813579111839256,,
40,0,301.15000000071979,301.15000000373271,-3.012928573298268e-09,2.5499999999999998,,
40,0.001,301.15000000124303,301.15000000139088,-1.4784973245696165e-10,2.5499999999999998,,
40,0.002,301.15000000382679,301.15000000369793,1.2886403055745177e-10,2.5499999999999998,,
40,0.0030000000000000001,301.15000001335164,301.15000001260489,7.4675199357443489e-10,2.5499999999999998,,
40,0.0040000000000000001,301.15000004689449,301.15000004449132,2.4031692191783804e-09,2.5499999999999998,,
40,0.0050000000000000001,301.15000016032928,301.15000015357538,6.7539076553657651e-09,2.5499999999999998,,
40,0.0060000000000000001,301.15000052649754,301.15000050897311,1.7524428130855085e-08,2.5499999999999998,,
40,0.0070000000000000001,301.15000164984286,301.15000160752771,4.2315150494687259e-08,2.5499999999999998,,
40,0.0080000000000000002,301.15000491641541,301.15000482152681,9.4888605417509098e-08,2.5499999999999998,,
40,0.0090000000000000011,301.15001390636201,301.15001370973056,1.9663144712467329e-07,2.5499999999999998,,
40,0.01,301.15003730417976,301.15003693026898,3.7391077967185993e-07,2.5499999999999998,,
40,0.010999999999999999,301.15009488126663,301.15009423558627,6.4568035895717912e-07,2.5499999999999998,,
40,0.012,301.15022886868724,301.15022787404541,9.9464182312658522e-07,2.5499999999999998,,
40,0.013000000000000001,301.1505238895013,301.15052257110233,1.3183989722165279e-06,2.5499999999999998,,
40,0.014,301.15113904193419,301.15113767512406,1.3668101246366859e-06,2.5499999999999998,,
40,0.014999999999999999,301.15235507312246,301.15235438606362,6.8705884359587799e-07,2.5499999999999079,,
40,0.016,301.15463723838241,301.15463862668338,-1.3883009728488105e-06,2.5499999996834397,,
40,0.017000000000000001,301.15871022998937,301.15871590474853,-5.6747591656858276e-06,2.5499996065376167,,
40,0.018000000000000002,301.16563619164634,301.16564916921965,-1.2977573305761325e-05,2.5498563940621142,,
40,0.019,301.17688202118939,301.17690589189465,-2.3870705263107084e-05,2.5380131878543892,,
40,0.02,301.19436013914293,301.1943986369921,-3.8497849175200827e-05,2.3556096021543662,,
50,0,301.15000002426098,301.15000002587465,-1.6136709746206179e-09,2.5499999999999998,,
50,0.001,301.1500000355316,301.15000003384415,1.6874537323019467e-09,2.5499999999999998,,
50,0.002,301.15000008294629,301.15000007937596,3.5703351386473514e-09,2.5499999999999998,,
50,0.0030000000000000001,301.15000022228844,301.15000021429177,7.9966753219196107e-09,2.5499999999999998,,
50,0.0040000000000000001,301.15000060970675,301.15000059191163,1.7795116491470253e-08,2.5499999999999998,,
50,0.0050000000000000001,301.15000165125105,301.15000161289066,3.8360383314284263e-08,2.5499999999999998,,
50,0.0060000000000000001,301.15000435362577,301.15000427452225,7.9103529060375877e-08,2.5499999999999998,,
50,0.0070000000000000001,301.15001109905199,301.15001094430352,1.5474847714358475e-07,2.5499999999999998,,
50,0.0080000000000000002,301.15002726128461,301.15002697606462,2.8521998274300131e-07,2.5499999999999998,,
50,0.0090000000000000011,301.15006438297365,301.1500638911898,4.9178385097548016e-07,2.5499999999999998,,
50,0.01,301.15014605399415,301.15014526781863,7.8617551935167285e-07,2.5499999999999998,,
50,0.010999999999999999,301.15031812250254,301.1503169729732,1.1495293392727035e-06,2.5499999999999998,,
50,0.012,301.15066530703746,301.15066380690769,1.5001297697381233e-06,2.5499999999999998,,
50,0.013000000000000001,301.15133642896654,301.15133477491395,1.6540525962227548e-06,2.5499999999999998,,
50,0.014,301.15258004737535,301.15257875747358,1.2899017747258767e-06,2.5499999999999989,,
50,0.014999999999999999,301.15479097660238,301.15479104131782,-6.4715436565165874e-08,2.5499999999953769,,
50,0.016,301.1585659103236,301.15856891637293,-3.0060493259043142e-06,2.5499999941202907,,
50,0.017000000000000001,301.16476342813758,301.16477160335006,-8.1752124856393493e-06,2.549997140655401,,
50,0.018000000000000002,301.17456070717623,301.17457684036322,-1.6133186989009118e-05,2.5495492183943727,,
50,0.019,301.18949729334634,301.18952451010642,-2.7216760088322189e-05,2.5305549252570456,,
50,0.02,301.21149627211008,301.21153770354709,-4.1431437011851813e-05,2.3332666170016632,,
60,0,301.15000027895985,301.15000027184357,7.1162844506034162e-09,2.5499999999999998,,
60,0.001,301.15000037008718,301.15000035797027,1.2116913694626419e-08,2.5499999999999998,,
60,0.002,301.15000071913198,301.1500006994201,1.9711876575456699e-08,2.5499999999999998,,
60,0.0030000000000000001,301.15000160883289,301.15000157301716,3.5815730825561332e-08,2.5499999999999998,,
60,0.0040000000000000001,301.15000372734465,301.15000366075662,6.6588029312697472e-08,2.5499999999999998,,
60,0.0050000000000000001,301.1500086138077,301.15000849186305,1.2194465170978219e-07,2.5499999999999998,,
60,0.0060000000000000001,301.15001956021723,301.15001934411549,2.1610173916997155e-07,2.5499999999999998,,
60,0.0070000000000000001,301.15004333420171,301.15004296747077,3.6673094427897013e-07,2.5499999999999998,,
60,0.0080000000000000002,301.15009330654527,301.15009271538349,5.911617790843593e-07,2.5499999999999998,,
60,0.0090000000000000011,301.15019484646803,301.15019394878345,8.976845720098936e-07,2.5499999999999998,,
60,0.01,301.15039415225556,301.15039288197983,1.2702757317128999e-06,2.5499999999999998,,
60,0.010999999999999999,301.15077193585819,301.15077028941442,1.6464437635477225e-06,2.5499999999999998,,
60,0.012,301.15146345024482,301.15146155960468,1.890640135115973e-06,2.5499999999999998,,
60,0.013000000000000001,301.15268607850857,301.15268430908213,1.7694264329293219e-06,2.5499999999999998,,
60,0.014,301.15477494839274,301.15477401029068,9.3810206180933164e-07,2.5499999999999319,,
60,0.014999999999999999,301.15822573346173,301.1582267835891,-1.0501273663976463e-06,2.5499999999114547,,
60,0.016,301.16374205014671,301.16374675418149,-4.704034779479116e-06,2.5499999482069611,,
60,0.017000000000000001,301.17228295906455,301.1722934813655,-1.0522300954107777e-05,2.549987740383385,,
60,0.018000000000000002,301.18510450743292,301.18512340663847,-1.889920554276614e-05,2.548967064421285,,
60,0.019,301.20378854910797,301.20381857722549,-3.002811752139678e-05,2.522292105279663,,
60,0.02,301.23025292048442,301.2302965163355,-4.3595851082045556e-05,2.313316808557472,,
70,0,301.15000170201466,301.15000166553079,3.6483868370851269e-08,2.5499999999999998,,
70,0.001,301.15000211821155,301.15000207216184,4.6049706270423485e-08,2.5499999999999998,,
70,0.002,301.15000362041104,301.15000355455226,6.5858785092132166e-08,2.5499999999999998,,
70,0.0030000000000000001,301.15000710269703,301.15000699809536,1.0460166777193081e-07,2.5499999999999998,,
70,0.0040000000000000001,301.15001454854468,301.15001437713499,1.7140968111561961e-07,2.5499999999999998,,
70,0.0050000000000000001,301.15002995454097,301.15002967545365,2.7908731681236532e-07,2.5499999999999998,,
70,0.0060000000000000001,301.15006102005333,301.15006057710923,4.4294409917711164e-07,2.5499999999999998,,
70,0.0070000000000000001,301.15012205975938,301.15012138233493,6.7742445253315964e-07,2.5499999999999998,,
70,0.0080000000000000002,301.1502387911064,301.15023780178291,9.8932349601454916e-07,2.5499999999999998,,
70,0.0090000000000000011,301.15045585074574,301.15045448415759,1.3665881510860345e-06,2.5499999999999998,,
70,0.01,301.15084805479904,301.15084629224054,1.7625584973757213e-06,2.5499999999999998,,
70,0.010999999999999999,301.15153646349364,301.15153438638629,2.0771073536707263e-06,2.5499999999999998,,
70,0.012,301.15271015086461,301.15270801246947,2.1383951320785854e-06,2.5499999999999998,,
70,0.013000000000000001,301.15465413435686,301.15465244289027,1.6914665934564255e-06,2.5499999999999989,,
70,0.014,301.15778317947786,301.15778277812876,4.0134909795597196e-07,2.549999999998656,,
70,0.014999999999999999,301.16268040512364,301.16268252896975,-2.1238461158645805e-06,2.5499999991061459,,
70,0.016,301.17013968463016,301.17014597912214,-6.2944919818619383e-06,2.5499997203527882,,
70,0.017000000000000001,301.18121348527626,301.1812260392411,-1.2553964836570231e-05,2.5499625718575292,,
70,0.018000000000000002,301.19727333305042,301.19729490786989,-2.1574819470515649e-05,2.5480573815582259,,
70,0.019,301.22009153165448,301.22012588096476,-3.4349310283232626e-05,2.5135644947740747,,
70,0.02,301.25193486279846,301.25198653545306,-5.1672654592493927e-05,2.2951681037117444,,
80,0,301.15000691558413,301.15000680710369,1.084804353013169e-07,2.5499999999999998,,
80,0.001,301.15000823852534,301.15000811431173,1.2421361361703021e-07,2.5499999999999998,,
80,0.002,301.15001282651161,301.15001266361867,1.6289294535454246e-07,2.5499999999999998,,
80,0.0030000000000000001,301.15002277961764,301.1500225451793,2.3443834606950986e-07,2.5499999999999998,,
80,0.0040000000000000001,301.15004246726369,301.15004211812544,3.4913824720206321e-07,2.5499999999999998,,
80,0.0050000000000000001,301.15008005662554,301.15007953701581,5.1960972768938518e-07,2.5499999999999998,,
80,0.0060000000000000001,301.1501501144478,301.15014935659104,7.5785675335282576e-07,2.5499999999999998,,
80,0.0070000000000000001,301.15027776683382,301.15027669690318,1.0699306471906311e-06,2.5499999999999998,,
80,0.0080000000000000002,301.15050504914728,301.15050360156351,1.4475837701866112e-06,2.5499999999999998,,
80,0.0090000000000000011,301.15090019499814,301.15089833814341,1.856854737525282e-06,2.5499999999999998,,
80,0.01,301.15157065915469,301.15156843460511,2.2245495756578748e-06,2.5499999999999998,,
80,0.010999999999999999,301.15268060393055,301.15267817891134,2.4250192041108676e-06,2.5499999999999998,,
80,0.012,301.1544733922949,301.15447112121166,2.2710832467964792e-06,2.5499999999999998,,
80,0.013000000000000001,301.15729939124293,301.15729787877154,1.5124713854675065e-06,2.5499999999999794,,
80,0.014,301.16164927022828,301.16164943115569,-1.6092741361717344e-07,2.5499999999849718,,
80,0.014999999999999999,301.16819317778419,301.16819630090583,-3.1231216439664422e-06,2.5499999942473957,,
80,0.016,301.17782658703641,301.17783442225965,-7.835223243546352e-06,2.549998925081665,,
80,0.017000000000000001,301.19172336171783,301.19173822953297,-1.486781513904134e-05,2.5499093702385922,,
80,0.018000000000000002,301.21139414359499,301.2114189886808,-2.4845085818014923e-05,2.5467992957354988,,
80,0.019,301.23874247701235,301.23878074704839,-3.8270036043286382e-05,2.5045893869789908,,
80,0.02,301.27610406379972,301.27615936369506,-5.529989533670232e-05,2.2784380661591692,,
90,0,301.15002129318015,301.15002104957858,2.4360156203329097e-07,2.5499999999999998,,
90,0.001,301.15002458574054,301.15002431846716,2.67273378540267e-07,2.5499999999999998,,
90,0.002,301.1500356876677,301.15003535807313,3.2959457030301564e-07,2.5499999999999998,,
90,0.0030000000000000001,301.15005864141199,301.15005820108985,4.4032213963873801e-07,2.5499999999999998,,
90,0.0040000000000000001,301.15010147981212,301.15010087128388,6.085282393542002e-07,2.5499999999999998,,
90,0.0050000000000000001,301.1501784054982,301.15017756204821,8.4344998185770237e-07,2.5499999999999998,,
90,0.0060000000000000001,301.15031331241107,301.15031216215061,1.1502604593260912e-06,2.5499999999999998,,
90,0.0070000000000000001,301.15054511024414,301.15054358648638,1.5237577599691576e-06,2.5499999999999998,,
90,0.0080000000000000002,301.15093541582166,301.15093347582592,1.9399957409405033e-06,2.5499999999999998,,
90,0.0090000000000000011,301.15157923937625,301.15157689288367,2.34649257890851e-06,2.5499999999999998,,
90,0.01,301.15261930395184,301.15261665171215,2.6522396865402698e-06,2.5499999999999998,,
90,0.010999999999999999,301.15426459265905,301.1542618738975,2.7187615501134133e-06,2.5499999999999998,,
90,0.012,301.15681364159275,301.15681128902526,2.3525674919255835e-06,2.5499999999999998,,
90,0.013000000000000001,301.16068301101052,301.16068171310457,1.297905953379086e-06,2.5499999999997507,,
90,0.014,301.16644125211991,301.1664420227512,-7.7063128856025287e-07,2.5499999998890677,,
90,0.014999999999999999,301.17484839428124,301.17485264601675,-4.2517355041127303e-06,2.549999973377028,,
90,0.016,301.18690020285561,301.18690981198387,-9.6091282557608793e-06,2.5499967685561269,,
90,0.017000000000000001,301.20387488326486,301.20389221594797,-1.7332683114545944e-05,2.5498139717165849,,
90,0.018000000000000002,301.22737748542175,301.22740533944415,-2.7854022391693434e-05,2.5451951373604209,,
90,0.019,301.25937461118912,301.25941604249385,-4.1431304737216124e-05,2.4955062130636261,,
90,0.02,301.3022105059564,301.30226854794307,-5.8041986676471424e-05,2.2628626378617889,,
100,0,301.15005376687026,301.15005330770055,4.5916971203041612e-07,2.5499999999999998,,
100,0.001,301.15006065886672,301.15006016731672,4.915499971502868e-07,2.5499999999999998,,
100,0.002,301.15008342480155,301.15008284555023,5.7925132068703533e-07,2.5499999999999998,,
100,0.0030000000000000001,301.15012883395616,301.15012810345252,7.3050364335358609e-07,2.5499999999999998,,
100,0.0040000000000000001,301.15020989091704,301.15020893980852,9.5110851816571085e-07,2.5499999999999998,,
100,0.0050000000000000001,301.15034864526604,301.15034740059986,1.2446661799003778e-06,2.5499999999999998,,
100,0.0060000000000000001,301.15058056623627,301.1505789584117,1.607824572147365e-06,2.5499999999999998,,
100,0.0070000000000000001,301.15096089920991,301.1509588752466,2.0239633045093797e-06,2.5499999999999998,,
100,0.0080000000000000002,301.15157350074986,301.15157104518073,2.4555691311434202e-06,2.5499999999999998,,
100,0.0090000000000000011,301.15254269636807,301.15253986061958,2.8357484893604123e-06,2.5499999999999998,,
100,0.01,301.15404871428166,301.15404565490775,3.0593739097639627e-06,2.5499999999999998,,
100,0.010999999999999999,301.15634721326234,301.15634423898933,2.9742730021098396e-06,2.5499999999999998,,
100,0.012,301.15979332871478,301.15979095577131,2.372943470163591e-06,2.5499999999999954,,
100,0.013000000000000001,301.16487046869349,301.16486948263167,9.86061820640316e-07,2.5499999999979486,,
100,0.014,301.17222372304673,301.17222524176759,-1.5187208646239014e-06,2.5499999994025715,,
100,0.014999999999999999,301.18269709644579,301.1827026239938,-5.5275480121963483e-06,2.5499999039266066,,
100,0.016,301.19737276128785,301.19738421556303,-1.1454275181677076e-05,2.5499919148703913,,
100,0.017000000000000001,301.21760919472791,301.2176288845979,-1.9689869986905251e-05,2.5496620032356656,,
100,0.018000000000000002,301.24507366447995,301.24510419533527,-3.0530855326560413e-05,2.5432616933015728,,
100,0.019,301.28176356275623,301.28180766200666,-4.4099250430917891e-05,2.4864052319117018,,
100,0.02,301.33001112984965,301.3300714204031,-6.0290553449249273e-05,2.2482505954936269,,
110,0,301.15011718893874,301.15011642320076,7.6573797969103907e-07,2.5499999999999998,,
110,0.001,301.15012989514997,301.1501290885476,8.0660237244956079e-07,2.5499999999999998,,
110,0.002,301.15017122434028,301.15017030575586,9.1858441919612233e-07,2.5499999999999998,,
110,0.0030000000000000001,301.15025142994261,301.15025032244711,1.1074955068579584e-06,2.5499999999999998,,
110,0.0040000000000000001,301.15038972164649,301.15038834695599,1.3746904983236163e-06,2.5499999999999998,,
110,0.0050000000000000001,301.15061765292347,301.15061593577349,1.7171499848700478e-06,2.5499999999999998,,
110,0.0060000000000000001,301.15098426282526,301.15098214016916,2.1226560988907295e-06,2.5499999999999998,,
110,0.0070000000000000001,301.15156334393157,301.15156078028303,2.5636485361246741e-06,2.5499999999999998,,
110,0.0080000000000000002,301.15246327312741,301.15246028314709,2.9899803166699712e-06,2.5499999999999998,,
110,0.0090000000000000011,301.1538398734732,301.15383655259632,3.3208768854819937e-06,2.5499999999999998,,
110,0.01,301.15591276138781,301.15590932481757,3.4365702390459774e-06,2.5499999999999998,,
110,0.010999999999999999,301.15898555448734,301.15898238409278,3.1703945637673314e-06,2.5499999999999998,,
110,0.012,301.16347014154672,301.16346783882699,2.3027197357805562e-06,2.5499999999999625,,
110,0.013000000000000001,301.16991490587924,301.16991434670791,5.5917132613103604e-07,2.5499999999874756,,
110,0.014,301.17903630350929,301.17903868681759,-2.3833082991586707e-06,2.5499999974839405,,
110,0.014999999999999999,301.19175250626887,301.19175938527036,-6.8790014893238549e-06,2.5499997140210677,,
110,0.016,301.20921696618319,301.20923024730865,-1.3281125461617194e-05,2.5499824267539606,,
110,0.017000000000000001,301.23284886690635,301.23287076140741,-2.189450106016011e-05,2.5494402120775543,,
110,0.018000000000000002,301.26435672552185,301.26438964490495,-3.2919383102125721e-05,2.5410235563211905,,
110,0.019,301.30575117843625,301.30579757458588,-4.6396149627980776e-05,2.4773452545249821,,
110,0.02,301.3593434631623,301.3594056458046,-6.2182642295738333e-05,2.2344581703368518,,
120,0,301.15022828740348,301.15022711978759,1.1676158919726731e-06,2.5499999999999998,,
120,0.001,301.150249577816,301.15024836174638,1.2160696201135579e-06,2.5499999999999998,,
120,0.002,301.15031801538157,301.15031666597827,1.3494033055394539e-06,2.5499999999999998,,
120,0.0030000000000000001,301.15044803205819,301.15044646145469,1.5706035014773079e-06,2.5499999999999998,,
120,0.0040000000000000001,301.1506661611478,301.1506642850868,1.8760609918899718e-06,2.5499999999999998,,
120,0.0050000000000000001,301.15101494204214,301.15101268633111,2.255711024190532e-06,2.5499999999999998,,
120,0.0060000000000000001,301.15155874031478,301.151556052079,2.6882357815338764e-06,2.5499999999999998,,
120,0.0070000000000000001,301.15239180642362,301.1523886713702,3.135053418645839e-06,2.5499999999999998,,
120,0.0080000000000000002,301.15364894129954,301.15364540793593,3.5333636105860933e-06,2.5499999999999998,,
120,0.0090000000000000011,301.1555191416241,301.15551535294077,3.7886833297307021e-06,2.5499999999999998,,
120,0.01,301.15826254480004,301.15825877718754,3.7676124975405401e-06,2.5499999999999998,,
120,0.010999999999999999,301.16223086216712,301.16222757015197,3.2920151511461881e-06,2.5499999999999989,,
120,0.012,301.16789125462941,301.16788911824477,2.1363846371968975e-06,2.5499999999997489,,
120,0.013000000000000001,301.17585324654675,301.17585321575058,3.079617272305768e-08,2.5499999999398431,,
120,0.014,301.1868977852223,301.18690111323343,-3.3280111324529571e-06,2.5499999912866786,,
120,0.014999999999999999,301.2020069595975,301.20201521503481,-8.2554373079801735e-06,2.5499992688161135,,
120,0.016,301.22239226315838,301.22240731016569,-1.5047007309476612e-05,2.5499657914271805,,
120,0.017000000000000001,301.2495187407971,301.24954267869572,-2.393789861798723e-05,2.5491372850214979,,
120,0.018000000000000002,301.28512205236871,301.28515711189266,-3.5059523952440941e-05,2.5385086828850416,,
120,0.019,301.33121556816042,301.33126396924672,-4.8401086303329066e-05,2.4683646472333032,,
120,0.02,301.39008508097419,301.39014898260632,-6.3901632131546648e-05,2.2213740346829627,,
130,0,301.15040738882027,301.15040572282129,1.6659989796607988e-06,2.5499999999999998,,
130,0.001,301.15044053852989,301.15043881868627,1.7198436239596049e-06,2.5499999999999998,,
130,0.002,301.15054612062846,301.15054425011772,1.8705107436289836e-06,2.5499999999999998,,
130,0.0030000000000000001,301.15074336575333,301.15074124866891,2.1170844206608308e-06,2.5499999999999998,,
130,0.0040000000000000001,301.1510671213432,301.15106467066482,2.4506783802280552e-06,2.5499999999999998,,
130,0.0050000000000000001,301.15157220624025,301.15156935237769,2.8538625542751106e-06,2.5499999999999998,,
130,0.0060000000000000001,301.15233980816691,301.15233651220217,3.2959647455754748e-06,2.5499999999999998,,
130,0.0070000000000000001,301.15348619000906,301.15348246269235,3.727316709500883e-06,2.5499999999999998,,
130,0.0080000000000000002,301.15517399125457,301.15516991841008,4.0728444901105831e-06,2.5499999999999998,,
130,0.0090000000000000011,301.15762638486461,301.1576221592436,4.2256210122104676e-06,2.5499999999999998,,
130,0.01,301.16114426128138,301.16114021995526,4.0413261217508989e-06,2.5499999999999998,,
130,0.010999999999999999,301.16612644415125,301.16612310923728,3.3349139698657382e-06,2.5499999999999949,,
130,0.012,301.17309268351443,301.17309080256246,1.8809519701790123e-06,2.5499999999986542,,
130,0.013000000000000001,301.18270881273577,301.18270939408347,-5.8134770597462193e-07,2.549999999762274,,
130,0.014,301.19581296291858,301.19581730067034,-4.337751761340769e-06,2.5499999742410728,,
130,0.014999999999999999,301.21344087766067,301.21345055671475,-9.6790540737856645e-06,2.5499983455050619,,
130,0.016,301.23684625152225,301.23686311009351,-1.6858571257216681e-05,2.5499390157390383,,
130,0.017000000000000001,301.26750682069388,301.26753279371957,-2.5973025685743778e-05,2.5487442141317995,,
130,0.018000000000000002,301.30709881205837,301.30713545826234,-3.6646203966483881e-05,2.5357456553487951,,
130,0.019,301.3574207656157,301.35746850959805,-4.7743982349857106e-05,2.4594882596470429,,
130,0.02,301.42027163001109,301.42032951942872,-5.7889417632850382e-05,2.2089097416457149,,
140,0,301.15067805370495,301.15067579812961,2.2555753389497113e-06,2.5499999999999998,,
140,0.001,301.15072678537058,301.1507244711957,2.3141748783928051e-06,2.5499999999999998,,
140,0.002,301.15088086360959,301.15087838618973,2.4774198550403526e-06,2.5499999999999998,,
140,0.0030000000000000001,301.15116485433384,301.15116211310004,2.7412337999521696e-06,2.5499999999999998,,
140,0.0040000000000000001,301.15162276393687,301.15161967267147,3.0912653983250493e-06,2.5499999999999998,,
140,0.0050000000000000001,301.15232276548113,301.15231926292034,3.5025607871830289e-06,2.5499999999999998,,
140,0.0060000000000000001,301.15336405567888,301.15336012056719,3.9351116924990492e-06,2.5499999999999998,,
140,0.0070000000000000001,301.15488604330056,301.15488171473629,4.3285642732371343e-06,2.5499999999999998,,
140,0.0080000000000000002,301.15708006511971,301.15707546854304,4.5965766730660107e-06,2.5499999999999998,,
140,0.0090000000000000011,301.16020377160106,301.16019915011123,4.6214898361540691e-06,2.5499999999999998,,
140,0.01,301.16459820405703,301.16459395386516,4.2501918642301462e-06,2.5499999999999998,,
140,0.010999999999999999,301.17070737072993,301.17070407848382,3.2922461059570196e-06,2.5499999999999714,,
140,0.012,301.17909976316076,301.17909824190627,1.5212544894893654e-06,2.5499999999940317,,
140,0.013000000000000001,301.19049061521912,301.19049193408807,-1.3188689536036691e-06,2.5499999992002658,,
140,0.014,301.20576260768541,301.20576810151971,-5.4938342941568408e-06,2.5499999331199978,,
140,0.014999999999999999,301.22598103746753,301.22599226083724,-1.1223369710933184e-05,2.5499966112012022,,
140,0.016,301.25239754576165,301.25241612247663,-1.8576714978735254e-05,2.5498987628527199,,
140,0.017000000000000001,301.28643571642584,301.28646306865426,-2.7352228414656565e-05,2.5482543371281721,,
140,0.018000000000000002,301.32965451039223,301.32969155025495,-3.7039862718302174e-05,2.5327621074231552,,
140,0.019,301.38369305483826,301.38374003108885,-4.6976250587249524e-05,2.4507318699226861,,
140,0.02,301.45021062256944,301.45026727990972,-5.6657340280708013e-05,2.1969938656733494,,
150,0,301.15106666543579,301.15106373367053,2.9317652661120519e-06,2.5499999999999998,,
150,0.001,301.1511350837817,301.15113209046871,2.9933129894743615e-06,2.5499999999999998,,
150,0.002,301.15135012453908,301.15134696090468,3.163634403335891e-06,2.5499999999999998,,
150,0.0030000000000000001,301.15174212896585,301.15173869353305,3.4354328022345726e-06,2.5499999999999998,,
150,0.0040000000000000001,301.15236493907315,301.15236115023987,3.7888332826696569e-06,2.5499999999999998,,
150,0.0050000000000000001,301.15330090660177,301.15329671520749,4.1913942823157413e-06,2.5499999999999998,,
150,0.0060000000000000001,301.15466807815437,301.15466348415703,4.5939973460917827e-06,2.5499999999999998,,
150,0.0070000000000000001,301.1566296847123,301.15662475863883,4.9260734726885858e-06,2.5499999999999998,,
150,0.0080000000000000002,301.15940602899343,301.15940093832171,5.0906717206089525e-06,2.5499999999999998,,
150,0.0090000000000000011,301.16328876593502,301.16328380594774,4.9599872795624833e-06,2.5499999999999998,,
150,0.01,301.16865737726494,301.16865300500092,4.3722640157284332e-06,2.5499999999999994,,
150,0.010999999999999999,301.1759973039932,301.175994172034,3.1319592039835698e-06,2.5499999999998595,,
150,0.012,301.18591866710199,301.18591764996609,1.0171359008381842e-06,2.5499999999774738,,
150,0.013000000000000001,301.19917375367305,301.19917595311631,-2.1994432586325274e-06,2.5499999976477934,,
150,0.014,301.21667056245082,301.2166772715405,-6.7090896891386365e-06,2.5499998440920084,,
150,0.014999999999999999,301.23947899307944,301.23949160129752,-1.2608218071363808e-05,2.5499936070057765,,
150,0.016,301.26882628201702,301.26884612385589,-1.9841838877709961e-05,2.5498415028346364,,
150,0.017000000000000001,301.30607966486019,301.3061078460189,-2.8181158711504395e-05,2.5476631799677936,,
150,0.018000000000000002,301.35271721445025,301.352754475724,-3.7261273746480583e-05,2.529583893258867,,
150,0.019,301.41029170398576,301.4103383862564,-4.668227063575614e-05,2.4421050879691126,,
150,0.02,301.48039554758128,301.48045169361365,-5.6146032363812992e-05,2.1855677311662309,,
160,0,301.15160195685274,301.15159827058267,3.6862700767414935e-06,2.5499999999999998,,
160,0.001,301.15169447340696,301.15169072465824,3.7487487247744866e-06,2.5499999999999998,,
160,0.002,301.15198382775554,301.15197990770855,3.920046992789139e-06,2.5499999999999998,,
160,0.0030000000000000001,301.15250646732198,301.15250227767382,4.189648166175175e-06,2.5499999999999998,,
160,0.0040000000000000001,301.15332655720778,301.15332202503919,4.5321685888666252e-06,2.5499999999999998,,
160,0.0050000000000000001,301.15454117121283,301.15453626346732,4.9077455059887143e-06,2.5499999999999998,,
160,0.0060000000000000001,301.15628765207828,301.15628239381516,5.2582631155928539e-06,2.5499999999999998,,
160,0.0070000000000000001,301.15875317903823,301.15874767597523,5.5030629937391495e-06,2.5499999999999998,,
160,0.0080000000000000002,301.16218650209811,301.16218096727647,5.5348216392303584e-06,2.5499999999999998,,
160,0.0090000000000000011,301.16691164635813,301.16690642962516,5.2167329727126344e-06,2.5499999999999998,,
160,0.01,301.17334313029949,301.17333874737375,4.3829257379002229e-06,2.5499999999999967,,
160,0.010999999999999999,301.18200186389436,301.18199901893013,2.8449642286432208e-06,2.5499999999994123,,
160,0.012,301.1935304124446,301.19353000485239,4.075922106494545e-07,2.5499999999258396,,
160,0.013000000000000001,301.20870581011246,301.20870891460817,-3.1044957040649024e-06,2.5499999938224001,,
160,0.014,301.2284477499249,301.22845556102118,-7.8110962817845575e-06,2.5499996679730303,,
160,0.014999999999999999,301.25382000531982,301.2538337461533,-1.3740833480824222e-05,2.5499887402807553,,
160,0.016,301.28602358970858,301.28604439875761,-2.0809049033232441e-05,2.5497636567381115,,
160,0.017000000000000001,301.32638152391621,301.32641034602756,-2.8822111346471502e-05,2.5469681959342814,,
160,0.018000000000000002,301.37631694640527,301.37635446060079,-3.7514195526000549e-05,2.526234714280267,,
160,0.019,301.43732812106248,301.43737473016859,-4.6609106107098341e-05,2.4336132957737693,,
160,0.02,301.51096493559169,301.51102083256364,-5.5896971957736241e-05,2.1745823561211095,,
170,0,301.15231447147562,301.15230996333008,4.5081455368745083e-06,2.5499999999999998,,
170,0.001,301.15243571936509,301.15243115003074,4.5693343508901307e-06,2.5499999999999998,,
170,0.002,301.15281336235614,301.15280862744498,4.7349111582661862e-06,2.5499999999999998,,
170,0.0030000000000000001,301.15349015894679,301.15348516782723,4.9911195674212649e-06,2.5499999999999998,,
170,0.0040000000000000001,301.15454086253624,301.15453555550653,5.3070297099111485e-06,2.5499999999999998,,
170,0.0050000000000000001,301.15607747159953,301.15607183624564,5.635353886646044e-06,2.5499999999999998,,
170,0.0060000000000000001,301.15825657570747,301.15825066650899,5.9091984780934581e-06,2.5499999999999998,,
170,0.0070000000000000001,301.16128872999019,301.1612826912006,6.0387895928215585e-06,2.5499999999999998,,
170,0.0080000000000000002,301.16544967450233,301.16544376527855,5.9092237734148512e-06,2.5499999999999998,,
170,0.0090000000000000011,301.1710930296137,301.17108764888889,5.380724815040594e-06,2.5499999999999998,,
170,0.01,301.17866383973666,301.1786595464859,4.2932507540172082e-06,2.5499999999999856,,
170,0.010999999999999999,301.18871202338772,301.1887095461866,2.4772011215645762e-06,2.5499999999978566,,
170,0.012,301.20190446920378,301.20190469818203,-2.2897825147083495e-07,2.5499999997827509,,
170,0.013000000000000001,301.2190342859015,301.21903824139963,-3.9554981299261271e-06,2.5499999852654081,,
170,0.014,301.24102568918948,301.24103446549429,-8.7763048099986918e-06,2.549999345035824,,
170,0.014999999999999999,301.26893330554248,301.26894799488952,-1.4689347040075518e-05,2.5499812854314219,,
170,0.016,301.30393534703632,301.30395695644887,-2.1609412556244934e-05,2.54966172123931,,
170,0.017000000000000001,301.34732109920617,301.34735047774319,-2.9378537021784723e-05,2.5461684677369321,,
170,0.018000000000000002,301.40047425522897,301.40051204943205,-3.7794203080920852e-05,2.5227360164437531,,
170,0.019,301.46485450605297,301.46490115435677,-4.6648303793972445e-05,2.4252589589829738,,
170,0.02,301.54198012934069,301.54203590650599,-5.5777165300696652e-05,2.163996367848954,,
180,0,301.15323594555497,301.15323056223781,5.3833171591577411e-06,2.5499999999999998,,
180,0.001,301.1533906794611,301.1533852387272,5.4407339007411792e-06,2.5499999999999998,,
180,0.002,301.15387090167644,301.1538653085488,5.593127639258455e-06,2.5499999999999998,,
180,0.0030000000000000001,301.15472573487199,301.15471991134268,5.8235293067809835e-06,2.5499999999999998,,
180,0.0040000000000000001,301.1560405190545,301.15603442340819,6.0956463130423799e-06,2.5499999999999998,,
180,0.0050000000000000001,301.15794198081471,301.1579356254278,6.3553869154020504e-06,2.5499999999999998,,
180,0.0060000000000000001,301.16060536389415,301.16059883528743,6.5286067183478735e-06,2.5499999999999998,,
180,0.0070000000000000001,301.16426335522664,301.16425683579081,6.5194358285225462e-06,2.5499999999999998,,
180,0.0080000000000000002,301.16921650894113,301.1692102986338,6.2103073332764325e-06,2.5499999999999998,,
180,0.0090000000000000011,301.17584469273748,301.17583922779005,5.4649474350298988e-06,2.5499999999999998,,
180,0.01,301.18461886759536,301.18461473211141,4.1354839481755334e-06,2.5499999999999425,,
180,0.010999999999999999,301.1961122937808,301.19611021952136,2.074259441542381e-06,2.5499999999930605,,
180,0.012,301.21101008496663,301.21101093514892,-8.5018228901390103e-07,2.5499999994243585,,
180,0.013000000000000001,301.23011597430343,301.23012070929582,-4.7349923875117383e-06,2.5499999676406531,,
180,0.014,301.25435527697255,301.25436490337199,-9.6263994464607094e-06,2.5499987898275855,,
180,0.014999999999999999,301.28477337320959,301.28478888223049,-1.5509020897752634e-05,2.5499703923839134,,
180,0.016,301.32252958139901,301.32255188639971,-2.2305000697997457e-05,2.5495323680170432,,
180,0.017000000000000001,301.3688869599552,301.36891684464553,-2.9884690320614027e-05,2.5452644115346343,,
180,0.018000000000000002,301.42519922186443,301.4252373091328,-3.8087268364961346e-05,2.5191070409436396,,
180,0.019,301.49289638783927,301.49294313579765,-4.674795837900092e-05,2.4170425254613885,,
180,0.02,301.57347014157909,301.57352663558265,-5.6494003558782424e-05,2.1537744480456151,,
190,0,301.15439857269001,301.15439227754729,6.2951427253210568e-06,2.5499999999999998,,
190,0.001,301.15459155032539,301.15458520495145,6.345373947169719e-06,2.5499999999999998,,
190,0.002,301.15518859580573,301.15518211914684,6.4766588820930338e-06,2.5499999999999998,,
190,0.0030000000000000001,301.15624508099904,301.15623841252273,6.6684763169178041e-06,2.5499999999999998,,
190,0.0040000000000000001,301.1578566496068,301.15784976961453,6.8799922701145988e-06,2.5499999999999998,,
190,0.0050000000000000001,301.16016417319651,301.16015712131878,7.0518777306460834e-06,2.5499999999999998,,
190,0.0060000000000000001,301.16336049549568,301.16335339018201,7.1053136707632802e-06,2.5499999999999998,,
190,0.0070000000000000001,301.16769872588685,301.16769178389404,6.9419928081515536e-06,2.5499999999999998,,
190,0.0080000000000000002,301.17350171499993,301.17349526893872,6.446061206588638e-06,2.5499999999999998,,
190,0.0090000000000000011,301.18117219464136,301.18116670579457,5.4888467957425746e-06,2.5499999999999989,,
190,0.01,301.19120290740398,301.19119897051331,3.9368906641357171e-06,2.549999999999796,,
190,0.010999999999999999,301.20418591783493,301.20418425470945,1.6631254879939661e-06,2.5499999999797325,,
190,0.012,301.2208202254601,301.22082166547074,-1.4400106351786235e-06,2.5499999986017969,,
190,0.013000000000000001,301.24191682569892,301.24192227388079,-5.4481818665408355e-06,2.549999933825581,,
190,0.014,301.26840047916306,301.26841087602958,-1.0396866514383873e-05,2.549997886440206,,
190,0.014999999999999999,301.30130744305222,301.30132372027066,-1.6277218435334362e-05,2.549955101150839,,
190,0.016,301.34177746694627,301.34180049600002,-2.3029053750178718e-05,2.5493725169284374,,
190,0.017000000000000001,301.39103486396357,301.39106534790722,-3.0483943646686384e-05,2.5442575043906568,,
190,0.018000000000000002,301.45034739212349,301.45038552611538,-3.8133991893118946e-05,2.5153649559602291,,
190,0.019,301.5209504091589,301.52099534437917,-4.4935220273600862e-05,2.4089630489854614,,
190,0.02,301.60394262005804,301.60399242444635,-4.9804388311258663e-05,2.143886319790179,,
200,0,301.15583417279032,301.15582695039774,7.2223925826619961e-06,2.5499999999999998,,
200,0.001,301.15607003025042,301.15606276660714,7.2636432832950959e-06,2.5499999999999998,,
200,0.002,301.15679772502983,301.15679035854083,7.3664890010149975e-06,2.5499999999999998,,
200,0.0030000000000000001,301.15807860762737,301.15807109932314,7.5083042361256958e-06,2.5499999999999998,,
200,0.0040000000000000001,301.1600180985854,301.16001045350396,7.6450814390227606e-06,2.5499999999999998,,
200,0.0050000000000000001,301.1627703293135,301.16276261499365,7.7143198495832621e-06,2.5499999999999998,,
200,0.0060000000000000001,301.16654438350884,301.16653674824647,7.6352623636921635e-06,2.5499999999999998,,
200,0.0070000000000000001,301.17161185696449,301.17160454667584,7.3102886517517618e-06,2.5499999999999998,,
200,0.0080000000000000002,301.17831533896032,301.17830871084396,6.6281163526582532e-06,2.5499999999999998,,
200,0.0090000000000000011,301.18707729855333,301.18707182934406,5.4692092703589879e-06,2.5499999999999945,,
200,0.01,301.19840874555979,301.19840503217864,3.7133811474632239e-06,2.5499999999993457,,
200,0.010999999999999999,301.21291693747258,301.21291568846141,1.2490111771512602e-06,2.5499999999459133,,
200,0.012,301.23131130080617,301.23131331841932,-2.0176131556581822e-06,2.5499999968519838,,
200,0.013000000000000001,301.25440654558037,301.25441269998635,-6.1544059803964046e-06,2.5499998728114956,,
200,0.014,301.28312151464166,301.28313270715108,-1.1192509418833652e-05,2.5499964846108778,,
200,0.014999999999999999,301.31847148320514,301.31848857894857,-1.7095743430672883e-05,2.5499343606416445,,
200,0.016,301.36155060813411,301.36157430663519,-2.3698501081526047e-05,2.5491793849919735,,
200,0.017000000000000001,301.41350103657317,301.41353166940888,-3.0632835716914997e-05,2.5431500443334549,,
200,0.018000000000000002,301.47546754750033,301.47550487589797,-3.7328397638702882e-05,2.5115250266127469,,
200,0.019,301.54854262979001,301.54858581054293,-4.3180752925309207e-05,2.4010186289973472,,
200,0.02,301.63371486869198,301.63376269296288,-4.7824270893670473e-05,2.1343055433518221,,
210,0,301.15757338698216,301.15756524040972,8.146572440637101e-06,2.5499999999999998,,
210,0.001,301.15785652942827,301.15784835270881,8.1767194615167682e-06,2.5499999999999998,,
210,0.002,301.15872796489487,301.15871971978805,8.2451068124100857e-06,2.5499999999999998,,
210,0.0030000000000000001,301.16025463340657,301.16024630548606,8.3279205114195065e-06,2.5499999999999998,,
210,0.0040000000000000001,301.16255103217793,301.16254265267662,8.3795013097187621e-06,2.5499999999999998,,
210,0.0050000000000000001,301.16578347741222,301.16577514122491,8.3361873066678527e-06,2.5499999999999998,,
210,0.0060000000000000001,301.1701757802071,301.17016766269506,8.1175120385523769e-06,2.5499999999999998,,
210,0.0070000000000000001,301.17601603417341,301.17600840568872,7.6284846954877139e-06,2.5499999999999998,,
210,0.0080000000000000002,301.18366410697746,301.183657343677,6.763300461898325e-06,2.5499999999999998,,
210,0.0090000000000000011,301.19355931599932,301.19355390547912,5.4105202025311883e-06,2.5499999999999803,,
210,0.01,301.20622764208127,301.20622418257722,3.4595040574458835e-06,2.549999999998092,,
210,0.010999999999999999,301.22228767615013,301.2222868679828,8.0816732861421769e-07,2.5499999998666705,,
210,0.012,301.24245427037425,301.24245689691691,-2.6265426527061209e-06,2.5499999933686768,,
210,0.013000000000000001,301.26753855890991,301.26754545095042,-6.8920405169592414e-06,2.5499997684493683,,
210,0.014,301.29844267520525,301.29845464874143,-1.197353617499175e-05,2.54999439689903,,
210,0.014999999999999999,301.33614732592275,301.33616508619087,-1.7760268121946865e-05,2.5499070498150571,,
210,0.016,301.38169077317167,301.38171479336,-2.4020188334361592e-05,2.5489505147961862,,
210,0.017000000000000001,301.43613916262245,301.43616956790737,-3.0405284917378594e-05,2.5419449463381238,,
210,0.018000000000000002,301.50055062979425,301.50058713642898,-3.6506634728539211e-05,2.5076007963658236,,
210,0.019,301.57593864230927,301.57598060107296,-4.1958763688398903e-05,2.39320672255803,,
210,0.02,301.66324226729631,301.66328882707626,-4.6559779946164781e-05,2.1250089041250071,,
220,0,301.15964502951539,301.15963597892056,9.0505948264762992e-06,2.5499999999999998,,
220,0.001,301.15997955212424,301.15997048404046,9.0680837843137851e-06,2.5499999999999998,,
220,0.002,301.16100686268902,301.16099776499146,9.0976975570811192e-06,2.5499999999999998,,
220,0.0030000000000000001,301.16279902760334,301.16278991232161,9.115281727645197e-06,2.5499999999999998,,
220,0.0040000000000000001,301.16547881966795,301.16546974485016,9.0748177967725496e-06,2.5499999999999998,,
220,0.0050000000000000001,301.16922356634547,301.16921465338424,8.9129612206306774e-06,2.5499999999999998,,
220,0.0060000000000000001,301.17427022604932,301.17426167524445,8.5508048641713685e-06,2.5499999999999998,,
220,0.0070000000000000001,301.18092137291922,301.18091347638665,7.8965325656099594e-06,2.5499999999999998,,
220,0.0080000000000000002,301.18955165845045,301.18954480922446,6.8492259970298619e-06,2.5499999999999994,,
220,0.0090000000000000011,301.20061419097124,301.20060888685191,5.3041193268654752e-06,2.5499999999999376,,
220,0.01,301.21464612281022,301.21464296293112,3.1598790997122705e-06,2.5499999999948777,,
220,0.010999999999999999,301.23227255762674,301.23227222866365,3.2896309676289093e-07,2.5499999996935867,,
220,0.012,301.25420770275878,301.25421095050416,-3.2477453828505531e-06,2.5499999868273306,,
220,0.013000000000000001,301.28125204917973,301.28125963097062,-7.5817908964381786e-06,2.5499995980987542,,
220,0.014,301.31428437634889,301.31429699241613,-1.2616067238013784e-05,2.5499913971092085,,
220,0.014999999999999999,301.35424770801791,301.35426591700076,-1.8208982851319888e-05,2.5498719996568933,,
220,0.016,301.40212913229198,301.40215326639037,-2.4134098396189074e-05,2.5486837860743021,,
220,0.017000000000000001,301.45893466557169,301.45896476907382,-3.0103502126621606e-05,2.5406455721963859,,
220,0.018000000000000002,301.5256618702291,301.52569768703694,-3.5816807837818487e-05,2.503604267074905,,
220,0.019,301.60327426128475,301.60331528749748,-4.1026212727501843e-05,2.3855243626081983,,
220,0.02,301.69268206133239,301.69272766655956,-4.5605227171563456e-05,2.1159759784306007,,
230,0,301.16207565611239,301.16206573567536,9.9204370371808182e-06,2.5499999999999998,,
230,0.001,301.16246529644889,301.16245537221039,9.9242384976605535e-06,2.5499999999999998,,
230,0.002,301.16365952833905,301.16364961607525,9.9122638061999169e-06,2.5499999999999998,,
230,0.0030000000000000001,301.16573503903805,301.16572517844179,9.8605962648434797e-06,2.5499999999999998,,
230,0.0040000000000000001,301.1688220153809,301.1688122917206,9.7236602982775366e-06,2.5499999999999998,,
230,0.0050000000000000001,301.17310755123725,301.17309811203182,9.4392054279524018e-06,2.5499999999999998,,
230,0.0060000000000000001,301.17884008565409,301.17883115521613,8.9304379571331083e-06,2.5499999999999998,,
230,0.0070000000000000001,301.18633452985591,301.18632642074175,8.1091141623801377e-06,2.5499999999999998,,
230,0.0080000000000000002,301.19597762147612,301.19597074145344,6.8800226813436893e-06,2.5499999999999985,,
230,0.0090000000000000011,301.20823291400609,301.20822776662033,5.1473857638484333e-06,2.5499999999998191,,
230,0.01,301.22364467224247,301.22364184846145,2.823781017013971e-06,2.5499999999872145,,
230,0.010999999999999999,301.24283981883178,301.24283997684529,-1.580135062795307e-07,2.5499999993383398,,
230,0.012,301.26652700116279,301.26653083177894,-3.8306161513901316e-06,2.5499999751595501,,
230,0.013000000000000001,301.29549188290395,301.29550005979178,-8.1768878317234339e-06,2.549999331242979,,
230,0.014,301.33058798507466,301.33060110281781,-1.3117743151269678e-05,2.549987219968922,,
230,0.014999999999999999,301.37272286983045,301.37274137800767,-1.850817722015563e-05,2.5498280146470962,,
230,0.016,301.42284018458025,301.42286433100691,-2.4146426653715025e-05,2.5483774144791123,,
230,0.017000000000000001,301.48189897700132,301.48192877560035,-2.9798599030073092e-05,2.5392555916395851,,
230,0.018000000000000002,301.55085255520981,301.55088779165857,-3.5236448752584693e-05,2.4995460686407966,,
230,0.019,301.6306297293703,301.63067000932921,-4.0279958909650304e-05,2.3779683140852916,,
230,0.02,301.72212127065382,301.72216611271386,-4.4842060049177235e-05,2.1071886642327686,,
240,0,301.16488931017847,301.16487856554602,1.0744632447767799e-05,2.5499999999999998,,
240,0.001,301.16533741897354,301.16532668492505,1.0734048487393011e-05,2.5499999999999998,,
240,0.002,301.16670844638799,301.16669776781748,1.0678570504296658e-05,2.5499999999999998,,
240,0.0030000000000000001,301.16908316062018,301.16907260577898,1.0554841196608322e-05,2.5499999999999998,,
240,0.0040000000000000001,301.17259824337179,301.17258792514133,1.0318230465600209e-05,2.5499999999999998,,
240,0.0050000000000000001,301.17744922712404,301.1774393188781,9.9082459428245784e-06,2.5499999999999998,,
240,0.0060000000000000001,301.18389425469695,301.18388500353808,9.2511588718480198e-06,2.5499999999999998,,
240,0.0070000000000000001,301.19225830265486,301.19225003885344,8.2638014191616094e-06,2.5499999999999998,,
240,0.0080000000000000002,301.20293739454627,301.20293053557668,6.8589695843002119e-06,2.549999999999994,,
240,0.0090000000000000011,301.21640221770485,301.21639726490776,4.9527970986673608e-06,2.5499999999995109,,
240,0.01,301.23320046084967,301.23319798660037,2.4742492996665533e-06,2.5499999999701068,,
240,0.010999999999999999,301.25395713389219,301.25395775750724,-6.2361505115404725e-07,2.5499999986484441,,
240,0.012,301.2793721516191,301.27937650341255,-4.3517934500414412e-06,2.5499999552762653,,
240,0.013000000000000001,301.31021459983054,301.31022327490064,-8.6750700916127244e-06,2.5499989281391668,,
240,0.014,301.34731338913366,301.3473268954757,-1.3506342043001496e-05,2.5499815620039681,,
240,0.014999999999999999,301.39154444516703,301.39156315386623,-1.8708699201397394e-05,2.5497738928156193,,
240,0.016,301.44381514709733,301.44383925446982,-2.4107372496473545e-05,2.5480299409352853,,
240,0.017000000000000001,301.50504731667951,301.50507682811843,-2.9511438924600952e-05,2.5377788705120703,,
240,0.018000000000000002,301.57616054067591,301.57619528284761,-3.4742171692414558e-05,2.4954356149450505,,
240,0.019,301.65805782987462,301.65809749162491,-3.9661750292907527e-05,2.3705351875705354,,
240,0.02,301.75161650274583,301.75165966716014,-4.3164414307739207e-05,2.0986308251956522,,
250,0,301.16810734069367,301.16809583029385,1.1510399815506389e-05,2.5499999999999998,,
250,0.001,301.16861685577646,301.16860536848242,1.1487294045764429e-05,2.5499999999999998,,
250,0.002,301.17017330262485,301.17016191559003,1.1387034817289532e-05,2.5499999999999998,,
250,0.0030000000000000001,301.17286095611684,301.17284976669856,1.1189418273716001e-05,2.5499999999999998,,
250,0.0040000000000000001,301.1768220188701,301.17681116745348,1.0851416618606891e-05,2.5499999999999998,,
250,0.0050000000000000001,301.18225906683318,301.18224875154118,1.0315292001905618e-05,2.5499999999999998,,
250,0.0060000000000000001,301.18943811039037,301.18942859859379,9.5117965770441515e-06,2.5499999999999998,,
250,0.0070000000000000001,301.19869191179248,301.19868354715612,8.3646363577827287e-06,2.5499999999999998,,
250,0.0080000000000000002,301.21042309905903,301.21041630256707,6.7964919594487583e-06,2.5499999999999825,,
250,0.0090000000000000011,301.22510653279863,301.22510179612192,4.7366767148560029e-06,2.5499999999987657,,
250,0.01,301.24329032999384,301.24328819980872,2.1301851234056812e-06,2.5499999999340761,,
250,0.010999999999999999,301.26559494962618,301.26559600218894,-1.0525627658353187e-06,2.5499999973732197,,
250,0.012,301.29270982503374,301.29271463129885,-4.8062651103464304e-06,2.5499999227421504,,
250,0.013000000000000001,301.32538722389432,301.32539630579021,-9.0818958824456786e-06,2.5499983385670197,,
250,0.014,301.36443346187821,301.3644472384301,-1.3776551895716693e-05,2.5499740834772382,,
250,0.014999999999999999,301.41069896762212,301.41071768742358,-1.8719801460065355e-05,2.5497084437764985,,
250,0.016,301.46507343486883,301.46509713626563,-2.3701396798969654e-05,2.5476402144726804,,
250,0.017000000000000001,301.52850519272016,301.5285339790459,-2.8786325742657937e-05,2.5362193819665815,,
250,0.018000000000000002,301.60208513593261,301.6021202599515,-3.5124018893384346e-05,2.491281244659842,,
250,0.019,301.68724038395192,301.68728583177426,-4.5447822344613087e-05,2.3632215212097973,,
250,0.02,301.78602185400325,301.78608452663639,-6.2672633134752687e-05,2.0902875707979893,,
260,0,301.17174822925335,301.17173601539037,1.221386298766447e-05,2.5499999999999998,,
260,0.001,301.17232165164302,301.172309476034,1.2175609015230293e-05,2.5499999999999998,,
260,0.002,301.1740708228204,301.17405879286844,1.2029951960812468e-05,2.5499999999999998,,
260,0.0030000000000000001,301.17708292712206,301.17707116909162,1.1758030439068534e-05,2.5499999999999998,,
260,0.0040000000000000001,301.18150468637015,301.18149336718267,1.1319187478875392e-05,2.5499999999999998,,
260,0.0050000000000000001,301.18754431167832,301.1875336521328,1.0659545523594716e-05,2.5499999999999998,,
260,0.0060000000000000001,301.19547387922393,301.19546416354711,9.7156768106287927e-06,2.5499999999999998,,
260,0.0070000000000000001,301.20563178764905,301.20562336812429,8.419524760938657e-06,2.5499999999999998,,
260,0.0080000000000000002,301.21842487422862,301.21841816946124,6.7047673724118795e-06,2.5499999999999532,,
260,0.0090000000000000011,301.23432971598584,301.23432520129978,4.5146860543354705e-06,2.5499999999970719,,
260,0.01,301.2538926453214,301.25389083376695,1.8115544548891194e-06,2.549999999862075,,
260,0.010999999999999999,301.27772813037024,301.27772954272507,-1.41235483397395e-06,2.5499999951181351,,
260,0.012,301.30651556477233,301.30652068712044,-5.1223481136730697e-06,2.5499998714073975,,
260,0.013000000000000001,301.34099552063219,301.341004753243,-9.2326108074303193e-06,2.5499975007321898,,
260,0.014,301.38196868929504,301.38198231399292,-1.3624697885461501e-05,2.5499644112154414,,
260,0.014999999999999999,301.43030447408341,301.43032271844169,-1.8244358273022954e-05,2.5496305043960041,,
260,0.016,301.48697071024867,301.4869940243824,-2.3314133727581066e-05,2.5472073708758622,,
260,0.017000000000000001,301.55309784326573,301.55312741814021,-2.9574874474747048e-05,2.5345811368781073,,
260,0.018000000000000002,301.63008423909542,301.6301225552449,-3.8316149471029348e-05,2.4870903470038521,,
260,0.019,301.71973041981596,301.71978138454091,-5.0964724948698858e-05,2.3560238354611855,,
260,0.02,301.82436452781161,301.82443290767498,-6.8379863364498306e-05,2.0821458719476231,,
270,0,301.17582745913836,301.17581461391643,1.2845221931456763e-05,2.5499999999999998,,
270,0.001,301.17646684067296,301.17645404874378,1.2791929179911676e-05,2.5499999999999998,,
270,0.002,301.17841469230081,301.1784020908587,1.2601442108461924e-05,2.5499999999999998,,
270,0.0030000000000000001,301.18176051124175,301.18174825450632,1.2256735431037669e-05,2.5499999999999998,,
270,0.0040000000000000001,301.18665455276164,301.18664283240577,1.1720355871602806e-05,2.5499999999999998,,
270,0.0050000000000000001,301.19330930963258,301.1932983662125,1.09434200794567e-05,2.5499999999999998,,
270,0.0060000000000000001,301.20200125114599,301.20199138138003,9.869765960957011e-06,2.5499999999999998,,
270,0.0070000000000000001,301.21307251960184,301.21306407811505,8.4414867842497188e-06,2.5499999999999985,,
270,0.0080000000000000002,301.22693224432879,301.22692563820959,6.6061192001143354e-06,2.5499999999998808,,
270,0.0090000000000000011,301.24405717199028,301.2440528463722,4.3256180788375787e-06,2.5499999999934255,,
270,0.01,301.26499149943817,301.26498991287485,1.5865633145040192e-06,2.5499999997248426,,
270,0.010999999999999999,301.29034625452221,301.29034784598639,-1.5914641835479415e-06,2.5499999912859681,,
270,0.012,301.32079945683643,301.32080461476198,-5.1579255568867666e-06,2.5499997930053726,,
270,0.013000000000000001,301.35709969997504,301.35710875919818,-9.0592231458686001e-06,2.54999634036596,,
270,0.014,301.40007755571128,301.40009086348226,-1.3307770984738454e-05,2.5499521421286158,,
270,0.014999999999999999,301.45067059428089,301.4506886826789,-1.8088398007876094e-05,2.5495389519779987,,
270,0.016,301.50996749678916,301.50999135406209,-2.3857272935856599e-05,2.5467308089691723,,
270,0.017000000000000001,301.57927317255189,301.57930452748741,-3.1354935515537363e-05,2.5328681300273308,,
270,0.018000000000000002,301.66018943152187,301.66023089841354,-4.146689167328077e-05,2.4828694732283925,,
270,0.019,301.75469632404855,301.75475126004841,-5.4935999855842965e-05,2.3489386692383571,,
270,0.02,301.8652119531871,301.8652840172702,-7.206408309912149e-05,2.074194143490065,,
280,0,301.1803574890132,301.18034408892356,1.3400089642345847e-05,2.5499999999999998,,
280,0.001,301.18106443907902,301.18105110676487,1.3332314154013147e-05,2.5499999999999998,,
280,0.002,301.1832156082973,301.18320250937023,1.3098927070132049e-05,2.5499999999999998,,
280,0.0030000000000000001,301.18690224087817,301.18688955554978,1.268532838594183e-05,2.5499999999999998,,
280,0.0040000000000000001,301.19227721094893,301.19226515262238,1.2058326547048637e-05,2.5499999999999998,,
280,0.0050000000000000001,301.19955608820948,301.19954491255197,1.1175657505191339e-05,2.5499999999999998,,
280,0.0060000000000000001,301.2090183611021,301.20900837028262,9.9908194783893123e-06,2.5499999999999998,,
280,0.0070000000000000001,301.2210086142162,301.22100015482175,8.4593944507105334e-06,2.5499999999999954,,
280,0.0080000000000000002,301.23593750653214,301.23593095991208,6.5466200567243504e-06,2.5499999999997125,,
280,0.0090000000000000011,301.25428257408907,301.25427833922464,4.2348644342382613e-06,2.5499999999859564,,
280,0.01,301.2765892451709,301.27658771748099,1.527689903468854e-06,2.5499999994742422,,
280,0.010999999999999999,301.30347305622035,301.303474611529,-1.5553086427644303e-06,2.5499999850036676,,
280,0.012,301.33562487103194,301.33562987106347,-5.0000315354736813e-06,2.5499996767274471,,
280,0.013000000000000001,301.3738217650274,301.37383060504089,-8.8400134927724139e-06,2.5499947700526002,,
280,0.014,301.41894676053994,301.41895997449672,-1.3213956776780833e-05,2.5499368472287229,,
280,0.014999999999999999,301.47202022645007,301.47203864515774,-1.8418707668388379e-05,2.5494327149795053,,
280,0.016,301.53424393833001,301.53426886372375,-2.4925393745434121e-05,2.5462101658877532,,
280,0.017000000000000001,301.60705535926695,301.6070886877834,-3.332851645154733e-05,2.5310842991565461,,
280,0.018000000000000002,301.69218522397028,301.69222944204495,-4.4218074663149309e-05,2.4786244348650524,,
280,0.019,301.79170741271605,301.79176541471475,-5.8001998695544899e-05,2.3419626172742891,,
280,0.02,301.90806826978292,301.90814302966771,-7.4759884796549159e-05,2.0664217684150028,,
290,0,301.18534787337154,301.18533399537131,1.387800023167074e-05,2.5499999999999998,,
290,0.001,301.18612359165451,301.18610979472902,1.3796925486531109e-05,2.5499999999999998,,
290,0.002,301.18848151033797,301.18846798580842,1.3524529549613362e-05,2.5499999999999998,,
290,0.0030000000000000001,301.19251413730325,301.19250108780386,1.3049499386852403e-05,2.5499999999999998,,
290,0.0040000000000000001,301.19837622914633,301.19836388471646,1.2344429876520735e-05,2.5499999999999998,,
290,0.0050000000000000001,301.20628557496292,301.20627419914268,1.1375820236025902e-05,2.5499999999999998,,
290,0.0060000000000000001,301.21652394757461,301.21651383841242,1.0109162190019561e-05,2.5499999999999998,,
290,0.0070000000000000001,301.22943817536088,301.22942966067637,8.5146845094641321e-06,2.5499999999999883,,
290,0.0080000000000000002,301.24544141796144,301.24543484548872,6.5724727278393402e-06,2.549999999999343,,
290,0.0090000000000000011,301.26501498041489,301.2650107058725,4.2745423911583202e-06,2.5499999999713356,,
290,0.01,301.28871138148395,301.28870976104304,1.6204409121201024e-06,2.5499999990340516,,
290,0.010999999999999999,301.31715986853698,301.31716126560889,-1.3970719123790332e-06,2.5499999750343472,,
290,0.012,301.35107603386371,301.35108085160346,-4.8177397502513486e-06,2.549999508787105,,
290,0.013000000000000001,301.39127743572402,301.39128618350986,-8.7477858414786169e-06,2.5499926887998599,,
290,0.014,301.43870689530581,301.43872028786365,-1.3392557832503371e-05,2.5499180759622746,,
290,0.014999999999999999,301.49446417907802,301.49448325152571,-1.9072447685175575e-05,2.5493107813926699,,
290,0.016,301.55984498973606,301.55987119551452,-2.6205778453913808e-05,2.5456452923399135,,
290,0.017000000000000001,301.63638378076564,301.63641902969488,-3.5248929236786353e-05,2.5292334943920913,,
290,0.018000000000000002,301.72589444153539,301.72594103972312,-4.6598187736890395e-05,2.4743603901002649,,
290,0.019,301.83050119651358,301.83056167232223,-6.0475808652427077e-05,2.3350923563512382,,
290,0.02,301.95265194117553,301.95272879614674,-7.6854971212014789e-05,2.0588190565934101,,
300,0,301.1908056174068,301.19079133249062,1.4284916176166007e-05,2.5499999999999998,,
300,0.001,301.19165097427987,301.1916367815931,1.4192686762726225e-05,2.5499999999999998,,
300,0.002,301.19421813792087,301.19420424983463,1.3888086243696307e-05,2.5499999999999998,,
300,0.0030000000000000001,301.19860056655028,301.19858720255962,1.3363990660764102e-05,2.5499999999999998,,
300,0.0040000000000000001,301.20495449609467,301.20494189611838,1.2599976287219761e-05,2.5499999999999998,,
300,0.0050000000000000001,301.21349964196065,301.21348806986509,1.1572095559131412e-05,2.5499999999999998,,
300,0.0060000000000000001,301.22452018997717,301.22450993298145,1.0256995722102147e-05,2.5499999999999994,,
300,0.0070000000000000001,301.2383661883058,301.23835755286183,8.6354439758906665e-06,2.5499999999999714,,
300,0.0080000000000000002,301.25545561317239,301.25544891950909,6.6936632947545149e-06,2.5499999999985699,,
300,0.0090000000000000011,301.27627761958166,301.27627319917843,4.4204032292327611e-06,2.5499999999438767,,
300,0.01,301.30139777532702,301.30139597751463,1.7978123878492624e-06,2.549999998287662,,
300,0.010999999999999999,301.33146634641315,301.3314675610572,-1.2146440440119477e-06,2.5499999596744396,,
300,0.012,301.36723084426228,301.3672355458184,-4.7015561221996904e-06,2.5499992719862963,,
300,0.013000000000000001,301.40955391908983,301.40956273232194,-8.8132321138800762e-06,2.5499899818574354,,
300,0.014,301.459437156658,301.45945093613682,-1.3779478820197255e-05,2.5498953606925467,,
300,0.014999999999999999,301.51805034208076,301.51807024807687,-1.9905996111901914e-05,2.5491722049846257,,
300,0.016,301.58676436208026,301.58679190805844,-2.754597818466209e-05,2.5450362285577661,,
300,0.017000000000000001,301.6671843655493,301.66722141110404,-3.7045554734049801e-05,2.5273194559742933,,
300,0.018000000000000002,301.76117848348758,301.76122715402749,-4.8670539911199739e-05,2.4700819198258332,,
300,0.019,301.87089677444465,301.87095930527084,-6.2530826198781142e-05,2.3283246590077176,,
300,0.02,301.99877480679169,301.99885401491747,-7.9208125782770367e-05,2.0513771449412199,,
310,0,301.19673592538578,301.19672128762477,1.4637761012181727e-05,2.5499999999999998,,
310,0.001,301.19765160743185,301.19763707178572,1.4535646130298119e-05,2.5499999999999998,,
310,0.002,301.20043003774975,301.20041582962534,1.4208124412107281e-05,2.5499999999999998,,
310,0.0030000000000000001,301.20516555241284,301.20515190175689,1.3650655944275059e-05,2.5499999999999998,,
310,0.0040000000000000001,301.21201588519659,301.21200303578104,1.2849415554683219e-05,2.5499999999999998,,
310,0.0050000000000000001,301.22120299430316,301.22119120590804,1.1788395113399019e-05,2.5499999999999998,,
310,0.0060000000000000001,301.2330143658686,301.23300391413369,1.0451734908656363e-05,2.5499999999999994,,
310,0.0070000000000000001,301.2478050201205,301.24779619548474,8.8246357563548372e-06,2.549999999999935,,
310,0.0080000000000000002,301.26600059420571,301.26599370265927,6.8915464339625032e-06,2.5499999999970209,,
310,0.0090000000000000011,301.28810205323322,301.28809742283045,4.630402770544606e-06,2.5499999998942142,,
310,0.01,301.31469274693711,301.31469074456533,2.0023717866024526e-06,2.5499999970621885,,
310,0.010999999999999999,301.34644862029148,301.34644968241855,-1.0621270689625817e-06,2.549999936636814,,
310,0.012,301.38415232103785,301.38415699975474,-4.6787168912487687e-06,2.5499989452969469,,
310,0.013000000000000001,301.42871163452861,301.42872065675959,-9.0222309836462955e-06,2.5499865207768009,,
310,0.014,301.4811819732019,301.48119630799914,-1.4334797242554487e-05,2.5498682211870518,,
310,0.014999999999999999,301.54279104220365,301.5428119688259,-2.092662225550157e-05,2.5490161096259425,,
310,0.016,301.61495950539097,301.61498864094307,-2.9135552097159234e-05,2.5443831814222237,,
310,0.017000000000000001,301.6993009923093,301.69934004508332,-3.9052774013725866e-05,2.5253457985979146,,
310,0.018000000000000002,301.79756814959649,301.79761801583493,-4.9866238441609312e-05,2.4657930945448365,,
310,0.019,301.91150765167203,301.91156711162932,-5.9459957299168309e-05,2.3216564010181173,,
310,0.02,302.04263398824912,302.04269944617999,-6.5457930872980796e-05,2.0440879838932906,,
320,0,301.20314333174559,301.20312837709616,1.4954649429910205e-05,2.5499999999999998,,
320,0.001,301.20413002586281,301.20411517808992,1.4847772888515465e-05,2.5499999999999998,,
320,0.002,301.20712182756188,301.20710732047672,1.4507085154491506e-05,2.5499999999999998,,
320,0.0030000000000000001,301.21221411987887,301.21220018837505,1.3931503815456381e-05,2.5499999999999998,,
320,0.0040000000000000001,301.21956653446182,301.21955342240688,1.3112054944031115e-05,2.5499999999999998,,
320,0.0050000000000000001,301.22940405985997,301.22939202220459,1.2037655380936485e-05,2.5499999999999998,,
320,0.0060000000000000001,301.24201882912899,301.24200813355128,1.0695577714159299e-05,2.549999999999998,,
320,0.0070000000000000001,301.25777286803577,301.25776379785651,9.07017926010667e-06,2.549999999999855,,
320,0.0080000000000000002,301.27710219787406,301.27709505883445,7.1390396101378428e-06,2.5499999999940393,,
320,0.0090000000000000011,301.30052279060976,301.30051792471761,4.8658921514288522e-06,2.549999999807445,,
320,0.01,301.32863892059487,301.32863673023888,2.1903559854763444e-06,2.5499999951085046,,
320,0.010999999999999999,301.36215436287375,301.36215534758264,-9.8470889042800991e-07,2.5499999029211544,,
320,0.012,301.40188649535673,301.40189130175821,-4.8064014777082775e-06,2.5499985034691761,,
320,0.013000000000000001,301.44878238139393,301.44879186117913,-9.4797852057126875e-06,2.5499821636977709,,
320,0.014,301.50393391772519,301.50394916841321,-1.5250688022661052e-05,2.549836168997961,,
320,0.014999999999999999,301.56858584916068,301.56860817003792,-2.2320877235415537e-05,2.5488416919558987,,
320,0.016,301.64412654935018,301.6441572111533,-3.0661803123166465e-05,2.5436865030336442,,
320,0.017000000000000001,301.73204964296929,301.73208944176082,-3.97987915334852e-05,2.5233160009693023,,
320,0.018000000000000002,301.83387938649588,301.83392815118555,-4.8764689665858896e-05,2.4614975331835911,,
320,0.019,301.95106718802577,301.95112358027677,-5.6392250996850635e-05,2.3150845661015222,,
320,0.02,302.08488642535315,302.08494830693303,-6.1881579881628568e-05,2.0369441012417497,,
330,0,301.21003292719229,301.2100176659946,1.5261197688687389e-05,2.5499999999999998,,
330,0.001,301.21109149003553,301.2110763376495,1.515238602678437e-05,2.5499999999999998,,
330,0.002,301.2142993411266,301.21428453460419,1.480652241525604e-05,2.5499999999999998,,
330,0.0030000000000000001,301.21975325896602,301.21973903437049,1.4224595531686646e-05,2.5499999999999998,,
330,0.0040000000000000001,301.22761542709856,301.227602027008,1.3400090551840549e-05,2.5499999999999998,,
330,0.0050000000000000001,301.2381149066361,301.23810258315035,1.2323485748311214e-05,2.5499999999999998,,
330,0.0060000000000000001,301.25154996814507,301.25153898708624,1.0981058835568547e-05,2.549999999999994,,
330,0.0070000000000000001,301.2682915616291,301.26828220977023,9.3518588641927636e-06,2.5499999999996907,,
330,0.0080000000000000002,301.2887882585344,301.28878085624063,7.4022937610607187e-06,2.5499999999885037,,
330,0.0090000000000000011,301.31357299214301,301.31356791405898,5.0780840297193208e-06,2.5499999996605789,,
330,0.01,301.34327177353111,301.34326947922636,2.2943047497392399e-06,2.5499999920768075,,
330,0.010999999999999999,301.37861415248807,301.37861522572985,-1.0732417763392732e-06,2.5499998546734419,,
330,0.012,301.42044438721382,301.42044957446956,-5.187255737837404e-06,2.5499979166762632,,
330,0.013000000000000001,301.4697310005746,301.4697412256682,-1.0225093603821733e-05,2.5499767558394857,,
330,0.014,301.52757077476997,301.52758709341219,-1.6318642224177893e-05,2.5497987116431267,,
330,0.014999999999999999,301.59518184685697,301.59520530700888,-2.3460151908238913e-05,2.5486482226334108,,
330,0.016,301.67388049555814,301.67391190409091,-3.1408532777277287e-05,2.5429466709082864,,
330,0.017000000000000001,301.76503869126412,301.76507835038285,-3.9659118726831366e-05,2.5212333994560923,,
330,0.018000000000000002,301.87002501832484,301.87007254534933,-4.7527024491955672e-05,2.4571984546778007,,
330,0.019,301.9901388946314,301.99019324286655,-5.4348235153156566e-05,2.3086062486134464,,
330,0.02,302.12655394371478,302.12661367363103,-5.9729916245032655e-05,2.029938572023342,,
340,0,301.21741134804142,301.21739577025335,1.557778807637078e-05,2.5499999999999998,,
340,0.001,301.21854292156132,301.21852745264067,1.5468920651073859e-05,2.5499999999999998,,
340,0.002,301.22197039114343,301.22195526820303,1.5122940396850026e-05,2.5499999999999998,,
340,0.0030000000000000001,301.22779236952016,301.22777782817991,1.4541340249252244e-05,2.5499999999999998,,
340,0.0040000000000000001,301.23617434446794,301.23616062697039,1.3717497552079294e-05,2.5499999999999998,,
340,0.0050000000000000001,301.24735051662543,301.24733787660529,1.2640020145227027e-05,2.5499999999999998,,
340,0.0060000000000000001,301.26162661266272,301.26161532255099,1.1290111729067576e-05,2.5499999999999852,,
340,0.0070000000000000001,301.27938387681934,301.27937423965005,9.6371692848151724e-06,2.5499999999993679,,
340,0.0080000000000000002,301.30108440935629,301.30107677662448,7.632731808371318e-06,2.5499999999785699,,
340,0.0090000000000000011,301.32727787560304,301.32727267168752,5.2039155207239673e-06,2.5499999994191396,,
340,0.01,301.35860929033987,301.35860704100827,2.2493316009786213e-06,2.5499999874874439,,
340,0.010999999999999999,301.39582703895837,301.3958283961764,-1.3572180250776e-06,2.5499997870369731,,
340,0.012,301.43978953668199,301.4397952853538,-5.7486718105792534e-06,2.5499971502053556,,
340,0.013000000000000001,301.49146807998699,301.49147910783506,-1.1027848074718349e-05,2.549970130172067,,
340,0.014,301.55194281424923,301.55196002924095,-1.7214991714809003e-05,2.549755356521537,,
340,0.014999999999999999,301.62238878630751,301.62241298102805,-2.4194720538162073e-05,2.5484350463972154,,
340,0.016,301.7040502293637,301.70408191729257,-3.1687928867540904e-05,2.5421642698490756,,
340,0.017000000000000001,301.79820372270058,301.79824299607088,-3.9273370305181743e-05,2.5191011849399003,,
340,0.018000000000000002,301.90611428568189,301.90616075372458,-4.6468042683045496e-05,2.452898723283377,,
340,0.019,302.02899174586679,302.02904459627825,-5.2850411464078206e-05,2.3022186520912689,,
340,0.02,302.16795644493232,302.16801463943358,-5.8194501264097198e-05,2.023065014815594,,
350,0,301.22528734374441,301.22527142544192,1.5918302494810632e-05,2.5499999999999998,,
350,0.001,301.22649340127725,301.2264775912268,1.5810050456366298e-05,2.5499999999999998,,
350,0.002,301.23014505466307,301.23012958930093,1.5465362139366334e-05,2.5499999999999998,,
350,0.0030000000000000001,301.23634317795756,301.23632829334503,1.4884612539844966e-05,2.5499999999999998,,
350,0.0040000000000000001,301.24525723504541,301.24524317657119,1.4058474221201323e-05,2.5499999999999998,,
350,0.0050000000000000001,301.25712738782977,301.25711441740685,1.2970422915259405e-05,2.5499999999999994,,
350,0.0060000000000000001,301.27226758866317,301.27225599530738,1.1593355793593219e-05,2.5499999999999683,,
350,0.0070000000000000001,301.29106972338855,301.29105983811331,9.8852752330458316e-06,2.5499999999987546,,
350,0.0080000000000000002,301.31400875770709,301.31400097256358,7.7851435094089538e-06,2.5499999999612903,,
350,0.0090000000000000011,301.34164861684036,301.34164340583789,5.2110024739704386e-06,2.5499999990327633,,
350,0.01,301.37464817751072,301.37464611404664,2.0634640804928495e-06,2.5499999806968021,,
350,0.010999999999999999,301.41376629166894,301.41376805373346,-1.7620645280658209e-06,2.5499996939975071,,
350,0.012,301.45986427494012,301.45987062741159,-6.3524714732920984e-06,2.5499961642001616,,
350,0.013000000000000001,301.51390393803609,301.51391568308401,-1.1745047913791495e-05,2.5499621082400838,,
350,0.014,301.57693923530621,301.57695712890194,-1.7893595725126943e-05,2.5497056145158168,,
350,0.014999999999999999,301.65010016618442,301.65012481069016,-2.4644505742799083e-05,2.5482015811554808,,
350,0.016,301.73456879687609,301.73460053309992,-3.1736223832012911e-05,2.5413399755009149,,
350,0.017000000000000001,301.83154905087281,301.83158788161302,-3.8830740209050418e-05,2.5169224021289049,,
350,0.018000000000000002,301.94223384657141,301.94227942229168,-4.557572026442358e-05,2.4486008883597803,,
350,0.019,302.06777462663064,302.06782630918173,-5.1682551088561013e-05,2.2959190868871735,,
350,0.02,302.20925870185062,302.20931570986892,-5.7008018302440178e-05,2.0163175211314019,,
360,0,301.23367184344153,301.23365555598269,1.6287458834085555e-05,2.5499999999999998,,
360,0.001,301.23495415592117,301.23493797681942,1.6179101749003166e-05,2.5499999999999998,,
360,0.002,301.23883541563703,301.23881958263746,1.5832999565645878e-05,2.5499999999999998,,
360,0.0030000000000000001,301.2454190601045,301.24540381309026,1.5247014232500078e-05,2.5499999999999998,,
360,0.0040000000000000001,301.25487893456972,301.25486452736874,1.4407200978894252e-05,2.5499999999999998,,
360,0.0050000000000000001,301.2674614986779,301.26744820843101,1.3290246897668112e-05,2.5499999999999985,,
360,0.0060000000000000001,301.28348891938936,301.28347705881259,1.1860576762501296e-05,2.5499999999999332,,
360,0.0070000000000000001,301.30336297009819,301.30335290242272,1.0067675475511351e-05,2.5499999999976284,,
360,0.0080000000000000002,301.32756950557342,301.327561660475,7.8450984233313648e-06,2.5499999999320857,,
360,0.0090000000000000011,301.35668305674079,301.35667794368686,5.1130539304722333e-06,2.549999998429612,,
360,0.01,301.39137080147157,301.39136901499239,1.78647917437047e-06,2.5499999708582672,,
360,0.010999999999999999,301.43239486568012,301.43239707594813,-2.21026800772961e-06,2.5499995682254673,,
360,0.012,301.48061167954216,301.48061860237186,-6.9228296979417792e-06,2.5499949134604201,,
360,0.013000000000000001,301.53696707213328,301.53697941594874,-1.2343815456006269e-05,2.5499525011095989,,
360,0.014,301.60248605059212,301.60250444406734,-1.8393475215816579e-05,2.5496490032524188,,
360,0.014999999999999999,301.67825684727109,301.67828175898137,-2.491171028395911e-05,2.5479473162949597,,
360,0.016,301.76540980263087,301.76544147054602,-3.1667915152411297e-05,2.5404745395398072,,
360,0.017000000000000001,301.86509282333435,301.8651312142664,-3.839093204760502e-05,2.5146999507479859,,
360,0.018000000000000002,301.97844623271737,301.97849104774781,-4.4815030435074732e-05,2.444307219301308,,
360,0.019,302.10658047842225,302.1066312095611,-5.0731138856008329e-05,2.2897049679454402,,
360,0.02,302.25056025595018,302.25061613974117,-5.5883790992083959e-05,2.0096906061070827,,
370,0,301.24257746576524,301.24256078724727,1.6678517965829087e-05,2.5499999999999998,,
370,0.001,301.24393798714829,301.24392141869902,1.656844926856138e-05,2.5499999999999998,,
370,0.002,301.24805475871477,301.24803854393406,1.6214780714562949e-05,2.5499999999999998,,
370,0.0030000000000000001,301.25503387540982,301.2550182627291,1.5612680726917461e-05,2.5499999999999998,,
370,0.0040000000000000001,301.26505359531023,301.26503885202408,1.474328615813647e-05,2.5499999999999998,,
370,0.0050000000000000001,301.27836645458279,301.27835287737702,1.3577205777437484e-05,2.5499999999999972,,
370,0.0060000000000000001,301.29530210134487,301.29529002839593,1.2072948948116391e-05,2.5499999999998657,,
370,0.0070000000000000001,301.31627065388147,301.31626047750717,1.0176374303227931e-05,2.5499999999956202,,
370,0.0080000000000000002,301.34176623926663,301.34175841681002,7.8224566095741466e-06,2.5499999998840237,,
370,0.0090000000000000011,301.37237018256639,301.3723652419535,4.9406128823648032e-06,2.5499999975094561,,
370,0.01,301.40875311966556,301.40875165528956,1.4643759982391202e-06,2.5499999568783038,,
370,0.010999999999999999,301.45167514710971,301.45167780188848,-2.6547787683739443e-06,2.5499994009179812,,
370,0.012,301.50198306593279,301.50199049697449,-7.4310416948719649e-06,2.5499933473001475,,
370,0.013000000000000001,301.56060389446941,301.5606167226606,-1.2828191188418714e-05,2.5499411104095051,,
370,0.014,301.6285341855617,301.62855293367033,-1.8748108630006755e-05,2.5495850500065105,,
370,0.014999999999999999,301.70682539375002,301.7068504261714,-2.5032421376636194e-05,2.5476718103879405,,
370,0.016,301.79656692788939,301.79659841592576,-3.1488036370319605e-05,2.5395687764234536,,
370,0.017000000000000001,301.89887123715982,301.89890917059421,-3.7933434384740394e-05,2.5124365881187982,,
370,0.018000000000000002,302.01486903505372,302.01491334295144,-4.4307897724138456e-05,2.4400197362111671,,
370,0.019,302.14572362728745,302.14577449123806,-5.0863950605162245e-05,2.2835738122370044,,
370,0.02,302.29266408852573,302.29272215405075,-5.8065525024630915e-05,2.0031792856641908,,
380,0,301.25201756714387,301.25200049035431,1.7076789561087935e-05,2.5499999999999998,,
380,0.001,301.25345827190915,301.2534413097535,1.6962155655164679e-05,2.5499999999999998,,
380,0.002,301.25781644731876,301.25779985376664,1.6593552118138177e-05,2.5499999999999998,,
380,0.0030000000000000001,301.26520071616528,301.26518475261651,1.5963548776198877e-05,2.5499999999999998,,
380,0.0040000000000000001,301.27579341959671,301.27577837012313,1.5049473574890726e-05,2.5499999999999998,,
380,0.0050000000000000001,301.28985248429552,301.28983866627715,1.3818018373967789e-05,2.5499999999999932,,
380,0.0060000000000000001,301.30771381417935,301.30770158898969,1.2225189664150093e-05,2.5499999999997383,,
380,0.0070000000000000001,301.32979394377213,301.32978372614286,1.0217629267117445e-05,2.5499999999921399,,
380,0.0080000000000000002,301.3565925620893,301.35658482582136,7.736267946256703e-06,2.5499999998068623,,
380,0.0090000000000000011,301.38869438199225,301.38868965900656,4.722985693206283e-06,2.5499999961352739,,
380,0.01,301.42676971742992,301.42676858705261,1.1303773135296069e-06,2.5499999373680811,,
380,0.010999999999999999,301.47157308520667,301.47157615149752,-3.0662908443446213e-06,2.5499991816444729,,
380,0.012,301.52393923335211,301.52394709042909,-7.857076980144484e-06,2.5499914094680975,,
380,0.013000000000000001,301.58477630220966,301.5847894903556,-1.3188145942422125e-05,2.5499277294436897,,
380,0.014,301.65505644537302,301.65507540453905,-1.8959166027343599e-05,2.5495132942427157,,
380,0.014999999999999999,301.73580521538366,301.73583025194739,-2.5036563727098837e-05,2.5473746884153528,,
380,0.016,301.82809217475716,301.82812346982149,-3.1295064331970934e-05,2.5386235515858599,,
380,0.017000000000000001,301.93302592353382,301.93306360279882,-3.7679265005863272e-05,2.5101349328163933,,
380,0.018000000000000002,302.05175604207346,302.05180028242546,-4.4240351996904792e-05,2.4357402369791354,,
380,0.019,302.18548165209148,302.18553274884954,-5.1096758056701219e-05,2.2775232367245746,,
380,0.02,302.33546219358107,302.33552053840202,-5.83448209567905e-05,1.9967788070891357,,
390,0,301.26200512683306,301.26198766278026,1.746405280300678e-05,2.5499999999999998,,
390,0.001,301.26352784994964,301.26351050734763,1.734260200692006e-05,2.5499999999999998,,
390,0.002,301.26813283923786,301.26811588659086,1.6952647001744481e-05,2.5499999999999998,,
390,0.0030000000000000001,301.27593093485524,301.27591464973074,1.6285124502246617e-05,2.5499999999999998,,
390,0.0040000000000000001,301.28710796354778,301.28709264826949,1.5315278290017886e-05,2.5499999999999998,,
390,0.0050000000000000001,301.30192625908757,301.30191225069149,1.4008396078679652e-05,2.5499999999999861,,
390,0.0060000000000000001,301.32072651632438,301.32071419520406,1.2321120323122159e-05,2.5499999999995069,,
390,0.0070000000000000001,301.34392969108376,301.34391948689603,1.0204187731233105e-05,2.549999999986265,,
390,0.0080000000000000002,301.37203856038843,301.37203095319796,7.6071904686614289e-06,2.549999999685804,,
390,0.0090000000000000011,301.40563848023282,301.40563399464912,4.4855837018076272e-06,2.5499999941232772,,
390,0.01,301.44539685096248,301.44539604136492,8.0959756587617449e-07,2.5499999105910689,,
390,0.010999999999999999,301.49206086690612,301.49206429314,-3.4262338886037469e-06,2.5499988981985791,,
390,0.012,301.54645333460303,301.54646153029165,-8.1956886219813896e-06,2.5499890381286923,,
390,0.013000000000000001,301.60946672225862,301.60948016199916,-1.3439740541798528e-05,2.549912144345893,,
390,0.014,301.68205612331059,301.68207519900301,-1.9075692421210988e-05,2.5494332897978724,,
390,0.014999999999999999,301.76523234507135,301.76525736273248,-2.5017661130277702e-05,2.5470556386482834,,
390,0.016,301.86005661722828,301.86008782001392,-3.1202785635287e-05,2.5376397709885912,,
390,0.017000000000000001,301.96763815840046,301.96767576830661,-3.7609906144098204e-05,2.5077974690750215,,
390,0.018000000000000002,302.08913488883655,302.08917914530809,-4.4256471539938502e-05,2.4314703211973492,,
390,0.019,302.22575614148343,302.22580731124373,-5.116976029739817e-05,2.2715509564794618,,
390,0.02,302.37876492216867,302.37882328283644,-5.8360667765100516e-05,1.9904846774178371,,
400,0,301.27255177253227,301.27253394983978,1.7822692484514846e-05,2.5499999999999998,,
400,0.001,301.27415808817995,301.27414039544851,1.7692731432816799e-05,2.5499999999999998,,
400,0.002,301.27901447752748,301.27899720074345,1.727678403540267e-05,2.5499999999999998,,
400,0.0030000000000000001,301.28723357477804,301.28721700946897,1.6565309067573253e-05,2.5499999999999998,,
400,0.0040000000000000001,301.29900394579045,301.29898841244761,1.5533342832441122e-05,2.5499999999999994,,
400,0.0050000000000000001,301.31459122114882,301.31457707396009,1.4147188721835846e-05,2.5499999999999718,,
400,0.0060000000000000001,301.33433939652866,301.33432702975932,1.2366769340133033e-05,2.5499999999990952,,
400,0.0070000000000000001,301.35867202597177,301.35866187668347,1.0149288300453918e-05,2.5499999999765879,,
400,0.0080000000000000002,301.38809297234974,301.38808551789521,7.4544545327626111e-06,2.5499999994999003,,
400,0.0090000000000000011,301.42318635668198,301.42318210565992,4.2510220623626083e-06,2.5499999912311164,,
400,0.01,301.46461538621452,301.46461486249234,5.2372217851370806e-07,2.5499998744063159,,
400,0.010999999999999999,301.51311986331842,301.51312358445193,-3.7211335097708798e-06,2.5499985364553468,,
400,0.012,301.56951239218739,301.56952084587255,-8.4536851545635727e-06,2.5499861658918208,,
400,0.013000000000000001,301.63467358584188,301.63468721004426,-1.3624202381379291e-05,2.5498941352469418,,
400,0.014,301.70954686502273,301.70956603780428,-1.9172781549059437e-05,2.5493446067514793,,
400,0.014999999999999999,301.79513362368272,301.79515866640742,-2.5042724701052066e-05,2.5467144093906828,,
400,0.016,301.89248949290391,301.89252068541629,-3.1192512381039705e-05,2.536618371951413,,
400,0.017000000000000001,302.00272209573097,302.00275969614017,-3.7600409200422291e-05,2.5054265514973904,,
400,0.018000000000000002,302.12699009515956,302.12703435307969,-4.4257920137624751e-05,2.4272114110940168,,
400,0.019,302.26650268339631,302.26655383708453,-5.1153688218619209e-05,2.2656547791210477,,
400,0.02,302.42251822062087,302.42257648942115,-5.8268800273708621e-05,1.9842927224955733,,
410,0,301.28366712397303,301.28364898507903,1.813889400636981e-05,2.5499999999999998,,
410,0.001,301.28535827640695,301.28534027688039,1.7999526562562096e-05,2.5499999999999998,,
410,0.002,301.29046964412618,301.2904520887987,1.7555327474383375e-05,2.5499999999999998,,
410,0.0030000000000000001,301.29911518890714,301.29909839155039,1.6797356749975734e-05,2.5499999999999998,,
410,0.0040000000000000001,301.31148543383352,301.31146973172582,1.5702107702963986e-05,2.5499999999999989,,
410,0.0050000000000000001,301.3278482205456,301.32783398166418,1.4238881419714744e-05,2.5499999999999448,,
410,0.0060000000000000001,301.34854950619831,301.34853713343216,1.2372766150292591e-05,2.5499999999983847,,
410,0.0070000000000000001,301.37401396644964,301.37400389783392,1.0068615722502727e-05,2.5499999999610092,,
410,0.0080000000000000002,301.40474514089919,301.40473784496811,7.29593108417248e-06,2.5499999992200628,,
410,0.0090000000000000011,301.44132486992243,301.44132083584861,4.0340738109989616e-06,2.5499999871444179,,
410,0.01,301.48441183615824,301.48441155935211,2.7680613357006223e-07,2.5499998262095098,,
410,0.010999999999999999,301.53473914373728,301.53474310887719,-3.9651399106332974e-06,2.5499980802432489,,
410,0.012,301.59311103191601,301.59311969655215,-8.6646361410203099e-06,2.5499827199093272,,
410,0.013000000000000001,301.66039899447748,301.66041277680097,-1.3782323492250725e-05,2.5498734774571203,,
410,0.014,301.73753771020836,301.73755698377494,-1.9273566579158796e-05,2.5492468329404718,,
410,0.014999999999999999,301.82552122446305,301.82554632050295,-2.5096039905747602e-05,2.5463508054465258,,
410,0.016,301.9253997151697,301.92543093018332,-3.1215013621022081e-05,2.5355603150371682,,
410,0.017000000000000001,302.0382769291474,302.03831453295857,-3.7603811165354273e-05,2.5030244103727104,,
410,0.018000000000000002,302.16530804513445,302.16535228375392,-4.4238619466341333e-05,2.4229647704671424,,
410,0.019,302.3076974171928,302.30774850658753,-5.1089394730752247e-05,2.2598325993922797,,
410,0.02,302.46669549836656,302.46675362276528,-5.8124398719883175e-05,1.9781990357010935,,
420,0,301.29535848799225,301.29534008397627,1.8404015975193033e-05,2.5499999999999998,,
420,0.001,301.29713537315843,301.29711711801201,1.825514641495829e-05,2.5499999999999998,,
420,0.002,301.30250425559655,301.30248647282696,1.7782769589302916e-05,2.5499999999999998,,
420,0.0030000000000000001,301.31157997623387,301.3115629968359,1.6979397969407728e-05,2.5499999999999998,,
420,0.0040000000000000001,301.32455429256396,301.32453846836046,1.5824203501324519e-05,2.5499999999999976,,
420,0.0050000000000000001,301.34169630908133,301.34168201835809,1.4290723242993408e-05,2.5499999999998963,,
420,0.0060000000000000001,301.36335285973678,301.36334050975017,1.2349986604931473e-05,2.5499999999971865,,
420,0.0070000000000000001,301.38994865960473,301.38993868534573,9.9742590009554988e-06,2.5499999999364618,,
420,0.0080000000000000002,301.42198603265257,301.42197889153448,7.1411180897484883e-06,2.5499999988066144,,
420,0.0090000000000000011,301.46004404888532,301.46004021161468,3.8372706399059098e-06,2.549999981461426,,
420,0.01,301.50477696713324,301.50477690579925,6.1333992107392987e-08,2.5499997628712516,,
420,0.010999999999999999,301.55691197380736,301.55691614897125,-4.1751638946152525e-06,2.5499975112266258,,
420,0.012,301.6172463169267,301.61725516593162,-8.8490049279243976e-06,2.549978622014661,,
420,0.013000000000000001,301.68664403239512,301.68665796095411,-1.3928558985298878e-05,2.5498499426231769,,
420,0.014,301.76603251448353,301.76605189271834,-1.9378234810574213e-05,2.5491395751934305,,
420,0.014999999999999999,301.85639916797714,301.85642433061594,-2.5162638792153302e-05,2.5459646846000044,,
420,0.016,301.95878828510996,301.95881953398037,-3.1248870413946861e-05,2.5344665770080081,,
420,0.017000000000000001,302.07429813170876,302.07433573759727,-3.7605888508096541e-05,2.5005931570034026,,
420,0.018000000000000002,302.20407804626751,302.20412224722082,-4.4200953311701596e-05,2.4187315211956144,,
420,0.019,302.34932521176495,302.34937620651675,-5.0994751802591054e-05,2.254082395388386,,
420,0.02,302.51128026896566,302.51133866076952,-5.8391803861468361e-05,1.972199951680059,,
430,0,301.30763087401277,301.30761225790502,1.8616107752222888e-05,2.5499999999999998,,
430,0.001,301.30949406340858,301.30947560630312,1.8457105454672273e-05,2.5499999999999998,,
430,0.002,301.31512204188317,301.31510408340165,1.7958481521418435e-05,2.5499999999999998,,
430,0.0030000000000000001,301.32463014150443,301.32461302796406,1.7113540366153757e-05,2.5499999999999998,,
430,0.0040000000000000001,301.33821074800562,301.33819484328268,1.5904722943105298e-05,2.5499999999999949,,
430,0.0050000000000000001,301.35613346969285,301.35611915950426,1.4310188589661266e-05,2.5499999999998102,,
430,0.0060000000000000001,301.37874520207691,301.37873289534645,1.2306730468480964e-05,2.5499999999952117,,
430,0.0070000000000000001,301.40646995324931,301.40646008024214,9.8730071727004542e-06,2.5499999998985512,,
430,0.0080000000000000002,301.43980829385686,301.43980130108486,6.9927720005580341e-06,2.5499999982063262,,
430,0.0090000000000000011,301.4793363225848,301.47933266496915,3.6576156503542734e-06,2.5499999736758276,,
430,0.01,301.52570408872316,301.52570422001907,-1.3129590570315486e-07,2.549999680673829,,
430,0.010999999999999999,301.57963347967285,301.57963784257691,-4.3629040646919748e-06,2.5499968088029612,,
430,0.012,301.6419156484763,301.64192466614918,-9.0176728804181039e-06,2.5499737889098508,,
430,0.013000000000000001,301.71340809858316,301.71342216988177,-1.4071298608087091e-05,2.5498232998571861,,
430,0.014,301.79503147926158,301.79505098085917,-1.9501597591897735e-05,2.5490224602856877,,
430,0.014999999999999999,301.88776561182084,301.88779090950231,-2.5297681474967249e-05,2.5455559540675634,,
430,0.016,301.9926419892322,301.99267344326677,-3.1454034569833311e-05,2.5333381446863528,,
430,0.017000000000000001,302.11072352297731,302.11076135575433,-3.7832777024959796e-05,2.4981347891442001,,
430,0.018000000000000002,302.24305160698185,302.24309534793611,-4.3740954254190001e-05,2.4145126578961897,,
430,0.019,302.39053798227746,302.39058566026114,-4.7677983673111157e-05,2.2484022251875939,,
430,0.02,302.55380984990677,302.55385794883074,-4.8098923969064344e-05,1.9662921045718238,,
440,0,301.32048724849818,301.32046847452801,1.8773970168695087e-05,2.5499999999999998,,
440,0.001,301.32243703937519,301.32241843233805,1.8607037134188431e-05,2.5499999999999998,,
440,0.002,301.32832489800887,301.32830681272333,1.8085285546476371e-05,2.5499999999999998,,
440,0.0030000000000000001,301.33826633771054,301.33824913362452,1.7204086020683462e-05,2.5499999999999998,,
440,0.0040000000000000001,301.35245389954986,301.35243795033585,1.5949214002830558e-05,2.5499999999999887,,
440,0.0050000000000000001,301.37115712388783,301.37114282065437,1.4303233456303133e-05,2.5499999999996623,,
440,0.0060000000000000001,301.39472238232571,301.39471013429289,1.2248032817296917e-05,2.5499999999920249,,
440,0.0070000000000000001,301.42357247387582,301.4235627064071,9.7674687253856973e-06,2.5499999998410927,,
440,0.0080000000000000002,301.45820589036526,301.45819904056827,6.8497969891723187e-06,2.5499999973488898,,
440,0.0090000000000000011,301.49919567609686,301.49919218667844,3.4894184182121535e-06,2.5499999631577754,,
440,0.01,301.54718783322249,301.54718814581906,-3.125965690742305e-07,2.5499995752472264,,
440,0.010999999999999999,301.60289922583326,301.60290377562228,-4.5497890255319362e-06,2.549995950015965,,
440,0.012,301.66711482933039,301.66712404331986,-9.2139894718457072e-06,2.549968132393523,,
440,0.013000000000000001,301.7406837759932,301.74069807584084,-1.4299847634902108e-05,2.5497933168233202,,
440,0.014,301.82451267370044,301.82453247215517,-1.9798454729880177e-05,2.5488951356421339,,
440,0.014999999999999999,301.919552899444,301.91957855195761,-2.5652513613749761e-05,2.5451245669838531,,
440,0.016,302.02677638077893,302.0268080312801,-3.1650501171043288e-05,2.5321760096380728,,
440,0.017000000000000001,302.14713349840412,302.14717080323271,-3.7304828595097206e-05,2.4956511964384607,,
440,0.018000000000000002,302.28149013128149,302.28153198893625,-4.1857654764498875e-05,2.410309060936874,,
440,0.019,302.43055049547394,302.43059499488572,-4.4499411785636767e-05,2.2427902241840698,,
440,0.02,302.59478530222827,302.59483002640332,-4.4724175040755654e-05,1.9604722539846982,,
450,0,301.33392890961778,301.33391002652718,1.8883090604049357e-05,2.5499999999999998,,
450,0.001,301.33596538375429,301.3359466743741,1.8709380185555347e-05,2.5499999999999998,,
450,0.002,301.34211328599895,301.34209511804045,1.8167958501180692e-05,2.5499999999999998,,
450,0.0030000000000000001,301.35248807704045,301.35247082091223,1.7256128217013611e-05,2.5499999999999998,,
450,0.0040000000000000001,301.3672821019851,301.36726613929727,1.5962687825776811e-05,2.5499999999999785,,
450,0.0050000000000000001,301.38676441783815,301.3867501438524,1.4273985755153262e-05,2.5499999999994141,,
450,0.0060000000000000001,301.41128045708103,301.41126828114449,1.2175936547009769e-05,2.5499999999869845,,
450,0.0070000000000000001,301.44125145495786,301.44124179904469,9.6559131748108484e-06,2.5499999997555305,,
450,0.0080000000000000002,301.47717355702713,301.47716685287457,6.704152553993481e-06,2.5499999961427662,,
450,0.0090000000000000011,301.51961650368293,301.51961318950754,3.3141753874588176e-06,2.5499999491331806,,
450,0.01,301.56922172150979,301.56922223954012,-5.1803033329633763e-07,2.549999441505109,,
450,0.010999999999999999,301.62669947435751,301.62670426941287,-4.7950553607734037e-06,2.5499949094849486,,
450,0.012,301.69282435681725,301.69283387220327,-9.5153860115715361e-06,2.5499615596234717,,
450,0.013000000000000001,301.7684277934282,301.76844245264192,-1.4659213718459796e-05,2.5497597607723086,,
450,0.014,301.85438541626087,301.85440557105824,-2.0154797368832078e-05,2.5487572698168521,,
450,0.014999999999999999,301.9515965821264,301.95162240976373,-2.5827637330166908e-05,2.5446705189698391,,
450,0.016,302.0609535337328,302.06098488786984,-3.1354137036032625e-05,2.5309811635923216,,
450,0.017000000000000001,302.183299569513,302.18333583064748,-3.6261134482629132e-05,2.4931441657619087,,
450,0.018000000000000002,302.31937934544214,302.31941935186234,-4.000642019263978e-05,2.406121508007717,,
450,0.019,302.4697892185701,302.46983134442399,-4.2125853894958709e-05,2.2372446027849016,,
450,0.02,302.63493916971169,302.63498157457565,-4.2404863961564843e-05,1.9547373086537483,,
460,0,301.34795587602144,301.34793692720706,1.8948814386021695e-05,2.5499999999999998,,
460,0.001,301.35007895410843,301.35006018467135,1.8769437076571194e-05,2.5499999999999998,,
460,0.002,301.35648660176031,301.35646839016647,1.8211593840078422e-05,2.5499999999999998,,
460,0.0030000000000000001,301.36729405495754,301.36727678078341,1.7274174126669095e-05,2.5499999999999989,,
460,0.0040000000000000001,301.38269320303976,301.38267725469638,1.5948343389027286e-05,2.5499999999999603,,
460,0.0050000000000000001,301.40295230318776,301.40293808005953,1.4223128232515592e-05,2.5499999999990042,,
460,0.0060000000000000001,301.42841549586171,301.42840340911869,1.2086743026884506e-05,2.5499999999791623,,
460,0.0070000000000000001,301.45950203823008,301.45949251063922,9.5275908620351402e-06,2.5499999996302112,,
460,0.0080000000000000002,301.49670512394221,301.4966985891063,6.5348359044037352e-06,2.5499999944703857,,
460,0.0090000000000000011,301.54059007066758,301.54058697182541,3.0988421713118441e-06,2.549999930661389,,
460,0.01,301.59179149842015,301.59179228567814,-7.8725798857703921e-07,2.5499992735816721,,
460,0.010999999999999999,301.65100886596917,301.65101398826795,-5.1222987735854986e-06,2.5499936593516015,,
460,0.012,301.71899938651904,301.71900927129479,-9.8847757499243016e-06,2.5499539734099117,,
460,0.013000000000000001,301.79656698693299,301.79658199841083,-1.5011477842108434e-05,2.549722399517778,,
460,0.014,301.88454579165898,301.88456616149591,-2.0369836931877217e-05,2.5486085527690552,,
460,0.014999999999999999,301.98377687950682,301.98380261353958,-2.5734032760738046e-05,2.5441938447957506,,
460,0.016,302.09507804756805,302.0951088282136,-3.0780645545291918e-05,2.5297545945111692,,
460,0.017000000000000001,302.21920810024534,302.21924321985074,-3.5119605399813736e-05,2.4906153864605027,,
460,0.018000000000000002,302.35682946740337,302.35686783153767,-3.836413429780805e-05,2.4019506844909313,,
460,0.019,302.50847501390064,302.50851523797405,-4.0224073416084138e-05,2.2317636417771398,,
460,0.02,302.67452577506918,302.67456637670392,-4.0601634736958658e-05,1.9490843703053935,,
470,0,301.36256721691444,301.36254824072853,1.8976185913288646e-05,2.5499999999999998,,
470,0.001,301.36477669917792,301.36475790718214,1.8791995785250037e-05,2.5499999999999998,,
470,0.002,301.37144344517918,301.37142522505559,1.8220123592982418e-05,2.5499999999999998,,
470,0.0030000000000000001,301.38268232519016,301.38266506472922,1.726046093608602e-05,2.5499999999999976,,
470,0.0040000000000000001,301.39868454077936,301.39866863527726,1.5905502095847623e-05,2.5499999999999292,,
470,0.0050000000000000001,301.41971721419878,301.41970306876021,1.4145438569812541e-05,2.5499999999983411,,
470,0.0060000000000000001,301.44612270398062,301.44611073500528,1.1968975343279453e-05,2.5499999999672349,,
470,0.0070000000000000001,301.47831751876566,301.47830815463544,9.3641302214564348e-06,2.5499999994495046,,
470,0.0080000000000000002,301.51679061710797,301.5167842976532,6.3194547692546621e-06,2.549999992182642,,
470,0.0090000000000000011,301.56210075796781,301.56209793139124,2.8265765763535455e-06,2.5499999066113506,,
470,0.01,301.61487239723118,301.61487351176532,-1.1145341431983979e-06,2.5499990647700255,,
470,0.010999999999999999,301.67578942577984,301.67579491187888,-5.486099041718262e-06,2.549992169243998,,
470,0.012,301.74558586632833,301.74559610465673,-1.0238328400191676e-05,2.5499452725331713,,
470,0.013000000000000001,301.82503258552634,301.8250478577462,-1.5272219854978175e-05,2.5496810023488821,,
470,0.014,301.91491926309419,301.91493968745664,-2.0424362446647137e-05,2.5484486959625725,,
470,0.014999999999999999,302.0160314101513,302.01605687161816,-2.5461466861997906e-05,2.5436946151692545,,
470,0.016,302.12912318484251,302.12915327753689,-3.0092694373706763e-05,2.5284972832373138,,
470,0.017000000000000001,302.25488800561709,302.25492200993642,-3.4004319331870647e-05,2.4880664554275884,,
470,0.018000000000000002,302.3939302214423,302.39396713487236,-3.6913430051299656e-05,2.3977971927376056,,
470,0.019,302.54674194158912,302.54678057043242,-3.862884329919325e-05,2.2263456880423198,,
470,0.02,302.71368914341241,302.71372825304371,-3.9109631302380876e-05,1.9435107031431917,,
480,0,301.37776124754578,301.37774227954674,1.8967999039887218e-05,2.5499999999999998,,
480,0.001,301.38005682623253,301.38003804687236,1.8779360175358306e-05,2.5499999999999998,,
480,0.002,301.3869816957735,301.38696350143647,1.8194337030763563e-05,2.5499999999999998,,
480,0.0030000000000000001,301.39865019924338,301.39863298608839,1.7213154990258772e-05,2.5499999999999954,,
480,0.0040000000000000001,301.4152525545349,301.41523672585919,1.5828675714146812e-05,2.5499999999998759,,
480,0.0050000000000000001,301.43705426519074,301.4370402338709,1.403131983579442e-05,2.5499999999972891,,
480,0.0060000000000000001,301.46439514011666,301.46438333012628,1.1809990382971591e-05,2.5499999999493506,,
480,0.0070000000000000001,301.49768774300264,301.49767858946973,9.1535329147518496e-06,2.5499999991927256,,
480,0.0080000000000000002,301.53741499618457,301.53740894281185,6.0533727150868799e-06,2.5499999890926692,,
480,0.0090000000000000011,301.5841265479803,301.58412403988012,2.5081001808757719e-06,2.5499998756364874,,
480,0.01,301.63843338816923,301.63843485747071,-1.4693014804834093e-06,2.5499988074629298,,
480,0.010999999999999999,301.70100009523219,301.70100593669525,-5.8414630643710552e-06,2.5499904062579613,,
480,0.012,301.7725340739633,301.77254460887048,-1.0534907175951957e-05,2.5499353520807846,,
480,0.013000000000000001,301.85377125980233,301.85378668907146,-1.542926912634357e-05,2.5496353408751817,,
480,0.014,301.94545808858044,301.94547844019843,-2.035161799085472e-05,2.5482774323097459,,
480,0.014999999999999999,302.04833008417438,302.04835516472792,-2.5080553541556583e-05,2.5431729336629183,,
480,0.016,302.16308816141418,302.16311752502673,-2.9363612554789142e-05,2.527210200654781,,
480,0.017000000000000001,302.29037455110722,302.29040749937013,-3.2948262912668724e-05,2.485498882002477,,
480,0.018000000000000002,302.4307509257232,302.43078654788565,-3.5622162442905392e-05,2.3936615603336251,,
480,0.019,302.58468160781973,302.58471886202216,-3.7254202425174299e-05,2.2209891514021285,,
480,0.02,302.75252461656828,302.75256233162207,-3.7715053792908293e-05,1.9380137192847038,,
490,0,301.39353549185137,301.39351657067698,1.8921174387287465e-05,2.5499999999999998,,
490,0.001,301.39591672491707,301.39589799536765,1.8729549424278957e-05,2.5499999999999998,,
490,0.002,301.40309832054612,301.40308018977606,1.8130770058633061e-05,2.5499999999999998,,
490,0.0030000000000000001,301.41519386837729,301.41517674172059,1.7126656700838794e-05,2.5499999999999918,,
490,0.0040000000000000001,301.4323921839229,301.43237647368056,1.571024233726348e-05,2.5499999999997889,,
490,0.0050000000000000001,301.45495647692513,301.45494260447003,1.3872455099317449e-05,2.54999999999565,,
490,0.0060000000000000001,301.48322298942253,301.48321138582497,1.1603597556586465e-05,2.5499999999229543,,
490,0.0070000000000000001,301.51759889113447,301.51758999541948,8.8957149841917271e-06,2.5499999988328668,,
490,0.0080000000000000002,301.55855913320244,301.55855338682011,5.7463823281977966e-06,2.5499999849688737,,
490,0.0090000000000000011,301.60664187671671,301.60663971243349,2.1642832166435255e-06,2.5499998361484075,,
490,0.01,301.6624420469887,301.66244387037898,-1.8233902778774791e-06,2.5499984930964881,,
490,0.010999999999999999,301.72660254881976,301.72660871112998,-6.1623102283192566e-06,2.5499883349554122,,
490,0.012,301.79980275105027,301.79981351346675,-1.0762416479792591e-05,2.5499241037994151,,
490,0.013000000000000001,301.88274405761513,301.88275954833023,-1.5490715099986119e-05,2.5495851898029604,,
490,0.014,301.97613283370873,301.97615299971096,-2.0166002229871083e-05,2.5480945159809401,,
490,0.014999999999999999,302.0806621181103,302.08068667351142,-2.4555401125780918e-05,2.5426289337876211,,
490,0.016,302.19699709619164,302.19702549588862,-2.8399696986980416e-05,2.5258943052982921,,
490,0.017000000000000001,302.32577848021327,302.32581012731941,-3.1647106141008408e-05,2.4829140926805264,,
490,0.018000000000000002,302.46767283076474,302.4677078659517,-3.5035186954246456e-05,2.3895442474710245,,
490,0.019,302.62350223359311,302.6235426748691,-4.0441275984903768e-05,2.2156925018936624,,
490,0.02,302.7944432126904,302.79449314222438,-4.9929533986414754e-05,1.9325911663771531,,
500,0,301.4098864099368,301.40986757553941,1.8834397394584812e-05,2.5499999999999998,,
500,0.001,301.4123526689234,301.41233403119287,1.8637730534010188e-05,2.5499999999999998,,
500,0.002,301.4197890091599,301.41977098517322,1.8023986683601834e-05,2.5499999999999998,,
500,0.0030000000000000001,301.43230796722776,301.43229097203118,1.699519657449855e-05,2.5499999999999852,,
500,0.0040000000000000001,301.45009642159516,301.45008087654054,1.5545054623089527e-05,2.5499999999996477,,
500,0.0050000000000000001,301.47341447373606,301.47340080772716,1.3666008896962012e-05,2.5499999999931369,,
500,0.0060000000000000001,301.50259366169911,301.50258231033428,1.135136483298993e-05,2.5499999998845704,,
500,0.0070000000000000001,301.53803428621535,301.53802568781799,8.5983973576730932e-06,2.5499999983350952,,
500,0.0080000000000000002,301.58020156337824,301.58019615054667,5.4128315696289064e-06,2.5499999795272261,,
500,0.0090000000000000011,301.62962027202826,301.62961845717564,1.8148526237382612e-06,2.5499997862897361,,
500,0.01,301.68686756281369,301.68686971626641,-2.153452726361138e-06,2.5499981120975073,,
500,0.010999999999999999,301.75256369502358,301.7525701146256,-6.4196020161944034e-06,2.5499859173792343,,
500,0.012,301.82736078844772,301.8273716602892,-1.0871841482185118e-05,2.5499114164565762,,
500,0.013000000000000001,301.91193046708298,301.91194582055942,-1.5353476442214742e-05,2.5495303276408903,,
500,0.014,302.00695290918759,302.00697258613582,-1.9676948227242974e-05,2.5478997220986206,,
500,0.014999999999999999,302.11311257387638,302.11313626953307,-2.3695656693689671e-05,2.5420627762219574,,
500,0.016,302.23110917040782,302.2311366359371,-2.7465529285564116e-05,2.5245505413617311,,
500,0.017000000000000001,302.36169387466856,302.36172530447175,-3.1429803186711069e-05,2.4803134356193786,,
500,0.018000000000000002,302.50573625057626,302.50577269785481,-3.6447278546347661e-05,2.3854456535352431,,
500,0.019,302.66431417336815,302.6643576818031,-4.3508434941941232e-05,2.2104542687958695,,
500,0.02,302.83880121376365,302.838854443554,-5.3229790353270801e-05,1.9272407276687791,,
510,0,301.42680903553111,301.42679033562865,1.8699902454955009e-05,2.5499999999999998,,
510,0.001,301.42935945480428,301.42934095688366,1.8497920621030062e-05,2.5499999999999998,,
510,0.002,301.43704782839558,301.43702995981016,1.7868585416636051e-05,2.5499999999999994,,
510,0.0030000000000000001,301.44998529074519,301.44996847613311,1.6814612081361702e-05,2.5499999999999732,,
510,0.0040000000000000001,301.46835618510937,301.46834085388861,1.5331220765801845e-05,2.5499999999994234,,
510,0.0050000000000000001,301.49241664484941,301.49240323118892,1.3413660497008095e-05,2.5499999999893452,,
510,0.0060000000000000001,301.5224923901435,301.52248133021953,1.105992396333022e-05,2.5499999998295357,,
510,0.0070000000000000001,301.558975541633,301.55896726707863,8.2745543750206707e-06,2.5499999976550018,,
510,0.0080000000000000002,301.60232022469813,301.60231515085405,5.0738440791064932e-06,2.5499999724227957,,
510,0.0090000000000000011,301.65303676881695,301.65303527630641,1.4925105347174394e-06,2.5499997239062329,,
510,0.01,301.71168445160271,301.71168686026891,-2.408666205155896e-06,2.5499976538349372,,
510,0.010999999999999999,301.77886308948968,301.77886962618828,-6.536698606396385e-06,2.5499831130836825,,
510,0.012,301.85520445123097,301.85521521950898,-1.0768278002615261e-05,2.5498971762080926,,
510,0.013000000000000001,301.9413655352821,301.94138050646905,-1.4971186942602799e-05,2.5494705373368407,,
510,0.014,302.03802708337366,302.03804613977564,-1.9056401981742965e-05,2.5476928463353659,,
510,0.014999999999999999,302.1459017915729,302.14592484990925,-2.3058336353187769e-05,2.5414746461986426,,
510,0.016,302.26575657145924,302.26578378318339,-2.7211724159315054e-05,2.5231798370524818,,
510,0.017000000000000001,302.39845081928684,302.39848278748485,-3.1968198015874805e-05,2.4776981849357207,,
510,0.018000000000000002,302.54498754936401,302.5450254592713,-3.7909907291577838e-05,2.3813661230341912,,
510,0.019,302.70656764041308,302.70661319680283,-4.5556389750345261e-05,2.2052730406027434,,
510,0.02,302.88463221100551,302.88468737033458,-5.5159329065190832e-05,1.9219601122990133,,
520,0,301.44429669417116,301.44427818109966,1.8513071495362965e-05,2.5499999999999998,,
520,0.001,301.44693014206604,301.44691183618147,1.8305884566416353e-05,2.5499999999999998,,
520,0.002,301.45486703397563,301.45484937243583,1.7661539800428727e-05,2.5499999999999985,,
520,0.0030000000000000001,301.46821674320341,301.46820015913096,1.6584072454861598e-05,2.5499999999999541,,
520,0.0040000000000000001,301.48716048812565,301.48714541679749,1.5071328164140141e-05,2.5499999999990717,,
520,0.0050000000000000001,301.51194964330233,301.51193652035221,1.3122950122124166e-05,2.5499999999837106,,
520,0.0060000000000000001,301.54290319879954,301.54289245505208,1.0743747452579555e-05,2.5499999997516722,,
520,0.0070000000000000001,301.58040424039086,301.5803962922094,7.9481814623250102e-06,2.5499999967365876,,
520,0.0080000000000000002,301.62489536432503,301.62489059849219,4.7658328412580886e-06,2.5499999632405674,,
520,0.0090000000000000011,301.67687307776225,301.67687183092755,1.2468346994864987e-06,2.5499996465184789,,
520,0.01,301.73688151525977,301.73688405050075,-2.5352409807055665e-06,2.5499971065759661,,
520,0.010999999999999999,301.80550626045499,301.80551274787456,-6.4874195686570602e-06,2.5499798791797263,,
520,0.012,301.88336968788707,301.88338020156453,-1.0513677466406079e-05,2.5498812669676854,,
520,0.013000000000000001,301.97112991402156,301.97114446099812,-1.4546976558449387e-05,2.5494056068463666,,
520,0.014,302.06948589913333,302.0695044926656,-1.859353227473548e-05,2.5474737044296081,,
520,0.014999999999999999,302.17919107111777,302.17921384660241,-2.2775484637804766e-05,2.5408647510464291,,
520,0.016,302.30107665284362,302.30110400174146,-2.7348897845058673e-05,2.5217831032513498,,
520,0.017000000000000001,302.43608352595356,302.43611620156241,-3.2675608849785931e-05,2.4750695447977344,,
520,0.018000000000000002,302.58529834075892,302.5853374826799,-3.9141920979091083e-05,2.3773059510042525,,
520,0.019,302.74998666455326,302.75003370465805,-4.704010478917553e-05,2.2001474592409238,,
520,0.02,302.93161454531833,302.93167101606667,-5.6470748347692279e-05,1.9167471941716168,,
530,0,301.46234090487042,301.46232263236362,1.8272506792982313e-05,2.5499999999999998,,
530,0.001,301.46505598736508,301.46503792655511,1.8060809964026703e-05,2.5499999999999998,,
530,0.002,301.47323710705876,301.47321970321002,1.7403848744379502e-05,2.5499999999999972,,
530,0.0030000000000000001,301.48699156246499,301.48697525467895,1.630778604067018e-05,2.5499999999999226,,
530,0.0040000000000000001,301.50649697057298,301.50648219611639,1.4774456587929308e-05,2.5499999999985308,,
530,0.0050000000000000001,301.5319994009937,301.53198659127844,1.2809715258299548e-05,2.5499999999754563,,
530,0.0060000000000000001,301.56381067700903,301.56380024994309,1.042706594489573e-05,2.5499999996428921,,
530,0.0070000000000000001,301.60230483259511,301.60229718083667,7.6517584375324077e-06,2.5499999955099644,,
530,0.0080000000000000002,301.64791381742305,301.64790929298192,4.5244411239764304e-06,2.5499999514855434,,
530,0.0090000000000000011,301.70112273776834,301.70112163520969,1.1025586559298972e-06,2.5499995512933578,,
530,0.01,301.7624652179897,301.76246776108604,-2.5430963432881981e-06,2.5499964574470724,,
530,0.010999999999999999,301.83251984265723,301.83252618202772,-6.3393704863301537e-06,2.5499761703940984,,
530,0.012,301.91190901745546,301.91191924805281,-1.0230597354166093e-05,2.5498635707749782,,
530,0.013000000000000001,302.00130182579477,302.00131603113499,-1.4205340221451479e-05,2.5493353296351349,,
530,0.014,302.10142236618174,302.10144068959909,-1.832341735052978e-05,2.5472421316353548,,
530,0.014999999999999999,302.21306445010015,302.21308718243233,-2.2732332183750259e-05,2.540233317887874,,
530,0.016,302.33711234334561,302.33714000463357,-2.7661287958835601e-05,2.5203612324383515,,
530,0.017000000000000001,302.47456557308914,302.47459895882008,-3.3385730944246461e-05,2.4724286533101689,,
530,0.018000000000000002,302.6265640795591,302.62660424414753,-4.016458842670545e-05,2.3732653879171122,,
530,0.019,302.79440873069512,302.79445689562925,-4.8164934128180903e-05,2.1950762149566465,,
530,0.02,302.97957200987594,302.97962942298909,-5.7413113154325401e-05,1.9115999607945924,,
540,0,301.48093154181032,301.48091355965522,1.7982155100071395e-05,2.5499999999999998,,
540,0.001,301.48372665278708,301.48370888533248,1.7767454608019762e-05,2.5499999999999998,,
540,0.002,301.49214710943681,301.49213000673177,1.7102705044180766e-05,2.5499999999999945,,
540,0.0030000000000000001,301.50629794248908,301.50628194551956,1.5996969523257576e-05,2.5499999999998728,,
540,0.0040000000000000001,301.52635293314006,301.52633847604096,1.445709909830839e-05,2.5499999999977097,,
540,0.0050000000000000001,301.55255271836774,301.55254022247527,1.2495892462993652e-05,2.5499999999635254,,
540,0.0060000000000000001,301.58520216736986,301.58519203231685,1.0135053003068606e-05,2.5499999994927278,,
540,0.0070000000000000001,301.62466713834488,301.62465973067594,7.4076689315916155e-06,2.5499999938887572,,
540,0.0080000000000000002,301.67137085369171,301.67136649464067,4.3590510472313326e-06,2.5499999365721737,,
540,0.0090000000000000011,301.72579032254578,301.72578927820064,1.0443451401442871e-06,2.5499994350155752,,
540,0.01,301.78845347316633,301.78845595177137,-2.4786050403236004e-06,2.549995692400373,,
540,0.010999999999999999,301.85993788832099,301.85994405020625,-6.1618852669198532e-06,2.5499719391410061,,
540,0.012,301.94087218655744,301.94088217120981,-9.9846523653468466e-06,2.5498439681590019,,
540,0.013000000000000001,302.03194105971943,302.03195503114654,-1.3971427108572243e-05,2.5492595051177274,,
540,0.014,302.1338946639068,302.13391286974445,-1.8205837648110901e-05,2.5469979821182398,,
540,0.014999999999999999,302.24756241401997,302.2475852470202,-2.2833000230093603e-05,2.5395805914886385,,
540,0.016,302.37387028887031,302.37389833390262,-2.8045032308909867e-05,2.5189150978506207,,
540,0.017000000000000001,302.51385967230192,302.51389372055371,-3.4048251791318762e-05,2.4697765862011649,,
540,0.018000000000000002,302.66870480176289,302.66874581837197,-4.1016609088728728e-05,2.3692446440328365,,
540,0.019,302.83972537948057,302.83977442206304,-4.904258247506732e-05,2.1900580438378987,,
540,0.02,303.02839047832379,303.02844919285286,-5.8714529075132305e-05,1.9065164995432062,,
550,0,301.50005734952128,301.50003969548578,1.765403550280098e-05,2.5499999999999998,,
550,0.001,301.50293077598326,301.502913338111,1.7437872259051801e-05,2.5499999999999998,,
550,0.002,301.51158541547932,301.51156864324582,1.6772233493611566e-05,2.5499999999999905,,
550,0.0030000000000000001,301.52612401677089,301.52610834822929,1.566854160728326e-05,2.5499999999997951,,
550,0.0040000000000000001,301.54671660629737,301.5467024678133,1.4138484061732015e-05,2.5499999999964822,,
550,0.0050000000000000001,301.57359872138187,301.57358652066881,1.2200713058518886e-05,2.5499999999465008,,
550,0.0060000000000000001,301.60706907130691,301.60705918880524,9.8825016721093562e-06,2.5499999992877731,,
550,0.0070000000000000001,301.64748682491421,301.64747960462876,7.2202854539682448e-06,2.5499999917671929,,
550,0.0080000000000000002,301.69526884616084,301.69526458804978,4.2581110619721585e-06,2.5499999178131585,,
550,0.0090000000000000011,301.75088734948639,301.75088630647303,1.0430133556837973e-06,2.5499992940594707,,
550,0.01,301.81486859600517,301.81487097921263,-2.3832074589336116e-06,2.5499947961854561,,
550,0.010999999999999999,301.8877933548535,301.88779935027304,-5.9954195421596523e-06,2.5499671356052565,,
550,0.012,301.97029985324042,301.97030965144671,-9.7982062925439095e-06,2.5498223384944323,,
550,0.013000000000000001,302.06308977060559,302.0631036085648,-1.3837959215834417e-05,2.5491779390358973,,
550,0.014,302.16693742034778,302.16695563092156,-1.8210573784926964e-05,2.546741128310205,,
550,0.014999999999999999,302.28270139915588,302.28272445780192,-2.3058646036133723e-05,2.5389068322545483,,
550,0.016,302.41133595350948,302.41136450208091,-2.8548571435749182e-05,2.5174455528416058,,
550,0.017000000000000001,302.55389474513504,302.55392952442918,-3.4779294139752892e-05,2.46711436031456,,
550,0.018000000000000002,302.71151282127209,302.7115543086403,-4.1487368207526742e-05,2.3652438932360429,,
550,0.019,302.88535087655208,302.88539867967984,-4.780312775665152e-05,2.1850917260887668,,
550,0.02,303.07650473622266,303.07655750952807,-5.2773305412756599e-05,1.901494949228256,,
560,0,301.51970677602759,301.51968947254727,1.7303480319696973e-05,2.5499999999999998,,
560,0.001,301.52265683568152,301.52263974659729,1.7089084224153339e-05,2.5499999999999994,,
560,0.002,301.53154065808798,301.53152422818965,1.6429898323622183e-05,2.5499999999999829,,
560,0.0030000000000000001,301.54645887934072,301.54644353951494,1.5339825779392413e-05,2.5499999999996747,,
560,0.0040000000000000001,301.56757814443972,301.56756431027935,1.3834160370151949e-05,2.5499999999946721,,
560,0.0050000000000000001,301.59512959091745,301.59511765567311,1.1935244344840612e-05,2.5499999999225023,,
560,0.0060000000000000001,301.62940693282479,301.62939726009233,9.6727324603307352e-06,2.549999999011038,,
560,0.0070000000000000001,301.67076439149366,301.67075730901541,7.0824782483214221e-06,2.5499999890168716,,
560,0.0080000000000000002,301.71961481952081,301.71961061613291,4.2033879026348586e-06,2.5499998944076969,,
560,0.0090000000000000011,301.77642846484605,301.77642739309323,1.0717528198256332e-06,2.5499991243614284,,
560,0.01,301.84173289101659,301.84173517792442,-2.2869078293297207e-06,2.5499937523270488,,
560,0.010999999999999999,301.91611455898982,301.91612042667447,-5.8676846492744517e-06,2.5499617078358976,,
560,0.012,302.00022240440438,302.00023210075631,-9.6963519240489404e-06,2.5497985603483775,,
560,0.013000000000000001,302.09477328071006,302.09478711794492,-1.3837234860147873e-05,2.5490904437783435,,
560,0.014,302.20055820823137,302.20057659835396,-1.8390122590972169e-05,2.5464714602301619,,
560,0.014999999999999999,302.31844686690937,302.31847032282099,-2.3455911616565572e-05,2.5382123143688751,,
560,0.016,302.4493859856924,302.44941504236226,-2.9056669859528483e-05,2.5159534304184255,,
560,0.017000000000000001,302.59438635994564,302.59442139039186,-3.5030446213113464e-05,2.4644429369209622,,
560,0.018000000000000002,302.75449503117147,302.75453602674429,-4.0995572817337234e-05,2.3612632764610111,,
560,0.019,302.9307549536461,302.93080144903479,-4.6495388687617378e-05,2.1801760840475595,,
560,0.02,303.1241626767868,303.12421390849994,-5.1231713143806701e-05,1.8965335714273683,,
570,0,301.53986889885999,301.53985194917368,1.6949686312273116e-05,2.5499999999999998,,
570,0.001,301.54289406987186,301.54287733062682,1.6739245040753303e-05,2.5499999999999985,,
570,0.002,301.55200260660973,301.55198651388969,1.6092720045435271e-05,2.549999999999971,,
570,0.0030000000000000001,301.56729334289082,301.56727831738692,1.5025503898868919e-05,2.5499999999994909,,
570,0.0040000000000000001,301.58893011927103,301.58891656449794,1.3554773090618255e-05,2.5499999999920364,,
570,0.0050000000000000001,301.61714058749641,301.61712888337377,1.1704122641731374e-05,2.5499999998890632,,
570,0.0060000000000000001,301.65221477696753,301.65220527435639,9.5026111353035958e-06,2.5499999986411899,,
570,0.0070000000000000001,301.69450367778575,301.69449669539409,6.9823916533096053e-06,2.5499999854832049,,
570,0.0080000000000000002,301.74441816104058,301.74441398647815,4.1745624344002863e-06,2.5499998654291876,,
570,0.0090000000000000011,301.80242859413875,301.80242749107464,1.1030641076104075e-06,2.5499989213929153,,
570,0.01,301.86906547514468,301.86906769813879,-2.2229941123441677e-06,2.5499925431080626,,
570,0.010999999999999999,301.94492124760808,301.94492706453292,-5.8169248404738028e-06,2.5499556018482532,,
570,0.012,302.0306531002401,302.03066281828603,-9.7180459306400735e-06,2.5497725118155508,,
570,0.013000000000000001,302.12698596477833,302.12699994958183,-1.3984803501898568e-05,2.5489968386484891,,
570,0.014,302.23471415888548,302.23473282967416,-1.8670788676899974e-05,2.5461888847870684,,
570,0.014999999999999999,302.35469942110882,302.35472320569647,-2.3784587654063216e-05,2.537497324068998,,
570,0.016,302.48786291145535,302.48789215994663,-2.9248491273392574e-05,2.5144395429246709,,
570,0.017000000000000001,302.63516963540388,302.63520451453678,-3.4879132897458476e-05,2.4617632248287387,,
570,0.018000000000000002,302.79760590670423,302.79764632221008,-4.0415505850432965e-05,2.3573029047710614,,
570,0.019,302.97615342181246,302.97619901964163,-4.5597829171128978e-05,2.1753099800097768,,
570,0.02,303.17176599979535,303.17181626834247,-5.0268547113319073e-05,1.8916307250172941,,
580,0,301.56053419522937,301.56051758606861,1.6609160752523167e-05,2.5499999999999998,,
580,0.001,301.56363320870292,301.56361680449663,1.6404206292008894e-05,2.5499999999999972,,
580,0.002,301.57296277979407,301.57294700527649,1.5774517578392988e-05,2.5499999999999527,,
580,0.0030000000000000001,301.5886203291617,301.58860559329167,1.4735870024651376e-05,2.5499999999992138,,
580,0.0040000000000000001,301.61076756528541,301.61075425975639,1.3305529023455165e-05,2.5499999999882466,,
580,0.0050000000000000001,301.63962962567302,301.63961811965959,1.1506013436246576e-05,2.5499999998429828,,
580,0.0060000000000000001,301.67549410787126,301.67548474470476,9.3631664981330687e-06,2.5499999981516912,,
580,0.0070000000000000001,301.71871021159893,301.71870330870428,6.9028946541038749e-06,2.549999980981529,,
580,0.0080000000000000002,301.769688233024,301.76968408644103,4.1465829667686194e-06,2.5499998298125166,,
580,0.0090000000000000011,301.8288996195646,301.82889851388029,1.1056843050027965e-06,2.5499986801346246,,
580,0.01,301.89687767513345,301.89687989823676,-2.2231033085517993e-06,2.5499911495587178,,
580,0.010999999999999999,301.97421877455031,301.97422463408003,-5.8595297218744236e-06,2.5499487617343841,,
580,0.012,302.0615835999937,302.06159343514332,-9.8351496262694127e-06,2.5497440708407861,,
580,0.013000000000000001,302.15969750325291,302.15971168318572,-1.4179932804836426e-05,2.548896950079937,,
580,0.014,302.26934875224913,302.26936765313599,-1.8900886857409205e-05,2.5458933250629707,,
580,0.014999999999999999,302.39138333390326,302.39140729281314,-2.3958909878274426e-05,2.5367621580480026,,
580,0.016,302.52669536084693,302.52672461499452,-2.9254147591473156e-05,2.5129046818597915,,
580,0.017000000000000001,302.67621305764152,302.67624768750926,-3.4629867741386988e-05,2.4590760833331378,,
580,0.018000000000000002,302.84088163933825,302.84092153977639,-3.9900438139284233e-05,2.3533628621512195,,
580,0.019,303.02164573074134,303.02169062768706,-4.4896945723849058e-05,2.1704923151861313,,
580,0.02,303.2194347312568,303.21948425663459,-4.9525377789905178e-05,1.8867848314364482,,
590,0,301.58169501849437,301.58167872438355,1.6294110821490904e-05,2.5499999999999998,,
590,0.001,301.58486690306773,301.58485080770549,1.609536224123076e-05,2.5499999999999954,,
590,0.002,301.59441472892843,301.59439924467517,1.548425325381686e-05,2.5499999999999234,,
590,0.0030000000000000001,301.61043490501692,301.61042042913937,1.4475877549102734e-05,2.5499999999988034,,
590,0.0040000000000000001,301.6330876636938,301.63307457777108,1.3085922716982168e-05,2.5499999999828606,,
590,0.0050000000000000001,301.66259649929805,301.66258516549647,1.1333801580803993e-05,2.5499999997801446,,
590,0.0060000000000000001,301.69924757053036,301.69923833035506,9.2401753022386401e-06,2.5499999975098171,,
590,0.0070000000000000001,301.74338922276735,301.74338239920382,6.8235635239943804e-06,2.5499999752928808,,
590,0.0080000000000000002,301.79543176564619,301.79542766911686,4.0965293237604783e-06,2.5499997863409658,,
590,0.0090000000000000011,301.85584756695857,301.85584650455911,1.0623994626257627e-06,2.5499983950517304,,
590,0.01,301.92517138269409,301.9251736686806,-2.2859865111968247e-06,2.5499895514511999,,
590,0.010999999999999999,302.00400063908302,302.00400660287113,-5.9637881122398539e-06,2.5499411297798202,,
590,0.012,302.09299514686973,302.09300513360739,-9.9867376661677554e-06,2.5497131155271102,,
590,0.013000000000000001,302.19287552608654,302.19288988514882,-1.4359062276980694e-05,2.5487906118059387,,
590,0.014,302.30441954471951,302.3044386040703,-1.9059350790939789e-05,2.5455847195906034,,
590,0.014999999999999999,302.42845572272239,302.42847975196241,-2.4029240023537568e-05,2.536007121981124,,
590,0.016,302.56585397803832,302.56588314844896,-2.9170410641654598e-05,2.5113496178079795,,
590,0.017000000000000001,302.7175137570419,302.71754811085231,-3.4353810406173579e-05,2.4563823249862544,,
590,0.018000000000000002,302.88435084743321,302.88439028855294,-3.9441119724870077e-05,2.3494432080372736,,
590,0.019,303.06728467662026,303.0673289895945,-4.4312974239346659e-05,2.1657220285918513,,
590,0.02,303.26722810039263,303.26727700761398,-4.8907221355420916e-05,1.8819943788434756,,
600,0,301.60334574260884,301.60332973155795,1.6011050888664613e-05,2.5499999999999994,,
600,0.001,301.60658981907119,301.60657400069374,1.5818377448795218e-05,2.5499999999999923,,
600,0.002,301.61635398234858,301.61633875724976,1.5225098820792482e-05,2.5499999999998799,,
600,0.0030000000000000001,301.63273397833814,301.63271973357769,1.4244760450310423e-05,2.5499999999982026,,
600,0.0040000000000000001,301.65588909915056,301.65587620889653,1.289025402684274e-05,2.5499999999752934,,
600,0.0050000000000000001,301.68604183773436,301.68603066099803,1.1176736336437898e-05,2.5499999996953076,,
600,0.0060000000000000001,301.72347752635517,301.7234684071243,9.1192308673271327e-06,2.5499999966755342,,
600,0.0070000000000000001,301.76854404213202,301.76853731226367,6.7298683461558539e-06,2.5499999681594527,,
600,0.0080000000000000002,301.82165162064763,301.82164760518231,4.015465322027012e-06,2.5499997336328244,,
600,0.0090000000000000011,301.88327273637969,301.88327176003253,9.7634716667016619e-07,2.549998060070525,,
600,0.01,301.95394188758058,301.95394428016186,-2.392581279764272e-06,2.5499877272999125,,
600,0.010999999999999999,302.03425498082959,302.03426107861577,-6.097786183545395e-06,2.5499326465857202,,
600,0.012,302.12486788155502,302.12487802163093,-1.0140075914932822e-05,2.5496795244285262,,
600,0.013000000000000001,302.22649363027381,302.22650813600751,-1.450573370220809e-05,2.5486776649853953,,
600,0.014,302.33989787197316,302.3399170301555,-1.9158182340106578e-05,2.5452630216285614,,
600,0.014999999999999999,302.46589224365613,302.46591627692021,-2.4033264082845562e-05,2.5352325291679727,,
600,0.016,302.60532581009249,302.6053548509874,-2.9040894901299907e-05,2.5097751004634499,,
600,0.017000000000000001,302.75907507448125,302.75910914884878,-3.407436753377624e-05,2.4536827182057519,,
600,0.018000000000000002,302.9280335126993,302.92807253875532,-3.9026056015245558e-05,2.3455439796320428,,
600,0.019,303.11310185532818,303.11314566063436,-4.3805306177091552e-05,2.1609980954818275,,
600,0.02,303.31518099596758,303.31522872145183,-4.7725484250804584e-05,1.8772579192592325,,
610,0,301.6254825763117,301.62546681722819,1.575908351014732e-05,2.5499999999999985,,
610,0.001,301.62879840658206,301.62878283386436,1.5572717700251815e-05,2.5499999999999878,,
610,0.002,301.63877768223284,301.63876268772231,1.4994510536325834e-05,2.5499999999998137,,
610,0.0030000000000000001,301.65551573586447,301.65550169877929,1.4037085179552378e-05,2.5499999999973322,,
610,0.0040000000000000001,301.67917127445111,301.67915856431222,1.2710138889815426e-05,2.5499999999647724,,
610,0.0050000000000000001,301.70996615550189,301.70995513091844,1.1024583443486335e-05,2.5499999995818596,,
610,0.0060000000000000001,301.7481851290803,301.74817613840833,8.9906719722421258e-06,2.5499999956002575,,
610,0.0070000000000000001,301.79417556762684,301.79416895146039,6.6161664449282398e-06,2.5499999592797171,,
610,0.0080000000000000002,301.84834715875746,301.84834325354763,3.9052098372849287e-06,2.5499996701277987,,
610,0.0090000000000000011,301.91117146566359,301.91117060710798,8.5855560882919235e-07,2.5499976685565606,,
610,0.01,301.98318117270532,301.98318369703662,-2.5243313075407059e-06,2.5499856543671422,,
610,0.010999999999999999,302.06496874928149,302.06497499041296,-6.2411314729615697e-06,2.549923251195358,,
610,0.012,302.15718421103475,302.15719449178283,-1.0280748085733649e-05,2.5496431768269243,,
610,0.013000000000000001,302.26053167174871,302.26054628771328,-1.4615964573749807e-05,2.5485579582892828,,
610,0.014,302.37576454360919,302.37578373880496,-1.9195195761767536e-05,2.5449281984393077,,
610,0.014999999999999999,302.50367988447789,302.50370382082457,-2.3936346678965492e-05,2.5344386992835397,,
610,0.016,302.64511465175474,302.64514338878382,-2.8737029083458765e-05,2.5081818587368727,,
610,0.017000000000000001,302.80095268943739,302.80098628613143,-3.3596694038351416e-05,2.4509779897307902,,
610,0.018000000000000002,302.97216109631518,302.97220010966049,-3.9013345315197512e-05,2.3416651940310507,,
610,0.019,303.15987703990095,303.15992329345193,-4.6253550976871338e-05,2.1563195255660301,,
610,0.02,303.36553805429327,303.36559470172756,-5.6647434291789978e-05,1.8725735047546306,,
620,0,301.64810311858753,301.64808758296203,1.5535625493612315e-05,2.5499999999999963,,
620,0.001,301.65149042724443,301.6514750740177,1.5353226729075686e-05,2.5499999999999798,,
620,0.002,301.66168404094691,301.66166925464478,1.4786302131142293e-05,2.5499999999997147,,
620,0.0030000000000000001,301.67877901685978,301.67876517128201,1.3845577768734074e-05,2.5499999999960856,,
620,0.0040000000000000001,301.70293364772596,301.70292110987276,1.2537853194771742e-05,2.5499999999502951,,
620,0.0050000000000000001,301.73436927654348,301.7343584059775,1.0870565972709301e-05,2.5499999994315279,,
620,0.0060000000000000001,301.77337003941136,301.77336118882181,8.8505895519119804e-06,2.5499999942254608,,
620,0.0070000000000000001,301.82028251625923,301.8202760329624,6.4832968291739235e-06,2.5499999483032574,,
620,0.0080000000000000002,301.87551522756405,301.87551145510582,3.7724582284681674e-06,2.5499995940733018,,
620,0.0090000000000000011,301.93953786467898,301.93953714320685,7.2147213359130546e-07,2.5499972132945241,,
620,0.01,302.0128800958181,302.01288275953357,-2.6637154633135651e-06,2.5499833086740562,,
620,0.010999999999999999,302.09612978631355,302.09613615618156,-6.3698680037305166e-06,2.5499128812239245,,
620,0.012,302.18993059512053,302.1899409650257,-1.0369905169227422e-05,2.5496039529923138,,
620,0.013000000000000001,302.29497933090164,302.29499394713457,-1.4616232931530249e-05,2.5484313479499883,,
620,0.014,302.41202443272164,302.41204347766961,-1.9044947975999094e-05,2.5445802305732306,,
620,0.014999999999999999,302.54186867654295,302.5418922937281,-2.3617185149760189e-05,2.533625957231628,,
620,0.016,302.68538133208244,302.68540975146118,-2.8419378736543877e-05,2.5065706009326285,,
620,0.017000000000000001,302.84352591480842,302.84355970069851,-3.3785890082072001e-05,2.4482688269375137,,
620,0.018000000000000002,303.01740670119511,303.01744700633793,-4.0305142817942397e-05,2.337806850163239,,
620,0.019,303.20832847505056,303.20837708276508,-4.8607714518311695e-05,2.1516853568584491,,
620,0.02,303.4178521697018,303.41791124116355,-5.9071461748771981e-05,1.8679397789387151,,
630,0,301.6712058066982,301.67119047466178,1.5332036412019079e-05,2.5499999999999945,,
630,0.001,301.67466439942092,301.67464924709316,1.5152327762280038e-05,2.549999999999967,,
630,0.002,301.68507178657268,301.68505719360951,1.4592963168524875e-05,2.5499999999995686,,
630,0.0030000000000000001,301.70252279057263,301.70250912742381,1.366314882034203e-05,2.5499999999943208,,
630,0.0040000000000000001,301.72717531214613,301.72716294464357,1.2367502563392918e-05,2.5499999999305674,,
630,0.0050000000000000001,301.75925012403133,301.75923941290279,1.0711128538787307e-05,2.549999999234049,,
630,0.0060000000000000001,301.79903055055564,301.79902185141964,8.6991360035426624e-06,2.549999992481137,,
630,0.0070000000000000001,301.84686199325387,301.84685565665711,6.3365967548634217e-06,2.5499999348252862,,
630,0.0080000000000000002,301.9031512402106,301.90314761075246,3.6294581491347344e-06,2.5499995035106884,,
630,0.0090000000000000011,301.96836549426104,301.96836490742879,5.8683224324340699e-07,2.5499966864698029,,
630,0.01,302.04303110828772,302.04303388356846,-2.7752807341130392e-06,2.549980665016458,,
630,0.010999999999999999,302.127732187731,302.12773861781579,-6.4300847952836193e-06,2.549901472990268,,
630,0.012,302.22310959141174,302.22311993136964,-1.0339957896121632e-05,2.5495617344264034,,
630,0.013000000000000001,302.32986148459202,302.32987595246664,-1.4467874621004739e-05,2.5482976977791125,,
630,0.014,302.44874739958141,302.44876620758964,-1.8808008235282614e-05,2.5442191111660457,,
630,0.014999999999999999,302.58059841309097,302.58062184663072,-2.3433539752204524e-05,2.5327946320954875,,
630,0.016,302.72633592873899,302.72636447078878,-2.8542049790303281e-05,2.5049420149798718,,
630,0.017000000000000001,302.88699994746537,302.8870344094683,-3.4462002929558366e-05,2.4455558800123636,,
630,0.018000000000000002,303.06378435199059,303.06382593721935,-4.1585228757412551e-05,2.3339689305035738,,
630,0.019,303.25807239003802,303.25812262540308,-5.0235365051776171e-05,2.1470946470594323,,
630,0.02,303.47146218650573,303.47152272951581,-6.0543010079072701e-05,1.863355699023701,,
640,0,301.69478940410585,301.69477426358822,1.5140517632517003e-05,2.5499999999999905,,
640,0.001,301.69831910073418,301.69830413829499,1.4962439195187471e-05,2.5499999999999479,,
640,0.002,301.70893971472657,301.70892530708915,1.4407637422664266e-05,2.5499999999993554,,
640,0.0030000000000000001,301.72674580638636,301.72673232202226,1.3484364103533153e-05,2.5499999999918481,,
640,0.0040000000000000001,301.75189481225522,301.75188261621412,1.2196041097922716e-05,2.5499999999039353,,
640,0.0050000000000000001,301.78460679081786,301.78459624391758,1.0546900284680305e-05,2.5499999989767836,,
640,0.0060000000000000001,301.82516402987784,301.82515548760074,8.5422771007870324e-06,2.5499999902841104,,
640,0.0070000000000000001,301.87391049359536,301.87390430413745,6.1894579062027333e-06,2.5499999183808977,,
640,0.0080000000000000002,301.93125110600994,301.93124760670804,3.4993018971363199e-06,2.5499993962615517,,
640,0.0090000000000000011,301.99765093506505,301.9976504467827,4.8828235321707325e-07,2.5499960796520473,,
640,0.01,302.07363448634607,302.07363730674933,-2.8204032673784241e-06,2.5499776969854913,,
640,0.010999999999999999,302.15978556588516,302.15979196517219,-6.3992870309448335e-06,2.5498889616502263,,
640,0.012,302.25674852232902,302.2567587483897,-1.0226060680906812e-05,2.5495164040891529,,
640,0.013000000000000001,302.36523205786114,302.36524636006374,-1.4302202600902092e-05,2.5481568791540488,,
640,0.014,302.48601703316803,302.48603571174374,-1.8678575713693135e-05,2.543844845247087,,
640,0.014999999999999999,302.6199695262286,302.61999300509615,-2.3478867547055415e-05,2.5319450561768426,,
640,0.016,302.76805958232433,302.76808848891392,-2.8906589591315424e-05,2.5032967687157179,,
640,0.017000000000000001,302.93138453062062,302.93141975186836,-3.5221247742356354e-05,2.4428397640069202,,
640,0.018000000000000002,303.11119369824701,303.11123637717628,-4.2678929276007693e-05,2.3301514024401051,,
640,0.019,303.30890947690648,303.30896092819597,-5.1451289493797958e-05,2.1425464809272921,,
640,0.02,303.52613886010238,303.52620042709111,-6.156698873382993e-05,1.8588201157821862,,
650,0,301.71885261993077,301.71883766522586,1.4954704909087013e-05,2.5499999999999838,,
650,0.001,301.72245321188677,301.72243843427373,1.477761304613523e-05,2.5499999999999199,,
650,0.002,301.73328640954071,301.73327218385003,1.4225690676994418e-05,2.5499999999990495,,
650,0.0030000000000000001,301.75144645779932,301.75143315083841,1.3306960909176269e-05,2.5499999999884166,,
650,0.0040000000000000001,301.77709024216313,301.77707821728728,1.2024875843508198e-05,2.5499999998683043,,
650,0.0050000000000000001,301.81043700731101,301.8104266228425,1.038446850998298e-05,2.5499999986442847,,
650,0.0060000000000000001,301.85176795816204,301.85175956500052,8.3931615222354594e-06,2.5499999875361929,,
650,0.0070000000000000001,301.90142577388076,301.90141971210033,6.061780425170582e-06,2.5499998984390553,,
650,0.0080000000000000002,301.95981412226058,301.95981071680859,3.4054519915116543e-06,2.5499992699141414,,
650,0.0090000000000000011,302.02739736807359,302.0273969246187,4.4345489413899486e-07,2.5499953837806673,,
650,0.01,302.10470082937979,302.10470363282963,-2.8034498313900258e-06,2.5499743769926786,,
650,0.010999999999999999,302.19231213785724,302.19231845766279,-6.3198055499924521e-06,2.549875281330289,,
650,0.012,302.29088445625803,302.29089456340006,-1.0107142031756666e-05,2.5494678466085428,,
650,0.013000000000000001,302.40114240933354,302.4011566085731,-1.4199239558365662e-05,2.5480087709784285,,
650,0.014,302.52389147339926,302.52391015000291,-1.8676603644962597e-05,2.5434574490647868,,
650,0.014999999999999999,302.66003112952728,302.66005480266762,-2.3673140333357878e-05,2.5310775641190877,,
650,0.016,302.81057127109227,302.81060063872962,-2.9367637353061582e-05,2.501635510206524,,
650,0.017000000000000001,302.97665025880571,302.97668621441477,-3.5955609064330929e-05,2.4401210607667831,,
650,0.018000000000000002,303.15955189058917,303.15959549449769,-4.3603908522982238e-05,2.3263542193972175,,
650,0.019,303.36071777766847,303.36077017623103,-5.2398562559119455e-05,2.1380399765254832,,
650,0.02,303.58175156646774,303.58181388543375,-6.2318966001839726e-05,1.8543318942308786,,
660,0,301.74339392556124,301.74337915406596,1.4771495273180335e-05,2.5499999999999745,,
660,0.001,301.74706516866382,301.74705057331681,1.4595347010981641e-05,2.5499999999998786,,
660,0.002,301.75811020713928,301.75809616070342,1.4046435865111562e-05,2.549999999998612,,
660,0.0030000000000000001,301.77662294827002,301.77660981498502,1.3133284994637506e-05,2.5499999999837004,,
660,0.0040000000000000001,301.80275972268555,301.80274786226897,1.1860416577746946e-05,2.5499999998210376,,
660,0.0050000000000000001,301.83673903936875,301.83672880471198,1.0234656770080619e-05,2.5499999982178108,,
660,0.0060000000000000001,301.87884129128793,301.87883302545993,8.2658280007308349e-06,2.5499999841221821,,
660,0.0070000000000000001,301.92940850150836,301.92940253443112,5.9670772429853969e-06,2.5499998743963417,,
660,0.0080000000000000002,301.98884427186721,301.98884091755872,3.354308489633695e-06,2.5499991218099991,,
660,0.0090000000000000011,302.0576141998751,302.05761375597837,4.4389673803379992e-07,2.5499945891523845,,
660,0.01,302.13624715174956,302.13624990387842,-2.752128864358383e-06,2.5499706762991039,,
660,0.010999999999999999,302.22533789210001,302.22534412586788,-6.2337678627955029e-06,2.549860365260876,,
660,0.012,302.32555162548499,302.32556164835017,-1.0022865183145768e-05,2.549415948473539,,
660,0.013000000000000001,302.43763093918136,302.43764511200288,-1.4172821522606682e-05,2.5478532596185213,,
660,0.014,302.56240539012003,302.56242416462686,-1.8774506827412552e-05,2.5430569494301296,,
660,0.014999999999999999,302.70080352227825,302.70082747638844,-2.3954110190516076e-05,2.5301924921085828,,
660,0.016,302.853866464286,302.85389632389973,-2.9859613732696744e-05,2.4999588681020328,,
660,0.017000000000000001,303.02276154927569,303.02279818461375,-3.6635338062751543e-05,2.4374003207389632,,
660,0.018000000000000002,303.20879379863794,303.20883818676663,-4.4388128685568518e-05,2.3225773220364174,,
660,0.019,303.41341282472843,303.41346597737441,-5.3152645989484881e-05,2.1335742846028496,,
660,0.02,303.63821278761043,303.63827578205257,-6.2994442146191432e-05,1.8498899307760019,,
670,0,301.76841163931118,301.76839704508001,1.4594231174669403e-05,2.5499999999999607,,
670,0.001,301.77215328846222,301.7721388704116,1.4418050625408796e-05,2.5499999999998169,,
670,0.002,301.78340944598614,301.7833955720555,1.3873930640784238e-05,2.5499999999979948,,
670,0.0030000000000000001,301.8022737364509,301.80226076668754,1.2969763361070363e-05,2.549999999977278,,
670,0.0040000000000000001,301.8289020760007,301.82889036461643,1.1711384274804004e-05,2.5499999997588487,,
670,0.0050000000000000001,301.86351253905769,301.86350243187434,1.0107183356922178e-05,2.5499999976747691,,
670,0.0060000000000000001,301.90638527140601,301.90637710318305,8.1682229620128055e-06,2.5499999799077049,,
670,0.0070000000000000001,301.95786258251729,301.95785667490645,5.9076108414046757e-06,2.5499998455705017,,
670,0.0080000000000000002,302.01834941699701,302.01834607830881,3.3386882023478393e-06,2.5499989490308708,,
670,0.0090000000000000011,302.08831448294893,302.088314011374,4.7157493554550456e-07,2.54999368541087,,
670,0.01,302.16829238487122,302.16829507698839,-2.6921171638605301e-06,2.5499665650484076,,
670,0.010999999999999999,302.25888714269956,302.25889330874429,-6.1660447272515739e-06,2.5498441459086192,,
670,0.012,302.36077744043229,302.36078742685692,-9.9864246294600889e-06,2.5493605982107641,,
670,0.013000000000000001,302.4747237920696,302.47473801095879,-1.4218889191397466e-05,2.5476902388184226,,
670,0.014,302.60157743721913,302.60159640172446,-1.8964505329677195e-05,2.5426433830793487,,
670,0.014999999999999999,302.74228974285757,302.74231410542717,-2.4362569604363671e-05,2.5292901771479248,,
670,0.016,302.89791761598639,302.8979481810423,-3.0565055908482464e-05,2.4982674520156252,,
670,0.017000000000000001,303.06961186298128,303.06964940300765,-3.7540026369242696e-05,2.4346780646635442,,
670,0.018000000000000002,303.25856159989416,303.25860612388675,-4.4523992585254746e-05,2.3188206395888202,,
670,0.019,303.4658645941384,303.4659142640171,-4.9669878706026793e-05,2.1291485861887729,,
670,0.02,303.69233308507904,303.69238407840805,-5.0993329011816968e-05,1.8454933179224202,,
680,0,301.79390425973946,301.79388983439753,1.4425341930746072e-05,2.549999999999939,,
680,0.001,301.79771613068476,301.79770187918143,1.425150333034253e-05,2.5499999999997272,,
680,0.002,301.80918289739333,301.80916918271151,1.3714681813326024e-05,2.5499999999971315,,
680,0.0030000000000000001,301.82839804411935,301.82838522067902,1.2823440329157165e-05,2.5499999999686089,,
680,0.0040000000000000001,301.85551735356904,301.85550576910242,1.1584466619751765e-05,2.549999999677667,,
680,0.0050000000000000001,301.89075894342324,301.89074893669618,1.0006727052314091e-05,2.549999996988106,,
680,0.0060000000000000001,301.9344034499706,301.93439534905502,8.1009155792344245e-06,2.5499999747368967,,
680,0.0070000000000000001,301.9867945105168,301.98678863251507,5.8780017297976883e-06,2.5499998111937998,,
680,0.0080000000000000002,302.0483397471836,302.04833640059252,3.3465910860286385e-06,2.5499987483860176,,
680,0.0090000000000000011,302.11951249891365,302.11951199008405,5.0882960067610838e-07,2.5499926615385347,,
680,0.01,302.20085455958713,302.20085720481461,-2.6452274823896005e-06,2.5499620123033244,,
680,0.010999999999999999,302.29298010648927,302.29298625115428,-6.1446650079233223e-06,2.5498265551069017,,
680,0.012,302.39658073076117,302.3965907764541,-1.004569293172608e-05,2.5493016865448359,,
680,0.013000000000000001,302.51243077805367,302.51244521497716,-1.4436923493121867e-05,2.5475196095960522,,
680,0.014,302.64139071496322,302.64141014077853,-1.9425815310114558e-05,2.5422167960570183,,
680,0.014999999999999999,302.78440369623888,302.78442876817593,-2.5071937045595405e-05,2.5283709563968473,,
680,0.016,302.94247745603144,302.94250869676227,-3.1240730834269925e-05,2.4965618529259719,,
680,0.017000000000000001,303.11664233152533,303.11667976711334,-3.7435588012613152e-05,2.4319547851630978,,
680,0.018000000000000002,303.30788047453916,303.30792325767652,-4.2783137359947432e-05,2.3150840911826047,,
680,0.019,303.51703363625319,303.51707992613666,-4.6289883471217763e-05,2.1247620915506058,,
680,0.02,303.74471355209215,303.74476084459252,-4.7292500369167101e-05,1.8411410315482226,,
690,0,301.81987089757246,301.81985662375098,1.4273821477672755e-05,2.5499999999999052,,
690,0.001,301.82375292876401,301.82373882570079,1.410306322213728e-05,2.5499999999995997,,
690,0.002,301.83543018651903,301.83541661093494,1.3575584091540804e-05,2.5499999999959364,,
690,0.0030000000000000001,301.85499622314524,301.85498352299533,1.2700149909505853e-05,2.5499999999570035,,
690,0.0040000000000000001,301.88260706132627,301.88259557788336,1.1483442904136609e-05,2.5499999995724862,,
690,0.0050000000000000001,301.91848142839035,301.9184714946793,9.9337110555097752e-06,2.5499999961256226,,
690,0.0060000000000000001,301.96290122562129,301.9628931660817,8.0595395957061555e-06,2.5499999684299284,,
690,0.0070000000000000001,302.01621237534539,302.01620650774356,5.8676018284131715e-06,2.5499997704062194,,
690,0.0080000000000000002,302.07882620621024,302.07882284705749,3.3591527426324319e-06,2.5499985163999215,,
690,0.0090000000000000011,302.15122151126985,302.15122098618247,5.2508738690448808e-07,2.5499915058503695,,
690,0.01,302.23394728824047,302.23394994833296,-2.6600924911690527e-06,2.549956986085232,,
690,0.010999999999999999,302.32762585968305,302.32763210295809,-6.2432750382868107e-06,2.5498075241840494,,
690,0.012,302.43295546493152,302.4329657556699,-1.0290738373441854e-05,2.5492391065434927,,
690,0.013000000000000001,302.55071044916946,302.55072531760106,-1.4868431605918886e-05,2.5473412801237485,,
690,0.014,302.68173596165707,302.68175595559791,-1.9993940838958224e-05,2.5417772431217531,,
690,0.014999999999999999,302.82693308593701,302.82695864886398,-2.5562926964539656e-05,2.5274351665751058,,
690,0.016,302.987230452029,302.98726173054393,-3.1278514939003799e-05,2.4948426435913968,,
690,0.017000000000000001,303.16354063350337,303.16357727073881,-3.6637235439229698e-05,2.4292309482407495,,
690,0.018000000000000002,303.35670440017424,303.35674541721988,-4.1017045646185579e-05,2.311367587071552,,
690,0.019,303.5674320871093,303.56747594140353,-4.3854294233369728e-05,2.1204140403113363,,
690,0.02,303.79625618197196,303.79630103911609,-4.4857144132492976e-05,1.8368320085644509,,
700,0,301.84631163810053,301.8462974920634,1.4146037131013145e-05,2.5499999999998582,,
700,0.001,301.85026393246682,301.85024995371572,1.3978751098875364e-05,2.5499999999994176,,
700,0.002,301.86215206840757,301.86213860685626,1.3461551304772001e-05,2.5499999999942946,,
700,0.0030000000000000001,301.88206990341428,301.88205730064919,1.2602765082192491e-05,2.5499999999415928,,
700,0.0040000000000000001,301.91017409771541,301.91016268975909,1.1407956321818347e-05,2.5499999994371936,,
700,0.0050000000000000001,301.94668453388886,301.94667465085831,9.8830305432784371e-06,2.549999995049224,,
700,0.0060000000000000001,301.99188501821106,301.99187698593124,8.0322798226006853e-06,2.5499999607803816,,
700,0.0070000000000000001,302.04612435001741,302.04611849466744,5.8553499684421695e-06,2.5499997222485402,,
700,0.0080000000000000002,302.10981780058194,302.10981445728703,3.3432949066991569e-06,2.5499982493005353,,
700,0.0090000000000000011,302.18344891850995,302.18344844392499,4.7458496510444093e-07,2.5499902059899742,,
700,0.01,302.26757132776743,302.26757411447625,-2.7867088192579104e-06,2.5499514534166616,,
700,0.010999999999999999,302.36280977176847,302.36281625834624,-6.4865777744671504e-06,2.549786984088815,,
700,0.012,302.46985909303521,302.46986975868174,-1.0665646527741046e-05,2.5491727537473281,,
700,0.013000000000000001,302.58947923213424,302.58949456166357,-1.5329529333030223e-05,2.5471551655936686,,
700,0.014,302.72248393163636,302.72250433986994,-2.0408233581292734e-05,2.5413247871727602,,
700,0.014999999999999999,302.86972101355764,302.86974673111445,-2.5717556809468078e-05,2.526483143422964,,
700,0.016,303.03204322969486,303.0320741730946,-3.0943399735861021e-05,2.4931103789777369,,
700,0.017000000000000001,303.21027088907545,303.21030655913182,-3.5670056377057335e-05,2.4265069947049791,,
700,0.018000000000000002,303.40515038889646,303.40518984768084,-3.9458784385715262e-05,2.3076710297714409,,
700,0.019,303.61731549586909,303.61735745473118,-4.1958862084356952e-05,2.1161036974255847,,
700,0.02,303.84725952203587,303.84730254755976,-4.3025523893902573e-05,1.8325652656794378,,
710,0,301.87322773227123,301.87321368671547,1.404555575845734e-05,2.5499999999997893,,
710,0.001,301.87725056820062,301.87723668662784,1.3881572783702723e-05,2.5499999999991609,,
710,0.002,301.88935049124171,301.88933711739435,1.3373847366437985e-05,2.5499999999920604,,
710,0.0030000000000000001,301.9096218772396,301.90960934778838,1.2529451225873345e-05,2.5499999999212895,,
710,0.0040000000000000001,301.93822234568091,301.93821099422729,1.135145362241019e-05,2.5499999992643709,,
710,0.0050000000000000001,301.97537329148798,301.97536344991471,9.8415732736611972e-06,2.5499999937140947,,
710,0.0060000000000000001,302.021360669442,302.02135267157894,7.9978630651567073e-06,2.5499999515524658,,
710,0.0070000000000000001,302.07653601752133,302.07653020563441,5.8118869219470071e-06,2.5499996656553177,,
710,0.0080000000000000002,302.14131760424306,302.14131433795944,3.2662836133567907e-06,2.5499979430080724,,
710,0.0090000000000000011,302.21619140639564,302.21619107206322,3.3433241242164513e-07,2.5499887489276492,,
710,0.01,302.30171135582475,302.30171437196765,-3.0161428981045901e-06,2.5499453803662528,,
710,0.010999999999999999,302.39849795737359,302.39850476945793,-6.8120843366159534e-06,2.5497648655126426,,
710,0.012,302.50723404480993,302.50724510133364,-1.1056523703700805e-05,2.5491025262852349,,
710,0.013000000000000001,302.62865623859204,302.62867194239266,-1.5703800613664498e-05,2.5469611880713878,,
710,0.014,302.76354077559085,302.76356141055692,-2.0634966062971216e-05,2.5408594986991715,,
710,0.014999999999999999,302.91268296519007,302.91270860870412,-2.564351404998888e-05,2.5255152212146004,,
710,0.016,303.07687065893703,303.07690110135229,-3.044241526595215e-05,2.4913655966929098,,
710,0.017000000000000001,303.25685368059629,303.25688837980255,-3.4699206253208104e-05,2.423783341522892,,
710,0.018000000000000002,303.45331279392514,303.45335089015032,-3.8096225182471244e-05,2.3039943150844842,,
710,0.019,303.66683295447871,303.66687335665245,-4.0402173738129932e-05,2.111830349694487,,
710,0.02,303.89788576976071,303.89792731365304,-4.1543892336903809e-05,1.828339862724139,,
720,0,301.90062154034138,301.90060756923691,1.3971104465326789e-05,2.5499999999996898,,
720,0.001,301.90471533819726,301.90470152870995,1.3809487313665159e-05,2.549999999998803,,
720,0.002,301.91702835522011,301.91701504709835,1.3308121765476244e-05,2.5499999999890441,,
720,0.0030000000000000001,301.93765560275631,301.93764313072478,1.2472031528432126e-05,2.5499999998947351,,
720,0.0040000000000000001,301.96675578186415,301.96674448115454,1.1300709616079985e-05,2.5499999990450726,,
720,0.0050000000000000001,302.00455180115318,302.00454201033426,9.7908189218287589e-06,2.5499999920677956,,
720,0.0060000000000000001,302.05133144191706,302.05132350753473,7.934382324492617e-06,2.5499999404781,,
720,0.0070000000000000001,302.1074480521039,302.10744233477897,5.7173249388142722e-06,2.5499995994478009,,
720,0.0080000000000000002,302.17332102632486,302.17331790680271,3.1195221481539193e-06,2.5499975931244374,,
720,0.0090000000000000011,302.24943565535659,302.24943553759101,1.1776558039855445e-07,2.5499871209605485,,
720,0.01,302.33634171914736,302.3363450261445,-3.3069971436816559e-06,2.5499387320958609,,
720,0.010999999999999999,302.4346499943718,302.43465715190649,-7.1575346964891651e-06,2.5497410990082656,,
720,0.012,302.54502572304528,302.54503712732458,-1.1404279291582498e-05,2.5490283249758758,,
720,0.013000000000000001,302.66817813596595,302.66819410451734,-1.596855139496256e-05,2.5467592763391149,,
720,0.014,302.80484543412439,302.80486614453503,-2.0710410638002941e-05,2.5403814552521231,,
720,0.014999999999999999,302.9557752506683,302.95580067809863,-2.5427430330182688e-05,2.5245317323208232,,
720,0.016,303.12170150822715,303.12173137774033,-2.986951318462161e-05,2.4896088174266451,,
720,0.017000000000000001,303.30331960275379,303.30335337370553,-3.3770951745282218e-05,2.4210603831068291,,
720,0.018000000000000002,303.50126273585369,303.50129963107463,-3.6895220944188623e-05,2.300337332946,,
720,0.019,303.71608269175721,303.71612177437538,-3.9082618172869843e-05,2.1075933044205168,,
720,0.02,303.94823828301963,303.94827847549345,-4.0192473818478902e-05,1.8241548956460478,,
730,0,301.92849613731488,301.92848222354104,1.3913773841522925e-05,2.5499999999995477,,
730,0.001,301.93266137322274,301.93264761959239,1.3753630355495261e-05,2.549999999998307,,
730,0.002,301.94518890981556,301.94517565635073,1.3253464828721917e-05,2.5499999999850047,,
730,0.0030000000000000001,301.96617435872685,301.96616194194547,1.2416781373758567e-05,2.5499999998602552,,
730,0.0040000000000000001,301.99577735355734,301.99576611402711,1.1239530238071893e-05,2.5499999987685742,,
730,0.0050000000000000001,302.0342219179102,302.03421220375242,9.7141577839465754e-06,2.5499999900492876,,
730,0.0060000000000000001,302.08179682931529,302.08178900041338,7.828901914308517e-06,2.5499999272538458,,
730,0.0070000000000000001,302.13885578336294,302.13885021533696,5.5680259833934542e-06,2.5499995223268153,,
730,0.0080000000000000002,302.20581704448341,302.20581413051474,2.9139686716916913e-06,2.5499971949233031,,
730,0.0090000000000000011,302.28316213388257,302.28316228161026,-1.4772768963666749e-07,2.5499853077148287,,
730,0.01,302.37143297382931,302.37143659411163,-3.6202823139319662e-06,2.5499314729095426,,
730,0.010999999999999999,302.47122682194941,302.47123430671303,-7.4847636142294505e-06,2.549715615104466,,
730,0.012,302.58318834311189,302.58320003103393,-1.1687922039982368e-05,2.5489500534160503,,
730,0.013000000000000001,302.70799833861594,302.70801446975992,-1.6131143979691842e-05,2.5465493657302707,,
730,0.014,302.84635905865582,302.84637972230092,-2.0663645102558803e-05,2.5398907409390947,,
730,0.014999999999999999,302.99897689024482,302.99900197540757,-2.508516274701833e-05,2.5235330068165656,,
730,0.016,303.16654532424491,303.16657449179081,-2.916754590387427e-05,2.4878405453933952,,
730,0.017000000000000001,303.34973596136166,303.34976871889234,-3.2757530675553426e-05,2.4183384925369267,,
730,0.018000000000000002,303.54921273770162,303.54924883319694,-3.6095495318022586e-05,2.2966999681023053,,
730,0.019,303.76568639706363,303.76572644810039,-4.0051036762633885e-05,2.1033918887860299,,
730,0.02,304.00000567742285,304.0000512784892,-4.5601066346989683e-05,1.820009694402037,,
740,0,301.95685461147792,301.95684074968523,1.3861792695024633e-05,2.5499999999993497,,
740,0.001,301.96109169936392,301.9610779989797,1.370038421555364e-05,2.5499999999976271,,
740,0.002,301.97383494086398,301.97382174515519,1.3195708788771299e-05,2.5499999999796357,,
740,0.0030000000000000001,301.99518035391401,301.99516800446179,1.2349452219950763e-05,2.549999999815789,,
740,0.0040000000000000001,302.0252881025429,302.02527694749455,1.1155048355249164e-05,2.5499999984220945,,
740,0.0050000000000000001,302.06438260956378,302.06437300697633,9.6025874540828227e-06,2.5499999875878725,,
740,0.0060000000000000001,302.11275250148577,302.11274482216857,7.6793172070210858e-06,2.5499999115377228,,
740,0.0070000000000000001,302.17075015059004,302.17074477927673,5.3713133070232288e-06,2.5499994328656648,,
740,0.0080000000000000002,302.23879048313017,302.23878781611813,2.6670120405469788e-06,2.5499967433409578,,
740,0.0090000000000000011,302.31734863352472,302.31734907049997,-4.3697525597963249e-07,2.549983294149829,,
740,0.01,302.40695596799185,302.40695989584054,-3.9278486951843661e-06,2.5499235663041406,,
740,0.010999999999999999,302.508194024641,302.5082017918561,-7.767215095100255e-06,2.5496883444165275,,
740,0.012,302.62168610214974,302.6216979837539,-1.1881604166319448e-05,2.5488676180560654,,
740,0.013000000000000001,302.74808671356544,302.7481028686131,-1.6155047660504351e-05,2.5463313979563038,,
740,0.014,302.88807009302889,302.88809052574135,-2.0432712460660696e-05,2.5393874459403301,,
740,0.014999999999999999,303.04232051840251,303.0423450759701,-2.455756759900396e-05,2.522519372130668,,
740,0.016,303.2115290844107,303.21155754191534,-2.845750464075536e-05,2.4860612687782302,,
740,0.017000000000000001,303.39640250284515,303.3964347628019,-3.2259956753932784e-05,2.4156180227197863,,
740,0.018000000000000002,303.59768751272856,303.59772383301976,-3.6320291201263899e-05,2.2930821006784581,,
740,0.019,303.81620815248073,303.81624921065753,-4.1058176805108815e-05,2.099225450847968,,
740,0.02,304.05290425646513,304.05295100224708,-4.6745781958179577e-05,1.8159034284162012,,
750,0,301.98569926594269,301.98568546667531,1.3799267378544755e-05,2.5499999999990721,,
750,0.001,301.99000844537096,301.98999481046832,1.3634902643389069e-05,2.5499999999967011,,
750,0.002,302.00296801100228,302.00295489004719,1.3120955088652408e-05,2.5499999999725511,,
750,0.0030000000000000001,302.02467407196991,302.02466181382323,1.2258146682597726e-05,2.5499999997588239,,
750,0.0040000000000000001,302.05528674713617,302.05527570824023,1.1038895934234461e-05,2.5499999979904815,,
750,0.0050000000000000001,302.0950299641633,302.09502051108757,9.4530757337452087e-06,2.5499999846020565,,
750,0.0060000000000000001,302.14419093938398,302.144183449808,7.4895759780702065e-06,2.5499998929458831,,
750,0.0070000000000000001,302.20311910056859,302.20311396150299,5.1390655926297768e-06,2.5499993295030388,,
750,0.0080000000000000002,302.27222415197696,302.27222175358321,2.3983937467164651e-06,2.5499962329678265,,
750,0.0090000000000000011,302.35197295413002,302.35197367734941,-7.2321938660024898e-07,2.5499810645639713,,
750,0.01,302.44288493749269,302.44288913409315,-4.196600457362365e-06,2.549914975020946,,
750,0.010999999999999999,302.54552594852311,302.54553391385502,-7.96533191760318e-06,2.5496592177523332,,
750,0.012,302.66050080637331,302.66051274918999,-1.1942816684040736e-05,2.5487809282639082,,
750,0.013000000000000001,302.78844546940093,302.7884614898561,-1.6020455177567783e-05,2.5461053209292803,,
750,0.014,302.93002050941743,302.93004060320851,-2.0093791079034418e-05,2.5388716660485819,,
750,0.014999999999999999,303.08590830831946,303.08593241367345,-2.4105353986669797e-05,2.5214911527331827,,
750,0.016,303.25681653274876,303.25684462155078,-2.8088802025649784e-05,2.4842714601789555,,
750,0.017000000000000001,303.44348944345268,303.44352163180713,-3.2188354452955537e-05,2.4128993074769212,,
750,0.018000000000000002,303.64672622848025,303.64676285272463,-3.662424438743983e-05,2.2894836066974285,,
750,0.019,303.86740232970959,303.86744393545621,-4.1605746616824035e-05,2.0950933614705591,,
750,0.02,304.10648707172311,304.10653432249495,-4.7250771842755057e-05,1.8118352020975237,,
760,0,302.01503095573685,302.01501724294695,1.371278989381608e-05,2.5499999999986889,,
760,0.001,302.01941221315411,302.01939866879798,1.354435613620808e-05,2.5499999999954506,,
760,0.002,302.03258793805594,302.03257491988501,1.3018170932355133e-05,2.5499999999632705,,
760,0.0030000000000000001,302.05465395120319,302.05464181623194,1.2134971257182769e-05,2.549999999686309,,
760,0.0040000000000000001,302.08576967612652,302.08575878837513,1.088775138669007e-05,2.5499999974558678,,
760,0.0050000000000000001,302.12615761676699,302.12614834851769,9.2682493004758726e-06,2.549999980998332,,
760,0.0060000000000000001,302.17610239937864,302.17609513000946,7.269369177720364e-06,2.5499998710491889,,
760,0.0070000000000000001,302.23594917821515,302.23594428948508,4.8887300749811402e-06,2.5499992105360105,,
760,0.0080000000000000002,302.30610118885954,302.30609905543588,2.133423663508438e-06,2.5499956580408512,,
760,0.0090000000000000011,302.38701627686584,302.38701725142153,-9.7455568948134896e-07,2.5499786026026254,,
760,0.01,302.47920236225576,302.47920675595361,-4.3936978499914403e-06,2.5499056610985442,,
760,0.010999999999999999,302.58321204913142,302.58322011096453,-8.0618331139703514e-06,2.549628166213898,,
760,0.012,302.69963695440345,302.69964885618759,-1.1901784148449224e-05,2.5486898963775282,,
760,0.013000000000000001,302.82910275392334,302.82911859018361,-1.583626027468199e-05,2.5458710885784566,,
760,0.014,302.97226629135702,302.97228610228797,-1.9810930950825423e-05,2.5383435022289484,,
760,0.014999999999999999,303.12981615604127,303.12983997491079,-2.3818869522074237e-05,2.5204486698584723,,
760,0.016,303.30247769575391,303.30250561123199,-2.7915478085560608e-05,2.4824715770505361,,
760,0.017000000000000001,303.49102239752801,303.49105461027227,-3.2212744258686143e-05,2.4101826625735501,,
760,0.018000000000000002,303.69628010513628,303.69631695211905,-3.6846982766292058e-05,2.2859043586232226,,
760,0.019,303.91915109721288,303.91919302572336,-4.1928510484012804e-05,2.0909950106948005,,
760,0.02,304.16061425806186,304.1606617638829,-4.7505821044069307e-05,1.8078042039386115,,
770,0,302.04484869082012,302.04483509794602,1.3592874097412277e-05,2.5499999999981631,,
770,0.001,302.04930172457591,302.04928830458249,1.3419993422303378e-05,2.5499999999937737,,
770,0.002,302.06269257526009,302.06267969444588,1.2880814210802782e-05,2.5499999999511935,,
770,0.0030000000000000001,302.08511639313406,302.08510441608462,1.1977049439337861e-05,2.549999999594565,,
770,0.0040000000000000001,302.1167312871687,302.11672058338456,1.0703784141696815e-05,2.5499999967972902,,
770,0.0050000000000000001,302.15775752693429,302.15774847045361,9.0564806782822416e-06,2.5499999766698744,,
770,0.0060000000000000001,302.20847624773722,302.20846921387897,7.0338582531803695e-06,2.5499998453696775,,
770,0.0070000000000000001,302.26922752772106,302.26922288624786,4.641473196898005e-06,2.5499990741131184,,
770,0.0080000000000000002,302.34040773119591,302.34040583560511,1.8955907989948173e-06,2.5499950124366517,,
770,0.0090000000000000011,302.42246609798491,302.42246727165019,-1.173665282294678e-06,2.5499758912676187,,
770,0.01,302.51590071257965,302.51590523403195,-4.5214522970127291e-06,2.5498955859262664,,
770,0.010999999999999999,302.62125420345347,302.62126229485165,-8.0913981719277217e-06,2.5495951212941783,,
770,0.012,302.73910976731412,302.73912159134181,-1.1824027694729011e-05,2.5485944377468654,,
770,0.013000000000000001,302.87008831468302,302.87010398467066,-1.566998764701566e-05,2.5456286606643346,,
770,0.014,303.01484759202816,303.01486719715945,-1.9605131285516109e-05,2.5378030602007189,,
770,0.014999999999999999,303.17408395046328,303.17410759263504,-2.3642171754545416e-05,2.5193922412605754,,
770,0.016,303.3485369471274,303.34856478014757,-2.7833020169509837e-05,2.4806620621444306,,
770,0.017000000000000001,303.53899622718484,303.53902848479225,-3.2257607415431266e-05,2.4074683866838935,,
770,0.018000000000000002,303.74630930949223,303.74634630896901,-3.6999476776600204e-05,2.2823442259055158,,
770,0.019,303.9713882519053,303.97143036645099,-4.2114545692584215e-05,2.0869298044162741,,
770,0.02,304.2152129781573,304.21526059523973,-4.7617082429951552e-05,1.8038096608060532,,
780,0,302.0751495466551,302.07513611131617,1.343533892850246e-05,2.5499999999974472,,
780,0.001,302.07967377916407,302.07966052073942,1.3258424644391198e-05,2.5499999999915417,,
780,0.002,302.09327791118073,302.09326520336128,1.2707819450952229e-05,2.5499999999355816,,
780,0.0030000000000000001,302.11605610074793,302.11604431374263,1.1787005291807873e-05,2.5499999994791755,,
780,0.0040000000000000001,302.14816465521312,302.14815416094899,1.049426413146648e-05,2.549999995990273,,
780,0.0050000000000000001,302.18982104418399,302.18981221439759,8.8297863953812339e-06,2.549999971495164,,
780,0.0060000000000000001,302.24130241029235,302.24129561190892,6.7983834242113517e-06,2.5499998153769372,,
780,0.0070000000000000001,302.30294352240605,302.30293911008232,4.4123237330495613e-06,2.549998918227578,,
780,0.0080000000000000002,302.37513416265881,302.37513246897595,1.6936828615143895e-06,2.5499942896655297,,
780,0.0090000000000000011,302.45831603048879,302.4583173552287,-1.3247399124338699e-06,2.5499729129283892,,
780,0.01,302.55297937707252,302.55298397803716,-4.6009646439415519e-06,2.5498847102981181,,
780,0.010999999999999999,302.65965973219733,302.65966782075395,-8.0885566262622888e-06,2.5495600149690669,,
780,0.012,302.77893521483901,302.77894695928342,-1.174444440721345e-05,2.5484944707658972,,
780,0.013000000000000001,302.91142497599498,302.91144051450573,-1.5538510751866852e-05,2.5453780025903603,,
780,0.014,303.05778925292191,303.0578087152644,-1.9462342493170581e-05,2.5372504500398301,,
780,0.014999999999999999,303.21873128157574,303.21875481536847,-2.3533792727903347e-05,2.5183221809985255,,
780,0.016,303.39500092455631,303.39502871896764,-2.7794411323611712e-05,2.4788433439436095,,
780,0.017000000000000001,303.58739938899231,303.58743168749743,-3.2298505118433241e-05,2.4047567623016675,,
780,0.018000000000000002,303.79678395091878,303.79682104628455,-3.7095365769346245e-05,2.2788030754239825,,
780,0.019,304.02407131444608,304.02411352396189,-4.2209515811464371e-05,2.0828971634968902,,
780,0.02,304.27023768743743,304.27028587910644,-4.8191669009156612e-05,1.799850829607587,,
790,0,302.10592889124672,302.10591564805884,1.3243187879652396e-05,2.5499999999964809,,
790,0.001,302.11052352551314,302.1105104632494,1.3062263747087854e-05,2.5499999999885925,,
790,0.002,302.12433846950734,302.12432596582198,1.2503685354658955e-05,2.5499999999155278,,
790,0.0030000000000000001,302.14746667280696,302.14745510078268,1.1572024277484161e-05,2.5499999993348701,,
790,0.0040000000000000001,302.18006234501803,302.18005207597685,1.0269041183619265e-05,2.549999995006373,,
790,0.0050000000000000001,302.22233987851922,302.22233127903797,8.5994812479839311e-06,2.5499999653365242,,
790,0.0060000000000000001,302.27457230198024,302.274565728808,6.5731722429518413e-06,2.5499997804843968,,
790,0.0070000000000000001,302.3370892718965,302.33708506505963,4.2068368770742381e-06,2.5499987407106435,,
790,0.0080000000000000002,302.41027465953636,302.41027313448598,1.5250503793140524e-06,2.5499934828663102,,
790,0.0090000000000000011,302.49456386833816,302.49456530864592,-1.4403077557290089e-06,2.5499696493346762,,
790,0.01,302.59044110897241,302.59044576159653,-4.6526241135325108e-06,2.5498729944669369,,
790,0.010999999999999999,302.69843694505971,302.69844502031305,-8.0752533335726184e-06,2.5495227797845876,,
790,0.012,302.81912647175869,302.81913814973393,-1.1677975237489591e-05,2.5483899168954993,,
790,0.013000000000000001,302.9531284626263,302.95314390727361,-1.5444647317508498e-05,2.5451190852132917,,
790,0.014,303.10110563559425,303.10112501707408,-1.938147983082672e-05,2.5366857858012994,,
790,0.014999999999999999,303.26376552547879,303.26378904929641,-2.3523817617387976e-05,2.5172387992489855,,
790,0.016,303.44185918943663,303.44188711573827,-2.7926301640945894e-05,2.4770158370917588,,
790,0.017000000000000001,303.63616897004516,303.63620150243753,-3.2532392367556895e-05,2.4020480566003304,,
790,0.018000000000000002,303.84746681339277,303.84750359542369,-3.678203091794785e-05,2.2752807718163015,,
790,0.019,304.07642225285497,304.07646162902881,-3.937617384508485e-05,2.0788965237228574,,
790,0.02,304.32346693278197,304.3235058924019,-3.8959619928391476e-05,1.7959275580319478,,
800,0,302.13718086399075,302.13716784311208,1.3020878668612568e-05,2.5499999999951841,,
800,0.001,302.14184496664478,302.14183212818114,1.2838463646858145e-05,2.5499999999847205,,
800,0.002,302.15586788310645,302.15585560685122,1.2276255233700795e-05,2.5499999998899243,,
800,0.0030000000000000001,302.17934125490422,302.1793299141018,1.134080241627089e-05,2.5499999991553897,,
800,0.0040000000000000001,302.2124170886932,302.21240705176433,1.003692887024954e-05,2.5499999938126825,,
800,0.0050000000000000001,302.25530667385794,302.25529830085441,8.3730035385087831e-06,2.5499999580385815,,
800,0.0060000000000000001,302.30827908270334,302.3082727204071,6.3622962329645816e-06,2.5499997400455561,,
800,0.0070000000000000001,302.37165930231271,302.37165527849203,4.0238206793219433e-06,2.5499985392251698,,
800,0.0080000000000000002,302.4458260906535,302.44582470843295,1.3822205460201076e-06,2.549992584802081,,
800,0.0090000000000000011,302.53120970467614,302.53121123845926,-1.5337831200668006e-06,2.5499660816306866,,
800,0.01,302.62828969594267,302.62829439065797,-4.6947153009568865e-06,2.5498603981985761,,
800,0.010999999999999999,302.73759297136269,302.73760104691047,-8.0755477824823174e-06,2.5494833489391313,,
800,0.012,302.85969218809902,302.85970385078582,-1.1662686802083044e-05,2.548280700677434,,
800,0.013000000000000001,302.99520412321635,302.99521958401652,-1.546080017078566e-05,2.5448518846527959,,
800,0.014,303.14478667179947,303.14480616006341,-1.9488263944822393e-05,2.5361091851610942,,
800,0.014999999999999999,303.30913139239982,303.30915512774681,-2.3735346985631622e-05,2.5161424021444874,,
800,0.016,303.4889464022566,303.48897446598636,-2.8063729757832334e-05,2.4751799428164003,,
800,0.017000000000000001,303.6849234942884,303.68495558209992,-3.2087811518977105e-05,2.3993425222451061,,
800,0.018000000000000002,303.8976862765424,303.89772145093491,-3.5174392507997254e-05,2.2717771777420723,,
800,0.019,304.12772473729791,304.12776137394877,-3.6636650861510134e-05,2.0749273400011963,,
800,0.02,304.37533323990237,304.37536928289944,-3.6042997066942917e-05,1.7920391825216129,,
810,0,302.16889895416301,302.16888617552758,1.2778635436916375e-05,2.5499999999934575,,
810,0.001,302.17363154005517,302.17361894390621,1.2596148962984444e-05,2.5499999999796708,,
810,0.002,302.18785946859947,302.18784743416654,1.2034432927521266e-05,2.5499999998574254,,
810,0.0030000000000000001,302.21167307305558,302.21166197148824,1.1101567338300811e-05,2.5499999989333393,,
810,0.0040000000000000001,302.24522220275719,302.24521239814374,9.8046134553442243e-06,2.5499999923712942,,
810,0.0050000000000000001,302.28871519486182,302.28870704057124,8.1542905832066026e-06,2.5499999494266463,,
810,0.0060000000000000001,302.34241748352099,302.34241131796375,6.1655572380914236e-06,2.5499996933501512,,
810,0.0070000000000000001,302.40664991347347,302.40664605595128,3.857522187900031e-06,2.5499983112593561,,
810,0.0080000000000000002,302.48178684811973,302.48178559581879,1.2523009331744106e-06,2.5499915878567285,,
810,0.0090000000000000011,302.56825416789371,302.56825579546143,-1.6275677126031951e-06,2.5499621903705192,,
810,0.01,302.66652720288931,302.66653196605262,-4.7631633037781285e-06,2.5498468808258181,,
810,0.010999999999999999,302.7771284709699,302.77713661436621,-8.1433963146082533e-06,2.5494416563609117,,
810,0.012,302.90062471917679,302.90063648448722,-1.1765310432565457e-05,2.5481667497407909,,
810,0.013000000000000001,303.03762214015927,303.03763776306442,-1.5622905152667954e-05,2.5445763821020435,,
810,0.014,303.18875782967035,303.18877750645572,-1.9676785370847938e-05,2.5355207690773565,,
810,0.014999999999999999,303.35468488936471,303.35470869579115,-2.3806426440842188e-05,2.5150332916341838,,
810,0.016,303.53604868193474,303.53607644630426,-2.7764369519900356e-05,2.4733360493425396,,
810,0.017000000000000001,303.73345331501611,303.73348448499843,-3.1169982321443968e-05,2.3966403981547031,,
810,0.018000000000000002,303.94742073805628,303.94745431427719,-3.3576220914710575e-05,2.2682921541673093,,
810,0.019,304.17834912533931,304.17838372105848,-3.4595719171193196e-05,2.0709890931784982,,
810,0.02,304.42648053147178,304.4265145825492,-3.4051077420826914e-05,1.7881847972445279,,
820,0,302.20107652728802,302.20106400179446,1.252549355967858e-05,2.5499999999911735,,
820,0.001,302.20587662748397,302.20586428339504,1.2344088929694408e-05,2.5499999999731244,,
820,0.002,302.22030668084784,302.22029489473181,1.1786116033363214e-05,2.5499999998164102,,
820,0.0030000000000000001,302.24445577978236,302.24444491921685,1.0860565510029119e-05,2.549999998660021,,
820,0.0040000000000000001,302.27847175431367,302.27846217864709,9.5756665814406006e-06,2.5499999906387227,,
820,0.0050000000000000001,302.32256022314863,302.32255228021683,7.942931802062958e-06,2.549999939305025,,
820,0.0060000000000000001,302.37698331724084,302.3769773403024,5.9769384392893699e-06,2.54999963962028,,
820,0.0070000000000000001,302.44205812299009,302.44205442865433,3.6943357599739102e-06,2.5499980541207421,,
820,0.0080000000000000002,302.51815487319811,302.51815376119328,1.1120048384327674e-06,2.5499904840324059,,
820,0.0090000000000000011,302.6056948493586,302.6056966046022,-1.7552436020196183e-06,2.549957955534913,,
820,0.01,302.70514781482547,302.70515271088732,-4.8960618528326449e-06,2.5498324013019764,,
820,0.010999999999999999,302.81702854773846,302.81703684813095,-8.3003924942204321e-06,2.5493976367805171,,
820,0.012,302.94189168916563,302.94190363947979,-1.195031416045822e-05,2.5480479948005965,,
820,0.013000000000000001,303.08032373776433,303.08033953942078,-1.5801656445546541e-05,2.5442925636384679,,
820,0.014,303.23293077723304,303.23295053580267,-1.9758569635541789e-05,2.5349206614692972,,
820,0.014999999999999999,303.40032067334067,303.40034432328667,-2.3649946001569333e-05,2.5139117653663052,,
820,0.016,303.5830792769695,303.58310649885772,-2.7221888217354717e-05,2.4714845322999461,,
820,0.017000000000000001,303.78174170265333,303.78177186353554,-3.0160882204199879e-05,2.3939419102187047,,
820,0.018000000000000002,303.99676176873874,303.9967939205012,-3.2151762468402012e-05,2.2648255608179881,,
820,0.019,304.22848454219616,304.2285174991361,-3.2956939946870989e-05,2.0670812814880071,,
820,0.02,304.4771277721544,304.47716027315977,-3.2501005364338198e-05,1.7843636771107267,,
830,0,302.23370720683198,302.23369493808957,1.2268742409560218e-05,2.5499999999881715,,
830,0.001,302.23857391040855,302.23856182129589,1.2089112658486556e-05,2.5499999999646907,,
830,0.002,302.2532033859942,302.25319184929617,1.153669802533841e-05,2.5499999997649292,,
830,0.0030000000000000001,302.27768357614787,302.2776729555128,1.0620635066516115e-05,2.5499999983252524,,
830,0.0040000000000000001,302.3121604397449,302.31215109070331,9.3490415906671842e-06,2.5499999885652844,,
830,0.0050000000000000001,302.35683705887885,302.35682932638156,7.7324972949099902e-06,2.5499999274552514,,
830,0.0060000000000000001,302.41197240707993,302.41196662377911,5.7833008213492576e-06,2.5499995780064961,,
830,0.0070000000000000001,302.47787977150102,302.47787625719212,3.5143089007760864e-06,2.5499977649304575,,
830,0.0080000000000000002,302.55492476410149,302.55492382627284,9.3782864496461116e-07,2.5499892649478251,,
830,0.0090000000000000011,302.6435227528911,302.64352468737388,-1.9344827819622878e-06,2.5499533565490933,,
830,0.01,302.7441353845727,302.74414047378804,-5.0892153353743197e-06,2.5498169182539181,,
830,0.010999999999999999,302.85726566653068,302.85727417121387,-8.5046831941326673e-06,2.5493512257987341,,
830,0.012,302.98345087518476,302.98346301465784,-1.2139473085426289e-05,2.547924369649786,,
830,0.013000000000000001,303.12325244731124,303.12326836463899,-1.5917327743864007e-05,2.5440004200363262,,
830,0.014,303.27724211092055,303.27726182358617,-1.9712665618953906e-05,2.5343089889138302,,
830,0.014999999999999999,303.44598393712965,303.4460072807459,-2.334361624889425e-05,2.5127781165896743,,
830,0.016,303.63001279013417,303.63003937011393,-2.6579979760299466e-05,2.4696257551207523,,
830,0.017000000000000001,303.82981073150586,303.82983990209539,-2.9170589527893753e-05,2.3912472719734246,,
830,0.018000000000000002,304.04578404757018,304.04581493522284,-3.0887652656019782e-05,2.2613772567282,,
830,0.019,304.27824434209822,304.27827592022305,-3.1578124833231414e-05,2.0632034126392051,,
830,0.02,304.52739720289014,304.52742841874039,-3.1215850242460874e-05,1.7805751518969479,,
840,0,302.26678504819415,302.26677303605516,1.2012138995487476e-05,2.5499999999842529,,
840,0.001,302.27171750748096,302.27170567313323,1.1834347731110029e-05,2.5499999999538892,,
840,0.002,302.28654388428828,302.28653259688053,1.1287407744475786e-05,2.5499999997006517,,
840,0.0030000000000000001,302.31135102819036,302.31134064833918,1.0379851175912336e-05,2.5499999979171641,,
840,0.0040000000000000001,302.34628308669221,302.34627396807883,9.1186133772680478e-06,2.5499999860944302,,
840,0.0050000000000000001,302.39154060176872,302.39153308944941,7.5123193141735101e-06,2.5499999136342555,,
840,0.0060000000000000001,302.44737920811792,302.4473736374652,5.5706527177790122e-06,2.5499995075838897,,
840,0.0070000000000000001,302.51410786443194,302.51410456054833,3.303883602256974e-06,2.549997440617743,,
840,0.0080000000000000002,302.59208647555965,302.59208575232861,7.2323103950111545e-07,2.5499879218374044,,
840,0.0090000000000000011,302.68172266140363,302.68172481849001,-2.1570863850683963e-06,2.549948372301662,,
840,0.01,302.78346730603539,302.78347262131308,-5.3152776899878518e-06,2.5498003900343571,,
840,0.010999999999999999,302.89780840560138,302.89781712012319,-8.7145218117257173e-06,2.5493023599496212,,
840,0.012,303.02526267398804,303.02527496730187,-1.2293313830014085e-05,2.5477958111448733,,
840,0.013000000000000001,303.16636442326205,303.16638037906819,-1.5955806134115846e-05,2.543699946581286,,
840,0.014,303.32165147161288,303.32167103737987,-1.9565766990581324e-05,2.5336858803591924,,
840,0.014999999999999999,303.49164827538942,303.49167122378151,-2.2948392086163949e-05,2.5116326340729773,,
840,0.016,303.67684710523241,303.67687300853083,-2.5903298421781074e-05,2.4677600694276429,,
840,0.017000000000000001,303.87768878342274,303.87771701271396,-2.8229291217485297e-05,2.3885566852459124,,
840,0.018000000000000002,304.09454509519117,304.09457485268445,-2.9757493280158087e-05,2.2579471005909815,,
840,0.019,304.3277052799944,304.32773566360015,-3.0383605746919784e-05,2.0593550026197041,,
840,0.02,304.57736926893693,304.57739892997722,-2.966104028701011e-05,1.7768185850638789,,
850,0,302.30030443914507,302.3002926850271,1.1754117963391764e-05,2.5499999999791667,,
850,0.001,302.30530183265705,302.30529025482008,1.1577836971810029e-05,2.5499999999401326,,
850,0.002,302.3203226433518,302.32031160883872,1.1034513079266617e-05,2.5499999996208094,,
850,0.0030000000000000001,302.34545260431366,302.3454424723472,1.0131966462267883e-05,2.5499999974219811,,
850,0.0040000000000000001,302.38083396185772,302.38082508617299,8.875684727627231e-06,2.5499999831620364,,
850,0.0050000000000000001,302.42666448376309,302.42665721120136,7.2725617314972624e-06,2.54999989757246,,
850,0.0060000000000000001,302.4831959809066,302.4831906500753,5.3308312999433838e-06,2.5499994273481463,,
850,0.0070000000000000001,302.55073222856237,302.55072916801237,3.0605500001001928e-06,2.5499970779147376,,
850,0.0080000000000000002,302.62962610480434,302.62962562959746,4.7520688895019703e-07,2.5499864455512009,,
850,0.0090000000000000011,302.72027568639527,302.72027809144163,-2.4050463593994209e-06,2.5499429811643504,,
850,0.01,302.82311897189459,302.82312452022586,-5.5483312735304935e-06,2.5497827747733059,,
850,0.010999999999999999,302.93862686473688,302.93863576922683,-8.9044899596046889e-06,2.5492509767591742,,
850,0.012,303.06729408100909,303.06730647913258,-1.2398123487855628e-05,2.547662259186311,,
850,0.013000000000000001,303.20962778408398,303.20964370698556,-1.5922901582143822e-05,2.5433911428879608,,
850,0.014,303.36613402503292,303.36615336462029,-1.9339587367994682e-05,2.5330514668548538,,
850,0.014999999999999999,303.5373025463748,303.53732503012475,-2.2483749944512965e-05,2.5104756020393655,,
850,0.016,303.72359140785869,303.72361659855989,-2.5190701194333087e-05,2.4658878154110053,,
850,0.017000000000000001,303.92541466396443,303.92544198998655,-2.7326022120632842e-05,2.3858703407701705,,
850,0.018000000000000002,304.14313875809609,304.14316760631181,-2.8848215720245207e-05,2.2545349508569377,,
850,0.019,304.37709372634896,304.3771236877156,-2.9961366635689046e-05,2.0555355763404153,,
850,0.02,304.6275990517974,304.62763010926989,-3.1057472483553283e-05,1.773092882038025,,
860,0,302.33425975016854,302.33424826070996,1.148945858631123e-05,2.5499999999726048,,
860,0.001,302.33932121843549,302.33930990484561,1.1313589880046493e-05,2.549999999922707,,
860,0.002,302.35453385126885,302.35452307990613,1.0771362724426581e-05,2.5499999995221185,,
860,0.0030000000000000001,302.37998215101197,302.37997228119161,9.8698203601088608e-06,2.5499999968237779,,
860,0.0040000000000000001,302.41580622684074,302.41579761335612,8.6134846242202912e-06,2.5499999796956523,,
860,0.0050000000000000001,302.46220065380948,302.46219364529588,7.0085135916997388e-06,2.5499998789718217,,
860,0.0060000000000000001,302.51941275083334,302.51940768753644,5.0632968964237079e-06,2.5499993362116471,,
860,0.0070000000000000001,302.58774014289878,302.58773735315634,2.789742438835674e-06,2.5499966733516626,,
860,0.0080000000000000002,302.66752741904691,302.66752721339702,2.0564988290061592e-07,2.5499848265558209,,
860,0.0090000000000000011,302.75916165144417,302.75916431307735,-2.661633175193856e-06,2.5499371610128176,,
860,0.01,302.86306651738045,302.86307228779111,-5.7704106666278676e-06,2.5497640304285785,,
860,0.010999999999999999,302.97969479077983,302.97970385021961,-9.0594397761378787e-06,2.5491970147989935,,
860,0.012,303.10951907908645,303.10953152290728,-1.2443820821772533e-05,2.5475236566923534,,
860,0.013000000000000001,303.25302092615584,303.25303673985889,-1.5813703043932037e-05,2.5430740127186597,,
860,0.014,303.4106788411147,303.41069787870236,-1.9037587662751321e-05,2.5324058812964032,,
860,0.014999999999999999,303.5829564678059,303.58297844317406,-2.1975368156290642e-05,2.5093073001176771,,
860,0.016,303.77029285553778,303.77031736507485,-2.4509537070116494e-05,2.4640093222008566,,
860,0.017000000000000001,303.97309722616018,303.97312381578701,-2.658962682744459e-05,2.3831884187775043,,
860,0.018000000000000002,304.19175008572432,304.19177834670046,-2.8260976137062244e-05,2.2511406657117936,,
860,0.019,304.42661055373947,304.42664019565422,-2.9641914750300202e-05,2.051744664728647,,
860,0.02,304.6780269237301,304.67805778548933,-3.0861759228173469e-05,1.76939742968876,,
870,0,302.36864488702554,302.36863367569106,1.1211334481231461e-05,2.5499999999641902,,
870,0.001,302.37376946828505,302.37375843314118,1.1035143870685715e-05,2.5499999999007525,,
870,0.002,302.38917097989463,302.38916048792566,1.0491968964743137e-05,2.5499999994007148,,
870,0.0030000000000000001,302.41493250981199,302.41492292129863,9.5885133646333998e-06,2.5499999961042223,,
870,0.0040000000000000001,302.45119169585342,302.45118336673124,8.329122181294224e-06,2.5499999756137055,,
870,0.0050000000000000001,302.49813940419756,302.49813268383076,6.7203667981630133e-06,2.5499998575038396,,
870,0.0060000000000000001,302.55601774204638,302.55601296983446,4.7722119234094862e-06,2.5499992329996357,,
870,0.0070000000000000001,302.62511727105641,302.62511477119546,2.4998609546855732e-06,2.5499962232523945,,
870,0.0080000000000000002,302.70577325426763,302.70577332779573,-7.3528099164832383e-08,2.5499830549362237,,
870,0.0090000000000000011,302.79836075644721,302.798363669747,-2.9132997951819561e-06,2.5499308892482504,,
870,0.01,302.90328844319924,302.90329441249634,-5.9692970921787492e-06,2.5497441148351503,,
870,0.010999999999999999,303.02099101306771,303.02100018536225,-9.1722945398942102e-06,2.5491404137352065,,
870,0.012,303.15192037564901,303.15193280827253,-1.2432623520908237e-05,2.5473799495674787,,
870,0.013000000000000001,303.29653597145801,303.29655161497487,-1.5643516860563977e-05,2.5427485638046194,,
870,0.014,303.45529499141628,303.45531368287175,-1.8691455466068874e-05,2.5317492581852976,,
870,0.014999999999999999,303.62864360093141,303.62866507492959,-2.1473998174315057e-05,2.5081280033081295,,
870,0.016,303.81701043455325,303.81703435570461,-2.392115135307904e-05,2.4621249082314383,,
870,0.017000000000000001,304.02080340416501,304.02082941507223,-2.6010907220097579e-05,2.3805110895526322,,
870,0.018000000000000002,304.24041015665728,304.2404379256821,-2.77690248253748e-05,2.247764103009906,,
870,0.019,304.47620147327035,304.47623072315065,-2.9249880299175857e-05,2.0479817991072538,,
870,0.02,304.72853594710011,304.7285664650426,-3.0517942491314898e-05,1.7657318637173229,,
880,0,302.4034529095635,302.40344199635103,1.0913212463492528e-05,2.5499999999534566,,
880,0.001,302.40863949515528,302.40862875890889,1.0736246395026683e-05,2.5499999998732314,,
880,0.002,302.42422648806053,302.42421629709031,1.0190970215262496e-05,2.5499999992520586,,
880,0.0030000000000000001,302.4502953439378,302.4502860596545,9.2842832941641973e-06,2.5499999952422838,,
880,0.0040000000000000001,302.48698085804455,302.48697283682912,8.0212154216496856e-06,2.5499999708246488,,
880,0.0050000000000000001,302.53446966191717,302.53446325207392,6.4098432517312176e-06,2.5499998328074276,,
880,0.0060000000000000001,302.59299799001303,302.59299352716027,4.4628527575696353e-06,2.549999116446211,,
880,0.0070000000000000001,302.66284860418239,302.66284640450669,2.1996756913722493e-06,2.5499957237299391,,
880,0.0080000000000000002,302.74434675308089,302.74434710386851,-3.5078761584372842e-07,2.5499811203975242,,
880,0.0090000000000000011,302.83785506321175,302.83785821037378,-3.1471620332013117e-06,2.549924142818691,,
880,0.01,302.94376732072413,302.94377345372561,-6.1330014773375296e-06,2.5497229857532071,,
880,0.010999999999999999,303.06250122047044,303.06251045622497,-9.2357545327104162e-06,2.5490811143755243,,
880,0.012,303.19449033294399,303.19450270168568,-1.2368741693080665e-05,2.5472310866725709,,
880,0.013000000000000001,303.34017575132339,303.34019118863677,-1.5437313379607076e-05,2.5424148076783797,,
880,0.014,303.49999808099869,303.50001643017214,-1.8349173444676126e-05,2.5310817334054976,,
880,0.014999999999999999,303.67439054627454,303.67441157330245,-2.1027027912623453e-05,2.5069379819504176,,
880,0.016,303.86377393190367,303.86379735171437,-2.3419810702307586e-05,2.4602348815753889,,
880,0.017000000000000001,304.06855380442317,304.06857931256582,-2.5508142641683662e-05,2.3778385139313043,,
880,0.018000000000000002,304.2891200038253,304.28914730504783,-2.7301222530695668e-05,2.2444051200976318,,
880,0.019,304.52584789070085,304.52587671675764,-2.8826056791331212e-05,2.0442465182807705,,
880,0.02,304.77910047020083,304.77913059411173,-3.0123910903512296e-05,1.7620957014148515,,
890,0,302.43867581483573,302.43866522397656,1.059085917631819e-05,2.5499999999398391,,
890,0.001,302.44392313150018,302.44391271843432,1.0413065865577664e-05,2.5499999998389029,,
890,0.002,302.45969171306467,302.45968184733493,9.8657297371573804e-06,2.5499999990708453,,
890,0.0030000000000000001,302.48606116666605,302.48605221023217,8.9564338736636273e-06,2.5499999942139309,,
890,0.0040000000000000001,302.52316309551998,302.52315540388639,7.6916335842724948e-06,2.5499999652260756,,
890,0.0050000000000000001,302.57117943953904,302.57117335778116,6.0817578741989564e-06,2.5499998044868351,,
890,0.0060000000000000001,302.63034004963532,302.6303359066913,4.142944021623407e-06,2.5499989851906393,,
890,0.0070000000000000001,302.70091941861335,302.70091751948053,1.899132826110872e-06,2.5499951706828572,,
890,0.0080000000000000002,302.78323250031417,302.78323311597546,-6.1566129261336755e-07,2.5499790122686377,,
890,0.0090000000000000011,302.87762958806081,302.87763294343472,-3.3553739058334031e-06,2.5499168982422522,,
890,0.01,302.98449029772058,302.98449655865056,-6.2609299789073702e-06,2.5497006009151844,,
890,0.010999999999999999,303.10421680962833,303.10422607077447,-9.261146146855026e-06,2.5490190587089216,,
890,0.012,303.23722665606226,303.23723893225014,-1.2276187874249445e-05,2.5470770197826909,,
890,0.013000000000000001,303.38394547173232,303.38396069545007,-1.522371775308784e-05,2.5420727594987209,,
890,0.014,303.54480021620469,303.54481824317321,-1.8026968518825015e-05,2.5304034440094907,,
890,0.014999999999999999,303.72021338820838,303.72023401124153,-2.0623033151423442e-05,2.5057375017161485,,
890,0.016,303.91059865364696,303.91062162276967,-2.2969122710492229e-05,2.4583395402985362,,
890,0.017000000000000001,304.11635810329557,304.11638314814593,-2.5044850360700366e-05,2.3751708437847938,,
890,0.018000000000000002,304.33788108476119,304.33790793456177,-2.684980057665598e-05,2.2410635735940176,,
890,0.019,304.57554429298,304.57557269044662,-2.8397466621754575e-05,2.0405383749649086,,
890,0.02,304.82971264058654,304.82974235867096,-2.9718084419982915e-05,1.7584884475952791,,
900,0,302.47430450107152,302.47429425817603,1.0242895484680048e-05,2.5499999999226537,,
900,0.001,302.47961111946535,302.47960105484452,1.0064620823868609e-05,2.5499999997962899,,
900,0.002,302.49555693833315,302.49554742191452,9.5164186291185615e-06,2.549999998850899,,
900,0.0030000000000000001,302.52221953337187,302.52221092645595,8.6069159124235739e-06,2.5499999929917947,,
900,0.0040000000000000001,302.55972703657409,302.55971969209241,7.3444816734991036e-06,2.5499999587037951,,
900,0.0050000000000000001,302.60825636525539,302.60825062293537,5.742320013268909e-06,2.5499997721094774,,
900,0.0060000000000000001,302.66803067572619,302.66802685561902,3.8201071674848208e-06,2.5499988377735683,,
900,0.0070000000000000001,302.73931600288358,302.73931439714829,1.605735292287136e-06,2.5499945597917053,,
900,0.0080000000000000002,302.82241706725733,302.82241793037002,-8.6311268887584447e-07,2.5499767195060179,,
900,0.0090000000000000011,302.91767227643084,302.91767581444628,-3.5380154486119864e-06,2.5499091316299758,,
900,0.01,303.02544801655404,303.02545437658625,-6.3600322164347745e-06,2.549676918071246,,
900,0.010999999999999999,303.14613241592156,303.14614167747476,-9.2615532025774883e-06,2.5489541899431858,,
900,0.012,303.28012885297329,303.28014102295634,-1.2169983051535382e-05,2.5469177035464146,,
900,0.013000000000000001,303.42784955552651,303.42786456851775,-1.5012991241292184e-05,2.5417224378861909,,
900,0.014,303.58970967346784,303.58972739800561,-1.7724537769936433e-05,2.5297145280199742,,
900,0.014999999999999999,303.7661221843253,303.76614243479025,-2.0250464956461656e-05,2.5045268236033307,,
900,0.016,303.95749390297408,303.95751645535,-2.255237592407866e-05,2.4564391727866539,,
900,0.017000000000000001,304.16422272455628,304.16424733345144,-2.4608895159872191e-05,2.3725082224460485,,
900,0.018000000000000002,304.38669606400526,304.38672247817595,-2.6414170690713945e-05,2.2377393193614483,,
900,0.019,304.62529030922406,304.6253182832354,-2.797401134557731e-05,2.0368569363799356,,
900,0.02,304.88037162362212,304.88040032848448,-2.8704862359063554e-05,1.7549096107686222,,
910,0,302.5103288970671,302.51031902735286,9.8697142334458476e-06,2.5499999999010741,,
910,0.001,302.51569326192481,302.51568356931375,9.6926110586537106e-06,2.5499999997436356,,
910,0.002,302.53181160616151,302.53180246051301,9.1456485051821801e-06,2.5499999985850588,,
910,0.0030000000000000001,302.55875934521288,302.55875110561851,8.23959436502264e-06,2.5499999915448184,,
910,0.0040000000000000001,302.59666095787509,302.59665397299796,6.9848771317992941e-06,2.5499999511308471,,
910,0.0050000000000000001,302.64568815415919,302.64568275674708,5.3974121101418859e-06,2.5499997352037322,,
910,0.0060000000000000001,302.70605727927494,302.70605377931668,3.4999582680939056e-06,2.549998672633357,,
910,0.0070000000000000001,302.77802594874493,302.77802462536863,1.323376295658818e-06,2.5499938865159142,,
910,0.0080000000000000002,302.86188893439891,302.8618900268732,-1.0924742923634767e-06,2.5499742306982176,,
910,0.0090000000000000011,302.95797336400761,302.95797706256803,-3.6985604197070643e-06,2.5499008187092556,,
910,0.01,303.06663335413162,303.06663979169116,-6.437559534333559e-06,2.5496518950333886,,
910,0.010999999999999999,303.18824425933542,303.18825350531711,-9.2459816869450151e-06,2.5488864525382184,,
910,0.012,303.32319678076414,303.32320883805011,-1.2057285971422971e-05,2.5467530954409945,,
910,0.013000000000000001,303.47189122628424,303.4719060311777,-1.4804893453401746e-05,2.5413638647612147,,
910,0.014,303.63473229164396,303.63474971503319,-1.7423389238047093e-05,2.5290151242433017,,
910,0.014999999999999999,303.81212511719764,303.81214496550081,-1.9848303168146231e-05,2.5033062039415213,,
910,0.016,304.00447511760063,304.00449714223686,-2.2024636223250127e-05,2.4545340580656378,,
910,0.017000000000000001,304.21219920708859,304.21222321599714,-2.4008908553696529e-05,2.3698507851012831,,
910,0.018000000000000002,304.43576457712464,304.43579089805206,-2.6320927418055362e-05,2.2344322127011731,,
910,0.019,304.67577318266933,304.67580335756821,-3.0174898881796253e-05,2.0332017828838729,,
910,0.02,304.93308478299832,304.93312160341981,-3.6820421485117549e-05,1.7513578581347966,,
920,0,302.54673821104996,302.54672873359806,9.477451897055289e-06,2.5499999998741099,,
920,0.001,302.55215868368231,302.55214938232075,9.3013615583004139e-06,2.5499999996788687,,
920,0.002,302.56844461106056,302.56843585296144,8.7580991134927899e-06,2.5499999982650503,,
920,0.0030000000000000001,302.59566917959614,302.59566132002305,7.8595730883534998e-06,2.5499999898378714,,
920,0.0040000000000000001,302.63395313229705,302.63394651421879,6.6180782596347854e-06,2.5499999423664947,,
920,0.0050000000000000001,302.68346292136397,302.68345786953171,5.0518322609605093e-06,2.5499996932567113,,
920,0.0060000000000000001,302.74440812128239,302.74440493530716,3.1859752311902412e-06,2.5499984881024842,,
920,0.0070000000000000001,302.81703812329386,302.81703706992283,1.0533710224081005e-06,2.5499931460910732,,
920,0.0080000000000000002,302.90163815747371,302.90163946243752,-1.3049638027951005e-06,2.5499715340711688,,
920,0.0090000000000000011,302.99852472772221,302.99852856768922,-3.8399670074795722e-06,2.5498919348475804,,
920,0.01,303.10804059788751,303.10804709311304,-6.4952255343087018e-06,2.5496254897180846,,
920,0.010999999999999999,303.23054954744055,303.23055875552132,-9.2080807689853827e-06,2.5488157922355286,,
920,0.012,303.36643127423065,303.36644318472236,-1.1910491707567417e-05,2.5465831557244818,,
920,0.013000000000000001,303.51607719061121,303.51609172037752,-1.4529766303894576e-05,2.5409970651859726,,
920,0.014,303.67988865849355,303.67990565588826,-1.6997394709505897e-05,2.5283053720945334,,
920,0.014999999999999999,303.8582806137149,303.85829990248538,-1.9288770488401497e-05,2.5020758944055053,,
920,0.016,304.05169523100312,304.05171674397138,-2.1512968260140042e-05,2.4526244661116743,,
920,0.017000000000000001,304.26063088086477,304.26065490152882,-2.4020664056934038e-05,2.3671986591538539,,
920,0.018000000000000002,304.48568875622698,304.48571615788154,-2.7401654563163902e-05,2.231142108648891,,
920,0.019,304.72763159004415,304.72766386773492,-3.2277690763748978e-05,2.0295725003968035,,
920,0.02,304.98743822782336,304.98747725776894,-3.9029945583024528e-05,1.7478326717432626,,
930,0,302.58352122800909,302.58351215787275,9.0701363433254301e-06,2.5499999998405758,,
930,0.001,302.58899613045298,302.58898723455178,8.8959012032319151e-06,2.5499999995995473,,
930,0.002,302.60544459949546,302.60543624068373,8.3588117263388995e-06,2.5499999978813488,,
930,0.0030000000000000001,302.63293757804638,302.63293010631355,7.4717328288897988e-06,2.549999987831348,,
930,0.0040000000000000001,302.67159207591538,302.67158582741814,6.2484972431775532e-06,2.5499999322551554,,
930,0.0050000000000000001,302.72156934391529,302.72156463475648,4.7091588157854858e-06,2.5499996457119973,,
930,0.0060000000000000001,302.7830723412855,302.78306946055852,2.8807269814024039e-06,2.5499982824040455,,
930,0.0070000000000000001,302.85634253940714,302.85634174165949,7.9774764571993728e-07,2.5499923335265389,,
930,0.0080000000000000002,302.94165613833985,302.94165763563501,-1.4972951589697914e-06,2.5499686174940148,,
930,0.0090000000000000011,303.03931983332262,303.03932378705019,-3.9537275711154507e-06,2.5498824550764105,,
930,0.01,303.14966637772943,303.14967289035934,-6.5126299091389228e-06,2.549597660187378,,
930,0.010999999999999999,303.27305038923402,303.27305949707988,-9.1078458694937581e-06,2.5487421560843884,,
930,0.012,303.40984519365878,303.40985686476029,-1.1671101503907266e-05,2.5464078473860341,,
930,0.013000000000000001,303.5604420308884,303.56045617804347,-1.414715507053188e-05,2.5406220672113329,,
930,0.014,303.72525358771412,303.72527011267124,-1.6524957118235761e-05,2.5275854114340204,,
930,0.014999999999999999,303.90472428517654,303.90474316723947,-1.8882062931879773e-05,2.5008361420352734,,
930,0.016,304.09934948446238,304.09937090855033,-2.1424087947252701e-05,2.4507106581478562,,
930,0.017000000000000001,304.30970417269054,304.30972865952714,-2.4486836593951011e-05,2.3645519645684425,,
930,0.018000000000000002,304.53647854257702,304.53650701178213,-2.8469205119563412e-05,2.2278688622053924,,
930,0.019,304.78051390315062,304.78054761097883,-3.3707828208662249e-05,2.0259686688686722,,
930,0.02,305.04282935265201,305.04286971157927,-4.0358927265060629e-05,1.7443339475355188,,
940,0,302.62066659278116,302.62065793955679,8.6532243699366518e-06,2.5499999997990646,,
940,0.001,302.6261942462757,302.62618576465661,8.4816190906167321e-06,2.5499999995028122,,
940,0.002,302.64280022837187,302.64279227540902,7.9529628465024871e-06,2.5499999974230283,,
940,0.0030000000000000001,302.67055326834804,302.67054618743737,7.0809106773594976e-06,2.5499999854807305,,
940,0.0040000000000000001,302.70956671520833,302.70956083459674,5.8806115816878446e-06,2.5499999206253094,,
940,0.0050000000000000001,302.75999676747807,302.75999239367707,4.3738010049310105e-06,2.5499995919673686,,
940,0.0060000000000000001,302.82204004721211,302.82203745773052,2.5894815962601569e-06,2.5499980536483706,,
940,0.0070000000000000001,302.89593059788649,302.8959300333251,5.6456138963767444e-07,2.5499914436034805,,
940,0.0080000000000000002,302.98193644694305,302.98193810261779,-1.6556747368667857e-06,2.5499654684856234,,
940,0.0090000000000000011,303.08035597950044,303.08035999725718,-4.01775673708471e-06,2.5498723541152661,,
940,0.01,303.19151453891664,303.19152100098506,-6.4620684270266793e-06,2.5495683646884459,,
940,0.010999999999999999,303.31576191672912,303.31577084555363,-8.9288245135321631e-06,2.5486654924643743,,
940,0.012,303.45347170566521,303.4534830761981,-1.1370532888577145e-05,2.5462271360935662,,
940,0.013000000000000001,303.60504379293752,303.60505756521013,-1.3772272609458014e-05,2.540238901727387,,
940,0.014,303.77091141177021,303.7709275888397,-1.6177069483092055e-05,2.5268553824143418,,
940,0.014999999999999999,303.95155392087372,303.95157262841821,-1.8707544484186656e-05,2.4995871892633095,,
940,0.016,304.14751562788899,304.14753719870083,-2.1570811838955706e-05,2.4487928869313684,,
940,0.017000000000000001,304.35942945872347,304.35945449261516,-2.5033891688508447e-05,2.3619108142058631,,
940,0.018000000000000002,304.58804235307298,304.58807171886673,-2.9365793750457669e-05,2.2246123282696768,,
940,0.019,304.83423754070583,304.83427230079343,-3.4760087601171108e-05,2.0223898733463939,,
940,0.02,305.09904811872877,305.09908939619822,-4.1277469449596538e-05,1.7408613523135548,,
950,0,302.6581630484352,302.6581548161455,8.2322897014819318e-06,2.549999999747905,,
950,0.001,302.66374180593925,302.66373374187373,8.0640655255592719e-06,2.5499999993853222,,
950,0.002,302.68050038211135,302.68049283603034,7.5460810080585361e-06,2.5499999968775988,,
950,0.0030000000000000001,302.70850536728858,302.70849867450511,6.6927834723173873e-06,2.5499999827361313,,
950,0.0040000000000000001,302.74786660341312,302.74786108268216,5.5207309515026282e-06,2.5499999072883623,,
950,0.0050000000000000001,302.79873552053601,302.79873146692626,4.0536097571930441e-06,2.5499995313725052,,
950,0.0060000000000000001,302.86130290515212,302.86130058232845,2.3228236614158959e-06,2.5499977998297436,,
950,0.0070000000000000001,302.93579623468526,302.93579586690197,3.6778328649234027e-07,2.5499904708732788,,
950,0.0080000000000000002,303.02247679933458,303.0224785639283,-1.7645937191446137e-06,2.5499620742216274,,
950,0.0090000000000000011,303.12163696010839,303.12164098218085,-4.0220724599748792e-06,2.5498616063958597,,
950,0.01,303.23359805918381,303.23360441140301,-6.3522192021991941e-06,2.5495375616915785,,
950,0.010999999999999999,303.35870968790664,303.35871839951687,-8.7116102349682478e-06,2.5485857511047731,,
950,0.012,303.49735118116058,303.49736226057524,-1.107941466216289e-05,2.5460409901398555,,
950,0.013000000000000001,303.64993626173219,303.64994973540007,-1.3473667877406115e-05,2.5398476023186642,,
950,0.014,303.81692159741175,303.81693756322954,-1.5965817794949544e-05,2.5261154253374505,,
950,0.014999999999999999,303.99881955992635,303.99883824682399,-1.8686897647057776e-05,2.4983292739470748,,
950,0.016,304.19621465851435,304.19623647711933,-2.1818604977852374e-05,2.446871397028815,,
950,0.017000000000000001,304.40978205746228,304.40980762294686,-2.5565484577327879e-05,2.3592753141444383,,
950,0.018000000000000002,304.64030551970444,304.6403356305637,-3.0110859256637923e-05,2.2213723613686169,,
950,0.019,304.88869139890068,304.88872696552971,-3.556662903747565e-05,2.0188357146162494,,
950,0.02,305.15597527252913,305.15601721882251,-4.1946293379169219e-05,1.7374145119722135,,
960,0,302.69599966294646,302.69599184924215,7.8137043146853102e-06,2.5499999996851295,,
960,0.001,302.70162794667402,302.70162029692932,7.6497447025758447e-06,2.5499999992431901,,
960,0.002,302.71853442607016,302.71852728096121,7.1451089524998679e-06,2.5499999962308264,,
960,0.0030000000000000001,302.74678369241343,302.74677737726222,6.3151512108561292e-06,2.5499999795418096,,
960,0.0040000000000000001,302.78648235670624,302.78647717874605,5.1779601903945149e-06,2.5499998920374662,,
960,0.0050000000000000001,302.83777756329448,302.83777380417519,3.7591192949548713e-06,2.5499994632266847,,
960,0.0060000000000000001,302.900855059337,302.9008529675221,2.091814906179934e-06,2.5499975188232535,,
960,0.0070000000000000001,302.9759370068823,302.9759367906853,2.1619700873998227e-07,2.5499894096563138,,
960,0.0080000000000000002,303.06327981800047,303.06328164058863,-1.8225881603939342e-06,2.5499584215420219,,
960,0.0090000000000000011,303.16317240929499,303.16317638773148,-3.9784364957995422e-06,2.5498501860862124,,
960,0.01,303.27593539506688,303.27594160607447,-6.2110075873533788e-06,2.5495052099265529,,
960,0.010999999999999999,303.40192183889059,303.40193033407996,-8.4951893768447917e-06,2.5485028831008774,,
960,0.012,303.54152021492825,303.54153104725049,-1.0832322232090519e-05,2.5458493803870943,,
960,0.013000000000000001,303.69516013581938,303.69517339662178,-1.3260802404602146e-05,2.5394482051237555,,
960,0.014,303.86332113171528,303.86333699413723,-1.5862421946621907e-05,2.5253656805214204,,
960,0.014999999999999999,304.04654429362984,304.04656305404723,-1.8760417390240036e-05,2.497062629406483,,
960,0.016,304.24544595932832,304.24546806556503,-2.2106236713170802e-05,2.4449464250813158,,
960,0.017000000000000001,304.46073192886718,304.460757983576,-2.6054708825995476e-05,2.3566455639804031,,
960,0.018000000000000002,304.69321011947682,304.69324085069093,-3.0731214110346627e-05,2.2181488156094304,,
960,0.019,304.94379929780393,304.94383549631112,-3.6198507189055817e-05,2.0153058100573435,,
960,0.02,305.21353081683174,305.21357416042412,-4.3343592381006601e-05,1.7339930417651568,,
970,0,302.73416613215932,302.73415872449527,7.4076640430575935e-06,2.5499999996084202,,
970,0.001,302.73984248749616,302.73983524008247,7.2474136914024712e-06,2.5499999990719111,,
970,0.002,302.75689257623912,302.75688581699671,6.7592424102258519e-06,2.5499999954665449,,
970,0.0030000000000000001,302.78537921484343,302.78537325708464,5.9577587876447069e-06,2.5499999758356564,,
970,0.0040000000000000001,302.82540620433656,302.82540134213792,4.8621986366015335e-06,2.5499998746463164,,
970,0.0050000000000000001,302.8771170895468,302.87711359037911,3.4991676898243895e-06,2.5499993867764781,,
970,0.0060000000000000001,302.94069361609951,302.9406917141057,1.9019938122255553e-06,2.5499972083817704,,
970,0.0070000000000000001,303.01635410475541,303.01635399569693,1.0905847602771246e-07,2.5499882540411298,,
970,0.0080000000000000002,303.10435204622058,303.10435388555356,-1.8393329810351133e-06,2.5499544969592418,,
970,0.0090000000000000011,303.20497530583827,303.20497921175377,-3.9059154914866667e-06,2.5498380671147296,,
970,0.01,303.31854639715499,303.31855246046121,-6.0633062162196438e-06,2.5494712684174212,,
970,0.010999999999999999,303.44542430884769,303.44543261105548,-8.302207788801752e-06,2.5484168409273491,,
970,0.012,303.58600831666979,303.5860189565542,-1.0639884408192302e-05,2.5456522802101533,,
970,0.013000000000000001,303.74074403876659,303.74075716668318,-1.3127916588473454e-05,2.5390407486992794,,
970,0.014,303.91013159648725,303.91014745580873,-1.5859321479183563e-05,2.5246062881762068,,
970,0.014999999999999999,304.09473466124797,304.09475363556936,-1.8974321392306592e-05,2.4957874844656174,,
970,0.016,304.29518574377306,304.29520837898048,-2.2635207415078185e-05,2.4430182000599623,,
970,0.017000000000000001,304.51217407503697,304.51220088244258,-2.6807405618001212e-05,2.3540216571034147,,
970,0.018000000000000002,304.74638780375352,304.7464184940514,-3.0690297876390105e-05,2.2149415449529388,,
970,0.019,304.99837885755022,304.9984112413851,-3.2383834877691697e-05,2.0117997917175234,,
970,0.02,305.26836078830365,305.26839061591727,-2.9827613616362214e-05,1.7305972861213526,,
980,0,302.77265318254894,302.77264616192616,7.0206227746894001e-06,2.5499999995150673,,
980,0.001,302.77837634135204,302.7783694746131,6.8667389427901071e-06,2.5499999988662796,,
980,0.002,302.79556633217931,302.79555993416386,6.3980154436649173e-06,2.5499999945664475,,
980,0.0030000000000000001,302.82428449993375,302.82427887050278,5.6294309729310044e-06,2.5499999715486563,,
980,0.0040000000000000001,302.86463237760131,302.86462779705568,4.5805456352354668e-06,2.5499998548679046,,
980,0.0050000000000000001,302.91675073667824,302.916747459021,3.2776572425063932e-06,2.5499993012134512,,
980,0.0060000000000000001,302.98081847494558,302.98081672252459,1.752420985212666e-06,2.5499968661330796,,
980,0.0070000000000000001,303.05705156971845,303.05705153035706,3.9361395920423092e-08,2.5499869978839889,,
980,0.0080000000000000002,303.14570238951961,303.14570421751466,-1.8279950495525554e-06,2.5499502866667272,,
980,0.0090000000000000011,303.2470597082492,303.24706353081189,-3.82256268949277e-06,2.5498252231941474,,
980,0.01,303.36144977695756,303.3614557076686,-5.9307110404915875e-06,2.5494356965156455,,
980,0.010999999999999999,303.48923872669923,303.4892468873482,-8.1606489743535349e-06,2.5483275784487396,,
980,0.012,303.63083628390746,303.63084683563744,-1.0551729985763814e-05,2.545449665438734,,
980,0.013000000000000001,303.78670003587069,303.78671321693008,-1.3181059387079586e-05,2.5386252738882407,,
980,0.014,303.95733791260943,303.95735406313156,-1.6150522128555167e-05,2.5238373882880811,,
980,0.014999999999999999,304.14330388054867,304.14332339791122,-1.9517362545684591e-05,2.4945040634983173,,
980,0.016,304.34517863644498,304.34520177562325,-2.3139178267683747e-05,2.4410869435120071,,
980,0.017000000000000001,304.56352570825959,304.56355220687442,-2.649861482950655e-05,2.3514036809543515,,
980,0.018000000000000002,304.79881786052653,304.7988465525155,-2.8691988973150728e-05,2.2117504036280722,,
980,0.019,305.05134171554016,305.05137040974478,-2.8694204615931085e-05,2.0083173095725959,,
980,0.02,305.32110598893439,305.32113183719349,-2.584825909934807e-05,1.7272269029441996,,
990,0,302.81145297929152,302.81144631524751,6.6640440081755514e-06,2.5499999994019076,,
990,0.001,302.81722191366731,302.81721539640284,6.5172644667654822e-06,2.5499999986203008,,
990,0.002,302.83454883887691,302.83454276891581,6.0699611026393541e-06,2.5499999935098652,,
990,0.0030000000000000001,302.86349398246568,302.86348864559039,5.3368752901405969e-06,2.5499999666043225,,
990,0.0040000000000000001,302.90415721691181,302.90415288006091,4.3368509068386629e-06,2.54999983243325,,
990,0.0050000000000000001,302.95667741560004,302.95667432117398,3.0944260629439668e-06,2.5499992056718663,,
990,0.0060000000000000001,303.02123176756254,303.02123012979683,1.6377657061639184e-06,2.549996489577139,,
990,0.0070000000000000001,303.09803526078173,303.09803526537706,-4.5953356675454415e-09,2.5499856348087726,,
990,0.0080000000000000002,303.18734057313532,303.1873423815556,-1.808420279303391e-06,2.5499457765478919,,
990,0.0090000000000000011,303.28943858853211,303.28944234852167,-3.7599895676976303e-06,2.5498116278452825,,
990,0.01,303.40465962594988,303.4046654894313,-5.8634814195102081e-06,2.5493984539316683,,
990,0.010999999999999999,303.53337514062974,303.53338328790926,-8.1472795159243105e-06,2.5482350509274845,,
990,0.012,303.67599901752124,303.67600968041944,-1.0662898205282545e-05,2.5452415142989033,,
990,0.013000000000000001,303.83298655897175,303.83300002408691,-1.3465115159760899e-05,2.5382018236929365,,
990,0.014,304.00482799205867,304.00484455416222,-1.6562103553496854e-05,2.5230591205121309,,
990,0.014999999999999999,304.19203228286881,304.19205212138326,-1.9838514447201305e-05,2.4932125864765484,,
990,0.016,304.39509718414456,304.39512016649246,-2.2982347900324385e-05,2.439152869797089,,
990,0.017000000000000001,304.61446382238933,304.61448929531809,-2.5472928768976999e-05,2.348791717276506,,
990,0.018000000000000002,304.85045916170776,304.85048583541641,-2.6673708646285377e-05,2.2085752465779516,,
990,0.019,305.10323619007727,305.10326220882968,-2.6018752407708234e-05,2.0048580389408746,,
990,0.02,305.37272675052577,305.37274998876273,-2.3238236963152303e-05,1.7238812082639421,,
1000,0,302.85055942014793,302.85055307468684,6.3454610881308326e-06,2.5499999992652631,,
1000,0.001,302.85637337252507,302.85636716646246,6.2060626078164205e-06,2.5499999983270958,,
1000,0.002,302.87383508180363,302.87382930107367,5.7807299640444398e-06,2.5499999922735301,,
1000,0.0030000000000000001,302.90300402482961,302.90299894156652,5.0832630904551479e-06,2.549999960918103,,
1000,0.0040000000000000001,302.94397901818871,302.9439748875958,4.1305929130430741e-06,2.5499998070500944,,
1000,0.0050000000000000001,302.99689785422942,302.99689491042943,2.9437999842230056e-06,2.5499990992264081,,
1000,0.0060000000000000001,303.06193697094955,303.06193542562124,1.545328302654525e-06,2.5499960760835103,,
1000,0.0070000000000000001,303.13931129930694,303.13931134434387,-4.5036927076580469e-08,2.5499841582072711,,
1000,0.0080000000000000002,303.22927439492213,303.22927621015788,-1.815235748381383e-06,2.5499409521855054,,
1000,0.0090000000000000011,303.3321188365706,303.3321226026772,-3.7661066016880795e-06,2.5497972544205769,,
1000,0.01,303.44817661359383,303.44818252787599,-5.9142821555724367e-06,2.5493595007648397,,
1000,0.010999999999999999,303.57781879178373,303.57782708038769,-8.2886039649565646e-06,2.5481392150292912,,
1000,0.012,303.72145315467509,303.72146406949963,-1.091482454285142e-05,2.5450278073538044,,
1000,0.013000000000000001,303.87951788051043,303.87953166582696,-1.3785316525627422e-05,2.5377704431520027,,
1000,0.014,304.05246889817255,304.05248571542523,-1.6817252685541462e-05,2.5222716240724465,,
1000,0.014999999999999999,304.24075876080821,304.24077857371566,-1.9812907453342632e-05,2.4919132690218864,,
1000,0.016,304.44480606955722,304.44482851402859,-2.2444471369453822e-05,2.4372161863150534,,
1000,0.017000000000000001,304.6649568032463,304.66498108855671,-2.4285310416871653e-05,2.3461858423693984,,
1000,0.018000000000000002,304.90144198366147,304.90146687689673,-2.4893235263334645e-05,2.2054159300318283,,
1000,0.019,305.15433895489878,305.1543628832901,-2.3928391328809084e-05,2.001421669408213,,
1000,0.02,305.423544897287,305.423566171414,-2.127412699337583e-05,1.7205597315250198,,
1010,0,302.8899682451322,302.88996217631683,6.0688153666887956e-06,2.549999999100875,,
1010,0.001,302.89582672709196,302.89582079064508,5.9364468825151562e-06,2.5499999979787931,,
1010,0.002,302.91342186763757,302.91341633592759,5.5317099736384989e-06,2.5499999908313238,,
1010,0.0030000000000000001,302.94281271959414,302.94280785298054,4.8666136081010336e-06,2.5499999543967631,,
1010,0.0040000000000000001,302.98409754568007,302.98409359093012,3.9547499568470812e-06,2.5499997784015758,,
1010,0.0050000000000000001,303.03741364789562,303.03741083605382,2.8118417958467035e-06,2.5499989808899288,,
1010,0.0060000000000000001,303.10293722407903,303.10293577145723,1.4526218024002446e-06,2.5499956228889422,,
1010,0.0070000000000000001,303.18088328477398,303.18088339768923,-1.1291524515399942e-07,2.5499825612398217,,
1010,0.0080000000000000002,303.27150556746801,303.27150745040166,-1.8829336454473378e-06,2.5499357988714393,,
1010,0.0090000000000000011,303.37509620427937,303.37510006940494,-3.8651255636068527e-06,2.5497820761273675,,
1010,0.01,303.49198462235427,303.49199069589412,-6.0735398506039928e-06,2.549318797531793,,
1010,0.010999999999999999,303.62253480536708,303.62254332364921,-8.5182821294438327e-06,2.548040028826235,,
1010,0.012,303.76713969406745,303.76715088089156,-1.118682411060945e-05,2.5448085274440007,,
1010,0.013000000000000001,303.92621129224005,303.9262253111558,-1.4018915749147709e-05,2.537331179221805,,
1010,0.014,304.10016515830398,304.10018204001631,-1.6881712326721754e-05,2.5214750376694819,,
1010,0.014999999999999999,304.28939857934716,304.28941813513802,-1.9555790856884414e-05,2.4906063224591324,,
1010,0.016,304.49426291670085,304.49428466037511,-2.1743674267327151e-05,2.4352770937251544,,
1010,0.017000000000000001,304.71503225087173,304.71505535859035,-2.3107718618575745e-05,2.3435861273495084,,
1010,0.018000000000000002,304.95187216063465,304.95189549486543,-2.3334230775162723e-05,2.2022723121162109,,
1010,0.019,305.20481368432945,305.20483589369456,-2.2209365113212698e-05,1.9980078943685198,,
1010,0.02,305.47373767306573,305.47375736384254,-1.9690776809966337e-05,1.7172620542186594,,
1020,0,302.92967689851451,302.92967106585849,5.8326560292698559e-06,2.5499999989038269,,
1020,0.001,302.9355796451992,302.93557393905058,5.7061486131715355e-06,2.5499999975664172,,
1020,0.002,302.95330750145843,302.95330218328172,5.318176704349753e-06,2.5499999891540051,,
1020,0.0030000000000000001,302.98291931019708,302.98291463204856,4.6781485139035794e-06,2.5499999469377386,,
1020,0.0040000000000000001,303.02451305487068,303.02450925965491,3.7952157754261862e-06,2.5499997461448767,,
1020,0.0050000000000000001,303.07822574207404,303.07822306319133,2.6788827085511002e-06,2.5499988496112111,,
1020,0.0060000000000000001,303.14423322286149,303.14423188640063,1.3364608548727119e-06,2.5499951270951224,,
1020,0.0070000000000000001,303.22274987172352,303.2227501009146,-2.2919107323104981e-07,2.5499808368362995,,
1020,0.0080000000000000002,303.3140279215915,303.31402994201909,-2.0204275870128185e-06,2.5499303016167212,,
1020,0.0090000000000000011,303.4183560778651,303.41836012043262,-4.0425675251754001e-06,2.5497660660508261,,
1020,0.01,303.53605681974352,303.53606311693892,-6.2971953980195394e-06,2.5492763051932159,,
1020,0.010999999999999999,303.66748158782269,303.6674903581723,-8.7703496092217392e-06,2.5479374517976221,,
1020,0.012,303.81300292902387,303.81301434563636,-1.1416612494485889e-05,2.5445836596275737,,
1020,0.013000000000000001,303.97300272194593,303.97301686440676,-1.4142460827315517e-05,2.53688408066209,,
1020,0.014,304.14785593263019,304.14787272711277,-1.6794482576187875e-05,2.5206694993942844,,
1020,0.014999999999999999,304.33791000239347,304.33792916149037,-1.9159096893872629e-05,2.4892919538718759,,
1020,0.016,304.54346090569533,304.54348188480827,-2.0979112946406531e-05,2.4333357861578033,,
1020,0.017000000000000001,304.7647279790877,304.76474996735078,-2.1988263085859217e-05,2.340992638422009,,
1020,0.018000000000000002,305.00183054772555,305.00185250668198,-2.1958956438083987e-05,2.1991442531692407,,
1020,0.019,305.25476985672697,305.25479060943968,-2.075271271451129e-05,1.9946164091813132,,
1020,0.02,305.52341969186494,305.52343796929915,-1.8277434207902843e-05,1.7139877840173059,,
1030,0,302.9696840511283,302.96967842551447,5.6256138236676634e-06,2.5499999986684583,,
1030,0.001,302.97563092248066,302.9756254170631,5.5054175618352019e-06,2.5499999970797593,,
1030,0.002,302.99349109909849,302.99348597080217,5.1282963227095024e-06,2.5499999872089218,,
1030,0.0030000000000000001,303.02332325887681,303.02331875574089,4.5031359263703052e-06,2.5499999384284653,,
1030,0.0040000000000000001,303.06522508158253,303.0652214468389,3.6347436207506689e-06,2.5499997099098493,,
1030,0.0050000000000000001,303.11933303597033,303.1193305086216,2.5273487267440942e-06,2.5499987042727761,,
1030,0.0060000000000000001,303.18582196750481,303.18582078423702,1.1832677841994155e-06,2.5499945856665902,,
1030,0.0070000000000000001,303.26490432122245,303.26490471875837,-3.9753592773195123e-07,2.5499789776974451,,
1030,0.0080000000000000002,303.35682872036051,303.35683093632298,-2.215962467744248e-06,2.5499244451619059,,
1030,0.0090000000000000011,303.46187748596373,303.46188175539754,-4.2694338162618806e-06,2.5497491971765567,,
1030,0.01,303.58036255058892,303.58036909481746,-6.5442285404060385e-06,2.5492319851791083,,
1030,0.010999999999999999,303.71261913397734,303.71262813887836,-9.0049010168513632e-06,2.5478314448287867,,
1030,0.012,303.85899656782311,303.85900815000286,-1.1582179752167576e-05,2.5443531911200745,,
1030,0.013000000000000001,304.01984585313352,304.0198600140568,-1.4160923285544413e-05,2.5364291979257318,,
1030,0.014,304.19550407072779,304.19552063901017,-1.6568282376283605e-05,2.51985514664907,,
1030,0.014999999999999999,304.38627733892071,304.38629590122008,-1.8562299374025315e-05,2.4879703661596912,,
1030,0.016,304.59242907760085,304.59244894264634,-1.986504548767698e-05,2.4313924514202561,,
1030,0.017000000000000001,304.81419369253399,304.81421417516509,-2.0482631100549042e-05,2.3384054371618994,,
1030,0.018000000000000002,305.0518574728236,305.05187902681365,-2.1553990052325389e-05,2.196031615700194,,
1030,0.019,305.30595349512288,305.3059794110531,-2.5915930223163741e-05,1.9912469122175249,,
1030,0.02,305.57755561671217,305.57759216839429,-3.6551682114804862e-05,1.7107371965727924,,
1040,0,303.00998881411715,303.00998337564238,5.4384747727453941e-06,2.5499999983882784,,
1040,0.001,303.01597966456143,303.01597434459603,5.319965396211046e-06,2.5499999965072448,,
1040,0.002,303.0339716907921,303.03396674368145,4.9471106535747822e-06,2.5499999849597108,,
1040,0.0030000000000000001,303.06402327669895,303.06401895020417,4.3264947748866689e-06,2.5499999287456814,,
1040,0.0040000000000000001,303.10623149717321,303.10622803748936,3.4596838531797403e-06,2.5499996692976254,,
1040,0.0050000000000000001,303.16073169422606,303.16072934658615,2.3476399064747966e-06,2.5499985436887171,,
1040,0.0060000000000000001,303.22769670167798,303.22769571098877,9.9068921599609894e-07,2.549993995428836,,
1040,0.0070000000000000001,303.30733550907848,303.30733611943185,-6.1035336784698302e-07,2.5499769762965392,,
1040,0.0080000000000000002,303.39989106493465,303.39989351606664,-2.4511319907105644e-06,2.5499182139876901,,
1040,0.0090000000000000011,303.50563683598949,303.50564135415186,-4.5181623704593221e-06,2.5497314424127833,,
1040,0.01,303.6248716996447,303.62487847998926,-6.7803445631398063e-06,2.5491857994124634,,
1040,0.010999999999999999,303.75791283168093,303.75792200914964,-9.1774687120960152e-06,2.5477219702079217,,
1040,0.012,303.90508664064077,303.90509824710301,-1.1606462237523374e-05,2.5441171112345295,,
1040,0.013000000000000001,304.0667188581503,304.06673277006541,-1.3911915118569596e-05,2.5359665830526268,,
1040,0.014,304.24312718671888,304.2431430932607,-1.5906541818822006e-05,2.5190321160739151,,
1040,0.014999999999999999,304.43462384274716,304.43464131674665,-1.7473999491812719e-05,2.4866417580966869,,
1040,0.016,304.64154008245134,304.64155887110724,-1.8788655893331452e-05,2.4294472711972337,,
1040,0.017000000000000001,304.86428683797664,304.86430740318491,-2.0565208274092583e-05,2.335824580793139,,
1040,0.018000000000000002,305.10345894799326,305.10348304179877,-2.4093805507163779e-05,2.1929342641714364,,
1040,0.019,305.35997131378576,305.3600021540322,-3.0840246438401664e-05,1.9878991106244019,,
1040,0.02,305.63518934307422,305.63523111438093,-4.1771306712234946e-05,1.7075099674270151,,
1050,0,303.05058986138374,303.05058460903189,5.2523518547786807e-06,2.5499999980558661,,
1050,0.001,303.0566244170364,303.05661928344119,5.1335952093722881e-06,2.549999995835786,,
1050,0.002,303.07474739008819,303.07474263055389,4.7595343062312168e-06,2.5499999823659731,,
1050,0.0030000000000000001,303.10501660867772,303.10501247328841,4.1353893038831302e-06,2.5499999177547106,,
1050,0.0040000000000000001,303.14752805109003,303.14752478995212,3.261137919707835e-06,2.5499996238792089,,
1050,0.0050000000000000001,303.20241514669726,303.20241300981502,2.136882244485605e-06,2.5499983666025821,,
1050,0.0060000000000000001,303.26984758780441,303.26984682370647,7.6409793337006704e-07,2.5499933530665673,,
1050,0.0070000000000000001,303.35002944465884,303.35003029638966,-8.5173081743050716e-07,2.5499748248813794,,
1050,0.0080000000000000002,303.44319633565817,303.44319903207497,-2.6964168000631616e-06,2.5499115923257558,,
1050,0.0090000000000000011,303.5496114304508,303.54961617031068,-4.7398598894687893e-06,2.5497127746121255,,
1050,0.01,303.66956023793148,303.66956716468309,-6.9267516096260806e-06,2.5491377103314967,,
1050,0.010999999999999999,303.80334459067825,303.80335375908658,-9.1684083258769533e-06,2.5476089916211211,,
1050,0.012,303.95127715246173,303.95128849738427,-1.1344922540956759e-05,2.5438754113216251,,
1050,0.013000000000000001,304.11367925217439,304.11369258640593,-1.3334231539374741e-05,2.5354962895675568,,
1050,0.014,304.29088671195672,304.29090179672778,-1.5084771064266533e-05,2.5182005434790589,,
1050,0.014999999999999999,304.48326985794478,304.48328658582977,-1.6727884997180809e-05,2.4853063243911642,,
1050,0.016,304.69127369303766,304.69129237661485,-1.8683577195588441e-05,2.4275004212475872,,
1050,0.017000000000000001,304.91548068876114,304.91550236872672,-2.1679965584553429e-05,2.3332501224526361,,
1050,0.018000000000000002,305.1566912305023,305.15671784694263,-2.6616440322868584e-05,2.1898520648012516,,
1050,0.019,305.41600713320241,305.41604141639328,-3.4283190871065017e-05,1.9845727290505588,,
1050,0.02,305.69489612777278,305.69494119130138,-4.5063528602895531e-05,1.7043054731577949,,
1060,0,303.09148470391506,303.09147965089818,5.0530168778095685e-06,2.5499999976627552,,
1060,0.001,303.09756247621061,303.097557543486,4.9327246074426512e-06,2.5499999950506251,,
1060,0.002,303.1158148222724,303.11581026825382,4.5540185737991123e-06,2.5499999793829349,,
1060,0.0030000000000000001,303.14629868313108,303.14629476120189,3.9219291920744581e-06,2.5499999053087135,,
1060,0.0040000000000000001,303.1891083721905,303.18910533533602,3.0368544798875519e-06,2.5499995731940546,,
1060,0.0050000000000000001,303.24437460296883,303.24437270204487,1.900923962239176e-06,2.5499981716853033,,
1060,0.0060000000000000001,303.31226294966149,303.31226242907348,5.2058800292797969e-07,2.5499926551221548,,
1060,0.0070000000000000001,303.39297161055782,303.39297269985389,-1.0892960631281312e-06,2.5499725154765809,,
1060,0.0080000000000000002,303.48672840048766,303.48673130034899,-2.8998613288422348e-06,2.5499045641698208,,
1060,0.0090000000000000011,303.5937870784033,303.59379194071096,-4.8623076622789085e-06,2.5496931665929048,,
1060,0.01,303.71442348830578,303.7144303933261,-6.9050203137521748e-06,2.549087680910374,,
1060,0.010999999999999999,303.84893261237352,303.84894155219462,-8.9398211002844619e-06,2.5474924741456939,,
1060,0.012,303.99762848944545,303.9976393744073,-1.0884961852752895e-05,2.5436280847101469,,
1060,0.013000000000000001,304.16084987179136,304.16086258144855,-1.2709657198683999e-05,2.5350183723819599,,
1060,0.014,304.33897509120845,304.33898958651304,-1.4495304583306279e-05,2.5173605637825842,,
1060,0.014999999999999999,304.53244930398466,304.53246579725294,-1.6493268276462913e-05,2.4839642557463844,,
1060,0.016,304.74182551215745,304.74184465874521,-1.9146587760587863e-05,2.42555207159754,,
1060,0.017000000000000001,304.96781732156512,304.96784036562218,-2.3044057058996259e-05,2.3306821114308716,,
1060,0.018000000000000002,305.21135685932387,305.2113856554289,-2.8796105027595331e-05,2.1867848855959884,,
1060,0.019,305.47364706463418,305.47368392489903,-3.6860264856386493e-05,1.9812675014515924,,
1060,0.02,305.75619559640813,305.75624298835777,-4.739194963576665e-05,1.7011232850960176,,
1070,0,303.13266925992843,303.13266442902926,4.8308991722478822e-06,2.5499999971993246,,
1070,0.001,303.13878951079886,303.1387848020621,4.7087367534004443e-06,2.5499999941351637,,
1070,0.002,303.15716890760575,303.15716458270765,4.3248981000942877e-06,2.5499999759610898,,
1070,0.0030000000000000001,303.18786318950708,303.18785950384728,3.6856598057966039e-06,2.5499998912479227,,
1070,0.0040000000000000001,303.23096452244846,303.23096172819868,2.7942497808908229e-06,2.5499995167486387,,
1070,0.0050000000000000001,303.28660035337168,303.28659869531373,1.6580579540459439e-06,2.5499979575331726,,
1070,0.0060000000000000001,303.35493173365637,303.35493144168868,2.9196769446571125e-07,2.5499918979942637,,
1070,0.0070000000000000001,303.43615112945912,303.43615240716582,-1.2777067013303167e-06,2.5499700398861749,,
1070,0.0080000000000000002,303.53047988017636,303.53048288999867,-3.0098223078312003e-06,2.5498971132868493,,
1070,0.0090000000000000011,303.63816573127059,303.63817057920051,-4.8479299152859312e-06,2.5496725911599905,,
1070,0.01,303.75948126796516,303.75948799417921,-6.7262140532875492e-06,2.5490356746785303,,
1070,0.010999999999999999,303.89472458122185,303.89473316671859,-8.5854967437626328e-06,2.5473723842419167,,
1070,0.012,304.04422399903945,304.04423440009629,-1.0401056840692036e-05,2.543375126647796,,
1070,0.013000000000000001,304.20834901208679,304.20836123149104,-1.2219404254665278e-05,2.5345328876994859,,
1070,0.014,304.38752933945693,304.3875435339873,-1.4194530365330138e-05,2.5165123109530869,,
1070,0.014999999999999999,304.58228315761454,304.58229976574688,-1.6608132341389137e-05,2.4826157389223011,,
1070,0.016,304.79325374592202,304.79327360301403,-1.9857092013353395e-05,2.4236023867303418,,
1070,0.017000000000000001,305.02125137830245,305.0212757759013,-2.4397598849645874e-05,2.3281205933901128,,
1070,0.018000000000000002,305.26729476939528,305.26732541961678,-3.065022150394725e-05,2.1837325965579781,,
1070,0.019,305.53264459636927,305.5326834838213,-3.8887452035396564e-05,1.9779831627922737,,
1070,0.02,305.81882138981473,305.81887054560599,-4.9155791259636317e-05,1.6979630240087626,,
1080,0,303.1741378328673,303.1741332483432,4.5845241061215347e-06,2.5499999966546678,,
1080,0.001,303.18029961220708,303.1802951507305,4.4614765783990151e-06,2.5499999930707835,,
1080,0.002,303.19880313905395,303.19879906307068,4.0759832700132392e-06,2.5499999720458257,,
1080,0.0030000000000000001,303.22970276844666,303.2296993314983,3.4369483614682395e-06,2.5499998753988495,,
1080,0.0040000000000000001,303.27308832039409,303.27308576806644,2.5523276576677745e-06,2.5499994540150173,,
1080,0.0050000000000000001,303.32908394553073,303.32908250917177,1.4363589571075863e-06,2.5499977226658799,,
1080,0.0060000000000000001,303.39784661251247,303.39784650027394,1.122385242524615e-07,2.5499910779366615,,
1080,0.0070000000000000001,303.47956439166569,303.47956577757492,-1.3859092291568231e-06,2.5499673896964929,,
1080,0.0080000000000000002,303.57445488875089,303.57445790206117,-3.0133102768559183e-06,2.5498892232284129,,
1080,0.0090000000000000011,303.68276444065583,303.68276915979374,-4.7191379053401761e-06,2.5496510211251318,,
1080,0.01,303.80476899586995,303.80477545330473,-6.4574347788948216e-06,2.5489816557385749,,
1080,0.010999999999999999,303.94077790176891,303.94078610701564,-8.2052467291759967e-06,2.5472486897433098,,
1080,0.012,304.09114199720909,304.0911519836668,-9.9864577123298659e-06,2.5431165342424844,,
1080,0.013000000000000001,304.25626731890088,304.25627921533072,-1.1896429839453049e-05,2.5340398929252634,,
1080,0.014,304.43663523484497,304.43664935411175,-1.4119266779744066e-05,2.5156559179570706,,
1080,0.014999999999999999,304.6328288453098,304.63284577333036,-1.6928020556861156e-05,2.4812609567982173,,
1080,0.016,304.84556410171643,304.84558476177966,-2.0660063228206127e-05,2.421651525771761,,
1080,0.017000000000000001,305.07572252044366,305.07574818624255,-2.5665798887075653e-05,2.3255656105683093,,
1080,0.018000000000000002,305.32438100237238,305.32441324012177,-3.2237749394425919e-05,2.180695069752868,,
1080,0.019,305.59283356392615,305.5928740997137,-4.0535787547923974e-05,1.9747194480185308,,
1080,0.02,305.88260010444691,305.882650655193,-5.0550746095723298e-05,1.6948243361048396,,
1090,0,303.21588363486433,303.21587930941098,4.32545334660972e-06,2.5499999960164526,,
1090,0.001,303.22208590272828,303.22208170092057,4.201807712433947e-06,2.5499999918366512,,
1090,0.002,303.24071044032121,303.2407066188498,3.8214714095374802e-06,2.5499999675770257,,
1090,0.0030000000000000001,303.27181025995793,303.27180706535364,3.1946042895469873e-06,2.5499998575734728,,
1090,0.0040000000000000001,303.31547303884309,303.31547070484294,2.3340001575888891e-06,2.549999384429388,,
1090,0.0050000000000000001,303.37182019878901,303.37181893912418,1.2596648275575717e-06,2.5499974655246112,,
1090,0.0060000000000000001,303.44100583000318,303.441005830108,-1.0481926437932998e-10,2.5499901910572116,,
1090,0.0070000000000000001,303.52321574890163,303.52321715813025,-1.4092286164668621e-06,2.5499645562793285,,
1090,0.0080000000000000002,303.61866714907353,303.61867007630497,-2.9272314350237139e-06,2.5498808773421429,,
1090,0.0090000000000000011,303.72760950423537,303.72761402098382,-4.5167484472585784e-06,2.5496284293267637,,
1090,0.01,303.85032757281442,303.85033372855753,-6.1557431081382674e-06,2.5489255887828399,,
1090,0.010999999999999999,303.98714747226768,303.98715532600772,-7.8537400440836791e-06,2.54712135984557,,
1090,0.012,304.13844675446609,304.13845642420517,-9.669739085893525e-06,2.5428523064042463,,
1090,0.013000000000000001,304.30466912665622,304.30468085517742,-1.1728521201348485e-05,2.5335394465788488,,
1090,0.014,304.48634377132612,304.48635800422034,-1.4232894216092973e-05,2.5147915167108343,,
1090,0.014999999999999999,304.68410757164332,304.68412504034677,-1.7468703447320877e-05,2.479900088436251,,
1090,0.016,304.89872402534672,304.89874578708526,-2.1761738537406927e-05,2.4196996426707118,,
1090,0.017000000000000001,305.13108145615718,305.13110865013908,-2.7193981907203124e-05,2.3230172019746642,,
1090,0.018000000000000002,305.38213537922093,305.38216829860903,-3.2919388104346581e-05,2.1776721791498805,,
1090,0.019,305.65275579275738,305.65279253892209,-3.674616471016634e-05,1.9714760930344566,,
1090,0.02,305.94349017701467,305.94352638822841,-3.6211213739534287e-05,1.6917057443770693,,
1100,0,303.25789980585046,303.25789573814609,4.0677043671166757e-06,2.5499999952707761,,
1100,0.001,303.26414160662893,303.26413765855648,3.9480724467466644e-06,2.5499999904095136,,
1100,0.002,303.28288436853694,303.28288078771834,3.5808185998575937e-06,2.54999996248866,,
1100,0.0030000000000000001,303.31418003916593,303.31417706058522,2.9785807100779493e-06,2.5499998375684134,,
1100,0.0040000000000000001,303.35811473390436,303.35811257633884,2.1575655182459741e-06,2.5499993073906411,,
1100,0.0050000000000000001,303.4148081871794,303.4148070463138,1.1408656064304523e-06,2.5499971844702092,,
1100,0.0060000000000000001,303.484413287812,303.48441333003643,-4.222442839818541e-08,2.549989233317048,,
1100,0.0070000000000000001,303.5671160461049,303.56711740493574,-1.3588308434009377e-06,2.5499615307953585,,
1100,0.0080000000000000002,303.66313647517649,303.66313925312073,-2.7779442461906001e-06,2.5498720587832873,,
1100,0.0090000000000000011,303.77273099529043,303.77273527460375,-4.2793133161467267e-06,2.5496047886492752,,
1100,0.01,303.89619703949126,303.89620290532321,-5.8658319517235213e-06,2.5488674391085815,,
1100,0.010999999999999999,304.03388046501306,304.03388804366131,-7.57864825118304e-06,2.546990365094207,,
1100,0.012,304.18618599069578,304.18619550395425,-9.5132584760904138e-06,2.5425824437876936,,
1100,0.013000000000000001,304.35358987669031,304.35360170742206,-1.1830731750706036e-05,2.5330316082106026,,
1100,0.014,304.53665198460374,304.53666672743748,-1.4742833741365757e-05,2.5139192380365647,,
1100,0.014999999999999999,304.73602089690144,304.7360393225955,-1.8425694065626885e-05,2.4785333091457371,,
1100,0.016,304.95242164449036,304.95244446940842,-2.2824918062269717e-05,2.4177468863751277,,
1100,0.017000000000000001,305.18661365650706,305.18664108558949,-2.7429082422258944e-05,2.3204754035752284,,
1100,0.018000000000000002,305.43931169236248,305.43934292320228,-3.123083979517105e-05,2.1746638003561891,,
1100,0.019,305.71107793033474,305.71111096725537,-3.3036920626727806e-05,1.9682528278647966,,
1100,0.02,306.00221438225248,306.00224644630305,-3.2064050571989355e-05,1.6886068599597408,,
1110,0,303.30018059957513,303.30017676512142,3.8344537074408436e-06,2.5499999944020035,,
1110,0.001,303.30646122921519,303.30645750803461,3.7211805761216965e-06,2.5499999887634743,,
1110,0.002,303.32532024782523,303.32531687423113,3.3735940974111145e-06,2.549999956708354,,
1110,0.0030000000000000001,303.35680899668438,303.35680619111753,2.8055668508386589e-06,2.5499998151640715,,
1110,0.0040000000000000001,303.40101286797955,303.40101083346428,2.0345152620393492e-06,2.5499992222589212,,
1110,0.0050000000000000001,303.45805121282649,303.45805012939138,1.0834351087396499e-06,2.5499968777814015,,
1110,0.0060000000000000001,303.52807755240497,303.52807757380185,-2.1396886040747631e-08,2.5499882005299312,,
1110,0.0070000000000000001,303.61128043870082,303.61128169349865,-1.2547978371912905e-06,2.5499583041978116,,
1110,0.0080000000000000002,303.70788538774207,303.7078879874577,-2.599715628548438e-06,2.5498627505263047,,
1110,0.0090000000000000011,303.818158319178,303.81816237638799,-4.0572099919700122e-06,2.5495800720417208,,
1110,0.01,303.94241079994362,303.94241645861013,-5.6586665095892386e-06,2.5488071726319368,,
1110,0.010999999999999999,304.08100698268697,304.08101445959727,-7.4769102980098978e-06,2.5468556773711093,,
1110,0.012,304.23437130310054,304.23438093082262,-9.6277220791307627e-06,2.5423069487353342,,
1110,0.013000000000000001,304.40299466438813,304.40300691159428,-1.2247206143456424e-05,2.5325164383215832,,
1110,0.014,304.58743513824055,304.58745056916024,-1.5430919688697031e-05,2.5130392116223499,,
1110,0.014999999999999999,304.78830775958716,304.78832689685231,-1.9137265155677596e-05,2.4771607905480262,,
1110,0.016,305.00625793492952,305.00628102644794,-2.3091518414730672e-05,2.415793401002388,,
1110,0.017000000000000001,305.24191563161588,305.24194238967482,-2.6758058936593443e-05,2.3179402484621137,,
1110,0.018000000000000002,305.49583340091834,305.49586283450532,-2.9433586973937054e-05,2.1716698102869199,,
1110,0.019,305.76841904545563,305.7684495060422,-3.0460586572189641e-05,1.9650493636245905,,
1110,0.02,306.05987997179392,306.05990946402176,-2.9492227838545659e-05,1.6855278515590391,,
1120,0,303.34272237093518,303.34271872656291,3.6443722706280823e-06,2.5499999933925945,,
1120,0.001,303.34904149379258,303.34903795484388,3.5389487038628431e-06,2.5499999868697634,,
1120,0.002,303.36801594284776,303.36801272791013,3.2149376352208492e-06,2.5499999501569399,,
1120,0.0030000000000000001,303.39969700462399,303.39969431867269,2.6859513013732794e-06,2.5499997901237679,,
1120,0.0040000000000000001,303.44417028984992,303.44416832171891,1.9681310163832677e-06,2.5499991283541847,,
1120,0.0050000000000000001,303.50155610088717,303.50155501989195,1.0809952186718874e-06,2.5499965436531031,,
1120,0.0060000000000000001,303.57201025599954,303.57201021230435,4.3695195017789956e-08,2.5499870883617897,,
1120,0.0070000000000000001,303.6557256392594,303.6557267700249,-1.1307654972370074e-06,2.5499548672363841,,
1120,0.0080000000000000002,303.75293472756931,303.75293717081831,-2.4432490022263664e-06,2.5498529353765087,,
1120,0.0090000000000000011,303.86391321257986,303.86391712953434,-3.9169544834294356e-06,2.5495542525359678,,
1120,0.01,303.9889845190213,303.9889901225244,-5.6035030979728617e-06,2.5487447559005951,,
1120,0.010999999999999999,304.12852446858261,304.12853204964068,-7.5810580710822251e-06,2.5467172698799749,,
1120,0.012,304.28296455711194,304.28297449462042,-9.9375084801067715e-06,2.5420258252215251,,
1120,0.013000000000000001,304.45279143919032,304.452804173206,-1.2734015683690814e-05,2.5319939982866675,,
1120,0.014,304.63853956909907,304.63855552142604,-1.5952326975821052e-05,2.5121515659860232,,
1120,0.014999999999999999,304.84077401508296,304.84079345679925,-1.9441716290202748e-05,2.4757827006420845,,
1120,0.016,305.06006172955574,305.06008462209815,-2.2892542403951666e-05,2.4138393260049553,,
1120,0.017000000000000001,305.29693221043851,305.29695807327039,-2.5862831876111159e-05,2.3154117670022378,,
1120,0.018000000000000002,305.55183210495505,305.55185997148476,-2.7866529705988796e-05,2.1686900865788576,,
1120,0.019,305.82508175180658,305.82511025777933,-2.8505972750281217e-05,1.9618654079037061,,
1120,0.02,306.11684341756882,306.11687102924219,-2.7611673374394741e-05,1.682468573831873,,
1130,0,303.3855241558191,303.38552064571684,3.5101022604067111e-06,2.5499999922229253,,
1130,0.001,303.39188185269819,303.39187843984826,3.4128499351027131e-06,2.5499999846964858,,
1130,0.002,303.41097215791262,303.41096904514558,3.1127670467867574e-06,2.54999994274799,,
1130,0.0030000000000000001,303.44284684430238,303.44284422270573,2.6215966499876231e-06,2.5499997621928521,,
1130,0.0040000000000000001,303.4875926023667,303.48759065076291,1.9516037923494878e-06,2.549999024954769,,
1130,0.0050000000000000001,303.54533176963247,303.54533065410368,1.1155287893416244e-06,2.5499961801947926,,
1130,0.0060000000000000001,303.61622355893047,303.61622343684337,1.2208710131744738e-07,2.5499858923304322,,
1130,0.0070000000000000001,303.70046591199525,303.70046694169639,-1.0297011385773658e-06,2.5499512104613684,,
1130,0.0080000000000000002,303.79829800414143,303.7983003603664,-2.3562249680253444e-06,2.549842595981715,,
1130,0.0090000000000000011,303.91000320961962,303.91000710245345,-3.8928338312871347e-06,2.5495273032642616,,
1130,0.01,304.03591198652339,304.03591767846848,-5.6919450912573666e-06,2.5486801561052896,,
1130,0.010999999999999999,304.17640367521108,304.17641148736425,-7.8121531714714365e-06,2.5465751171308062,,
1130,0.012,304.33190571119144,304.33191600746073,-1.029626929494043e-05,2.5417390787973071,,
1130,0.013000000000000001,304.50288839939162,304.5029015394922,-1.3140100577402336e-05,2.5314643502809253,,
1130,0.014,304.68985341232741,304.68986967170758,-1.6259380174687976e-05,2.5112564284425201,,
1130,0.014999999999999999,304.89331478577532,304.8933342532556,-1.9467480285584315e-05,2.474399203870373,,
1130,0.016,305.11377249935583,305.1137949774253,-2.2478069467979367e-05,2.4118847963304928,,
1130,0.017000000000000001,305.35168061421956,305.35170555582636,-2.4941606795891857e-05,2.3128899869605424,,
1130,0.018000000000000002,305.60741396506313,305.60744047866882,-2.651360568961536e-05,2.1657245068633668,,
1130,0.019,305.88123891463437,305.88126585347021,-2.6938835844703135e-05,1.9587006799763245,,
1130,0.02,306.17329401218473,306.17332014658501,-2.6134400286537129e-05,1.6794288196626506,,
1140,0,303.42858774591889,303.42858431063939,3.435279495533905e-06,2.5499999908710849,,
1140,0.001,303.43498448018141,303.43498113505512,3.3451262879680144e-06,2.5499999822083645,,
1140,0.002,303.45419217842016,303.45418911322867,3.0651914926238533e-06,2.5499999343873307,,
1140,0.0030000000000000001,303.48626351216001,303.48626090822466,2.6039353429041512e-06,2.5499997310978024,,
1140,0.0040000000000000001,303.53128683694581,303.53128486914682,1.9677989939737017e-06,2.549998911295972,,
1140,0.0050000000000000001,303.58938710476548,303.58938594370642,1.1610590604504978e-06,2.549995785428969,,
1140,0.0060000000000000001,303.66072720533043,303.66072702347242,1.8185801309300587e-07,2.5499846078054476,,
1140,0.0070000000000000001,303.74550970946768,303.74551069119491,-9.8172722573508509e-07,2.5499473242279969,,
1140,0.0080000000000000002,303.843978848593,303.84398120265143,-2.3540584379588836e-06,2.5498317148438767,,
1140,0.0090000000000000011,303.95642234488008,303.95642631564681,-3.9707667269794911e-06,2.5494991974762127,,
1140,0.01,304.08317242221545,304.08317829423044,-5.872014980923268e-06,2.5486133410901122,,
1140,0.010999999999999999,304.22460502906534,304.22461311806927,-8.0890039271253045e-06,2.5464291949235194,,
1140,0.012,304.38113608175235,304.38114670625146,-1.0624499111600016e-05,2.5414467165361092,,
1140,0.013000000000000001,304.55321351170005,304.55322694270171,-1.3431001661956543e-05,2.5309275572091043,,
1140,0.014,304.74130419445515,304.74132058750831,-1.6393053158481052e-05,2.5103539250746212,,
1140,0.014999999999999999,304.9458755237784,304.94589484544116,-1.9321662762195047e-05,2.4730104611850106,,
1140,0.016,305.16737243832824,305.16739440591522,-2.1967586974369624e-05,2.4099299425761718,,
1140,0.017000000000000001,305.40619193887403,305.40621599451094,-2.4055636913544731e-05,2.3103749335909076,,
1140,0.018000000000000002,305.66265824894731,305.66268358425009,-2.5335302780149505e-05,2.1627729484150811,,
1140,0.019,305.93700241419123,305.93702804867667,-2.5634485439240962e-05,1.9555549130414462,,
1140,0.02,306.22935072628474,306.22937491385198,-2.4187567248645792e-05,1.6764083608131757,,
1150,0,303.47191718595604,303.47191377428891,3.4116671372430574e-06,2.549999989312675,,
1150,0.001,303.4783536849697,303.47835035810925,3.3268604511249578e-06,2.5499999793664583,,
1150,0.002,303.49768103639599,303.49767797661144,3.0597845466218132e-06,2.5499999249725414,,
1150,0.0030000000000000001,303.52995300608603,303.52995039043128,2.615654750570684e-06,2.5499996965453064,,
1150,0.0040000000000000001,303.57525981007183,303.57525781526533,1.9948064959862677e-06,2.5499987865686338,,
1150,0.0050000000000000001,303.63372901131982,303.63372781748473,1.1938350894524774e-06,2.5499953572896787,,
1150,0.0060000000000000001,303.70552670251777,303.7055264994857,2.0303207293181913e-07,2.5499832300082632,,
1150,0.0070000000000000001,303.79085882832624,303.79085982361789,-9.9529165709100198e-07,2.5499431987009693,,
1150,0.0080000000000000002,303.88997236226044,303.88997478851962,-2.4262591864498972e-06,2.5498202743306821,,
1150,0.0090000000000000011,304.00315587573721,304.00315999409275,-4.1183555481438816e-06,2.5494699085552037,,
1150,0.01,304.13073884755676,304.13074494255517,-6.0949984117542044e-06,2.5485442793617663,,
1150,0.010999999999999999,304.27308891231746,304.27309727427632,-8.3619588622241281e-06,2.5462794803308526,,
1150,0.012,304.43060620489359,304.43061709715664,-1.0892263048845052e-05,2.5411487469804586,,
1150,0.013000000000000001,304.60371410067904,304.6037277121286,-1.3611449560357869e-05,2.5303836826381731,,
1150,0.014,304.79284605904087,304.79286244629554,-1.6387254675009899e-05,2.5094441807067702,,
1150,0.014999999999999999,304.99842912246334,304.99844815483578,-1.9032372449601098e-05,2.4716166301137994,,
1150,0.016,305.22086647175018,305.22088780686323,-2.1335113046916376e-05,2.4079748911361896,,
1150,0.017000000000000001,305.46052539076055,305.46054852878802,-2.3138027472668909e-05,2.3078666296949732,,
1150,0.018000000000000002,305.71774278282493,305.71776731117376,-2.452834883115429e-05,2.1598352882946008,,
1150,0.019,305.99286169569189,305.99288775934428,-2.6063652398988779e-05,1.952427852512572,,
1150,0.02,306.28629705132255,306.28632561187624,-2.8560553687384527e-05,1.6734082656166793,,
1160,0,303.51551778488198,303.51551436106308,3.4238188959534455e-06,2.5499999875205805,,
1160,0.001,303.52199487062899,303.52199152972071,3.340908278914867e-06,2.5499999761278773,,
1160,0.002,303.54144434081553,303.54144126260542,3.0782101134718687e-06,2.5499999143924321,,
1160,0.0030000000000000001,303.573921017678,303.573918380083,2.6375950028523221e-06,2.5499996582213407,,
1160,0.0040000000000000001,303.61951679552942,303.61951478107454,2.0144548784628569e-06,2.5499986499177592,,
1160,0.0050000000000000001,303.67836135864633,303.67836015867357,1.1999727576039732e-06,2.5499948936211574,,
1160,0.0060000000000000001,303.75062301410298,303.75062283392828,1.8017470893028076e-07,2.5499817540124301,,
1160,0.0070000000000000001,303.83650942159989,303.83651048535256,-1.0637526770551631e-06,2.549938823859228,,
1160,0.0080000000000000002,303.93626788632082,303.93627043922515,-2.5529043341521174e-06,2.5498082566871316,,
1160,0.0090000000000000011,304.05018475806662,304.05018906321379,-4.3051471720900736e-06,2.5494394100341329,,
1160,0.01,304.17858338094112,304.17858970747744,-6.3265363223763416e-06,2.5484729400974833,,
1160,0.010999999999999999,304.32182001442771,304.32182861487456,-8.6004468471401196e-06,2.5461259516800987,,
1160,0.012,304.48027727872994,304.48028835488333,-1.1076153384692589e-05,2.5408451800891534,,
1160,0.013000000000000001,304.6543550846626,304.65436874440422,-1.3659741625815514e-05,2.5298327907326228,,
1160,0.014,304.84445984009534,304.84447605546796,-1.6215372625083546e-05,2.5085273188823907,,
1160,0.014999999999999999,305.05099406221899,305.05101265690445,-1.859468545717391e-05,2.4702178648273865,,
1160,0.016,305.27435011972477,305.27437082482248,-2.0705097711015696e-05,2.406019764343295,,
1160,0.017000000000000001,305.51491272971134,305.51493531989831,-2.2590186972593074e-05,2.3053650956640537,,
1160,0.018000000000000002,305.7730734578268,305.7730979161081,-2.4458281302486284e-05,2.1569114037435959,,
1160,0.019,306.04925579068612,306.04928239961151,-2.660892539552151e-05,1.9493192628846476,,
1160,0.02,306.34394276243899,306.34397204510412,-2.928266513890776e-05,1.6704283716715529,,
1170,0,303.55939495077274,303.55939149964735,3.4511253943492193e-06,2.5499999854647419,,
1170,0.001,303.56591337251388,303.56591000506745,3.3674464248178992e-06,2.5499999724454705,,
1170,0.002,303.58548714256568,303.5854840410766,3.1014890851110977e-06,2.5499999025265123,,
1170,0.0030000000000000001,303.61817191251981,303.61816925968589,2.6528339276410406e-06,2.5499996157902207,,
1170,0.0040000000000000001,303.66406079298264,303.66405877917555,2.0138070908615191e-06,2.5499985004411259,,
1170,0.0050000000000000001,303.72328478929398,303.72328361637864,1.1729153470696474e-06,2.5499943921765058,,
1170,0.0060000000000000001,303.79601318513943,303.7960130697881,1.1535132671269821e-07,2.5499801747439825,,
1170,0.0070000000000000001,303.88245363100845,303.88245480616246,-1.1751540114346426e-06,2.5499341895007834,,
1170,0.0080000000000000002,303.98285161253489,303.9828543250448,-2.7125099109071016e-06,2.549795644046974,,
1170,0.0090000000000000011,304.09748891602112,304.09749341820435,-4.5021832306701981e-06,2.5494076756106736,,
1170,0.01,304.22668071263627,304.22668724583616,-6.5331998939655023e-06,2.5483992931523489,,
1170,0.010999999999999999,304.37077100437239,304.37077977420211,-8.7698297193128383e-06,2.5459685885350076,,
1170,0.012,304.53012647625172,304.53013762277942,-1.1146527697292186e-05,2.5405360271863122,,
1170,0.013000000000000001,304.70512931886128,304.70514289051653,-1.3571655244959402e-05,2.5292749461929604,,
1170,0.014,304.89617027635302,304.89618622215875,-1.5945805728279083e-05,2.5076034618431922,,
1170,0.014999999999999999,305.10364383439116,305.1036620300564,-1.8195665234088665e-05,2.4688143162040106,,
1170,0.016,305.32794770748359,305.32796801910479,-2.0311621199198271e-05,2.4040646805996309,,
1170,0.017000000000000001,305.56948816572748,305.56951053223435,-2.2366506868820579e-05,2.3028703495207377,,
1170,0.018000000000000002,305.82869104663007,305.82871554443346,-2.4497803394751827e-05,2.1540011726896275,,
1170,0.019,306.10601591092569,306.10604276507377,-2.6854148075017292e-05,1.9462289419055356,,
1170,0.02,306.40196876010526,306.40199829688055,-2.9536775286942429e-05,1.6674678882792848,,
1180,0,303.60355317386808,303.603549699224,3.4746440746857843e-06,2.5499999831119,,
1180,0.001,303.61011348151709,303.61011009333356,3.3881835292959295e-06,2.5499999682675059,,
1180,0.002,303.62981309121238,303.62980997782586,3.1133865263655025e-06,2.5499998892444284,,
1180,0.0030000000000000001,303.66270813930015,303.66270549051194,2.6487882109904604e-06,2.5499995688936514,,
1180,0.0040000000000000001,303.70889233620159,303.70889035052522,1.9856763628922636e-06,2.5499983371879313,,
1180,0.0050000000000000001,303.76849707935952,303.76849596683132,1.1125281957902189e-06,2.5499938506164912,,
1180,0.0060000000000000001,303.84169137594205,303.84169135926811,1.6673936897859676e-08,2.5499784869820408,,
1180,0.0070000000000000001,303.9286813516153,303.92868266440155,-1.3127862530382117e-06,2.5499292852477971,,
1180,0.0080000000000000002,304.02970908410987,304.02971196469667,-2.8805868055314932e-06,2.5497824184441105,,
1180,0.0090000000000000011,304.14505051011531,304.14505518988898,-4.6797736672488099e-06,2.5493746791618572,,
1180,0.01,304.27501224040969,304.27501892667931,-6.6862696144198708e-06,2.5483233090652759,,
1180,0.010999999999999999,304.41992730848477,304.4199361643029,-8.8558181232656352e-06,2.5458073716764624,,
1180,0.012,304.58015017880496,304.58016130505257,-1.1126247613901796e-05,2.5402213009106958,,
1180,0.013000000000000001,304.75605171308587,304.75606514044819,-1.3427362318907399e-05,2.5287102141966362,,
1180,0.014,304.94801513187747,304.94803083016308,-1.5698285608323204e-05,2.5066727305118119,,
1180,0.014999999999999999,305.15643414979428,305.15645205767674,-1.7907882465806324e-05,2.4674061318955238,,
1180,0.016,305.38171423196178,305.38173430159844,-2.0069636661901313e-05,2.4021097545014585,,
1180,0.017000000000000001,305.62427722783457,305.6242994696463,-2.2241811734602379e-05,2.3003824069768934,,
1180,0.018000000000000002,305.8845685868643,305.8845930959169,-2.4509052593657543e-05,2.1511044745274965,,
1180,0.019,306.16306527684912,306.16309222649909,-2.6949649964080891e-05,1.9431567027471865,,
1180,0.02,306.46028187004896,306.46031148239047,-2.9612341506890516e-05,1.6645263974911728,,
1190,0,303.6479953412952,303.64799186182893,3.4794662724380032e-06,2.5499999804253326,,
1190,0.001,303.65459781384033,303.65459442475913,3.3890812005665794e-06,2.5499999635373372,,
1190,0.002,303.67442397208322,303.67442086960887,3.1024743520902121e-06,2.5499998744053998,,
1190,0.0030000000000000001,303.7075300505781,303.70752743224392,2.6183341788055259e-06,2.5499995171497725,,
1190,0.0040000000000000001,303.75400971409579,303.7540077853194,1.9287763848296891e-06,2.5499981591574619,,
1190,0.0050000000000000001,303.81399386713326,303.81399284262255,1.0245107091577665e-06,2.5499932665084324,,
1190,0.0060000000000000001,303.8876501830182,303.88765028581929,-1.0280109563609585e-07,2.549976685359558,,
1190,0.0070000000000000001,303.97518218150117,303.97518363881613,-1.4573149655916495e-06,2.549924100551781,,
1190,0.0080000000000000002,304.07682768465895,304.0768307198033,-3.0351443456311245e-06,2.5497685618238868,,
1190,0.0090000000000000011,304.1928565324734,304.19286135311557,-4.8206421752183815e-06,2.5493403947580715,,
1190,0.01,304.32356755285559,304.32357433699576,-6.784140168747399e-06,2.5482449590641081,,
1190,0.010999999999999999,304.46928495622399,304.46929383896594,-8.8827419517656381e-06,2.5456422830827892,,
1190,0.012,304.63035453918548,304.63036560460563,-1.1065420153499872e-05,2.5399010151662109,,
1190,0.013000000000000001,304.80714028281739,304.80715356528987,-1.3282472480113938e-05,2.5281386603417091,,
1190,0.014,305.00002204018602,305.00003753768948,-1.5497503454753314e-05,2.5057352444768153,,
1190,0.014999999999999999,305.20939494174468,305.20941263992574,-1.7698181068226404e-05,2.4659934563923001,,
1190,0.016,305.43567085426298,305.4356907553514,-1.9901088421647728e-05,2.4001550969557952,,
1190,0.017000000000000001,305.679281728435,305.67930387559886,-2.2147163861063746e-05,2.2979012815161202,,
1190,0.018000000000000002,305.94068407571683,305.94070856320337,-2.4487486541602266e-05,2.1482211910385969,,
1190,0.019,306.22036331594967,306.22039027909597,-2.6963146297021012e-05,1.9401023562094175,,
1190,0.02,306.51883653574129,306.5188661339501,-2.9598208811876248e-05,1.6616035649886813,,
1200,0,303.69272243105485,303.69271897459151,3.4564633324407623e-06,2.5499999773645818,,
1200,0.001,303.69936706103664,303.69936369912182,3.3619148211982974e-06,2.5499999581930477,,
1200,0.002,303.71931962329813,303.71931656012293,3.0631751997134415e-06,2.5499998578576295,,
1200,0.0030000000000000001,303.75263609254165,303.75263353248033,2.5600613184906251e-06,2.5499994601521858,,
1200,0.0040000000000000001,303.7994095240706,303.79940767716334,1.8469072529114783e-06,2.549997965297782,,
1200,0.0050000000000000001,303.85976962366914,303.8597687056324,9.1803673285539844e-07,2.5499926373251638,,
1200,0.0060000000000000001,303.93388199606483,303.93388222585173,-2.297869059475488e-07,2.5499747643642143,,
1200,0.0070000000000000001,304.02194696396515,304.02194855850996,-1.594544812633103e-06,2.5499186246989236,,
1200,0.0080000000000000002,304.12419787246569,304.1242010386963,-3.1662306128055206e-06,2.5497540560542395,,
1200,0.0090000000000000011,304.24089885699578,304.24090378196587,-4.9249700850850786e-06,2.5493047966764806,,
1200,0.01,304.37234215517134,304.37234899608382,-6.8409124764912121e-06,2.5481642150698449,,
1200,0.010999999999999999,304.51884517156105,304.51885404822553,-8.8766644807947159e-06,2.5454733059097108,,
1200,0.012,304.68074763215947,304.68075862463337,-1.0992473903570499e-05,2.5395751850735606,,
1200,0.013000000000000001,304.85840925187176,304.85842240531605,-1.3153444285762816e-05,2.5275603505931321,,
1200,0.014,305.05220833874881,305.05222367577863,-1.5337029822148907e-05,2.5047911219799817,,
1200,0.014999999999999999,305.26254163947198,305.26255917781396,-1.753834197870674e-05,2.4645764310869964,,
1200,0.016,305.48982548747733,305.48984525835016,-1.9770872825120023e-05,2.3982008152905276,,
1200,0.017000000000000001,305.73449798658635,305.73452004797025,-2.2061383901927911e-05,2.2954269845094699,,
1200,0.018000000000000002,305.99702162977894,305.99704606941089,-2.4439631943096174e-05,2.1453512068669092,,
1200,0.019,306.27788551834516,306.27791244400157,-2.6925656413823162e-05,1.9370657076695152,,
1200,0.02,306.57760625175314,306.57763583357183,-2.958181869416876e-05,1.6586990933996915,,
1210,0,303.73773356859465,303.73773016450872,3.4040859304695914e-06,2.5499999738851602,,
1210,0.001,303.74442009567048,303.74441679087806,3.3047924148377206e-06,2.5499999521670849,,
1210,0.002,303.76449818274062,303.76449518697376,2.9957668630231638e-06,2.549999839437707,,
1210,0.0030000000000000001,303.79802326480416,303.79802078739749,2.4774066673671769e-06,2.549999397468985,,
1210,0.0040000000000000001,303.84508737234978,303.84508562549786,1.7468519217800349e-06,2.5499977545044556,,
1210,0.0050000000000000001,303.90581854262524,303.90581774031443,8.0231080801240751e-07,2.549991960444097,,
1210,0.0060000000000000001,303.98037990464246,303.98038025948534,-3.5484288218867732e-07,2.5499727183394731,,
1210,0.0070000000000000001,304.06896838572681,304.0689701037017,-1.7179748965645558e-06,2.5499128468155354,,
1210,0.0080000000000000002,304.17181301730812,304.17181629086576,-3.2735576382947329e-06,2.5497388829367309,,
1210,0.0090000000000000011,304.28917287497347,304.28917787554798,-5.0005745038106397e-06,2.5492678594138569,,
1210,0.01,304.42133476506012,304.42134163654606,-6.8714859366991732e-06,2.5480810496999839,,
1210,0.010999999999999999,304.5686108526985,304.5686197077427,-8.8550442001178453e-06,2.5453004244698763,,
1210,0.012,304.73133649134871,304.73134741231479,-1.0920966076355398e-05,2.5392438269228967,,
1210,0.013000000000000001,304.90986852794151,304.90988157447458,-1.3046533069882571e-05,2.5269753512314814,,
1210,0.014,305.10458423951667,305.104599464486,-1.5224969331484317e-05,2.5038404799057732,,
1210,0.014999999999999999,305.31588046915584,305.31589794083732,-1.7471681474034995e-05,2.4631551943372361,,
1210,0.016,305.54417028295569,305.54419009615339,-1.9813197695839335e-05,2.3962470133601328,,
1210,0.017000000000000001,305.78986828986132,305.78989046248716,-2.2172625847360905e-05,2.2929595253638251,,
1210,0.018000000000000002,306.05334573025465,306.05336970849254,-2.3978237891242316e-05,2.142494409415912,,
1210,0.019,306.33483400734724,306.33485786849008,-2.3861142835812643e-05,1.9340465586494759,,
1210,0.02,306.63428403697219,306.63430443809682,-2.0401124629643164e-05,1.6558112761791317,,
1220,0,303.7830263621114,303.78302303961556,3.3224958428945683e-06,2.5499999699382387,,
1220,0.001,303.78975433699628,303.78975111642262,3.2205736602008983e-06,2.5499999453858777,,
1220,0.002,303.80995653456648,303.80995363023459,2.9043318932053808e-06,2.5499998189699822,,
1220,0.0030000000000000001,303.84368766653745,303.8436852906492,2.3758882434776751e-06,2.5499993286417819,,
1220,0.0040000000000000001,303.89103848482131,303.89103684970496,1.6351163480976538e-06,2.5499975256192968,,
1220,0.0050000000000000001,303.95213510930114,303.95213442565711,6.8364403205123381e-07,2.5499912331463825,,
1220,0.0060000000000000001,304.02713804529287,304.02713851886756,-4.7357468702102778e-07,2.5499705414857954,,
1220,0.0070000000000000001,304.11624087962218,304.11624270654073,-1.8269185488861694e-06,2.5499067558736188,,
1220,0.0080000000000000002,304.21966867232567,304.21967203372537,-3.3613997061365808e-06,2.5497230242174247,,
1220,0.0090000000000000011,304.33767610371126,304.33768116079665,-5.057085388671112e-06,2.5492295576987902,,
1220,0.01,304.47054547932186,304.47055237037029,-6.8910484287698637e-06,2.5479954362709401,,
1220,0.010999999999999999,304.61858470351103,304.61859354459295,-8.8410819216733216e-06,2.5451236242119353,,
1220,0.012,304.78212522220304,304.78213611356438,-1.0891361341691663e-05,2.5389069581274342,,
1220,0.013000000000000001,304.96151953281083,304.96153257161421,-1.3038803388099041e-05,2.5263837288040967,,
1220,0.014,305.15713689416646,305.15715218363493,-1.5289468478840718e-05,2.5028834337730292,,
1220,0.014999999999999999,305.36935413840973,305.36937175660222,-1.7618192487134365e-05,2.4617298815274014,,
1220,0.016,305.59853635945552,305.59855622848033,-1.9869024811214331e-05,2.3942937916492637,,
1220,0.017000000000000001,305.8450013599126,305.84502298902311,-2.1629110506182769e-05,2.2904989116860657,,
1220,0.018000000000000002,306.10896482916274,306.1089870451874,-2.2216024660792755e-05,2.139650688438627,,
1220,0.019,306.39047214975284,306.39049305948504,-2.0909732199925202e-05,1.9310446992023,,
1220,0.02,306.6893348751417,306.689352183474,-1.7308332303400675e-05,1.6529397665826238,,
1230,0,303.82859736898359,303.82859415063336,3.2183502298721578e-06,2.549999965470334,,
1230,0.001,303.83536622474026,303.83536310983152,3.1149087362791761e-06,2.5499999377694373,,
1230,0.002,303.85569079578789,303.8556880010637,2.7947241960646352e-06,2.5499997962659466,,
1230,0.0030000000000000001,303.88962497527501,303.88962271388402,2.2613909891333606e-06,2.54999925318472,,
1230,0.0040000000000000001,303.93725812053071,303.9372566035172,1.5170135156949982e-06,2.5499972774291457,,
1230,0.0050000000000000001,303.99871435462092,303.99871378886246,5.6575845519546419e-07,2.5499904526161408,,
1230,0.0060000000000000001,304.07415158108665,304.07415216628283,-5.8519617596175522e-07,2.54996822786197,,
1230,0.0070000000000000001,304.16376022240513,304.16376214754365,-1.9251385197094351e-06,2.5499003406964942,,
1230,0.0080000000000000002,304.26776170466729,304.26776514478854,-3.440121247422212e-06,2.5497064615975904,,
1230,0.0090000000000000011,304.38640670932881,304.38641182384708,-5.1145182737855066e-06,2.5491898665033847,,
1230,0.01,304.51997315977178,304.51998009376325,-6.9339914716692874e-06,2.547907348799848,,
1230,0.010999999999999999,304.66876374315103,304.66877263188866,-8.8887376250568195e-06,2.544942891699622,,
1230,0.012,304.83310240566476,304.83311337870066,-1.0973035898587113e-05,2.5385645971784006,,
1230,0.013000000000000001,305.01332864811138,305.01334182160201,-1.317349062901485e-05,2.5257855500785924,,
1230,0.014,305.20978766222777,305.20980310030046,-1.5438072693996219e-05,2.5019200977281617,,
1230,0.014999999999999999,305.42281371791512,305.42283134614723,-1.7628232114930142e-05,2.4603006251283879,,
1230,0.016,305.65270437637986,305.65272385133392,-1.9474954058296134e-05,2.3923412473747465,,
1230,0.017000000000000001,305.89968479118124,305.89970536542353,-2.0574242284965294e-05,2.2880451494400087,,
1230,0.018000000000000002,306.1638648276425,306.16388528476978,-2.0457127277495601e-05,2.1368199354934383,,
1230,0.019,306.44519618428933,306.44521491480162,-1.8730512294951041e-05,1.9280598922778633,,
1230,0.02,306.74344013435092,306.7434553681797,-1.5233828776217706e-05,1.650084920060694,,
1240,0,303.87444255449566,303.87443945648113,3.0980145311332308e-06,2.5499999604229635,,
1240,0.001,303.881251668326,303.88124867428547,2.994040528392361e-06,2.549999929230943,,
1240,0.002,303.90169673165644,303.90169405892169,2.6727347517407907e-06,2.5499997711235785,,
1240,0.0030000000000000001,303.93583078964758,303.93582865093214,2.1387154447438661e-06,2.5499991705834999,,
1240,0.0040000000000000001,303.98374178301924,303.98374038752263,1.3954966107121436e-06,2.5499970086646835,,
1240,0.0050000000000000001,304.0455518525369,304.04555140403289,4.4850401081930613e-07,2.5499896159398143,,
1240,0.0060000000000000001,304.12141636534795,304.12141706005036,-6.9470240759983426e-07,2.5499657713866206,,
1240,0.0070000000000000001,304.21152265932648,304.21152468411088,-2.024784407694824e-06,2.5498935899645527,,
1240,0.0080000000000000002,304.31608847407449,304.31609200575298,-3.5316784874339646e-06,2.5496891767442533,,
1240,0.0090000000000000011,304.43535996741764,304.43536517343159,-5.2060139523746329e-06,2.5491487610543206,,
1240,0.01,304.56960907181548,304.5696161114148,-7.0395993247984734e-06,2.5478167620054251,,
1240,0.010999999999999999,304.71912969962847,304.71913872201327,-9.0223848019377328e-06,2.5447582145903009,,
1240,0.012,304.88423196445609,304.88424309701151,-1.1132555414405942e-05,2.5382167636007686,,
1240,0.013000000000000001,305.06523322210506,305.06524653969484,-1.3317589775851957e-05,2.5251808819985215,,
1240,0.014,305.26244452338744,305.26245999201888,-1.5468631431758695e-05,2.5009505845404449,,
1240,0.014999999999999999,305.47615127384483,305.47616867156523,-1.7397720398548699e-05,2.4588675547569627,,
1240,0.016,305.70658777108702,305.70660660371954,-1.8832632520116022e-05,2.3903894745886731,,
1240,0.017000000000000001,305.95390691920852,305.95392636249971,-1.9443291193965706e-05,2.2855982430804218,,
1240,0.018000000000000002,306.21814852945761,306.2181674342263,-1.8904768694483209e-05,2.1340020430951663,,
1240,0.019,306.49921153632721,306.49922851949066,-1.6983163448003324e-05,1.9250918926486551,,
1240,0.02,306.79683629480968,306.79684991672207,-1.3621912387407065e-05,1.6472466941224175,,
1250,0,303.92055765287188,303.9205546858667,2.9670051731045533e-06,2.5499999547322982,,
1250,0.001,303.92740638822863,303.92740352507468,2.8631539521484228e-06,2.5499999196763143,,
1250,0.002,303.94797003340858,303.9479674909266,2.5424819796171505e-06,2.5499997433266937,,
1250,0.0030000000000000001,303.98230078478394,303.98229877480657,2.0099773792026099e-06,2.549999080294393,,
1250,0.0040000000000000001,304.03048516560233,304.03048389616856,1.2694337669927336e-06,2.5499967179992913,,
1250,0.0050000000000000001,304.09264331678656,304.0926429908435,3.2594306276223506e-07,2.5499887201055924,,
1250,0.0060000000000000001,304.16892797589793,304.16892879029035,-8.1439242194392136e-07,2.5499631658398259,,
1250,0.0070000000000000001,304.25952309163631,304.25952523662755,-2.1449912424031936e-06,2.5498864922210611,,
1250,0.0080000000000000002,304.36464195690161,304.36464561604902,-3.6591474099623156e-06,2.5496711513005543,,
1250,0.0090000000000000011,304.48452463594509,304.48452998523629,-5.3492912002184312e-06,2.549106216843382,,
1250,0.01,304.61943430292223,304.61944150665624,-7.2037340146380302e-06,2.5477236513081905,,
1250,0.010999999999999999,304.76965191373512,304.76966111312106,-9.1993859427930147e-06,2.5445695816134735,,
1250,0.012,304.93546844841495,304.93547973820404,-1.1289789085822122e-05,2.5378634779102054,,
1250,0.013000000000000001,305.11717387788445,305.11718726777298,-1.3389888522397086e-05,2.5245697916412384,,
1250,0.014,305.31504214872848,305.31505751078032,-1.5362051840384083e-05,2.4999750055987056,,
1250,0.014999999999999999,305.52931195756349,305.52932896802031,-1.7010456815569341e-05,2.4574307972336724,,
1250,0.016,305.76016394542086,305.76018203667036,-1.8091249501139828e-05,2.388438564281167,,
1250,0.017000000000000001,306.00769608484256,306.00771442782082,-1.8342978250984743e-05,2.2831581956521592,,
1250,0.018000000000000002,306.2719001926942,306.27191772764479,-1.7534950586650666e-05,2.1311969037104168,,
1250,0.019,306.55264328991672,306.55265881244338,-1.5522526666700287e-05,1.9221404661023012,,
1250,0.02,306.84965755942108,306.84966985933431,-1.2299913237256987e-05,1.6444249651131799,,
1260,0,303.96693835841904,303.9669355303032,2.8281158392928774e-06,2.549999948328793,,
1260,0.001,303.97382607484548,303.97382335035638,2.7244890929978283e-06,2.5499999090037657,,
1260,0.002,303.99450637419108,303.99450396967904,2.4045120312621293e-06,2.5499997126442695,,
1260,0.0030000000000000001,304.02903057735273,304.02902870450578,1.872846951300744e-06,2.5499989817432693,,
1260,0.0040000000000000001,304.0774837155862,304.07748258301393,1.1325722653054981e-06,2.5499964040479255,,
1260,0.0050000000000000001,304.13998374904628,304.13998356154701,1.8749926766759017e-07,2.5499877620029419,,
1260,0.0060000000000000001,304.21668039476634,304.21668135276411,-9.579977700013842e-07,2.5499604048648723,,
1260,0.0070000000000000001,304.30775345590683,304.30775575474729,-2.2988404566604004e-06,2.5498790358780319,,
1260,0.0080000000000000002,304.41341046586319,304.41341429403758,-3.8281743854895467e-06,2.5496523668959199,,
1260,0.0090000000000000011,304.53388335746973,304.53388889203876,-5.534569027076941e-06,2.5490622096374316,,
1260,0.01,304.66942374939089,304.66943114612496,-7.3967340767921996e-06,2.5476279928299914,,
1260,0.010999999999999999,304.82029633806502,304.82030571356648,-9.3755014631824451e-06,2.5443769825491165,,
1260,0.012,304.986769843557,304.98678124745663,-1.1403899634387926e-05,2.5375047615710593,,
1260,0.013000000000000001,305.16910504472241,305.16911842238233,-1.3377659911384399e-05,2.5239523461778197,,
1260,0.014,305.36753971296775,305.36755486291935,-1.5149951593684818e-05,2.4989934709095052,,
1260,0.014999999999999999,305.58227074280302,305.58228727750054,-1.6534697522274655e-05,2.4559904766399741,,
1260,0.016,305.81343444729288,305.81345176906046,-1.732176758650894e-05,2.3864886044824196,,
1260,0.017000000000000001,306.06108672281721,306.06110402736397,-1.7304546759078221e-05,2.2807250088450362,,
1260,0.018000000000000002,306.32518540462888,306.32520172077494,-1.6316146059125458e-05,2.1284044092230201,,
1260,0.019,306.60557741937066,306.60559168581381,-1.4266443145061203e-05,1.9192053926765598,,
1260,0.02,306.90199331470023,306.90200430064209,-1.0985941855778947e-05,1.6416195791958652,,
1270,0,304.01358026405518,304.0135775866359,2.6774192747325287e-06,2.5499999411368068,,
1270,0.001,304.02050628661414,304.02050371103093,2.5755832098184328e-06,2.5499998971033486,,
1270,0.002,304.04130118716972,304.04129893233954,2.254830178571865e-06,2.549999678829765,,
1270,0.0030000000000000001,304.0760153133744,304.07601359225072,1.7211236809089314e-06,2.5499988743246171,,
1270,0.0040000000000000001,304.12473199613373,304.12473101951338,9.7662035614121123e-07,2.5499960653660549,,
1270,0.0050000000000000001,304.18756662592904,304.18756660182078,2.4108260276989313e-08,2.5499867384222235,,
1270,0.0060000000000000001,304.26466523464143,304.26466636724098,-1.1325995501465513e-06,2.5499574819701443,,
1270,0.0070000000000000001,304.35620243583463,304.35620492343526,-2.487600625045161e-06,2.5498712092221392,,
1270,0.0080000000000000002,304.46237850490144,304.46238253554395,-4.0306425148628477e-06,2.5496328051560271,,
1270,0.0090000000000000011,304.58341530438395,304.58342104762147,-5.7432375228927413e-06,2.5490167154878236,,
1270,0.01,304.71955069569793,304.7195582887208,-7.59302287178798e-06,2.5475297633928764,,
1270,0.010999999999999999,304.87103105482407,304.87104058161526,-9.5267911888186063e-06,2.5441804082059254,,
1270,0.012,305.03810156340199,305.03811302657306,-1.1463171063041955e-05,2.5371406369554421,,
1270,0.013000000000000001,305.22099412678375,305.2210074124942,-1.3285710451782506e-05,2.5233286128349839,,
1270,0.014,305.41991320496601,305.41992804050801,-1.4835542003766022e-05,2.4980060890966538,,
1270,0.014999999999999999,305.63502111456182,305.63503701853591,-1.5903974087905226e-05,2.4545467143746089,,
1270,0.016,305.86642855531204,305.8664448195654,-1.6264253360986913e-05,2.3845396803622796,,
1270,0.017000000000000001,306.11420731881566,306.11422326345445,-1.594463878973329e-05,2.2782986830052852,,
1270,0.018000000000000002,306.37846040687958,306.37847633696271,-1.5930083122839278e-05,2.1256244510246964,,
1270,0.019,306.6594889619106,306.65950754211349,-1.8580202890916553e-05,1.9162864645618187,,
1270,0.02,306.958042853444,306.95806933880351,-2.6485359512662399e-05,1.6388307783506648,,
1280,0,304.06047855780548,304.06047604395246,2.51385301908158e-06,2.5499999330742025,,
1280,0.001,304.06744211996266,304.06743970890756,2.4110551066769403e-06,2.5499998838564744,,
1280,0.002,304.08834926674945,304.08834717938089,2.0873685571132228e-06,2.5499996416204289,,
1280,0.0030000000000000001,304.12324919382553,304.12324764553563,1.548289901620592e-06,2.5499987574005707,,
1280,0.0040000000000000001,304.17222319382739,304.17222239831113,7.9551625731255626e-07,2.5499957004486253,,
1280,0.0050000000000000001,304.2353835380427,304.23538370624686,-1.6820416703922092e-07,2.5499856460544033,,
1280,0.0060000000000000001,304.31287175721525,304.31287309525038,-1.338035133358062e-06,2.5499543905311191,,
1280,0.0070000000000000001,304.40485615999756,304.40485886519326,-2.7051956976720248e-06,2.5498630004206868,,
1280,0.0080000000000000002,304.51152837364668,304.51153262754696,-4.2539002720332064e-06,2.5496124477125663,,
1280,0.0090000000000000011,304.63309865137245,304.63310460819014,-5.9568176880020474e-06,2.548969710739283,,
1280,0.01,304.76978969072269,304.76979745964968,-7.7689269915026671e-06,2.5474289405173236,,
1280,0.010999999999999999,304.9218288093777,304.92183842913886,-9.6197611583193066e-06,2.5439798503994533,,
1280,0.012,305.08943867287326,305.08945007721405,-1.1404340796161705e-05,2.5367711273033247,,
1280,0.013000000000000001,305.27282766430045,305.27284064146653,-1.2977166079508606e-05,2.5226986588589195,,
1280,0.014,305.47218290179626,305.47219707169131,-1.4169895052873471e-05,2.4970129674020396,,
1280,0.014999999999999999,305.68767219142552,305.68768706951641,-1.4878090894399065e-05,2.453099629209496,,
1280,0.016,305.91946515272156,305.91948040570674,-1.5252985178904055e-05,2.3825918743256791,,
1280,0.017000000000000001,306.16778542186285,306.16780134019484,-1.5918331996545021e-05,2.2758792171218474,,
1280,0.018000000000000002,306.43300016197799,306.43301815007959,-1.7988101603805262e-05,2.1228569204385237,,
1280,0.019,306.71573680704944,306.71575953683237,-2.2729782926944608e-05,1.9133834862685932,,
1280,0.02,307.01699505166141,307.01702601654165,-3.0964880238570913e-05,1.6360584135864691,,
1290,0,304.10762762328812,304.10762529492331,2.3283648147298663e-06,2.5499999240519347,,
1290,0.001,304.11462781003627,304.11462558603534,2.2240009229790303e-06,2.5499998691354291,,
1290,0.002,304.13564438134529,304.13564248560209,1.8957431962007831e-06,2.5499996007366001,,
1290,0.0030000000000000001,304.170725143136,304.17072379404641,1.3490895867107611e-06,2.5499986302999504,,
1290,0.0040000000000000001,304.21994893136895,304.21994834522968,5.8613926512407488e-07,2.5499953077290676,,
1290,0.0050000000000000001,304.28342427733247,304.28342466642277,-3.8909030308786896e-07,2.5499844814908585,,
1290,0.0060000000000000001,304.36128738173278,304.36128895067276,-1.5689399788243463e-06,2.549951123792483,,
1290,0.0070000000000000001,304.45369925147958,304.45370219088318,-2.939403600521473e-06,2.5498543975275947,,
1290,0.0080000000000000002,304.56084183853272,304.56084631459782,-4.4760651007891283e-06,2.5495912762127904,,
1290,0.0090000000000000011,304.68291306483337,304.68291920326271,-6.1384293417177105e-06,2.5489211720382787,,
1290,0.01,304.82012078764529,304.82012865067827,-7.8630329767293006e-06,2.5473255024199424,,
1290,0.010999999999999999,304.97267616625209,304.97268572423383,-9.5579817411817203e-06,2.5437753019302951,,
1290,0.012,305.14078767285764,305.14079877942504,-1.1106567399110645e-05,2.5363962566837728,,
1290,0.013000000000000001,305.32465823341806,305.32467062724055,-1.2393822487410944e-05,2.5220625514809534,,
1290,0.014,305.52448953924983,305.52450290875834,-1.336950850827634e-05,2.496014211687501,,
1290,0.014999999999999999,305.74049881890613,305.74051296278242,-1.414387628528857e-05,2.4516493373448167,,
1290,0.016,305.97295313336724,305.97296821123251,-1.5077865270995972e-05,2.3806452661019155,,
1290,0.017000000000000001,306.22222323005633,306.22224002746304,-1.6797406715340912e-05,2.2734666088118587,,
1290,0.018000000000000002,306.4888526577771,306.48887273566783,-2.0077890724223835e-05,2.1201017092186061,,
1290,0.019,306.77362968682462,306.77365529367893,-2.5606854308080074e-05,1.9104962775478314,,
1290,0.02,307.07764322035973,307.07767694344693,-3.3723087199177826e-05,1.6333021344763687,,
1300,0,304.15502071210869,304.15501859687458,2.1152341105334926e-06,2.5499999139736205,,
1300,0.001,304.16205642357795,304.16205441451223,2.0090657244509202e-06,2.5499998528028693,,
1300,0.002,304.18317903383308,304.18317735806335,1.6757697380853642e-06,2.5499995558809916,,
1300,0.0030000000000000001,304.21843470057854,304.21843357906295,1.1215155950594635e-06,2.5499984923173047,,
1300,0.0040000000000000001,304.26789937538661,304.2678990253948,3.4999180797967711e-07,2.5499948855783563,,
1300,0.0050000000000000001,304.33167727512796,304.33167790685076,-6.3172279851642088e-07,2.5499832412232708,,
1300,0.0060000000000000001,304.40989862290849,304.40990043352713,-1.8106186416844139e-06,2.5499476748703529,,
1300,0.0070000000000000001,304.50271658570261,304.50271974983218,-3.1641295663575875e-06,2.5498453884894134,,
1300,0.0080000000000000002,304.61030339968562,304.61030805521835,-4.6555327344321995e-06,2.5495692723288323,,
1300,0.0090000000000000011,304.73284584359027,304.73285207305423,-6.2294639633364568e-06,2.5488710763408498,,
1300,0.01,304.87054055044524,304.87054836083905,-7.8103938108142756e-06,2.5472194280105671,,
1300,0.010999999999999999,305.02359018313172,305.02359949227883,-9.3091471171646845e-06,2.5435667565622055,,
1300,0.012,305.19220222349151,305.19221286728333,-1.0643791824804794e-05,2.5360160499571531,,
1300,0.013000000000000001,305.37659289371766,305.37660467250038,-1.17787827207394e-05,2.5214203578849652,,
1300,0.014,305.5769992143633,305.57701199226085,-1.2777897552496142e-05,2.4950099264379237,,
1300,0.014999999999999999,305.7937019175526,305.79371577140961,-1.3853857012691151e-05,2.4501959524636487,,
1300,0.016,306.02706039865558,306.02707578523683,-1.5386581253551412e-05,2.3786999328273857,,
1300,0.017000000000000001,306.27755794501161,306.27757582816122,-1.7883149610042892e-05,2.2710608543232302,,
1300,0.018000000000000002,306.54585160856067,306.54587348092042,-2.1872359752705961e-05,2.1173587100738986,,
1300,0.019,306.8328175143925,306.83284526963604,-2.7755243536375929e-05,1.9076246670097246,,
1300,0.02,307.1395807247261,307.13961640258714,-3.5677861035310343e-05,1.6305617064734692,,
1310,0,304.20264979269251,304.20264792081622,1.8718762930802768e-06,2.5499999027351015,,
1310,0.001,304.20971974019557,304.20971797591216,1.7642834109210526e-06,2.549999834711302,,
1310,0.002,304.23094444622967,304.23094301880894,1.4274207273956563e-06,2.5499995067379717,,
1310,0.0030000000000000001,304.26636820019792,304.26636733114151,8.6905640728218714e-07,2.5499983427119588,,
1310,0.0040000000000000001,304.31606374790988,304.31606365185121,9.605867035133997e-08,2.5499944323041048,,
1310,0.0050000000000000001,304.38013066515265,304.3801315444008,-8.7924814806683571e-07,2.5499819216436106,,
1310,0.0060000000000000001,304.45869305726723,304.45869509341844,-2.0361512156341632e-06,2.5499440367546091,,
1310,0.0070000000000000001,304.55189663984277,304.55189998209278,-3.3422500109736575e-06,2.549835961151349,,
1310,0.0080000000000000002,304.65990539064654,304.6599101414804,-4.7508338525403815e-06,2.5495464177668161,,
1310,0.0090000000000000011,304.78289819984906,304.78290440084498,-6.2009959265196812e-06,2.5488194009199558,,
1310,0.01,304.92106629423597,304.92107391769883,-7.6234628636484558e-06,2.5471106968888559,,
1310,0.010999999999999999,305.07461264331766,305.07462159853634,-8.955218675055221e-06,2.5433542090002748,,
1310,0.012,305.24375497782211,305.24376514215925,-1.0164337140849966e-05,2.5356305327384101,,
1310,0.013000000000000001,305.42873429167361,305.42874557405895,-1.1282385344202339e-05,2.5207721451765006,,
1310,0.014,305.6298305257464,305.62984296181173,-1.243606533307684e-05,2.4940002147653169,,
1310,0.014999999999999999,305.84738632677704,305.84740019147165,-1.3864694608400896e-05,2.4487395857856837,,
1310,0.016,306.08183825018381,306.08185415923623,-1.5909052422102832e-05,2.3767559491217431,,
1310,0.017000000000000001,306.3337526974222,306.3337716606074,-1.8963185198117571e-05,2.2686619485620372,,
1310,0.018000000000000002,306.60386172455094,306.60388511759049,-2.3393039555230644e-05,2.1146278171534454,,
1310,0.019,306.89309233440764,306.89312177474631,-2.9440338664699084e-05,1.9047684858952667,,
1310,0.02,307.20258267028424,307.20261982762224,-3.7157337999360607e-05,1.6278369209383654,,
1320,0,304.25050567191141,304.25050407053209,1.6013793242564134e-06,2.5499998902239827,,
1320,0.001,304.25760842537932,304.25760693172651,1.4936528032194474e-06,2.5499998147025584,,
1320,0.002,304.27893089679327,304.27892973934286,1.1574504128475382e-06,2.549999452972838,,
1320,0.0030000000000000001,304.31451541284082,304.31451480976477,6.0307604599074693e-07,2.5499981807070813,,
1320,0.0040000000000000001,304.3644314501982,304.36443160834995,-1.5815174947420019e-07,2.5499939461497108,,
1320,0.0050000000000000001,304.42877407293662,304.42877518062141,-1.1076847954427649e-06,2.54998051904421,,
1320,0.0060000000000000001,304.5076618487987,304.50766406631658,-2.2175178742145363e-06,2.5499402023113182,,
1320,0.0070000000000000001,304.60123443227167,304.60123788096502,-3.4486933486732596e-06,2.5498261032632938,,
1320,0.0080000000000000002,304.70965016541487,304.70965491731101,-4.7518961423520523e-06,2.549522694275721,,
1320,0.0090000000000000011,304.8330842752232,304.83309034714568,-6.0719224848071462e-06,2.5487661233723173,,
1320,0.01,304.97172851604142,304.97173587375119,-7.3577097623456211e-06,2.5469992893404036,,
1320,0.010999999999999999,305.12579336077721,305.12580193940363,-8.5786264207854401e-06,2.5431376548691729,,
1320,0.012,305.2955139905153,305.2955237361474,-9.7456320986566425e-06,2.5352397313613619,,
1320,0.013000000000000001,305.48116124645207,305.481172179456,-1.0933003920854389e-05,2.5201179803534965,,
1320,0.014,305.6830582739621,305.68307056750751,-1.2293545410102524e-05,2.4929851784138712,,
1320,0.014999999999999999,305.90160274628005,305.90161680523352,-1.4058953468065738e-05,2.4472803461199306,,
1320,0.016,306.13729335809813,306.13730987683505,-1.651873691344008e-05,2.3748133871586599,,
1320,0.017000000000000001,306.39075792831807,306.39077790462585,-1.9976307783053926e-05,2.2662698851460461,,
1320,0.018000000000000002,306.66277927975619,306.66280396812118,-2.4688364987923705e-05,2.1119089263268371,,
1320,0.019,306.95431445793224,306.95434525906245,-3.0801130208146787e-05,1.9019275665831152,,
1320,0.02,307.26650277630205,307.26654143962725,-3.8663325199195242e-05,1.6251275810760992,,
1330,0,304.29857852004756,304.29857720333217,1.3167153838367085e-06,2.5499998763191578,,
1330,0.001,304.3057126198247,304.30571141024302,1.2095816828150419e-06,2.5499997926072484,,
1330,0.002,304.32712849979919,304.32712761909448,8.8070470383172506e-07,2.5499993942310812,,
1330,0.0030000000000000001,304.36286662465631,304.36286628289997,3.4175633345512324e-07,2.5499980054887543,,
1330,0.0040000000000000001,304.41299348483011,304.41299387647086,-3.9164075360531569e-07,2.5499934252935459,,
1330,0.0050000000000000001,304.47760027006086,304.4776015659703,-1.2959094419784378e-06,2.5499790296179268,,
1330,0.0060000000000000001,304.55680123161284,304.55680357036471,-2.3387518695017206e-06,2.5499361642852501,,
1330,0.0070000000000000001,304.65073201715518,304.65073549700276,-3.4798475780917215e-06,2.5498158024858473,,
1330,0.0080000000000000002,304.75954841493154,304.75955308907368,-4.6741421328988508e-06,2.5494980836560281,,
1330,0.0090000000000000011,304.88342612018698,304.88343199896775,-5.8787807688531757e-06,2.5487112216247922,,
1330,0.01,305.02256230260849,305.02256936677435,-7.0641658567183185e-06,2.5468851863323922,,
1330,0.010999999999999999,305.17717985421802,305.17718808271235,-8.2284943232480146e-06,2.5429170906914842,,
1330,0.012,305.34753516206234,305.34754457579845,-9.4137361088542093e-06,2.5348436728440111,,
1330,0.013000000000000001,305.53393000006201,305.53394072020103,-1.0720139016484609e-05,2.5194579302785551,,
1330,0.014,305.73672754896171,305.73673986505759,-1.2316095876485633e-05,2.4919649177659151,,
1330,0.014999999999999999,305.95637121522321,305.95638565299248,-1.4437769266351097e-05,2.4458183399162059,,
1330,0.016,306.19340136140414,306.19341871661368,-1.7355209536162874e-05,2.3728723167327677,,
1330,0.017000000000000001,306.44845644062457,306.44847761633372,-2.117570915061151e-05,2.2638846564800827,,
1330,0.018000000000000002,306.72223151661433,306.72225681167777,-2.5295063437624776e-05,2.1092019352322811,,
1330,0.019,307.01536393339131,307.01539195197319,-2.8018581872402137e-05,1.8991017430246298,,
1330,0.02,307.32825385002945,307.3282813331661,-2.7483136648243089e-05,1.6224346461557559,,
1340,0,304.34685877219169,304.34685773960638,1.0325853168069443e-06,2.5499998608903294,,
1340,0.001,304.35402287961728,304.35402194962836,9.2998891432216624e-07,2.5499997682442013,,
1340,0.002,304.37552824240026,304.37552762669719,6.1570307252623024e-07,2.5499993301376449,,
1340,0.0030000000000000001,304.41141376498666,304.41141366145854,1.0352812296332559e-07,2.549997816205066,,
1340,0.0040000000000000001,304.46174355347199,304.46174414146776,-5.8799577118406887e-07,2.5499928678482009,,
1340,0.0050000000000000001,304.52660595681095,304.52660738954825,-1.4327372923617077e-06,2.5499774494583991,,
1340,0.0060000000000000001,304.60611251931243,304.60611491708318,-2.3977707428457506e-06,2.5499319153024915,,
1340,0.0070000000000000001,304.70039717469371,304.70040062061474,-3.4459210382919991e-06,2.5498050463963309,,
1340,0.0080000000000000002,304.80961613424893,304.8096206750551,-4.5408061737362004e-06,2.54947256776811,,
1340,0.0090000000000000011,304.93394903459034,304.93395468948484,-5.6548944940004731e-06,2.5486546739402502,,
1340,0.01,305.07360197365864,305.07360875419965,-6.7805410139953892e-06,2.5467683695087624,,
1340,0.010999999999999999,305.22881300654984,305.22882094977308,-7.9432232382714574e-06,2.5426925138660894,,
1340,0.012,305.39986036338593,305.39986957876971,-9.2153837840669439e-06,2.5344423848548243,,
1340,0.013000000000000001,305.58707285127628,305.58708357744649,-1.0726170216912578e-05,2.5187920616527397,,
1340,0.014,305.79084026584087,305.79085291605884,-1.2650217968257493e-05,2.4909395318488063,,
1340,0.014999999999999999,306.01161893411535,306.01163407482574,-1.514071038855036e-05,2.4443536713154632,,
1340,0.016,306.24992429065543,306.24994247028582,-1.8179630387749057e-05,2.3709328053245411,,
1340,0.017000000000000001,306.50630085684054,306.50632225580472,-2.1398964179297764e-05,2.261506253843641,,
1340,0.018000000000000002,306.78126385724175,306.78128790795114,-2.4050709384937363e-05,2.1065067431931257,,
1340,0.019,307.07521845229809,307.07524370367742,-2.5251379327073664e-05,1.8962908588307952,,
1340,0.02,307.38837865674401,307.3884030555912,-2.4398847187967476e-05,1.6197580041659703,,
1350,0,304.39533814231049,304.39533737203436,7.7027613087921054e-07,2.5499998437975018,,
1350,0.001,304.40253118111349,304.40253050679399,6.7431949446472572e-07,2.5499997414198989,,
1350,0.002,304.42412294179837,304.42412256128478,3.8051359751989366e-07,2.5499992602961821,,
1350,0.0030000000000000001,304.46015122077893,304.46015131712971,-9.6350788680865662e-08,2.5499976119652059,,
1350,0.0040000000000000001,304.5106785548154,304.51067929162002,-7.3680462264746893e-07,2.5499922718597663,,
1350,0.0050000000000000001,304.57579169891312,304.57579321390034,-1.514987218342867e-06,2.5499757745603637,,
1350,0.0060000000000000001,304.65560121853542,304.65560361937395,-2.4008385253182496e-06,2.5499274478731206,,
1350,0.0070000000000000001,304.75024152322959,304.75024488734761,-3.3641180152699235e-06,2.5497938224947703,,
1350,0.0080000000000000002,304.85987174205894,304.85987612278046,-4.3807215206470573e-06,2.5494461285403998,,
1350,0.0090000000000000011,304.98467786007893,304.98468330156845,-5.441489520308096e-06,2.5485964589230488,,
1350,0.01,305.12487643441654,305.1248829973045,-6.5628879610812874e-06,2.5466488211850962,,
1350,0.010999999999999999,305.28071989095548,305.280727687818,-7.7968625191715546e-06,2.5424639226468373,,
1350,0.012,305.45250275265499,305.45251198585044,-9.2331954419933027e-06,2.5340358956800793,,
1350,0.013000000000000001,305.64056709910136,305.64057808204774,-1.0982946378135239e-05,2.5181204409907618,,
1350,0.014,305.84530421729613,305.8453173490222,-1.3131726063875249e-05,2.4899091183423647,,
1350,0.014999999999999999,306.06714824425114,306.06716390917251,-1.5664921363622852e-05,2.4428864421983945,,
1350,0.016,306.30655750725532,306.30657589916638,-1.8391911055459786e-05,2.3689949181639176,,
1350,0.017000000000000001,306.56398124194112,306.56400216291149,-2.0920970371207659e-05,2.2591346674799362,,
1350,0.018000000000000002,306.8398138225827,306.83983655478056,-2.2732197862751491e-05,2.1038232511632398,,
1350,0.019,307.13434457019343,307.13436790791786,-2.3337724428529327e-05,1.8934947813155809,,
1350,0.02,307.44771597588601,307.44773845226672,-2.2476380706848431e-05,1.6170969884431765,,
1360,0,304.44401045110118,304.44400990424737,5.4685381201124983e-07,2.5499998248904685,,
1360,0.001,304.45123170423051,304.45123124537275,4.5885775534770801e-07,2.5499997119278945,,
1360,0.002,304.47290788496559,304.47290769597566,1.88989929483796e-07,2.549999184288303,,
1360,0.0030000000000000001,304.50907620907583,304.50907645735236,-2.4827653533066041e-07,2.549997391838589,,
1360,0.0040000000000000001,304.55979854002811,304.55979937472654,-8.3469842593331123e-07,2.5499916353071721,,
1360,0.0050000000000000001,304.62516130331568,304.62516285088032,-1.5475646364393469e-06,2.5499740008200855,,
1360,0.0060000000000000001,304.70527566350813,304.70527802659751,-2.3630893792869756e-06,2.5499227543939766,,
1360,0.0070000000000000001,304.80027822655506,304.80028148812323,-3.2615681675451924e-06,2.5497821182098597,,
1360,0.0080000000000000002,304.91033252790277,304.91033676211379,-4.2342110191384563e-06,2.5494187479773096,,
1360,0.0090000000000000011,305.03563147097969,305.03563676168488,-5.2907051895090262e-06,2.5485365555240116,,
1360,0.01,305.17640063817771,305.1764071031796,-6.4650018885004101e-06,2.5465265243430086,,
1360,0.010999999999999999,305.3329019650119,305.33290977993141,-7.8149195132937166e-06,2.5422313161212142,,
1360,0.012,305.50543665221596,305.50544606227885,-9.4100628871274239e-06,2.5336242341920805,,
1360,0.013000000000000001,305.69434549473158,305.69435679899436,-1.1304262784506136e-05,2.5174431345975776,,
1360,0.014,305.90000427769519,305.90001777271783,-1.3495022642473486e-05,2.4888737735872088,,
1360,0.014999999999999999,306.12281190090687,306.1228277830088,-1.5882101934039383e-05,2.4414167522330841,,
1360,0.016,306.36316982089147,306.36318806625854,-1.8245367073177476e-05,2.3670587182942056,,
1360,0.017000000000000001,306.62145339169507,306.62147365454041,-2.0262845339402702e-05,2.256769886679812,,
1360,0.018000000000000002,306.89797842821423,306.8980000049512,-2.1576736969564081e-05,2.1011513619728088,,
1360,0.019,307.1929689512553,307.19299084313514,-2.1891879839586181e-05,1.8907133879940023,,
1360,0.02,307.50653343823291,307.50655452129513,-2.1083062222260196e-05,1.6144512640321271,,
1370,0,304.49287210020304,304.49287172618858,3.7401446206786204e-07,2.5499998040082867,,
1370,0.001,304.50012124787571,304.50012095358898,2.9428673542497563e-07,2.5499996795482183,,
1370,0.002,304.52188106391526,304.52188101515821,4.8757044623926049e-08,2.5499991016728263,,
1370,0.0030000000000000001,304.55818869965287,304.55818904943106,-3.4977819041159819e-07,2.549997154853981,,
1370,0.0040000000000000001,304.60910617124239,304.60910705772136,-8.8647897200644366e-07,2.5499909561015772,,
1370,0.0050000000000000001,304.67472062951634,304.67472217403673,-1.5445203871422564e-06,2.5499721240358504,,
1370,0.0060000000000000001,304.75514495075458,304.75514725986113,-2.3091065486369189e-06,2.5499178271514951,,
1370,0.0070000000000000001,304.85051879546626,304.8505219680099,-3.172543642904202e-06,2.5497699209048901,,
1370,0.0080000000000000002,304.96101021371686,304.96101435318707,-4.1394702066099853e-06,2.5493904081669094,,
1370,0.0090000000000000011,305.08681771352099,305.08682294401984,-5.230498857144994e-06,2.5484749430450075,,
1370,0.01,305.22817243756242,305.22817891924365,-6.4816812255230616e-06,2.5464014626242366,,
1370,0.010999999999999999,305.38533972764441,305.38534766463613,-7.9369917216354224e-06,2.5419946941892611,,
1370,0.012,305.55861896135946,305.55862859348497,-9.6321255114162341e-06,2.5332074298183729,,
1370,0.013000000000000001,305.74834024984602,305.74835182068836,-1.1570842332275788e-05,2.5167602085462755,,
1370,0.014,305.95485656722838,305.95487026663125,-1.3699402870770427e-05,2.4878335925935904,,
1370,0.014999999999999999,306.17853031731704,306.1785462058391,-1.5888522057139198e-05,2.4399446989212636,,
1370,0.016,306.41971431714171,306.41973225076367,-1.7933621961674362e-05,2.3651242666359678,,
1370,0.017000000000000001,306.67872859389036,306.67874817477838,-1.9580888022119325e-05,2.2544118998613158,,
1370,0.018000000000000002,306.95583592965647,306.95585650718175,-2.05775252766216e-05,2.0984909808066599,,
1370,0.019,307.25122024825674,307.25124098270101,-2.0734444262870966e-05,1.8879465519759211,,
1370,0.02,307.564972215544,307.56499220716023,-1.9991616227343911e-05,1.6118205712656761,,
1380,0,304.54192212194954,304.54192186629581,2.5565373107383493e-07,2.5499997809787347,,
1380,0.001,304.54919921220346,304.54919902888133,1.833221290326037e-07,2.5499996440467756,,
1380,0.002,304.57104295191209,304.571042992873,-4.0960912883747369e-08,2.5499990119850202,,
1380,0.0030000000000000001,304.60749083786919,304.60749124510465,-4.0723546135268407e-07,2.5499968999986593,,
1380,0.0040000000000000001,304.65860563883359,304.65860654449568,-9.0566209109965712e-07,2.5499902320858023,,
1380,0.0050000000000000001,304.72447587557525,304.72447740225016,-1.5266749073816754e-06,2.5499701399085426,,
1380,0.0060000000000000001,304.8052165897505,304.80521885434035,-2.2645898525297525e-06,2.5499126583246059,,
1380,0.0070000000000000001,304.90097042457154,304.90097354588443,-3.1213128863782913e-06,2.5497572178836325,,
1380,0.0080000000000000002,305.0119089398321,305.01191304878142,-4.1089493265644705e-06,2.5493610912883624,,
1380,0.0090000000000000011,305.13823391735565,305.13823916709123,-5.2497355795821932e-06,2.5484116011431008,,
1380,0.01,305.2801781909202,305.28018476258069,-6.5716604922272381e-06,2.5462736203243996,,
1380,0.010999999999999999,305.43800529549674,305.43801339427421,-8.0987774708773941e-06,2.5417540575426694,,
1380,0.012,305.61200704380957,305.61201688048544,-9.8366758720658254e-06,2.5327855125118708,,
1380,0.013000000000000001,305.80249809744123,305.80250985322573,-1.1755784498745925e-05,2.5160717286572347,,
1380,0.014,306.00980679979546,306.00982057718227,-1.3777386811852921e-05,2.4867886690507843,,
1380,0.014999999999999999,306.23426203704196,306.23427780544858,-1.5768406626648357e-05,2.438470377643525,,
1380,0.016,306.4761766692161,306.47619421943904,-1.7550222935369675e-05,2.3631916220509881,,
1380,0.017000000000000001,306.73582899888578,306.73584792234146,-1.8923455684216606e-05,2.2520606946539585,,
1380,0.018000000000000002,307.01344459119764,307.01346429755904,-1.9706361399585148e-05,2.0958420154212667,,
1380,0.019,307.30918123061394,307.30920103558338,-1.9804969440428977e-05,1.8851941396179412,,
1380,0.02,307.62311906027998,307.62313905977157,-1.9999491598809982e-05,1.6092046804094831,,
1390,0,304.59116176087963,304.59116157419754,1.866820866780472e-07,2.5499997556177538,,
1390,0.001,304.59846711236725,304.59846699268024,1.1968700164288748e-07,2.549999605174726,,
1390,0.002,304.62039582003473,304.62039590939588,-8.9361151367484126e-08,2.5499989147358448,,
1390,0.0030000000000000001,304.65698595988528,304.65698639378758,-4.3390230075601721e-07,2.5499966262175691,,
1390,0.0040000000000000001,304.70830133685246,304.70830224620676,-9.0935429852834204e-07,2.5499894610338059,,
1390,0.0050000000000000001,304.77443201364338,304.77443352647282,-1.5128294421629107e-06,2.5499680440422834,,
1390,0.0060000000000000001,304.85549503660957,304.85549728225294,-2.2456433725892566e-06,2.5499072399876752,,
1390,0.0070000000000000001,304.9516352830521,304.95163839830792,-3.1152558221947402e-06,2.5497439963961672,,
1390,0.0080000000000000002,305.06302625297963,305.06303038855441,-4.135574783958873e-06,2.5493307796191411,,
1390,0.0090000000000000011,305.18987049237171,305.18987581694171,-5.3245699973558658e-06,2.5483465098343743,,
1390,0.01,305.33239918520854,305.33240588368824,-6.6984796944780101e-06,2.5461429823865802,,
1390,0.010999999999999999,305.49087032679319,305.49087858950213,-8.2627089454945235e-06,2.5415094076442384,,
1390,0.012,305.66556484387172,305.66557484465011,-1.0000778388530307e-05,2.5323585127220127,,
1390,0.013000000000000001,305.85678011244028,305.85679197663518,-1.1864194902955205e-05,2.5153777604784335,,
1390,0.014,306.06482057564108,306.06483434271752,-1.376707643885311e-05,2.4857390953366858,,
1390,0.014999999999999999,306.2899855484518,306.29000113569487,-1.5587243069603574e-05,2.4369938817031582,,
1390,0.016,306.53255461995371,306.53257179082459,-1.7170870876270783e-05,2.3612608414057488,,
1390,0.017000000000000001,306.79277092702239,306.79278927228677,-1.8345264379604487e-05,2.2497162579927128,,
1390,0.018000000000000002,307.07082186906314,307.07084080169761,-1.8932634475277155e-05,2.0932043759459584,,
1390,0.019,307.36681686055169,307.36683556831491,-1.8707763217662432e-05,1.8824560120037805,,
1390,0.02,307.68076483245477,307.68078225127306,-1.7418818288206239e-05,1.6066015019435529,,
1400,0,304.64059366707221,304.64059351360783,1.534643843115191e-07,2.5499997277288862,,
1400,0.001,304.64792773140613,304.6479276418674,8.953873020800529e-08,2.5499995626678649,,
1400,0.002,304.66994278646297,304.66994289785271,-1.1138973832203192e-07,2.5499988094111941,,
1400,0.0030000000000000001,304.70667753121381,304.70667797686042,-4.4564660584001103e-07,2.5499963324125159,,
1400,0.0040000000000000001,304.75819678240123,304.75819769535661,-9.1295538595659309e-07,2.5499886406502248,,
1400,0.0050000000000000001,304.824591917953,304.82459343322802,-1.5152750165725593e-06,2.5499658319451672,,
1400,0.0060000000000000001,304.90598140042232,304.90598365847319,-2.2580508698410995e-06,2.5499015641135294,,
1400,0.0070000000000000001,305.00251124377331,305.00251439438421,-3.1506108939538535e-06,2.5497302436446732,,
1400,0.0080000000000000002,305.11435520088673,305.11435940583613,-4.204949391350965e-06,2.5492994555419703,,
1400,0.0090000000000000011,305.24171435323404,305.24171978559849,-5.4323644462783705e-06,2.5482796494972679,,
1400,0.01,305.38481569831714,305.38482253618514,-6.8378679998204461e-06,2.5460095343944569,,
1400,0.010999999999999999,305.54390928272471,305.54391769561084,-8.4128861317367409e-06,2.5412607467073411,,
1400,0.012,305.71926344513406,305.71927357247614,-1.01273420796133e-05,2.5319264613666559,,
1400,0.013000000000000001,305.91115782333378,305.91116974622713,-1.1922893349947117e-05,2.514678369266973,,
1400,0.014,306.11987392145687,306.11988763154346,-1.3710086591345316e-05,2.4846849625281884,,
1400,0.014999999999999999,306.3456831897945,306.34569856088598,-1.5371091478755261e-05,2.4355153023697658,,
1400,0.016,306.58883273847613,306.58884950224962,-1.6763773487582512e-05,2.3593319796354959,,
1400,0.017000000000000001,306.84952909316598,306.84954681585396,-1.7722687971399864e-05,2.2473785762149432,,
1400,0.018000000000000002,307.12792102686268,307.1279390942002,-1.8067337521188165e-05,2.0905779744618167,,
1400,0.019,307.4240836003425,307.42410123824124,-1.7637898736211355e-05,1.8797320147234797,,
1400,0.02,307.73800676719503,307.73802313285961,-1.6365664578188444e-05,1.60401071480977,,
1410,0,304.69022094962872,304.69022080913942,1.4048930552235106e-07,2.5499996971027152,,
1410,0.001,304.6975841750417,304.69758409752268,7.7519018759630853e-08,2.5499995162460145,,
1410,0.002,304.71968689224775,304.71968701362312,-1.213753648698912e-07,2.5499986954711837,,
1410,0.0030000000000000001,304.75656831089105,304.75656876552199,-4.5463093556463718e-07,2.5499960174414502,,
1410,0.0040000000000000001,304.80829400228106,304.80829492718976,-9.249087042917381e-07,2.5499877685700771,,
1410,0.0050000000000000001,304.87495616919915,304.87495770625048,-1.5370513324342028e-06,2.5499634990302114,,
1410,0.0060000000000000001,304.95667387788109,304.95667617612719,-2.2982461018727918e-06,2.5498956225766669,,
1410,0.0070000000000000001,305.05359308799359,305.05359630530216,-3.2173085742215335e-06,2.5497159467892097,,
1410,0.0080000000000000002,305.16588624968921,305.16589055230918,-4.3026199705309409e-06,2.5492671015513455,,
1410,0.0090000000000000011,305.29375117374099,305.29375673225564,-5.5585146583325695e-06,2.5482110008749723,,
1410,0.01,305.43740883432849,305.43741581464786,-6.9803193696316157e-06,2.5458732625642355,,
1410,0.010999999999999999,305.59709974891211,305.59710829761332,-8.5487012029261678e-06,2.5410080776745816,,
1410,0.012,305.77307860703399,305.77308883130843,-1.022427443331253e-05,2.5314893898042699,,
1410,0.013000000000000001,305.96560689625699,305.96561883961522,-1.1943358231292223e-05,2.5139736199722211,,
1410,0.014,306.17494340530328,306.17495702089542,-1.3615592138194188e-05,2.4836263604138549,,
1410,0.014999999999999999,306.40133268917361,306.40134781330892,-1.5124135302357899e-05,2.4340347289250563,,
1410,0.016,306.64499189098711,306.6450082210032,-1.6330016080701171e-05,2.3574050898112167,,
1410,0.017000000000000001,306.90609675798709,306.90611384193824,-1.708395114974337e-05,2.2450476351471145,,
1410,0.018000000000000002,307.18476823679617,307.18478548558318,-1.7248787003154575e-05,2.0879627244549099,,
1410,0.019,307.48106154359664,307.48107827407159,-1.6730474953874364e-05,1.8770219570974902,,
1410,0.02,307.79495981822754,307.79497533598544,-1.5517757901761797e-05,1.6014329381015426,,
1420,0,304.74004634152118,304.7400462080758,1.3344538274395745e-07,2.5499996635162425,,
1420,0.001,304.74743906728463,304.7474389975763,6.9708335104223806e-08,2.549999465612335,,
1420,0.002,304.76963039760506,304.76963052959576,-1.3199070281189051e-07,2.5499985723493217,,
1420,0.0030000000000000001,304.80665983896478,304.80666031026902,-4.7130424718488939e-07,2.5499956801175743,,
1420,0.0040000000000000001,304.85859332132793,304.85859427372759,-9.5239965958171524e-07,2.5499868423581984,,
1420,0.0050000000000000001,304.92552325031249,304.92552483151144,-1.5811989442227059e-06,2.5499610406159658,,
1420,0.0060000000000000001,305.00756841436856,305.00757077911106,-2.3647424995942856e-06,2.5498894071560976,,
1420,0.0070000000000000001,305.10487357741971,305.10487688720644,-3.30978673446225e-06,2.5497010929532573,,
1420,0.0080000000000000002,305.21760853611397,305.21761295650435,-4.4203903826200985e-06,2.5492337002603183,,
1420,0.0090000000000000011,305.34596637911693,305.34597207359582,-5.6944788866530871e-06,2.548140545079089,,
1420,0.01,305.49016066244116,305.49016778205282,-7.1196116664395959e-06,2.5457341537391343,,
1420,0.010999999999999999,305.65042122027853,305.65042988870005,-8.6684215148125077e-06,2.540751404199872,,
1420,0.012,305.82698837634115,305.82699867070414,-1.0294362994045514e-05,2.5310473298088696,,
1420,0.013000000000000001,306.02010541793851,306.02011734654144,-1.1928602930311172e-05,2.5132635772185874,,
1420,0.014,306.23000935607172,306.23002283524607,-1.347917435623458e-05,2.4825633775012612,,
1420,0.014999999999999999,306.4569202291525,306.45693506298824,-1.4833835734862078e-05,2.4325522486993485,,
1420,0.016,306.70102951281018,306.701045380957,-1.5868146817865636e-05,2.3554802231987941,,
1420,0.017000000000000001,306.9624885435764,306.9625050032534,-1.6459676999147632e-05,2.2427234201680144,,
1420,0.018000000000000002,307.24139818009337,307.24141468754328,-1.6507449913660821e-05,2.0853585398851999,,
1420,0.019,307.53780110490578,307.53781705793244,-1.5953026661463809e-05,1.8743256351968494,,
1420,0.02,307.85167809896495,307.85169290533258,-1.4806367630626482e-05,1.5988682576275486,,
1430,0,304.79007161449096,304.79007149472352,1.1976743508057552e-07,2.5499996267323053,,
1430,0.001,304.79749400652787,304.79749395242084,5.4107033520267578e-08,2.5499994104526977,,
1430,0.002,304.81977436157808,304.81977451513609,-1.5355800542238285e-07,2.5499984394517954,,
1430,0.0030000000000000001,304.85695221884237,304.85695272214133,-5.0329896339462721e-07,2.5499953192086671,,
1430,0.0040000000000000001,304.90909341137814,304.90909441097205,-9.995939080909011e-07,2.5499858595090474,,
1430,0.0050000000000000001,304.97628988803581,304.9762915361099,-1.6480740896440693e-06,2.5499584519276035,,
1430,0.0060000000000000001,305.05865929647541,305.05866175085964,-2.4543842300772667e-06,2.549882909538645,,
1430,0.0070000000000000001,305.15634416489689,305.1563475873017,-3.4224048022224451e-06,2.5496856692293863,,
1430,0.0080000000000000002,305.26951048105491,305.26951503277337,-4.5517184616983286e-06,2.5491992344065544,,
1430,0.0090000000000000011,305.39834544169014,305.39835127606705,-5.834376906932448e-06,2.5480682635913192,,
1430,0.01,305.5430541408972,305.54306139210638,-7.2512091833232262e-06,2.5455921953808427,,
1430,0.010999999999999999,305.70385499153446,305.70386375965774,-8.7681232798786368e-06,2.5404907306275315,,
1430,0.012,305.88097373930646,305.88098407238431,-1.0333077852919814e-05,2.5306003135438155,,
1430,0.013000000000000001,306.07463604304212,306.07464791766904,-1.1874626920871378e-05,2.5125483052906619,,
1430,0.014,306.28505876102901,306.28507206412615,-1.3303097148309462e-05,2.4814961010303773,,
1430,0.014999999999999999,306.51244029695926,306.51245481236174,-1.4515402483539219e-05,2.4310679471164045,,
1430,0.016,306.75695060009429,306.75696600415381,-1.5404059524826152e-05,2.353557429326246,,
1430,0.017000000000000001,307.0187216437526,307.01873751382561,-1.5870073013957153e-05,2.2404059162430561,,
1430,0.018000000000000002,307.29783936843165,307.29785520648244,-1.5838050785532687e-05,2.0827653339977497,,
1430,0.019,307.59433810920029,307.5943533798806,-1.5270680307821749e-05,1.8716428568550292,,
1430,0.02,307.90819838426046,307.90821257204817,-1.4187787712671707e-05,1.5963166473461543,,
1440,0,304.84029726167665,304.84029717128516,9.0391495177755132e-08,2.5499995864989682,,
1440,0.001,304.84774928352772,304.84774926134224,2.2185474790603621e-08,2.5499993504350376,,
1440,0.002,304.87011846153138,304.87011865459868,-1.9306730791868176e-07,2.5499982961567236,,
1440,0.0030000000000000001,304.90744408977008,304.90744464503882,-5.5526874120914727e-07,2.5499949334363636,,
1440,0.0040000000000000001,304.95979144154097,304.95979250989257,-1.0683515938580967e-06,2.5499848174464477,,
1440,0.0050000000000000001,305.02725136778349,305.02725310450705,-1.7367235614074161e-06,2.5499557280979386,,
1440,0.0060000000000000001,305.10993957663362,305.10994214046246,-2.5638288434493006e-06,2.5498761213221441,,
1440,0.0070000000000000001,305.20799544691545,305.20799899709198,-3.5501765296430676e-06,2.5496696626847712,,
1440,0.0080000000000000002,305.32158020042669,305.32158489123651,-4.6908098170206358e-06,2.5491636868583001,,
1440,0.0090000000000000011,305.4508742464912,305.45088021883475,-5.9723435583691753e-06,2.5479941382653539,,
1440,0.01,305.59607352343846,305.59608089330544,-7.3698669780242199e-06,2.5454473755617655,,
1440,0.010999999999999999,305.75738470263173,305.75739354682412,-8.844192393553385e-06,2.5402260619728092,,
1440,0.012,305.93501919750838,305.93502953761845,-1.0340110065953922e-05,2.5301483735371861,,
1440,0.013000000000000001,306.12918603571575,306.12919782213282,-1.1786417076109501e-05,2.5118278681188846,,
1440,0.014,306.34008380363332,306.34009690209967,-1.3098466354222182e-05,2.4804246169852759,,
1440,0.014999999999999999,306.56789204732888,306.5679062310615,-1.4183732616857014e-05,2.4295819077347169,,
1440,0.016,306.81276268952212,306.81277763991056,-1.4950388447232399e-05,2.3516367560467928,,
1440,0.017000000000000001,307.07481216585529,307.07482748400349,-1.5318148200549331e-05,2.2380951079147247,,
1440,0.018000000000000002,307.35411505809736,307.35413028795102,-1.5229853659093351e-05,2.0801830186779555,,
1440,0.019,307.65069997314748,307.65071463490659,-1.4661759109912964e-05,1.8689734461259642,,
1440,0.02,307.9645480252729,307.96456190544245,-1.3880169547064725e-05,1.5937780373237653,,
1450,0,304.89072238351201,304.89072234297913,4.0532881939725485e-08,2.5499995425488997,,
1450,0.001,304.89820379152042,304.89820382298512,-3.1464708172279643e-08,2.5499992852086759,,
1450,0.002,304.92066097113843,304.92066122589387,-2.5475543452557758e-07,2.5499981418134072,,
1450,0.0030000000000000001,304.95813270272026,304.95813333238777,-6.2966751102067064e-07,2.5499945214754565,,
1450,0.0040000000000000001,305.01068326204285,305.01068442106254,-1.1590196891120286e-06,2.5499837135233672,,
1450,0.0050000000000000001,305.07840181423262,305.07840365961033,-1.8453777101967717e-06,2.549952864168481,,
1450,0.0060000000000000001,305.16140142382329,305.16140411329894,-2.6894756501860684e-06,2.549869034018637,,
1450,0.0070000000000000001,305.25981755427841,305.25982124247878,-3.6882003655591689e-06,2.5496530603666221,,
1450,0.0080000000000000002,305.37380591249183,305.37381074468948,-4.8321976464649197e-06,2.5491270406201645,,
1450,0.0090000000000000011,305.50353949391388,305.50354559720438,-6.1032905023239437e-06,2.5479181513285534,,
1450,0.01,305.64920470644125,305.64921217848763,-7.4720463771882351e-06,2.5452996829572436,,
1450,0.010999999999999999,305.81099650054949,305.81100539654614,-8.8959966433321824e-06,2.5399574039028407,,
1450,0.012,305.9891125110392,305.98912283036395,-1.0319324758256698e-05,2.5296915426580151,,
1450,0.013000000000000001,306.18374631360922,306.18375798912285,-1.1675513633235823e-05,2.5111023292660115,,
1450,0.014,306.39507995582102,306.39509285034825,-1.2894527230855601e-05,2.4793490101057927,,
1450,0.014999999999999999,306.62327562003838,306.62328953120618,-1.3911167798141832e-05,2.4280942122879603,,
1450,0.016,306.86846448095537,306.86847913972991,-1.4658774546205677e-05,2.3497182495989213,,
1450,0.017000000000000001,307.13072534771089,307.13074032652395,-1.4978813055677165e-05,2.2357909792485451,,
1450,0.018000000000000002,307.41003655229554,307.41005085321848,-1.4300922941856697e-05,2.0776115045761054,,
1450,0.019,307.7061824230093,307.70619378378791,-1.1360778614744049e-05,1.8663172408381961,,
1450,0.02,308.01862215081303,308.01862696525643,-4.8144434003916103e-06,1.5912533651796368,,
1460,0,304.94134470711231,304.94134474228156,-3.5169250622857362e-08,2.5499994945987496,,
1460,0.001,304.94885506079811,304.94885517059532,-1.0979721309922752e-07,2.5499992144036607,,
1460,0.002,304.97139883748656,304.97139917811268,-3.4062611575791379e-07,2.5499979757415931,,
1460,0.0030000000000000001,305.00901405901556,305.00901478616709,-7.2715153009994538e-07,2.5499940819532227,,
1460,0.0040000000000000001,305.06176361187948,305.06176488257523,-1.2706957477348624e-06,2.5499825450217717,,
1460,0.0050000000000000001,305.12973446358666,305.1297364351995,-1.9716128463187488e-06,2.5499498550905888,,
1460,0.0060000000000000001,305.21303644545083,305.21303927314227,-2.8276914463276626e-06,2.5498616390576307,,
1460,0.0070000000000000001,305.31180049843289,305.31180433067954,-3.832246648016735e-06,2.5496358493075491,,
1460,0.0080000000000000002,305.42617626913716,305.42618124119514,-4.9720579795575759e-06,2.5490892788385953,,
1460,0.0090000000000000011,305.55632894980505,305.55633517528838,-6.2254833324004721e-06,2.5478402853831503,,
1460,0.01,305.70243527635625,305.70244283759627,-7.5612400110003364e-06,2.5451491068373806,,
1460,0.010999999999999999,305.86467861356783,305.86468755207409,-8.9385062551627925e-06,2.5396847627176413,,
1460,0.012,306.04324300271537,306.04325331198345,-1.0309268077435263e-05,2.5292298540931943,,
1460,0.013000000000000001,306.23830577273196,306.23831739547052,-1.1622738554706302e-05,2.510371751914604,,
1460,0.014,306.45002757135546,306.45004039425362,-1.2822898156628071e-05,2.4782693638999733,,
1460,0.014999999999999999,306.67853725644483,306.6785510711652,-1.3814720375648903e-05,2.4266049407257735,,
1460,0.016,306.92390731167779,306.92392169256607,-1.4380888273990422e-05,2.3478019546627005,,
1460,0.017000000000000001,307.18611479492438,307.18612887641848,-1.4081494100537384e-05,2.2334935137544281,,
1460,0.018000000000000002,307.46498581746721,307.46499806578561,-1.2248318398633273e-05,2.0750507016579314,,
1460,0.019,307.76012981019244,307.76013800409913,-8.193906694486941e-06,1.8636740959248657,,
1460,0.02,308.07088091875806,308.07088248627457,-1.567516505929234e-06,1.5887425941716047,,
1470,0,304.99216068889109,304.99216082556882,-1.3667772691405844e-07,2.549999442348502,,
1470,0.001,304.99969937105038,304.99969958464476,-2.1359437596402131e-07,2.5499991376300843,,
1470,0.002,305.02232782069723,305.02232827155257,-4.5085533884048345e-07,2.5499977972307315,,
1470,0.0030000000000000001,305.06008308940551,305.06008393638882,-8.4698331193067133e-07,2.5499936134487782,,
1470,0.0040000000000000001,305.11302634130624,305.11302774294558,-1.4016393379279179e-06,2.5499813091525017,,
1470,0.0050000000000000001,305.18124192262496,305.18124403552872,-2.112903757733875e-06,2.549946695726641,,
1470,0.0060000000000000001,305.26483596089491,305.26483893674418,-2.9758492701148498e-06,2.5498539277893491,,
1470,0.0070000000000000001,305.36393440987064,305.36393839088345,-3.9810128100725706e-06,2.5496180165308293,,
1470,0.0080000000000000002,305.47868044308103,305.47868555612337,-5.1130423344147857e-06,2.5490503848071988,,
1470,0.0090000000000000011,305.60923108195226,305.60923743191125,-6.3499589941784507e-06,2.5477605234073106,,
1470,0.01,305.75575289673901,305.75576056015717,-7.6634181596091366e-06,2.5449956370589764,,
1470,0.010999999999999999,305.91841649083096,305.91842551023132,-9.0194003519172838e-06,2.5394081453316524,,
1470,0.012,306.09738920346388,306.09739957977905,-1.037631517419868e-05,2.5287633413252628,,
1470,0.013000000000000001,306.29282499509037,306.2928366692999,-1.1674209531520319e-05,2.5096361988551927,,
1470,0.014,306.50484987766686,306.50486268584274,-1.2808175881673378e-05,2.4771857606562762,,
1470,0.014999999999999999,306.73354081200137,306.73355440010209,-1.358810072815686e-05,2.4251141712533557,,
1470,0.016,306.97889628544556,306.97890999079578,-1.3705350227155577e-05,2.3458879144094849,,
1470,0.017000000000000001,307.24079845661549,307.24081119542433,-1.2738808834455995e-05,2.2312026943115448,,
1470,0.018000000000000002,307.51897002308255,307.5189802496663,-1.0226583754047169e-05,2.0725005198846995,,
1470,0.019,307.8129330532135,307.81293885560405,-5.8023905467052828e-06,1.8610438930152329,,
1470,0.02,308.12198007647601,308.12197942474307,6.5173293251064024e-07,1.5862451762470424,,
1480,0,305.04316567085829,305.0431659343011,-2.6344281423007487e-07,2.549999385480838,,
1480,0.001,305.05073191342865,305.05073225560426,-3.4217561051264056e-07,2.5499990544774103,,
1480,0.002,305.07344267144845,305.07344325587781,-5.8442935824132292e-07,2.5499976055392577,,
1480,0.0030000000000000001,305.11133385072515,305.11133483851205,-9.877869047159038e-07,2.5499931144924601,,
1480,0.0040000000000000001,305.16446461891167,305.16446616931353,-1.5504018620049465e-06,2.5499800030552287,,
1480,0.0050000000000000001,305.23291635180595,305.23291862033597,-2.2685300109515083e-06,2.5499433808513152,,
1480,0.0060000000000000001,305.31679106961985,305.31679420513285,-3.1355129976873286e-06,2.5498458914880326,,
1480,0.0070000000000000001,305.41620927498235,305.41621341586921,-4.1408868582948344e-06,2.5495995490556043,,
1480,0.0080000000000000002,305.53130706492306,305.53131233466655,-5.269743496683077e-06,2.5490103419717651,,
1480,0.0090000000000000011,305.66223232174082,305.66223882390773,-6.5021669115594705e-06,2.5476788487557478,,
1480,0.01,305.80913966845355,305.80914748026925,-7.8118156920936599e-06,2.5448392640570709,,
1480,0.010999999999999999,305.97218368397131,305.97219284563715,-9.1616658437487786e-06,2.5391275592553022,,
1480,0.012,306.15150961853112,306.15152011284948,-1.0494318360088073e-05,2.5282920381108172,,
1480,0.013000000000000001,306.34724059897542,306.3472523143555,-1.1715380082932825e-05,2.5088957324753962,,
1480,0.014,306.55946022127074,306.5594728936166,-1.2672345860664791e-05,2.4760982814565713,,
1480,0.014999999999999999,306.78818972439353,306.78820286228876,-1.3137895223280793e-05,2.4236219803712187,,
1480,0.016,307.03335984747895,307.03337265894953,-1.2811470583073969e-05,2.3439761705455644,,
1480,0.017000000000000001,307.29477904752036,307.29479039860695,-1.1351086584454606e-05,2.228918503118702,,
1480,0.018000000000000002,307.57210172546894,307.5721101635807,-8.4381117630982772e-06,2.0699608700446048,,
1480,0.019,307.86480183675883,307.86480569945962,-3.8627007938885072e-06,1.8584265268620823,,
1480,0.02,308.17215792374753,308.1721555288309,2.3949166347847495e-06,1.5837608533769669,,
1490,0,305.09435405940337,305.09435447352882,-4.1412545215280261e-07,2.5499993236604817,,
1490,0.001,305.10194696894246,305.10194746317831,-4.9423584869145998e-07,2.5499989645137888,,
1490,0.002,305.12473730372665,305.12473804395785,-7.402312007798173e-07,2.5499973998938641,,
1490,0.0030000000000000001,305.1627596720777,305.16276082111978,-1.1490420774862287e-06,2.5499925835652375,,
1490,0.0040000000000000001,305.21607099654068,305.21607271443361,-1.7178929283545585e-06,2.5499786237984408,,
1490,0.0050000000000000001,305.28474933180456,305.28475177398627,-2.4421817101938359e-06,2.5499399051528848,,
1490,0.0060000000000000001,305.36889210574128,305.36889542055638,-3.3148151032946771e-06,2.5498375213552382,,
1490,0.0070000000000000001,305.46861366452646,305.46861798999112,-4.3254646584500733e-06,2.5495804339019656,,
1490,0.0080000000000000002,305.58404193722907,305.58404739666844,-5.4594393645857053e-06,2.5489691339350951,,
1490,0.0090000000000000011,305.71531394164123,305.71532063713659,-6.6954953581443988e-06,2.5475952451601249,,
1490,0.01,305.86256972832621,305.86257772985118,-8.0015249750431394e-06,2.544679978836506,,
1490,0.010999999999999999,306.02594421886897,306.02595354592358,-9.3270546130952425e-06,2.538843012577003,,
1490,0.012,306.20555628181665,306.20556687412483,-1.0592308171908371e-05,2.5278159784596941,,
1490,0.013000000000000001,306.40149438661035,306.40150606209528,-1.1675484927309299e-05,2.5081504147497333,,
1490,0.014,306.61379838814622,306.6138107907405,-1.2402594279592449e-05,2.4750070061891427,,
1490,0.014999999999999999,306.84243751821901,306.84245006473077,-1.2546511754862877e-05,2.4221284429137602,,
1490,0.016,307.0872855215402,307.08729736344458,-1.1841904381526547e-05,2.3420667633492451,,
1490,0.017000000000000001,307.34809496932434,307.34810498862362,-1.0019299281793792e-05,2.2266409216813496,,
1490,0.018000000000000002,307.62447385347434,307.62448070878878,-6.8553144387806242e-06,2.0674316646275366,,
1490,0.019,307.91586824139438,307.91587046956943,-2.2281750489128171e-06,1.8558218910668332,,
1490,0.02,308.22155469846228,308.22155086448589,3.8339763932526694e-06,1.5812894298068665,,
1500,0,305.14571946128365,305.14572004941522,-5.8813157011172734e-07,2.5499992565335403,,
1500,0.001,305.15333802981115,305.15333869925945,-6.6944829768544878e-07,2.5499988672853702,,
1500,0.002,305.17620486467291,305.17620578347413,-9.1880121999565745e-07,2.5499971794887935,,
1500,0.0030000000000000001,305.21435311413211,305.21435444703201,-1.3328998988981766e-06,2.5499920190981484,,
1500,0.0040000000000000001,305.26783716731887,305.26783907599167,-1.9086728002548625e-06,2.5499771683794883,,
1500,0.0050000000000000001,305.33673130780079,305.33673394907441,-2.6412736247038993e-06,2.5499362632345877,,
1500,0.0060000000000000001,305.42112769321727,305.42113121652295,-3.523305679209443e-06,2.5498288085231509,,
1500,0.0070000000000000001,305.52113350696607,305.52113805050783,-4.5435417632688768e-06,2.5495606580959662,,
1500,0.0080000000000000002,305.63686705551072,305.6368727402018,-5.6846910752028634e-06,2.5489267444615966,,
1500,0.0090000000000000011,305.76845250046028,305.76845942011022,-6.9196499339341244e-06,2.5475096967291821,,
1500,0.01,305.91601283009084,305.91602103586632,-8.20577548665824e-06,2.544517772963359,,
1500,0.010999999999999999,306.07966061827847,306.079670095501,-9.4772225338601856e-06,2.5385545139454275,,
1500,0.012,306.25948613433428,306.259496770721,-1.0636386718942958e-05,2.5273351966148754,,
1500,0.013000000000000001,306.45554250995497,306.45555405677015,-1.1546815187557513e-05,2.5074003072301867,,
1500,0.014,306.66782798831059,306.66784001948838,-1.2031177789140202e-05,2.473912013561979,,
1500,0.014999999999999999,306.89626579255088,306.89627767079492,-1.1878244038143748e-05,2.4206336320868567,,
1500,0.016,307.14068281519013,307.14069367677678,-1.0861586645205534e-05,2.3401597317031753,,
1500,0.017000000000000001,307.40078902987409,307.40079779974928,-8.7698751940479269e-06,2.224369930840616,,
1500,0.018000000000000002,307.67616008308573,307.67616552777821,-5.4446924764306459e-06,2.0649128183321959,,
1500,0.019,307.96622573465828,307.96622655256772,-8.1790943795567728e-07,1.8532298749610354,,
1500,0.02,308.2702668228286,308.27026146987458,5.3529540195995651e-06,1.5788307354415256,,
1510,0,305.19725467391481,305.19725546320905,-7.8929423352747108e-07,2.5499991837268423,,
1510,0.001,305.20489776272177,305.20489863296569,-8.7024392314560828e-07,2.549998762315616,,
1510,0.002,305.22783761564125,305.22783873915472,-1.1235134707021643e-06,2.5499969434851355,,
1510,0.0030000000000000001,305.26610571484906,305.26610725894966,-1.5441005984939693e-06,2.5499914194717612,,
1510,0.0040000000000000001,305.31975354447155,305.31975567317392,-2.128702362824697e-06,2.5499756337246686,,
1510,0.0050000000000000001,305.38885103681798,305.38885390873196,-2.8719139777422242e-06,2.5499324496160369,,
1510,0.0060000000000000001,305.47348423439558,305.47348799939761,-3.7650020203727763e-06,2.549819744057904,,
1510,0.0070000000000000001,305.57375199408813,305.57375678800537,-4.7939172418409726e-06,2.5495402086745202,,
1510,0.0080000000000000002,305.68976149796941,305.68976743417011,-5.93620069366807e-06,2.5488831574816646,,
1510,0.0090000000000000011,305.82162227903092,305.82162943559371,-7.156562787713483e-06,2.5474221879485954,,
1510,0.01,305.96943843635114,305.96944683756743,-8.4012162915314548e-06,2.54435263855629,,
1510,0.010999999999999999,306.13329872892444,306.13330832050366,-9.5915792144296574e-06,2.5382620725520835,,
1510,0.012,306.31326433290661,306.31327495136088,-1.061845426875152e-05,2.5268497270330599,,
1510,0.013000000000000001,306.50935426368227,306.50936560134255,-1.1337660282606521e-05,2.5066454710374715,,
1510,0.014,306.72152890781086,306.72154047481257,-1.1567001706680458e-05,2.4728133811162722,,
1510,0.014999999999999999,306.94967327857853,306.94968436277327,-1.1084194738941733e-05,2.4191376195042049,,
1510,0.016,307.19358529530149,307.19359494854888,-9.6532473889965331e-06,2.3382551131239584,,
1510,0.017000000000000001,307.45298408211784,307.45299134340291,-7.2612850772202364e-06,2.2221055108407084,,
1510,0.018000000000000002,307.72756904131711,307.72757379180564,-4.7504885287708021e-06,2.062404248095707,,
1510,0.019,308.01716402530695,308.01716826837281,-4.2430658595549176e-06,1.8506503645258787,,
1510,0.02,308.321935734833,308.32194371984326,-7.9850102565615089e-06,1.576384284263872,,
1520,0,305.24895150645392,305.24895252445486,-1.0180009439864079e-06,2.5499991048472608,,
1520,0.001,305.25661781105231,305.25661891170284,-1.1006505360455776e-06,2.5499986491046145,,
1520,0.002,305.2796266861078,305.27962804485031,-1.358742508728028e-06,2.5499966910101315,,
1520,0.0030000000000000001,305.31800769304556,305.31800948009879,-1.7870532360575453e-06,2.5499907830156712,,
1520,0.0040000000000000001,305.37180896431846,305.37181134592691,-2.3816084535610571e-06,2.5499740166893643,,
1520,0.0050000000000000001,305.4410954159643,305.44109855155307,-3.1355887699646701e-06,2.5499284587346827,,
1520,0.0060000000000000001,305.5259460718741,305.525950109495,-4.0376208971792948e-06,2.5498103189628991,,
1520,0.0070000000000000001,305.62645032783604,305.62645539707495,-5.0692389095274848e-06,2.5495190726902175,,
1520,0.0080000000000000002,305.74270294076155,305.74270914206522,-6.2013036767893936e-06,2.5488383570958408,,
1520,0.0090000000000000011,305.87479750670713,305.87480489600614,-7.3892990144486248e-06,2.5473327036805964,,
1520,0.01,306.0228182148947,306.02282678247741,-8.5675827108389058e-06,2.5441845682778172,,
1520,0.010999999999999999,306.18682978777616,306.18683943058278,-9.6428066171938553e-06,2.5379656981141978,,
1520,0.012,306.36686586295139,306.3668763499046,-1.0486953215149697e-05,2.5263596043659322,,
1520,0.013000000000000001,306.56291689880464,306.56292783265644,-1.0933851797290117e-05,2.5058859668529951,,
1520,0.014,306.77492039531603,306.77493119237425,-1.079705822348842e-05,2.4717111852400939,,
1520,0.014999999999999999,307.00275910573305,307.00276905458645,-9.9488534033298492e-06,2.4176404752222953,,
1520,0.016,307.24627636543568,307.24628485509697,-8.4896612975171593e-06,2.3363529437912844,,
1520,0.017000000000000001,307.50531911821093,307.50532605714403,-6.9389330974445329e-06,2.2198476414190931,,
1520,0.018000000000000002,307.77981429292663,307.77982055892409,-6.2659974560119736e-06,2.0599058728457704,,
1520,0.019,308.06987011667047,308.06987769611038,-7.5794399094775144e-06,1.8480832417709565,,
1520,0.02,308.37587483455007,308.37588644956946,-1.1615019388955261e-05,1.5739499072445604,,
1530,0,305.30080053868329,305.30080181948966,-1.2808063729607966e-06,2.549999019481052,,
1530,0.001,305.30848855610816,305.30848992141858,-1.3653104247168812e-06,2.5499985271283854,,
1530,0.002,305.331561851147,305.33156347967395,-1.6285269452964712e-06,2.5499964211564965,,
1530,0.0030000000000000001,305.37004778187821,305.37004984648661,-2.0646083953579364e-06,2.5499901080080214,,
1530,0.0040000000000000001,305.42399065178864,305.42399331997728,-2.6681886424739787e-06,2.5499723140582278,,
1530,0.0050000000000000001,305.49344968920434,305.49345311917727,-3.4299729350095731e-06,2.549924284947314,,
1530,0.0060000000000000001,305.57849605583243,305.5785003903793,-4.3345468725419778e-06,2.5498005241821313,,
1530,0.0070000000000000001,305.6792087392962,305.6792140965556,-5.3572593969875015e-06,2.5494972372160278,,
1530,0.0080000000000000002,305.79566917902389,305.79567563900912,-6.4599852294122684e-06,2.548792327578763,,
1530,0.0090000000000000011,305.92795452839175,305.9279621140916,-7.5856998478229798e-06,2.5472412291633515,,
1530,0.01,306.07612962700443,306.07613827940429,-8.6523998561460758e-06,2.5440135553255412,,
1530,0.010999999999999999,306.24023814077822,306.24024768964591,-9.5488676947752538e-06,2.537665400857926,,
1530,0.012,306.42029404260938,306.42030418160465,-1.013899526469686e-05,2.5258648634420684,,
1530,0.013000000000000001,306.61627572372851,306.61628601026064,-1.0286532130976411e-05,2.5051218549114558,,
1530,0.014,306.82812641180254,306.82813632375593,-9.911953384289518e-06,2.4706055011821597,,
1530,0.014999999999999999,307.05576568650531,307.05577476500923,-9.0785039219554164e-06,2.4161422677739606,,
1530,0.016,307.29911671218349,307.2991247855789,-8.0733954064271529e-06,2.3344532585784239,,
1530,0.017000000000000001,307.55815119351968,307.55815861909048,-7.4255708000237064e-06,2.2175963018996714,,
1530,0.018000000000000002,307.83294857684569,307.83295638594569,-7.8090999977575848e-06,2.0574176131624617,,
1530,0.019,308.12375892797223,308.12376876301181,-9.8350395774104982e-06,1.8455283820212998,,
1530,0.02,308.43105333451518,308.43106716562392,-1.3831108731210406e-05,1.5715276040995978,,
1540,0,305.352790952654,305.35279253350711,-1.5808531088623567e-06,2.5499989271931653,,
1540,0.001,305.36049896743765,305.36050063445907,-1.6670214222358481e-06,2.549998395838192,,
1540,0.002,305.38363144257283,305.38363337715344,-1.9345806094861473e-06,2.5499961329817449,,
1540,0.0030000000000000001,305.42221325562599,305.42221563214264,-2.3765166474731814e-06,2.5499893926750543,,
1540,0.0040000000000000001,305.47628443445552,305.47628741957277,-2.9851172484995914e-06,2.5499705225454044,,
1540,0.0050000000000000001,305.54589794155686,305.54590168874819,-3.7471913287845382e-06,2.5499199225316094,,
1540,0.0060000000000000001,305.63111645557098,305.63112109686824,-4.6412972665166308e-06,2.5497903506035033,,
1540,0.0070000000000000001,305.73200808037637,305.7320137143808,-5.6340044238822884e-06,2.5494746893499061,,
1540,0.0080000000000000002,305.84864097655992,305.84864765197733,-6.6754174099514785e-06,2.5487450533829019,,
1540,0.0090000000000000011,305.98107707221686,305.98108476725906,-7.6950421998844831e-06,2.5471477500101138,,
1540,0.01,306.12936531814535,306.12937391874914,-8.6006037918195943e-06,2.5438395934233062,,
1540,0.010999999999999999,306.29353544416819,306.29354472851003,-9.2843418428856239e-06,2.5373611915018479,,
1540,0.012,306.47359383302495,306.47360347534504,-9.6423200943718257e-06,2.5253655392494898,,
1540,0.013000000000000001,306.66952382814509,306.66953343823764,-9.610092547518434e-06,2.5043531949940774,,
1540,0.014,306.88129324404474,306.88130245495688,-9.2109121396788396e-06,2.4694964030657016,,
1540,0.014999999999999999,307.10887162727363,307.10888022874758,-8.6014739508755156e-06,2.41464306420067,,
1540,0.016,307.35225850313032,307.35226659394277,-8.0908124573397799e-06,2.3325560910852876,,
1540,0.017000000000000001,307.6115212963503,307.61152940572578,-8.1093754715766408e-06,2.2153514712740638,,
1540,0.018000000000000002,307.88683824975863,307.88684736945271,-9.1196940843474295e-06,2.0549393908940567,,
1540,0.019,308.17853852984285,308.17855001847045,-1.1488627592370904e-05,1.8429856583996456,,
1540,0.02,308.48713020277671,308.48714557944993,-1.5376673218270298e-05,1.5691172850116315,,
1550,0,305.40491052002091,305.40491243827205,-1.9182511437065841e-06,2.5499988275265699,,
1550,0.001,305.41263661811496,305.41263862347688,-2.0053619209647877e-06,2.5499982546598532,,
1550,0.002,305.4358224528952,305.43582472772005,-2.2748248511561542e-06,2.5499958255075335,,
1550,0.0030000000000000001,305.47449019974812,305.47449291746722,-2.7177190986549249e-06,2.5499886351906924,,
1550,0.0040000000000000001,305.52867529242917,305.52867861514409,-3.3227149174308579e-06,2.5499686387948128,,
1550,0.0050000000000000001,305.59842411218108,305.59842818317463,-4.0709935547056375e-06,2.5499153656877245,,
1550,0.0060000000000000001,305.68379073017138,305.68379566344186,-4.9332704747939715e-06,2.5497797890621339,,
1550,0.0070000000000000001,305.78483275470478,305.78483862122431,-5.8665195297180617e-06,2.549451416219298,,
1550,0.0080000000000000002,305.90160646200621,305.90161327344168,-6.8114354689896572e-06,2.5486965191420974,,
1550,0.0090000000000000011,306.03416161008346,306.03416930261056,-7.6925271059735678e-06,2.5470522522081644,,
1550,0.01,306.18253665786227,306.18254508138205,-8.4235197732596134e-06,2.5436626768123287,,
1550,0.010999999999999999,306.3467555112403,306.34676443202136,-8.9207810560765211e-06,2.5370530812407908,,
1550,0.012,306.52682731147064,306.52683643747037,-9.1259997248016589e-06,2.5248616669188375,,
1550,0.013000000000000001,306.7227510176981,306.72276005356906,-9.0358709599058784e-06,2.5035800464224351,,
1550,0.014,306.93452641121365,306.93453514283073,-8.7316170720441733e-06,2.4683839639023342,,
1550,0.014999999999999999,307.16217247143862,307.16218086812751,-8.396688883749448e-06,2.4131429300836778,,
1550,0.016,307.40575276300063,307.40576107318259,-8.3101819541298028e-06,2.3306614736741755,,
1550,0.017000000000000001,307.66540567105721,307.66541447912101,-8.8080637965504138e-06,2.2131131282632905,,
1550,0.018000000000000002,307.94137543758535,307.94138565242719,-1.0214841836386768e-05,2.0524711287778228,,
1550,0.019,308.23403859366556,308.23405135542839,-1.2761762832269596e-05,1.8404549465083337,,
1550,0.02,308.54392016148893,308.54393668948819,-1.6527999264326354e-05,1.5667188434670367,,
1560,0,305.4571458217435,305.45714810963591,-2.2878924141878088e-06,2.5499987200015704,,
1560,0.001,305.46488794785961,305.46489032229806,-2.3744384520796302e-06,2.549998102993051,,
1560,0.002,305.48812093688429,305.48812357788535,-2.6410010605104617e-06,2.5499954977190153,,
1560,0.0030000000000000001,305.52686416919215,305.52686724521101,-3.0760188565182034e-06,2.5499878336761488,,
1560,0.0040000000000000001,305.58114842125809,305.58115208484475,-3.6635866536016692e-06,2.5499666593804586,,
1560,0.0050000000000000001,305.65101361393522,305.65101799256666,-4.3786314449789643e-06,2.5499106085399168,,
1560,0.0060000000000000001,305.73650575763315,305.73651094232002,-5.1846868700522464e-06,2.5497688303436652,,
1560,0.0070000000000000001,305.83767326930393,305.83767930165118,-6.0323472439449688e-06,2.5494274049855425,,
1560,0.0080000000000000002,305.95456298859227,305.95456984826859,-6.8596763185269083e-06,2.5486467096748884,,
1560,0.0090000000000000011,306.08721643293819,306.08722402915203,-7.5962138339491503e-06,2.5469547221175421,,
1560,0.01,306.23566708413222,306.23567525624736,-8.1721151445890428e-06,2.5434828002423018,,
1560,0.010999999999999999,306.39993974200547,306.39994827509776,-8.5330922843240842e-06,2.5367410817299518,,
1560,0.012,306.58005313086971,306.58006179085521,-8.6599854967062129e-06,2.524353281707143,,
1560,0.013000000000000001,306.77602689301551,306.77603548227631,-8.5892608012727578e-06,2.5028024680528547,,
1560,0.014,306.98789374724203,306.98790217549146,-8.428249429925927e-06,2.4672682556059082,,
1560,0.014999999999999999,307.21571687423574,307.21572523206038,-8.3578246403703815e-06,2.4116419295742992,,
1560,0.016,307.45961155792014,307.45962017457714,-8.616656998583494e-06,2.3287694375076398,,
1560,0.017000000000000001,307.71976893438739,307.71977839979917,-9.4654117788195435e-06,2.2108812513572809,,
1560,0.018000000000000002,307.99647866392951,307.99648979989473,-1.1135965223729727e-05,2.0500127501971677,,
1560,0.019,308.29014678181693,308.29016055887001,-1.3777053084140789e-05,1.8379361255132409,,
1560,0.02,308.60130509499032,308.60132259337627,-1.7498385943781614e-05,1.5643321677715762,,
1570,0,305.5094828067227,305.50948548256684,-2.6758441435958957e-06,2.5499986041151192,,
1570,0.001,305.51723887552004,305.51724163664375,-2.7611237101154984e-06,2.5499979402106514,,
1570,0.002,305.54051278309436,305.54051580111485,-3.0180204930729815e-06,2.5499951485642063,,
1570,0.0030000000000000001,305.57932120810324,305.57932464180067,-3.433697429500171e-06,2.5499869861995652,,
1570,0.0040000000000000001,305.63369053338562,305.63369452134503,-3.9879594169178745e-06,2.5499645808067934,,
1570,0.0050000000000000001,305.70365481453968,305.7036594652601,-4.6507204274348624e-06,2.5499056451382098,,
1570,0.0060000000000000001,305.78925314128787,305.78925852245925,-5.3811713769391645e-06,2.5497574651875414,,
1570,0.0070000000000000001,305.89052665648359,305.89053278475507,-6.128271479610703e-06,2.5494026428481571,,
1570,0.0080000000000000002,306.00751564150352,306.00752247513532,-6.8336318008732633e-06,2.5485956099876534,,
1570,0.0090000000000000011,306.14025724403928,306.140264681823,-7.4377837222527887e-06,2.5468551464695826,,
1570,0.01,306.28878458530011,306.28879247561554,-7.8903154303588963e-06,2.543299958962483,,
1570,0.010999999999999999,306.45312809017008,306.45313625354015,-8.1633700688144017e-06,2.5364252050693454,,
1570,0.012,306.63331987310517,306.63332813986852,-8.2667633591881895e-06,2.5238404189822035,,
1570,0.013000000000000001,306.82940181212354,306.82941007441224,-8.2622887020988856e-06,2.5020205182713493,,
1570,0.014,307.04143743144022,307.04144570679455,-8.2753543324542989e-06,2.4661493490062885,,
1570,0.014999999999999999,307.26952644633434,307.26953494803735,-8.5017030073686328e-06,2.410140125423486,,
1570,0.016,307.51381725475699,307.51382643302583,-9.1782688400599e-06,2.3268800125873947,,
1570,0.017000000000000001,307.77450376369171,307.77451412416207,-1.0360470355408324e-05,2.208655818834182,,
1570,0.018000000000000002,308.05177874380564,308.05179011749664,-1.1373690995242214e-05,2.0475641791082233,,
1570,0.019,308.34571259405971,308.34572307935639,-1.0485296684237255e-05,1.8354290778925992,,
1570,0.02,308.6560663754949,308.6560721445237,-5.7690288031153614e-06,1.5619572685738154,,
1580,0,305.56190766299108,305.56191073062791,-3.0676368396598264e-06,2.5499984793401396,,
1580,0.001,305.56967570170991,305.56967884937399,-3.1476640742766904e-06,2.5499977656580159,,
1580,0.002,305.59298469373232,305.59298808146605,-3.3877337273224839e-06,2.5499947769533677,,
1580,0.0030000000000000001,305.63184889760356,305.63185267051097,-3.7729074051640055e-06,2.5499860907756893,,
1580,0.0040000000000000001,305.68629086451318,305.68629514455728,-4.2800440951396013e-06,2.5499623995091225,,
1580,0.0050000000000000001,305.75633975063442,305.75634462701265,-4.8763782274363621e-06,2.5499004694600864,,
1580,0.0060000000000000001,305.84202923145688,305.84203475160837,-5.5201514896907611e-06,2.5497456842902824,,
1580,0.0070000000000000001,305.9433953282383,305.94340149106938,-6.1628310845662782e-06,2.5493771170490311,,
1580,0.0080000000000000002,306.06047457440025,306.06048132805813,-6.7536578853832907e-06,2.548543205277543,,
1580,0.0090000000000000011,306.19330306081787,306.19331030787657,-7.2470587042516854e-06,2.5467535123652558,,
1580,0.01,306.34191696714498,306.34192458012353,-7.6129785497869307e-06,2.5431141487127578,,
1580,0.010999999999999999,306.50635514401426,306.50636299356393,-7.849549660932098e-06,2.5361054637885458,,
1580,0.012,306.68666402615167,306.68667202307103,-7.9969193507167802e-06,2.5233231142075208,,
1580,0.013000000000000001,306.88290438240017,306.88291253054336,-8.1481431948304817e-06,2.5012342549890807,,
1580,0.014,307.09515778150501,307.09516622184805,-8.4403430378188204e-06,2.465027313863108,,
1580,0.014999999999999999,307.32352792280142,307.32353691145227,-8.9886508476411109e-06,2.4086375790109846,,
1580,0.016,307.56812870942377,307.56813844032888,-9.7309051056981843e-06,2.3249932277931475,,
1580,0.017000000000000001,307.82904940738263,307.82905965430569,-1.0246923068280012e-05,2.206436808765849,,
1580,0.018000000000000002,308.10629134118693,308.1063010786645,-9.7374775691605464e-06,2.0451253400690521,,
1580,0.019,308.39968290482,308.39969018128897,-7.2764689775794977e-06,1.8329336897480586,,
1580,0.02,308.70879638421508,308.70879867018226,-2.285967184434412e-06,1.5595940408503774,,
1590,0,305.61440777140035,305.61441121385212,-3.4424517707520863e-06,2.5499983451248296,,
1590,0.001,305.6221860523396,305.62218956749712,-3.5151575161762594e-06,2.5499975786523263,,
1590,0.002,305.64552508031437,305.64552881290194,-3.7325875723581703e-06,2.5499943817584043,,
1590,0.0030000000000000001,305.68443711703782,305.68444119581068,-4.0787728607938334e-06,2.5499851453655675,,
1590,0.0040000000000000001,305.73894164607043,305.73894617555914,-4.5294887058844324e-06,2.5499601118540456,,
1590,0.0050000000000000001,305.80906409603955,305.80906914797112,-5.0519315664132591e-06,2.5498950754122149,,
1590,0.0060000000000000001,305.89483435920454,305.894839965882,-5.6066774618557247e-06,2.5497334783087346,,
1590,0.0070000000000000001,305.99628541544945,305.99629156678139,-6.151331945147831e-06,2.5493508148765036,,
1590,0.0080000000000000002,306.11345244432192,306.11345909069968,-6.6463777557146386e-06,2.5484894809352459,,
1590,0.0090000000000000011,306.24637282895549,306.24637989245724,-7.0635017550557677e-06,2.5466498072733601,,
1590,0.01,306.39508736195705,306.3950947579101,-7.3959530482170521e-06,2.5429253657147406,,
1590,0.010999999999999999,306.55964265652892,306.5596503249551,-7.6684261784976115e-06,2.535781870831765,,
1590,0.012,306.74009412795016,306.74010206770447,-7.9397543117920577e-06,2.5228014029278052,,
1590,0.013000000000000001,306.93650786863583,306.93651615522668,-8.2865908552776091e-06,2.5004437356382732,,
1590,0.014,307.14895840911487,307.14896716560708,-8.7564922068850137e-06,2.4639022188793489,,
1590,0.014999999999999999,307.37751822105281,307.37752751362984,-9.2925770331930835e-06,2.4071343503740228,,
1590,0.016,307.6222347911044,307.62224445031489,-9.6592104910087073e-06,2.3231091109201953,,
1590,0.017000000000000001,307.8830932171299,307.88310264137334,-9.4242434443003731e-06,2.204224199017256,,
1590,0.018000000000000002,308.15996697688968,308.15997501529614,-8.038406463128922e-06,2.04269615830948,,
1590,0.019,308.45256569225745,308.45257069879455,-5.0065370942320442e-06,1.8304498518681813,,
1590,0.02,308.76039362554718,308.76039372260101,-9.7053828085336136e-08,1.5572423190198992,,
1600,0,305.66697248379489,305.66697626740881,-3.7836139199498575e-06,2.5499982008919861,,
1600,0.001,305.67475961610114,305.67476346376145,-3.8476603094750317e-06,2.5499973784819083,,
1600,0.002,305.69812467052463,305.69812870943321,-4.0389085711467487e-06,2.5499939618122709,,
1600,0.0030000000000000001,305.73707840874607,305.73708275033567,-4.3415896016085753e-06,2.5499841478762808,,
1600,0.0040000000000000001,305.79163809284432,305.79164282527739,-4.7324330694209493e-06,2.5499577141399432,,
1600,0.0050000000000000001,305.86182662247302,305.86183180382335,-5.1813503318953735e-06,2.5498894568322004,,
1600,0.0060000000000000001,305.94767161026635,305.94767726484997,-5.6545836173427233e-06,2.5497208378632985,,
1600,0.0070000000000000001,306.04920464535593,306.04921076489012,-6.1195341913844459e-06,2.5493237236693331,,
1600,0.0080000000000000002,306.16646099383001,306.16646754508423,-6.5512542164469778e-06,2.5484344225475475,,
1600,0.0090000000000000011,306.29947989198519,306.29948683170323,-6.9397180482155818e-06,2.5465440190285125,,
1600,0.01,306.44830535160156,306.4483126470297,-7.2954281336023996e-06,2.5427336066628508,,
1600,0.010999999999999999,306.61298697366584,306.61299462261456,-7.6489487241815368e-06,2.5354544395432139,,
1600,0.012,306.79357966340729,306.7935877022241,-8.0388168157696782e-06,2.5222753207550186,,
1600,0.013000000000000001,306.9901404633178,306.99014894738002,-8.4840622207593697e-06,2.4996490171686188,,
1600,0.014,307.20272022655666,307.20272917065626,-8.9440995907352772e-06,2.4627741317149416,,
1600,0.014999999999999999,307.43134792507317,307.43135720376142,-9.2786882532891468e-06,2.4056304982357921,,
1600,0.016,307.67600640877185,307.67601563826145,-9.2294895921440911e-06,2.3212276887152501,,
1600,0.017000000000000001,307.93660055071467,307.93660899508126,-8.444366585536045e-06,2.2020179672458715,,
1600,0.018000000000000002,308.21292158766312,308.21292813790035,-6.5502372308401391e-06,2.0402765598271544,,
1600,0.019,308.50461418172415,308.50461744187231,-3.2601481620986306e-06,1.8279774580932262,,
1600,0.02,308.81115407909363,308.81115256165322,1.5174404097706429e-06,1.5549019740185686,,
1610,0,305.71959357962629,305.71959765911532,-4.0794890310280607e-06,2.5499980460383185,,
1610,0.001,305.72738854750008,305.72739268199717,-4.134497089580691e-06,2.5499971644055628,,
1610,0.002,305.75077674645746,305.75078104538682,-4.2989293547179841e-06,2.5499935159084028,,
1610,0.0030000000000000001,305.78976792790291,305.78977248642673,-4.5585238126477634e-06,2.5499830961607017,,
1610,0.0040000000000000001,305.84437791756568,305.84438281064706,-4.8930813818515162e-06,2.5499552025974985,,
1610,0.0050000000000000001,305.91462809112704,305.91463336905582,-5.2779287784687767e-06,2.5498836074903695,,
1610,0.0060000000000000001,306.000544843434,306.00055053115335,-5.6877193514992541e-06,2.5497077535411372,,
1610,0.0070000000000000001,306.10215918966105,306.10216529090206,-6.1012410128569172e-06,2.5492958308205673,,
1610,0.0080000000000000002,306.21950657001503,306.21951307641029,-6.5063952661148505e-06,2.5483780158997282,,
1610,0.0090000000000000011,306.35262677137973,306.35263367500914,-6.9036294121360697e-06,2.5464361358289964,,
1610,0.01,306.50156361525512,306.50157092050227,-7.3052471520895779e-06,2.5425388687154138,,
1610,0.010999999999999999,306.66636370765872,306.66637143545358,-7.727794866241311e-06,2.5351231836527792,,
1610,0.012,306.84707317146189,306.84708134735507,-8.1758931855802075e-06,2.5217449033549388,,
1610,0.013000000000000001,307.04373101720438,307.04373963618588,-8.618981496510969e-06,2.4988501560440897,,
1610,0.014,307.25635783716854,307.25636680407348,-8.9669049430085579e-06,2.4616431190002444,,
1610,0.014999999999999999,307.48493900733536,307.48494806170226,-9.0543668989084836e-06,2.4041260800335644,,
1610,0.016,307.72940263531279,307.72941128078338,-8.6454705865435244e-06,2.3193489869100823,,
1610,0.017000000000000001,307.98959399119008,307.98960145637267,-7.4651825912042113e-06,2.1998180909045315,,
1610,0.018000000000000002,308.26524975547852,308.265255011112,-5.255633482192934e-06,2.0378664714907586,,
1610,0.019,308.55597658915559,308.55597843352297,-1.8443673752699397e-06,1.8255164035629656,,
1610,0.02,308.86123874622245,308.86123595414529,2.7920771685785439e-06,1.5525728858139765,,
1620,0,305.77226532963414,305.7722696553783,-4.3257441575406119e-06,2.5499978799337693,,
1620,0.001,305.78006746664187,305.78007183910108,-4.3724592160288012e-06,2.549996935651905,,
1620,0.002,305.80347694803703,305.80348146081502,-4.5127779912945698e-06,2.54999304280016,,
1620,0.0030000000000000001,305.8425029047782,305.8425076398791,-4.7351009015983436e-06,2.5499819880172909,,
1620,0.0040000000000000001,305.8971602963199,305.8971653202284,-5.023908499879326e-06,2.5499525733902586,,
1620,0.0050000000000000001,305.96746958473045,305.96747494610082,-5.361370369882934e-06,2.5498775210915725,,
1620,0.0060000000000000001,306.05345636955207,306.05346210032678,-5.7307747169943468e-06,2.5496942158993514,,
1620,0.0070000000000000001,306.15515100154471,306.15515712155212,-6.1200074128464621e-06,2.5492671237812936,,
1620,0.0080000000000000002,306.27258809630393,306.27259462023591,-6.5239319724241795e-06,2.5483202469777706,,
1620,0.0090000000000000011,306.4058057081121,306.40581265223159,-6.944119490981393e-06,2.5463261462344597,,
1620,0.01,306.55484371277117,306.55485109712589,-7.3843547170326929e-06,2.5423411494858001,,
1620,0.010999999999999999,306.71974072578655,306.71974856678605,-7.8409995012407308e-06,2.5347881172620106,,
1620,0.012,306.90052872080184,306.90053700965927,-8.2888574297612649e-06,2.5212101864342453,,
1620,0.013000000000000001,307.09722450830407,307.09723317373613,-8.6654320625711989e-06,2.4980472082401635,,
1620,0.014,307.30981748159968,307.30982634031977,-8.8587200934853172e-06,2.4605092463494769,,
1620,0.014999999999999999,307.5382535912359,307.53826229606477,-8.7048288719415723e-06,2.4026211519464389,,
1620,0.016,307.78241634206051,307.78242434271397,-8.0006534517451655e-06,2.317473030253058,,
1620,0.017000000000000001,308.04210657891866,308.04211311203233,-6.5331136624990904e-06,2.1976245472495006,,
1620,0.018000000000000002,308.31702369486231,308.3170278158268,-4.1209644905393361e-06,2.035465821100046,,
1620,0.019,308.60675137268208,308.60675203240885,-6.5972676566161681e-07,1.8230665842863907,,
1620,0.02,308.91075094035301,308.91074698251123,3.9578417840857583e-06,1.5502549389645683,,
1630,0,305.82498410695899,305.82498863524091,-4.5282819201020175e-06,2.5499977019208329,,
1630,0.001,305.8327930036769,305.83279757105208,-4.5673751856156741e-06,2.5499966914187016,,
1630,0.002,305.85622262270533,305.85622731180172,-4.6890963858459145e-06,2.549992541200286,,
1630,0.0030000000000000001,305.89528169477956,305.89528657869641,-4.8839168584891013e-06,2.5499808211899118,,
1630,0.0040000000000000001,305.94998457772942,305.94998971900566,-5.1412762331892736e-06,2.5499498226152366,,
1630,0.0050000000000000001,306.02035097323215,306.02035642288428,-5.4496521215696703e-06,2.549871191277012,,
1630,0.0060000000000000001,306.10640551431976,306.1064113132266,-5.7989068409369793e-06,2.5496802154681326,,
1630,0.0070000000000000001,306.20817714780594,306.2081833298289,-6.1820229575459962e-06,2.5492375900642954,,
1630,0.0080000000000000002,306.32569813965603,306.32570473486311,-6.5952070826824638e-06,2.5482611019704065,,
1630,0.0090000000000000011,306.4590024037401,306.45900943910044,-7.0353603405237664e-06,2.5462140391634667,,
1630,0.01,306.60812271809186,306.60813021237374,-7.4942818741874362e-06,2.5421404470335824,,
1630,0.010999999999999999,306.77308628807901,306.77309423786625,-7.9497872320644092e-06,2.5344492548304021,,
1630,0.012,306.9539080973625,306.95391645235662,-8.3549941223282076e-06,2.520671205728092,,
1630,0.013000000000000001,307.15058161854142,307.15059024633109,-8.6277896684805455e-06,2.4972402292414295,,
1630,0.014,307.36306683280571,307.36307547548773,-8.6426820189444697e-06,2.4593725783740998,,
1630,0.014999999999999999,307.5912764528141,307.59128468120019,-8.2283860933785036e-06,2.4011157689226517,,
1630,0.016,307.83506386027625,307.83507104931118,-7.1890349317982327e-06,2.3155998425388571,,
1630,0.017000000000000001,308.09422268767503,308.09422814466529,-5.4569902658840874e-06,2.1954373133537066,,
1630,0.018000000000000002,308.36851811372509,308.36852161957705,-3.5058519642916508e-06,2.0330745373881811,,
1630,0.019,308.65777240435688,308.65777499125153,-2.5868946522678016e-06,1.8206278971993994,,
1630,0.02,308.96199865506185,308.96200275631514,-4.1012532960849057e-06,1.5479479384273827,,
1640,0,305.8777476144636,305.87775231115666,-4.6966930540293106e-06,2.549997511313888,,
1640,0.001,305.8855629857876,305.88556771727184,-4.7314842390733247e-06,2.5499964308722274,,
1640,0.002,305.90901190910961,305.90901675034206,-4.8412324531454942e-06,2.5499920097803854,,
1640,0.0030000000000000001,305.94810275201951,305.94810777120813,-5.0191886202810565e-06,2.5499795933676879,,
1640,0.0040000000000000001,306.00284923923317,306.00285449812094,-5.2588877679227153e-06,2.5499469463035429,,
1640,0.0050000000000000001,306.0732700840868,306.07327563746242,-5.5533756153636205e-06,2.549864611626087,,
1640,0.0060000000000000001,306.15938837879315,306.15939427509909,-5.896305935948476e-06,2.549665742753886,,
1640,0.0070000000000000001,306.26123061189634,306.26123689401788,-6.2821215465191926e-06,2.5492072172475844,,
1640,0.0080000000000000002,306.378825103103,306.37883180766948,-6.7045664877696254e-06,2.5482005672709875,,
1640,0.0090000000000000011,306.51219956249781,306.51220671544257,-7.1529447609464114e-06,2.5460998038909053,,
1640,0.01,306.66137742129052,306.66138502722953,-7.6059390039517893e-06,2.5419367598557203,,
1640,0.010999999999999999,306.82637259795484,306.82638062132253,-8.0233676840180124e-06,2.5341066111619761,,
1640,0.012,307.00718255776297,307.00719089453014,-8.3367671663836518e-06,2.5201279969881631,,
1640,0.013000000000000001,307.20378007777651,307.20378851962846,-8.4418519463724806e-06,2.4964292740395817,,
1640,0.014,307.41610530654668,307.41611351214408,-8.2055973962269491e-06,2.4582331786962022,,
1640,0.014999999999999999,307.64406168726003,307.64406920244016,-7.5151801297579368e-06,2.3996099847064372,,
1640,0.016,307.88752168924265,307.88752808020303,-6.3909603795764269e-06,2.3137294466367662,,
1640,0.017000000000000001,308.14634942565834,308.14635454480759,-5.1191492502766778e-06,2.1932563661233835,,
1640,0.018000000000000002,308.42044434503686,308.42044860514522,-4.2601083691806707e-06,2.0306925499890536,,
1640,0.019,308.7098013559264,308.70980582949812,-4.4735717210642179e-06,1.8182002397953498,,
1640,0.02,309.01457078990558,309.01457701393133,-6.2240257534540433e-06,1.5456517687563336,,
1650,0,305.93055397127932,305.93055881835113,-4.8470718070348084e-06,2.5499973073985207,,
1650,0.001,305.93837552525258,305.93838040489555,-4.8796429723552137e-06,2.5499961531466222,,
1650,0.002,305.96184284701479,305.96184783041031,-4.9833955131362018e-06,2.5499914471704206,,
1650,0.0030000000000000001,306.00096382995588,306.00096898349966,-5.1535437819438812e-06,2.5499783021848801,,
1650,0.0040000000000000001,306.05575131523938,306.05575670149125,-5.3862518711866869e-06,2.5499439404210547,,
1650,0.0050000000000000001,306.12622255761721,306.12622823458656,-5.6769693514979735e-06,2.5498577756582579,,
1650,0.0060000000000000001,306.2123983424047,306.21240436275747,-6.0203527709745686e-06,2.549650788242309,,
1650,0.0070000000000000001,306.31430160537946,306.31430801452603,-6.4091465787896595e-06,2.5491759929778386,,
1650,0.0080000000000000002,306.43195536234185,306.43196219382475,-6.8314828922666493e-06,2.548138629479205,,
1650,0.0090000000000000011,306.56537974073308,306.56538700699571,-7.2662626280362019e-06,2.5459834300452968,,
1650,0.01,306.71458796943352,306.71459564630317,-7.6768696430917771e-06,2.5417300868778319,,
1650,0.010999999999999999,306.87958139823633,306.87958940327024,-8.0050339192894171e-06,2.5337602013921843,,
1650,0.012,307.0603440740216,307.06035224372965,-8.169708053173963e-06,2.5195805959712025,,
1650,0.013000000000000001,307.2568381513471,307.25684623082492,-8.079477822775516e-06,2.4956143971317117,,
1650,0.014,307.46900238041377,307.46901004742278,-7.6670090152219927e-06,2.4570911099617314,,
1650,0.014999999999999999,307.69675674917499,307.69676369319797,-6.9440229708561674e-06,2.3981038518642066,,
1650,0.016,307.94001640035788,307.94002245721475,-6.0568568756025343e-06,2.3118618645177946,,
1650,0.017000000000000001,308.19871645235207,308.19872175450053,-5.3021484518467332e-06,2.1910816823156738,,
1650,0.018000000000000002,308.47284601177864,308.47285108080632,-5.069027679382998e-06,2.0283197893899034,,
1650,0.019,308.76248523274859,308.76249095396309,-5.7212145065932418e-06,1.8157835092739238,,
1650,0.02,309.06783574523433,309.06784321081625,-7.4655819162217085e-06,1.5433663576989729,,
1660,0,305.98340091629046,305.98340590975789,-4.9934674279938918e-06,2.5499970894308639,,
1660,0.001,305.99122825507322,305.99123328045727,-5.0253840413461148e-06,2.5499958573432537,,
1660,0.002,306.01471271815399,306.01471784563148,-5.1274774932608125e-06,2.5499908519582246,,
1660,0.0030000000000000001,306.05386152286854,306.05386681877906,-5.295910511904367e-06,2.549976945220799,,
1660,0.0040000000000000001,306.10868625945739,306.10869178724948,-5.5277920978369366e-06,2.5499408008691207,,
1660,0.0050000000000000001,306.17920216512067,306.17920798379822,-5.8186775504509569e-06,2.5498506768349278,,
1660,0.0060000000000000001,306.26542697410486,306.26543313554362,-6.1614387618647015e-06,2.5496353424014493,,
1660,0.0070000000000000001,306.36737922733988,306.36738577142523,-6.5440853518339281e-06,2.5491439049737248,,
1660,0.0080000000000000002,306.48507593399347,306.48508288040739,-6.9464139187402907e-06,2.5480752754026432,,
1660,0.0090000000000000011,306.61852954819511,306.61853688422354,-7.336028431836894e-06,2.5458649076059552,,
1660,0.01,306.76774439535814,306.76775206079424,-7.6654361009786953e-06,2.5415204274454677,,
1660,0.010999999999999999,306.93271298666969,306.93272086005368,-7.8733839927735971e-06,2.5334100409750779,,
1660,0.012,307.11341309589477,307.11342099035738,-7.8944626125121431e-06,2.5190290384279832,,
1660,0.013000000000000001,307.30980696407318,307.30981464384826,-7.6797750807600096e-06,2.4947956525189792,,
1660,0.014,307.52184436356458,307.5218515903419,-7.2267773134626623e-06,2.4559464338537977,,
1660,0.014999999999999999,307.74947121713609,307.74947782643659,-6.6093004988942994e-06,2.3965974218102821,,
1660,0.016,307.99264475244104,307.99265074524163,-5.9928005953224783e-06,2.3099971172810867,,
1660,0.017000000000000001,308.25135466946699,308.25136028830411,-5.6188371218013344e-06,2.1889132385552554,,
1660,0.018000000000000002,308.52564774251834,308.52565349677928,-5.7542609397387423e-06,2.0259561868672966,,
1660,0.019,308.81565131677138,308.81565793359681,-6.6168254306830931e-06,1.813377603497488,,
1660,0.02,309.12159015943377,309.12159847057097,-8.3111372077837586e-06,1.5410916112445021,,
1670,0,306.03628527682571,306.03629042337855,-5.1465528372318659e-06,2.5499968566369375,,
1670,0.001,306.0441178429208,306.04412302155544,-5.1786346375592984e-06,2.5499955425300982,,
1670,0.002,306.06761769956546,306.06762298069867,-5.2811332125202171e-06,2.5499902226890327,,
1670,0.0030000000000000001,306.10679116304652,306.10679661311968,-5.4500731607731723e-06,2.5499755199997427,,
1670,0.0040000000000000001,306.16164820723344,306.16165388899157,-5.6817581253199023e-06,2.5499375234852941,,
1670,0.0050000000000000001,306.2322015833501,306.23220755296973,-5.9696196217373654e-06,2.5498433085613326,,
1670,0.0060000000000000001,306.31846550136629,306.31847180382755,-6.302461258655967e-06,2.5496193956847191,,
1670,0.0070000000000000001,306.42045382882662,306.420460490957,-6.6621303744796023e-06,2.5491109410291206,,
1670,0.0080000000000000002,306.53817781983741,306.53818484095103,-7.0211136176112632e-06,2.5480104920581765,,
1670,0.0090000000000000011,306.67164350693758,306.67165084815866,-7.3412210781498288e-06,2.5457442269000534,,
1670,0.01,306.82084908276175,306.82085665793869,-7.5751769372800482e-06,2.5413077813154636,,
1670,0.010999999999999999,306.985782856566,306.98579052970808,-7.6731420790565608e-06,2.5330561456707774,,
1670,0.012,307.16642264542901,307.16643024081117,-7.5953821578877978e-06,2.5184733600927176,,
1670,0.013000000000000001,307.36273765740947,307.36274498751789,-7.3301084171362163e-06,2.4939730937055771,,
1670,0.014,307.57469391357904,307.57470082583643,-6.9122573904678575e-06,2.4547992111058687,,
1670,0.014999999999999999,307.80226390872332,307.8022703448226,-6.4360992837464437e-06,2.3950907448319829,,
1670,0.016,308.04544046504822,308.04544651868957,-6.0536413570844161e-06,2.3081352251796341,,
1670,0.017000000000000001,308.30425366327535,308.30425961686751,-5.9535921650422097e-06,2.1867510113487283,,
1670,0.018000000000000002,308.57878858417291,308.57879490664533,-6.3224724158317258e-06,2.0236016744148944,,
1670,0.019,308.86920073439325,308.86920803133171,-7.2969384632415313e-06,1.8109824220620463,,
1670,0.02,309.17572584002721,309.17573477202063,-8.9319934204468154e-06,1.5388274320037896,,
1680,0,306.08920276783107,306.0892080794157,-5.3115846299078839e-06,2.5499966082119965,,
1680,0.001,306.09703984329286,306.09704518706627,-5.3437734095496126e-06,2.5499952077411261,,
1680,0.002,306.12055287769249,306.12055832382612,-5.446133627629024e-06,2.5499895578650347,,
1680,0.0030000000000000001,306.15974711321894,306.1597527268068,-5.6135878594432143e-06,2.5499740239909725,,
1680,0.0040000000000000001,306.21463066730524,306.21463650758227,-5.8402770264365245e-06,2.5499341040441017,,
1680,0.0050000000000000001,306.28521358717848,306.28521970341359,-6.1162351130406023e-06,2.5498356641884503,,
1680,0.0060000000000000001,306.37150651365124,306.37151293942554,-6.4257743019879854e-06,2.5496029385338757,,
1680,0.0070000000000000001,306.47351899106917,306.47352573705444,-6.7459852743922966e-06,2.5490770890162251,,
1680,0.0080000000000000002,306.59125753969181,306.59126458579311,-7.0461013024214481e-06,2.5479442666732295,,
1680,0.0090000000000000011,306.72472373011931,306.72473101890694,-7.2887876285676612e-06,2.5456213785995736,,
1680,0.01,306.87391265807349,306.87392009254285,-7.4344693530292716e-06,2.541092148647349,,
1680,0.010999999999999999,307.03881238393654,307.03881983329865,-7.4493621013971278e-06,2.5326985315332395,,
1680,0.012,307.2194050242515,307.21941234102331,-7.3167718142030935e-06,2.5179135966728934,,
1680,0.013000000000000001,307.41567019362299,307.41567724324182,-7.0496188300239737e-06,2.4931467736980024,,
1680,0.014,307.62759132637376,307.62759802688993,-6.7005161668021174e-06,2.4536495015149127,,
1680,0.014999999999999999,307.85516501687255,307.85517138178659,-6.3649140429333784e-06,2.3935838701141376,,
1680,0.016,308.09841292386301,308.09841909734303,-6.1734800169688242e-06,2.3062762076453769,,
1680,0.017000000000000001,308.35739508482362,308.357401357333,-6.2725093812332489e-06,2.1845949770959914,,
1680,0.018000000000000002,308.63222285253033,308.63222964764867,-6.7951183382319869e-06,2.0212561846954209,,
1680,0.019,308.92306930165824,308.92307713133738,-7.8296791343746008e-06,1.8085978665112072,,
1680,0.02,309.2301754051262,309.23018443082668,-9.0257004785598838e-06,1.5365737221684626,,
1690,0,306.14214816037071,306.14215364838822,-5.4880175071048143e-06,2.5499963433198833,,
1690,0.001,306.1499889197234,306.14999443830033,-5.5185769269883167e-06,2.549994851975697,,
1690,0.002,306.17351262724964,306.17351824521376,-5.6179641205744701e-06,2.5499888559449433,,
1690,0.0030000000000000001,306.21272338622975,306.21272916496309,-5.778733338956954e-06,2.549972454608703,,
1690,0.0040000000000000001,306.26762741716919,306.26763340964516,-5.9924759625573643e-06,2.5499305382578394,,
1690,0.0050000000000000001,306.3382321513165,306.33823839732673,-6.2460102299155551e-06,2.5498277370149167,,
1690,0.0060000000000000001,306.42454502125946,306.42455154169681,-6.5204373527194548e-06,2.5495859613819563,,
1690,0.0070000000000000001,306.5265720494628,306.52657884026655,-6.7908037522101949e-06,2.5490423368885686,,
1690,0.0080000000000000002,306.64431641469315,306.6443234417203,-7.0270271521621908e-06,2.5478765866868804,,
1690,0.0090000000000000011,306.77777727682985,306.77778447360271,-7.1967728558774979e-06,2.545496353718173,,
1690,0.01,306.92694924644917,306.92695651715962,-7.2707104550318036e-06,2.5408735299948204,,
1690,0.010999999999999999,307.09182296834268,307.09183019831272,-7.2299700377698173e-06,2.5323372148983019,,
1690,0.012,307.27238731006457,307.27239438466302,-7.0745984430686804e-06,2.5173497838395114,,
1690,0.013000000000000001,307.46863357356619,307.46864040396514,-6.8303989451123925e-06,2.492316745004604,,
1690,0.014,307.68056199687987,307.68056854739353,-6.5505136603860592e-06,2.4524973639544605,,
1690,0.014999999999999999,307.90819083529567,307.90819714473525,-6.3094395841289952e-06,2.3920768457630337,,
1690,0.016,308.15156946346195,308.15157566083082,-6.1973688616490108e-06,2.3044200833136554,,
1690,0.017000000000000001,308.4108010591172,308.41080745746342,-6.3983462155192683e-06,2.1824451120985575,,
1690,0.018000000000000002,308.68608766520299,308.68609514872765,-7.4835246550719603e-06,2.0189196510274288,,
1690,0.019,308.97781215720266,308.97782271246541,-1.0555262747402594e-05,1.8062238402458612,,
1690,0.02,309.2866495084495,309.28666620808741,-1.6699637910733145e-05,1.5343305087541628,,
1700,0,306.1951157602133,306.19512142705645,-5.6668431511752715e-06,2.5499960610923935,,
1700,0.001,306.20295935659027,306.20296505197393,-5.6953836633510946e-06,2.5499944741979692,,
1700,0.002,306.22649120933971,306.22649699742641,-5.7880866961568245e-06,2.549988115343587,,
1700,0.0030000000000000001,306.26571434037766,306.26572027649496,-5.9361173043726012e-06,2.5499708092121369,,
1700,0.0040000000000000001,306.32063323213174,306.32063936115964,-6.1290278949854837e-06,2.5499268217774018,,
1700,0.0050000000000000001,306.39125304666493,306.39125939818797,-6.3515230408484058e-06,2.5498195202889442,,
1700,0.0060000000000000001,306.47757864494088,306.47758522827678,-6.5833359030875727e-06,2.549568454656177,,
1700,0.0070000000000000001,306.57961354477646,306.57962034467971,-6.7999032467014331e-06,2.5490066726839098,,
1700,0.0080000000000000002,306.69735902300192,306.69736599725593,-6.9742540063089109e-06,2.5478074397508204,,
1700,0.0090000000000000011,306.83081363943649,306.83082071978987,-7.0803533844809863e-06,2.5453691436079287,,
1700,0.01,306.97997352592267,306.97998062369788,-7.0977752102407976e-06,2.5406519262972673,,
1700,0.010999999999999999,307.1448338377761,307.14484085475641,-7.0169803052522184e-06,2.5319722123719957,,
1700,0.012,307.32539183553365,307.32539867911646,-6.8435828097790363e-06,2.5167819572177348,,
1700,0.013000000000000001,307.52165225405025,307.52165885425677,-6.6002065182146907e-06,2.4914830596354496,,
1700,0.014,307.73363611607175,307.7336424479559,-6.3318841512227664e-06,2.4513428563876527,,
1700,0.014999999999999999,307.96139512834719,307.96140126310155,-6.1347543578449404e-06,2.3905697188298842,,
1700,0.016,308.20503502624348,308.20504125193486,-6.2256913793135027e-06,2.302566870046955,,
1700,0.017000000000000001,308.46475153991571,308.46475856346427,-7.0235485623015848e-06,2.1803013925657289,,
1700,0.018000000000000002,308.74088002412338,308.74088914448532,-9.1203619376756251e-06,2.0165920073931671,,
1700,0.019,309.03395280900213,309.03396590228203,-1.3093279903841903e-05,1.8038602491282376,,
1700,0.02,309.34474923610236,309.34476850779026,-1.9271687904165447e-05,1.5320977040389088,,
1710,0,306.24810001194066,306.24810585149146,-5.8395507949171588e-06,2.549995760628645,,
1710,0.001,306.25594566510972,306.25595152997289,-5.8648631693358766e-06,2.549994073336316,,
1710,0.002,306.27948337020013,306.27948931763001,-5.9474298836903472e-06,2.5499873344315187,,
1710,0.0030000000000000001,306.31871522554496,306.31872130307676,-6.0775317933803308e-06,2.5499690851055159,,
1710,0.0040000000000000001,306.37364428281518,306.37365052640621,-6.243591030852258e-06,2.5499229501931278,,
1710,0.0050000000000000001,306.44427394669219,306.44428037619514,-6.4295029460481601e-06,2.5498110072102551,,
1710,0.0060000000000000001,306.53060727661335,306.53061389177122,-6.6151578721473925e-06,2.549550408780791,,
1710,0.0070000000000000001,306.6326463463763,306.63265312405878,-6.7776824721477169e-06,2.5489700845270415,,
1710,0.0080000000000000002,306.75039187701793,306.75039877054485,-6.8935269155190326e-06,2.5477368137302014,,
1710,0.0090000000000000011,306.8838434275055,306.88385036878901,-6.9412835159710085e-06,2.5452397399560489,,
1710,0.01,307.0330005165751,307.03300742149975,-6.9049246462782321e-06,2.5404273388714165,,
1710,0.010999999999999999,307.19786518343966,307.19787196104807,-6.7776084051729413e-06,2.5316035408191788,,
1710,0.012,307.37844671582781,307.37845328369417,-6.5678663645485358e-06,2.5162101523779103,,
1710,0.013000000000000001,307.5747696084041,307.57477592084376,-6.3124396660896309e-06,2.4906457691023736,,
1710,0.014,307.78688620703082,307.78689230730618,-6.1002753568573098e-06,2.4501860358800593,,
1710,0.014999999999999999,308.01489571066338,308.01490181555005,-6.1048866655255551e-06,2.3890625353336348,,
1710,0.016,308.25897079177975,308.2589774015629,-6.6097831563638465e-06,2.3007165849577151,,
1710,0.017000000000000001,308.51939156093317,308.51939955912775,-7.9981945759755035e-06,2.1781637946199774,,
1710,0.018000000000000002,308.79658379343101,308.79659447348013,-1.0680049115308066e-05,2.0142731884585623,,
1710,0.019,309.09115490445708,309.09116988007821,-1.4975621127177874e-05,1.8015070027897455,,
1710,0.02,309.40391872195056,309.40393972936562,-2.1007415057283652e-05,1.5298751595276758,,
1720,0,306.30109603642597,306.30110203334334,-5.9969173662466346e-06,2.5499954409944574,,
1720,0.001,306.30894310001406,306.3089491181031,-6.0180890386618557e-06,2.5499936482827605,,
1720,0.002,306.3324847893382,306.33249087733253,-6.0879943362124322e-06,2.5499865115346427,,
1720,0.0030000000000000001,306.37172250053595,306.3717286971098,-6.1965738495928235e-06,2.5499672795382051,,
1720,0.0040000000000000001,306.42665824860444,306.42666458054458,-6.3319401419903443e-06,2.5499189190356883,,
1720,0.0050000000000000001,306.49729427767409,306.49730075575076,-6.47807667064626e-06,2.5498021909320152,,
1720,0.0060000000000000001,306.58363267653908,306.58363929219252,-6.615653433073021e-06,2.5495318141798982,,
1720,0.0070000000000000001,306.6856751735458,306.68568189689711,-6.7233513050268812e-06,2.5489325606324824,,
1720,0.0080000000000000002,306.80342335562472,306.80343013540926,-6.7797845417771896e-06,2.5476646967043224,,
1720,0.0090000000000000011,306.93687964864205,306.93688641489973,-6.7662576839211397e-06,2.5451081347814553,,
1720,0.01,307.08604952108618,307.08605619209436,-6.6710081796372833e-06,2.5401997694030025,,
1720,0.010999999999999999,307.25094553662547,307.25095203284741,-6.4962219425979129e-06,2.5312312173523948,,
1720,0.012,307.43159406845655,307.43160033785597,-6.2693994209439552e-06,2.5156344048269688,,
1720,0.013000000000000001,307.62804563868173,307.62805169829414,-6.0596124171752308e-06,2.4898049244193512,,
1720,0.014,307.84038983265827,307.8403958284598,-5.995801529934397e-06,2.4490269586125475,,
1720,0.014999999999999999,308.06877537997337,308.06878165932864,-6.2793552615403314e-06,2.3875553402834027,,
1720,0.016,308.31343512389844,308.31344230403545,-7.180137004070275e-06,2.2988692444303669,,
1720,0.017000000000000001,308.57471419829312,308.57472320344067,-9.0051475467589626e-06,2.1760322943027055,,
1720,0.018000000000000002,308.85309803659845,308.85311007515276,-1.203855430276235e-05,2.0119631296189042,,
1720,0.019,309.14923539877753,309.14925186597361,-1.6467196076064283e-05,1.799164013226626,,
1720,0.02,309.46395111725121,309.46397344459064,-2.2327339422645309e-05,1.527662763588981,,
1730,0,306.35410000037069,306.35410613159962,-6.1312289290071931e-06,2.5499951012217443,,
1730,0.001,306.36194800289604,306.36195415055545,-6.1476594055420719e-06,2.5499931978924164,,
1730,0.002,306.38549234648036,306.38549854973792,-6.2032575556258962e-06,2.5499856449338694,,
1730,0.0030000000000000001,306.42473398411823,306.42474027206657,-6.2879483380129386e-06,2.5499653897048051,,
1730,0.0040000000000000001,306.47967434425726,306.47968073418764,-6.3899303768266691e-06,2.5499147237769884,,
1730,0.0050000000000000001,306.55031517999231,306.55032167352886,-6.4935365458040906e-06,2.5497930645627727,,
1730,0.0060000000000000001,306.63665854269692,306.63666512290689,-6.5802099697975791e-06,2.5495126612802119,,
1730,0.0070000000000000001,306.73870708187178,306.73871371195588,-6.6300841012889578e-06,2.548894089307074,,
1730,0.0080000000000000002,306.85646495583694,306.85647158033112,-6.6244941763216048e-06,2.547591076967203,,
1730,0.0090000000000000011,306.98993973856045,306.98994628852751,-6.5499670540702937e-06,2.5449743204313178,,
1730,0.01,307.13914582238766,307.13915222679282,-6.4044051555356418e-06,2.5399692199385422,,
1730,0.010999999999999999,307.3041099262544,307.30411613227744,-6.2060230447968934e-06,2.5308552593210258,,
1730,0.012,307.4848793826003,307.48488538739826,-6.0047979673072405e-06,2.5150547500001839,,
1730,0.013000000000000001,307.68153382563543,307.68153972019434,-5.8945589103132079e-06,2.4889605761030733,,
1730,0.014,307.89420065445705,307.8942066760838,-6.021626745678077e-06,2.4478656798939769,,
1730,0.014999999999999999,308.12307412593361,308.1230807102823,-6.5843486822814157e-06,2.386048177700355,,
1730,0.016,308.36843713576098,308.36844495383536,-7.8180743798839103e-06,2.297024864142442,,
1730,0.017000000000000001,308.63068377272435,308.63069373573558,-9.9630112231352541e-06,2.1739068675812612,,
1730,0.018000000000000002,308.91033980856588,308.91035302714948,-1.3218583603702427e-05,2.009661767062358,,
1730,0.019,309.20807773045141,309.20809542455936,-1.7694107953047933e-05,1.796831193181808,,
1730,0.02,309.52472303159101,309.52474641534042,-2.3383749407912546e-05,1.5254604136638421,,
1740,0,306.40710933935503,306.40711557539521,-6.2360401784644637e-06,2.5499947403079117,,
1740,0.001,306.41495801136796,306.41496425863801,-6.2472700506077672e-06,2.5499927209829498,,
1740,0.002,306.43850429714837,306.43851058440828,-6.2872599073671154e-06,2.5499847328647824,,
1740,0.0030000000000000001,306.47774900201381,306.47775534804089,-6.3460270780524297e-06,2.5499634127452904,,
1740,0.0040000000000000001,306.53269348268276,306.53269989470795,-6.4120251863641897e-06,2.5499103598311001,,
1740,0.0050000000000000001,306.60333977110656,306.60334624131633,-6.4702097688495996e-06,2.5497836211683893,,
1740,0.0060000000000000001,306.6896909585011,306.68969746188986,-6.5033887608478835e-06,2.5494929405137818,,
1740,0.0070000000000000001,306.7917520648686,306.79175855931214,-6.4944435393954336e-06,2.5488546589524721,,
1740,0.0080000000000000002,306.90953170034913,306.90953813013601,-6.4297868789253698e-06,2.5475159430280288,,
1740,0.0090000000000000011,307.04304490852894,307.04305121298756,-6.304458622707898e-06,2.5448382895775112,,
1740,0.01,307.19231765391623,307.19232378297858,-6.1290623420973134e-06,2.5397356928771897,,
1740,0.010999999999999999,307.3573934496219,307.35739938785315,-5.9382312542766158e-06,2.5304756843007068,,
1740,0.012,307.5383425781767,307.5383483775941,-5.7994174085251871e-06,2.5144712232532838,,
1740,0.013000000000000001,307.73527419360761,307.73528001328856,-5.8196809504806879e-06,2.4881127741737457,,
1740,0.014,307.94835126983548,307.94835741708329,-6.1472478023461008e-06,2.4467022541738004,,
1740,0.014999999999999999,308.17780787205032,308.17781483654124,-6.9644909217458917e-06,2.3845410906390851,,
1740,0.016,308.42396761806179,308.42397608823808,-8.470176283026376e-06,2.2951834590848699,,
1740,0.017000000000000001,308.68726157208516,308.68727242351008,-1.0851424917746044e-05,2.1717874903581667,,
1740,0.018000000000000002,308.96824333208093,308.96825758143291,-1.4249351977468905e-05,2.0073690378037217,,
1740,0.019,309.26759890585356,309.26761763140331,-1.8725549750797654e-05,1.794508455783441,,
1740,0.02,309.58614917768028,309.58617350171681,-2.4324036530742887e-05,1.5232680116888677,,
1750,0,306.46012294173039,306.46012924542867,-6.3036982851372159e-06,2.5499943572152666,,
1750,0.001,306.46797224478411,306.46797855513364,-6.310349533578119e-06,2.5499922163340436,,
1750,0.002,306.49152046764732,306.49152680119283,-6.3335455138258112e-06,2.5499837735173312,,
1750,0.0030000000000000001,306.53076860561828,306.5307749702053,-6.3645870227446721e-06,2.5499613457451713,,
1750,0.0040000000000000001,306.58571852865515,306.58572492126115,-6.3926059965524473e-06,2.5499058225552127,,
1750,0.0050000000000000001,306.65637340996716,306.65637981392217,-6.4039550125016831e-06,2.5497738537739894,,
1750,0.0060000000000000001,306.74273855293296,306.74274493701125,-6.38407829001153e-06,2.5494726423206715,,
1750,0.0070000000000000001,306.84482284843443,306.84482916882507,-6.3203906393027864e-06,2.5488142580675492,,
1750,0.0080000000000000002,306.9626411614031,306.96264736779267,-6.2063895711617079e-06,2.5474392836114901,,
1750,0.0090000000000000011,307.09621799972456,307.09622404681346,-6.047088902505493e-06,2.544700035213034,,
1750,0.01,307.24559284370338,307.24559870923571,-5.865532330062706e-06,2.5394991909626849,,
1750,0.010999999999999999,307.41082748670254,307.41083319635578,-5.7096532373179798e-06,2.5300925100830027,,
1750,0.012,307.59201563040057,307.59202128869816,-5.6582975958008319e-06,2.5138838598548965,,
1750,0.013000000000000001,307.78929476227211,307.7893005875851,-5.8253129964214168e-06,2.4872615681560943,,
1750,0.014,308.0028599564273,308.00286631710469,-6.3606773892388446e-06,2.4455367350545307,,
1750,0.014999999999999999,308.23297839437754,308.23298583835435,-7.4439768127376738e-06,2.3830341212084765,,
1750,0.016,308.48000102770283,308.48001028204106,-9.2543382379517425e-06,2.2933450435815521,,
1750,0.017000000000000001,308.74436180571246,308.74437364992184,-1.1844209382161353e-05,2.1696741384827987,,
1750,0.018000000000000002,309.02654540309521,309.02656017690992,-1.4773814712043531e-05,2.0050848796712892,,
1750,0.019,309.32700227599685,309.32701908121146,-1.6805214613668795e-05,1.7921957146800751,,
1750,0.02,309.6460170860035,309.64603361853733,-1.6532533834379137e-05,1.521085545620821,,
1760,0,306.51314135381801,306.51314768401198,-6.3301939690063591e-06,2.549993950870447,,
1760,0.001,306.52099151094313,306.52099784185407,-6.3309109350484505e-06,2.5499916826868931,,
1760,0.002,306.54454246214283,306.54454879869121,-6.3365483811139711e-06,2.549982765035546,,
1760,0.0030000000000000001,306.58379576352365,306.58380210257536,-6.3390517084371822e-06,2.5499591857356969,,
1760,0.0040000000000000001,306.63875442824587,306.63876075714836,-6.3289024865298416e-06,2.5499011072506157,,
1760,0.0050000000000000001,306.70942366995666,306.7094299648154,-6.2948587356004282e-06,2.5497637553658894,,
1760,0.0060000000000000001,306.79581216961469,306.79581839589349,-6.2262787992040103e-06,2.5494517571515849,,
1760,0.0070000000000000001,306.89793408540976,306.89794020185298,-6.1164432167970517e-06,2.5487728752506724,,
1760,0.0080000000000000002,307.01581207220778,307.01581803915747,-5.9669496863534732e-06,2.5473610876579569,,
1760,0.0090000000000000011,307.14948159970794,307.14948739281613,-5.7931081869355694e-06,2.5445595506482945,,
1760,0.01,307.29899683706452,307.29900246703653,-5.6299720085917215e-06,2.5392597172753337,,
1760,0.010999999999999999,307.46443826864657,307.46444380693475,-5.5382881782861659e-06,2.5297057546653159,,
1760,0.012,307.64592194252651,307.64592755209566,-5.6095691434165929e-06,2.5132926949793362,,
1760,0.013000000000000001,307.84360967430388,307.84361564286854,-5.9685646647267276e-06,2.4864070070806532,,
1760,0.014,308.05771839819317,308.05772516116633,-6.7629731574925245e-06,2.4443691753042329,,
1760,0.014999999999999999,308.28852501186805,308.28853312645271,-8.1145846593244642e-06,2.3815273105922197,,
1760,0.016,308.53636087978276,308.5363708913693,-1.0011586539349082e-05,2.2915096313084877,,
1760,0.017000000000000001,308.8015892125249,308.80160138645772,-1.2173932816494926e-05,2.1675667877645122,,
1760,0.018000000000000002,309.08456144368671,309.08457546436563,-1.4020678918313934e-05,2.0028092312659198,,
1760,0.019,309.38555721217085,309.38557208988192,-1.4877711066674237e-05,1.7898928847186666,,
1760,0.02,309.70472421526881,309.70473854713032,-1.4331861507344001e-05,1.5189129285774656,,
1770,0,306.56616696008666,306.56617326913658,-6.3090499224927044e-06,2.5499935201638482,,
1770,0.001,306.57401847574209,306.57402477956873,-6.3038266375770036e-06,2.5499911187436965,,
1770,0.002,306.59757379526906,306.59758008735503,-6.2920859704718168e-06,2.549981705517268,,
1770,0.0030000000000000001,306.63683541517986,306.63684168205134,-6.2668714804203773e-06,2.5499569296940559,,
1770,0.0040000000000000001,306.69180812065116,306.69181434142001,-6.2207688529269944e-06,2.5498962091636819,,
1770,0.0050000000000000001,306.76250002906602,306.76250617500455,-6.1459385278794798e-06,2.5497533188935311,,
1770,0.0060000000000000001,306.84892425789803,306.84893029469424,-6.0367962078089477e-06,2.5494302754704457,,
1770,0.0070000000000000001,306.95110140503675,306.95110729869157,-5.8936548157362267e-06,2.5487304992019277,,
1770,0.0080000000000000002,307.06906304655013,307.06906877386501,-5.7273148854619649e-06,2.5472813443236313,,
1770,0.0090000000000000011,307.2028564260421,307.2028619905185,-5.5644763961026911e-06,2.5444168295074827,,
1770,0.01,307.35255039202872,307.3525558454898,-5.4534610853806953e-06,2.5390172752242002,,
1770,0.010999999999999999,307.51824237506202,307.51824784354073,-5.4684787187397887e-06,2.529315436241117,,
1770,0.012,307.7000657124986,307.70007142049843,-5.7079998327935755e-06,2.5126977636996903,,
1770,0.013000000000000001,307.89819588527951,307.89820216479308,-6.2795135704618588e-06,2.4855491394850655,,
1770,0.014,308.1128533141578,308.11286057698953,-7.2628317298040201e-06,2.4431996268685987,,
1770,0.014999999999999999,308.34429960561494,308.34430825997629,-8.6543613520007057e-06,2.3800206990685253,,
1770,0.016,308.59282416637234,308.59283448047972,-1.0314107385056559e-05,2.2896772353122383,,
1770,0.017000000000000001,308.85871963279612,308.85873158232778,-1.1949531653954182e-05,2.1654654139854848,,
1770,0.018000000000000002,309.14224784988909,309.14226101778735,-1.3167898259780486e-05,2.0005420319184939,,
1770,0.019,309.44360243632508,309.44361603639572,-1.3600070644770312e-05,1.7875998830363491,,
1770,0.02,309.76287742452564,309.76289047416725,-1.3049641609086393e-05,1.5167500342064282,,
1780,0,306.61920405838362,306.61921029565895,-6.2372753291128902e-06,2.5499930639490738,,
1780,0.001,306.62705771853172,306.62706394502305,-6.2264913367471308e-06,2.549990523167172,,
1780,0.002,306.65061988548274,306.65062608419873,-6.1987159938325931e-06,2.549980593013903,,
1780,0.0030000000000000001,306.68989435438863,306.68990050295099,-6.1485623632506758e-06,2.5499545745436314,,
1780,0.0040000000000000001,306.74488825806947,306.74489432956369,-6.0714942264894489e-06,2.5498911234868946,,
1780,0.0050000000000000001,306.8156133675235,306.81561933162459,-5.9641010921041016e-06,2.5497425372714102,,
1780,0.0060000000000000001,306.90208807591608,306.90209390301487,-5.8270987892683479e-06,2.5494081877569301,,
1780,0.0070000000000000001,307.00434019139743,307.00434586063585,-5.6692384191592282e-06,2.5486871187252089,,
1780,0.0080000000000000002,307.1224106328666,307.12241614471077,-5.5118441650847672e-06,2.5472000429805046,,
1780,0.0090000000000000011,307.25635802101544,307.25636341417089,-5.3931554475639132e-06,2.5442718657247596,,
1780,0.01,307.40626395297636,307.40626932364233,-5.370665974169242e-06,2.5387718685392682,,
1780,0.010999999999999999,307.57223841890379,307.5722439373377,-5.5184339089464629e-06,2.5289215731903467,,
1780,0.012,307.75442437285159,307.75443028856154,-5.9157099485673825e-06,2.5120991009812284,,
1780,0.013000000000000001,307.95299998852636,307.953006613078,-6.624551645018073e-06,2.4846880134157394,,
1780,0.014,308.16817679175506,308.16818445032476,-7.658569700197404e-06,2.4420281408831945,,
1780,0.014999999999999999,308.40019193023545,308.40020088250844,-8.952272992246435e-06,2.3785143260296984,,
1780,0.016,308.64929358041758,308.64930392643754,-1.0346019962526043e-05,2.2878478680283156,,
1780,0.017000000000000001,308.91571999658061,308.91573159697742,-1.160039681735725e-05,2.1633699929120409,,
1780,0.018000000000000002,309.19967473439732,309.19968718012757,-1.2445730249055487e-05,1.998283221671028,,
1780,0.019,309.50130250542952,309.50131516192516,-1.2656495641749643e-05,1.785316628295794,,
1780,0.02,309.82067110086462,309.82068323356481,-1.2132700192069024e-05,1.5145967617122205,,
1790,0,306.67225878825161,306.67226490327073,-6.1150191186243319e-06,2.5499925810423987,,
1790,0.001,306.68011563677391,306.6801217362846,-6.0995106991867942e-06,2.5499898945800941,,
1790,0.002,306.70368788689655,306.70369394531764,-6.058421092802746e-06,2.5499794255301991,,
1790,0.0030000000000000001,306.74298093244374,306.74298692088911,-5.9884453662562009e-06,2.5499521171542652,,
1790,0.0040000000000000001,306.79800470841633,306.79801059718244,-5.8887661111839407e-06,2.5498858453598778,,
1790,0.0050000000000000001,306.86877516527358,306.86878092674681,-5.7614732327238016e-06,2.5497314033809988,,
1790,0.0060000000000000001,306.95531642239337,306.95532203699742,-5.6146040492421889e-06,2.5493854845089485,,
1790,0.0070000000000000001,307.05766363594898,307.05766910157047,-5.4656214842907502e-06,2.5486427227302322,,
1790,0.0080000000000000002,307.17586654271651,307.17587188726714,-5.3445506296156964e-06,2.547117173216253,,
1790,0.0090000000000000011,307.30999350088604,307.30999879633106,-5.2954450211473159e-06,2.5441246535404773,,
1790,0.01,307.46013563488714,307.4601410092265,-5.374339366426284e-06,2.5385235012637577,,
1790,0.010999999999999999,307.62641041863623,307.62641606043906,-5.6418028293592215e-06,2.5285241840701036,,
1790,0.012,307.80896375162513,307.80896990075217,-6.1491270457736391e-06,2.5114967416751033,,
1790,0.013000000000000001,308.00796938964868,308.00797630898842,-6.919339739397401e-06,2.4838236764295982,,
1790,0.014,308.22362461434221,308.22363254174968,-7.9274074664681393e-06,2.4408547676854413,,
1790,0.014999999999999999,308.45614138607567,308.45615047292517,-9.0868495021823037e-06,2.3770082300010875,,
1790,0.016,308.70573297883027,308.70574322932498,-1.0250494710817293e-05,2.2860215412991409,,
1790,0.017000000000000001,308.97259716525912,308.97260839563893,-1.1230379811877356e-05,2.1612805003041324,,
1790,0.018000000000000002,309.25689816379111,309.25690999959312,-1.1835802013138164e-05,1.9960327412818673,,
1790,0.019,309.55875041391664,309.55876233423959,-1.192032294738965e-05,1.7830430397144637,,
1790,0.02,309.87820744177111,309.87821887406437,-1.1432293263169413e-05,1.5124530171329762,,
1800,0,306.72533888123161,306.72534482780486,-5.9465732533681148e-06,2.5499920702222347,,
1800,0.001,306.73320016597893,306.73320609370847,-5.9277295463289192e-06,2.5499892315648331,,
1800,0.002,306.75678631437921,306.75679219206523,-5.8776860214493354e-06,2.5499782010240435,,
1800,0.0030000000000000001,306.79610451344803,306.79611030911531,-5.795667277652683e-06,2.5499495543425517,,
1800,0.0040000000000000001,306.85116775382573,306.85117343896644,-5.6851407066460524e-06,2.549880369870448,,
1800,0.0050000000000000001,306.92199636146313,306.92200191547209,-5.5540089647365676e-06,2.5497199100726613,,
1800,0.0060000000000000001,307.00862014257888,307.00862555965119,-5.4170723160495982e-06,2.5493621562450777,,
1800,0.0070000000000000001,307.11108108674648,307.11108638502651,-5.2982800298195798e-06,2.548597300234456,,
1800,0.0080000000000000002,307.2294364808194,307.22944171264612,-5.2318267194095824e-06,2.5470327248340277,,
1800,0.0090000000000000011,307.36376214905465,307.36376740999049,-5.2609358363042702e-06,2.5439751874973391,,
1800,0.01,307.51415536314545,307.5141607963489,-5.433203455140756e-06,2.5382721777465242,,
1800,0.010999999999999999,307.68073679036007,307.68074258227728,-5.7919172036235977e-06,2.5281232876055602,,
1800,0.012,307.86365072093758,307.8636570848422,-6.3639046175012481e-06,2.510890720512343,,
1800,0.013000000000000001,308.06306280561938,308.0630699516845,-7.1460651156485255e-06,2.4829561755959877,,
1800,0.014,308.27915470782551,308.27916280217073,-8.0943452189785603e-06,2.4396795568264795,,
1800,0.014999999999999999,308.51211547104538,308.51212459074998,-9.1197046003799187e-06,2.3755024486596499,,
1800,0.016,308.76213000020863,308.76214009504184,-1.0094833214679966e-05,2.2841982663916949,,
1800,0.017000000000000001,309.02936575783059,309.02937663067758,-1.0872846985421347e-05,2.1591969119236492,,
1800,0.018000000000000002,309.31395941243113,309.31397072779663,-1.1315365497921448e-05,1.9937905322229321,,
1800,0.019,309.61600554807518,309.61601687155974,-1.1323484557124175e-05,1.7807790368879972,,
1800,0.02,309.93554948493903,309.93556035702767,-1.0872088637370325e-05,1.5103187101504285,,
