time_s,radius_m,fvm_temperature_K,analytic_temperature_K,temperature_error_K,fvm_moisture_kg_per_kg,analytic_frozen_D_moisture_kg_per_kg,moisture_error_kg_per_kg
0,0,301.14999999999998,301.14999999999998,0,2.5499999999999998,,
0,0.001,301.14999999999998,301.14999999999998,0,2.5499999999999998,,
0,0.002,301.14999999999998,301.14999999999998,0,2.5499999999999998,,
0,0.0030000000000000001,301.14999999999998,301.14999999999998,0,2.5499999999999998,,
0,0.0040000000000000001,301.14999999999998,301.14999999999998,0,2.5499999999999998,,
0,0.0050000000000000001,301.14999999999998,301.14999999999998,0,2.5499999999999998,,
0,0.0060000000000000001,301.14999999999998,301.14999999999998,0,2.5499999999999998,,
0,0.0070000000000000001,301.14999999999998,301.14999999999998,0,2.5499999999999998,,
0,0.0080000000000000002,301.14999999999998,301.14999999999998,0,2.5499999999999998,,
0,0.0090000000000000011,301.14999999999998,301.14999999999998,0,2.5499999999999998,,
0,0.01,301.14999999999998,301.14999999999998,0,2.5499999999999998,,
0,0.010999999999999999,301.14999999999998,301.14999999999998,0,2.5499999999999998,,
0,0.012,301.14999999999998,301.14999999999998,0,2.5499999999999998,,
0,0.013000000000000001,301.14999999999998,301.14999999999998,0,2.5499999999999998,,
0,0.014,301.14999999999998,301.14999999999998,0,2.5499999999999998,,
0,0.014999999999999999,301.14999999999998,301.14999999999998,0,2.5499999999999998,,
0,0.016,301.14999999999998,301.14999999999998,0,2.5499999999999998,,
0,0.017000000000000001,301.14999999999998,301.14999999999998,0,2.5499999999999998,,
0,0.018000000000000002,301.14999999999998,301.14999999999998,0,2.5499999999999998,,
0,0.019,301.14999999999998,301.14999999999998,0,2.5499999999999998,,
0,0.02,301.14999999999998,301.14999999999998,0,2.5499999999999998,,
10,0,301.14999999999998,301.15000000309425,-3.0942715056880843e-09,2.5499999999999998,,
10,0.001,301.14999999999998,301.15000000027317,-2.7318947104504332e-10,2.5499999999999998,,
10,0.002,301.14999999999998,301.15000000018699,-1.8701484805205837e-10,2.5499999999999998,,
10,0.0030000000000000001,301.14999999999998,301.15000000014811,-1.4813394955126569e-10,2.5499999999999998,,
10,0.0040000000000000001,301.14999999999998,301.15000000012469,-1.2471446098061278e-10,2.5499999999999998,,
10,0.0050000000000000001,301.14999999999998,301.15000000010872,-1.0874146028072573e-10,2.5499999999999998,,
10,0.0060000000000000001,301.14999999999998,301.15000000009695,-9.6974872576538473e-11,2.5499999999999998,,
10,0.0070000000000000001,301.14999999999998,301.15000000008791,-8.7936768977669999e-11,2.5499999999999998,,
10,0.0080000000000000002,301.14999999999998,301.15000000008081,-8.0831341620068997e-11,2.5499999999999998,,
10,0.0090000000000000011,301.15000000000032,301.15000000007529,-7.4976469477405772e-11,2.5499999999999998,,
10,0.01,301.15000000000896,301.15000000007825,-6.929212759132497e-11,2.5499999999999998,,
10,0.010999999999999999,301.15000000019751,301.15000000024787,-5.0363269110675901e-11,2.5499999999999998,,
10,0.012,301.15000000337125,301.15000000325523,1.1601741789490916e-10,2.5499999999999998,,
10,0.013000000000000001,301.15000004493828,301.15000004351651,1.4217675925465301e-09,2.5499999999999998,,
10,0.014,301.15000046938746,301.15000046054007,8.8473939285904635e-09,2.5499999999999998,,
10,0.014999999999999999,301.15000386269776,301.15000382504581,3.7651943785022013e-08,2.5499999999999998,,
10,0.016,301.15002523053863,301.15002512630934,1.0422928653497365e-07,2.5499999999999998,,
10,0.017000000000000001,301.15013208264634,301.15013194778516,1.348611817775236e-07,2.5499999999999998,,
10,0.018000000000000002,301.15056096719889,301.1505612209707,-2.5377181600561016e-07,2.5499999998496787,,
10,0.019,301.151961721551,301.15196360983873,-1.8882877270698373e-06,2.5499292027276641,,
10,0.02,301.15574766744436,301.15575333130334,-5.6638589853719168e-06,2.450703427527503,,
20,0,301.14999999999998,301.15000000309419,-3.0942146622692235e-09,2.5499999999999998,,
20,0.001,301.14999999999998,301.15000000027311,-2.7313262762618251e-10,2.5499999999999998,,
20,0.002,301.14999999999998,301.15000000018699,-1.8701484805205837e-10,2.5499999999999998,,
20,0.0030000000000000001,301.15000000000003,301.15000000014805,-1.4802026271354407e-10,2.5499999999999998,,
20,0.0040000000000000001,301.15000000000032,301.15000000012503,-1.2471446098061278e-10,2.5499999999999998,,
20,0.0050000000000000001,301.15000000000447,301.1500000001127,-1.0822986951097846e-10,2.5499999999999998,,
20,0.0060000000000000001,301.15000000004295,301.15000000013731,-9.4360075308941305e-11,2.5499999999999998,,
20,0.0070000000000000001,301.15000000037287,301.15000000044375,-7.0883743319427595e-11,2.5499999999999998,,
20,0.0080000000000000002,301.15000000287131,301.15000000285482,1.6484591469634324e-11,2.5499999999999998,,
20,0.0090000000000000011,301.15000001960112,301.15000001919356,4.0756731323199347e-10,2.5499999999999998,,
20,0.01,301.1500001185837,301.15000011658753,1.9961703401349951e-09,2.5499999999999998,,
20,0.010999999999999999,301.15000063613257,301.15000062862117,7.5114030551048927e-09,2.5499999999999998,,
20,0.012,301.15000302980388,301.15000300629191,2.3511972813139437e-08,2.5499999999999998,,
20,0.013000000000000001,301.15001283729015,301.15001277605313,6.1237017234816449e-08,2.5499999999999998,,
20,0.014,301.15004851137417,301.15004838203964,1.2933452353536268e-07,2.5499999999999998,,
20,0.014999999999999999,301.15016402815695,301.1501638219151,2.0624185026463238e-07,2.5499999999999998,,
20,0.016,301.15049816565352,301.15049798029639,1.8535712342782062e-07,2.5499999999999998,,
20,0.017000000000000001,301.15136514030183,301.15136532638166,-1.8607983065521694e-07,2.549999999993104,,
20,0.018000000000000002,301.15339305677617,301.153394371194,-1.3144178296897735e-06,2.54999948594905,,
20,0.019,301.15769419475481,301.1576978454741,-3.6507192930912424e-06,2.5484050796117006,,
20,0.02,301.16602140592676,301.16602889751448,-7.4915877235071093e-06,2.4099892818016713,,
30,0,301.15000000000219,301.1500000030963,-3.0941009754315019e-09,2.5499999999999998,,
30,0.001,301.15000000000526,301.15000000027811,-2.7284841053187847e-10,2.5499999999999998,,
30,0.002,301.15000000002647,301.15000000021223,-1.8576429283712059e-10,2.5499999999999998,,
30,0.0030000000000000001,301.15000000014555,301.15000000028783,-1.4227907740860246e-10,2.5499999999999998,,
30,0.0040000000000000001,301.15000000078027,301.15000000088031,-1.0004441719502211e-10,2.5499999999999998,,
30,0.0050000000000000001,301.1500000039685,301.15000000397902,-1.0516032489249483e-11,2.5499999999999998,,
30,0.0060000000000000001,301.15000001891485,301.15000001865025,2.6460611479706131e-10,2.5499999999999998,,
30,0.0070000000000000001,301.15000008397703,301.15000008284181,1.1352199180691969e-09,2.5499999999999998,,
30,0.0080000000000000002,301.15000034621141,301.15000034252211,3.6893084143230226e-09,2.5499999999999998,,
30,0.0090000000000000011,301.15000132344284,301.15000131299507,1.0447763543197652e-08,2.5499999999999998,,
30,0.01,301.15000468864741,301.15000466229583,2.6351585802331101e-08,2.5499999999999998,,
30,0.010999999999999999,301.15001539804513,301.15001533892462,5.9120509376953123e-08,2.5499999999999998,,
30,0.012,301.15004691220526,301.15004679549168,1.1671357924569747e-07,2.5499999999999998,,
30,0.013000000000000001,301.15013274736663,301.15013254919211,1.9817451857306878e-07,2.5499999999999998,,
30,0.014,301.15034944069714,301.15034916615571,2.7454143491922878e-07,2.5499999999999998,,
30,0.014999999999999999,301.15085738371641,301.15085712245462,2.6126178909180453e-07,2.5499999999999998,,
30,0.016,301.15196530653947,301.15196531343236,-6.8928898144804407e-09,2.5499999999998892,,
30,0.017000000000000001,301.15421973361811,301.15422051163841,-7.7802030773455044e-07,2.5499999959865636,,
30,0.018000000000000002,301.15851189834024,301.15851424100691,-2.3426666757586645e-06,2.5499835310126726,,
30,0.019,301.16618348877375,301.16618843787535,-4.949101594320382e-06,2.5442247577150447,,
30,0.02,301.17910419601611,301.17911291198465,-8.7159685335791437e-06,2.3793861721026452,,
40,0,301.15000000065891,301.15000000373271,-3.0738078748981934e-09,2.5499999999999998,,
40,0.001,301.15000000114918,301.15000000139088,-2.4169821699615568e-10,2.5499999999999998,,
40,0.002,301.15000000358964,301.15000000369793,-1.0828671292983927e-10,2.5499999999999998,,
40,0.0030000000000000001,301.15000001267924,301.15000001260489,7.4351191869936883e-11,2.5499999999999998,,
40,0.0040000000000000001,301.15000004499456,301.15000004449132,5.0323478717473336e-10,2.5499999999999998,,
40,0.0050000000000000001,301.15000015517245,301.15000015357538,1.597072696313262e-09,2.5499999999999998,,
40,0.0060000000000000001,301.15000051326206,301.15000050897311,4.2889496398856863e-09,2.5499999999999998,,
40,0.0070000000000000001,301.15000161801021,301.15000160752771,1.0482494872121606e-08,2.5499999999999998,,
40,0.0080000000000000002,301.15000484515554,301.15000482152681,2.3628729195479536e-08,2.5499999999999998,,
40,0.0090000000000000011,301.15001375882321,301.15001370973056,4.909264816888026e-08,2.5499999999999998,,
40,0.01,301.15003702375361,301.15003693026898,9.3484629815066e-08,2.5499999999999998,,
40,0.010999999999999999,301.15009439712946,301.15009423558627,1.6154319837369258e-07,2.5499999999999998,,
40,0.012,301.15022812294569,301.15022787404541,2.4890027816582005e-07,2.5499999999999998,,
40,0.013000000000000001,301.15052290096253,301.15052257110233,3.298601995993522e-07,2.5499999999999998,,
40,0.014,301.15113801689205,301.15113767512406,3.4176798635598971e-07,2.5499999999999998,,
40,0.014999999999999999,301.15235455741094,301.15235438606362,1.713473238851293e-07,2.5499999999999989,,
40,0.016,301.15463827846833,301.15463862668338,-3.4821505323634483e-07,2.5499999999673437,,
40,0.017000000000000001,301.15871448414504,301.15871590474853,-1.4206034961716796e-06,2.5499998463646971,,
40,0.018000000000000002,301.1656459223525,301.16564916921965,-3.2468671520291537e-06,2.5498855212549181,,
40,0.019,301.17689992159495,301.17690589189465,-5.9702996964006161e-06,2.5379708032417647,,
40,0.02,301.19438899974534,301.1943986369921,-9.6372467623950797e-06,2.3539649233018713,,
50,0,301.15000002315014,301.15000002587465,-2.7245050659985282e-09,2.5499999999999998,,
50,0.001,301.1500000340597,301.15000003384415,2.1555024432018399e-10,2.5499999999999998,,
50,0.002,301.15000008012424,301.15000007937596,7.4828676588367671e-10,2.5499999999999998,,
50,0.0030000000000000001,301.15000021617021,301.15000021429177,1.8784476196742617e-09,2.5499999999999998,,
50,0.0040000000000000001,301.15000059624839,301.15000059191163,4.3367549551476259e-09,2.5499999999999998,,
50,0.0050000000000000001,301.15000162236947,301.15000161289066,9.4788106252963189e-09,2.5499999999999998,,
50,0.0060000000000000001,301.15000429418694,301.15000427452225,1.9664696537802229e-08,2.5499999999999998,,
50,0.0070000000000000001,301.15001098289127,301.15001094430352,3.8587756989727495e-08,2.5499999999999998,,
50,0.0080000000000000002,301.15002704730864,301.15002697606462,7.1244016908167396e-08,2.5499999999999998,,
50,0.0090000000000000011,301.15006401415133,301.1500638911898,1.2296152362978319e-07,2.5499999999999998,,
50,0.01,301.1501454644868,301.15014526781863,1.9666816797325737e-07,2.5499999999999998,,
50,0.010999999999999999,301.15031726058453,301.1503169729732,2.8761132853105664e-07,2.5499999999999998,,
50,0.012,301.15066418220147,301.15066380690769,3.7529378005274339e-07,2.5499999999999998,,
50,0.013000000000000001,301.15133518856942,301.15133477491395,4.1365547076566145e-07,2.5499999999999998,,
50,0.014,301.15257907976803,301.15257875747358,3.2229445423581637e-07,2.5499999999999998,,
50,0.014999999999999999,301.15479102444681,301.15479104131782,-1.6871013031050097e-08,2.5499999999997263,,
50,0.016,301.15856816356836,301.15856891637293,-7.5280456712789601e-07,2.5499999986106969,,
50,0.017000000000000001,301.16476955772532,301.16477160335006,-2.0456247398215055e-06,2.5499983659757253,,
50,0.018000000000000002,301.17457280494801,301.17457684036322,-4.0354152019972389e-06,2.5496002647154343,,
50,0.019,301.18951770380568,301.18952451010642,-6.8063007461205416e-06,2.5304050287582731,,
50,0.02,301.21152733338607,301.21153770354709,-1.0370161021455715e-05,2.3318392252047717,,
60,0,301.15000027129287,301.15000027184357,-5.5069904192350805e-10,2.5499999999999998,,
60,0.001,301.1500003607822,301.15000035797027,2.8119302442064509e-09,2.5499999999999998,,
60,0.002,301.15000070418853,301.1500006994201,4.7684238779766019e-09,2.5499999999999998,,
60,0.0030000000000000001,301.15000158183068,301.15000157301716,8.8135152509494219e-09,2.5499999999999998,,
60,0.0040000000000000001,301.15000367726998,301.15000366075662,1.6513354239577893e-08,2.5499999999999998,,
60,0.0050000000000000001,301.15000852222238,301.15000849186305,3.035933104911237e-08,2.5499999999999998,,
60,0.0060000000000000001,301.15001939803346,301.15001934411549,5.391797230913653e-08,2.5499999999999998,,
60,0.0070000000000000001,301.15004305909019,301.15004296747077,9.1619426711986307e-08,2.5499999999999998,,
60,0.0080000000000000002,301.15009286318679,301.15009271538349,1.4780329138375237e-07,2.5499999999999998,,
60,0.0090000000000000011,301.15019417331888,301.15019394878345,2.2453542669609305e-07,2.5499999999999998,,
60,0.01,301.1503931997616,301.15039288197983,3.1778176889929455e-07,2.5499999999999998,,
60,0.010999999999999999,301.15077070128467,301.15077028941442,4.1187024635291891e-07,2.5499999999999998,,
60,0.012,301.15146203246059,301.15146155960468,4.7285590198953287e-07,2.5499999999999998,,
60,0.013000000000000001,301.15268475141852,301.15268430908213,4.4233638618607074e-07,2.5499999999999998,,
60,0.014,301.15477424442616,301.15477401029068,2.3413548433381948e-07,2.5499999999999976,,
60,0.014999999999999999,301.15822652019722,301.1582267835891,-2.6339188252677559e-07,2.5499999999875436,,
60,0.016,301.1637455768427,301.16374675418149,-1.1773387882385578e-06,2.5499999801992255,,
60,0.017000000000000001,301.17229084910804,301.1722934813655,-2.6322574626647111e-06,2.5499913924101452,,
60,0.018000000000000002,301.18511868001633,301.18512340663847,-4.7266221372410655e-06,2.5490352921258439,,
60,0.019,301.20381106842814,301.20381857722549,-7.5087973527843133e-06,2.5220588623230631,,
60,0.02,301.23028555049177,301.2302965163355,-1.0965843728172331e-05,2.3120470380042599,,
70,0,301.15000167172991,301.15000166553079,6.1991158872842789e-09,2.5499999999999998,,
70,0.001,301.15000208340831,301.15000207216184,1.1246470421610866e-08,2.5499999999999998,,
70,0.002,301.1500035708309,301.15000355455226,1.6278647763101617e-08,2.5499999999999998,,
70,0.0030000000000000001,301.15000702409702,301.15000699809536,2.6001657715823967e-08,2.5499999999999998,,
70,0.0040000000000000001,301.15001441986664,301.15001437713499,4.27316422246804e-08,2.5499999999999998,,
70,0.0050000000000000001,301.15002974513533,301.15002967545365,6.9681675540778087e-08,2.5499999999999998,,
70,0.0060000000000000001,301.15006068779513,301.15006057710923,1.1068590310969739e-07,2.5499999999999998,,
70,0.0070000000000000001,301.15012155169291,301.15012138233493,1.693579747552576e-07,2.5499999999999998,,
70,0.0080000000000000002,301.15023804917473,301.15023780178291,2.4739182435951079e-07,2.5499999999999998,,
70,0.0090000000000000011,301.15045482591688,301.15045448415759,3.41759289312904e-07,2.5499999999999998,,
70,0.01,301.15084673301328,301.15084629224054,4.4077273742004763e-07,2.5499999999999998,,
70,0.010999999999999999,301.15153490577006,301.15153438638629,5.1938377509941347e-07,2.5499999999999998,,
70,0.012,301.15270854715328,301.15270801246947,5.3468380656340742e-07,2.5499999999999998,,
70,0.013000000000000001,301.15465286601744,301.15465244289027,4.2312717596360017e-07,2.5499999999999998,,
70,0.014,301.1577828787693,301.15778277812876,1.006405341286154e-07,2.5499999999998884,,
70,0.014999999999999999,301.16268199563939,301.16268252896975,-5.3333036476033158e-07,2.5499999997807405,,
70,0.016,301.17014439837658,301.17014597912214,-1.5807455611138721e-06,2.5499998563871826,,
70,0.017000000000000001,301.18122289493988,301.1812260392411,-3.144301217616885e-06,2.5499703950794657,,
70,0.018000000000000002,301.19728950610937,301.19729490786989,-5.4017605179979e-06,2.5481350209488349,,
70,0.019,301.22011727548846,301.22012588096476,-8.6054762959975051e-06,2.5132698327266163,,
70,0.02,301.2519735830864,301.25198653545306,-1.2952366660101688e-05,2.2940193325990728,,
80,0,301.15000683132791,301.15000680710369,2.4224220851465361e-08,2.5499999999999998,,
80,0.001,301.15000814511626,301.15000811431173,3.0804528705630219e-08,2.5499999999999998,,
80,0.002,301.15001270416616,301.15001266361867,4.0547490698372712e-08,2.5499999999999998,,
80,0.0030000000000000001,301.15002260364059,301.1500225451793,5.8461296248424333e-08,2.5499999999999998,,
80,0.0040000000000000001,301.15004220527629,301.15004211812544,8.7150851868500467e-08,2.5499999999999998,,
80,0.0050000000000000001,301.15007966679906,301.15007953701581,1.297832454838499e-07,2.5499999999999998,,
80,0.0060000000000000001,301.15014954596211,301.15014935659104,1.8937106460725772e-07,2.5499999999999998,,
80,0.0070000000000000001,301.15027696434487,301.15027669690318,2.6744169190351386e-07,2.5499999999999998,,
80,0.0080000000000000002,301.1505039635241,301.15050360156351,3.6196058772475226e-07,2.5499999999999998,,
80,0.0090000000000000011,301.15089880261883,301.15089833814341,4.6447541990346508e-07,2.5499999999999998,,
80,0.01,301.1515689912614,301.15156843460511,5.5665628906353959e-07,2.5499999999999998,,
80,0.010999999999999999,301.15267878566863,301.15267817891134,6.0675728263959172e-07,2.5499999999999998,,
80,0.012,301.15447168850636,301.15447112121166,5.6729470543359639e-07,2.5499999999999998,,
80,0.013000000000000001,301.15729825426132,301.15729787877154,3.7548977616097545e-07,2.5499999999999994,,
80,0.014,301.16164938638786,301.16164943115569,-4.4767830331693403e-08,2.5499999999976937,,
80,0.014999999999999999,301.16819551676326,301.16819630090583,-7.8414257131953491e-07,2.5499999979547789,,
80,0.016,301.17783246317782,301.17783442225965,-1.9590818283177214e-06,2.549999332953413,,
80,0.017000000000000001,301.19173451023391,301.19173822953297,-3.7192990589574038e-06,2.5499228920377708,,
80,0.018000000000000002,301.2114127693402,301.2114189886808,-6.2193406051846978e-06,2.5468787245674442,,
80,0.019,301.23877116180421,301.23878074704839,-9.585244185927877e-06,2.504250443966952,,
80,0.02,301.27614550173769,301.27615936369506,-1.3861957370409073e-05,2.2773858281931174,,
90,0,301.15002110755455,301.15002104957858,5.7975967138190754e-08,2.5499999999999998,,
90,0.001,301.1500243849988,301.15002431846716,6.6531640641187551e-08,2.5499999999999998,,
90,0.002,301.15003544026479,301.15003535807313,8.2191661476826994e-08,2.5499999999999998,,
90,0.0030000000000000001,301.15005831100677,301.15005820108985,1.0991692533934838e-07,2.5499999999999998,,
90,0.0040000000000000001,301.15010102329524,301.15010087128388,1.5201135283859912e-07,2.5499999999999998,,
90,0.0050000000000000001,301.15017777284947,301.15017756204821,2.1080126089145779e-07,2.5499999999999998,,
90,0.0060000000000000001,301.15031244973835,301.15031216215061,2.8758773851222941e-07,2.5499999999999998,,
90,0.0070000000000000001,301.15054396754056,301.15054358648638,3.8105417843325995e-07,2.5499999999999998,,
90,0.0080000000000000002,301.15093396097757,301.15093347582592,4.8515164507989539e-07,2.5499999999999998,,
90,0.0090000000000000011,301.15157747954731,301.15157689288367,5.8666364566306584e-07,2.5499999999999998,,
90,0.01,301.15261731450033,301.15261665171215,6.6278818167120335e-07,2.5499999999999998,,
90,0.010999999999999999,301.15426255290112,301.1542618738975,6.7900361955253175e-07,2.5499999999999998,,
90,0.012,301.15681187618577,301.15681128902526,5.8716051398732816e-07,2.5499999999999998,,
90,0.013000000000000001,301.16068203644454,301.16068171310457,3.2333997523892322e-07,2.5499999999999767,,
90,0.014,301.16644182853423,301.1664420227512,-1.9421696606514161e-07,2.5499999999737306,,
90,0.014999999999999999,301.17485158020935,301.17485264601675,-1.0658073961167247e-06,2.5499999877861503,,
90,0.016,301.18690740351133,301.18690981198387,-2.4084725396278373e-06,2.5499977254452548,,
90,0.017000000000000001,301.20388787301158,301.20389221594797,-4.3429363927316444e-06,2.5498341650209264,,
90,0.018000000000000002,301.22739836536891,301.22740533944415,-6.9740752337565937e-06,2.5452702089263517,,
90,0.019,301.25940567422839,301.25941604249385,-1.0368265463966964e-05,2.4951358064198605,,
90,0.02,301.30225401425417,301.30226854794307,-1.4533688897699903e-05,2.2618896818507999,,
100,0,301.15005341957203,301.15005330770055,1.1187148629687726e-07,2.5499999999999998,,
100,0.001,301.15006028990939,301.15006016731672,1.225926666847954e-07,2.5499999999999998,,
100,0.002,301.15008299016108,301.15008284555023,1.4461085129369167e-07,2.5499999999999998,,
100,0.0030000000000000001,301.15012828594269,301.15012810345252,1.8249016875415691e-07,2.5499999999999998,,
100,0.0040000000000000001,301.15020917751627,301.15020893980852,2.377077521487081e-07,2.5499999999999998,,
100,0.0050000000000000001,301.1503477117605,301.15034740059986,3.1116064747038763e-07,2.5499999999999998,,
100,0.0060000000000000001,301.15057936040245,301.1505789584117,4.0199074646807276e-07,2.5499999999999998,,
100,0.0070000000000000001,301.15095938125711,301.1509588752466,5.0601050816112547e-07,2.5499999999999998,,
100,0.0080000000000000002,301.15157165899836,301.15157104518073,6.138176331660361e-07,2.5499999999999998,,
100,0.0090000000000000011,301.15254056932639,301.15253986061958,7.0870680701773381e-07,2.5499999999999998,,
100,0.01,301.15404641936567,301.15404565490775,7.6445792274171254e-07,2.5499999999999998,,
100,0.010999999999999999,301.15634498204622,301.15634423898933,7.4305688713138807e-07,2.5499999999999998,,
100,0.012,301.1597915482497,301.15979095577131,5.9247838635201333e-07,2.5499999999999998,,
100,0.013000000000000001,301.16486972766614,301.16486948263167,2.4503447093593422e-07,2.549999999999685,,
100,0.014,301.17222485924907,301.17222524176759,-3.8251852174653322e-07,2.5499999998063263,,
100,0.014999999999999999,301.18270123727223,301.1827026239938,-1.3867215784557629e-06,2.5499999472257837,,
100,0.016,301.1973813447521,301.19738421556303,-2.8708109311992303e-06,2.5499937941802062,,
100,0.017000000000000001,301.21762395341489,301.2176288845979,-4.9311830139231461e-06,2.5496891960542301,,
100,0.018000000000000002,301.24509655366649,301.24510419533527,-7.6416687875280331e-06,2.5433279845277892,,
100,0.019,301.28179662856667,301.28180766200666,-1.1033439989205363e-05,2.4860128340459422,,
100,0.02,301.33005632660723,301.3300714204031,-1.5093795866505388e-05,2.2473442182750265,,
110,0,301.15011661176732,301.15011642320076,1.8856655970012071e-07,2.5499999999999998,,
110,0.001,301.15012928993576,301.1501290885476,2.0138816125836456e-07,2.5499999999999998,,
110,0.002,301.15017053523218,301.15017030575586,2.2947631350689335e-07,2.5499999999999998,,
110,0.0030000000000000001,301.15025059921345,301.15025032244711,2.7676634317685966e-07,2.5499999999999998,,
110,0.0040000000000000001,301.15038869056963,301.15038834695599,3.4361363532298128e-07,2.5499999999999998,,
110,0.0050000000000000001,301.15061636502998,301.15061593577349,4.2925648813252337e-07,2.5499999999999998,,
110,0.0060000000000000001,301.15098267079958,301.15098214016916,5.3063041605128092e-07,2.5499999999999998,,
110,0.0070000000000000001,301.15156142112329,301.15156078028303,6.4084025552801904e-07,2.5499999999999998,,
110,0.0080000000000000002,301.15246103049964,301.15246028314709,7.4735254429469933e-07,2.5499999999999998,,
110,0.0090000000000000011,301.15383738257157,301.15383655259632,8.2997524941674783e-07,2.5499999999999998,,
110,0.01,301.15591018355781,301.15590932481757,8.5874023625365226e-07,2.5499999999999998,,
110,0.010999999999999999,301.15898317598652,301.15898238409278,7.9189373991539469e-07,2.5499999999999998,,
110,0.012,301.16346841319006,301.16346783882699,5.7436307088210015e-07,2.5499999999999958,,
110,0.013000000000000001,301.16991448414922,301.16991434670791,1.3744130455961567e-07,2.5499999999972278,,
110,0.014,301.17903808726095,301.17903868681759,-5.9955664255539887e-07,2.5499999989714568,,
110,0.014999999999999999,301.19175766016917,301.19175938527036,-1.7251011854568787e-06,2.5499998210543557,,
110,0.016,301.20922692019809,301.20923024730865,-3.3271105621679453e-06,2.5499856603416799,,
110,0.017000000000000001,301.2328652800943,301.23287076140741,-5.4813131100672763e-06,2.5494741633363862,,
110,0.018000000000000002,301.26438140711787,301.26438964490495,-8.2377870853633794e-06,2.5410781655784191,,
110,0.019,301.30578596785125,301.30579757458588,-1.1606734631186555e-05,2.476937865073856,,
110,0.02,301.35939007980528,301.3594056458046,-1.5565999319733237e-05,2.2336086992938511,,
120,0,301.15022740889037,301.15022711978759,2.8910278615512652e-07,2.5499999999999998,,
120,0.001,301.15024866553807,301.15024836174638,3.0379169402294792e-07,2.5499999999999998,,
120,0.002,301.15031700318252,301.15031666597827,3.3720425562933087e-07,2.5499999999999998,,
120,0.0030000000000000001,301.15044685400454,301.15044646145469,3.925498504031566e-07,2.5499999999999998,,
120,0.0040000000000000001,301.1506647540304,301.1506642850868,4.689435968430189e-07,2.5499999999999998,,
120,0.0050000000000000001,301.15101325019924,301.15101268633111,5.6386812730124802e-07,2.5499999999999998,,
120,0.0060000000000000001,301.15155672406848,301.151556052079,6.719894827256212e-07,2.5499999999999998,,
120,0.0070000000000000001,301.15238945502551,301.1523886713702,7.8365530953306006e-07,2.5499999999999998,,
120,0.0080000000000000002,301.15364629108603,301.15364540793593,8.8315010771111702e-07,2.5499999999999998,,
120,0.0090000000000000011,301.15551629976142,301.15551535294077,9.4682064855078352e-07,2.5499999999999998,,
120,0.01,301.15825971845049,301.15825877718754,9.412629538019246e-07,2.5499999999999998,,
120,0.010999999999999999,301.16222839202288,301.16222757015197,8.2187091265950585e-07,2.5499999999999994,,
120,0.012,301.16788965045038,301.16788911824477,5.3220560403133277e-07,2.5499999999999625,,
120,0.013000000000000001,301.17585322053822,301.17585321575058,4.7876369535515551e-09,2.549999999982385,,
120,0.014,301.18690027711716,301.18690111323343,-8.3611627132995636e-07,2.5499999957597086,,
120,0.014999999999999999,301.20201314584392,301.20201521503481,-2.0691908844128193e-06,2.5499994962937045,,
120,0.016,301.22240354206076,301.22240731016569,-3.7681049320781312e-06,2.5499708221421531,,
120,0.017000000000000001,301.2495366872173,301.24954267869572,-5.9914784173997759e-06,2.5491773314261517,,
120,0.018000000000000002,301.28514833980688,301.28515711189266,-8.7720857777640049e-06,2.5385499031741019,,
120,0.019,301.33125186121561,301.33126396924672,-1.2108031114621554e-05,2.4679474611707715,,
120,0.02,301.39013225290228,301.39014898260632,-1.6729704043427773e-05,2.220573904971185,,
130,0,301.15040613737244,301.15040572282129,4.145511525166512e-07,2.5499999999999998,,
130,0.001,301.15043924854984,301.15043881868627,4.298635758459568e-07,2.5499999999999998,,
130,0.002,301.15054471769162,301.15054425011772,4.6757389782214887e-07,2.5499999999999998,,
130,0.0030000000000000001,301.15074177790632,301.15074124866891,5.2923741122867796e-07,2.5499999999999998,,
130,0.0040000000000000001,301.15106528330676,301.15106467066482,6.1264194073373801e-07,2.5499999999999998,,
130,0.0050000000000000001,301.1515700658021,301.15156935237769,7.1342441287924885e-07,2.5499999999999998,,
130,0.0060000000000000001,301.1523373361083,301.15233651220217,8.2390613442839822e-07,2.5499999999999998,,
130,0.0070000000000000001,301.15348339434507,301.15348246269235,9.3165272119222209e-07,2.5499999999999998,,
130,0.0080000000000000002,301.15517093628051,301.15516991841008,1.0178704314967035e-06,2.5499999999999998,,
130,0.0090000000000000011,301.15762321503701,301.1576221592436,1.0557934047028539e-06,2.5499999999999998,,
130,0.01,301.16114122925785,301.16114021995526,1.0093025935020705e-06,2.5499999999999998,,
130,0.010999999999999999,301.16612394132301,301.16612310923728,8.3208573187221191e-07,2.5499999999999994,,
130,0.012,301.17309127020673,301.17309080256246,4.6764426997469855e-07,2.5499999999997258,,
130,0.013000000000000001,301.18270924445164,301.18270939408347,-1.4963183048166684e-07,2.5499999999135232,,
130,0.014,301.19581620957126,301.19581730067034,-1.0910990795309772e-06,2.5499999856791429,,
130,0.014999999999999999,301.21344813134016,301.21345055671475,-2.4253745891655853e-06,2.5499987747578876,,
130,0.016,301.23685889651227,301.23686311009351,-4.2135812350352353e-06,2.5499462535462221,,
130,0.017000000000000001,301.26752629415466,301.26753279371957,-6.499564904061117e-06,2.5487894245207872,,
130,0.018000000000000002,301.30712626621363,301.30713545826234,-9.1920487079732993e-06,2.5357726592177516,,
130,0.019,301.35745655025659,301.35746850959805,-1.1959341463807505e-05,2.4590651544724498,,
130,0.02,301.42031503325757,301.42032951942872,-1.4486171153293981e-05,2.208152886825117,,
140,0,301.15067636008314,301.15067579812961,5.6195352726717829e-07,2.5499999999999998,,
140,0.001,301.15072504961176,301.1507244711957,5.7841606349029462e-07,2.5499999999999998,,
140,0.002,301.15087900544637,301.15087838618973,6.1925663885631366e-07,2.5499999999999998,,
140,0.0030000000000000001,301.15116279831392,301.15116211310004,6.8521387674991274e-07,2.5499999999999998,,
140,0.0040000000000000001,301.15162044537851,301.15161967267147,7.72707039686793e-07,2.5499999999999998,,
140,0.0050000000000000001,301.15232013841086,301.15231926292034,8.75490513863042e-07,2.5499999999999998,,
140,0.0060000000000000001,301.15336110411414,301.15336012056719,9.8354695410307613e-07,2.5499999999999998,,
140,0.0070000000000000001,301.15488279649111,301.15488171473629,1.0817548172781244e-06,2.5499999999999998,,
140,0.0080000000000000002,301.15707661699565,301.15707546854304,1.1484526112326421e-06,2.5499999999999998,,
140,0.0090000000000000011,301.16020030418974,301.16019915011123,1.154078518084134e-06,2.5499999999999998,,
140,0.01,301.16459501410856,301.16459395386516,1.0602433917483722e-06,2.5499999999999998,,
140,0.010999999999999999,301.1707048982579,301.17070407848382,8.1977407262456836e-07,2.5499999999999958,,
140,0.012,301.17909861956321,301.17909824190627,3.7765693150504376e-07,2.5499999999984295,,
140,0.013000000000000001,301.19049160537173,301.19049193408807,-3.2871633948161616e-07,2.5499999996550335,,
140,0.014,301.2057667328836,301.20576810151971,-1.3686361057807517e-06,2.5499999587753184,,
140,0.014999999999999999,301.2259894547725,301.22599226083724,-2.8060647423444607e-06,2.5499973477674822,,
140,0.016,301.2524114573651,301.25241612247663,-4.665111532631272e-06,2.5499085520474876,,
140,0.017000000000000001,301.28645618938674,301.28646306865426,-6.8792675165241235e-06,2.548303644021721,,
140,0.018000000000000002,301.32968226045307,301.32969155025495,-9.28980188064088e-06,2.532774687184383,,
140,0.019,301.38372829123796,301.38374003108885,-1.1739850890535308e-05,2.4503057553858216,,
140,0.02,301.45025312520966,301.45026727990972,-1.4154700068047532e-05,2.1962753722582815,,
150,0,301.15106446464785,301.15106373367053,7.309773195629532e-07,2.5499999999999998,,
150,0.001,301.15113283860387,301.15113209046871,7.4813516448557493e-07,2.5499999999999998,,
150,0.002,301.15134775163267,301.15134696090468,7.9072799508139724e-07,2.5499999999999998,,
150,0.0030000000000000001,301.1517395521924,301.15173869353305,8.5865934806861333e-07,2.5499999999999998,,
150,0.0040000000000000001,301.15236209719637,301.15236115023987,9.4695650432186085e-07,2.5499999999999998,,
150,0.0050000000000000001,301.15329776268879,301.15329671520749,1.0474813052496756e-06,2.5499999999999998,,
150,0.0060000000000000001,301.15466463206599,301.15466348415703,1.1479089607746573e-06,2.5499999999999998,,
150,0.0070000000000000001,301.15662598920107,301.15662475863883,1.2305622476560529e-06,2.5499999999999998,,
150,0.0080000000000000002,301.15940220958578,301.15940093832171,1.2712640682366327e-06,2.5499999999999998,,
150,0.0090000000000000011,301.1632850442781,301.16328380594774,1.2383303555907332e-06,2.5499999999999998,,
150,0.01,301.1686540967608,301.16865300500092,1.0917598842752341e-06,2.5499999999999998,,
150,0.010999999999999999,301.17599495489446,301.175994172034,7.8286046800712938e-07,2.5499999999999736,,
150,0.012,301.18591790531502,301.18591764996609,2.5534893666190328e-07,2.5499999999927114,,
150,0.013000000000000001,301.19917540342783,301.19917595311631,-5.496884796230006e-07,2.5499999988383975,,
150,0.014,301.21667558940925,301.2166772715405,-1.6821312556203338e-06,2.5499998957876748,,
150,0.014999999999999999,301.23948843551887,301.23949160129752,-3.1657786507821584e-06,2.5499947772652058,,
150,0.016,301.26884114110487,301.26884612385589,-4.9827510224531579e-06,2.5498541025277803,,
150,0.017000000000000001,301.3061007774528,301.3061078460189,-7.0685661057723337e-06,2.5477154785401721,,
150,0.018000000000000002,301.35274514663644,301.352754475724,-9.3290875611273805e-06,2.529582262217652,,
150,0.019,301.410326713882,301.4103383862564,-1.1672374398585816e-05,2.4416781572446253,,
150,0.02,301.48043765033742,301.48045169361365,-1.4043276223674184e-05,2.1848835308104415,,
160,0,301.151599190198,301.15159827058267,9.1961533144058194e-07,2.5499999999999998,,
160,0.001,301.15169166161627,301.15169072465824,9.3695803116133902e-07,2.5499999999999998,,
160,0.002,301.15198088747582,301.15197990770855,9.7976726465276442e-07,2.5499999999999998,,
160,0.0030000000000000001,301.15250332478149,301.15250227767382,1.0471076734575036e-06,2.5499999999999998,,
160,0.0040000000000000001,301.15332315766983,301.15332202503919,1.1326306434966682e-06,2.5499999999999998,,
160,0.0050000000000000001,301.15453748983663,301.15453626346732,1.2263693065506232e-06,2.5499999999999998,,
160,0.0060000000000000001,301.15628370763409,301.15628239381516,1.313818927428656e-06,2.5499999999999998,,
160,0.0070000000000000001,301.15874905085445,301.15874767597523,1.3748792184742342e-06,2.5499999999999998,,
160,0.0080000000000000002,301.16218235008017,301.16218096727647,1.3828037026542006e-06,2.5499999999999998,,
160,0.0090000000000000011,301.16690773303685,301.16690642962516,1.3034116932431061e-06,2.5499999999999998,,
160,0.01,301.17333984243515,301.17333874737375,1.0950614068860887e-06,2.5499999999999998,,
160,0.010999999999999999,301.18199972913521,301.18199901893013,7.1020508585206699e-07,2.5499999999998613,,
160,0.012,301.19353010431274,301.19353000485239,9.9460351066227304e-08,2.5499999999716363,,
160,0.013000000000000001,301.20870813334892,301.20870891460817,-7.8125924574123928e-07,2.5499999965995017,,
160,0.014,301.22845359956506,301.22845556102118,-1.9614561210801185e-06,2.5499997633065572,,
160,0.014999999999999999,301.25383029885313,301.2538337461533,-3.4473001733204001e-06,2.5499904858922955,,
160,0.016,301.28603918249144,301.28604439875761,-5.2162661745569494e-06,2.5497792333165146,,
160,0.017000000000000001,301.32640312721486,301.32641034602756,-7.2188126978289802e-06,2.5470224122299419,,
160,0.018000000000000002,301.37634507137983,301.37635446060079,-9.3892209633850143e-06,2.5262193604902237,,
160,0.019,301.437363069828,301.43737473016859,-1.1660340589969564e-05,2.4331872066837779,,
160,0.02,301.51100684172724,301.51102083256364,-1.3990836407629104e-05,2.173929038783132,,
170,0,301.15231108840391,301.15230996333008,1.1250738225498935e-06,2.5499999999999998,,
170,0.001,301.15243229207732,301.15243115003074,1.1420465853007045e-06,2.5499999999999998,,
170,0.002,301.15280981085425,301.15280862744498,1.18340926746896e-06,2.5499999999999998,,
170,0.0030000000000000001,301.15348641522439,301.15348516782723,1.2473971651161264e-06,2.5499999999999998,,
170,0.0040000000000000001,301.15453688179815,301.15453555550653,1.3262916240819322e-06,2.5499999999999998,,
170,0.0050000000000000001,301.15607324453157,301.15607183624564,1.4082859252084745e-06,2.5499999999999998,,
170,0.0060000000000000001,301.15825214318096,301.15825066650899,1.4766719687031582e-06,2.5499999999999998,,
170,0.0070000000000000001,301.16128420020596,301.1612826912006,1.5090053580024687e-06,2.5499999999999998,,
170,0.0080000000000000002,301.16544524179091,301.16544376527855,1.4765123523829971e-06,2.5499999999999998,,
170,0.0090000000000000011,301.17108899301996,301.17108764888889,1.3441310784401139e-06,2.5499999999999998,,
170,0.01,301.1786606181584,301.1786595464859,1.0716725000747829e-06,2.549999999999998,,
170,0.010999999999999999,301.18871016274898,301.1887095461866,6.1656237448914908e-07,2.549999999999383,,
170,0.012,301.2019046365395,301.20190469818203,-6.1642538184969453e-08,2.5499999999047249,,
170,0.013000000000000001,301.21903724609757,301.21903824139963,-9.9530205943665351e-07,2.5499999911432192,,
170,0.014,301.24103226296666,301.24103446549429,-2.2025276393833337e-06,2.5499995083046132,,
170,0.014999999999999999,301.26894431246552,301.26894799488952,-3.6824239941779524e-06,2.5499837565989303,,
170,0.016,301.30395154316341,301.30395695644887,-5.41328546432851e-06,2.5496803500386096,,
170,0.017000000000000001,301.34734312225953,301.34735047774319,-7.3554836603761942e-06,2.5462236014597002,,
170,0.018000000000000002,301.40050259068505,301.40051204943205,-9.4587470016449515e-06,2.5227075979669671,,
170,0.019,301.46488948287453,301.46490115435677,-1.1671482241126796e-05,2.424834966343663,,
170,0.02,301.54202194365251,301.54203590650599,-1.3962853472548886e-05,2.1633710424675265,,
180,0,301.15323190610832,301.15323056223781,1.343870508208056e-06,2.5499999999999998,,
180,0.001,301.15338659858753,301.1533852387272,1.3598603345599258e-06,2.5499999999999998,,
180,0.002,301.15386670648093,301.1538653085488,1.3979321238366538e-06,2.5499999999999998,,
180,0.0030000000000000001,301.15472136683047,301.15471991134268,1.4554877907357877e-06,2.5499999999999998,,
180,0.0040000000000000001,301.15603594686934,301.15603442340819,1.5234611510095419e-06,2.5499999999999998,,
180,0.0050000000000000001,301.15793721375269,301.1579356254278,1.5883248920545157e-06,2.5499999999999998,,
180,0.0060000000000000001,301.16060046681156,301.16059883528743,1.6315241282427451e-06,2.5499999999999998,,
180,0.0070000000000000001,301.16425846483952,301.16425683579081,1.6290487110381946e-06,2.5499999999999998,,
180,0.0080000000000000002,301.16921185007277,301.1692102986338,1.5514389701820619e-06,2.5499999999999998,,
180,0.0090000000000000011,301.1758405923344,301.17583922779005,1.3645443459608941e-06,2.5499999999999998,,
180,0.01,301.18461576343947,301.18461473211141,1.031328054068581e-06,2.5499999999999874,,
180,0.010999999999999999,301.19611073437699,301.19611021952136,5.148556283529615e-07,2.5499999999976461,,
180,0.012,301.21101071747881,301.21101093514892,-2.1767010593976011e-07,2.5499999997174099,,
180,0.013000000000000001,301.23011951892011,301.23012070929582,-1.1903757126674464e-06,2.5499999790975614,,
180,0.014,301.25436248875877,301.25436490337199,-2.4146132204805326e-06,2.5499990525490457,,
180,0.014999999999999999,301.28478499587607,301.28478888223049,-3.8863544205014477e-06,2.5499737408915744,,
180,0.016,301.3225463003937,301.32255188639971,-5.5860060115264787e-06,2.5495540411000528,,
180,0.017000000000000001,301.36890936352029,301.36891684464553,-7.4811252375184267e-06,2.5453195599441409,,
180,0.018000000000000002,301.42522777754112,301.4252373091328,-9.5315916723848204e-06,2.5190663121841093,,
180,0.019,301.49293143931794,301.49294313579765,-1.1696479703005025e-05,2.4166215779304761,,
180,0.02,301.57351199719193,301.57352663558265,-1.4638390723575867e-05,2.153174639089285,,
190,0,301.15439384998268,301.15439227754729,1.5724353943369351e-06,2.5499999999999998,,
190,0.001,301.15458679097736,301.15458520495145,1.5860259168221091e-06,2.5499999999999998,,
190,0.002,301.15518373793378,301.15518211914684,1.6187869391615095e-06,2.5499999999999998,,
190,0.0030000000000000001,301.15624007918831,301.15623841252273,1.6666655824337795e-06,2.5499999999999998,,
190,0.0040000000000000001,301.15785148905809,301.15784976961453,1.7194435599776625e-06,2.5499999999999998,,
190,0.0050000000000000001,301.16015888359169,301.16015712131878,1.7622729160393646e-06,2.5499999999999998,,
190,0.0060000000000000001,301.16335516560611,301.16335339018201,1.7754240957401635e-06,2.5499999999999998,,
190,0.0070000000000000001,301.16769351817885,301.16769178389404,1.7342848082080309e-06,2.5499999999999998,,
190,0.0080000000000000002,301.1734968787888,301.17349526893872,1.6098500736916321e-06,2.5499999999999998,,
190,0.0090000000000000011,301.18116807570851,301.18116670579457,1.3699139458367426e-06,2.5499999999999998,,
190,0.01,301.19119995160378,301.19119897051331,9.8109046575700631e-07,2.5499999999999474,,
190,0.010999999999999999,301.20418466631378,301.20418425470945,4.1160433283948805e-07,2.549999999992107,,
190,0.012,301.22082129993652,301.22082166547074,-3.6553421978169354e-07,2.549999999246185,,
190,0.013000000000000001,301.2419209041239,301.24192227388079,-1.3697568874704302e-06,2.5499999546399645,,
190,0.014,301.26840826547925,301.26841087602958,-2.6105503252438211e-06,2.5499982874026799,,
190,0.014999999999999999,301.30131963796748,301.30132372027066,-4.0823031781656027e-06,2.5499594739031668,,
190,0.016,301.34179473385421,301.34180049600002,-5.7621458040557627e-06,2.549397154401837,,
190,0.017000000000000001,301.39105772775355,301.39106534790722,-7.620153667176055e-06,2.5443118727024729,,
190,0.018000000000000002,301.4503759723197,301.45038552611538,-9.5537956781299727e-06,2.5153127167415485,,
190,0.019,301.52098406397494,301.52099534437917,-1.1280404237368202e-05,2.4085458610624118,,
190,0.02,301.60397991785231,301.60399242444635,-1.2506594032402063e-05,2.1433099075956168,,
200,0,301.15582875462019,301.15582695039774,1.8042224496639392e-06,2.5499999999999998,,
200,0.001,301.15606458213358,301.15606276660714,1.8155264456254372e-06,2.5499999999999998,,
200,0.002,301.15679219971076,301.15679035854083,1.8411699329590192e-06,2.5499999999999998,,
200,0.0030000000000000001,301.15807297586377,301.15807109932314,1.8765406366583193e-06,2.5499999999999998,,
200,0.0040000000000000001,301.16001236412251,301.16001045350396,1.910618550482468e-06,2.5499999999999998,,
200,0.0050000000000000001,301.16276454274941,301.16276261499365,1.9277557612440432e-06,2.5499999999999998,,
200,0.0060000000000000001,301.16653865597874,301.16653674824647,1.9077322690463916e-06,2.5499999999999998,,
200,0.0070000000000000001,301.17160637277306,301.17160454667584,1.8260972183270496e-06,2.5499999999999998,,
200,0.0080000000000000002,301.17831036580054,301.17830871084396,1.6549565771128982e-06,2.5499999999999998,,
200,0.0090000000000000011,301.18707319365274,301.18707182934406,1.3643086731462972e-06,2.5499999999999994,,
200,0.01,301.19840595620138,301.19840503217864,9.2402274276537355e-07,2.5499999999998031,,
200,0.010999999999999999,301.21291599495845,301.21291568846141,3.0649704285679036e-07,2.5499999999763419,,
200,0.012,301.23131280782189,301.23131331841932,-5.1059743100267951e-07,2.5499999981644419,,
200,0.013000000000000001,301.25441115667644,301.25441269998635,-1.5433099065376155e-06,2.5499999084059852,,
200,0.014,301.28312990580662,301.28313270715108,-2.8013444648422592e-06,2.5499970694662069,,
200,0.014999999999999999,301.31848429827522,301.31848857894857,-4.2806733517863904e-06,2.5499398941816307,,
200,0.016,301.36156836317787,301.36157430663519,-5.9434573245198408e-06,2.549206847775928,,
200,0.017000000000000001,301.41352397737063,301.41353166940888,-7.6920382525713649e-06,2.5432029471909856,,
200,0.018000000000000002,301.47549550878563,301.47550487589797,-9.3671123408967105e-06,2.5114620876565499,,
200,0.019,301.5485749985765,301.54858581054293,-1.0811966433266207e-05,2.4006057346339942,,
200,0.02,301.63375072542772,301.63376269296288,-1.1967535158419196e-05,2.1337506553530892,,
210,0,301.15756727564758,301.15756524040972,2.0352378555799078e-06,2.5499999999999998,,
210,0.001,301.15785039643487,301.15784835270881,2.0437260559447168e-06,2.5499999999999998,,
210,0.002,301.15872178053235,301.15871971978805,2.0607442934306164e-06,2.5499999999999998,,
210,0.0030000000000000001,301.16024838683506,301.16024630548606,2.0813490095861198e-06,2.5499999999999998,,
210,0.0040000000000000001,301.16254474676981,301.16254265267662,2.0940931904078752e-06,2.5499999999999998,,
210,0.0050000000000000001,301.16577722424171,301.16577514122491,2.0830167954954959e-06,2.5499999999999998,,
210,0.0060000000000000001,301.17016969063843,301.17016766269506,2.0279433670111757e-06,2.5499999999999998,,
210,0.0070000000000000001,301.17601031076208,301.17600840568872,1.9050733612857584e-06,2.5499999999999998,,
210,0.0080000000000000002,301.18365903165932,301.183657343677,1.6879823192539334e-06,2.5499999999999998,,
210,0.0090000000000000011,301.19355525449288,301.19355390547912,1.3490137575900008e-06,2.5499999999999954,,
210,0.01,301.20622504345027,301.20622418257722,8.6087305817272863e-07,2.5499999999993403,,
210,0.010999999999999999,301.22228706623849,301.2222868679828,1.9825569097520201e-07,2.5499999999356486,,
210,0.012,301.24245623677541,301.24245689691691,-6.6014149524562526e-07,2.5499999958695785,,
210,0.013000000000000001,301.26754372310251,301.26754545095042,-1.7278479162996518e-06,2.5499998262139809,,
210,0.014,301.29845164580917,301.29845464874143,-3.0029322601876629e-06,2.5499952173545446,,
210,0.014999999999999999,301.3361606289684,301.33616508619087,-4.4572224737748911e-06,2.5499138660495553,,
210,0.016,301.38170876402108,301.38171479336,-6.0293389196885983e-06,2.5489806174715746,,
210,0.017000000000000001,301.43616193993768,301.43616956790737,-7.627969694112835e-06,2.5419958036678652,,
210,0.018000000000000002,301.50057798768603,301.50058713642898,-9.1487429472181248e-06,2.5075279563439379,,
210,0.019,301.57597009732586,301.57598060107296,-1.0503747091661353e-05,2.3927985162432921,,
210,0.02,301.66327717016009,301.66328882707626,-1.1656916171887133e-05,2.1244739038683269,,
220,0,301.15963824014034,301.15963597892056,2.2612197767557518e-06,2.5499999999999998,,
220,0.001,301.15997275053871,301.15997048404046,2.2664982566311664e-06,2.5499999999999998,,
220,0.002,301.16100003877841,301.16099776499146,2.2737869471711747e-06,2.5499999999999998,,
220,0.0030000000000000001,301.16279219034595,301.16278991232161,2.2780243398301536e-06,2.5499999999999998,,
220,0.0040000000000000001,301.16547201251848,301.16546974485016,2.2676683215649973e-06,2.5499999999999998,,
220,0.0050000000000000001,301.16921688024024,301.16921465338424,2.2268559973781521e-06,2.5499999999999998,,
220,0.0060000000000000001,301.17426381110789,301.17426167524445,2.1358634398893628e-06,2.5499999999999998,,
220,0.0070000000000000001,301.18091544818043,301.18091347638665,1.9717937789209827e-06,2.5499999999999998,,
220,0.0080000000000000002,301.1895465187506,301.18954480922446,1.7095261455324362e-06,2.5499999999999994,,
220,0.0090000000000000011,301.20061020980637,301.20060888685191,1.3229544606474519e-06,2.5499999999999838,,
220,0.01,301.2146437495843,301.21464296293112,7.8665317460036022e-07,2.5499999999980045,,
220,0.010999999999999999,301.23227230698683,301.23227222866365,7.8323182606254704e-08,2.5499999998391814,,
220,0.012,301.25421013300189,301.25421095050416,-8.1750226854637731e-07,2.5499999913232925,,
220,0.013000000000000001,301.28125772668386,301.28125963097062,-1.9042867620555626e-06,2.5499996876656046,,
220,0.014,301.31429382488318,301.31429699241613,-3.1675329523750406e-06,2.5499925098129372,,
220,0.014999999999999999,301.35426134652221,301.35426591700076,-4.5704785520683799e-06,2.5498802028416483,,
220,0.016,301.40214721173703,301.40215326639037,-6.0546533404703951e-06,2.548716308903288,,
220,0.017000000000000001,301.4589572222207,301.45896476907382,-7.5468531122169225e-06,2.5406939017946586,,
220,0.018000000000000002,301.52568871476728,301.52569768703694,-8.9722696543503844e-06,2.5035222978685701,,
220,0.019,301.60330501649753,301.60331528749748,-1.027099995098979e-05,2.3851211303902145,,
220,0.02,301.69271624573344,301.69272766655956,-1.1420826126595784e-05,2.1154594225105052,,
230,0,301.16206821426971,301.16206573567536,2.4785943537608546e-06,2.5499999999999998,,
230,0.001,301.16245785261577,301.16245537221039,2.4804053850857599e-06,2.5499999999999998,,
230,0.002,301.16365209333179,301.16364961607525,2.4772565438979655e-06,2.5499999999999998,,
230,0.0030000000000000001,301.16572764257768,301.16572517844179,2.4641358891130949e-06,2.5499999999999998,,
230,0.0040000000000000001,301.16881472135736,301.1688122917206,2.4296367655551876e-06,2.5499999999999998,,
230,0.0050000000000000001,301.17310047023506,301.17309811203182,2.3582032326885383e-06,2.5499999999999998,,
230,0.0060000000000000001,301.17883338587649,301.17883115521613,2.2306603568722494e-06,2.5499999999999998,,
230,0.0070000000000000001,301.18632844571289,301.18632642074175,2.0249711383257818e-06,2.5499999999999998,,
230,0.0080000000000000002,301.19597245877003,301.19597074145344,1.7173165929307288e-06,2.5499999999999994,,
230,0.0090000000000000011,301.20822905026608,301.20822776662033,1.2836457585763128e-06,2.5499999999999439,,
230,0.01,301.22364255034387,301.22364184846145,7.0188241352298064e-07,2.5499999999944833,,
230,0.010999999999999999,301.24283993178761,301.24283997684529,-4.5057674924464663e-08,2.5499999996268956,,
230,0.012,301.26652986625874,301.26653083177894,-9.6552020067974809e-07,2.5499999828390867,,
230,0.013000000000000001,301.29549800466918,301.29550005979178,-2.0551225929921202e-06,2.5499994646903117,,
230,0.014,301.33059780923747,301.33060110281781,-3.2935803346845205e-06,2.5499886851920048,,
230,0.014999999999999999,301.3727367341595,301.37274137800767,-4.6438481717814284e-06,2.5498376895550376,,
230,0.016,301.42285827623266,301.42286433100691,-6.054774246422312e-06,2.5484121141207958,,
230,0.017000000000000001,301.48192130799191,301.48192877560035,-7.4676084409475152e-06,2.5393010000924701,,
230,0.018000000000000002,301.55087896599252,301.55088779165857,-8.8256660433216894e-06,2.4994557063537823,,
230,0.019,301.63065992448679,301.63067000932921,-1.008484241538099e-05,2.3775702570702117,,
230,0.02,301.72215488149595,301.72216611271386,-1.1231217911245039e-05,2.1066892714122751,,
240,0,301.16488125006322,301.16487856554602,2.6845171987588401e-06,2.5499999999999998,,
240,0.001,301.16532936762547,301.16532668492505,2.6827004262486298e-06,2.5499999999999998,,
240,0.002,301.16670043648509,301.16669776781748,2.6686676051212999e-06,2.5499999999999998,,
240,0.0030000000000000001,301.16907524331384,301.16907260577898,2.6375348625151673e-06,2.5499999999999998,,
240,0.0040000000000000001,301.17259050327641,301.17258792514133,2.5781350814213511e-06,2.5499999999999998,,
240,0.0050000000000000001,301.17744179421987,301.1774393188781,2.4753417733336391e-06,2.5499999999999998,,
240,0.0060000000000000001,301.18388731424909,301.18388500353808,2.3107110109776841e-06,2.5499999999999998,,
240,0.0070000000000000001,301.19225210227023,301.19225003885344,2.0634167867683573e-06,2.5499999999999998,,
240,0.0080000000000000002,301.20293224716568,301.20293053557668,1.7115889932028949e-06,2.5499999999999985,,
240,0.0090000000000000011,301.21639849906711,301.21639726490776,1.2341593560449837e-06,2.5499999999998302,,
240,0.01,301.23319859986265,301.23319798660037,6.1326227296376601e-07,2.5499999999859089,,
240,0.010999999999999999,301.25395759461026,301.25395775750724,-1.6289698123728158e-07,2.5499999991893203,,
240,0.012,301.27937540639056,301.27937650341255,-1.0970219932460168e-06,2.5499999678146672,,
240,0.013000000000000001,301.31022109478442,301.31022327490064,-2.1801162120027584e-06,2.5499991201102676,,
240,0.014,301.34732350539235,301.3473268954757,-3.3900833500410954e-06,2.5499834422231373,,
240,0.014999999999999999,301.39155846151561,301.39156315386623,-4.6923506147322769e-06,2.549785103935132,,
240,0.016,301.44383321149093,301.44383925446982,-6.0429788959481812e-06,2.5480665596458834,,
240,0.017000000000000001,301.50506943394316,301.50507682811843,-7.3941752702921804e-06,2.5378210435316797,,
240,0.018000000000000002,301.57618658143809,301.57619528284761,-8.7014095129234192e-06,2.4953375548839731,,
240,0.019,301.65808756131247,301.65809749162491,-9.9303124443395063e-06,2.3701424401698739,,
240,0.02,301.751649950917,301.75165966716014,-9.716243141610903e-06,2.0981474519929924,,
250,0,301.16809870416228,301.16809583029385,2.8738684250129154e-06,2.5499999999999998,,
250,0.001,301.16860823915772,301.16860536848242,2.8706753028018284e-06,2.5499999999999998,,
250,0.002,301.17016476108773,301.17016191559003,2.8454977041292295e-06,2.5499999999999998,,
250,0.0030000000000000001,301.17285256261152,301.17284976669856,2.7959129624832713e-06,2.5499999999999998,,
250,0.0040000000000000001,301.17681387861819,301.17681116745348,2.7111647113997606e-06,2.5499999999999998,,
250,0.0050000000000000001,301.18225132834652,301.18224875154118,2.5768053433239402e-06,2.5499999999999998,,
250,0.0060000000000000001,301.18943097408959,301.18942859859379,2.3754957965138601e-06,2.5499999999999998,,
250,0.0070000000000000001,301.19868563527655,301.19868354715612,2.0881204250144947e-06,2.5499999999999998,,
250,0.0080000000000000002,301.21041799786229,301.21041630256707,1.6952952250903763e-06,2.5499999999999954,,
250,0.0090000000000000011,301.22510297541652,301.22510179612192,1.1792945997513016e-06,2.5499999999995242,,
250,0.01,301.24328872614859,301.24328819980872,5.2633987479566713e-07,2.5499999999664436,,
250,0.010999999999999999,301.26559573127537,301.26559600218894,-2.7091357424069429e-07,2.5499999983379951,,
250,0.012,301.29271342042085,301.29271463129885,-1.2108779969821626e-06,2.5499999424105502,,
250,0.013000000000000001,301.32539402503153,301.32539630579021,-2.2807586788076151e-06,2.5499986062969437,,
250,0.014,301.36444378290093,301.3644472384301,-3.4555291676952038e-06,2.5499764419482465,,
250,0.014999999999999999,301.41071299103822,301.41071768742358,-4.696385360603017e-06,2.5497212353604239,,
250,0.016,301.46509118990986,301.46509713626563,-5.9463557704475534e-06,2.5476784877598075,,
250,0.017000000000000001,301.52852677178686,301.5285339790459,-7.2072590455718455e-06,2.5362580747953491,,
250,0.018000000000000002,301.60211148433581,301.6021202599515,-8.7756156972318422e-06,2.4911761390450224,,
250,0.019,301.68727446341683,301.68728583177426,-1.1368357434093923e-05,2.3628341654828815,,
250,0.02,301.78606881385895,301.78608452663639,-1.5712777440057835e-05,2.0898191382375932,,
260,0,301.17173906498732,301.17173601539037,3.0495969554067415e-06,2.5499999999999998,,
260,0.001,301.17231251862768,301.172309476034,3.0425936756728333e-06,2.5499999999999998,,
260,0.002,301.17406179892373,301.17405879286844,3.0060552944632946e-06,2.5499999999999998,,
260,0.0030000000000000001,301.17707410696693,301.17707116909162,2.9378753083619813e-06,2.5499999999999998,,
260,0.0040000000000000001,301.18149619506499,301.18149336718267,2.8278823265281972e-06,2.5499999999999998,,
260,0.0050000000000000001,301.18753631471975,301.1875336521328,2.6625869509189215e-06,2.5499999999999998,,
260,0.0060000000000000001,301.19546658965601,301.19546416354711,2.4261088924504293e-06,2.5499999999999998,,
260,0.0070000000000000001,301.20562546954733,301.20562336812429,2.1014230355831387e-06,2.5499999999999994,,
260,0.0080000000000000002,301.21841984145283,301.21841816946124,1.6719915834073618e-06,2.5499999999999852,,
260,0.0090000000000000011,301.23432632506393,301.23432520129978,1.1237641501793405e-06,2.5499999999987621,,
260,0.01,301.25389128113062,301.25389083376695,4.4736367499353946e-07,2.5499999999249328,,
260,0.010999999999999999,301.27772918293897,301.27772954272507,-3.5978609957965091e-07,2.5499999967644964,,
260,0.012,301.30651939623129,301.30652068712044,-1.290889144911489e-06,2.5499999011805592,,
260,0.013000000000000001,301.34100242745751,301.341004753243,-2.3257854877556383e-06,2.5499978639832799,,
260,0.014,301.38197888359355,301.38198231399292,-3.4303993743378669e-06,2.5499673106105689,,
260,0.014999999999999999,301.43031813878099,301.43032271844169,-4.5796606968906417e-06,2.5496449011684663,,
260,0.016,301.48698819961629,301.4869940243824,-5.8247661058885569e-06,2.5472470336918924,,
260,0.017000000000000001,301.55312004869006,301.55312741814021,-7.3694501452337136e-06,2.5346161651839214,,
260,0.018000000000000002,301.63011298741225,301.6301225552449,-9.5678326488268794e-06,2.4869788044989751,,
260,0.019,301.71976860910212,301.71978138454091,-1.2775438790413318e-05,2.3556419128571733,,
260,0.02,301.82441573973705,301.82443290767498,-1.7167937926387822e-05,2.0816914837390708,,
270,0,301.17581782120442,301.17581461391643,3.2072879889710748e-06,2.5499999999999998,,
270,0.001,301.17645724524834,301.17645404874378,3.1965045650395041e-06,2.5499999999999998,,
270,0.002,301.17840523960496,301.1784020908587,3.1487462592849624e-06,2.5499999999999998,,
270,0.0030000000000000001,301.18175131686309,301.18174825450632,3.0623567681686836e-06,2.5499999999999998,,
270,0.0040000000000000001,301.18664576038469,301.18664283240577,2.9279789259817335e-06,2.5499999999999998,,
270,0.0050000000000000001,301.19330109962135,301.1932983662125,2.7334088485986285e-06,2.5499999999999998,,
270,0.0060000000000000001,301.20199384602046,301.20199138138003,2.4646404312989034e-06,2.5499999999999998,,
270,0.0070000000000000001,301.21306618531946,301.21306407811505,2.1072044091852149e-06,2.5499999999999994,,
270,0.0080000000000000002,301.22692728603141,301.22692563820959,1.6478218185511651e-06,2.5499999999999585,,
270,0.0090000000000000011,301.24405392282665,301.2440528463722,1.0764544526864483e-06,2.5499999999969858,,
270,0.01,301.26499030178468,301.26498991287485,3.889098252329859e-07,2.5499999998412033,,
270,0.010999999999999999,301.29034743567979,301.29034784598639,-4.103065975868958e-07,2.5499999939861606,,
270,0.012,301.32080330768423,301.32080461476198,-1.3070777526991151e-06,2.5499998366626366,,
270,0.013000000000000001,301.35710647523723,301.35710875919818,-2.2839609528091387e-06,2.5499968212785551,,
270,0.014,301.40008752377514,301.40009086348226,-3.3397071206309192e-06,2.5499556432921135,,
270,0.014999999999999999,301.45068416143306,301.4506886826789,-4.5212458417154266e-06,2.5495549603251262,,
270,0.016,301.50998540255642,301.50999135406209,-5.9515056705095049e-06,2.5467716005867373,,
270,0.017000000000000001,301.57929669993143,301.57930452748741,-7.8275559758367308e-06,2.5328993614986044,,
270,0.018000000000000002,301.66022052350411,301.66023089841354,-1.0374909436450253e-05,2.4827520597002124,,
270,0.019,301.75473749350948,301.75475126004841,-1.3766538927484362e-05,2.3485621881986298,,
270,0.02,301.86526594401124,301.8652840172702,-1.8073258956974314e-05,2.0737529715607002,,
280,0,301.18034743479922,301.18034408892356,3.3458756547588564e-06,2.5499999999999998,,
280,0.001,301.18105443823049,301.18105110676487,3.3314656207039661e-06,2.5499999999999998,,
280,0.002,301.18320578237638,301.18320250937023,3.2730061434449453e-06,2.5499999999999998,,
280,0.0030000000000000001,301.18689272500097,301.18688955554978,3.1694511903879174e-06,2.5499999999999998,,
280,0.0040000000000000001,301.19226816513367,301.19226515262238,3.0125112857604108e-06,2.5499999999999998,,
280,0.0050000000000000001,301.1995477041429,301.19954491255197,2.7915909299736086e-06,2.5499999999999998,,
280,0.0060000000000000001,301.20901086523139,301.20900837028262,2.4949487738012976e-06,2.5499999999999998,,
280,0.0070000000000000001,301.22100226605068,301.22100015482175,2.1112289232405601e-06,2.5499999999999985,,
280,0.0080000000000000002,301.23593259130001,301.23593095991208,1.6313879314111546e-06,2.549999999999891,,
280,0.0090000000000000011,301.25427939001185,301.25427833922464,1.0507872048037825e-06,2.549999999993084,,
280,0.01,301.2765880881139,301.27658771748099,3.7063290392325143e-07,2.5499999996805447,,
280,0.010999999999999999,301.30347420858379,301.303474611529,-4.0294520431416458e-07,2.5499999892770768,,
280,0.012,301.33562860658111,301.33562987106347,-1.264482364149444e-06,2.5499997389417062,,
280,0.013000000000000001,301.37382838418478,301.37383060504089,-2.2208561176739749e-06,2.5499953929221282,,
280,0.014,301.41895666715084,301.41895997449672,-3.3073458780563669e-06,2.5499410080867202,,
280,0.014999999999999999,301.47203404345902,301.47203864515774,-4.6016987198527204e-06,2.5494503244689093,,
280,0.016,301.53426263713379,301.53426886372375,-6.2265899600788543e-06,2.5462518336220761,,
280,0.017000000000000001,301.60708035420981,301.6070886877834,-8.3335735894252139e-06,2.5311116458981222,,
280,0.018000000000000002,301.69221837391507,301.69222944204495,-1.1068129879276967e-05,2.4785016749454973,,
280,0.019,301.79175088934579,301.79176541471475,-1.4525368953854922e-05,2.3415915599146238,,
280,0.02,301.90812429578955,301.90814302966771,-1.8733878164312046e-05,2.0659930574925558,,
290,0,301.1853374606664,301.18533399537131,3.4652950944291661e-06,2.5499999999999998,,
290,0.001,301.18611324228408,301.18610979472902,3.4475550592105719e-06,2.5499999999999998,,
290,0.002,301.18847136515353,301.18846798580842,3.379345116627519e-06,2.5499999999999998,,
290,0.0030000000000000001,301.19250434820361,301.19250108780386,3.2603997510705085e-06,2.5499999999999998,,
290,0.0040000000000000001,301.19836696853031,301.19836388471646,3.0838138513900049e-06,2.5499999999999998,,
290,0.0050000000000000001,301.20627704025242,301.20627419914268,2.8411097332536883e-06,2.5499999999999998,,
290,0.0060000000000000001,301.21651636193712,301.21651383841242,2.523524699427071e-06,2.5499999999999998,,
290,0.0070000000000000001,301.22943178418205,301.22942966067637,2.1235056806290231e-06,2.5499999999999967,,
290,0.0080000000000000002,301.24543648159181,301.24543484548872,1.6361030930056586e-06,2.5499999999997289,,
290,0.0090000000000000011,301.26501176548948,301.2650107058725,1.0596169772725261e-06,2.5499999999849612,,
290,0.01,301.28871015558309,301.28870976104304,3.9454005218431121e-07,2.5499999993858191,,
290,0.010999999999999999,301.31716090541869,301.31716126560889,-3.6019019944433239e-07,2.5499999815834711,,
290,0.012,301.35107963758259,301.35108085160346,-1.2140208696109767e-06,2.5499995951975833,,
290,0.013000000000000001,301.39128398976243,301.39128618350986,-2.1937474343758367e-06,2.5499934797942205,,
290,0.014,301.43871693597623,301.43872028786365,-3.3518874147375755e-06,2.5499229506065277,,
290,0.014999999999999999,301.49447848125328,301.49448325152571,-4.7702724259579554e-06,2.5493299664911397,,
290,0.016,301.55986464065722,301.55987119551452,-6.554857293394889e-06,2.5456875942940678,,
290,0.017000000000000001,301.63641020986364,301.63641902969488,-8.819831236905884e-06,2.5292569061502914,,
290,0.018000000000000002,301.72592937707975,301.72594103972312,-1.1662643373711035e-05,2.4742327691592463,,
290,0.019,301.83054653607735,301.83056167232223,-1.5136244883251493e-05,2.3347266846726153,,
290,0.02,301.95270954855118,301.95272879614674,-1.9247595560045738e-05,2.0584021174609068,,
300,0,301.19079489934524,301.19079133249062,3.5668546161105041e-06,2.5499999999999998,,
300,0.001,301.19164032788575,301.1916367815931,3.5462926462059841e-06,2.5499999999999998,,
300,0.002,301.19420771978065,301.19420424983463,3.4699460229603574e-06,2.5499999999999998,,
300,0.0030000000000000001,301.1985905411413,301.19858720255962,3.3385816777808941e-06,2.5499999999999998,,
300,0.0040000000000000001,301.2049450431636,301.20494189611838,3.1470452199755528e-06,2.5499999999999998,,
300,0.0050000000000000001,301.21349095916418,301.21348806986509,2.8892990826534515e-06,2.5499999999999998,,
300,0.0060000000000000001,301.22451249247001,301.22450993298145,2.5594885642021836e-06,2.5499999999999998,,
300,0.0070000000000000001,301.23835970572753,301.23835755286183,2.1528657043745625e-06,2.5499999999999901,,
300,0.0080000000000000002,301.25545058566439,301.25544891950909,1.666155299062666e-06,2.5499999999993643,,
300,0.0090000000000000011,301.27627429599232,301.27627319917843,1.0968138894895674e-06,2.5499999999688541,,
300,0.01,301.30139641818778,301.30139597751463,4.406731477502035e-07,2.5499999988666135,,
300,0.010999999999999999,301.33146724884011,301.3314675610572,-3.1221708240991575e-07,2.5499999694232827,,
300,0.012,301.3672343627444,301.3672355458184,-1.183074004984519e-06,2.5499993892518975,,
300,0.013000000000000001,301.40956052246065,301.40956273232194,-2.2098612930676609e-06,2.5499909686897855,,
300,0.014,301.45944748549641,301.45945093613682,-3.4506404062994989e-06,2.5499009986449765,,
300,0.014999999999999999,301.51806526567202,301.51807024807687,-4.9824048460322956e-06,2.5491929268705338,,
300,0.016,301.58678501437316,301.58679190805844,-6.8936852812839788e-06,2.5450789355544843,,
300,0.017000000000000001,301.66721214038591,301.66722141110404,-9.2707181238438352e-06,2.5273389141659348,,
300,0.018000000000000002,301.76121497486105,301.76122715402749,-1.2179166446912859e-05,2.4699498861643105,,
300,0.019,301.87094365970211,301.87095930527084,-1.5645568737454596e-05,2.3279643195781454,,
300,0.02,301.99883403762561,301.99885401491747,-1.9977291856321244e-05,2.0509713471018531,,
310,0,301.19672494380455,301.19672128762477,3.6561797855938494e-06,2.5499999999999998,,
310,0.001,301.19764070355029,301.19763707178572,3.6317645708550117e-06,2.5499999999999998,,
310,0.002,301.20041937921201,301.20041582962534,3.549586665485549e-06,2.5499999999999998,,
310,0.0030000000000000001,301.20515531154012,301.20515190175689,3.4097832326551725e-06,2.5499999999999998,,
310,0.0040000000000000001,301.21200624465212,301.21200303578104,3.2088710781863483e-06,2.5499999999999998,,
310,0.0050000000000000001,301.2211941487538,301.22119120590804,2.9428457537505892e-06,2.5499999999999998,,
310,0.0060000000000000001,301.23300652191313,301.23300391413369,2.6077794359480322e-06,2.5499999999999998,,
310,0.0070000000000000001,301.2477983955439,301.24779619548474,2.2000591570758843e-06,2.5499999999999758,,
310,0.0080000000000000002,301.26599541858832,301.26599370265927,1.7159290450763365e-06,2.5499999999985823,,
310,0.0090000000000000011,301.28809857285148,301.28809742283045,1.1500210348458495e-06,2.5499999999382861,,
310,0.01,301.31469123730028,301.31469074456533,4.927349550598592e-07,2.5499999979848891,,
310,0.010999999999999999,301.34644940907765,301.34644968241855,-2.7334090191288851e-07,2.5499999507704953,,
310,0.012,301.38415582232926,301.38415699975474,-1.1774254744523205e-06,2.5499991011279977,,
310,0.013000000000000001,301.42871839266132,301.42872065675959,-2.2640982706434443e-06,2.5499877323488813,,
310,0.014,301.48119271377124,301.48119630799914,-3.5942279055234394e-06,2.5498746668424208,,
310,0.014999999999999999,301.54280672819971,301.5428119688259,-5.2406261943360732e-06,2.5490383180170402,,
310,0.016,301.61498135695177,301.61498864094307,-7.2839912945710239e-06,2.5444260782697086,,
310,0.017000000000000001,301.69933027821401,301.69934004508332,-9.7668693115338101e-06,2.5253613110876794,,
310,0.018000000000000002,301.79760552294556,301.79761801583493,-1.2492889368331817e-05,2.4656570617240225,,
310,0.019,301.91155221660205,301.91156711162932,-1.4895027277361805e-05,2.3213013285292803,,
310,0.02,302.04268304764781,302.04269944617999,-1.6398532181938208e-05,2.0436927588636298,,
320,0,301.20313211204711,301.20312837709616,3.7349509511841461e-06,2.5499999999999998,,
320,0.001,301.20411888741739,301.20411517808992,3.7093274727340031e-06,2.5499999999999998,,
320,0.002,301.20711094430686,301.20710732047672,3.6238301390767447e-06,2.5499999999999998,,
320,0.0030000000000000001,301.21220366784956,301.21220018837505,3.479474514733738e-06,2.5499999999999998,,
320,0.0040000000000000001,301.21955669642387,301.21955342240688,3.2740169899625471e-06,2.5499999999999998,,
320,0.0050000000000000001,301.22939502691776,301.22939202220459,3.004713164500572e-06,2.5499999999999998,,
320,0.0060000000000000001,301.24201080198299,301.24200813355128,2.6684317049330275e-06,2.5499999999999994,,
320,0.0070000000000000001,301.2577660591794,301.25776379785651,2.2613228907175653e-06,2.5499999999999412,,
320,0.0080000000000000002,301.27709683664847,301.27709505883445,1.7778140204427473e-06,2.5499999999969876,,
320,0.0090000000000000011,301.30051913351605,301.30051792471761,1.2087984373465588e-06,2.5499999998825404,,
320,0.01,301.32863726941298,301.32863673023888,5.3917409559289808e-07,2.5499999965365676,,
320,0.010999999999999999,301.36215509271995,301.36215534758264,-2.5486269805696793e-07,2.5499999229255219,,
320,0.012,301.40189009295693,301.40189130175821,-1.2088012795175018e-06,2.5499987066368992,,
320,0.013000000000000001,301.44878948788619,301.44879186117913,-2.3732929435027472e-06,2.5499836297286458,,
320,0.014,301.50394535516,301.50394916841321,-3.81325321541226e-06,2.5498434612336864,,
320,0.014999999999999999,301.56860258315089,301.56860817003792,-5.5868870276754024e-06,2.5488653268889636,,
320,0.016,301.6441495227748,301.6441572111533,-7.6883785027348495e-06,2.5437293892559469,,
320,0.017000000000000001,301.73207945901828,301.73208944176082,-9.9827425401599612e-06,2.5233275975388749,,
320,0.018000000000000002,301.83391593637231,301.83392815118555,-1.2214813239097566e-05,2.46135788240549,,
320,0.019,301.9511094749825,301.95112358027677,-1.4105294269484148e-05,2.3147346860679847,,
320,0.02,302.08493282745189,302.08494830693303,-1.5479481135116657e-05,2.0365589120135077,,
330,0,301.21002147712409,301.2100176659946,3.8111294884402014e-06,2.5499999999999998,,
330,0.001,301.21108012265699,301.2110763376495,3.7850074932066491e-06,2.5499999999999998,,
330,0.002,301.21428823280479,301.21428453460419,3.6982006008656754e-06,2.5499999999999998,,
330,0.0030000000000000001,301.21974258661385,301.21973903437049,3.5522433563528466e-06,2.5499999999999998,,
330,0.0040000000000000001,301.22760537251708,301.227602027008,3.345509071550623e-06,2.5499999999999998,,
330,0.0050000000000000001,301.23810565877511,301.23810258315035,3.0756247610952414e-06,2.5499999999999998,,
330,0.0060000000000000001,301.2515417262519,301.25153898708624,2.7391656658437569e-06,2.5499999999999976,,
330,0.0070000000000000001,301.2682845407013,301.26828220977023,2.3309310677177564e-06,2.5499999999998657,,
330,0.0080000000000000002,301.28878269895301,301.28878085624063,1.8427123791298072e-06,2.549999999993867,,
330,0.0090000000000000011,301.31356917550897,301.31356791405898,1.2614499951268954e-06,2.5499999997845175,,
330,0.01,301.34327004591876,301.34326947922636,5.6669239256734727e-07,2.5499999942286018,,
330,0.010999999999999999,301.37861495347335,301.37861522572985,-2.7225650001128088e-07,2.5499998823733172,,
330,0.012,301.42044827700352,301.42044957446956,-1.2974660421605222e-06,2.5499981769996842,,
330,0.013000000000000001,301.46973866868933,301.4697412256682,-2.5569788704160601e-06,2.5499785064914571,,
330,0.014,301.52758300586055,301.52758709341219,-4.0875516447158589e-06,2.5498068835815064,,
330,0.014999999999999999,301.59519942048621,301.59520530700888,-5.8865226719717612e-06,2.548673216160283,,
330,0.016,301.67390401892959,301.67391190409091,-7.8851613238839491e-06,2.5429893610590075,,
330,0.017000000000000001,301.76506840417886,301.76507835038285,-9.9462039884201658e-06,2.5212411278824272,,
330,0.018000000000000002,301.87006064736863,301.87007254534933,-1.1897980698449828e-05,2.4570555371174505,,
330,0.019,301.99017965690791,301.99019324286655,-1.3585958640760509e-05,2.3082614798292802,,
330,0.02,302.12659874003396,302.12661367363103,-1.4933597071831173e-05,2.0295629266918822,,
340,0,301.21739965997176,301.21739577025335,3.8897184140296304e-06,2.5499999999999998,,
340,0.001,301.21853131620708,301.21852745264067,3.8635664054709196e-06,2.5499999999999998,,
340,0.002,301.22195904491616,301.22195526820303,3.7767131289001554e-06,2.5499999999999998,,
340,0.0030000000000000001,301.2277814589869,301.22777782817991,3.6308069866208825e-06,2.5499999999999998,,
340,0.0040000000000000001,301.236164051169,301.23616062697039,3.4241986099914357e-06,2.5499999999999998,,
340,0.0050000000000000001,301.2473410306975,301.24733787660529,3.1540922122985648e-06,2.5499999999999998,,
340,0.0060000000000000001,301.2616181384717,301.26161532255099,2.8159207090538985e-06,2.549999999999994,,
340,0.0070000000000000001,301.27937664192984,301.27937423965005,2.4022797902034654e-06,2.5499999999997098,,
340,0.0080000000000000002,301.3010786780045,301.30107677662448,1.9013800169886963e-06,2.549999999987997,,
340,0.0090000000000000011,301.32727396690478,301.32727267168752,1.2952172596669698e-06,2.5499999996177856,,
340,0.01,301.35860759920826,301.35860704100827,5.5819998578954255e-07,2.5499999906511785,,
340,0.010999999999999999,301.39582805393951,301.3958283961764,-3.4223688771817251e-07,2.5499998246318873,,
340,0.012,301.43979384439137,301.4397952853538,-1.4409624213840289e-06,2.5499974785170876,,
340,0.013000000000000001,301.49147634286686,301.49147910783506,-2.7649682010633114e-06,2.5499721956855823,,
340,0.014,301.5519557103662,301.55196002924095,-4.318874744058121e-06,2.5497644354260158,,
340,0.014999999999999999,301.62240691004729,301.62241298102805,-6.0709807598868792e-06,2.5484613241633278,,
340,0.016,301.70407397010382,301.70408191729257,-7.9471887488580251e-06,2.5422065934979279,,
340,0.017000000000000001,301.7982331565396,301.79824299607088,-9.8395312875254604e-06,2.5191051076276456,,
340,0.018000000000000002,301.90614912459739,301.90616075372458,-1.1629127186552068e-05,2.4527528623401493,,
340,0.019,302.02903138039949,302.02904459627825,-1.3215878766459355e-05,2.3018789084853166,,
340,0.02,302.1680000817824,302.16801463943358,-1.4557651184077258e-05,2.0226984593523141,,
350,0,301.2252753996957,301.22527142544192,3.9742537865095073e-06,2.5499999999999998,,
350,0.001,301.22648153948012,301.2264775912268,3.9482533225054794e-06,2.5499999999999998,,
350,0.002,301.23013345106716,301.23012958930093,3.8617662312390166e-06,2.5499999999999998,,
350,0.0030000000000000001,301.23633200952077,301.23632829334503,3.7161757404646778e-06,2.5499999999999998,,
350,0.0040000000000000001,301.24524668576913,301.24524317657119,3.5091979384560545e-06,2.5499999999999998,,
350,0.0050000000000000001,301.25711765419862,301.25711441740685,3.2367917697229132e-06,2.5499999999999998,,
350,0.0060000000000000001,301.27225888760131,301.27225599530738,2.892293935019552e-06,2.5499999999999874,,
350,0.0070000000000000001,301.29106230340631,301.29105983811331,2.4652929937474255e-06,2.549999999999395,,
350,0.0080000000000000002,301.31400291307824,301.31400097256358,1.9405146645112836e-06,2.5499999999773455,,
350,0.0090000000000000011,301.34164470311123,301.34164340583789,1.2972733429705841e-06,2.5499999993426927,,
350,0.01,301.37464662437816,301.37464611404664,5.1033151748924865e-07,2.5499999852447948,,
350,0.010999999999999999,301.41376760680498,301.41376805373346,-4.4692848177874112e-07,2.5499997440937241,,
350,0.012,301.45986903089494,301.45987062741159,-1.5965166539899656e-06,2.5499965722925486,,
350,0.013000000000000001,301.51391273551076,301.51391568308401,-2.947573250366986e-06,2.5499645185862021,,
350,0.014,301.5769526410923,301.57695712890194,-4.4878096332467976e-06,2.5497156218033523,,
350,0.014999999999999999,301.65011863299151,301.65012481069016,-6.1776986512995791e-06,2.5482290638471383,,
350,0.016,301.73459258223841,301.73460053309992,-7.9508615158374596e-06,2.541381776971154,,
350,0.017000000000000001,301.83157815891792,301.83158788161302,-9.7226950970252801e-06,2.5169225932261075,,
350,0.018000000000000002,301.94226801629287,301.94227942229168,-1.1405998805003037e-05,2.4484523818085755,,
350,0.019,302.06781337916306,302.06782630918173,-1.2930018669976562e-05,2.2955842788501135,,
350,0.02,302.20930144057894,302.20931570986892,-1.426928997716459e-05,2.0159596350995104,,
360,0,301.23365962208334,301.23365555598269,4.0661006437403557e-06,2.5499999999999998,,
360,0.001,301.23494201690528,301.23493797681942,4.0400858551947749e-06,2.5499999999999998,,
360,0.002,301.23882353596957,301.23881958263746,3.9533321114504361e-06,2.5499999999999998,,
360,0.0030000000000000001,301.24540761967455,301.24540381309026,3.8065842886680912e-06,2.5499999999999998,,
360,0.0040000000000000001,301.25486812375931,301.25486452736874,3.5963905702374177e-06,2.5499999999999998,,
360,0.0050000000000000001,301.26745152539775,301.26744820843101,3.3169667403853964e-06,2.5499999999999994,,
360,0.0060000000000000001,301.28348001825378,301.28347705881259,2.9594411898870021e-06,2.5499999999999718,,
360,0.0070000000000000001,301.30335541357704,301.30335290242272,2.5111543209277443e-06,2.5499999999987844,,
360,0.0080000000000000002,301.32756361586684,301.327561660475,1.955391837782372e-06,2.5499999999586431,,
360,0.0090000000000000011,301.35667921572798,301.35667794368686,1.27204111777246e-06,2.5499999989013231,,
360,0.01,301.3913694546556,301.39136901499239,4.3966321072730352e-07,2.5499999772621433,,
360,0.010999999999999999,301.43239651520037,301.43239707594813,-5.6074776466630283e-07,2.5499996338633211,,
360,0.012,301.48061686184155,301.48061860237186,-1.7405303083251056e-06,2.5499954140143775,,
360,0.013000000000000001,301.5369763183773,301.53697941594874,-3.0975714366832108e-06,2.5499552856672185,,
360,0.014,301.60249983252987,301.60250444406734,-4.6115374630062433e-06,2.5496599546032233,,
360,0.014999999999999999,301.67827551698758,301.67828175898137,-6.2419937876256881e-06,2.547975920945817,,
360,0.016,301.76543353948716,301.76544147054602,-7.9310588603220822e-06,2.5405156774593864,,
360,0.017000000000000001,301.86512160323224,301.8651312142664,-9.6110341587518633e-06,2.514696493687782,,
360,0.018000000000000002,301.97847983190815,301.97849104774781,-1.1215839663236693e-05,2.4441563413284886,,
360,0.019,302.10661851623274,302.1066312095611,-1.2693328358182043e-05,2.2893750034481033,,
360,0.02,302.25060241878748,302.25061613974117,-1.372095368878945e-05,2.0093409992436428,,
370,0,301.24256495056954,301.24256078724727,4.163322273598169e-06,2.5499999999999998,,
370,0.001,301.24392555584603,301.24392141869902,4.1371470160811441e-06,2.5499999999999998,,
370,0.002,301.24804259247566,301.24803854393406,4.0485415979674144e-06,2.5499999999999998,,
370,0.0030000000000000001,301.25502216053843,301.2550182627291,3.8978093357400212e-06,2.5499999999999998,,
370,0.0040000000000000001,301.26504253226983,301.26503885202408,3.6802457543672062e-06,2.5499999999999998,,
370,0.0050000000000000001,301.27835626589393,301.27835287737702,3.3885169159475481e-06,2.5499999999999989,,
370,0.0060000000000000001,301.29529304064306,301.29529002839593,3.0122471343929647e-06,2.5499999999999403,,
370,0.0070000000000000001,301.3162630153783,301.31626047750717,2.5378711256962561e-06,2.5499999999976457,,
370,0.0080000000000000002,301.34176036588406,301.34175841681002,1.9490740328365064e-06,2.5499999999267891,,
370,0.0090000000000000011,301.37236647009166,301.3723652419535,1.2281381600587338e-06,2.5499999982111516,,
370,0.01,301.40875201367805,301.40875165528956,3.5838849044012022e-07,2.5499999657248655,,
370,0.010999999999999999,301.4516771295842,301.45167780188848,-6.7230428157927236e-07,2.5499994855939296,,
370,0.012,301.50198862964129,301.50199049697449,-1.8673331965146645e-06,2.5499939537996155,,
370,0.013000000000000001,301.56061350555274,301.5606167226606,-3.217107860109536e-06,2.5499442976716886,,
370,0.014,301.62854823739559,301.62855293367033,-4.6962747433099139e-06,2.5495969555503946,,
370,0.014999999999999999,301.70684415915133,301.7068504261714,-6.2670200691172795e-06,2.5477014515431438,,
370,0.016,301.7965905268772,301.79659841592576,-7.8890485610827454e-06,2.5396091231508069,,
370,0.017000000000000001,301.89889965412277,301.89890917059421,-9.5164714366546832e-06,2.5124295735340212,,
370,0.018000000000000002,302.0149022318501,302.01491334295144,-1.1111101343885821e-05,2.439866739302381,,
370,0.019,302.14576176163899,302.14577449123806,-1.2729599063732167e-05,2.2832485977429733,,
370,0.02,302.29270762683882,302.29272215405075,-1.4527211931181228e-05,2.0028376098179703,,
380,0,301.25200475307497,301.25200049035431,4.262720665337838e-06,2.5499999999999998,,
380,0.001,301.25344554516403,301.2534413097535,4.2354105289632571e-06,2.5499999999999998,,
380,0.002,301.25780399690211,301.25779985376664,4.1431354702581302e-06,2.5499999999999998,,
380,0.0030000000000000001,301.26518873813666,301.26518475261651,3.9855201521277195e-06,2.5499999999999998,,
380,0.0040000000000000001,301.27578212700394,301.27577837012313,3.7568808011201327e-06,2.5499999999999998,,
380,0.0050000000000000001,301.28984211514842,301.28983866627715,3.4488712685742939e-06,2.5499999999999972,,
380,0.0060000000000000001,301.30770463945009,301.30770158898969,3.0504604069392371e-06,2.5499999999998773,,
380,0.0070000000000000001,301.32978627440787,301.32978372614286,2.5482650016783737e-06,2.5499999999955869,,
380,0.0080000000000000002,301.35658675330427,301.35658482582136,1.9274829128335114e-06,2.5499999998740357,,
380,0.0090000000000000011,301.38869083259402,301.38868965900656,1.1735874636542576e-06,2.5499999971572356,,
380,0.01,301.42676886179174,301.42676858705261,2.7473913633002667e-07,2.5499999493755334,,
380,0.010999999999999999,301.47157537604829,301.47157615149752,-7.7544922305605724e-07,2.5499992893273853,,
380,0.012,301.52394511528303,301.52394709042909,-1.97514606270488e-06,2.5499921361034024,,
380,0.013000000000000001,301.58478617925692,301.5847894903556,-3.3110986805695575e-06,2.5499313467577704,,
380,0.014,301.65507064854569,301.65507540453905,-4.7559933591401204e-06,2.5495261588059019,,
380,0.014999999999999999,301.73582397822804,301.73583025194739,-6.27371935024712e-06,2.5474052791481578,,
380,0.016,301.82811563486189,301.82812346982149,-7.8349596037696756e-06,2.5386629925382063,,
380,0.017000000000000001,301.93305417246683,301.93306360279882,-9.4303319997379731e-06,2.510124456793779,,
380,0.018000000000000002,302.05178920661848,302.05180028242546,-1.1075806980898051e-05,2.4355853536991372,,
380,0.019,302.18551994846678,302.18553274884954,-1.2800382762634399e-05,2.27720267778348,,
380,0.02,302.33550590999448,302.33552053840202,-1.4628407541295019e-05,1.9964447161456762,,
390,0,301.26199202220278,301.26198766278026,4.359422518973588e-06,2.5499999999999998,,
390,0.001,301.26351483774829,301.26351050734763,4.3304006567268516e-06,2.5499999999999998,,
390,0.002,301.26812011939762,301.26811588659086,4.2328067593189189e-06,2.5499999999999998,,
390,0.0030000000000000001,301.27591871556729,301.27591464973074,4.0658365492163284e-06,2.5499999999999998,,
390,0.0040000000000000001,301.28709647154272,301.28709264826949,3.8232732322285301e-06,2.5499999999999994,,
390,0.0050000000000000001,301.30191574710597,301.30191225069149,3.4964144788318663e-06,2.5499999999999945,,
390,0.0060000000000000001,301.32071726959691,301.32071419520406,3.07439285052169e-06,2.5499999999997569,,
390,0.0070000000000000001,301.34392203174923,301.34391948689603,2.5448532028349291e-06,2.5499999999919769,,
390,0.0080000000000000002,301.3720328483152,301.37203095319796,1.8951172364722879e-06,2.5499999997889069,,
390,0.0090000000000000011,301.40563510855503,301.40563399464912,1.1139059097331483e-06,2.549999995582755,,
390,0.01,301.44539623496502,301.44539604136492,1.9360010128366412e-07,2.5499999266248872,,
390,0.010999999999999999,301.49206342591214,301.49206429314,-8.6722786818427267e-07,2.549999033338068,,
390,0.012,301.54645946856635,301.54646153029165,-2.0617252971533162e-06,2.5499898996860955,,
390,0.013000000000000001,301.60947678778842,301.60948016199916,-3.3742107348189165e-06,2.5499162176824495,,
390,0.014,301.68207041617086,301.68207519900301,-4.7828321498855075e-06,2.5494471132104022,,
390,0.014999999999999999,301.76525109625823,301.76525736273248,-6.266474258609378e-06,2.5470870914971688,,
390,0.016,301.86008000809051,301.86008782001392,-7.8119234103724011e-06,2.5376782039426176,,
390,0.017000000000000001,301.96766635242705,301.96767576830661,-9.4158795604926127e-06,2.5077836315729574,,
390,0.018000000000000002,302.08916806308196,302.08917914530809,-1.1082226137659745e-05,2.431313765671566,,
390,0.019,302.22579449572652,302.22580731124373,-1.2815517209219252e-05,2.2712349587264802,,
390,0.02,302.37880865779772,302.37882328283644,-1.4625038716076233e-05,1.99015785329441,,
400,0,301.27253839890204,301.27253394983978,4.449062259936909e-06,2.5499999999999998,,
400,0.001,301.27414481335001,301.27414039544851,4.4179014935252781e-06,2.5499999999999998,,
400,0.002,301.27900151455452,301.27899720074345,4.3138110754625814e-06,2.5499999999999998,,
400,0.0030000000000000001,301.28722114532286,301.28721700946897,4.1358538851454796e-06,2.5499999999999998,,
400,0.0040000000000000001,301.29899229020123,301.29898841244761,3.8777536133238755e-06,2.5499999999999994,,
400,0.0050000000000000001,301.3145806050066,301.31457707396009,3.5310465023030702e-06,2.5499999999999878,,
400,0.0060000000000000001,301.33433011541456,301.33432702975932,3.0856552371005819e-06,2.5499999999995331,,
400,0.0070000000000000001,301.35866440748197,301.35866187668347,2.5307984969913377e-06,2.5499999999858218,,
400,0.0080000000000000002,301.38808737420322,301.38808551789521,1.8563080175226787e-06,2.5499999996547933,,
400,0.0090000000000000011,301.42318315997272,301.42318210565992,1.0543128041717864e-06,2.5499999932778379,,
400,0.01,301.46461498355347,301.46461486249234,1.2106113445042865e-07,2.5499998954952714,,
400,0.010999999999999999,301.51312264283268,301.51312358445193,-9.4161924835134414e-07,2.5499987039863137,,
400,0.012,301.56951871998763,301.56952084587255,-2.1258849187688611e-06,2.5499871776451135,,
400,0.013000000000000001,301.63468379107957,301.63468721004426,-3.4189646953564079e-06,2.549898689013447,,
400,0.014,301.70956123190575,301.70956603780428,-4.8058985271381971e-06,2.5493593841655287,,
400,0.014999999999999999,301.79515239323081,301.79515866640742,-6.273176609283837e-06,2.5467466370816898,,
400,0.016,301.89251287406438,301.89252068541629,-7.8113519066391746e-06,2.5366557062619024,,
400,0.017000000000000001,302.00275028083581,302.00275969614017,-9.4153043619371601e-06,2.5054094551953083,,
400,0.018000000000000002,302.12702327078136,302.12703435307969,-1.1082298328801699e-05,2.4270533806292134,,
400,0.019,302.2665410288368,302.26655383708453,-1.2808247731754818e-05,2.2653432487866163,,
400,0.02,302.42256189189504,302.42257648942115,-1.459752610344367e-05,1.983972868567397,,
410,0,301.28365351321474,301.28364898507903,4.5281357188287075e-06,2.5499999999999998,,
410,0.001,301.28534477149003,301.28534027688039,4.4946096409148595e-06,2.5499999999999998,,
410,0.002,301.29045647223955,301.2904520887987,4.3834408529619395e-06,2.5499999999999998,,
410,0.0030000000000000001,301.29910258537751,301.29909839155039,4.193827123799565e-06,2.5499999999999998,,
410,0.0040000000000000001,301.31147365156806,301.31146973172582,3.9198422427944024e-06,2.5499999999999989,,
410,0.0050000000000000001,301.32783753542083,301.32783398166418,3.553756641849759e-06,2.549999999999975,,
410,0.0060000000000000001,301.34854022021221,301.34853713343216,3.0867800546729995e-06,2.5499999999991294,,
410,0.0070000000000000001,301.37400640790543,301.37400389783392,2.5100715106418647e-06,2.5499999999755953,,
410,0.0080000000000000002,301.40473966095504,301.40473784496811,1.8159869341616286e-06,2.549999999448163,,
410,0.0090000000000000011,301.44132183526619,301.44132083584861,9.9941757980559487e-07,2.5499999899665391,,
410,0.01,301.48441161829555,301.48441155935211,5.8943442127201706e-08,2.5499998535606072,,
410,0.010999999999999999,301.53474210631759,301.53474310887719,-1.002559599783126e-06,2.5499982855821135,,
410,0.012,301.59311751839869,301.59311969655215,-2.1781534655929136e-06,2.5499838975020936,,
410,0.013000000000000001,301.66040931882173,301.66041277680097,-3.4579792327349423e-06,2.5498785343388053,,
410,0.014,301.73755215270933,301.73755698377494,-4.8310656097783067e-06,2.5492625551861052,,
410,0.014999999999999999,301.82554003332513,301.82554632050295,-6.2871778254702804e-06,2.5463837215658627,,
410,0.016,301.92542311228249,301.92543093018332,-7.8179008369261282e-06,2.5355964708848036,,
410,0.017000000000000001,302.0383051164589,302.03831453295857,-9.4164996653489652e-06,2.503004159585771,,
410,0.018000000000000002,302.16534120716562,302.16535228375392,-1.1076588293690293e-05,2.4228054468669677,,
410,0.019,302.30773571654873,302.30774850658753,-1.2790038795174041e-05,2.2595254435385588,,
410,0.02,302.46673906389077,302.46675362276528,-1.4558874511294562e-05,1.9778858743340804,,
420,0,301.29534467839312,301.29534008397627,4.5944168505229754e-06,2.5499999999999998,,
420,0.001,301.29712167650814,301.29711711801201,4.5584961299027782e-06,2.5499999999999998,,
420,0.002,301.30249091307047,301.30248647282696,4.4402435150914243e-06,2.5499999999999998,,
420,0.0030000000000000001,301.31156723604761,301.3115629968359,4.2392117052258982e-06,2.5499999999999998,,
420,0.0040000000000000001,301.3245424185032,301.32453846836046,3.9501427409049938e-06,2.5499999999999985,,
420,0.0050000000000000001,301.34168558473357,301.34168201835809,3.5663754829329264e-06,2.5499999999999505,,
420,0.0060000000000000001,301.36334359038148,301.36334050975017,3.0806313020548259e-06,2.5499999999984237,,
420,0.0070000000000000001,301.38994117131034,301.38993868534573,2.4859646146069281e-06,2.5499999999590117,,
420,0.0080000000000000002,301.42198066833214,301.42197889153448,1.776797660113516e-06,2.5499999991363347,,
420,0.0090000000000000011,301.46004116149464,301.46004021161468,9.498799613538722e-07,2.5499999852919224,,
420,0.01,301.5047769107681,301.50477690579925,4.968853772879811e-09,2.5499997978837254,,
420,0.010999999999999999,301.55691509401294,301.55691614897125,-1.0549583180363697e-06,2.5499977602618111,,
420,0.012,301.61725294187369,301.61725516593162,-2.2240579369281477e-06,2.5499799813429682,,
420,0.013000000000000001,301.68665446648225,301.68665796095411,-3.4944718549922982e-06,2.5498555234590232,,
420,0.014,301.76604703529222,301.76605189271834,-4.8574261199973989e-06,2.5491562291427545,,
420,0.014999999999999999,301.85641802640959,301.85642433061594,-6.3042063516149938e-06,2.5459982041447122,,
420,0.016,301.95881170735089,301.95881953398037,-7.8266294849527185e-06,2.534501484640828,,
420,0.017000000000000001,302.07432632078934,302.07433573759727,-9.4168079272094474e-06,2.5005698568078625,,
420,0.018000000000000002,302.20411118094455,302.20412224722082,-1.1066276272231335e-05,2.4185710720298079,,
420,0.019,302.34936344086822,302.34937620651675,-1.2765648534696084e-05,2.2537795221408188,,
420,0.02,302.51132300963161,302.51133866076952,-1.5651137914574065e-05,1.97189322246155,,
430,0,301.30761690617413,301.30761225790502,4.6482691118399089e-06,2.5499999999999998,,
430,0.001,301.3094802151939,301.30947560630312,4.6088907765806653e-06,2.5499999999999998,,
430,0.002,301.31510856740789,301.31510408340165,4.4840062400908209e-06,2.5499999999999998,,
430,0.0030000000000000001,301.32461730047191,301.32461302796406,4.2725078515104542e-06,2.5499999999999998,,
430,0.0040000000000000001,301.33819881324149,301.33819484328268,3.9699588114672224e-06,2.5499999999999972,,
430,0.0050000000000000001,301.35612273037583,301.35611915950426,3.5708715699911409e-06,2.5499999999999061,,
430,0.0060000000000000001,301.37873596477817,301.37873289534645,3.0694317274537752e-06,2.5499999999972176,,
430,0.0070000000000000001,301.40646254055298,301.40646008024214,2.4603108386145323e-06,2.5499999999327163,,
430,0.0080000000000000002,301.43980304056146,301.43980130108486,1.7394766018696828e-06,2.5499999986747426,,
430,0.0090000000000000011,301.47933356984282,301.47933266496915,9.0487367288005771e-07,2.5499999787992431,,
430,0.01,301.52570417686013,301.52570422001907,-4.3158934204257093e-08,2.5499997249518178,,
430,0.010999999999999999,301.57963674072806,301.57963784257691,-1.1018488521585823e-06,2.5499971078794776,,
430,0.012,301.64192239966025,301.64192466614918,-2.2664889343104733e-06,2.5499753460058816,,
430,0.013000000000000001,301.71341863821664,301.71342216988177,-3.5316651292305323e-06,2.5498294235470076,,
430,0.014,301.79504608871446,301.79505098085917,-4.8921447159955278e-06,2.549040029221322,,
430,0.014999999999999999,301.88778456899956,301.88779090950231,-6.3405027503904421e-06,2.5455899939027922,,
430,0.016,301.99266557336063,301.99267344326677,-7.8699061418774363e-06,2.5333717436780812,,
430,0.017000000000000001,302.11075189087927,302.11076135575433,-9.4648750632586598e-06,2.4981085446500346,,
430,0.018000000000000002,302.24308438177229,302.24309534793611,-1.0966163813463936e-05,2.4143512376593304,,
430,0.019,302.39057370558277,302.39058566026114,-1.1954678370784677e-05,2.2481035439518791,,
430,0.02,302.55384589690681,302.55385794883074,-1.2051923931721831e-05,1.9659915728559216,,
440,0,301.32047316207115,301.32046847452801,4.6875431394255429e-06,2.5499999999999998,,
440,0.001,301.32242307850771,301.32241843233805,4.6461696570077038e-06,2.5499999999999998,,
440,0.002,301.32831132819695,301.32830681272333,4.515473619903787e-06,2.5499999999999998,,
440,0.0030000000000000001,301.33825342849445,301.33824913362452,4.2948699388034584e-06,2.5499999999999998,,
440,0.0040000000000000001,301.35244193110259,301.35243795033585,3.9807667349123221e-06,2.549999999999994,,
440,0.0050000000000000001,301.37114638944468,301.37114282065437,3.5687903050529712e-06,2.5499999999998257,,
440,0.0060000000000000001,301.39471318870073,301.39471013429289,3.0544078413186071e-06,2.5499999999952094,,
440,0.0070000000000000001,301.42356513998453,301.4235627064071,2.4335774355677131e-06,2.5499999998918885,,
440,0.0080000000000000002,301.45820074389286,301.45819904056827,1.7033245853781409e-06,2.5499999980036399,,
440,0.0090000000000000011,301.49919304881939,301.49919218667844,8.6214095063041896e-07,2.5499999699172351,,
440,0.01,301.54718805604205,301.54718814581906,-8.9777017819869798e-08,2.5499996306108836,,
440,0.010999999999999999,301.60290262531669,301.60290377562228,-1.1503055930006667e-06,2.5499963059146258,,
440,0.012,301.66712172762544,301.66712404331986,-2.3156944166657922e-06,2.5499699033123258,,
440,0.013000000000000001,301.74069449273549,301.74069807584084,-3.5831053537549451e-06,2.5498000002641561,,
440,0.014,301.82452751885342,301.82453247215517,-4.9533017545400071e-06,2.5489135996227636,,
440,0.014999999999999999,301.91957213062909,301.91957855195761,-6.4213285213554627e-06,2.5451590462134703,,
440,0.016,302.02680009029143,302.0268080312801,-7.9409886666326202e-06,2.5322082481693293,,
440,0.017000000000000001,302.14716142876944,302.14717080323271,-9.3744632749803714e-06,2.4956221121946252,,
440,0.018000000000000002,302.28152148727975,302.28153198893625,-1.050165650440249e-05,2.410146812110245,,
440,0.019,302.4305838673028,302.43059499488572,-1.1127582922654256e-05,2.2424956457332841,,
440,0.02,302.59481885293656,302.59483002640332,-1.1173466759828443e-05,1.9601776843180601,,
450,0,301.33391474110795,301.33391002652718,4.7145807684501051e-06,2.5499999999999998,,
450,0.001,301.33595134588018,301.3359466743741,4.6715060761925997e-06,2.5499999999999998,,
450,0.002,301.34209965391364,301.34209511804045,4.5358731881606218e-06,2.5499999999999998,,
450,0.0030000000000000001,301.35247512849423,301.35247082091223,4.3075820030935574e-06,2.5499999999999994,,
450,0.0040000000000000001,301.36727012309012,301.36726613929727,3.9837928511587961e-06,2.5499999999999896,,
450,0.0050000000000000001,301.3867537049137,301.3867501438524,3.5610613053904672e-06,2.5499999999996854,,
450,0.0060000000000000001,301.41127131697334,301.41126828114449,3.0358288540810463e-06,2.5499999999919396,,
450,0.0070000000000000001,301.44124420397105,301.44124179904469,2.4049263629422057e-06,2.5499999998297294,,
450,0.0080000000000000002,301.4771685188943,301.47716685287457,1.666019727508683e-06,2.5499999970441922,,
450,0.0090000000000000011,301.51961400735206,301.51961318950754,8.1784452277133823e-07,2.5499999579375641,,
450,0.01,301.56922209950613,301.56922223954012,-1.4003398973727599e-07,2.5499995099999158,,
450,0.010999999999999999,301.62670306145253,301.62670426941287,-1.207960337978875e-06,2.5499953293965993,,
450,0.012,301.69283148578825,301.69283387220327,-2.3864150193730893e-06,2.5499635603338504,,
450,0.013000000000000001,301.76843877975443,301.76844245264192,-3.6728874874825124e-06,2.5497670188209343,,
450,0.014,301.85440051909598,301.85440557105824,-5.051962261859444e-06,2.548776606036073,,
450,0.014999999999999999,301.95161593003394,301.95162240976373,-6.47972979095357e-06,2.5447053592354716,,
450,0.016,302.06097701752498,302.06098488786984,-7.870344859384204e-06,2.5310119977629952,,
450,0.017000000000000001,302.18332673322357,302.18333583064748,-9.0974239128627232e-06,2.4931123452638491,,
450,0.018000000000000002,302.31940932949817,302.31941935186234,-1.0022364165251929e-05,2.4059585620160528,,
450,0.019,302.46982080659643,302.46983134442399,-1.053782756343935e-05,2.2369540396220624,,
450,0.02,302.63497096695193,302.63498157457565,-1.0607623721625714e-05,1.9544484825388142,,
460,0,301.34794165791027,301.34793692720706,4.7307032104981772e-06,2.5499999999999998,,
460,0.001,301.35006487087406,301.35006018467135,4.6862027147653862e-06,2.5499999999999998,,
460,0.002,301.35647293659815,301.35646839016647,4.5464316826837603e-06,2.5499999999999998,,
460,0.0030000000000000001,301.36728109246673,301.36727678078341,4.3116833126077836e-06,2.5499999999999994,,
460,0.0040000000000000001,301.3826812344098,301.38267725469638,3.9797134263608314e-06,2.5499999999999807,,
460,0.0050000000000000001,301.40294162783977,301.40293808005953,3.5477802384775714e-06,2.5499999999994447,,
460,0.0060000000000000001,301.42840642211627,301.42840340911869,3.012997581208765e-06,2.5499999999867238,,
460,0.0070000000000000001,301.45949488325158,301.45949251063922,2.3726123572487268e-06,2.5499999997368157,,
460,0.0080000000000000002,301.49670021324005,301.4966985891063,1.6241337448263948e-06,2.5499999956938999,,
460,0.0090000000000000011,301.54058773714286,301.54058697182541,7.6531745207830681e-07,2.5499999419925663,,
460,0.01,301.59179207999091,301.59179228567814,-2.0568722902680747e-07,2.5499993574858286,,
460,0.010999999999999999,301.65101269902459,301.65101398826795,-1.289243357405212e-06,2.5499941508471449,,
460,0.012,301.71900679023787,301.71900927129479,-2.4810569243527425e-06,2.549956219691274,,
460,0.013000000000000001,301.79657823224829,301.79658199841083,-3.7661625356122386e-06,2.5497302449772752,,
460,0.014,301.88456105047254,301.88456616149591,-5.1110233698636875e-06,2.5486287359018007,,
460,0.014999999999999999,301.98379615632513,301.98380261353958,-6.4572144538033172e-06,2.5442289705078034,,
460,0.016,302.09510110714126,302.0951088282136,-7.7210723361531564e-06,2.5297839876854815,,
460,0.017000000000000001,302.21923441675222,302.21924321985074,-8.8030985239129222e-06,2.4905809317548839,,
460,0.018000000000000002,302.35685822392793,302.35686783153767,-9.6076097406694316e-06,2.4017871625781644,,
460,0.019,302.50850517200382,302.50851523797405,-1.0065970229788945e-05,2.2314770083117446,,
460,0.02,302.67455621313331,302.67456637670392,-1.0163570607346628e-05,1.9488010822420698,,
470,0,301.36255297785374,301.36254824072853,4.7371252094308147e-06,2.5499999999999998,,
470,0.001,301.36476259860211,301.36475790718214,4.6914199742786877e-06,2.5499999999999998,,
470,0.002,301.37142977319269,301.37142522505559,4.5481370989364223e-06,2.5499999999999998,,
470,0.0030000000000000001,301.38266937257282,301.38266506472922,4.3078435965071549e-06,2.5499999999999989,,
470,0.0040000000000000001,301.3986726039422,301.39866863527726,3.9686649415671127e-06,2.5499999999999639,,
470,0.0050000000000000001,301.41970659695045,301.41970306876021,3.5281902341921523e-06,2.5499999999990437,,
470,0.0060000000000000001,301.44611371866563,301.44611073500528,2.9836603516741889e-06,2.5499999999785712,,
470,0.0070000000000000001,301.4783104867721,301.47830815463544,2.3321366597883753e-06,2.5499999996003049,,
470,0.0080000000000000002,301.51678586840461,301.5167842976532,1.5707514080531837e-06,2.5499999938213249,,
470,0.0090000000000000011,301.56209862867604,301.56209793139124,6.9728480411868077e-07,2.549999921031382,,
470,0.01,301.61487322323444,301.61487351176532,-2.8853088451796793e-07,2.5499991665997981,,
470,0.010999999999999999,301.67579352931386,301.67579491187888,-1.3825650171384041e-06,2.5499927402407621,,
470,0.012,301.74559353210725,301.74559610465673,-2.5725494765538315e-06,2.5499477798789747,,
470,0.013000000000000001,301.82504402419437,301.8250478577462,-3.833551829757198e-06,2.5496894459760044,,
470,0.014,301.91493456333177,301.91493968745664,-5.124124868416402e-06,2.5484696984968798,,
470,0.014999999999999999,302.01605048647968,302.01605687161816,-6.385138476616703e-06,2.5437299536819089,,
470,0.016,302.12914573436711,302.12915327753689,-7.5431697723615798e-06,2.5285252054258494,,
470,0.017000000000000001,302.25491349029494,302.25492200993642,-8.51964148296247e-06,2.4880294667924461,,
470,0.018000000000000002,302.39395789036564,302.39396713487236,-9.2445067139124149e-06,2.3976332067734329,,
470,0.019,302.54677089935814,302.54678057043242,-9.6710742809591466e-06,2.2260629005508745,,
470,0.02,302.71371845703356,302.71372825304371,-9.7960101470562222e-06,1.9432327591709126,,
480,0,301.37774701423245,301.37774227954674,4.7346857172669843e-06,2.5499999999999998,,
480,0.001,301.38004273475548,301.38003804687236,4.6878831199137494e-06,2.5499999999999998,,
480,0.002,301.38696804278777,301.38696350143647,4.5413513021230756e-06,2.5499999999999998,,
480,0.0030000000000000001,301.39863728183781,301.39863298608839,4.2957494201800728e-06,2.549999999999998,,
480,0.0040000000000000001,301.41524067515223,301.41523672585919,3.9492930454798625e-06,2.5499999999999354,,
480,0.0050000000000000001,301.4370437334768,301.4370402338709,3.4996058957403875e-06,2.5499999999983882,,
480,0.0060000000000000001,301.46438627405036,301.46438333012628,2.9439240734063787e-06,2.549999999966063,,
480,0.0070000000000000001,301.49768086890833,301.49767858946973,2.2794386040914105e-06,2.5499999994029481,,
480,0.0080000000000000002,301.53741044675184,301.53740894281185,1.5039399841043632e-06,2.5499999912600679,,
480,0.0090000000000000011,301.58412465684938,301.58412403988012,6.1696925968135474e-07,2.549999893794646,,
480,0.01,301.63843447913194,301.63843485747071,-3.7833876831427915e-07,2.5499989299758505,,
480,0.010999999999999999,301.70100446400033,301.70100593669525,-1.4726949189025618e-06,2.5499910649830797,,
480,0.012,301.7725419612126,301.77254460887048,-2.6476578796064132e-06,2.5499381356096418,,
480,0.013000000000000001,301.85378281616192,301.85378668907146,-3.8729095308553951e-06,2.5496443914065932,,
480,0.014,301.94547333531466,301.94547844019843,-5.1048837690359505e-06,2.5482992248613674,,
480,0.014999999999999999,302.04834887681744,302.04835516472792,-6.2879104802959773e-06,2.5432084153976344,,
480,0.016,302.16311016632977,302.16311752502673,-7.3586969620009768e-06,2.5272366279320115,,
480,0.017000000000000001,302.29039924520788,302.29040749937013,-8.2541622532517067e-06,2.4854594576959008,,
480,0.018000000000000002,302.43077762638256,302.43078654788565,-8.921503081182891e-06,2.3934972135643058,,
480,0.019,302.58470953370949,302.58471886202216,-9.3283126716414699e-06,2.2207101280291459,,
480,0.02,302.75255312974787,302.75256233162207,-9.2018742066102277e-06,1.9377409360056865,,
490,0,301.3935212919954,301.39351657067698,4.7213184188876767e-06,2.5499999999999998,,
490,0.001,301.39590267038727,301.39589799536765,4.6750196247558051e-06,2.5499999999999998,,
490,0.002,301.40308471489487,301.40308018977606,4.5251188112160889e-06,2.5499999999999998,,
490,0.0030000000000000001,301.41518101556574,301.41517674172059,4.2738451497825736e-06,2.5499999999999967,,
490,0.0040000000000000001,301.43238039313513,301.43237647368056,3.9194545706777717e-06,2.5499999999998875,,
490,0.0050000000000000001,301.45494606414724,301.45494260447003,3.4596772024997335e-06,2.5499999999973371,,
490,0.0060000000000000001,301.48321427790006,301.48321138582497,2.8920750878569379e-06,2.5499999999472043,,
490,0.0070000000000000001,301.51759221004738,301.51758999541948,2.2146278979562339e-06,2.5499999991219249,,
490,0.0080000000000000002,301.55855481350176,301.55855338682011,1.4266816492636281e-06,2.5499999878019932,,
490,0.0090000000000000011,301.60664024279254,301.60663971243349,5.3035904556963942e-07,2.5499998587879746,,
490,0.01,301.6624434028156,301.66244387037898,-4.6756338178965962e-07,2.5499986392924501,,
490,0.010999999999999999,301.72660715768023,301.72660871112998,-1.5534497492808441e-06,2.5499890899068793,,
490,0.012,301.79981080891514,301.79981351346675,-2.704551604892913e-06,2.5499271781739292,,
490,0.013000000000000001,301.88275566115863,301.88275954833023,-3.8871716014909907e-06,2.5495948539966609,,
490,0.014,301.97614794307327,301.97615299971096,-5.0566376899041643e-06,2.5481170675894469,,
490,0.014999999999999999,302.08068051533854,302.08068667351142,-6.1581728800774727e-06,2.5426644923160864,,
490,0.016,302.19701837230991,302.19702549588862,-7.1235787117984728e-06,2.525919219259332,,
490,0.017000000000000001,302.32580219960033,302.32581012731941,-7.9277190820903343e-06,2.4828723287416068,,
490,0.018000000000000002,302.46769910372643,302.4677078659517,-8.7622252635810582e-06,2.389379635200251,,
490,0.019,302.62353254590892,302.6235426748691,-1.0128960184374591e-05,2.2154171626447257,,
490,0.02,302.79448060440819,302.79449314222438,-1.2537816189706064e-05,1.9323233956179346,,
500,0,301.40987227490064,301.40986757553941,4.6993612272672181e-06,2.5499999999999998,,
500,0.001,301.41233868300799,301.41233403119287,4.6518151179952838e-06,2.5499999999999998,,
500,0.002,301.41977548336467,301.41977098517322,4.4981914584241167e-06,2.5499999999999998,,
500,0.0030000000000000001,301.43229521279994,301.43229097203118,4.2407687601553334e-06,2.5499999999999927,,
500,0.0040000000000000001,301.4500847544976,301.45008087654054,3.8779570559199783e-06,2.5499999999998053,,
500,0.0050000000000000001,301.47340421558215,301.47340080772716,3.4078549902005761e-06,2.5499999999956859,,
500,0.0060000000000000001,301.50258513910728,301.50258231033428,2.8287730060583272e-06,2.5499999999192378,,
500,0.0070000000000000001,301.53802782784078,301.53802568781799,2.1400227865342458e-06,2.5499999987274324,,
500,0.0080000000000000002,301.58019749362131,301.58019615054667,1.3430746435005858e-06,2.5499999831896787,,
500,0.0090000000000000011,301.62961890027128,301.62961845717564,4.4309564373179455e-07,2.5499998142544222,,
500,0.01,301.68686916694077,301.68686971626641,-5.4932564808041207e-07,2.5499982852177121,,
500,0.010999999999999999,301.75256849798154,301.7525701146256,-1.6166440559572948e-06,2.5499867772852469,,
500,0.012,301.82736892758544,301.8273716602892,-2.7327037628310791e-06,2.5499147958105945,,
500,0.013000000000000001,301.91194196085286,301.91194582055942,-3.8597065668000141e-06,2.5495406103313836,,
500,0.014,302.00696763923662,302.00697258613582,-4.94689919605662e-06,2.5479230005040194,,
500,0.014999999999999999,302.11313032260711,302.11313626953307,-5.9469259667821461e-06,2.5420983483111876,,
500,0.016,302.23112976653289,302.2311366359371,-6.8694042170136527e-06,2.5245739286145681,,
500,0.017000000000000001,302.36171746260038,302.36172530447175,-7.8418713655992178e-06,2.4802694257186841,,
500,0.018000000000000002,302.50576358867238,302.50577269785481,-9.1091824288014323e-06,2.3852808637466394,,
500,0.019,302.66434676228874,302.6643576818031,-1.0919514352281112e-05,2.2101825352986331,,
500,0.02,302.83884105948442,302.838854443554,-1.3384069575295143e-05,1.926977791781449,,
510,0,301.42679500113718,301.42679033562865,4.6655085270685959e-06,2.5499999999999998,,
510,0.001,301.42934557352982,301.42934095688366,4.6166461515895207e-06,2.5499999999999998,,
510,0.002,301.43703441894559,301.43702995981016,4.4591354253498139e-06,2.5499999999999998,,
510,0.0030000000000000001,301.44997267156481,301.44996847613311,4.1954316998271679e-06,2.5499999999999865,,
510,0.0040000000000000001,301.46834467822174,301.46834085388861,3.8243331346166087e-06,2.5499999999996703,,
510,0.0050000000000000001,301.49240657585148,301.49240323118892,3.3446625593569479e-06,2.5499999999931342,,
510,0.0060000000000000001,301.52248408616322,301.52248133021953,2.7559436830415507e-06,2.5499999998784011,,
510,0.0070000000000000001,301.55896932639422,301.55896726707863,2.0593155909409688e-06,2.5499999981810504,,
510,0.0080000000000000002,301.60231640957414,301.60231515085405,1.2587200899361051e-06,2.5499999771080959,,
510,0.0090000000000000011,301.65303563872646,301.65303527630641,3.6242005307940417e-07,2.5499997581461566,,
510,0.01,301.71168624522397,301.71168686026891,-6.1504493942265981e-07,2.5499978573587794,,
510,0.010999999999999999,301.77886797545949,301.77886962618828,-1.6507287909917068e-06,2.5499840868608841,,
510,0.012,301.8552125068494,301.85521521950898,-2.7126595796289621e-06,2.5499008740823461,,
510,0.013000000000000001,301.94137674176488,301.94138050646905,-3.7647041608579457e-06,2.5494814415012805,,
510,0.014,302.03804135843257,302.03804613977564,-4.7813430796850298e-06,2.5477168182347274,,
510,0.014999999999999999,302.14591907807488,302.14592484990925,-5.7718343668966554e-06,2.5415101718252719,,
510,0.016,302.26577698148037,302.26578378318339,-6.801703023029404e-06,2.523201688746314,,
510,0.017000000000000001,302.39847479483035,302.39848278748485,-7.9926545026864915e-06,2.4776520202657668,,
510,0.018000000000000002,302.54501596577512,302.5450254592713,-9.4934961794024275e-06,2.3812012369497335,,
510,0.019,302.70660177251966,302.70661319680283,-1.1424283172800642e-05,2.2050048366286008,,
510,0.02,302.88467352659802,302.88468737033458,-1.3843736553553754e-05,1.9217018513560271,,
520,0,301.44428279972703,301.44427818109966,4.6186273721104953e-06,2.5499999999999998,,
520,0.001,301.44691640466493,301.44691183618147,4.5684834617532033e-06,2.5499999999999998,,
520,0.002,301.4548537796864,301.45484937243583,4.4072505716030719e-06,2.5499999999999989,,
520,0.0030000000000000001,301.46820429685988,301.46820015913096,4.1377289221600222e-06,2.5499999999999772,,
520,0.0040000000000000001,301.48714917616934,301.48714541679749,3.7593718502648699e-06,2.5499999999994545,,
520,0.0050000000000000001,301.51193979241469,301.51193652035221,3.2720624858484371e-06,2.5499999999892569,,
520,0.0060000000000000001,301.54289513196477,301.54289245505208,2.6769126861836412e-06,2.549999999819641,,
520,0.0070000000000000001,301.58039826955684,301.5803962922094,1.9773474377871025e-06,2.5499999974338228,,
520,0.0080000000000000002,301.624891778988,301.62489059849219,1.1804958148786682e-06,2.5499999691755244,,
520,0.0090000000000000011,301.6768721296404,301.67687183092755,2.9871284823457245e-07,2.5499996880956184,,
520,0.01,301.73688340111573,301.73688405050075,-6.4938501509459456e-07,2.5499973442159165,,
520,0.010999999999999999,301.80551110822012,301.80551274787456,-1.6396544424424064e-06,2.5499809758909184,,
520,0.012,301.88337755489755,301.88338020156453,-2.6466669851288316e-06,2.5498852962538088,,
520,0.013000000000000001,301.97114080843301,301.97114446099812,-3.6525651125884906e-06,2.5494171336796776,,
520,0.014,302.06949983330531,302.0695044926656,-4.659360286041192e-06,2.5474983357137613,,
520,0.014999999999999999,302.17920814639069,302.17921384660241,-5.7002117159754562e-06,2.5409001733849825,,
520,0.016,302.30109715905911,302.30110400174146,-6.8426823531808623e-06,2.5218034146393999,,
520,0.017000000000000001,302.43610802228591,302.43611620156241,-8.1792765058708028e-06,2.4750213139967858,,
520,0.018000000000000002,302.58532767763023,302.5853374826799,-9.8050496717405622e-06,2.3771410435846612,,
520,0.019,302.75002191677896,302.75003370465805,-1.1787879088842601e-05,2.1998827108728753,,
520,0.02,302.93165685641037,302.93167101606667,-1.4159656302581425e-05,1.9164934580441466,,
530,0,301.46232719075414,301.46232263236362,4.5583905148305348e-06,2.5499999999999998,,
530,0.001,301.46504243369156,301.46503792655511,4.5071364525028912e-06,2.5499999999999998,,
530,0.002,301.47322404596491,301.47321970321002,4.3427548916952219e-06,2.5499999999999985,,
530,0.0030000000000000001,301.4869793232408,301.48697525467895,4.068561850090191e-06,2.549999999999959,,
530,0.0040000000000000001,301.50648588107862,301.50648219611639,3.6849622233603441e-06,2.5499999999991125,,
530,0.0050000000000000001,301.53198978461626,301.53198659127844,3.1933378181747685e-06,2.5499999999834597,,
530,0.0060000000000000001,301.56380284690289,301.56380024994309,2.5969598027586471e-06,2.5499999997362495,,
530,0.0070000000000000001,301.60229908289006,301.60229718083667,1.9020533841285214e-06,2.5499999964240705,,
530,0.0080000000000000002,301.64791041177671,301.64790929298192,1.1187947848156909e-06,2.5499999589337254,,
530,0.0090000000000000011,301.70112189696493,301.70112163520969,2.617552468109352e-07,2.5499996013863964,,
530,0.01,301.76246711015631,301.76246776108604,-6.5092973500213702e-07,2.5499967331416897,,
530,0.010999999999999999,301.83252458160086,301.83252618202772,-1.6004268559299817e-06,2.5499773992059191,,
530,0.012,301.91191667559025,301.91191924805281,-2.5724625629663933e-06,2.5498679436677327,,
530,0.013000000000000001,302.0013124667841,302.00131603113499,-3.564350890883361e-06,2.5493474786321486,,
530,0.014,302.1014360976904,302.10144068959909,-4.5919086915091611e-06,2.5472673876059169,,
530,0.014999999999999999,302.21308148916319,302.21308718243233,-5.6932691450128914e-06,2.5402685832774501,,
530,0.016,302.33713307794034,302.33714000463357,-6.9266932314349106e-06,2.5203800024737468,,
530,0.017000000000000001,302.47459059774764,302.47459895882008,-8.3610724459504127e-06,2.4723784424131217,,
530,0.018000000000000002,302.62659418426074,302.62660424414753,-1.0059886790259043e-05,2.3731005283416806,,
530,0.019,302.79444483271158,302.79445689562925,-1.2062917676303186e-05,2.1948148502728171,,
530,0.02,302.97961503576533,302.97962942298909,-1.4387223757239553e-05,1.9113506072776953,,
540,0,301.48091804527758,301.48091355965522,4.4856223553324526e-06,2.5499999999999998,,
540,0.001,301.48371331894577,301.48370888533248,4.4336132987154997e-06,2.5499999999999998,,
540,0.002,301.49213427395648,301.49213000673177,4.267224710474693e-06,2.5499999999999967,,
540,0.0030000000000000001,301.50628593602062,301.50628194551956,3.9905010567053978e-06,2.5499999999999305,,
540,0.0040000000000000001,301.52634208114739,301.52633847604096,3.6051064284947643e-06,2.549999999998581,,
540,0.0050000000000000001,301.55254333667125,301.55254022247527,3.1141959766500804e-06,2.549999999974919,,
540,0.0060000000000000001,301.58519455549339,301.58519203231685,2.5231765334865486e-06,2.5499999996194394,,
540,0.0070000000000000001,301.62466157103262,301.62465973067594,1.8403566741653776e-06,2.5499999950748884,,
540,0.0080000000000000002,301.67136757182112,301.67136649464067,1.0771804568321386e-06,2.5499999458374112,,
540,0.0090000000000000011,301.72578952582722,301.72578927820064,2.4762658767940593e-07,2.5499994949240898,,
540,0.01,301.7884553181442,301.78845595177137,-6.3362716673509567e-07,2.5499960103055699,,
540,0.010999999999999999,301.85994249574532,301.85994405020625,-1.554460936858959e-06,2.5499733092820591,,
540,0.012,301.94087966150511,301.94088217120981,-2.5097047000599559e-06,2.549848696116479,,
540,0.013000000000000001,302.03195152538353,302.03195503114654,-3.5057630043411336e-06,2.5492722741606659,,
540,0.014,302.13390830575872,302.13391286974445,-4.5639857262358419e-06,2.5470238276854364,,
540,0.014999999999999999,302.24757952595172,302.2475852470202,-5.7210684758501884e-06,2.5396156493815774,,
540,0.016,302.37389130870656,302.37389833390262,-7.0251960551104276e-06,2.5189323288135403,,
540,0.017000000000000001,302.51388519286235,302.51389372055371,-8.5276913637244434e-06,2.4697244786129779,,
540,0.018000000000000002,302.66873554695701,302.66874581837197,-1.0271414964790893e-05,2.3690798961596813,,
540,0.019,302.83976214154671,302.83977442206304,-1.2280516330065439e-05,2.1897999927540499,,
540,0.02,303.02843358905079,303.02844919285286,-1.5603802069108497e-05,1.9062713935209217,,
550,0,301.50004409937355,301.50003969548578,4.4038877717866853e-06,2.5499999999999998,,
550,0.001,301.50291768907999,301.502913338111,4.3509689930942841e-06,2.5499999999999998,,
550,0.002,301.51157282756094,301.51156864324582,4.184315116617654e-06,2.5499999999999954,,
550,0.0030000000000000001,301.52611225629005,301.52610834822929,3.9080607621144736e-06,2.5499999999998839,,
550,0.0040000000000000001,301.54670599290949,301.5467024678133,3.5250961900601396e-06,2.5499999999977678,,
550,0.0050000000000000001,301.57358956074006,301.57358652066881,3.040071248960885e-06,2.5499999999625129,,
550,0.0060000000000000001,301.60706164862154,301.60705918880524,2.4598163008704432e-06,2.5499999994578282,,
550,0.0070000000000000001,301.64748139811627,301.64747960462876,1.7934875131686567e-06,2.5499999932913364,,
550,0.0080000000000000002,301.69526564022891,301.69526458804978,1.0521791296014271e-06,2.5499999292430378,,
550,0.0090000000000000011,301.75088655422343,301.75088630647303,2.4775039264568477e-07,2.5499993652073907,,
550,0.01,301.81487036994832,301.81487097921263,-6.092643047850288e-07,2.5499951606641238,,
550,0.010999999999999999,301.88779783769616,301.88779935027304,-1.5125768868529121e-06,2.5499686563250146,,
550,0.012,301.97030718788409,301.97030965144671,-2.4635626232338836e-06,2.5498274322058458,,
550,0.013000000000000001,302.06310013387565,302.0631036085648,-3.4746891515169409e-06,2.5491913244858209,,
550,0.014,302.16695105963373,302.16695563092156,-4.5712878318227013e-06,2.5467675281727944,,
550,0.014999999999999999,302.28271867155962,302.28272445780192,-5.7862422977450478e-06,2.5389416351511005,,
550,0.016,302.41135735251572,302.41136450208091,-7.1495651923214609e-06,2.5174612499953608,,
550,0.017000000000000001,302.55392083729032,302.55392952442918,-8.6871388589315757e-06,2.4670604368011584,,
550,0.018000000000000002,302.7115439389575,302.7115543086403,-1.0369682797772839e-05,2.3650793160205983,,
550,0.019,302.88538668388475,302.88539867967984,-1.1995795091479522e-05,2.1848369203109081,,
550,0.02,303.07654423416983,303.07655750952807,-1.3275358242026414e-05,1.9012539569876408,,
560,0,301.51969378845911,301.51968947254727,4.3159118376934202e-06,2.5499999999999998,,
560,0.001,301.52264401003589,301.52263974659729,4.26343859771805e-06,2.5499999999999998,,
560,0.002,301.53152832656093,301.53152422818965,4.0983712779052439e-06,2.5499999999999914,,
560,0.0030000000000000001,301.54644736500268,301.54644353951494,3.8254877381405095e-06,2.5499999999998111,,
560,0.0040000000000000001,301.56756775887919,301.56756431027935,3.4485998412492336e-06,2.5499999999965426,,
560,0.0050000000000000001,301.59512062897454,301.59511765567311,2.9733014343946707e-06,2.5499999999447316,,
560,0.0060000000000000001,301.62939966712628,301.62939726009233,2.4070339463833079e-06,2.5499999992368321,,
560,0.0070000000000000001,301.670759067814,301.67075730901541,1.7587985894351732e-06,2.5499999909573035,,
560,0.0080000000000000002,301.71961165447584,301.71961061613291,1.0383429298599367e-06,2.5499999083970328,,
560,0.0090000000000000011,301.77642764779392,301.77642739309323,2.5470069431321463e-07,2.5499992082998011,,
560,0.01,301.84173459211559,301.84173517792442,-5.85808834330237e-07,2.5499941679373981,,
560,0.010999999999999999,301.91611894495503,301.91612042667447,-1.4817194369243225e-06,2.5499633883650827,,
560,0.012,302.00022966220831,302.00023210075631,-2.4385479946431587e-06,2.5498040297091515,,
560,0.013000000000000001,302.09478364627358,302.09478711794492,-3.4716713344096206e-06,2.5491044405682186,,
560,0.014,302.20057199051809,302.20057659835396,-4.6078358764134464e-06,2.5464983790356448,,
560,0.014999999999999999,302.3184644469153,302.31847032282099,-5.8759056855706149e-06,2.538246817738695,,
560,0.016,302.44940775964659,302.44941504236226,-7.2827156714083685e-06,2.5159676016956589,,
560,0.017000000000000001,302.59441260586476,302.59442139039186,-8.7845270968500699e-06,2.4643872756236305,,
560,0.018000000000000002,302.75452574850823,302.75453602674429,-1.0278236061367352e-05,2.3610989243343972,,
560,0.019,302.93078980600109,302.93080144903479,-1.164303370160269e-05,2.1799244570940708,,
560,0.02,303.12420108095051,303.12421390849994,-1.2827549426219775e-05,1.8962965730501526,,
570,0,301.53985617625079,301.53985194917368,4.2270771132280061e-06,2.5499999999999998,,
570,0.001,301.54288150622563,301.54287733062682,4.1755988036129565e-06,2.5499999999999994,,
570,0.002,301.55199052757098,301.55198651388969,4.0136812913260655e-06,2.5499999999999852,,
570,0.0030000000000000001,301.56728206387896,301.56727831738692,3.7464920410457125e-06,2.5499999999996961,,
570,0.0040000000000000001,301.58891994281902,301.58891656449794,3.3783210824367416e-06,2.549999999994724,,
570,0.0050000000000000001,301.61713179844685,301.61712888337377,2.9150730824767379e-06,2.549999999919569,,
570,0.0060000000000000001,301.65220763837681,301.65220527435639,2.3640204176444968e-06,2.5499999989379663,,
570,0.0070000000000000001,301.69449842861911,301.69449669539409,1.73322501950679e-06,2.5499999879320288,,
570,0.0080000000000000002,301.74441501703041,301.74441398647815,1.0305522550879687e-06,2.5499998824234011,,
570,0.0090000000000000011,301.80242775329606,301.80242749107464,2.6222141968901269e-07,2.5499990198018234,,
570,0.01,301.86906712901077,301.86906769813879,-5.6912801937869517e-07,2.5499930145904899,,
570,0.010999999999999999,301.94492559792599,301.94492706453292,-1.4666069318991504e-06,2.5499574513603815,,
570,0.012,302.03066037776063,302.03066281828603,-2.4405254066550697e-06,2.54977836590909,,
570,0.013000000000000001,302.1269964424726,302.12699994958183,-3.5071092270300142e-06,2.5490114403786515,,
570,0.014,302.23472814803893,302.23473282967416,-4.6816352323730825e-06,2.546216287278031,,
570,0.014999999999999999,302.35471723975758,302.35472320569647,-5.9659388966792903e-06,2.5375314862655474,,
570,0.016,302.48788482281691,302.48789215994663,-7.3371297162339033e-06,2.5144521986359867,,
570,0.017000000000000001,302.63519576884977,302.63520451453678,-8.7456870119240193e-06,2.4617059012841596,,
570,0.018000000000000002,302.79763619691926,302.79764632221008,-1.0125290828000288e-05,2.3571388279779022,,
570,0.019,302.97618760606696,302.97619901964163,-1.141357466849513e-05,2.1750614670898036,,
570,0.02,303.1718036815613,303.17181626834247,-1.2586781167556182e-05,1.8913976043544352,,
580,0,301.56052172754772,301.56051758606861,4.1414791098759451e-06,2.5499999999999998,,
580,0.001,301.5636208958768,301.56361680449663,4.091380162662972e-06,2.5499999999999989,,
580,0.002,301.57295093894174,301.57294700527649,3.9336652548627171e-06,2.5499999999999745,,
580,0.0030000000000000001,301.58860926689698,301.58860559329167,3.6736053061758867e-06,2.5499999999995202,,
580,0.0040000000000000001,301.61075757527453,301.61075425975639,3.3155181426991476e-06,2.5499999999920586,,
580,0.0050000000000000001,301.63962098472058,301.63961811965959,2.8650609920077841e-06,2.5499999998843874,,
580,0.0060000000000000001,301.67548707346481,301.67548474470476,2.3287600470212055e-06,2.5499999985380239,,
580,0.0070000000000000001,301.7187050219141,301.71870330870428,1.713209826448292e-06,2.5499999840462872,,
580,0.0080000000000000002,301.76968511035574,301.76968408644103,1.023914705911011e-06,2.5499998503109129,,
580,0.0090000000000000011,301.82889877773533,301.82889851388029,2.6385504270365345e-07,2.5499987948243614,,
580,0.01,301.89687933036407,301.89687989823676,-5.6787268931657309e-07,2.5499916818217017,,
580,0.010999999999999999,301.97422315746388,301.97422463408003,-1.4766161484658369e-06,2.5499507893092672,,
580,0.012,302.06159096418372,302.06159343514332,-2.4709596004868217e-06,2.5497503179265641,,
580,0.013000000000000001,302.15970812415583,302.15971168318572,-3.5590298921306385e-06,2.5489121491130957,,
580,0.014,302.26936291062361,302.26936765313599,-4.7425123739230912e-06,2.5459211762061051,,
580,0.014999999999999999,302.39140128239364,302.39140729281314,-6.0104194972154801e-06,2.5367959402149909,,
580,0.016,302.52671727899093,302.52672461499452,-7.3360035912628518e-06,2.5129158344285805,,
580,0.017000000000000001,302.67623900846598,302.67624768750926,-8.6790432760608383e-06,2.4590171705095711,,
580,0.018000000000000002,302.84091154628487,302.84092153977639,-9.9934915169797023e-06,2.3531991070615299,,
580,0.019,303.02167938875976,303.02169062768706,-1.1238927299928037e-05,2.1702468531357373,,
580,0.02,303.21947185317748,303.21948425663459,-1.2403457105847338e-05,1.8865554772067759,,
590,0,301.58168278658258,301.58167872438355,4.0621990251565876e-06,2.5499999999999998,,
590,0.001,301.58485482136763,301.58485080770549,4.0136621350939095e-06,2.549999999999998,,
590,0.002,301.59440310528151,301.59439924467517,3.8606063412771618e-06,2.5499999999999581,,
590,0.0030000000000000001,301.61042403728987,301.61042042913937,3.6081505072615982e-06,2.5499999999992533,,
590,0.0040000000000000001,301.63307783801343,301.63307457777108,3.2602423516436829e-06,2.5499999999882053,,
590,0.0050000000000000001,301.66258798728722,301.66258516549647,2.8217907583893975e-06,2.5499999998357561,,
590,0.0060000000000000001,301.69924062839243,301.69923833035506,2.2980373728387349e-06,2.5499999980081407,,
590,0.0070000000000000001,301.74338409288953,301.74338239920382,1.6936857036853326e-06,2.5499999790982364,,
590,0.0080000000000000002,301.79542868101731,301.79542766911686,1.0119004514308472e-06,2.5499998108998683,,
590,0.0090000000000000011,301.85584675798913,301.85584650455911,2.5343001652800012e-07,2.5499985279631696,,
590,0.01,301.92517308494706,301.9251736686806,-5.8373353795104777e-07,2.5499901495562631,,
590,0.010999999999999999,302.00400509918865,302.00400660287113,-1.5036824834169238e-06,2.5499433443690371,,
590,0.012,302.09300262301679,302.09300513360739,-2.5105906047429016e-06,2.5497197630345734,,
590,0.013000000000000001,302.19288627965062,302.19288988514882,-3.6054981933375529e-06,2.5488063993616361,,
590,0.014,302.30443382142369,302.3044386040703,-4.7826466129663459e-06,2.5456129846911213,,
590,0.014999999999999999,302.42847372522436,302.42847975196241,-6.026738049058622e-06,2.5360404879538221,,
590,0.016,302.565875835908,302.56588314844896,-7.3125409585372836e-06,2.5113592815275534,,
590,0.017000000000000001,302.71753950328798,302.71754811085231,-8.6075643253025191e-06,2.4563218933283175,,
590,0.018000000000000002,302.8843804109602,302.88439028855294,-9.8775927312999556e-06,2.3492798174283642,,
590,0.019,303.06731789595756,303.0673289895945,-1.1093636942405283e-05,2.1654795559025919,,
590,0.02,303.26726475727651,303.26727700761398,-1.2250337476871209e-05,1.88176868457625,,
600,0,301.60333372256559,301.60332973155795,3.9910076452542853e-06,2.5499999999999998,,
600,0.001,301.60657794470711,301.60657400069374,3.9440133718926518e-06,2.5499999999999967,,
600,0.002,301.6163425527223,301.61633875724976,3.7954725371491804e-06,2.5499999999999319,,
600,0.0030000000000000001,301.63272328370118,301.63271973357769,3.5501234947332705e-06,2.5499999999988527,,
600,0.0040000000000000001,301.6558794201066,301.65587620889653,3.2112100711856328e-06,2.5499999999827003,,
600,0.0050000000000000001,301.68603344355193,301.68603066099803,2.7825539063996985e-06,2.5499999997692608,,
600,0.0060000000000000001,301.72347067506183,301.7234684071243,2.2679375319967221e-06,2.5499999973127339,,
600,0.0070000000000000001,301.76853898265875,301.76853731226367,1.6703950791452371e-06,2.5499999728489207,,
600,0.0080000000000000002,301.82164859677312,301.82164760518231,9.9159080946265021e-07,2.5499997628685307,,
600,0.0090000000000000011,301.88327199155373,301.88327176003253,2.3152119865699206e-07,2.5499982132747108,,
600,0.01,301.95394366896687,301.95394428016186,-6.1119499150663614e-07,2.5499883964458383,,
600,0.010999999999999999,302.03425954035902,302.03426107861577,-1.5382567539745651e-06,2.5499350569802224,,
600,0.012,302.12487547176454,302.12487802163093,-2.5498663944745203e-06,2.5496865789562966,,
600,0.013000000000000001,302.22650449353307,302.22650813600751,-3.6424744394025765e-06,2.5486940312331074,,
600,0.014,302.33991222345344,302.3399170301555,-4.8067020657072135e-06,2.545291666430944,,
600,0.014999999999999999,302.46591025068733,302.46591627692021,-6.026232881595206e-06,2.5352654453710533,,
600,0.016,302.60534757263849,302.6053548509874,-7.2783489031280624e-06,2.5097832912750802,,
600,0.017000000000000001,302.75910061250937,302.75910914884878,-8.536339407783089e-06,2.4536208356857254,,
600,0.018000000000000002,302.92806276531917,302.92807253875532,-9.773436147497705e-06,2.3453809929441749,,
600,0.019,303.11313469328599,303.11314566063436,-1.0967348373469576e-05,2.1607585522930233,,
600,0.02,303.31521677824406,303.31522872145183,-1.1943207766762498e-05,1.87703578309248,,
610,0,301.62547074405063,301.62546681722819,3.9268224441002531e-06,2.5499999999999998,,
610,0.001,301.62878671610827,301.62878283386436,3.8822439023533661e-06,2.549999999999994,,
610,0.002,301.63876642525969,301.63876268772231,3.7375373835857317e-06,2.5499999999998915,,
610,0.0030000000000000001,301.65550519676634,301.65550169877929,3.4979870520146505e-06,2.5499999999982639,,
610,0.0040000000000000001,301.67916173034484,301.67915856431222,3.1660326271776285e-06,2.5499999999749305,,
610,0.0050000000000000001,301.70995787533332,301.70995513091844,2.7444148713584582e-06,2.5499999996792755,,
610,0.0060000000000000001,301.74817837410779,301.74817613840833,2.2356994691108412e-06,2.5499999964083035,,
610,0.0070000000000000001,301.79417059327199,301.79416895146039,1.6418115933447552e-06,2.5499999650174416,,
610,0.0080000000000000002,301.84834421729926,301.84834325354763,9.6375163138873177e-07,2.5499997047193323,,
610,0.0090000000000000011,301.91117080876899,301.91117060710798,2.0166100966889644e-07,2.5499978442535243,,
610,0.01,301.9831830524048,301.98318369703662,-6.4463182525287266e-07,2.5499863998736174,,
610,0.010999999999999999,302.06497341588039,302.06497499041296,-1.5745325754323858e-06,2.5499258659953425,,
610,0.012,302.15719190670558,302.15719449178283,-2.5850772544799838e-06,2.5496506441468254,,
610,0.013000000000000001,302.26054261882047,302.26054628771328,-3.6688928162220691e-06,2.5485748924395142,,
610,0.014,302.37577892575928,302.37578373880496,-4.8130456775652419e-06,2.5449571892152276,,
610,0.014999999999999999,302.50369781955266,302.50370382082457,-6.0012719131918857e-06,2.5344711346265987,,
610,0.016,302.64513617825628,302.64514338878382,-7.210527542156342e-06,2.5081885940273474,,
610,0.017000000000000001,302.80097786282255,302.80098628613143,-8.4233088841756398e-06,2.4509147219051957,,
610,0.018000000000000002,302.97219034809865,302.97220010966049,-9.7615618415147765e-06,2.3415026476042984,,
610,0.019,303.15991171517385,303.15992329345193,-1.1578278076740389e-05,2.1560828537183148,,
610,0.02,303.36558049987616,303.36559470172756,-1.4201851399775478e-05,1.872354756252151,,
620,0,301.64809145366689,301.64808758296203,3.8707048588548787e-06,2.5499999999999989,,
620,0.001,301.65147890114838,301.6514750740177,3.8271306834758434e-06,2.5499999999999892,,
620,0.002,301.6616729399189,301.66166925464478,3.6852741231996333e-06,2.5499999999998288,,
620,0.0030000000000000001,301.67876862122068,301.67876517128201,3.4499386742936622e-06,2.5499999999974028,,
620,0.0040000000000000001,301.70292423270064,301.70292110987276,3.1228278771777696e-06,2.5499999999640828,,
620,0.0050000000000000001,301.7343611117779,301.7343584059775,2.7058003979618661e-06,2.5499999995586946,,
620,0.0060000000000000001,301.77336338939102,301.77336118882181,2.2005692130733223e-06,2.5499999952420902,,
620,0.0070000000000000001,301.8202776414372,301.8202760329624,1.6084748040157137e-06,2.5499999552758146,,
620,0.0080000000000000002,301.87551238559342,301.87551145510582,9.3048760163583211e-07,2.5499996347649363,,
620,0.0090000000000000011,301.93953731075226,301.93953714320685,1.6754540865804302e-07,2.5499974138113592,,
620,0.01,302.01288208072032,302.01288275953357,-6.788132509427669e-07,2.549984135964904,,
620,0.010999999999999999,302.09613455045155,302.09613615618156,-1.6057300058491819e-06,2.5499157088110125,,
620,0.012,302.18993835716924,302.1899409650257,-2.6078564587805886e-06,2.5496118380576021,,
620,0.013000000000000001,302.29499027276756,302.29499394713457,-3.6743670079886215e-06,2.5484488383428769,,
620,0.014,302.41203869127594,302.41204347766961,-4.7863936742942315e-06,2.5446095341980213,,
620,0.014999999999999999,302.54188636745852,302.5418922937281,-5.9262695799588982e-06,2.5336578830040946,,
620,0.016,302.68540263956822,302.68540975146118,-7.1118929554359056e-06,2.5065758993496714,,
620,0.017000000000000001,302.84355125849237,302.84355970069851,-8.4422061377154023e-06,2.4482042370061734,,
620,0.018000000000000002,303.01743692201387,303.01744700633793,-1.0084324060244398e-05,2.3376447774592681,,
620,0.019,303.20836489795596,303.20837708276508,-1.2184809122572915e-05,2.1514515005799253,,
620,0.02,303.41789641703303,303.41791124116355,-1.4824130516899459e-05,1.8677243616838279,,
630,0,301.67119429426111,301.67119047466178,3.8195993283807184e-06,2.5499999999999976,,
630,0.001,301.67465302379975,301.67464924709316,3.7767065919069864e-06,2.5499999999999821,,
630,0.002,301.68506083037011,301.68505719360951,3.636760595782107e-06,2.5499999999997356,,
630,0.0030000000000000001,301.70251253160734,301.70250912742381,3.4041835306197754e-06,2.5499999999961629,,
630,0.0040000000000000001,301.72716602477885,301.72716294464357,3.0801352863818465e-06,2.5499999999490996,,
630,0.0050000000000000001,301.75924207880894,301.75923941290279,2.6659061518330418e-06,2.5499999993986244,,
630,0.0060000000000000001,301.79902401421651,301.79902185141964,2.1627968749271531e-06,2.5499999937505873,,
630,0.0070000000000000001,301.84685722873667,301.84685565665711,1.5720795545348665e-06,2.5499999432435034,,
630,0.0080000000000000002,301.90314850588919,301.90314761075246,8.9513673628971446e-07,2.5499995511142131,,
630,0.0090000000000000011,301.9683650413474,301.96836490742879,1.3391860420597368e-07,2.5499969142580219,,
630,0.01,302.0430331754776,302.04303388356846,-7.0809085173095809e-07,2.549981579602612,,
630,0.010999999999999999,302.12773699336304,302.12773861781579,-1.6244527500930417e-06,2.5499045215021043,,
630,0.012,302.22311732643669,302.22311993136964,-2.6049329449051584e-06,2.549570041383908,,
630,0.013000000000000001,302.32987231448465,302.32987595246664,-3.6379819903231692e-06,2.5483157319701144,,
630,0.014,302.4487614878276,302.44876620758964,-4.7197620460792677e-06,2.5442486951840819,,
630,0.014999999999999999,302.58061597782489,302.58062184663072,-5.8688058288680622e-06,2.5328260218610108,,
630,0.016,302.72635733131352,302.72636447078878,-7.1394752580999921e-06,2.5049458962642697,,
630,0.017000000000000001,302.887025788149,302.8870344094683,-8.6213192957984575e-06,2.4454900288809087,,
630,0.018000000000000002,303.06381552385096,303.06382593721935,-1.0413368386252841e-05,2.333807362336616,,
630,0.019,303.25811003722555,303.25812262540308,-1.2588177526140498e-05,2.1468635515235746,,
630,0.02,303.47150754716847,303.47152272951581,-1.5182347340214619e-05,1.8631435339766689,,
640,0,301.6947780351756,301.69477426358822,3.7715873872912198e-06,2.5499999999999958,,
640,0.001,301.69830786740823,301.69830413829499,3.7291132457539788e-06,2.549999999999971,,
640,0.002,301.70892889742669,301.70892530708915,3.5903375419366057e-06,2.5499999999995966,,
640,0.0030000000000000001,301.72673568147059,301.72673232202226,3.3594483284105081e-06,2.5499999999943976,,
640,0.0040000000000000001,301.75188565351698,301.75188261621412,3.0373028607755259e-06,2.5499999999286138,,
640,0.0050000000000000001,301.78459886885929,301.78459624391758,2.6249417146573251e-06,2.5499999991880262,,
640,0.0060000000000000001,301.82515761123494,301.82515548760074,2.1236342035990674e-06,2.5499999918578951,,
640,0.0070000000000000001,301.87390583919915,301.87390430413745,1.5350616990872368e-06,2.5499999284816735,,
640,0.0080000000000000002,301.93124846844643,301.93124760670804,8.6173838553804671e-07,2.5499994516582678,,
640,0.0090000000000000011,301.99765055441969,301.9976504467827,1.0763699265226023e-07,2.5499963372842669,,
640,0.01,302.07363658544148,302.07363730674933,-7.2130785611079773e-07,2.5499787044478595,,
640,0.010999999999999999,302.15979034756225,302.15979196517219,-1.6176099393305776e-06,2.5498922389574732,,
640,0.012,302.25675617371093,302.2567587483897,-2.5746787741809385e-06,2.54952513629476,,
640,0.013000000000000001,302.36524276797138,302.36524636006374,-3.5920923551202577e-06,2.548175443996429,,
640,0.014,302.48603102888376,302.48603571174374,-4.6828599806758575e-06,2.5438746779273802,,
640,0.014999999999999999,302.61998712547768,302.61999300509615,-5.8796184703169274e-06,2.5319758856685057,,
640,0.016,302.76808125311908,302.76808848891392,-7.2357948397439031e-06,2.5032992535486058,,
640,0.017000000000000001,302.93141093401272,302.93141975186836,-8.8178556438833766e-06,2.4427727103511128,,
640,0.018000000000000002,303.11122568870451,303.11123637717628,-1.0688471775210928e-05,2.329990367220256,,
640,0.019,303.30894804125768,303.30896092819597,-1.288693829337717e-05,2.1423180916789537,,
640,0.02,303.52618499670086,303.52620042709111,-1.5430390249093762e-05,1.8586111217709305,,
650,0,301.71884139033443,301.71883766522586,3.7251085700518161e-06,2.5499999999999923,,
650,0.001,301.72244211716446,301.72243843427373,3.6828907354902185e-06,2.5499999999999541,,
650,0.002,301.73327572870204,301.73327218385003,3.5448520065983757e-06,2.5499999999993923,,
650,0.0030000000000000001,301.75143646594262,301.75143315083841,3.3151042089230032e-06,2.5499999999919103,,
650,0.0040000000000000001,301.77708121176113,301.77707821728728,2.994473845774337e-06,2.5499999999008742,,
650,0.0050000000000000001,301.81042920699593,301.8104266228425,2.584153435236658e-06,2.5499999989133042,,
650,0.0060000000000000001,301.85176165090655,301.85175956500052,2.085906032789353e-06,2.5499999894739238,,
650,0.0070000000000000001,301.9014212144512,301.90141971210033,1.5023508694866905e-06,2.5499999104871658,,
650,0.0080000000000000002,301.95981155406355,301.95981071680859,8.3725495869657607e-07,2.5499993340565656,,
650,0.0090000000000000011,302.02739702019971,302.0273969246187,9.55810151026526e-08,2.5499956739466509,,
650,0.01,302.10470291569334,302.10470363282963,-7.1713628813085961e-07,2.5499754829650296,,
650,0.010999999999999999,302.19231686109481,302.19231845766279,-1.5965679835971969e-06,2.5498787950160211,,
650,0.012,302.29089202065143,302.29089456340006,-2.5427486320950266e-06,2.5494770066456169,,
650,0.013000000000000001,302.40115304436165,302.4011566085731,-3.5642114539768954e-06,2.5480278527022899,,
650,0.014,302.52390546824387,302.52391015000291,-4.6817590373393614e-06,2.5434874994475356,,
650,0.014999999999999999,302.66004887273908,302.66005480266762,-5.9299285339875496e-06,2.5311078111359371,,
650,0.016,302.81059328440284,302.81060063872962,-7.354326783115539e-06,2.5016366200706606,,
650,0.017000000000000001,302.9766772105138,302.97668621441477,-9.003900970583345e-06,2.4400528611000705,,
650,0.018000000000000002,303.15958457519906,303.15959549449769,-1.0919298631506535e-05,2.3261937432988145,,
650,0.019,303.36075705588229,303.36077017623103,-1.312034873990342e-05,2.1378142402746936,,
650,0.02,303.58179827149485,303.58181388543375,-1.5613938899150526e-05,1.854125991638135,,
660,0,301.74338283334384,301.74337915406596,3.6792778814742633e-06,2.5499999999999865,,
660,0.001,301.74705421060139,301.74705057331681,3.6372845784171659e-06,2.5499999999999283,,
660,0.002,301.75809966065634,301.75809616070342,3.4999529248125327e-06,2.5499999999990965,,
660,0.0030000000000000001,301.77661308649658,301.77660981498502,3.2715115594328381e-06,2.5499999999884428,,
660,0.0040000000000000001,301.80275081532,301.80274786226897,2.9530510232689267e-06,2.5499999998636587,,
660,0.0050000000000000001,301.83673135094631,301.83672880471198,2.5462343273829902e-06,2.5499999985578423,,
660,0.0060000000000000001,301.87883507894918,301.87883302545993,2.0534892541945737e-06,2.5499999864924288,,
660,0.0070000000000000001,301.9294040125497,301.92940253443112,1.4781185768697469e-06,2.5499998886862234,,
660,0.0080000000000000002,301.9888417417427,301.98884091755872,8.2418398505978985e-07,2.5499991957232639,,
660,0.0090000000000000011,302.05761385191528,302.05761375597837,9.5936911748140119e-08,2.549994914654504,,
660,0.01,302.13624920045459,302.13624990387842,-7.0342383651222917e-07,2.5499718864510958,,
660,0.010999999999999999,302.22534255211059,302.22534412586788,-1.5737572880425432e-06,2.5498641226023366,,
660,0.012,302.32555912781453,302.32556164835017,-2.5205356450896943e-06,2.5494255381738662,,
660,0.013000000000000001,302.43764155467193,302.43764511200288,-3.5573309560277266e-06,2.5478728439062062,,
660,0.014,302.56241945738299,302.56242416462686,-4.7072438746909029e-06,2.5430871873650611,,
660,0.014999999999999999,302.70082147418117,302.70082747638844,-6.0022072716492403e-06,2.5302221364140234,,
660,0.016,302.85388884450884,302.85389632389973,-7.4793908879655646e-06,2.4999586251559229,,
660,0.017000000000000001,303.02278900994276,303.02279818461375,-9.174670992706524e-06,2.4373310294832855,,
660,0.018000000000000002,303.20882707257067,303.20883818676663,-1.1114195956452022e-05,2.3224174290984103,,
660,0.019,303.41345267138234,303.41346597737441,-1.3305992069945205e-05,2.133351149574477,,
660,0.02,303.63825994824953,303.63827578205257,-1.5833803047371475e-05,1.8496870423318672,,
670,0,301.76840068115189,301.76839704508001,3.6360718809191894e-06,2.5499999999999785,,
670,0.001,301.77214246331391,301.7721388704116,3.5929023169956054e-06,2.5499999999998901,,
670,0.002,301.7833990287433,301.7833955720555,3.4566878071018436e-06,2.5499999999986707,,
670,0.0030000000000000001,301.80226399709886,301.80226076668754,3.2304113233294629e-06,2.5499999999836565,,
670,0.0040000000000000001,301.82889328011726,301.82889036461643,2.9155008292036655e-06,2.5499999998141702,,
670,0.0050000000000000001,301.86350494591471,301.86350243187434,2.5140403749901452e-06,2.5499999981014807,,
670,0.0060000000000000001,301.90637913199009,301.90637710318305,2.0288070459173468e-06,2.5499999827888877,,
670,0.0070000000000000001,301.95785813802803,301.95785667490645,1.4631215776716999e-06,2.5499998624279918,,
670,0.0080000000000000002,302.01834689870361,302.01834607830881,8.2039480275852839e-07,2.5499990338138163,,
670,0.0090000000000000011,302.08831411462222,302.088314011374,1.0324822596885497e-07,2.5499940491590247,,
670,0.01,302.1682943891451,302.16829507698839,-6.8784328277615714e-07,2.5499678850688867,,
670,0.010999999999999999,302.25889175244447,302.25889330874429,-1.5562998214591062e-06,2.5498481538612965,,
670,0.012,302.36078491548994,302.36078742685692,-2.5113669721577025e-06,2.5493706186776079,,
670,0.013000000000000001,302.47473444113598,302.47473801095879,-3.569822808913159e-06,2.5477103108761252,,
670,0.014,302.60159164565266,302.60159640172446,-4.7560718030581484e-06,2.5426737792565466,,
670,0.014999999999999999,302.74230800399721,302.74231410542717,-6.1014299603812105e-06,2.5293192003703946,,
670,0.016,302.89794053230185,302.8979481810423,-7.6487404498948308e-06,2.4982658789797143,,
670,0.017000000000000001,303.06964000302236,303.06964940300765,-9.3999852879278478e-06,2.4346077342204908,,
670,0.018000000000000002,303.25859497083377,303.25860612388675,-1.1153052980716893e-05,2.3186613518144639,,
670,0.019,303.46590184609062,303.4659142640171,-1.2417926484431518e-05,2.1289280021393147,,
670,0.02,303.69237135447941,303.69238407840805,-1.2723928648483707e-05,1.845293389910196,,
680,0,301.79389342802807,301.79388983439753,3.5936305380346312e-06,2.5499999999999652,,
680,0.001,301.79770543021965,301.79770187918143,3.5510382190295786e-06,2.5499999999998333,,
680,0.002,301.80917259933545,301.80916918271151,3.4166239402111387e-06,2.5499999999980663,,
680,0.0030000000000000001,301.82838841422955,301.82838522067902,3.1935505262481456e-06,2.5499999999771128,,
680,0.0040000000000000001,301.85550865257909,301.85550576910242,2.8834766681029578e-06,2.5499999997489136,,
680,0.0050000000000000001,301.89075142534602,301.89074893669618,2.4886498408704938e-06,2.5499999975199241,,
680,0.0060000000000000001,301.93439736081984,301.93439534905502,2.011764820508688e-06,2.5499999782182168,,
680,0.0070000000000000001,301.98679008810188,301.98678863251507,1.4555868119714432e-06,2.5499998309778231,,
680,0.0080000000000000002,302.04833722284508,302.04833640059252,8.2225255937373731e-07,2.5499988452119546,,
680,0.0090000000000000011,302.1195121022908,302.11951199008405,1.1220674878131831e-07,2.5499930665445691,,
680,0.01,302.20085652774679,302.20085720481461,-6.7706781692322693e-07,2.5499634478839406,,
680,0.010999999999999999,302.29298469895883,302.29298625115428,-1.5521954424002615e-06,2.5498308202908273,,
680,0.012,302.39658825118215,302.3965907764541,-2.5252719524360145e-06,2.5493121381778652,,
680,0.013000000000000001,302.5124415981582,302.51244521497716,-3.6168189581076149e-06,2.5475401542218745,,
680,0.014,302.64140528323531,302.64141014077853,-4.8575432174402522e-06,2.5422473220313591,,
680,0.014999999999999999,302.78442249455657,302.78442876817593,-6.2736193626733439e-06,2.5283993419331026,,
680,0.016,302.94250086061072,302.94250869676227,-7.8361515534197679e-06,2.496558972979209,,
680,0.017000000000000001,303.11667036333375,303.11667976711334,-9.4037795861368068e-06,2.4318834659807829,,
680,0.018000000000000002,303.30791253204723,303.30792325767652,-1.0725629294938699e-05,2.3149254286584156,,
680,0.019,303.51706837722202,303.51707992613666,-1.1548914642389718e-05,2.1245440095050601,,
680,0.02,303.74474906535193,303.74476084459252,-1.1779240594478324e-05,1.840943981188208,,
690,0,301.819860179236,301.81985662375098,3.5554850228436408e-06,2.5499999999999461,,
690,0.001,301.82374233936002,301.82373882570079,3.5136592373419262e-06,2.5499999999997498,,
690,0.002,301.83541999250684,301.83541661093494,3.3815719007179723e-06,2.5499999999972163,,
690,0.0030000000000000001,301.85498668543579,301.85498352299533,3.1624404641661386e-06,2.5499999999682461,,
690,0.0040000000000000001,301.88259843580312,301.88259557788336,2.8579197532963008e-06,2.5499999996635609,,
690,0.0050000000000000001,301.91847396473844,301.9184714946793,2.4700591438886477e-06,2.5499999967840861,,
690,0.0060000000000000001,301.96289516707003,301.9628931660817,2.0009883314742183e-06,2.5499999726123193,,
690,0.0070000000000000001,302.01620796013458,302.01620650774356,1.4523910181196698e-06,2.5499997935104095,,
690,0.0080000000000000002,302.07882367179855,302.07882284705749,8.2474105056462577e-07,2.5499986265170866,,
690,0.0090000000000000011,302.15122110239679,302.15122098618247,1.16214323497843e-07,2.5499919552220827,,
690,0.01,302.23394926946509,302.23394994833296,-6.7886787746829214e-07,2.5499585429045504,,
690,0.010999999999999999,302.32763053107925,302.32763210295809,-1.571878840422869e-06,2.5498120528722787,,
690,0.012,302.43296317521919,302.4329657556699,-2.5804507117754838e-06,2.5492499890650246,,
690,0.013000000000000001,302.55072159360861,302.55072531760106,-3.7239924495224841e-06,2.5473622817715871,,
690,0.014,302.68175094562264,302.68175595559791,-5.0099752684218402e-06,2.5418078713308807,,
690,0.014999999999999999,302.82695223736545,302.82695864886398,-6.4114985320884443e-06,2.5274628994964345,,
690,0.016,302.98725388299715,302.98726173054393,-7.8475467830685375e-06,2.4948384802788377,,
690,0.017000000000000001,303.16356808655053,303.16357727073881,-9.1841882863263891e-06,2.4291586888778482,,
690,0.018000000000000002,303.35673515502384,303.35674541721988,-1.0262196042276628e-05,2.31120956809144,,
690,0.019,303.56746499144975,303.56747594140353,-1.0949953775707399e-05,2.1201984128804345,,
690,0.02,303.79628983902518,303.79630103911609,-1.1200090909824212e-05,1.8366377632150928,,
700,0,301.84630101528705,301.8462974920634,3.5232236541560269e-06,2.5499999999999168,,
700,0.001,301.8502534359734,301.85024995371572,3.4822576822080009e-06,2.5499999999996286,,
700,0.002,301.86214195957479,301.86213860685626,3.3527185223647393e-06,2.5499999999960328,,
700,0.0030000000000000001,301.8820604383572,301.88205730064919,3.1377080063066387e-06,2.5499999999563387,,
700,0.0040000000000000001,301.91016552836487,301.91016268975909,2.8386057806528697e-06,2.5499999995527833,,
700,0.0050000000000000001,301.94667710777492,301.94667465085831,2.4569166043875157e-06,2.5499999958593684,,
700,0.0060000000000000001,301.99187897974434,301.99187698593124,1.9938131003982562e-06,2.5499999657774866,,
700,0.0070000000000000001,302.04611994407929,302.04611849466744,1.4494118545371748e-06,2.5499997491027839,,
700,0.0080000000000000002,302.10981527905261,302.10981445728703,8.2176558180435677e-07,2.5499983740322172,,
700,0.0090000000000000011,302.18344854963186,302.18344844392499,1.057068743648415e-07,2.5499907029247302,,
700,0.01,302.26757340656809,302.26757411447625,-7.0790815698273946e-07,2.5499531371247683,,
700,0.010999999999999999,302.36281462696348,302.36281625834624,-1.6313827586600382e-06,2.5497917821979841,,
700,0.012,302.46986708250984,302.46986975868174,-2.6761719027490471e-06,2.549184066229822,,
700,0.013000000000000001,302.58949071700755,302.58949456166357,-3.8446560211014003e-06,2.5471766084335123,,
700,0.014,302.7224992210559,302.72250433986994,-5.1188140446356556e-06,2.5413554909498424,,
700,0.014999999999999999,302.86974028115043,302.86974673111445,-6.4499640188842022e-06,2.5265102103843633,,
700,0.016,303.03206641689633,303.0320741730946,-7.7561982720908418e-06,2.4931049561267229,,
700,0.017000000000000001,303.21029762732809,303.21030655913182,-8.9318037339580769e-06,2.4264338418909914,,
700,0.018000000000000002,303.40517997914236,303.40518984768084,-9.8685384841701307e-06,2.3075136709528929,,
700,0.019,303.61734697076383,303.61735745473118,-1.0483967344043776e-05,2.1158904788901562,,
700,0.02,303.84729179239326,303.84730254755976,-1.0755166499620827e-05,1.83237375683062,,
710,0,301.87321718444127,301.87321368671547,3.4977257996615663e-06,2.5499999999998737,,
710,0.001,301.87724014421087,301.87723668662784,3.4575830341054825e-06,2.5499999999994567,,
710,0.002,301.88934044781575,301.88933711739435,3.3304214070994931e-06,2.5499999999943994,,
710,0.0030000000000000001,301.90961246684088,301.90960934778838,3.1190525078272913e-06,2.5499999999404785,,
710,0.0040000000000000001,301.93821381850557,301.93821099422729,2.8242782832421653e-06,2.5499999994100713,,
710,0.0050000000000000001,301.97536589652293,301.97536344991471,2.4466082209073647e-06,2.5499999947048511,,
710,0.0060000000000000001,302.02135465724609,302.02135267157894,1.9856671542584081e-06,2.5499999574916297,,
710,0.0070000000000000001,302.07653164508378,302.07653020563441,1.4394493632607919e-06,2.5499996967272081,,
710,0.0080000000000000002,302.14131514159237,302.14131433795944,8.0363292909169104e-07,2.5499980837524188,,
710,0.0090000000000000011,302.2161911434481,302.21619107206322,7.1384874900104478e-08,2.5499892967056645,,
710,0.01,302.30171360627884,302.30171437196765,-7.6568881013372447e-07,2.5499471965699443,,
710,0.010999999999999999,302.39850305469827,302.39850476945793,-1.7147596622635319e-06,2.5497699385954653,,
710,0.012,302.50724232449488,302.50724510133364,-2.7768387553805951e-06,2.5491142671796134,,
710,0.013000000000000001,302.62866800210872,302.62867194239266,-3.940283932024613e-06,2.5469830560458435,,
710,0.014,302.76355623604206,302.76356141055692,-5.1745148539339425e-06,2.5408902522809149,,
710,0.014999999999999999,302.91270218196695,302.91270860870412,-6.4267371726600686e-06,2.5255416103673221,,
710,0.016,303.07689347696834,303.07690110135229,-7.6243839544076764e-06,2.4913589383373944,,
710,0.017000000000000001,303.25687969541445,303.25688837980255,-8.6843880922060634e-06,2.4237093402161216,,
710,0.018000000000000002,303.45334136159283,303.45335089015032,-9.5285574843728682e-06,2.3038376314948317,,
710,0.019,303.66686325558624,303.66687335665245,-1.0101066209244891e-05,2.1116194957023811,,
710,0.02,303.89791692066626,303.89792731365304,-1.0392986780516367e-05,1.8281510247866974,,
720,0,301.90061104807035,301.90060756923691,3.4788334346558258e-06,2.5499999999998093,,
720,0.001,301.90470496801032,301.90470152870995,3.4393003716104431e-06,2.5499999999992098,,
720,0.002,301.91701836089743,301.91701504709835,3.313799084025959e-06,2.5499999999921656,,
720,0.0030000000000000001,301.93764623535861,301.93764313072478,3.1046338335727341e-06,2.5499999999195238,,
720,0.0040000000000000001,301.96674729286349,301.96674448115454,2.8117089527768258e-06,2.5499999992275204,,
720,0.0050000000000000001,302.00454444457057,302.00454201033426,2.4342363076357287e-06,2.5499999932724262,,
720,0.0060000000000000001,302.05132547779027,302.05132350753473,1.9702555391631904e-06,2.5499999475013744,,
720,0.0070000000000000001,302.10744375101893,302.10744233477897,1.4162399679662485e-06,2.5499996352439944,,
720,0.0080000000000000002,302.17331867388913,302.17331790680271,7.6708641927325516e-07,2.5499977513539482,,
720,0.0090000000000000011,302.24943555445168,302.24943553759101,1.686066752881743e-08,2.5499877229379027,,
720,0.01,302.33634418679895,302.3363450261445,-8.3934554595543887e-07,2.5499406863444958,,
720,0.010999999999999999,302.43465534961013,302.43465715190649,-1.8022963672592596e-06,2.5497464522479447,,
720,0.012,302.54503426281622,302.54503712732458,-2.8645083602896193e-06,2.549040492140501,,
720,0.013000000000000001,302.66819009849769,302.66819410451734,-4.0060196511149115e-06,2.5467815532161926,,
720,0.014,302.80486095311596,302.80486614453503,-5.1914190635216073e-06,2.5404122337822659,,
720,0.014999999999999999,302.95579430836921,302.95580067809863,-6.369729419475334e-06,2.524557433228046,,
720,0.016,303.12172389941446,303.12173137774033,-7.4783258696697885e-06,2.4896009477389689,,
720,0.017000000000000001,303.30334492263853,303.30335337370553,-8.4510670035342628e-06,2.4209855765515829,,
720,0.018000000000000002,303.50129040161886,303.50129963107463,-9.229455770309869e-06,2.300181338235523,,
720,0.019,303.71611200018179,303.71612177437538,-9.7741935860540252e-06,2.1073847718140595,,
720,0.02,303.94826879744619,303.94827847549345,-9.6780472631508019e-06,1.8239686655901328,,
730,0,301.92848568726208,301.92848222354104,3.4637210433174914e-06,2.5499999999997169,,
730,0.001,301.9326510447608,301.93264761959239,3.4251684155606199e-06,2.5499999999988647,,
730,0.002,301.94517895639012,301.94517565635073,3.3000393955262552e-06,2.5499999999891392,,
730,0.0030000000000000001,301.96616503275789,301.96616194194547,3.0908124131201475e-06,2.5499999998920488,,
730,0.0040000000000000001,301.99576891051697,301.99576611402711,2.7964898663412896e-06,2.5499999989956001,,
730,0.0050000000000000001,302.03421461895033,302.03421220375242,2.4151979118869349e-06,2.5499999915058358,,
730,0.0060000000000000001,302.08179094440879,302.08178900041338,1.9439954144218063e-06,2.5499999355189948,,
730,0.0070000000000000001,302.13885159425888,302.13885021533696,1.3789219224236149e-06,2.5499995633942789,,
730,0.0080000000000000002,302.20581484605219,302.20581413051474,7.1553745328856166e-07,2.5499973721840199,,
730,0.0090000000000000011,302.28316223178143,302.28316228161026,-4.9828827286546584e-08,2.549985967316255,,
730,0.01,302.37143567610065,302.37143659411163,-9.1801098278665449e-07,2.5499335706815609,,
730,0.010999999999999999,302.47123242248705,302.47123430671303,-1.8842259805751382e-06,2.5497212533108011,,
730,0.012,302.58319709611158,302.58320003103393,-2.9349223495955812e-06,2.5489626441460582,,
730,0.013000000000000001,302.70801042492906,302.70801446975992,-4.0448308595841809e-06,2.5465720351526251,,
730,0.014,302.84637454636078,302.84637972230092,-5.1759401458184584e-06,2.5399215204683312,,
730,0.014999999999999999,302.99899569391823,302.99900197540757,-6.2814893340146227e-06,2.5235580103726223,,
730,0.016,303.16656718534216,303.16657449179081,-7.3064486514340388e-06,2.4878314886223816,,
730,0.017000000000000001,303.34976052496228,303.34976871889234,-8.1939300571320928e-06,2.4182629223199057,,
730,0.018000000000000002,303.54923983085382,303.54924883319694,-9.0023431198460457e-06,2.2965446746243026,,
730,0.019,303.76571646023137,303.76572644810039,-9.987869020733342e-06,2.103185635495183,,
730,0.02,304.00003988395412,304.0000512784892,-1.139453507903454e-05,1.8198260379563138,,
740,0,301.95684420034843,301.95684074968523,3.450663200510462e-06,2.5499999999995855,,
740,0.001,301.96108141078679,301.9610779989797,3.4118070857402927e-06,2.5499999999983847,,
740,0.002,301.97382503074874,301.97382174515519,3.2855935501174827e-06,2.5499999999850687,,
740,0.0030000000000000001,301.9951710784951,301.99516800446179,3.0740333158973954e-06,2.5499999998562903,,
740,0.0040000000000000001,302.02527972297617,302.02527694749455,2.7754816187552933e-06,2.5499999987028792,,
740,0.0050000000000000001,302.06437539443232,302.06437300697633,2.3874559929026873e-06,2.549999989339641,,
740,0.0060000000000000001,302.11274672892307,302.11274482216857,1.9067545053985668e-06,2.5499999212192348,,
740,0.0070000000000000001,302.17074610915842,302.17074477927673,1.3298816838869243e-06,2.5499994797928061,,
740,0.0080000000000000002,302.23878847008098,302.23878781611813,6.5396284298913088e-07,2.5499969412513579,,
740,0.0090000000000000011,302.31734894874342,302.31734907049997,-1.2175655683677178e-07,2.5499840148613302,,
740,0.01,302.40695890186788,302.40695989584054,-9.9397266239975579e-07,2.5499258129943154,,
740,0.010999999999999999,302.50819983844798,302.5082017918561,-1.9534081161509675e-06,2.5496942720236935,,
740,0.012,302.62169500075697,302.6216979837539,-2.9829969321326644e-06,2.5488806291129267,,
740,0.013000000000000001,302.74809881380503,302.7481028686131,-4.0548080733060488e-06,2.5463544434870085,,
740,0.014,302.88808539861384,302.88809052574135,-5.1271275083308865e-06,2.5394182034227919,,
740,0.014999999999999999,303.04233892358883,303.0423450759701,-6.1523812746600015e-06,2.5225436704834969,,
740,0.016,303.21155043538818,303.21155754191534,-7.1065271640691208e-06,2.4860510491932053,,
740,0.017000000000000001,303.3964267268048,303.3964347628019,-8.0359970979770878e-06,2.4155417288272369,,
740,0.018000000000000002,303.59771477525379,303.59772383301976,-9.0577659648261033e-06,2.2929275195909198,,
740,0.019,303.81623894278033,303.81624921065753,-1.0267877200931252e-05,2.0990214355869918,,
740,0.02,304.05293928998083,304.05295100224708,-1.1712266257291049e-05,1.8157222736379934,,
750,0,301.98568890174766,301.98568546667531,3.4350723581155762e-06,2.5499999999993981,,
750,0.001,301.98999820595401,301.98999481046832,3.3954856917262077e-06,2.5499999999977221,,
750,0.002,302.00295815702782,302.00295489004719,3.266980627358862e-06,2.5499999999796392,,
750,0.0030000000000000001,302.02466486514248,302.02466181382323,3.0513192541548051e-06,2.5499999998100797,,
750,0.0040000000000000001,302.05527845483846,302.05527570824023,2.7465982270769018e-06,2.5499999983357355,,
750,0.0050000000000000001,302.09502286137547,302.09502051108757,2.3502879002990085e-06,2.5499999866981025,,
750,0.0060000000000000001,302.14418530942783,302.144183449808,1.8596198287923471e-06,2.5499999042359724,,
750,0.0070000000000000001,302.20311523376188,302.20311396150299,1.2722588849101157e-06,2.5499993829207153,,
750,0.0080000000000000002,302.27222234092022,302.27222175358321,5.8733701280289097e-07,2.5499964532174322,,
750,0.0090000000000000011,302.35197348426721,302.35197367734941,-1.9308220089442329e-07,2.5499818499253135,,
750,0.01,302.44288807203617,302.44288913409315,-1.0620569810271263e-06,2.5499173759283891,,
750,0.010999999999999999,302.54553190829233,302.54553391385502,-2.0055626919202041e-06,2.5496654388181801,,
750,0.012,302.66050974809463,302.66051274918999,-3.0010953651071759e-06,2.5487943559049779,,
750,0.013000000000000001,302.78845747042709,302.7884614898561,-4.0194290136241762e-06,2.5461287260941639,,
750,0.014,302.930035570803,302.93004060320851,-5.0324055109740584e-06,2.5389023793353265,,
750,0.014999999999999999,303.08592638782687,303.08593241367345,-6.0258465737206279e-06,2.5215147392101152,,
750,0.016,303.25683760965421,303.25684462155078,-7.0118965709298209e-06,2.4842601020193933,,
750,0.017000000000000001,303.44351359836946,303.44352163180713,-8.0334376661994611e-06,2.4128223283524894,,
750,0.018000000000000002,303.64675370457775,303.64676285272463,-9.1481468871279503e-06,2.2893297480420753,,
750,0.019,303.86743353342519,303.86744393545621,-1.0402031023204472e-05,2.0948915441905047,,
750,0.02,304.10652249492011,304.10653432249495,-1.1827574837752763e-05,1.8116564886260633,,
760,0,302.01502065653403,302.01501724294695,3.4135870805585e-06,2.5499999999991356,,
760,0.001,302.0194020417897,302.01939866879798,3.3729917277014465e-06,2.5499999999968153,,
760,0.002,302.03257816133532,302.03257491988501,3.2414503152722318e-06,2.5499999999724521,,
760,0.0030000000000000001,302.05464483696153,302.05464181623194,3.0207295935724687e-06,2.5499999997507672,,
760,0.0040000000000000001,302.08576149744084,302.08575878837513,2.7090657113149064e-06,2.5499999978780199,,
760,0.0050000000000000001,302.1261506528885,302.12614834851769,2.3043708097247873e-06,2.5499999834939833,,
760,0.0060000000000000001,302.17609693482592,302.17609513000946,1.8048164633910346e-06,2.5499998841587885,,
760,0.0070000000000000001,302.23594549918977,302.23594428948508,1.2097046919734566e-06,2.5499992711184074,,
760,0.0080000000000000002,302.30609957611222,302.30609905543588,5.2067633760088938e-07,2.5499959023885688,,
760,0.0090000000000000011,302.38701699458949,302.38701725142153,-2.5683203830340062e-07,2.5499794561997531,,
760,0.01,302.47920564370361,302.47920675595361,-1.1122500040983141e-06,2.5499082214154862,,
760,0.010999999999999999,302.58321808153488,302.58322011096453,-2.0294296518841293e-06,2.5496346844206639,,
760,0.012,302.69964586804457,302.69964885618759,-2.9881430236855522e-06,2.5487037363854737,,
760,0.013000000000000001,302.82911462185479,302.82911859018361,-3.9683288264313887e-06,2.5458948369052581,,
760,0.014,302.9722811456457,302.97228610228797,-4.9566422717362002e-06,2.5383741500589347,,
760,0.014999999999999999,303.12983402212262,303.12983997491079,-5.9527881717258424e-06,2.5204715388952703,,
760,0.016,303.30249863842374,303.30250561123199,-6.9728082507936051e-06,2.4824591044806543,,
760,0.017000000000000001,303.4910465637646,303.49105461027227,-8.0465076734981267e-06,2.4101050351756022,,
760,0.018000000000000002,303.69630774456783,303.69631695211905,-9.2075512156952755e-06,2.2857512313842574,,
760,0.019,303.91918254461103,303.91919302572336,-1.0481112326488073e-05,2.0907953527587648,,
760,0.02,304.16064987631563,304.1606617638829,-1.1887567268331622e-05,1.8076278754883799,,
770,0,302.04483848177739,302.04483509794602,3.3838313697742706e-06,2.549999999998771,,
770,0.001,302.04929164671466,302.04928830458249,3.342132174566359e-06,2.5499999999955847,,
770,0.002,302.06268290179668,302.06267969444588,3.207350800948916e-06,2.5499999999630067,,
770,0.0030000000000000001,302.08510739757031,302.08510441608462,2.9814856929988309e-06,2.5499999996751348,,
770,0.0040000000000000001,302.11672324665352,302.11672058338456,2.6632689582584135e-06,2.5499999973106924,,
770,0.0050000000000000001,302.15775072196567,302.15774847045361,2.251512057682703e-06,2.5499999796272657,,
770,0.0060000000000000001,302.20847095970771,302.20846921387897,1.7458287402405404e-06,2.5499998605294136,,
770,0.0070000000000000001,302.26922403380752,302.26922288624786,1.1475596579657577e-06,2.5499991425784936,,
770,0.0080000000000000002,302.34040629640316,302.34040583560511,4.6079804860710283e-07,2.5499952827088537,,
770,0.0090000000000000011,302.42246696489696,302.42246727165019,-3.0675323614559602e-07,2.5499768167250338,,
770,0.01,302.51590409049703,302.51590523403195,-1.143534916536737e-06,2.549898310727615,,
770,0.010999999999999999,302.62126025984975,302.62126229485165,-2.0350018985482166e-06,2.5496019399505014,,
770,0.012,302.73911862540808,302.73912159134181,-2.9659337315024459e-06,2.5486086854587939,,
770,0.013000000000000001,302.87010006064185,302.87010398467066,-3.9240288174369198e-06,2.5456527357187357,,
770,0.014,303.01486229332158,303.01486719715945,-4.9038378620025469e-06,2.5378336221895452,,
770,0.014999999999999999,303.17410168312267,303.17410759263504,-5.9095123674524075e-06,2.5194143883336588,,
770,0.016,303.34855782514103,303.34856478014757,-6.955006540465547e-06,2.4806484992126183,,
770,0.017000000000000001,303.53902042405468,303.53902848479225,-8.0607375707586471e-06,2.4073901465412995,,
770,0.018000000000000002,303.74633706183255,303.74634630896901,-9.2471364609991724e-06,2.2821918380816832,,
770,0.019,303.97141983927497,303.97143036645099,-1.0527176016239537e-05,2.0867322682756817,,
770,0.02,304.21524868106457,304.21526059523973,-1.1914175161109597e-05,1.8036356636377016,,
780,0,302.07513945595525,302.07513611131617,3.3446390830249584e-06,2.5499999999982661,,
780,0.001,302.07966382266477,302.07966052073942,3.3019253464772191e-06,2.5499999999939278,,
780,0.002,302.09326836760965,302.09326520336128,3.1642483691030066e-06,2.5499999999506824,,
780,0.0030000000000000001,302.11604724779136,302.11604431374263,2.9340487230911094e-06,2.5499999995792968,,
780,0.0040000000000000001,302.14815677181042,302.14815416094899,2.6108614292752463e-06,2.5499999966114197,,
780,0.0050000000000000001,302.18981440910187,302.18981221439759,2.1947042796455207e-06,2.5499999749837854,,
780,0.0060000000000000001,302.24129729868213,302.24129561190892,1.6867732028913451e-06,2.549999832838076,,
780,0.0070000000000000001,302.30294020025724,302.30293911008232,1.0901749192271382e-06,2.5499989953388686,,
780,0.0080000000000000002,302.37513287951322,302.37513246897595,4.1053726818063296e-07,2.5499945877538983,,
780,0.0090000000000000011,302.45831701146864,302.4583173552287,-3.4376006396996672e-07,2.5499739139015372,,
780,0.01,302.5529828160287,302.55298397803716,-1.162008459232311e-06,2.5498876045318042,,
780,0.010999999999999999,302.65966578832229,302.65966782075395,-2.0324316665210063e-06,2.549567137013184,,
780,0.012,302.77894401504295,302.77894695928342,-2.944240463875758e-06,2.5485091211020903,,
780,0.013000000000000001,302.91143662440317,302.91144051450573,-3.8901025618542917e-06,2.5454023880090655,,
780,0.014,303.05780384695265,303.0578087152644,-4.8683117483960814e-06,2.537280906666552,,
780,0.014999999999999999,303.21874893156195,303.21875481536847,-5.8838065228883352e-06,2.5183436025602979,,
780,0.016,303.39502177162308,303.39502871896764,-6.9473445591938798e-06,2.4788287145463039,,
780,0.017000000000000001,303.58742361488623,303.58743168749743,-8.0726111946205492e-06,2.4046779435672061,,
780,0.018000000000000002,303.79681177454614,303.79682104628455,-9.2717384063689678e-06,2.2786514341148663,,
780,0.019,304.02410297350178,304.02411352396189,-1.0550460103786463e-05,2.0827017125183018,,
780,0.02,304.27027391897553,304.27028587910644,-1.1960130905208644e-05,1.799679112045359,,
790,0,302.10591894561122,302.10591564805884,3.2975523822642572e-06,2.5499999999975755,,
790,0.001,302.11051371627264,302.1105104632494,3.2530232374483603e-06,2.5499999999917136,,
790,0.002,302.12432907912086,302.12432596582198,3.1132988738136191e-06,2.5499999999347094,,
790,0.0030000000000000001,302.14745798112085,302.14745510078268,2.880338172417396e-06,2.5499999994585889,,
790,0.0040000000000000001,302.1800546305351,302.18005207597685,2.5545582502672914e-06,2.5499999957541326,,
790,0.0050000000000000001,302.2223334161838,302.22233127903797,2.1371458274188626e-06,2.5499999694337827,,
790,0.0060000000000000001,302.2745673593937,302.274565728808,1.630585700240772e-06,2.5499998005197719,,
790,0.0070000000000000001,302.33708610418103,302.33708506505963,1.0391214004812355e-06,2.5499988272759353,,
790,0.0080000000000000002,302.41027350347878,302.41027313448598,3.6899280075886054e-07,2.5499938107254572,,
790,0.0090000000000000011,302.49456493692941,302.49456530864592,-3.7171651001699502e-07,2.5499707295023724,,
790,0.01,302.59044458783916,302.59044576159653,-1.1737573686332325e-06,2.5498760629450605,,
790,0.010999999999999999,302.69844299236081,302.69844502031305,-2.027952234584518e-06,2.5495302077886235,,
790,0.012,302.81913522279393,302.81913814973393,-2.9269399988152145e-06,2.5484049643876303,,
790,0.013000000000000001,302.95314004000551,302.95314390727361,-3.8672681057505542e-06,2.5451437647342874,,
790,0.014,303.10112016653164,303.10112501707408,-4.8505424388167739e-06,2.5367161183935987,,
790,0.014999999999999999,303.26378316761702,303.26378904929641,-5.8816793853111449e-06,2.5172594926661893,,
790,0.016,303.4418801434698,303.44188711573827,-6.9722684656881029e-06,2.4770001649414173,,
790,0.017000000000000001,303.63619337931289,303.63620150243753,-8.1231246440438554e-06,2.4019686921023249,,
790,0.018000000000000002,303.8474944006079,303.84750359542369,-9.1948157887600246e-06,2.2751298833007065,,
790,0.019,304.07645179552804,304.07646162902881,-9.8335007692185172e-06,2.0787031220449332,,
790,0.02,304.32349616658286,304.3235058924019,-9.7258190407956135e-06,1.7957581451863336,,
800,0,302.13717108513566,302.13716784311208,3.2420235811514431e-06,2.549999999996639,,
800,0.001,302.14183532530677,302.14183212818114,3.1971256362339773e-06,2.5499999999887764,,
800,0.002,302.15585866333532,302.15585560685122,3.056484104035917e-06,2.5499999999141409,,
800,0.0030000000000000001,302.17933273667154,302.1793299141018,2.822569740601466e-06,2.5499999993074409,,
800,0.0040000000000000001,302.21240954834724,302.21240705176433,2.4965829084067082e-06,2.549999994708545,,
800,0.0050000000000000001,302.25530038148833,302.25529830085441,2.0806339193768508e-06,2.5499999628303787,,
800,0.0060000000000000001,302.30827429848495,302.3082727204071,1.5780778426233155e-06,2.5499997629504549,,
800,0.0070000000000000001,302.37165627220475,302.37165527849203,9.9371271744530532e-07,2.5499986360980187,,
800,0.0080000000000000002,302.44582504215259,302.44582470843295,3.3371964036632562e-07,2.5499929444469642,,
800,0.0090000000000000011,302.53121084369519,302.53121123845926,-3.9476407209804165e-07,2.5499672446876342,,
800,0.01,302.62829320627338,302.62829439065797,-1.1843845868497738e-06,2.5498636455893271,,
800,0.010999999999999999,302.73759901849718,302.73760104691047,-2.028413291554898e-06,2.5494910851143544,,
800,0.012,302.85970092875249,302.85970385078582,-2.9220333317425684e-06,2.5482961394961747,,
800,0.013000000000000001,302.99521571864028,302.99521958401652,-3.8653762430840288e-06,2.5448768421429033,,
800,0.014,303.14480129409014,303.14480616006341,-4.8659732669875666e-06,2.5361393758790411,,
800,0.014999999999999999,303.30914919844145,303.30915512774681,-5.9293053595865786e-06,2.5161623656395475,,
800,0.016,303.48896744200187,303.48897446598636,-7.0239844944808283e-06,2.4751632514132655,,
800,0.017000000000000001,303.68494754438831,303.68495558209992,-8.0377116091767675e-06,2.3992626435382789,,
800,0.018000000000000002,303.89771265685147,303.89772145093491,-8.7940834418986924e-06,2.2716270475400151,,
800,0.019,304.12775223964809,304.12776137394877,-9.1343006829447404e-06,2.0747359517821011,,
800,0.02,304.37536030039985,304.37536928289944,-8.9824995939125074e-06,1.7918719884918066,,
810,0,302.16888935703759,302.16888617552758,3.1815100101084681e-06,2.5499999999953751,,
810,0.001,302.17362208050974,302.17361894390621,3.1366035386781732e-06,2.5499999999849052,,
810,0.002,302.18785043025605,302.18784743416654,2.9960895062686177e-06,2.5499999998878238,,
810,0.0030000000000000001,302.21166473432032,302.21166197148824,2.7628320822259411e-06,2.5499999991192372,,
810,0.0040000000000000001,302.24521483673493,302.24521239814374,2.438591195641493e-06,2.549999993439632,,
810,0.0050000000000000001,302.28870906662155,302.28870704057124,2.0260503106328542e-06,2.5499999550079617,,
810,0.0060000000000000001,302.34241284691825,302.34241131796375,1.5289544990082504e-06,2.5499997194431683,,
810,0.0070000000000000001,302.40664700806309,302.40664605595128,9.5211180450860411e-07,2.5499984193389724,,
810,0.0080000000000000002,302.4817858970107,302.48178559581879,3.0119190341793001e-07,2.549991981359879,,
810,0.0090000000000000011,302.56825537765292,302.56825579546143,-4.1780850779105094e-07,2.5499634400199214,,
810,0.01,302.66653076643871,302.66653196605262,-1.1996139051007049e-06,2.549850311646173,,
810,0.010999999999999999,302.77713457319811,302.77713661436621,-2.0411681020959804e-06,2.5494497025638747,,
810,0.012,302.90063354194308,302.90063648448722,-2.9425441425701138e-06,2.5481825737227703,,
810,0.013000000000000001,303.03763385853364,303.03763776306442,-3.9045307858032174e-06,2.5446016015819986,,
810,0.014,303.18877258678185,303.18877750645572,-4.9196738700629794e-06,2.5355508008960363,,
810,0.014999999999999999,303.35470273816384,303.35470869579115,-5.9576273088168819e-06,2.5150525242293775,,
810,0.016,303.53606949482696,303.53607644630426,-6.951477303118736e-06,2.4733183619496617,,
810,0.017000000000000001,303.73347668631231,303.73348448499843,-7.7986861128920282e-06,2.3965600355702232,,
810,0.018000000000000002,303.94744592722543,303.94745431427719,-8.3870517642026243e-06,2.2681427870683599,,
810,0.019,304.17837509263956,304.17838372105848,-8.6284189251273347e-06,2.0707996839226426,,
810,0.02,304.42650608799948,304.4265145825492,-8.494549717852351e-06,1.7880197646258036,,
820,0,302.20106712004099,302.20106400179446,3.1182465249912639e-06,2.5499999999936853,,
820,0.001,302.20586735701357,302.20586428339504,3.0736185294699681e-06,2.5499999999798404,,
820,0.002,302.2202978287699,302.22029489473181,2.9340380933717825e-06,2.5499999998543528,,
820,0.0030000000000000001,302.2444476218169,302.24444491921685,2.7026000566365838e-06,2.5499999988861588,,
820,0.0040000000000000001,302.27846456000685,302.27846217864709,2.3813597636035411e-06,2.5499999919070655,,
820,0.0050000000000000001,302.3225542534455,302.32255228021683,1.9732286773432861e-06,2.5499999457805043,,
820,0.0060000000000000001,302.37697882224239,302.3769773403024,1.4819399893895024e-06,2.5499996692441269,,
820,0.0070000000000000001,302.44205534047944,302.44205442865433,9.1182511141596478e-07,2.5499981743520324,,
820,0.0080000000000000002,302.51815402852799,302.51815376119328,2.6733471258921782e-07,2.5499909135209831,,
820,0.0090000000000000011,302.6056961569476,302.6056966046022,-4.4765459961126908e-07,2.5499592954812367,,
820,0.01,302.70515148047298,302.70515271088732,-1.2304143410801771e-06,2.5498360199111527,,
820,0.010999999999999999,302.81703476910519,302.81703684813095,-2.0790257622138597e-06,2.5494059945199861,,
820,0.012,302.94190064947622,302.94190363947979,-2.9900035656282853e-06,2.5480641974746008,,
820,0.013000000000000001,303.08033558632951,303.08033953942078,-3.9530912658847228e-06,2.5443180293055563,,
820,0.014,303.23294559174474,303.23295053580267,-4.9440579346082814e-06,2.5349505181604282,,
820,0.014999999999999999,303.4003384048176,303.40034432328667,-5.9184690712754673e-06,2.5139302668307471,,
820,0.016,303.58309968849437,303.58310649885772,-6.8103633452665235e-06,2.4714658719214349,,
820,0.017000000000000001,303.78176432362216,303.78177186353554,-7.5399133834253007e-06,2.3938610929128683,,
820,0.018000000000000002,303.99678589060932,303.9967939205012,-8.0298918874177616e-06,2.2646769608745307,,
820,0.019,304.22850927443989,304.2285174991361,-8.2246962165299919e-06,2.066893818629699,,
820,0.02,304.47715215739578,304.47716027315977,-8.1157639897355693e-06,1.7842007560325028,,
830,0,302.2336979921202,302.23369493808957,3.0540306283910468e-06,2.5499999999914391,,
830,0.001,302.23856483115117,302.23856182129589,3.0098552770141396e-06,2.5499999999732554,,
830,0.002,302.25319472097038,302.25319184929617,2.8716742122014693e-06,2.5499999998120306,,
830,0.0030000000000000001,302.27767559815686,302.2776729555128,2.6426440626892145e-06,2.5499999985990058,,
830,0.0040000000000000001,302.31215341553195,302.31215109070331,2.3248286424859543e-06,2.5499999900646046,,
830,0.0050000000000000001,302.3568312473335,302.35682932638156,1.9209519450669177e-06,2.5499999349398017,,
830,0.0060000000000000001,302.41196805797944,302.41196662377911,1.4342003282763471e-06,2.5499996115287606,,
830,0.0070000000000000001,302.47787712509177,302.47787625719212,8.6789964370836969e-07,2.5499978983039209,,
830,0.0080000000000000002,302.55492405143991,302.55492382627284,2.2516707076647435e-07,2.5499897326005283,,
830,0.0090000000000000011,302.6435241961737,302.64352468737388,-4.9120018275061739e-07,2.5499547904909954,,
830,0.01,302.74413919562028,302.74414047378804,-1.2781677583006967e-06,2.5498207288475738,,
830,0.010999999999999999,302.85727204045509,302.85727417121387,-2.1307587871888245e-06,2.5493598962432999,,
830,0.012,302.98345997570067,302.98346301465784,-3.038957174794632e-06,2.5479409442621757,,
830,0.013000000000000001,303.12326438101741,303.12326836463899,-3.9836215819377685e-06,2.5440261162847806,,
830,0.014,303.27725689086162,303.27726182358617,-4.9327245505992323e-06,2.5343386550266098,,
830,0.014999999999999999,303.44600144093772,303.4460072807459,-5.8398081819177605e-06,2.51279588738899,,
830,0.016,303.63003272361146,303.63003937011393,-6.6465024701756192e-06,2.4696061444828854,,
830,0.017000000000000001,303.82983261203668,303.82983990209539,-7.2900587042568077e-06,2.3911660279728411,,
830,0.018000000000000002,304.04580722053265,304.04581493522284,-7.7146901844571403e-06,2.2612294273006737,,
830,0.019,304.27826803627073,304.27827592022305,-7.8839523212081986e-06,2.0630178647071737,,
830,0.02,304.52742061923846,304.52742841874039,-7.7995019296395185e-06,1.7804142958991074,,
840,0,302.26677602596749,302.26677303605516,2.9899123319410137e-06,2.5499999999884784,,
840,0.001,302.27170861935883,302.27170567313323,2.946225606592634e-06,2.5499999999647471,,
840,0.002,302.28653540636338,302.28653259688053,2.8094828508073988e-06,2.5499999997588176,,
840,0.0030000000000000001,302.31134323104266,302.31134064833918,2.5827034733083565e-06,2.5499999982470096,,
840,0.0040000000000000001,302.34627623573607,302.34627396807883,2.2676572370983195e-06,2.5499999878594455,,
840,0.0050000000000000001,302.39153495600323,302.39153308944941,1.8665538163986639e-06,2.5499999222536447,,
840,0.0060000000000000001,302.44737501932451,302.4473736374652,1.3818593060932471e-06,2.5499995453977498,,
840,0.0070000000000000001,302.51410537669494,302.51410456054833,8.161466098499659e-07,2.5499975881692372,,
840,0.0080000000000000002,302.59208592448738,302.59208575232861,1.7215876368936733e-07,2.5499884298812443,,
840,0.0090000000000000011,302.68172427180627,302.68172481849001,-5.4668373650201829e-07,2.5499499039251079,,
840,0.01,302.78347128620828,302.78347262131308,-1.3351047982723685e-06,2.5498043966395074,,
840,0.010999999999999999,302.89781493609337,302.89781712012319,-2.1840298245479062e-06,2.5493113439359227,,
840,0.012,303.02527188922591,303.02527496730187,-3.0780759630033572e-06,2.5478127506841699,,
840,0.013000000000000001,303.16637638598354,303.16638037906819,-3.9930846469360404e-06,2.5437258580205584,,
840,0.014,303.32166614271807,303.32167103737987,-4.8946617994261032e-06,2.5337153412005113,,
840,0.014999999999999999,303.49166548499824,303.49167122378151,-5.7387832725908083e-06,2.5116496753215829,,
840,0.016,303.67686653327678,303.67687300853083,-6.4752540538393077e-06,2.4677395309626187,,
840,0.017000000000000001,303.87770995866128,303.87771701271396,-7.0540526735385356e-06,2.388475041488261,,
840,0.018000000000000002,304.09456741909514,304.09457485268445,-7.4335893032184686e-06,2.2578000444463227,,
840,0.019,304.32772807528266,304.32773566360015,-7.58831748726152e-06,2.0591713388109083,,
840,0.02,304.57739171330189,304.57739892997722,-7.2166753284363949e-06,1.7766597499976604,,
850,0,302.30029561039407,302.3002926850271,2.9253669708850794e-06,2.5499999999845966,,
850,0.001,302.30529313708485,302.30529025482008,2.8822647664128453e-06,2.5499999999538212,,
850,0.002,302.32031435531439,302.32031160883872,2.7464756726658379e-06,2.5499999996922749,,
850,0.0030000000000000001,302.34544499336033,302.3454424723472,2.5210131298081251e-06,2.5499999978176175,,
850,0.0040000000000000001,302.38082729344279,302.38082508617299,2.2072698016017966e-06,2.5499999852315183,,
850,0.0050000000000000001,302.42665901819885,302.42665721120136,1.806997488529305e-06,2.5499999074639059,,
850,0.0060000000000000001,302.48319197234758,302.4831906500753,1.3222722827777034e-06,2.5499994698730255,,
850,0.0070000000000000001,302.55072992361409,302.55072916801237,7.5560171808319865e-07,2.549997240725101,,
850,0.0080000000000000002,302.62962573991609,302.62962562959746,1.1031863778043771e-07,2.5499869962581636,,
850,0.0090000000000000011,302.72027748283739,302.72027809144163,-6.086042390052171e-07,2.5499446141359479,,
850,0.01,302.82312312695865,302.82312452022586,-1.3932672118244227e-06,2.5497869812439387,,
850,0.010999999999999999,302.93863353806358,302.93863576922683,-2.231163250598911e-06,2.5492602748006381,,
850,0.012,303.06730337579052,303.06730647913258,-3.1033420668791223e-06,2.547679556406905,,
850,0.013000000000000001,303.20963972426256,303.20964370698556,-3.9827230011724168e-06,2.5434172543589781,,
850,0.014,303.3661485312029,303.36615336462029,-4.8334173925468349e-06,2.5330807084690266,,
850,0.014999999999999999,303.53731941521778,303.53732503012475,-5.6149069678212982e-06,2.5104919154552912,,
850,0.016,303.7236103047764,303.72361659855989,-6.2937834854892571e-06,2.465866371243052,,
850,0.017000000000000001,303.92543514879952,303.92544198998655,-6.8411870302043098e-06,2.3857883231428807,,
850,0.018000000000000002,304.14316038720841,304.14316760631181,-7.2191033950730343e-06,2.2543886702569131,,
850,0.019,304.37711623918977,304.3771236877156,-7.4485258210188476e-06,2.0553537664755743,,
850,0.02,304.62762241069726,304.62763010926989,-7.6985726309430902e-06,1.7729359609691961,,
860,0,302.33425112011253,302.33424826070996,2.8594025707207038e-06,2.5499999999795397,,
860,0.001,302.33931272127359,302.33930990484561,2.8164279797238123e-06,2.5499999999398706,,
860,0.002,302.35452576086692,302.35452307990613,2.6809607902578136e-06,2.5499999996094971,,
860,0.0030000000000000001,302.37997473700949,302.37997228119161,2.4558178779443551e-06,2.5499999972962599,,
860,0.0040000000000000001,302.41579975549269,302.41579761335612,2.1421365659080038e-06,2.5499999821127508,,
860,0.0050000000000000001,302.46219538676212,302.46219364529588,1.7414662352166488e-06,2.5499998902845955,,
860,0.0060000000000000001,302.51940894344148,302.51940768753644,1.2559050333038613e-06,2.5499993838938373,,
860,0.0070000000000000001,302.58773804157443,302.58773735315634,6.8841808342767763e-07,2.5499968525462489,,
860,0.0080000000000000002,302.66752725684239,302.66752721339702,4.3445368191896705e-08,2.549985422239506,,
860,0.0090000000000000011,302.75916364092723,302.75916431307735,-6.7215012222732184e-07,2.5499388989734593,,
860,0.01,302.86307083992193,302.86307228779111,-1.4478691809927113e-06,2.5497684404419596,,
860,0.010999999999999999,302.9797015817685,302.97970385021961,-2.2684511122861295e-06,2.5492066270948088,,
860,0.012,303.10952840960721,303.10953152290728,-3.1133000675254152e-06,2.5475413041367592,,
860,0.013000000000000001,303.25303278381949,303.25303673985889,-3.9560393929605198e-06,2.5431003093074778,,
860,0.014,303.41069311565252,303.41069787870236,-4.7630498443140823e-06,2.5324348904442737,,
860,0.014999999999999999,303.58297294820443,303.58297844317406,-5.4949696277617477e-06,2.5093228879806935,,
860,0.016,303.77031124515395,303.77031736507485,-6.119920897162956e-06,2.4639869941362718,,
860,0.017000000000000001,303.97311718496468,303.97312381578701,-6.6308223267697031e-06,2.3831060521591509,,
860,0.018000000000000002,304.19177130155987,304.19177834670046,-7.0451405917992815e-06,2.2509951624708329,,
860,0.019,304.42663280443469,304.42664019565422,-7.3912195261982561e-06,2.0515646798670599,,
860,0.02,304.67805008027671,304.67805778548933,-7.7052126243870589e-06,1.7692424145903745,,
870,0,302.36863646591672,302.36863367569106,2.7902256647394097e-06,2.5499999999729979,,
870,0.001,302.37376118033387,302.37375843314118,2.7471926955513482e-06,2.5499999999221594,,
870,0.002,302.38916309945114,302.38916048792566,2.6115254740943783e-06,2.5499999995070461,,
870,0.0030000000000000001,302.41492530725185,302.41492292129863,2.3859532234382641e-06,2.5499999966660987,,
870,0.0040000000000000001,302.45118543828897,302.45118336673124,2.0715577306873456e-06,2.5499999784262792,,
870,0.0050000000000000001,302.49813435381532,302.49813268383076,1.6699845559742243e-06,2.5499998703998252,,
870,0.0060000000000000001,302.55601415356193,302.55601296983446,1.1837274769277428e-06,2.5499992863127749,,
870,0.0070000000000000001,302.62511538777932,302.62511477119546,6.1658386130147846e-07,2.5499964200003071,,
870,0.0080000000000000002,302.70577330210529,302.70577332779573,-2.5690439997561043e-08,2.5499836979480874,,
870,0.0090000000000000011,302.79836293521618,302.798363669747,-7.3453082904961775e-07,2.5499327358066157,,
870,0.01,302.90329291494407,302.90329441249634,-1.4975522617532988e-06,2.5497487318886862,,
870,0.010999999999999999,303.0209978878346,303.02100018536225,-2.29752765790181e-06,2.5491503401806099,,
870,0.012,303.15192969640771,303.15193280827253,-3.1118648280425987e-06,2.5473979395901929,,
870,0.013000000000000001,303.29654770164404,303.29655161497487,-3.9133308291638969e-06,2.5427750308576194,,
870,0.014,303.45530901021186,303.45531368287175,-4.6726598839086364e-06,2.5317780223243864,,
870,0.014999999999999999,303.62865971124268,303.62866507492959,-5.3636869097317685e-06,2.5081428684162805,,
870,0.016,303.81702838569146,303.81703435570461,-5.9700131487261388e-06,2.4621017177414823,,
870,0.017000000000000001,304.02082292655649,304.02082941507223,-6.488515737146372e-06,2.3804283978478211,,
870,0.018000000000000002,304.24043099899649,304.2404379256821,-6.9266856144167832e-06,2.2476193785474061,,
870,0.019,304.47622342582537,304.47623072315065,-7.2973252827068791e-06,2.04780361042604,,
870,0.02,304.72855884204159,304.7285664650426,-7.6230010108702118e-06,1.7655787248582311,,
880,0,302.40344471249347,302.40344199635103,2.7161424327459827e-06,2.5499999999645775,,
880,0.001,302.40863143184254,302.40862875890889,2.6729336468633846e-06,2.549999999899796,,
880,0.002,302.42421883385316,302.42421629709031,2.5367628495587269e-06,2.5499999993808626,,
880,0.0030000000000000001,302.45028837006669,302.4502860596545,2.3104121851247328e-06,2.549999995907748,,
880,0.0040000000000000001,302.4869748319573,302.48697283682912,1.995128172893601e-06,2.5499999740856052,,
880,0.0050000000000000001,302.53446484499295,302.53446325207392,1.592919034010265e-06,2.549999847461724,,
880,0.0060000000000000001,302.59299463409377,302.59299352716027,1.1069334959756816e-06,2.5499991758918243,,
880,0.0070000000000000001,302.66284694649306,302.66284640450669,5.419863668976177e-07,2.5499959392434088,,
880,0.0080000000000000002,302.74434700911149,302.74434710386851,-9.4757012902846327e-08,2.549981813123555,,
880,0.0090000000000000011,302.83785741737188,302.83785821037378,-7.9300190236608614e-07,2.549926101545628,,
880,0.01,302.94377191511967,302.94377345372561,-1.538605943096627e-06,2.5497278131620749,,
880,0.010999999999999999,303.06250814297266,303.06251045622497,-2.3132523097046942e-06,2.549091354570947,,
880,0.012,303.19449960671915,303.19450270168568,-3.0949665301704954e-06,2.5472494114590947,,
880,0.013000000000000001,303.34018732883021,303.34019118863677,-3.8598065543737903e-06,2.542441430810626,,
880,0.014,303.50001184554515,303.50001643017214,-4.5846269927096728e-06,2.5311102406679415,,
880,0.014999999999999999,303.67440632287395,303.67441157330245,-5.2504285008581064e-06,2.5069521275848827,,
880,0.016,303.86379150649412,303.86379735171437,-5.8452202438274981e-06,2.4602108497948643,,
880,0.017000000000000001,304.06857294762187,304.06857931256582,-6.3649439425716992e-06,2.3777555201194245,,
880,0.018000000000000002,304.28914049287749,304.28914730504783,-6.8121703407086898e-06,2.244261175503115,,
880,0.019,304.52586952332462,304.52587671675764,-7.1934330208023312e-06,2.0440700965644609,,
880,0.02,304.7791230678443,304.77913059411173,-7.5262674386067374e-06,1.7619444052041111,,
890,0,302.43866786003508,302.43866522397656,2.6360585252405144e-06,2.5499999999538097,,
890,0.001,302.44391531109233,302.44391271843432,2.5926580065060989e-06,2.5499999998717064,,
890,0.002,302.45968430331516,302.45968184733493,2.4559802227486216e-06,2.5499999992261855,,
890,0.0030000000000000001,302.48605443921196,302.48605221023217,2.2289797811936296e-06,2.5499999949989776,,
890,0.0040000000000000001,302.52315731713412,302.52315540388639,1.9132477291350369e-06,2.5499999689937263,,
890,0.0050000000000000001,302.57117486914711,302.57117335778116,1.5113659515009203e-06,2.5499998210883108,,
890,0.0060000000000000001,302.63033693402934,302.6303359066913,1.0273380439684843e-06,2.54999905129853,,
890,0.0070000000000000001,302.7009179866011,302.70091751948053,4.6712057155673392e-07,2.5499954062163184,,
890,0.0080000000000000002,302.78323295518572,302.78323311597546,-1.6078973885669257e-07,2.5499797571256417,,
890,0.0090000000000000011,302.87763209859736,302.87763294343472,-8.4483735918183811e-07,2.54991897266498,,
890,0.01,302.98449498850181,302.98449655865056,-1.5701487541264214e-06,2.5497056418104322,,
890,0.010999999999999999,303.10422375200125,303.10422607077447,-2.3187732267615502e-06,2.5490296119703859,,
890,0.012,303.23723586163572,303.23723893225014,-3.0706144116265932e-06,2.5470956713703723,,
890,0.013000000000000001,303.38395689038845,303.38396069545007,-3.8050616240070667e-06,2.5420995246044686,,
890,0.014,303.54481374010118,303.54481824317321,-4.5030720343675057e-06,2.5304316831814537,,
890,0.014999999999999999,303.7202288619921,303.72023401124153,-5.1492494321792037e-06,2.5057509316039495,,
890,0.016,303.91061588944717,303.91062162276967,-5.7333224958711071e-06,2.4583146880161801,,
890,0.017000000000000001,304.11637689761204,304.11638314814593,-6.2505338860319171e-06,2.3750875699601304,,
890,0.018000000000000002,304.33790123365532,304.33790793456177,-6.7009064537160157e-06,2.2409204096408177,,
890,0.019,304.57556560267176,304.57557269044662,-7.0877748612474534e-06,2.0403636913045022,,
890,0.02,304.82973493250506,304.82974235867096,-7.4261658937757602e-06,1.7583389599621313,,
900,0,302.47429680775264,302.47429425817603,2.5495766067251679e-06,2.5499999999401117,,
900,0.001,302.47960356090965,302.47960105484452,2.5060651296371361e-06,2.5499999998366047,,
900,0.002,302.49554979107319,302.49554742191452,2.3691586648055818e-06,2.5499999990374436,,
900,0.0030000000000000001,302.52221306853488,302.52221092645595,2.142078926681279e-06,2.5499999939143896,,
900,0.0040000000000000001,302.55972151898601,302.55971969209241,1.8268935946252896e-06,2.5499999630422079,,
900,0.0050000000000000001,302.60825204981819,302.60825062293537,1.4268828181229765e-06,2.549999790861325,,
900,0.0060000000000000001,302.66802780257063,302.66802685561902,9.4695161578783882e-07,2.549998911102171,,
900,0.0070000000000000001,302.73931479122365,302.73931439714829,3.940753572351241e-07,2.5499948166408055,,
900,0.0080000000000000002,302.82241770807286,302.82241793037002,-2.2229716023502988e-07,2.5499775189379679,,
900,0.0090000000000000011,302.91767492444455,302.91767581444628,-8.9000172920350451e-07,2.5499113252266956,,
900,0.01,303.02545278236317,303.02545437658625,-1.5942230788823508e-06,2.5496821753984826,,
900,0.010999999999999999,303.14613935948796,303.14614167747476,-2.3179867980616109e-06,2.5489650553126211,,
900,0.012,303.28013797983493,303.28014102295634,-3.0431214099735371e-06,2.5469366738436472,,
900,0.013000000000000001,303.42786081690844,303.42786456851775,-3.7516093129852379e-06,2.5417493311469834,,
900,0.014,303.58972297090111,303.58972739800561,-4.4271044998822617e-06,2.5297424885206805,,
900,0.014999999999999999,303.76613737848669,303.76614243479025,-5.0563035642881005e-06,2.5045395418832039,,
900,0.016,303.95751082549521,303.95751645535,-5.6298547974620305e-06,2.4564135204399036,,
900,0.017000000000000001,304.16424119084661,304.16424733345144,-6.14260483189355e-06,2.3724246898605275,,
900,0.018000000000000002,304.38671588499176,304.38672247817595,-6.5931841959354642e-06,2.2375969364716504,,
900,0.019,304.62531130006602,304.6253182832354,-6.9831693849664589e-06,2.0366839625305815,,
900,0.02,304.88039303349649,304.88040032848448,-7.2949879950101604e-06,1.7547618980488648,,
910,0,302.51032148324919,302.51031902735286,2.455896321862383e-06,2.5499999999227803,,
910,0.001,302.51568598274173,302.51568356931375,2.4134279783538659e-06,2.5499999997929548,,
910,0.002,302.53180473735353,302.53180246051301,2.2768405187889584e-06,2.549999998808151,,
910,0.0030000000000000001,302.55875315622984,302.55875110561851,2.0506113287410699e-06,2.549999992625068,,
910,0.0040000000000000001,302.59665571033747,302.59665397299796,1.7373395166941918e-06,2.5499999561102116,,
910,0.0050000000000000001,302.64568409774478,302.64568275674708,1.3409976986622496e-06,2.5499997563240022,,
910,0.0060000000000000001,302.70605464659434,302.70605377931668,8.6727766301919473e-07,2.5499987537700139,,
910,0.0070000000000000001,302.77802494927784,302.77802462536863,3.2390920523539535e-07,2.5499941660164192,,
910,0.0080000000000000002,302.86188974775905,302.8618900268732,-2.7911414690606762e-07,2.5499750871725793,,
910,0.0090000000000000011,302.9579761330728,302.95797706256803,-9.2949522922936012e-07,2.5499031349040249,,
910,0.01,303.06663817882657,303.06663979169116,-1.6128645938806585e-06,2.5496573715520099,,
910,0.010999999999999999,303.18825119200807,303.18825350531711,-2.3133090394367173e-06,2.5488976287939371,,
910,0.012,303.32320582399308,303.32320883805011,-3.0140570288494928e-06,2.5467723762455408,,
910,0.013000000000000001,303.47190233320129,303.4719060311777,-3.6979764104216883e-06,2.5413908726527037,,
910,0.014,303.63474536645941,303.63474971503319,-4.3485737819537462e-06,2.5290427961041879,,
910,0.014999999999999999,303.81214001117468,303.81214496550081,-4.9543261297912977e-06,2.503318215131642,,
910,0.016,304.0044916339948,304.00449714223686,-5.5082420544749766e-06,2.4545076257369995,,
910,0.017000000000000001,304.2122172064017,304.21222321599714,-6.0095954381722549e-06,2.3697670142047826,,
910,0.018000000000000002,304.43578432622331,304.43579089805206,-6.5718287487470661e-06,2.2342906109170619,,
910,0.019,304.67579582535569,304.67580335756821,-7.5322125212551327e-06,2.0330304914662269,,
910,0.02,304.93311238753529,304.93312160341981,-9.2158845177436888e-06,1.7512117729795442,,
920,0,302.54673109185688,302.54672873359806,2.3582588255521841e-06,2.5499999999009666,,
920,0.001,302.55215169837538,302.55214938232075,2.3160546334111132e-06,2.549999999738934,,
920,0.002,302.56843803334465,302.56843585296144,2.1803832055411476e-06,2.5499999985307857,,
920,0.0030000000000000001,302.59566327604546,302.59566132002305,1.956022401827795e-06,2.5499999910982121,,
920,0.0040000000000000001,302.63394816026454,302.63394651421879,1.6460457459288591e-06,2.5499999480634861,,
920,0.0050000000000000001,302.68345912454214,302.68345786953171,1.2550104315778299e-06,2.5499997169788293,,
920,0.0060000000000000001,302.74440572452232,302.74440493530716,7.8921516433183569e-07,2.5499985776636649,,
920,0.0070000000000000001,302.81703732683394,302.81703706992283,2.5691110749903601e-07,2.5499934496176739,,
920,0.0080000000000000002,302.9016391308719,302.90163946243752,-3.3156561585201416e-07,2.549972450075241,,
920,0.0090000000000000011,302.99852760389274,302.99852856768922,-9.6379648084621294e-07,2.5498943770054994,,
920,0.01,303.10804546754383,303.10804709311304,-1.6255692116828868e-06,2.5496311880009817,,
920,0.010999999999999999,303.23055645382055,303.23055875552132,-2.3017007606540574e-06,2.5488272779027499,,
920,0.012,303.36644020779687,303.36644318472236,-2.9769254865641415e-06,2.5466027387408232,,
920,0.013000000000000001,303.51608808555,303.51609172037752,-3.6348275216369075e-06,2.5410241744834567,,
920,0.014,303.67990139996584,303.67990565588826,-4.2559224198157608e-06,2.5283327459385858,,
920,0.014999999999999999,303.85829507689635,303.85829990248538,-4.8255890305881621e-06,2.502087203373192,,
920,0.016,304.05171137993483,304.05171674397138,-5.3640365536011814e-06,2.4525972735269321,,
920,0.017000000000000001,304.26064892924927,304.26065490152882,-5.972279552679538e-06,2.3671146696297525,,
920,0.018000000000000002,304.48570932886241,304.48571615788154,-6.8290191279629653e-06,2.2310012876324565,,
920,0.019,304.72765578177456,304.72766386773492,-8.0859603599492402e-06,2.0294028659787395,,
920,0.02,304.98746745401832,304.98747725776894,-9.8037506290893361e-06,1.7476882393453277,,
930,0,302.58351441471063,302.58351215787275,2.2568378881260287e-06,2.5499999998736493,,
930,0.001,302.58898944966336,302.58898723455178,2.2151115786073206e-06,2.5499999996723846,,
930,0.002,302.60543832166763,302.60543624068373,2.0809839043067768e-06,2.5499999981966561,,
930,0.0030000000000000001,302.63293196580355,302.63293010631355,1.859489998423669e-06,2.5499999892967309,,
930,0.0040000000000000001,302.67158738152159,302.67158582741814,1.5541034485977434e-06,2.549999938753313,,
930,0.0050000000000000001,302.72156580462507,302.72156463475648,1.1698685966621269e-06,2.5499996722852649,,
930,0.0060000000000000001,302.78307017414608,302.78306946055852,7.1358755349137937e-07,2.5499983810354911,,
930,0.0070000000000000001,302.85634193559378,302.85634174165949,1.9393428374314681e-07,2.5499926624915599,,
930,0.0080000000000000002,302.94165725709371,302.94165763563501,-3.7854130141568021e-07,2.5499695955312571,,
930,0.0090000000000000011,303.0393227955654,303.03932378705019,-9.9148479648647481e-07,2.5498850264990662,,
930,0.01,303.14967125965416,303.14967289035934,-1.6307051851072174e-06,2.5496035826211165,,
930,0.010999999999999999,303.27305721707734,303.27305949707988,-2.2800025476499286e-06,2.54875394944587,,
930,0.012,303.40985394311548,303.40985686476029,-2.9216448069746548e-06,2.5464277242419717,,
930,0.013000000000000001,303.56045263827377,303.56045617804347,-3.5397696933614498e-06,2.5406492649943173,,
930,0.014,303.72526598309111,303.72527011267124,-4.1295801338492311e-06,2.5276124784553544,,
930,0.014999999999999999,303.90473845623484,303.90474316723947,-4.7110046352827339e-06,2.5008467539682502,,
930,0.016,304.09936556889886,304.09937090855033,-5.3396514658743399e-06,2.4506827246753353,,
930,0.017000000000000001,304.30972255341442,304.30972865952714,-6.1061127212269639e-06,2.364467775363547,,
930,0.018000000000000002,304.53649989890278,304.53650701178213,-7.1128793592833972e-06,2.2277288212890269,,
930,0.019,304.78053917467372,304.78054761097883,-8.4363051087166241e-06,2.0258006659677261,,
930,0.02,305.04285959596052,305.04286971157927,-1.0115618749750865e-05,1.7441911531852379,,
940,0,302.62066009257984,302.62065793955679,2.1530230469579692e-06,2.5499999998396077,,
940,0.001,302.62618787663325,302.62618576465661,2.1119766415722552e-06,2.549999999590769,,
940,0.002,302.64279425539439,302.64279227540902,1.9799853703261761e-06,2.5499999977957546,,
940,0.0030000000000000001,302.67054794973842,302.67054618743737,1.7623010535317007e-06,2.5499999871788228,,
940,0.0040000000000000001,302.70956229732673,302.70956083459674,1.4627299833591678e-06,2.5499999280154046,,
940,0.0050000000000000001,302.75999348038715,302.75999239367707,1.0867100854738965e-06,2.549999621657435,,
940,0.0060000000000000001,302.82203809918389,302.82203745773052,6.4145336864385172e-07,2.5499981620251728,,
940,0.0070000000000000001,302.89593016939796,302.8959300333251,1.3607285609396058e-07,2.5499917994555021,,
940,0.0080000000000000002,302.98193768432168,302.98193810261779,-4.1829611063803895e-07,2.5499665110720282,,
940,0.0090000000000000011,303.08035898881036,303.08035999725718,-1.0084468158311211e-06,2.5498750580364931,,
940,0.01,303.19151938157898,303.19152100098506,-1.6194060776797414e-06,2.5495745134738859,,
940,0.010999999999999999,303.31576860981659,303.31577084555363,-2.2357370426107082e-06,2.54867759157101,,
940,0.012,303.45348023147415,303.4534830761981,-2.8447239515116962e-06,2.5462472983558619,,
940,0.013000000000000001,303.60505412320771,303.60505756521013,-3.4420024235259916e-06,2.5402661753829974,,
940,0.014,303.77092355007414,303.7709275888397,-4.0387655531048949e-06,2.5268821343580377,,
940,0.014999999999999999,303.95156796100179,303.95157262841821,-4.66741641957924e-06,2.4995971096428424,,
940,0.016,304.14753181668527,304.14753719870083,-5.3820155585526663e-06,2.4487642315826132,,
940,0.017000000000000001,304.35944824180831,304.35945449261516,-6.2508068481292867e-06,2.3618264435571161,,
940,0.018000000000000002,304.58806437884675,304.58807171886673,-7.3400199767093e-06,2.2244730665588448,,
940,0.019,304.83426360628431,304.83427230079343,-8.6945091197776492e-06,2.0222234754339259,,
940,0.02,305.09907905896983,305.09908939619822,-1.0337228388834774e-05,1.7407201728671724,,
950,0,302.65815686439112,302.6581548161455,2.0482456193349208e-06,2.5499999997973846,,
950,0.001,302.66373574994066,302.66373374187373,2.008066928738117e-06,2.5499999994911073,,
950,0.002,302.68049471479407,302.68049283603034,1.8787637259265466e-06,2.5499999973166019,,
950,0.0030000000000000001,302.70850034028319,302.70849867450511,1.6657780861351057e-06,2.5499999846975236,,
950,0.0040000000000000001,302.74786245591832,302.74786108268216,1.3732361594520626e-06,2.5499999156687783,,
950,0.0050000000000000001,302.79873247394971,302.79873146692626,1.0070234566228464e-06,2.5499995644618196,,
950,0.0060000000000000001,302.86130115726428,302.86130058232845,5.7493582517054165e-07,2.5499979186563566,,
950,0.0070000000000000001,302.93579595367351,302.93579586690197,8.6771535734442296e-08,2.5499908550956847,,
950,0.0080000000000000002,303.0224781181775,303.0224785639283,-4.457507998267829e-07,2.5499631838821206,,
950,0.0090000000000000011,303.12163997269084,303.12164098218085,-1.0094900062540546e-06,2.549864445977772,,
950,0.01,303.23360282025561,303.23360441140301,-1.5911473951746302e-06,2.5495439388448915,,
950,0.010999999999999999,303.35871621988042,303.35871839951687,-2.1796364535475732e-06,2.5485981537861697,,
950,0.012,303.49735949093758,303.49736226057524,-2.7696376605490514e-06,2.5460614293290647,,
950,0.013000000000000001,303.64994636953475,303.64994973540007,-3.3658653251222859e-06,2.5398749395441675,,
950,0.014,303.81693357647794,303.81693756322954,-3.98675160795392e-06,2.5261418544797309,,
950,0.014999999999999999,303.99883358105365,303.99883824682399,-4.6657703478558687e-06,2.4983385085227212,,
950,0.016,304.19623102821197,304.19623647711933,-5.448907359095756e-06,2.4468420384599163,,
950,0.017000000000000001,304.409801235624,304.40980762294686,-6.3873228555166861e-06,2.3591907796057159,,
950,0.018000000000000002,304.64032810447247,304.6403356305637,-7.5260912240082689e-06,2.2212338777670722,,
950,0.019,304.88871807345538,304.88872696552971,-8.892074333743949e-06,2.0186708952918146,,
950,0.02,305.15600671979388,305.15601721882251,-1.0499028633148555e-05,1.7372749220684036,,
960,0,302.69599379329145,302.69599184924215,1.9440493019828864e-06,2.5499999997452574,,
960,0.001,302.70162220187393,302.70162029692932,1.9049446109420387e-06,2.5499999993699181,,
960,0.002,302.71852905991926,302.71852728096121,1.7789580510907399e-06,2.5499999967460751,,
960,0.0030000000000000001,302.74677894902305,302.74677737726222,1.5717608334853139e-06,2.5499999818002248,,
960,0.0040000000000000001,302.78647846660613,302.78647717874605,1.2878600728072342e-06,2.5499999015145693,,
960,0.0050000000000000001,302.83777473780515,302.83777380417519,9.3362996267387643e-07,2.5499995000149251,,
960,0.0060000000000000001,302.90085348487531,302.9008529675221,5.1735321449086769e-07,2.5499976488334357,,
960,0.0070000000000000001,302.97593683976089,302.9759367906853,4.9075595143222017e-08,2.5499898237657579,,
960,0.0080000000000000002,303.06328118071087,303.06328164058863,-4.5987775365574635e-07,2.5499596008069103,,
960,0.0090000000000000011,303.16317538981559,303.16317638773148,-9.9791589036613004e-07,2.5498531644155467,,
960,0.01,303.27594005118181,303.27594160607447,-1.5548926626252069e-06,2.5495118172806337,,
960,0.010999999999999999,303.40192820955582,303.40193033407996,-2.1245241441647522e-06,2.5485155869758715,,
960,0.012,303.54152834000712,303.54153104725049,-2.7072433681496477e-06,2.5458700879915446,,
960,0.013000000000000001,303.69517008374874,303.69517339662178,-3.3128730478892976e-06,2.539475593928139,,
960,0.014,303.86333303198217,303.86333699413723,-3.9621550627089164e-06,2.5253917796501346,,
960,0.014999999999999999,304.04655836790323,304.04656305404723,-4.686143995513703e-06,2.4970711841724436,,
960,0.016,304.24546254277368,304.24546806556503,-5.5227913549060759e-06,2.4449163815948776,,
960,0.017000000000000001,304.4607514729089,304.460757983576,-6.5106671058856591e-06,2.3565608824519688,,
960,0.018000000000000002,304.69323316992165,304.69324085069093,-7.6807692721558851e-06,2.2180111087592369,,
960,0.019,304.94382644802045,304.94383549631112,-9.0482906784927764e-06,2.0151425436449055,,
960,0.02,305.21356342614087,305.21357416042412,-1.0734283250712906e-05,1.7338550153317822,,
970,0,302.73416056877278,302.73415872449527,1.8442775058247207e-06,2.5499999996811824,,
970,0.001,302.73983704496942,302.73983524008247,1.804886949230422e-06,2.549999999223151,,
970,0.002,302.75688749995646,302.75688581699671,1.6829597484502301e-06,2.5499999960692201,,
970,0.0030000000000000001,302.78537473991889,302.78537325708464,1.4828342500550207e-06,2.5499999784281719,,
970,0.0040000000000000001,302.82540255143925,302.82540134213792,1.2093013310732204e-06,2.5499998853348336,,
970,0.0050000000000000001,302.87711445938299,302.87711359037911,8.6900388396315975e-07,2.5499994275809459,,
970,0.0060000000000000001,302.94069218438113,302.9406917141057,4.7027543814692763e-07,2.5499973503384687,,
970,0.0070000000000000001,303.01635401842242,303.01635399569693,2.2725487269781297e-08,2.5499886995859447,,
970,0.0080000000000000002,303.1043534220056,303.10435388555356,-4.6354796268133214e-07,2.5499557483607149,,
970,0.0090000000000000011,303.20497823254237,303.20497921175377,-9.7921139285972458e-07,2.5498411871994549,,
970,0.01,303.31855094303239,303.31855246046121,-1.5174288137131953e-06,2.5494781076236266,,
970,0.010999999999999999,303.44543053510534,303.44543261105548,-2.075950135349558e-06,2.5484298434144246,,
970,0.012,303.58601629722762,303.5860189565542,-2.6593265829433221e-06,2.545673247699149,,
970,0.013000000000000001,303.74075388575864,303.74075716668318,-3.2809245453790936e-06,2.5390681774041099,,
970,0.014,303.91014349215976,303.91014745580873,-3.9636489645999973e-06,2.5246320505717685,,
970,0.014999999999999999,304.09474889626932,304.09475363556936,-4.7393000386364292e-06,2.4957953656385814,,
970,0.016,304.2952027294067,304.29520837898048,-5.6495737794648448e-06,2.4429874896074435,,
970,0.017000000000000001,304.51219418649026,304.51220088244258,-6.6959523223886208e-06,2.3539368448609781,,
970,0.018000000000000002,304.74641082276895,304.7464184940514,-7.6712824466085294e-06,2.2148046131812089,,
970,0.019,304.99840315368652,304.9984112413851,-8.0876985748545849e-06,2.0116380532919527,,
970,0.02,305.26838316705005,305.26839061591727,-7.4488672225925256e-06,1.7304608957627017,,
980,0,302.7726479098111,302.77264616192616,1.7478849372309924e-06,2.5499999996027651,,
980,0.001,302.77837118470421,302.7783694746131,1.7100911122724938e-06,2.5499999990461055,,
980,0.002,302.79556152717686,302.79555993416386,1.5930129961816419e-06,2.5499999952690549,,
980,0.0030000000000000001,302.8242802715971,302.82427887050278,1.4010943232278805e-06,2.5499999745159307,,
980,0.0040000000000000001,302.86462893627038,302.86462779705568,1.1392147030164779e-06,2.5499998668912958,,
980,0.0050000000000000001,302.91674827296856,302.916747459021,8.1394756534791668e-07,2.5499993463694408,,
980,0.0060000000000000001,302.98081715573232,302.98081672252459,4.33207731020957e-07,2.5499970208282345,,
980,0.0070000000000000001,303.05705153597137,303.05705153035706,5.614310794044286e-09,2.5499874764425261,,
980,0.0080000000000000002,303.1457037570031,303.14570421751466,-4.6051155777604436e-07,2.5499516127354305,,
980,0.0090000000000000011,303.24706257227223,303.24706353081189,-9.5853965831338428e-07,2.5498284879603608,,
980,0.01,303.36145422253225,303.3614557076686,-1.4851363516754645e-06,2.5494427690458683,,
980,0.010999999999999999,303.48924484557386,303.4892468873482,-2.0417743371581309e-06,2.5483408767763285,,
980,0.012,303.63084419908108,303.63084683563744,-2.6365563599028974e-06,2.5454708842749727,,
980,0.013000000000000001,303.7867099293498,303.78671321693008,-3.2875802844500868e-06,2.5386527311277627,,
980,0.014,303.95735003887313,303.95735406313156,-4.0242584304905904e-06,2.5238628077047913,,
980,0.014999999999999999,304.14331852691942,304.14332339791122,-4.8709918019085308e-06,2.494511277496716,,
980,0.016,304.34519598093408,304.34520177562325,-5.794689172944345e-06,2.441055583696671,,
980,0.017000000000000001,304.56354555989554,304.56355220687442,-6.6469788748690917e-06,2.3513187536737914,,
980,0.018000000000000002,304.79883937102187,304.7988465525155,-7.181493629104807e-06,2.2116142449330622,,
980,0.019,305.05136326311617,305.05137040974478,-7.1466286044596927e-06,2.0081570739905503,,
980,0.02,305.32112541579698,305.32113183719349,-6.4213965060844203e-06,1.7270920731423314,,
990,0,302.8114479743233,302.81144631524751,1.6590757923040655e-06,2.5499999995071931,,
990,0.001,302.81721701946475,302.81721539640284,1.6230619053203554e-06,2.5499999988333513,,
990,0.002,302.8345442802426,302.83454276891581,1.5113267863853252e-06,2.5499999943263494,,
990,0.0030000000000000001,302.86348997384954,302.86348864559039,1.3282591453389614e-06,2.5499999699908251,,
990,0.0040000000000000001,302.90415395861169,302.90415288006091,1.0785507811306161e-06,2.5499998459240727,,
990,0.0050000000000000001,302.95667508947986,302.95667432117398,7.6830588113807607e-07,2.5499992555330069,,
990,0.0060000000000000001,303.02123053431609,303.02123012979683,4.0451925542583922e-07,2.5499966578314406,,
990,0.0070000000000000001,303.09803525967715,303.09803526537706,-5.6999169828486629e-09,2.5499861479876995,,
990,0.0080000000000000002,303.18734192539046,303.1873423815556,-4.5616513943969039e-07,2.5499471798095659,,
990,0.0090000000000000011,303.28944140553295,303.28944234852167,-9.4298871999853873e-07,2.5498150401343853,,
990,0.01,303.40466402295851,303.4046654894313,-1.4664727814306389e-06,2.5494057610806955,,
990,0.010999999999999999,303.53338125454178,303.53338328790926,-2.0333674797257117e-06,2.5482486421441264,,
990,0.012,303.6760070225564,303.67600968041944,-2.6578630354379129e-06,2.545262975950132,,
990,0.013000000000000001,303.83299666698076,303.83300002408691,-3.3571061521797674e-06,2.5382292984134915,,
990,0.014,304.00484041755868,304.00484455416222,-4.1366035361534159e-06,2.5230841911599442,,
990,0.014999999999999999,304.19204715486654,304.19205212138326,-4.9665167125567677e-06,2.4932191399011598,,
990,0.016,304.3951144057956,304.39512016649246,-5.7606968653090007e-06,2.4391208778775653,,
990,0.017000000000000001,304.61448291575869,304.61448929531809,-6.3795594087423524e-06,2.3487066900531199,,
990,0.018000000000000002,304.85047917233351,304.85048583541641,-6.6630828996494529e-06,2.2084398586192715,,
990,0.019,305.10325572907112,305.10326220882968,-6.4797585537235136e-06,2.004699282424705,,
990,0.02,305.37274420599522,305.37274998876273,-5.7827675163935055e-06,1.7237478988704114,,
1000,0,302.85055465438262,302.85055307468684,1.5796957768543507e-06,2.5499999993911837,,
1000,0.001,302.856368711985,302.85636716646246,1.5455225366167724e-06,2.5499999985786315,,
1000,0.002,302.87383074031953,302.87382930107367,1.4392458638212702e-06,2.549999993219398,,
1000,0.0030000000000000001,302.90300020658208,302.90299894156652,1.2650155554183584e-06,2.5499999647723515,,
1000,0.0040000000000000001,302.94397591464156,302.9439748875958,1.027045755108702e-06,2.5499998221503706,,
1000,0.0050000000000000001,302.99689564104796,302.99689491042943,7.3061852390310378e-07,2.549999154164972,,
1000,0.0060000000000000001,303.0619358070461,303.06193542562124,3.8142485436765128e-07,2.5499962587460829,,
1000,0.0070000000000000001,303.13931132894243,303.13931134434387,-1.5401440123241628e-08,2.5499847076398163,,
1000,0.0080000000000000002,303.22927575358398,303.22927621015788,-4.5657390046471846e-07,2.5499424351577171,,
1000,0.0090000000000000011,303.33212166056285,303.3321226026772,-9.4211435452962178e-07,2.5498008169867252,,
1000,0.01,303.44818105147209,303.44818252787599,-1.4764038951398106e-06,2.5493670436529934,,
1000,0.010999999999999999,303.57782501280616,303.57782708038769,-2.0675815335380321e-06,2.5481530960136247,,
1000,0.012,303.72146134592555,303.72146406949963,-2.7235740844844258e-06,2.5450495033037432,,
1000,0.013000000000000001,303.8795282222078,303.87953166582696,-3.4436191640452307e-06,2.5377979246108491,,
1000,0.014,304.05248150890174,304.05248571542523,-4.2065234993060585e-06,2.5222963405991901,,
1000,0.014999999999999999,304.24077361365119,304.24077857371566,-4.9600644729252963e-06,2.4919191686376796,,
1000,0.016,304.44482289564877,304.44482851402859,-5.6183798164965992e-06,2.4371835792092456,,
1000,0.017000000000000001,304.66497501572553,304.66498108855671,-6.0728311837010551e-06,2.3461007297328504,,
1000,0.018000000000000002,304.90146066212623,304.90146687689673,-6.2147705079951265e-06,2.2052813100976447,,
1000,0.019,305.15435691879668,305.1543628832901,-5.9644934253810789e-06,2.0012643703272053,,
1000,0.02,305.42356086777812,305.423566171414,-5.303635873588064e-06,1.7204279108372862,,
1010,0,302.88996368699674,302.88996217631683,1.5106799082786893e-06,2.5499999992509212,,
1010,0.001,302.89582226890326,302.89582079064508,1.478258184306469e-06,2.5499999982747648,,
1010,0.002,302.91341771303871,302.91341633592759,1.377111118472385e-06,2.5499999919237712,,
1010,0.0030000000000000001,302.94280906395102,302.94280785298054,1.2109704812246491e-06,2.5499999587715623,,
1010,0.0040000000000000001,302.98409457419876,302.98409359093012,9.8326864872433362e-07,2.5499997952631466,,
1010,0.0050000000000000001,303.03741153406833,303.03741083605382,6.9801450308659696e-07,2.5499990412971059,,
1010,0.0060000000000000001,303.10293613046235,303.10293577145723,3.5900512784792227e-07,2.5499958208369744,,
1010,0.0070000000000000001,303.18088336653261,303.18088339768923,-3.1156616842054063e-08,2.5499831485839812,,
1010,0.0080000000000000002,303.27150697838755,303.27150745040166,-4.7201410779962316e-07,2.5499373640603884,,
1010,0.0090000000000000011,303.37509910368857,303.37510006940494,-9.6571636731823673e-07,2.5497857916351805,,
1010,0.01,303.49198917961672,303.49199069589412,-1.5162773934207507e-06,2.5493265771078035,,
1010,0.010999999999999999,303.62254119677095,303.62254332364921,-2.1268782575134537e-06,2.548054196296806,,
1010,0.012,303.76714808604424,303.76715088089156,-2.7948473189098877e-06,2.5448304492025691,,
1010,0.013000000000000001,303.92622180620174,303.9262253111558,-3.5049540656473255e-06,2.5373586569853939,,
1010,0.014,304.10017781704704,304.10018204001631,-4.2229692667206109e-06,2.5214993951435547,,
1010,0.014999999999999999,304.28941324269164,304.28941813513802,-4.8924463840194221e-06,2.4906115751783022,,
1010,0.016,304.49427922264982,304.49428466037511,-5.4377252922677144e-06,2.4352438880142291,,
1010,0.017000000000000001,304.71504958424777,304.71505535859035,-5.7743425827538886e-06,2.3435009432750369,,
1010,0.018000000000000002,304.95188966949127,304.95189549486543,-5.825374159940111e-06,2.2021384571596543,,
1010,0.019,305.20483035382358,305.20483589369456,-5.5398709832843451e-06,1.9978520321505366,,
1010,0.02,305.47375244921369,305.47375736384254,-4.9146288461088261e-06,1.7171316936252889,,
1020,0,302.92967251771415,302.92967106585849,1.4518556668008387e-06,2.5499999990819795,,
1020,0.001,302.9355753599711,302.93557393905058,1.4209205119186663e-06,2.5499999979135346,,
1020,0.002,302.95330350731024,302.95330218328172,1.3240285170468269e-06,2.5499999904120494,,
1020,0.0030000000000000001,302.98291579632274,302.98291463204856,1.1642741810646839e-06,2.5499999518904288,,
1020,0.0040000000000000001,303.02451020363389,303.02450925965491,9.4397898919851286e-07,2.5499997649297548,,
1020,0.0050000000000000001,303.07822372875137,303.07822306319133,6.6556003730511293e-07,2.5499989158973539,,
1020,0.0060000000000000001,303.14423221726418,303.14423188640063,3.3086354278566432e-07,2.5499953412334313,,
1020,0.0070000000000000001,303.22275004147804,303.2227501009146,-5.9436558785819216e-08,2.5499814637730118,,
1020,0.0080000000000000002,303.31402943595975,303.31402994201909,-5.0605933665792691e-07,2.5499319515141532,,
1020,0.0090000000000000011,303.41835910987862,303.41836012043262,-1.0105540013682912e-06,2.5497699370733549,,
1020,0.01,303.53606154337052,303.53606311693892,-1.5735683973616688e-06,2.5492843222373218,,
1020,0.010999999999999999,303.66748816639091,303.6674903581723,-2.191781391047698e-06,2.5479519023224992,,
1020,0.012,303.81301149184179,303.81301434563636,-2.8537945695461531e-06,2.5446057987404345,,
1020,0.013000000000000001,303.9730133285031,303.97301686440676,-3.5359036587578885e-06,2.536911544603845,,
1020,0.014,304.14786852789643,304.14787272711277,-4.1992163346549205e-06,2.5206934932878329,,
1020,0.014999999999999999,304.33792437169001,304.33792916149037,-4.7898003572299785e-06,2.4892965667379885,,
1020,0.016,304.54347664167551,304.54348188480827,-5.2431327617341594e-06,2.4333019980899886,,
1020,0.017000000000000001,304.76474447441979,304.76474996735078,-5.4929309953877237e-06,2.3409073963385874,,
1020,0.018000000000000002,305.00184702362958,305.00185250668198,-5.4830524049975793e-06,2.1990111599149542,,
1020,0.019,305.25478542961281,305.25479060943968,-5.179826871426485e-06,1.9944619637212333,,
1020,0.02,305.52343392185634,305.52343796929915,-4.047442814680835e-06,1.7138588566862822,,
1030,0,302.96967982400514,302.96967842551447,1.3984906672703801e-06,2.5499999988792492,,
1030,0.001,302.97562678801984,302.9756254170631,1.3709567383557442e-06,2.5499999974855641,,
1030,0.002,302.99348724768817,302.99348597080217,1.2768859960488044e-06,2.549999988653544,,
1030,0.0030000000000000001,303.0233198766872,303.02331875574089,1.1209463082195725e-06,2.5499999440211689,,
1030,0.0040000000000000001,303.06522235120377,303.0652214468389,9.0436486743783462e-07,2.5499997307905593,,
1030,0.0050000000000000001,303.11933113682136,303.1193305086216,6.2819975710226572e-07,2.5499987768676098,,
1030,0.0060000000000000001,303.18582107723745,303.18582078423702,2.9300042569957441e-07,2.5499948169271409,,
1030,0.0070000000000000001,303.26490461744481,303.26490471875837,-1.0131356020792737e-07,2.549979645928746,,
1030,0.0080000000000000002,303.35683038124603,303.35683093632298,-5.550769515139109e-07,2.5499261822421135,,
1030,0.0090000000000000011,303.4618806876278,303.46188175539754,-1.0677697446226375e-06,2.5497532261935092,,
1030,0.01,303.5803674587662,303.58036909481746,-1.6360512518076575e-06,2.5492402403063479,,
1030,0.010999999999999999,303.71262588783952,303.71262813887836,-2.2510388362206868e-06,2.5478461748349592,,
1030,0.012,303.85900525486289,303.85900815000286,-2.8951399713150749e-06,2.5443755391775271,,
1030,0.013000000000000001,304.01985647504176,304.0198600140568,-3.5390150401326537e-06,2.5364566382233806,,
1030,0.014,304.19551649880697,304.19552063901017,-4.1402032024961954e-06,2.5198787728216545,,
1030,0.014999999999999999,304.38629125902776,304.38629590122008,-4.6421923229900131e-06,2.4879743463328681,,
1030,0.016,304.59244397179668,304.59244894264634,-4.9708496590028517e-06,2.4313580969142174,,
1030,0.017000000000000001,304.81420907132946,304.81421417516509,-5.1038356332355761e-06,2.3383201499609489,,
1030,0.018000000000000002,305.05187369019086,305.05187902681365,-5.3366227916740172e-06,2.1958992807401376,,
1030,0.019,305.30597295467089,305.3059794110531,-6.4563822093077761e-06,1.9910938636142035,,
1030,0.02,305.5775830060071,305.57759216839429,-9.1623871867341222e-06,1.7106097651871499,,
1040,0,303.00998472779611,303.00998337564238,1.3521537312044529e-06,2.5499999986368462,,
1040,0.001,303.01597566964864,303.01597434459603,1.3250526080810232e-06,2.5499999969801928,,
1040,0.002,303.0339679757526,303.03396674368145,1.2320711562097131e-06,2.5499999866139973,,
1040,0.0030000000000000001,303.06402002749218,303.06401895020417,1.0772880045806232e-06,2.5499999350455558,,
1040,0.0040000000000000001,303.10622889858661,303.10622803748936,8.6109724861671566e-07,2.5499996924575363,,
1040,0.0050000000000000001,303.16072993030338,303.16072934658615,5.8371722388983471e-07,2.5499986230415153,,
1040,0.0060000000000000001,303.22769595617871,303.22769571098877,2.4518993768651853e-07,2.5499942447701969,,
1040,0.0070000000000000001,303.30733596510925,303.30733611943185,-1.5432260624947958e-07,2.5499776875436821,,
1040,0.0080000000000000002,303.39989290233325,303.39989351606664,-6.1373339121928439e-07,2.5499200407046234,,
1040,0.0090000000000000011,303.50564022454881,303.50564135415186,-1.1296030493213038e-06,2.5497356318089812,,
1040,0.01,303.62487678580766,303.62487847998926,-1.6941816056714742e-06,2.5491942930761473,,
1040,0.010999999999999999,303.75791971604718,303.75792200914964,-2.293102454586915e-06,2.5477369759904733,,
1040,0.012,303.90509534486955,303.90509824710301,-2.9022334615547152e-06,2.5441396598797748,,
1040,0.013000000000000001,304.06672928679336,304.06673277006541,-3.483272053017572e-06,2.5359939901851445,,
1040,0.014,304.24313910888981,304.2431430932607,-3.9843708918851917e-06,2.5190553707566687,,
1040,0.014999999999999999,304.43463695035757,304.43464131674665,-4.3663890778589121e-06,2.4866451128397165,,
1040,0.016,304.6415542001431,304.64155887110724,-4.6709641310371808e-06,2.4294123658449021,,
1040,0.017000000000000001,304.86430230520892,304.86430740318491,-5.0979759862457286e-06,2.3357392608417311,,
1040,0.018000000000000002,305.10347704864125,305.10348304179877,-5.9931575151495053e-06,2.1928026840179693,,
1040,0.019,305.35999444404962,305.3600021540322,-7.7099825830373447e-06,1.9877474383229743,,
1040,0.02,305.63522064074044,305.63523111438093,-1.0473640486452496e-05,1.7073839629933072,,
1050,0,303.05058591511033,303.05058460903189,1.3060784453955421e-06,2.5499999983480155,,
1050,0.001,303.05662056236412,303.05661928344119,1.2789229231202626e-06,2.5499999963853295,,
1050,0.002,303.07474381620517,303.07474263055389,1.185651285595668e-06,2.5499999842552654,,
1050,0.0030000000000000001,303.1050135032886,303.10501247328841,1.0300001918039925e-06,2.5499999248342009,,
1050,0.0040000000000000001,303.14752560192471,303.14752478995212,8.1197259760301677e-07,2.5499996495128565,,
1050,0.0050000000000000001,303.20241354141905,303.20241300981502,5.3160403012952884e-07,2.5499984531823081,,
1050,0.0060000000000000001,303.26984701299193,303.26984682370647,1.8928545841845335e-07,2.5499936214733245,,
1050,0.0070000000000000001,303.35003008276021,303.35003029638966,-2.1362944835345843e-07,2.5499755808829563,,
1050,0.0080000000000000002,303.443198358259,303.44319903207497,-6.7381597546045668e-07,2.5499135111102409,,
1050,0.0090000000000000011,303.54961498590478,303.54961617031068,-1.1844059031318466e-06,2.549717126676204,,
1050,0.01,303.66956543209187,303.66956716468309,-1.732591215386492e-06,2.549146442826832,,
1050,0.010999999999999999,303.80335146246335,303.80335375908658,-2.2966232222643157e-06,2.5476242693521729,,
1050,0.012,303.95128565281721,303.95128849738427,-2.8445670636756404e-06,2.5438981522584361,,
1050,0.013000000000000001,304.11368924554961,304.11369258640593,-3.3408563240300282e-06,2.5355236543117448,,
1050,0.014,304.29089802904969,304.29090179672778,-3.7676780948459054e-06,2.5182234232593341,,
1050,0.014999999999999999,304.48328242626098,304.48328658582977,-4.1595687889639521e-06,2.4853090610564754,,
1050,0.016,304.69128774381392,304.69129237661485,-4.6328009375429247e-06,2.4274649803165445,,
1050,0.017000000000000001,304.91549698523357,304.91550236872672,-5.3834931463825342e-06,2.3331647816119934,,
1050,0.018000000000000002,305.15671120903841,305.15671784694263,-6.6379042209518957e-06,2.1897212358845297,,
1050,0.019,305.41603283718467,305.41604141639328,-8.5792086110814125e-06,1.9844224133044064,,
1050,0.02,305.6949298928223,305.69494119130138,-1.1298479080323887e-05,1.7041808587032812,,
1060,0,303.09148090768485,303.09147965089818,1.2567866747303924e-06,2.5499999980050361,,
1060,0.001,303.09755877274722,303.097557543486,1.2292612154851668e-06,2.5499999956873038,,
1060,0.002,303.11581140311216,303.11581026825382,1.1348583370818233e-06,2.549999981534989,,
1060,0.0030000000000000001,303.14629573848163,303.14629476120189,9.7727973979999661e-07,2.5499999132458084,,
1060,0.0040000000000000001,303.18910609196581,303.18910533533602,7.5662978815671522e-07,2.5499996015074502,,
1060,0.0050000000000000001,303.24437317543868,303.24437270204487,4.7339381126221269e-07,2.5499982659807157,,
1060,0.0060000000000000001,303.31226255811299,303.31226242907348,1.2903950619147508e-07,2.5499929436042676,,
1060,0.0070000000000000001,303.39297242684432,303.39297269985389,-2.7300956162434886e-07,2.5499733179866255,,
1060,0.0080000000000000002,303.48673057441988,303.48673130034899,-7.259291123773437e-07,2.5499065774268828,,
1060,0.0090000000000000011,303.59379072294291,303.59379194071096,-1.2177680446257e-06,2.5496976835162308,,
1060,0.01,303.71442866305267,303.7144303933261,-1.7302734249824425e-06,2.5490966523782257,,
1060,0.010999999999999999,303.84893931213503,303.84894155219462,-2.2400595867111406e-06,2.5475080198831059,,
1060,0.012,303.99763664983544,303.9976393744073,-2.7245718570156896e-06,2.5436510097099609,,
1060,0.013000000000000001,304.16085940696797,304.16086258144855,-3.174480582401884e-06,2.5350456858087194,,
1060,0.014,304.3389859756486,304.33898958651304,-3.6108644394516887e-06,2.5173830655890903,,
1060,0.014999999999999999,304.53246169674168,304.53246579725294,-4.1005112620950968e-06,2.4839663817637678,,
1060,0.016,304.74183989896284,304.74184465874521,-4.7597823709111253e-06,2.4255161100332212,,
1060,0.017000000000000001,304.96783462648273,304.96784036562218,-5.7391394534533902e-06,2.3305967610780653,,
1060,0.018000000000000002,305.21137846653323,305.2113856554289,-7.1888956654220237e-06,2.1866548042113694,,
1060,0.019,305.47367470831108,305.47368392489903,-9.2165879550520913e-06,1.9811185241206666,,
1060,0.02,305.75623112026994,305.75624298835777,-1.1868087824495888e-05,1.7010000315800529,,
1070,0,303.1326656309048,303.13266442902926,1.2018755342069198e-06,2.5499999975990941,,
1070,0.001,303.13878597594686,303.1387848020621,1.1738847547348996e-06,2.5499999948706984,,
1070,0.002,303.15716566088003,303.15716458270765,1.0781723744912597e-06,2.5499999784062322,,
1070,0.0030000000000000001,303.18786042256966,303.18785950384728,9.1872237817369751e-07,2.5499999001264118,,
1070,0.0040000000000000001,303.23096242448685,303.23096172819868,6.9628816845579422e-07,2.5499995479595672,,
1070,0.0050000000000000001,303.28659910792771,303.28659869531373,4.1261398564529372e-07,2.5499980600529009,,
1070,0.0060000000000000001,303.35493151298004,303.35493144168868,7.1291367476078449e-08,2.5499922075863828,,
1070,0.0070000000000000001,303.43615208597043,303.43615240716582,-3.2119538673214265e-07,2.5499708906722658,,
1070,0.0080000000000000002,303.53048213548038,303.53048288999867,-7.5451828251971165e-07,2.5498992233931568,,
1070,0.0090000000000000011,303.63816936491696,303.63817057920051,-1.2142835430495325e-06,2.5496772750358012,,
1070,0.01,303.75948631067843,303.75948799417921,-1.6835007841109473e-06,2.5490448851092977,,
1070,0.010999999999999999,303.89473101997373,303.89473316671859,-2.1467448618750495e-06,2.5473881939377403,,
1070,0.012,304.04423180263808,304.04423440009629,-2.5974582058552187e-06,2.5433982275562652,,
1070,0.013000000000000001,304.20835818393954,304.20836123149104,-3.0475515018224542e-06,2.5345601411698158,,
1070,0.014,304.3875399973652,304.3875435339873,-3.5366221027288702e-06,2.5165344320415,,
1070,0.014999999999999999,304.58229562905927,304.58229976574688,-4.1366876075699111e-06,2.4826172617872881,,
1070,0.016,304.79326865472729,304.79327360301403,-4.9482867439110123e-06,2.4235659191584342,,
1070,0.017000000000000001,305.02126969031787,305.0212757759013,-6.0855834362882888e-06,2.3280352444391577,,
1070,0.018000000000000002,305.26731776707015,305.26732541961678,-7.6525466283783317e-06,2.183603258864117,,
1070,0.019,305.53267376843706,305.5326834838213,-9.7153842375519162e-06,1.9778355064495552,,
1070,0.02,305.81885824740323,305.81887054560599,-1.2298202761940047e-05,1.6978411054006008,,
1080,0,303.17413438911075,303.1741332483432,1.1407675515329174e-06,2.5499999971201763,,
1080,0.001,303.18029626326518,303.1802951507305,1.112534675939969e-06,2.5499999939181754,,
1080,0.002,303.19880007938724,303.19879906307068,1.0163165597987245e-06,2.5499999748171187,,
1080,0.0030000000000000001,303.22970018825379,303.2296993314983,8.5675549144070828e-07,2.5499998853085772,,
1080,0.0040000000000000001,303.27308640386718,303.27308576806644,6.3580074538549525e-07,2.5499994883533228,,
1080,0.0050000000000000001,303.32908286613639,303.32908250917177,3.5696461964107584e-07,2.5499978339384604,,
1080,0.0060000000000000001,303.3978465263063,303.39784650027394,2.6032353162008803e-08,2.5499914096973972,,
1080,0.0070000000000000001,303.47956542916762,303.47956577757492,-3.4840729767893208e-07,2.5499682905378585,,
1080,0.0080000000000000002,303.57445714705335,303.57445790206117,-7.5500781804294093e-07,2.5498914325298312,,
1080,0.0090000000000000011,303.6827679789634,303.68276915979374,-1.180830338398664e-06,2.5496558739478798,,
1080,0.01,303.80477383915638,303.80477545330473,-1.614148345652211e-06,2.5489911049761709,,
1080,0.010999999999999999,303.94078405791436,303.94078610701564,-2.0491012833190325e-06,2.5472647592519815,,
1080,0.012,304.09114949189592,304.0911519836668,-2.4917708856264653e-06,2.5431398029854946,,
1080,0.013000000000000001,304.25627624894383,304.25627921533072,-2.9663868872376042e-06,2.5340670780860064,,
1080,0.014,304.43664583454955,304.43664935411175,-3.5195621990169457e-06,2.5156776558961167,,
1080,0.014999999999999999,304.63284155318769,304.63284577333036,-4.2201426708743384e-06,2.4812618840610798,,
1080,0.016,304.84557960899156,304.84558476177966,-5.1527881055335456e-06,2.4216145665010558,,
1080,0.017000000000000001,305.07574178126947,305.07574818624255,-6.4049730781334802e-06,2.3254802734880142,,
1080,0.018000000000000002,305.32440519080757,305.32441324012177,-8.0493142036175414e-06,2.1805664718330622,,
1080,0.019,305.59286397433561,305.5928740997137,-1.012537808264824e-05,1.9745730954724008,,
1080,0.02,305.88263730329186,305.882650655193,-1.3351901145597367e-05,1.6947037280238499,,
1090,0,303.21588038726554,303.21587930941098,1.0778545629364089e-06,2.5499999965569202,,
1090,0.001,303.22208274893188,303.22208170092057,1.0480113132871338e-06,2.549999992810287,,
1090,0.002,303.24070757182545,303.2407066188498,9.5297565394503181e-07,2.5499999707104397,,
1090,0.0030000000000000001,303.27180786170686,303.27180706535364,7.963532198118628e-07,2.5499998686105987,,
1090,0.0040000000000000001,303.31547128616745,303.31547070484294,5.8132451385972672e-07,2.549999422137244,,
1090,0.0050000000000000001,303.37181925201537,303.37181893912418,3.1289118851418607e-07,2.5499975860984891,,
1090,0.0060000000000000001,303.4410058282694,303.441005830108,-1.8386003830528352e-09,2.5499905460683689,,
1090,0.0070000000000000001,303.52321680436233,303.52321715813025,-3.5376791629460058e-07,2.5499655089649571,,
1090,0.0080000000000000002,303.61866934363951,303.61867007630497,-7.3266545541628147e-07,2.5498831881514032,,
1090,0.0090000000000000011,303.72761289191084,303.72761402098382,-1.1290729844404268e-06,2.5496334529916571,,
1090,0.01,303.85033219114518,303.85033372855753,-1.5374123449873878e-06,2.5489352765287463,,
1090,0.010999999999999999,303.98715336588526,303.98715532600772,-1.9601224607868062e-06,2.5471376849318577,,
1090,0.012,304.13845401192191,304.13845642420517,-2.412283265584847e-06,2.5428757349934474,,
1090,0.013000000000000001,304.30467792943409,304.30468085517742,-2.9257433311613568e-06,2.5335665553582452,,
1090,0.014,304.4863544536197,304.48635800422034,-3.5506006383911881e-06,2.514812869368825,,
1090,0.014999999999999999,304.68412068565658,304.68412504034677,-4.354690190666588e-06,2.4799004276915615,,
1090,0.016,304.89874036142902,304.89874578708526,-5.4256562407317688e-06,2.419662205696429,,
1090,0.017000000000000001,305.131101849853,305.13110865013908,-6.8002860871274606e-06,2.3229318868047191,,
1090,0.018000000000000002,305.38216004182163,305.38216829860903,-8.2567873960215366e-06,2.1775443170695983,,
1090,0.019,305.65278333207988,305.65279253892209,-9.2068422077318246e-06,1.9713310273615272,,
1090,0.02,305.94351733473934,305.94352638822841,-9.0534890659910161e-06,1.6915862681278364,,
1100,0,303.25789675175997,303.25789573814609,1.0136138826055685e-06,2.5499999958964823,,
1100,0.001,303.2641386433267,303.26413765855648,9.8477022447696072e-07,2.5499999915252749,,
1100,0.002,303.28288168069565,303.28288078771834,8.9297731165061123e-07,2.5499999660232464,,
1100,0.0030000000000000001,303.31417780306805,303.31417706058522,7.4248282544431277e-07,2.5499998498356629,,
1100,0.0040000000000000001,303.35811311368519,303.35811257633884,5.3734635230284766e-07,2.5499993487228063,,
1100,0.0050000000000000001,303.41480732967977,303.4148070463138,2.833659777934372e-07,2.5499973149137078,,
1100,0.0060000000000000001,303.48441331794521,303.48441333003643,-1.2091220469301334e-08,2.5499896126828183,,
1100,0.0070000000000000001,303.56711706417525,303.56711740493574,-3.4076049360010074e-07,2.5499625371221217,,
1100,0.0080000000000000002,303.66313855823262,303.66313925312073,-6.9488811504925252e-07,2.5498744733777778,,
1100,0.0090000000000000011,303.77273420509903,303.77273527460375,-1.0695047194531071e-06,2.5496099849520086,,
1100,0.01,303.8962014399317,303.89620290532321,-1.4653915059170686e-06,2.5488773649259819,,
1100,0.010999999999999999,304.03388615139045,304.03388804366131,-1.8922708591162518e-06,2.5470069414408973,,
1100,0.012,304.18619313164533,304.18619550395425,-2.3723089270788478e-06,2.5426060243255639,,
1100,0.013000000000000001,304.35359876274327,304.35360170742206,-2.9446787834785937e-06,2.5330586328136557,,
1100,0.014,304.53666306052065,304.53666672743748,-3.6669168252956297e-06,2.5139402035683664,,
1100,0.014999999999999999,304.73603472783492,304.7360393225955,-4.5947605826768267e-06,2.4785330680224678,,
1100,0.016,304.95243875005167,304.95244446940842,-5.7193567499780329e-06,2.4177089853825846,,
1100,0.017000000000000001,305.18663419067155,305.18664108558949,-6.8949179308219755e-06,2.3203901199434949,,
1100,0.018000000000000002,305.439335086021,305.43934292320228,-7.8371812719524314e-06,2.1745366701923206,,
1100,0.019,305.71110272167425,305.71111096725537,-8.2455811138970603e-06,1.9681090338700704,,
1100,0.02,306.0022384600137,306.00224644630305,-7.9862893471727148e-06,1.6884885714225342,,
1110,0,303.30017772057914,303.30017676512142,9.5545772182958899e-07,2.5499999951243804,,
1110,0.001,303.30645843623853,303.30645750803461,9.2820391728309914e-07,2.5499999900388515,,
1110,0.002,303.32531771554767,303.32531687423113,8.4131653466101852e-07,2.5499999606864208,,
1110,0.0030000000000000001,303.35680689047956,303.35680619111753,6.9936203317411128e-07,2.5499998287709955,,
1110,0.0040000000000000001,303.40101134016686,303.40101083346428,5.0670257678575581e-07,2.5499992674829794,,
1110,0.0050000000000000001,303.45805039848221,303.45805012939138,2.6909083317150362e-07,2.5499970186826566,,
1110,0.0060000000000000001,303.52807756689486,303.52807757380185,-6.9069869823579211e-09,2.5499886053760528,,
1110,0.0070000000000000001,303.61128137852916,303.61128169349865,-3.1496949759457493e-07,2.5499593659686046,,
1110,0.0080000000000000002,303.70788733679558,303.7078879874577,-6.5066211618614034e-07,2.5498652711459755,,
1110,0.0090000000000000011,303.81816136261006,303.81816237638799,-1.0137779327124008e-06,2.549585442678385,,
1110,0.01,303.94241504714694,303.94241645861013,-1.4114631881056994e-06,2.548817335949892,,
1110,0.010999999999999999,304.08101259790584,304.08101445959727,-1.8616914303493104e-06,2.5468725005864266,,
1110,0.012,304.23437853591599,304.23438093082262,-2.39490663034303e-06,2.5423306734197806,,
1110,0.013000000000000001,304.4030038626675,304.40300691159428,-3.0489267714983725e-06,2.5325433712252687,,
1110,0.014,304.587446717462,304.58745056916024,-3.851698238577228e-06,2.5130597884567774,,
1110,0.014999999999999999,304.7883221045708,304.78832689685231,-4.792281515619834e-06,2.4771599767002348,,
1110,0.016,305.00627523243043,305.00628102644794,-5.7940175111070857e-06,2.4157550493709925,,
1110,0.017000000000000001,305.24193567737683,305.24194238967482,-6.7122979885425593e-06,2.3178550056041454,,
1110,0.018000000000000002,305.49585546809715,305.49586283450532,-7.3664081696733774e-06,2.1715434081730711,,
1110,0.019,305.7684419036969,305.7684495060422,-7.6023453061679902e-06,1.9649068253762596,,
1110,0.02,306.05990210499675,306.05990946402176,-7.3590250053712225e-06,1.685410752716159,,
1120,0,303.34271963456933,303.34271872656291,9.0800642738031456e-07,2.5499999942243243,,
1120,0.001,303.34903883755356,303.34903795484388,8.8270968490178348e-07,2.5499999883239766,,
1120,0.002,303.36801352960362,303.36801272791013,8.0169348848357913e-07,2.5499999546242376,,
1120,0.0030000000000000001,303.39969498812786,303.39969431867269,6.6945517573913094e-07,2.5499998051869874,,
1120,0.0040000000000000001,303.4441688117609,303.44416832171891,4.9004199809132842e-07,2.549999177750768,,
1120,0.0050000000000000001,303.50155528827287,303.50155501989195,2.6838091571335099e-07,2.5499966956199662,,
1120,0.0060000000000000001,303.57201022168766,303.57201021230435,9.3833136816101614e-09,2.5499875198346724,,
1120,0.0070000000000000001,303.65572648655774,303.6557267700249,-2.8346715907900943e-07,2.549955986258281,,
1120,0.0080000000000000002,303.75293656073501,303.75293717081831,-6.1008330476397532e-07,2.5498555642218954,,
1120,0.0090000000000000011,303.86391615343769,303.86391712953434,-9.7609665772324661e-07,2.5495597991031285,,
1120,0.01,303.98898872777028,303.9889901225244,-1.3947541219749837e-06,2.5487551560182657,,
1120,0.010999999999999999,304.12853016287261,304.12853204964068,-1.8867680751100124e-06,2.5467343355047469,,
1120,0.012,304.28297201870066,304.28297449462042,-2.4759197572166158e-06,2.5420496863500617,,
1120,0.013000000000000001,304.4528009942772,304.452804173206,-3.1789288073014177e-06,2.5320208322350148,,
1120,0.014,304.63855153062951,304.63855552142604,-3.9907965287966363e-06,2.5121717528136376,,
1120,0.014999999999999999,304.84078858604755,304.84079345679925,-4.8707516953072627e-06,2.4757813217401083,,
1120,0.016,305.06007888506866,305.06008462209815,-5.7370294825886958e-06,2.4138005368124698,,
1120,0.017000000000000001,305.29695159694336,305.29695807327039,-6.4763270302137244e-06,2.3153265737826092,,
1120,0.018000000000000002,305.55185300316958,305.55185997148476,-6.9683151764365903e-06,2.1685644087971068,,
1120,0.019,305.82510313859592,305.82511025777933,-7.1191834081218985e-06,1.9617241073678704,,
1120,0.02,306.11686412964411,306.11687102924219,-6.8995980768704612e-06,1.6823526545957186,,
1130,0,303.38552152013284,303.38552064571684,8.7441600271631614e-07,2.5499999931780413,,
1130,0.001,303.39187929101075,303.39187843984826,8.511624969287368e-07,2.5499999863506098,,
1130,0.002,303.41096982129125,303.41096904514558,7.7614566862393986e-07,2.5499999477538919,,
1130,0.0030000000000000001,303.4428448761272,303.44284422270573,6.5342146626790054e-07,2.549999778836312,,
1130,0.0040000000000000001,303.48759113688067,303.48759065076291,4.8611775582685368e-07,2.5499990788177662,,
1130,0.0050000000000000001,303.54533093162382,303.54533065410368,2.7752014375437284e-07,2.5499963438547,,
1130,0.0060000000000000001,303.61622346677615,303.61622343684337,2.9932778033980867e-08,2.549986351596258,,
1130,0.0070000000000000001,303.70046668489999,303.70046694169639,-2.567963974797749e-07,2.5499523885438067,,
1130,0.0080000000000000002,303.79829977355774,303.7983003603664,-5.8680865322457976e-07,2.5498453352120811,,
1130,0.0090000000000000011,303.91000613321671,303.91000710245345,-9.6923673709170544e-07,2.5495330272592005,,
1130,0.01,304.03591626069789,304.03591767846848,-1.4177705907059135e-06,2.5486907921961821,,
1130,0.010999999999999999,304.17640953957982,304.17641148736425,-1.9477844261928112e-06,2.5465924206453674,,
1130,0.012,304.3319134369732,304.33191600746073,-2.5704875383780745e-06,2.5417630687708441,,
1130,0.013000000000000001,304.50289825479757,304.5029015394922,-3.2846946282916178e-06,2.5314910782799878,,
1130,0.014,304.68986560337157,304.68986967170758,-4.068336011187057e-06,2.5112762242038271,,
1130,0.014999999999999999,304.89332938005987,304.8933342532556,-4.873195734944602e-06,2.4743972675925612,,
1130,0.016,305.11378935106421,305.1137949774253,-5.6263610872520076e-06,2.411845582357711,,
1130,0.017000000000000001,305.35169931572989,305.35170555582636,-6.2400964679909521e-06,2.312804851897023,,
1130,0.018000000000000002,305.60743384929242,305.60744047866882,-6.6293764007241407e-06,2.1655995498352354,,
1130,0.019,305.88125912099679,305.88126585347021,-6.7324734231988259e-06,1.9585605986211971,,
1130,0.02,306.17331360912158,306.17332014658501,-6.5374634345971572e-06,1.679314066435045,,
1140,0,303.42858516646248,303.42858431063939,8.5582308884113445e-07,2.5499999919650809,,
1140,0.001,303.43498196942323,303.43498113505512,8.3436810882631107e-07,2.5499999840854572,,
1140,0.002,303.45418987770631,303.45418911322867,7.6447764740805724e-07,2.5499999399850255,,
1140,0.0030000000000000001,303.48626155761241,303.48626090822466,6.4938774357869988e-07,2.549999749453014,,
1140,0.0040000000000000001,303.53128535990402,303.53128486914682,4.9075720198743511e-07,2.5499989699327146,,
1140,0.0050000000000000001,303.58938623340833,303.58938594370642,2.8970191578991944e-07,2.549995961428777,,
1140,0.0060000000000000001,303.66072706924245,303.66072702347242,4.577003664962831e-08,2.5499850960492458,,
1140,0.0070000000000000001,303.74551044711302,303.74551069119491,-2.440818889226648e-07,2.5499485631809868,,
1140,0.0080000000000000002,303.84398061653729,303.84398120265143,-5.861141403329384e-07,2.5498345665754707,,
1140,0.0090000000000000011,303.9564253261384,303.95642631564681,-9.8950840765610337e-07,2.5495051002973228,,
1140,0.01,304.08317682961399,304.08317829423044,-1.4646164459009015e-06,2.5486242122063376,,
1140,0.010999999999999999,304.22461109860672,304.22461311806927,-2.0194625562908186e-06,2.5464467317543575,,
1140,0.012,304.38114405151782,304.38114670625146,-2.6547336346993688e-06,2.5414708278623359,,
1140,0.013000000000000001,304.55322358445818,304.55322694270171,-3.3582435321477533e-06,2.5309541725218367,,
1140,0.014,304.74131648694305,304.74132058750831,-4.1005652633430145e-06,2.5103733289486447,,
1140,0.014999999999999999,304.94589001158937,304.94589484544116,-4.8338517899537692e-06,2.4730079752099767,,
1140,0.016,305.16738891048493,305.16739440591522,-5.4954302868281957e-06,2.4098903163121692,,
1140,0.017000000000000001,305.40620997794036,305.40621599451094,-6.016570580413827e-06,2.3102898648819705,,
1140,0.018000000000000002,305.66267724910392,305.66268358425009,-6.3351461676575127e-06,2.1626487085800732,,
1140,0.019,305.93702163941788,305.93702804867667,-6.4092587876984908e-06,1.9554160327186136,,
1140,0.02,306.22936873698052,306.22937491385198,-6.1768714658683166e-06,1.6762947583602723,,
1150,0,303.47191462405169,303.47191377428891,8.4976278458270826e-07,2.5499999905626183,,
1150,0.001,303.47835118820984,303.47835035810925,8.3010058915533591e-07,2.5499999814916974,,
1150,0.002,303.49767874009888,303.49767797661144,7.6348743505150196e-07,2.5499999312192214,,
1150,0.0030000000000000001,303.5299510431787,303.52995039043128,6.5274741700704908e-07,2.5499997167515893,,
1150,0.0040000000000000001,303.57525831324745,303.57525781526533,4.9798211421148153e-07,2.5499988503000757,,
1150,0.0050000000000000001,303.63372811582332,303.63372781748473,2.9833859116479289e-07,2.5499955462954724,,
1150,0.0060000000000000001,303.70552655083787,303.7055264994857,5.1352174068597378e-08,2.5499837484329571,,
1150,0.0070000000000000001,303.79085957613074,303.79085982361789,-2.4748715077294037e-07,2.549944500333337,,
1150,0.0080000000000000002,303.88997418392279,303.88997478851962,-6.0459683481894899e-07,2.5498232406351158,,
1150,0.0090000000000000011,304.00315896683242,304.00315999409275,-1.0272603390149015e-06,2.5494759915025091,,
1150,0.01,304.13074342108547,304.13074494255517,-1.5214696986731724e-06,2.54855538443829,,
1150,0.010999999999999999,304.27309518557013,304.27309727427632,-2.0887061964458553e-06,2.5462972458569602,,
1150,0.012,304.4306143751233,304.43061709715664,-2.7220333436162036e-06,2.5411729722768497,,
1150,0.013000000000000001,304.60372430994346,304.6037277121286,-3.4021851433863048e-06,2.5304101787792277,,
1150,0.014,304.7928583507499,304.79286244629554,-4.095545648397092e-06,2.5094631921000499,,
1150,0.014999999999999999,304.99844339609871,304.99844815483578,-4.7587370772816939e-06,2.4716136021132757,,
1150,0.016,305.22088246203964,305.22088780686323,-5.344823591713066e-06,2.4079348647843886,,
1150,0.017000000000000001,305.46054272763678,305.46054852878802,-5.8011512464872794e-06,2.3077816352460654,,
1150,0.018000000000000002,305.7177611755892,305.71776731117376,-6.1355845559774025e-06,2.1597117619974653,,
1150,0.019,305.99288124081556,305.99288775934428,-6.5185287212443654e-06,1.9522901555221868,,
1150,0.02,306.28631844642661,306.28632561187624,-7.1654496309747628e-06,1.6732959780737582,,
1160,0,303.51551521420595,303.51551436106308,8.5314286479842849e-07,2.5499999889452303,,
1160,0.001,303.52199236368244,303.52199152972071,8.3396173522487516e-07,2.5499999785286951,,
1160,0.002,303.54144203108393,303.54144126260542,7.6847851460115635e-07,2.5499999213494879,,
1160,0.0030000000000000001,303.57391903874071,303.573918380083,6.5865771148310159e-07,2.549999680426057,,
1160,0.0040000000000000001,303.61951528441125,303.61951478107454,5.0333670742475078e-07,2.549998719078626,,
1160,0.0050000000000000001,303.67836045895098,303.67836015867357,3.0027740649529733e-07,2.5499950963180216,,
1160,0.0060000000000000001,303.75062287985327,303.75062283392828,4.5924991809442872e-08,2.5499823038378633,,
1160,0.0070000000000000001,303.83651022084558,303.83651048535256,-2.6450697987456806e-07,2.5499401899768777,,
1160,0.0080000000000000002,303.93626980285711,303.93627043922515,-6.3636804270572611e-07,2.5498113395898612,,
1160,0.0090000000000000011,304.05018798906417,304.05018906321379,-1.0741496225818992e-06,2.5494456743099803,,
1160,0.01,304.17858812810539,304.17858970747744,-1.5793720535839384e-06,2.5484842779564252,,
1160,0.010999999999999999,304.32182646670816,304.32182861487456,-2.1481664020939206e-06,2.5461439412391926,,
1160,0.012,304.48028558609752,304.48028835488333,-2.7687858050740033e-06,2.5408695120857492,,
1160,0.013000000000000001,304.65436532591622,304.65436874440422,-3.4184880064458412e-06,2.5298591614631332,,
1160,0.014,304.84447199386216,304.84447605546796,-4.0616058072373562e-06,2.508545937418214,,
1160,0.014999999999999999,305.05100800027293,305.05101265690445,-4.6566315177187789e-06,2.4702143024592895,,
1160,0.016,305.27436564830271,305.27437082482248,-5.1765197781605821e-06,2.4059793498280393,,
1160,0.017000000000000001,305.51492968260334,305.51493531989831,-5.6372949757133028e-06,2.3052801831065528,,
1160,0.018000000000000002,305.77309180677065,305.7730979161081,-6.1093374483789376e-06,2.1567885871770214,,
1160,0.019,306.04927572725791,306.04928239961151,-6.6723536065182998e-06,1.9491827303185107,,
1160,0.02,306.34396468124936,306.34397204510412,-7.3638547632981499e-06,1.6703172934599102,,
1170,0,303.55939236002359,303.55939149964735,8.6037624669188517e-07,2.5499999870846675,,
1170,0.001,303.56591084606822,303.56591000506745,8.4100076946924673e-07,2.5499999751517017,,
1170,0.002,303.58548481578561,303.5854840410766,7.7470900805565179e-07,2.5499999102597246,,
1170,0.0030000000000000001,303.61816992256234,303.61816925968589,6.6287645950069418e-07,2.5499996401490068,,
1170,0.0040000000000000001,303.66405928273593,303.66405877917555,5.0356038627796806e-07,2.5499985753800476,,
1170,0.0050000000000000001,303.72328391022882,303.72328361637864,2.9385017796812463e-07,2.5499946092682708,,
1170,0.0060000000000000001,303.79601309978392,303.7960130697881,2.9995817385497503e-08,2.5499807572059257,,
1170,0.0070000000000000001,303.88245451402247,303.88245480616246,-2.9213998686827836e-07,2.5499356219050098,,
1170,0.0080000000000000002,303.98285364887482,303.9828543250448,-6.7616997512232047e-07,2.5497988455259,,
1170,0.0090000000000000011,304.09749229448539,304.09749341820435,-1.1237189596613462e-06,2.5494141223205169,,
1170,0.01,304.22668561344523,304.22668724583616,-1.6323909335369535e-06,2.5484108625072235,,
1170,0.010999999999999999,304.37077758078124,304.37077977420211,-2.1934208689344814e-06,2.5459867974294021,,
1170,0.012,304.53013483287515,304.53013762277942,-2.7899042720491707e-06,2.5405604587280757,,
1170,0.013000000000000001,304.70513949306564,304.70514289051653,-3.3974508824030636e-06,2.5293011855152367,,
1170,0.014,304.89618223236675,304.89618622215875,-3.9897919918985281e-06,2.5076216873512851,,
1170,0.014999999999999999,305.1036574809292,305.1036620300564,-4.5491271976061398e-06,2.4688102271062795,,
1170,0.016,305.32796294350806,305.32796801910479,-5.0755967322402284e-06,2.4040238895738377,,
1170,0.017000000000000001,305.56950494163692,305.56951053223435,-5.5905974249981227e-06,2.3027855262224382,,
1170,0.018000000000000002,305.82870941407486,305.82871554443346,-6.1303585994210152e-06,2.1538790618389032,,
1170,0.019,306.10603603679294,306.10604276507377,-6.7282808231539093e-06,1.9460935564150093,,
1170,0.02,306.40199088552185,306.40199829688055,-7.4113586947532895e-06,1.6673579766079245,,
1180,0,303.6035505659417,303.603549699224,8.6671769849999691e-07,2.5499999849496131,,
1180,0.001,303.61011093997325,303.61011009333356,8.4663969346365775e-07,2.549999971311534,,
1180,0.002,303.62981075595269,303.62980997782586,7.781268323014956e-07,2.5499998978241707,,
1180,0.0030000000000000001,303.66270615279853,303.66270549051194,6.6228659534317558e-07,2.5499995955706427,,
1180,0.0040000000000000001,303.70889084743391,303.70889035052522,4.9690868308971403e-07,2.5499984182675632,,
1180,0.0050000000000000001,303.76849624588516,303.76849596683132,2.790538360386563e-07,2.5499940828254561,,
1180,0.0060000000000000001,303.84169136472701,303.84169135926811,5.4589008868788369e-09,2.5499791033311983,,
1180,0.0070000000000000001,303.92868233765773,303.92868266440155,-3.2674381600372726e-07,2.5499307857336415,,
1180,0.0080000000000000002,304.02971124578596,304.02971196469667,-7.1891071229401859e-07,2.5497857404282964,,
1180,0.0090000000000000011,304.14505402045819,304.14505518988898,-1.169430788650061e-06,2.5493813093151618,,
1180,0.01,304.27501725445001,304.27501892667931,-1.6722293025850377e-06,2.5483351085251793,,
1180,0.010999999999999999,304.41993394841427,304.4199361643029,-2.2158886281431478e-06,2.5458257951786476,,
1180,0.012,304.58015852079643,304.58016130505257,-2.7842561394209042e-06,2.5402458249595137,,
1180,0.013000000000000001,304.75606178119853,304.75606514044819,-3.3592496606615896e-06,2.5287363163488132,,
1180,0.014,304.94802690437075,304.94803083016308,-3.9257923276636575e-06,2.5066905630184366,,
1180,0.014999999999999999,305.15644758053827,305.15645205767674,-4.477138475067477e-06,2.4674015236806457,,
1180,0.016,305.38172928365714,305.38173430159844,-5.0179413051409938e-06,2.4020685983547985,,
1180,0.017000000000000001,305.62429390616143,305.6242994696463,-5.563484876347502e-06,2.3002976800455119,,
1180,0.018000000000000002,305.8845869615019,305.8845930959169,-6.1344150026343414e-06,2.1509830650728583,,
1180,0.019,306.16308547826014,306.16309222649909,-6.748238945419871e-06,1.9430224501098126,,
1180,0.02,306.46030405824359,306.46031148239047,-7.4241468723812432e-06,1.6644176244421121,,
1190,0,303.64799273023135,303.64799186182893,8.6840242374819354e-07,2.549999982505422,,
1190,0.001,303.65459527209208,303.65459442475913,8.4733295580008416e-07,2.5499999669542484,,
1190,0.002,303.67442164544593,303.67442086960887,7.7583706570294453e-07,2.5499998839068314,,
1190,0.0030000000000000001,303.70752808729105,303.70752743224392,6.5504713120390079e-07,2.5499995463178231,,
1190,0.0040000000000000001,303.75400826825728,303.7540077853194,4.8293787813236122e-07,2.5499982467545843,,
1190,0.0050000000000000001,303.81399309972625,303.81399284262255,2.5710369300213642e-07,2.5499935145750503,,
1190,0.0060000000000000001,303.88765026117517,303.88765028581929,-2.464412318659015e-08,2.5499773368605418,,
1190,0.0070000000000000001,303.97518327537051,303.97518363881613,-3.6344562204249087e-07,2.5499256709064158,,
1190,0.0080000000000000002,304.07682996142216,304.0768307198033,-7.5838113389181672e-07,2.5497720061923772,,
1190,0.0090000000000000011,304.19286014763026,304.19286135311557,-1.2054853186782566e-06,2.5493472092693441,,
1190,0.01,304.32357263984267,304.32357433699576,-1.697153095392423e-06,2.548256987137929,,
1190,0.010999999999999999,304.46929161658124,304.46929383896594,-2.2223846940505609e-06,2.5456609164408692,,
1190,0.012,304.6303628364127,304.63036560460563,-2.7681929282152851e-06,2.5399256248027111,,
1190,0.013000000000000001,304.80715024313798,304.80715356528987,-3.3221518833670416e-06,2.5281646197924141,,
1190,0.014,305.00003366217237,305.00003753768948,-3.875517109008797e-06,2.5057526841951194,,
1190,0.014999999999999999,305.20940821413626,305.20941263992574,-4.4257894842303358e-06,2.4659883366421407,,
1190,0.016,305.43568577778058,305.4356907553514,-4.9775708248489536e-06,2.4001135868224344,,
1190,0.017000000000000001,305.67929833448727,305.67930387559886,-5.5411115909009823e-06,2.297816657796047,,
1190,0.018000000000000002,305.94070243461056,305.94070856320337,-6.1285928154575231e-06,2.1481004783750217,,
1190,0.019,306.22038352978416,306.22039027909597,-6.7493118081074499e-06,1.9399692234937018,,
1190,0.02,306.51885871628599,306.5188661339501,-7.4176641078338434e-06,1.6614959076098939,,
1200,0,303.69271983765697,303.69271897459151,8.6306545199477114e-07,2.5499999797138471,,
1200,0.001,303.69936454005654,303.69936369912182,8.4093471741653048e-07,2.5499999620207849,,
1200,0.002,303.71931732646152,303.71931656012293,7.6633858725472237e-07,2.549999868360898,,
1200,0.0030000000000000001,303.75263417316683,303.75263353248033,6.4068649408000056e-07,2.5499994919930784,,
1200,0.0040000000000000001,303.79940813967011,303.79940767716334,4.6250676177805872e-07,2.5499980598033769,,
1200,0.0050000000000000001,303.85976893594426,303.8597687056324,2.3031185492072836e-07,2.5499929020077063,,
1200,0.0060000000000000001,303.93388216908198,303.93388222585173,-5.6769749789964408e-08,2.5499754522945235,,
1200,0.0070000000000000001,304.02194816024559,304.02194855850996,-3.9826437614465249e-07,2.5499202667000835,,
1200,0.0080000000000000002,304.1242002470496,304.1242010386963,-7.9164669841702562e-07,2.5497576246349865,,
1200,0.0090000000000000011,304.24090255010589,304.24090378196587,-1.2318599829086452e-06,2.5493117963663869,,
1200,0.01,304.37234728477262,304.37234899608382,-1.7113111994149222e-06,2.5481764701704144,,
1200,0.010999999999999999,304.51885182768802,304.51885404822553,-2.2205375103112601e-06,2.5454921443525609,,
1200,0.012,304.68075587505905,304.68075862463337,-2.7495743211147783e-06,2.5395998734986254,,
1200,0.013000000000000001,304.85841911550284,304.85842240531605,-3.289813207629777e-06,2.5275861620361328,,
1200,0.014,305.05221983992129,305.05222367577863,-3.8358573419827735e-06,2.5048081693007327,,
1200,0.014999999999999999,305.26255479107954,305.26255917781396,-4.3867344174941536e-06,2.4645708073482737,,
1200,0.016,305.48984031242242,305.48984525835016,-4.9459277420282888e-06,2.398158962056351,,
1200,0.017000000000000001,305.7345145279811,305.73452004797025,-5.5199891448864946e-06,2.2953424705727414,,
1200,0.018000000000000002,305.99703995344186,305.99704606941089,-6.1159690289969149e-06,2.1452311862540556,,
1200,0.019,306.27790570558301,306.27791244400157,-6.7384185626906401e-06,1.936933682194159,,
1200,0.02,306.57762838225682,306.57763583357183,-7.4513150138955098e-06,1.6585925312323031,,
1210,0,303.73773101558481,303.73773016450872,8.5107609493206837e-07,2.5499999765327508,,
1210,0.001,303.74441761777121,303.74441679087806,8.2689314240269596e-07,2.5499999564466087,,
1210,0.002,303.76449593660601,303.76449518697376,7.4963224960811203e-07,2.5499998510281436,,
1210,0.0030000000000000001,303.7980214074525,303.79802078739749,6.2005500467421371e-07,2.5499994321736352,,
1210,0.0040000000000000001,303.84508606289978,303.84508562549786,4.3740192268160172e-07,2.5499978563237677,,
1210,0.0050000000000000001,303.90581794149875,303.90581774031443,2.011843207583297e-07,2.5499922425182944,,
1210,0.0060000000000000001,303.98038017120388,303.98038025948534,-8.8281467469641939e-08,2.5499734439884509,,
1210,0.0070000000000000001,304.06896967436137,304.0689701037017,-4.2934033217534306e-07,2.5499145622299926,,
1210,0.0080000000000000002,304.17181547228103,304.17181629086576,-8.1858473777174368e-07,2.5497425775056226,,
1210,0.0090000000000000011,304.28917662483531,304.28917787554798,-1.2507126712080208e-06,2.549275045010432,,
1210,0.01,304.42133991775455,304.42134163654606,-1.7187915091199102e-06,2.5480935301481868,,
1210,0.010999999999999999,304.56861749272912,304.5686197077427,-2.2150135805532045e-06,2.5453194632120928,,
1210,0.012,304.7313446802911,304.73134741231479,-2.7320236881678284e-06,2.5392685874589391,,
1210,0.013000000000000001,304.90987830956044,304.90988157447458,-3.2649141417095962e-06,2.5270010095803506,,
1210,0.014,305.10459565192537,305.104599464486,-3.8125606351968599e-06,2.5038571353884351,,
1210,0.014999999999999999,305.31589356688551,305.31589794083732,-4.3739518105212483e-06,2.4631490741174806,,
1210,0.016,305.54418514895673,305.54419009615339,-4.9471966576675186e-06,2.396204827668849,,
1210,0.017000000000000001,305.78988493476095,305.78989046248716,-5.5277262163144769e-06,2.2928751275011603,,
1210,0.018000000000000002,306.05336371322943,306.05336970849254,-5.9952631090709474e-06,2.142375076120393,,
1210,0.019,306.33485188877012,306.33485786849008,-5.9797199583044858e-06,1.9339156278669871,,
1210,0.02,306.63429932262574,306.63430443809682,-5.1154710831724515e-06,1.6557055926066406,,
1220,0,303.78302387039707,303.78302303961556,8.3078151646986953e-07,2.5499999729158103,,
1220,0.001,303.78975192235009,303.78975111642262,8.0592747053742642e-07,2.5499999501613324,,
1220,0.002,303.80995435704568,303.80995363023459,7.26811094864388e-07,2.5499998317383077,,
1220,0.0030000000000000001,303.84368588528724,303.8436852906492,5.9463803836479201e-07,2.549999366410435,,
1220,0.0040000000000000001,303.89103725905437,303.89103684970496,4.0934941125669866e-07,2.5499976351718754,,
1220,0.0050000000000000001,303.95213459698817,303.95213442565711,1.7133106666733511e-07,2.5499915334050365,,
1220,0.0060000000000000001,304.02713840067611,304.02713851886756,-1.1819145129265962e-07,2.549971306153596,,
1220,0.0070000000000000001,304.11624224971479,304.11624270654073,-4.5682594418394729e-07,2.5499085464557099,,
1220,0.0080000000000000002,304.21967119285381,304.21967203372537,-8.4087156437817612e-07,2.5497268464974185,,
1220,0.0090000000000000011,304.33767989532856,304.33768116079665,-1.2654680858759093e-06,2.5492369298387461,,
1220,0.01,304.47055064538182,304.47055237037029,-1.7249884649572778e-06,2.5480081402997641,,
1220,0.010999999999999999,304.61859133119214,304.61859354459295,-2.2134008190732857e-06,2.545142858458513,,
1220,0.012,304.78213338863122,304.78213611356438,-2.7249331537859689e-06,2.5389317842193835,,
1220,0.013000000000000001,304.96152931468578,304.96153257161421,-3.2569284371675167e-06,2.5264092291868585,,
1220,0.014,305.15714837018658,305.15715218363493,-3.8134483588692092e-06,2.5028996981372185,,
1220,0.014999999999999999,305.3693673590451,305.36937175660222,-4.3975571202281571e-06,2.4617232722914646,,
1220,0.016,305.59855125005112,305.59855622848033,-4.9784292173171707e-06,2.3942512839073027,,
1220,0.017000000000000001,305.84501754900401,305.84502298902311,-5.4400190947490046e-06,2.2904146359052473,,
1220,0.018000000000000002,306.10898146755176,306.1089870451874,-5.5776356475689681e-06,2.1395320378126166,,
1220,0.019,306.39048785103745,306.39049305948504,-5.2084475896663207e-06,1.9309148524918029,,
1220,0.02,306.68934789311726,306.689352183474,-4.2903567418761668e-06,1.6528350424803548,,
1230,0,303.82859495537991,303.82859415063336,8.0474654851059313e-07,2.5499999688121919,,
1230,0.001,303.83536388933686,303.83536310983152,7.7950534205228905e-07,2.5499999430883147,,
1230,0.002,303.8556887004317,303.8556880010637,6.9936800173309166e-07,2.5499998103084653,,
1230,0.0030000000000000001,303.88962327980227,303.88962271388402,5.6591824204588193e-07,2.5499992942271401,,
1230,0.0040000000000000001,303.93725698317269,303.9372566035172,3.7965548926877091e-07,2.5499973951488659,,
1230,0.0050000000000000001,303.99871393044964,303.99871378886246,1.4158717931422871e-07,2.549990771868718,,
1230,0.0060000000000000001,304.07415201974709,304.07415216628283,-1.4653573998657521e-07,2.5499690328585123,,
1230,0.0070000000000000001,304.16376166548764,304.16376214754365,-4.8205600933215464e-07,2.5499022081866856,,
1230,0.0080000000000000002,304.26776428340577,304.26776514478854,-8.613827731096535e-07,2.5497104132579445,,
1230,0.0090000000000000011,304.38641054360767,304.38641182384708,-1.2802394167010789e-06,2.5491974257334848,,
1230,0.01,304.51997835932718,304.51998009376325,-1.7344360685456195e-06,2.5479202745583951,,
1230,0.010999999999999999,304.66877041071319,304.66877263188866,-2.221175464001135e-06,2.5449623166504596,,
1230,0.012,304.83311063883366,304.83311337870066,-2.7398669999456615e-06,2.5385894823945274,,
1230,0.013000000000000001,305.01333853196769,305.01334182160201,-3.2896343213906221e-06,2.5258108878324204,,
1230,0.014,305.20979924036044,305.20980310030046,-3.8599400227212755e-06,2.5019359718454131,,
1230,0.014999999999999999,305.42282693063623,305.42283134614723,-4.4155110003885056e-06,2.4602935342951859,,
1230,0.016,305.65271896703672,305.65272385133392,-4.884297197804699e-06,2.3922984277547226,,
1230,0.017000000000000001,305.89970020696944,305.89970536542353,-5.1584540869953344e-06,2.2879610014734126,,
1230,0.018000000000000002,306.1638801672969,306.16388528476978,-5.1174728810110537e-06,2.1367019630472663,,
1230,0.019,306.44521024423608,306.44521491480162,-4.6705655449841288e-06,1.9279311179417662,,
1230,0.02,306.74345157255408,306.7434553681797,-3.7956256164761726e-06,1.6499811681549441,,
1240,0,303.87444023103973,303.87443945648113,7.745586003693461e-07,2.5499999641662212,,
1240,0.001,303.88124942346167,303.88124867428547,7.4917619485859177e-07,2.5499999351442559,,
1240,0.002,303.9016947276383,303.90169405892169,6.6871660919787246e-07,2.5499997865423798,,
1240,0.0030000000000000001,303.93582918595348,303.93582865093214,5.3502134278460289e-07,2.5499992151191453,,
1240,0.0040000000000000001,303.98374073647113,303.98374038752263,3.4894850386990584e-07,2.5499971349997526,,
1240,0.0050000000000000001,304.04555151589051,304.04555140403289,1.1185761650267523e-07,2.549989955012014,,
1240,0.0060000000000000001,304.12141688574599,304.12141706005036,-1.7430437537768739e-07,2.5499666180305414,,
1240,0.0070000000000000001,304.21152417705247,304.21152468411088,-5.0705841658782447e-07,2.549895536088064,,
1240,0.0080000000000000002,304.31609112208497,304.31609200575298,-8.8366800810035784e-07,2.54969325939985,,
1240,0.0090000000000000011,304.43536387181916,304.43536517343159,-1.301612428505905e-06,2.5491565078328362,,
1240,0.01,304.56961435246671,304.5696161114148,-1.7589480876267771e-06,2.5478299075628486,,
1240,0.010999999999999999,304.71913646824032,304.71913872201327,-2.2537729478244728e-06,2.544777825444462,,
1240,0.012,304.88424031533771,304.88424309701151,-2.7816737997454766e-06,2.5382417016332592,,
1240,0.013000000000000001,305.0652432093359,305.06524653969484,-3.3303589361821651e-06,2.5252060526644575,,
1240,0.014,305.26245611978175,305.26245999201888,-3.8722371300536906e-06,2.5009660694263443,,
1240,0.014999999999999999,305.47616431320989,305.47616867156523,-4.3583553406278952e-06,2.4588599896965531,,
1240,0.016,305.70660188563045,305.70660660371954,-4.7180890874187753e-06,2.3903463530320956,,
1240,0.017000000000000001,305.95392149516323,305.95392636249971,-4.8673364858586865e-06,2.2855142284002077,,
1240,0.018000000000000002,306.21816270837945,306.2181674342263,-4.7258468498512229e-06,2.1338847446138076,,
1240,0.019,306.49922428049302,306.49922851949066,-4.2389976329104684e-06,1.9249641761370033,,
1240,0.02,306.79684651502396,306.79684991672207,-3.4016981089735054e-06,1.6471439114888269,,
1250,0,303.92055542743674,303.9205546858667,7.4157003382424591e-07,2.5499999589170321,,
1250,0.001,303.92740424129011,303.92740352507468,7.1621542474531452e-07,2.5499999262387676,,
1250,0.002,303.94796812682284,303.9479674909266,6.358962423291814e-07,2.5499997602298468,,
1250,0.0030000000000000001,303.98229927738004,303.98229877480657,5.0257347083970672e-07,2.5499991285525914,,
1250,0.0040000000000000001,304.03048421338548,304.03048389616856,3.172169158460747e-07,2.5499968534122281,,
1250,0.0050000000000000001,304.09264307199538,304.0926429908435,8.1151881659025094e-08,2.5499890798388978,,
1250,0.0060000000000000001,304.16892858627472,304.16892879029035,-2.0401563460836769e-07,2.5499640554574388,,
1250,0.0070000000000000001,304.25952470006655,304.25952523662755,-5.3656100362786674e-07,2.5498885186865294,,
1250,0.0080000000000000002,304.36464470125787,304.36464561604902,-9.1479114416870289e-07,2.5496753665113223,,
1250,0.0090000000000000011,304.48452864830307,304.48452998523629,-1.3369332236834452e-06,2.5491141515416067,,
1250,0.01,304.61943970630239,304.61944150665624,-1.8003538571065292e-06,2.5477370146575722,,
1250,0.010999999999999999,304.7696588134624,304.76966111312106,-2.2996586608314828e-06,2.5445893735732494,,
1250,0.012,304.93547691471213,304.93547973820404,-2.8234919113856449e-06,2.5378884625755518,,
1250,0.013000000000000001,305.11718391732342,305.11718726777298,-3.3504495604574913e-06,2.5245947909589579,,
1250,0.014,305.31505366532571,305.31505751078032,-3.8454546142929757e-06,2.4999901024053615,,
1250,0.014999999999999999,305.52932470942113,305.52932896802031,-4.2585991764099163e-06,2.4574227652644827,,
1250,0.016,305.76017750850605,305.76018203667036,-4.5281643110683945e-06,2.3883951505009109,,
1250,0.017000000000000001,306.00770983912219,306.00771442782082,-4.5886986299592536e-06,2.2830743194923389,,
1250,0.018000000000000002,306.27191334421877,306.27191772764479,-4.3834260168296169e-06,2.1310802752430327,,
1250,0.019,306.55265493471325,306.55265881244338,-3.877730136991886e-06,1.9220137919939091,,
1250,0.02,306.84966678287947,306.84966985933431,-3.0764548455408658e-06,1.6443231441133457,,
1260,0,303.9669362369192,303.9669355303032,7.0661599238519557e-07,2.5499999529982134,,
1260,0.001,303.97382403169155,303.97382335035638,6.8133516606394551e-07,2.5499999162739351,,
1260,0.002,303.99450457090916,303.99450396967904,6.0123011280666105e-07,2.5499997311460216,,
1260,0.0030000000000000001,304.02902917270023,304.02902870450578,4.6819445742585231e-07,2.5499990339633745,,
1260,0.0040000000000000001,304.07748286603618,304.07748258301393,2.8302224563958589e-07,2.5499965490155319,,
1260,0.0050000000000000001,304.13998360824564,304.13998356154701,4.6698630740138469e-08,2.5499881432541525,,
1260,0.0060000000000000001,304.21668111310368,304.21668135276411,-2.3966043727341457e-07,2.5499613387891316,,
1260,0.0070000000000000001,304.30775517995141,304.30775575474729,-5.7479587667330634e-07,2.5498811443762324,,
1260,0.0080000000000000002,304.41341333697983,304.41341429403758,-9.5705775038368301e-07,2.5496567161663379,,
1260,0.0090000000000000011,304.5338875083329,304.53388889203876,-1.3837058645549405e-06,2.549070332541254,,
1260,0.01,304.66942929657165,304.66943114612496,-1.8495533140594489e-06,2.5476415718921523,,
1260,0.010999999999999999,304.82030336867393,304.82030571356648,-2.344892550354416e-06,2.5443969508238751,,
1260,0.012,304.98677839452307,304.98678124745663,-2.8529335622806684e-06,2.5375297868102638,,
1260,0.013000000000000001,305.16911507499566,305.16911842238233,-3.3473866665190144e-06,2.5239771700804461,,
1260,0.014,305.36755107173218,305.36755486291935,-3.791187168644683e-06,2.4990081809183371,,
1260,0.014999999999999999,305.5822831400306,305.58228727750054,-4.1374699435436924e-06,2.4559819850261193,,
1260,0.016,305.81344743550829,305.81345176906046,-4.3335521695553325e-06,2.386444907965573,,
1260,0.017000000000000001,306.06109969942332,306.06110402736397,-4.3279406440888124e-06,2.2806412762295518,,
1260,0.018000000000000002,306.32519764140943,306.32520172077494,-4.0793655102788762e-06,2.1282884469288557,,
1260,0.019,306.60558811992735,306.60559168581381,-3.5658864590004669e-06,1.9190797458134408,,
1260,0.02,306.90200184242411,306.90200430064209,-2.458217977618915e-06,1.6415187101677637,,
1270,0,304.01357825376482,304.0135775866359,6.6712891566567123e-07,2.5499999463374152,,
1270,0.001,304.02050435487274,304.02050371103093,6.4384181541754515e-07,2.5499999051438555,,
1270,0.002,304.04129949596688,304.04129893233954,5.6362733857895364e-07,2.5499996990507343,,
1270,0.0030000000000000001,304.0760140224067,304.07601359225072,4.301559783925768e-07,2.5499989307561615,,
1270,0.0040000000000000001,304.12473126350574,304.12473101951338,2.4399236053795903e-07,2.5499962203793616,,
1270,0.0050000000000000001,304.18756660766462,304.18756660182078,5.8438445194042288e-09,2.5499871420629625,,
1270,0.0060000000000000001,304.26466608389899,304.26466636724098,-2.8334198987067793e-07,2.549958461539604,,
1270,0.0070000000000000001,304.35620430131672,304.35620492343526,-6.2211853446569876e-07,2.5498734014247568,,
1270,0.0080000000000000002,304.4623815275707,304.46238253554395,-1.0079732533085917e-06,2.5496372899347248,,
1270,0.0090000000000000011,304.58341961127883,304.58342104762147,-1.4363426430463733e-06,2.5490250267993622,,
1270,0.01,304.71955638954881,304.7195582887208,-1.8991719912264671e-06,2.5475435560201141,,
1270,0.010999999999999999,304.87103819850012,304.87104058161526,-2.3831151452213817e-06,2.5442005480157719,,
1270,0.012,305.03811015902113,305.03811302657306,-2.8675519274656835e-06,2.5371656968340472,,
1270,0.013000000000000001,305.22100408983357,305.2210074124942,-3.3226606319658458e-06,2.523353257443957,,
1270,0.014,305.41992433164774,305.41992804050801,-3.7088602766743861e-06,2.4980204137114885,,
1270,0.014999999999999999,305.63503303987909,305.63503701853591,-3.9786568208910467e-06,2.4545377703232951,,
1270,0.016,305.86644074373015,305.8664448195654,-4.0758352497505257e-06,2.384495710373888,,
1270,0.017000000000000001,306.11421927477505,306.11422326345445,-3.9886793956611655e-06,2.2782150987755645,,
1270,0.018000000000000002,306.37847237117501,306.37847633696271,-3.9657876982346352e-06,2.1255091510247266,,
1270,0.019,306.65950291207133,306.65950754211349,-4.6300421558953531e-06,1.9161618303204453,,
1270,0.02,306.95806271302246,306.95806933880351,-6.6257810544811946e-06,1.6387309075176861,,
1280,0,304.06047667011313,304.06047604395246,6.2616066998089082e-07,2.5499999388559678,,
1280,0.001,304.0674403115566,304.06743970890756,6.0264903822826454e-07,2.5499998927341698,,
1280,0.002,304.08834770110514,304.08834717938089,5.2172424602758838e-07,2.5499996636878,,
1280,0.0030000000000000001,304.12324803247242,304.12324764553563,3.8693679016432725e-07,2.549998818303409,,
1280,0.0040000000000000001,304.17222259703448,304.17222239831113,1.9872334178216988e-07,2.5499958660128215,,
1280,0.0050000000000000001,304.23538366401436,304.23538370624686,-4.2232500163663644e-08,2.549986072970623,,
1280,0.0060000000000000001,304.31287276051842,304.31287309525038,-3.3473196481281775e-07,2.549955417088908,,
1280,0.0070000000000000001,304.40485818860998,304.40485886519326,-6.765832836208574e-07,2.5498652779791375,,
1280,0.0080000000000000002,304.51153156374994,304.51153262754696,-1.0637970149218745e-06,2.5496170693920002,,
1280,0.0090000000000000011,304.63310311877296,304.63310460819014,-1.4894171727064531e-06,2.5489782105785572,,
1280,0.01,304.76979551750657,304.76979745964968,-1.9421431147748081e-06,2.5474429444970697,,
1280,0.010999999999999999,304.92183602414156,304.92183842913886,-2.404997303528944e-06,2.5440001569786803,,
1280,0.012,305.08944722372041,305.08945007721405,-2.853493640486704e-06,2.5367962160112807,,
1280,0.013000000000000001,305.27283738923688,305.27284064146653,-3.2522296464776446e-06,2.5227231204789407,,
1280,0.014,305.47219351700761,305.47219707169131,-3.55468370116796e-06,2.4970269081424945,,
1280,0.014999999999999999,305.68768334529329,305.68768706951641,-3.7242231201162213e-06,2.4530902398685317,,
1280,0.016,305.91947660893572,305.91948040570674,-3.7967710113662179e-06,2.3825476399137617,,
1280,0.017000000000000001,306.1677973910119,306.16780134019484,-3.9491829397775291e-06,2.27579578595615,,
1280,0.018000000000000002,306.4330136713881,306.43301815007959,-4.4786914941141731e-06,2.1227422787370185,,
1280,0.019,306.71575384425438,306.71575953683237,-5.6925779858829628e-06,1.9132598500635407,,
1280,0.02,307.01701823753871,307.01702601654165,-7.7790029422430962e-06,1.6359595014135482,,
1290,0,304.10762587466854,304.10762529492331,5.7974523315351689e-07,2.5499999304684668,,
1290,0.001,304.1146261418923,304.11462558603534,5.5585695690751891e-07,2.5499998789215734,,
1290,0.002,304.13564295940921,304.13564248560209,4.7380711976074963e-07,2.5499996247843093,,
1290,0.0030000000000000001,304.17072413119962,304.17072379404641,3.3715321023919387e-07,2.5499986959443874,,
1290,0.0040000000000000001,304.21994849167163,304.21994834522968,1.4644194834545488e-07,2.5499954843634161,,
1290,0.0050000000000000001,304.28342456913043,304.28342466642277,-9.7292343070876086e-08,2.5499849325823138,,
1290,0.0060000000000000001,304.36128855858465,304.36128895067276,-3.9208811131175025e-07,2.5499521986852862,,
1290,0.0070000000000000001,304.45370145645785,304.45370219088318,-7.3442532766421209e-07,2.5498567620718977,,
1290,0.0080000000000000002,304.56084519623118,304.56084631459782,-1.1183666401848313e-06,2.5495960361290018,,
1290,0.0090000000000000011,304.68291766890547,304.68291920326271,-1.5343572385972948e-06,2.5489298604449275,,
1290,0.01,304.82012668322483,304.82012865067827,-1.9674534428304469e-06,2.5473397154783535,,
1290,0.010999999999999999,304.97268332911301,304.97268572423383,-2.3951208163452975e-06,2.5437957705306706,,
1290,0.012,305.14079599287851,305.14079877942504,-2.7865465312970628e-06,2.5364213685351649,,
1290,0.013000000000000001,305.32466751862825,305.32467062724055,-3.1086123044588021e-06,2.5220868265949865,,
1290,0.014,305.52449956445753,305.52450290875834,-3.3443008078393177e-06,2.4960277701826263,,
1290,0.014999999999999999,305.7405094405454,305.74051296278242,-3.5222370229348599e-06,2.4516395098002448,,
1290,0.016,305.97296446837532,305.97296821123251,-3.7428571886266582e-06,2.3806007761036518,,
1290,0.017000000000000001,306.22223585229534,306.22224002746304,-4.1751677031243162e-06,2.2733833352339796,,
1290,0.018000000000000002,306.48886772191332,306.48887273566783,-5.013754503124801e-06,2.119987721670185,,
1290,0.019,306.77364887594109,306.77365529367893,-6.4177378362728632e-06,1.9103736256282975,,
1290,0.02,307.07766847557622,307.07767694344693,-8.4678707139573817e-06,1.6332041609464183,,
1300,0,304.15501912337407,304.15501859687458,5.2649949111582828e-07,2.5499999210823443,,
1300,0.001,304.16205491669518,304.16205441451223,5.0218295655213296e-07,2.5499998635733179,,
1300,0.002,304.18317777697916,304.18317735806335,4.1891581759045948e-07,2.5499995820499128,,
1300,0.0030000000000000001,304.21843385950331,304.21843357906295,2.8044036071150913e-07,2.5499985629842161,,
1300,0.0040000000000000001,304.26789911309447,304.2678990253948,8.7699675077601569e-08,2.5499950738160848,,
1300,0.0050000000000000001,304.33167774929285,304.33167790685076,-1.5755790627736133e-07,2.5499837174029869,,
1300,0.0060000000000000001,304.40989998134063,304.40990043352713,-4.5218649802336586e-07,2.549948799447403,,
1300,0.0070000000000000001,304.50271895904746,304.50271974983218,-7.9078472481342033e-07,2.5498478416271171,,
1300,0.0080000000000000002,304.61030689070412,304.61030805521835,-1.1645142308225331e-06,2.549574171761285,,
1300,0.0090000000000000011,304.73285051328713,304.73285207305423,-1.5597670994793589e-06,2.5488799532758861,,
1300,0.01,304.87054640346145,304.87054836083905,-1.9573776057768555e-06,2.5472338478160319,,
1300,0.010999999999999999,305.02359715839651,305.02359949227883,-2.3338823211815907e-06,2.5435873824560615,,
1300,0.012,305.19221020037071,305.19221286728333,-2.6669126214073913e-06,2.5360411793897848,,
1300,0.013000000000000001,305.3766017263963,305.37660467250038,-2.9461040753631096e-06,2.521444443149329,,
1300,0.014,305.57700880430457,305.57701199226085,-3.1879562811809592e-06,2.4950231044200892,,
1300,0.014999999999999999,305.7937123223216,305.79371577140961,-3.4490880125304102e-06,2.4501856937376125,,
1300,0.016,306.02707195571878,306.02707578523683,-3.8295180502245785e-06,2.3786551958760871,,
1300,0.017000000000000001,306.27757136928835,306.27757582816122,-4.4588728655980958e-06,2.2709777427029381,,
1300,0.018000000000000002,306.54586801380162,306.54587348092042,-5.4671187967869628e-06,2.1172453723612685,,
1300,0.019,306.83283832131497,306.83284526963604,-6.9483210722864897e-06,1.9075029869255478,,
1300,0.02,307.13960745739752,307.13961640258714,-8.945189620135352e-06,1.6304646561858123,,
1310,0,304.20264838666242,304.20264792081622,4.6584619894929347e-07,2.5499999105974327,,
1310,0.001,304.20971841711003,304.20971797591216,4.4119786934970762e-07,2.5499998465466902,,
1310,0.002,304.23094337587537,304.23094301880894,3.5706642620425555e-07,2.5499995351761027,,
1310,0.0030000000000000001,304.26636754870947,304.26636733114151,2.1756795831606723e-07,2.5499984186929021,,
1310,0.0040000000000000001,304.31606367622641,304.31606365185121,2.4375196971959667e-08,2.5499946326922855,,
1310,0.0050000000000000001,304.38013132486481,304.3801315444008,-2.1953599116386613e-07,2.5499824238373403,,
1310,0.0060000000000000001,304.45869458427859,304.45869509341844,-5.0913985205625067e-07,2.5499452123666857,,
1310,0.0070000000000000001,304.55189914561782,304.55189998209278,-8.3647495330296806e-07,2.5498385044665075,,
1310,0.0080000000000000002,304.65990895161542,304.6599101414804,-1.189864974548982e-06,2.549551457938307,,
1310,0.0090000000000000011,304.78290284705315,304.78290440084498,-1.5537918329755485e-06,2.5488284662675511,,
1310,0.01,304.92107200741708,304.92107391769883,-1.9102817532257177e-06,2.5471253210554252,,
1310,0.010999999999999999,305.07461935582086,305.07462159853634,-2.2427154817705741e-06,2.5433749874834253,,
1310,0.012,305.24376259967198,305.24376514215925,-2.5424872660551046e-06,2.5356556743132548,,
1310,0.013000000000000001,305.42874275637206,305.42874557405895,-2.8176868909213226e-06,2.5207960374160243,,
1310,0.014,305.62983986049659,305.62984296181173,-3.1013151442493836e-06,2.4940130140643415,,
1310,0.014999999999999999,305.84739673614632,305.84740019147165,-3.4553253271951689e-06,2.4487289028345796,,
1310,0.016,306.08185019247088,306.08185415923623,-3.9667653481956222e-06,2.3767109736539291,,
1310,0.017000000000000001,306.3337669261731,306.3337716606074,-4.7344342988253629e-06,2.268579003110418,,
1310,0.018000000000000002,306.60387926951518,306.60388511759049,-5.8480753182266199e-06,2.1145151248093308,,
1310,0.019,306.89311440959966,306.89312177474631,-7.3651466436785995e-06,1.9046477658844729,,
1310,0.02,307.20261051893004,307.20261982762224,-9.3086921992835414e-06,1.6277407800111787,,
1320,0,304.250504468857,304.25050407053209,3.9832491438573925e-07,2.5499998989055119,,
1320,0.001,304.25760730535808,304.25760693172651,3.7363156479841564e-07,2.549999827688485,,
1320,0.002,304.27893002892853,304.27892973934286,2.8958567099834909e-07,2.5499994838354789,,
1320,0.0030000000000000001,304.31451496069644,304.31451480976477,1.5093166894075694e-07,2.5499982623043942,,
1320,0.0040000000000000001,304.3644315688058,304.36443160834995,-3.954414751206059e-08,2.5499941592491213,,
1320,0.0050000000000000001,304.42877490335877,304.42877518062141,-2.7726264306693338e-07,2.5499810481898759,,
1320,0.0060000000000000001,304.50766351106552,304.50766406631658,-5.5525106290588155e-07,2.5499414303097678,,
1320,0.0070000000000000001,304.60123701724427,304.60123788096502,-8.6372074292739853e-07,2.5498287383154952,,
1320,0.0080000000000000002,304.70965372713732,304.70965491731101,-1.190173691156815e-06,2.5495278763523617,,
1320,0.0090000000000000011,304.83308882662755,304.83309034714568,-1.5205181398414425e-06,2.5487753769416135,,
1320,0.01,304.97173403210098,304.97173587375119,-1.8416502030049742e-06,2.5470141154311285,,
1320,0.010999999999999999,305.12579979372549,305.12580193940363,-2.1456781382767076e-06,2.5431585812636643,,
1320,0.012,305.29552130075399,305.2955237361474,-2.4353934122700593e-06,2.5352648797619048,,
1320,0.013000000000000001,305.48116944965102,305.481172179456,-2.7298049758428533e-06,2.5201416765567641,,
1320,0.014,305.68306749963995,305.68307056750751,-3.0678675670969824e-06,2.492997600951373,,
1320,0.014999999999999999,305.90161329693575,305.90161680523352,-3.5082977660749748e-06,2.4472692458328846,,
1320,0.016,306.13730575292089,306.13730987683505,-4.1239141523874423e-06,2.3747681814206478,,
1320,0.017000000000000001,306.39077291426565,306.39077790462585,-4.9903601961887034e-06,2.2661871099084183,,
1320,0.018000000000000002,306.66279779715455,306.66280396812118,-6.1709666283604747e-06,2.1117968747980966,,
1320,0.019,306.95433755736076,306.95434525906245,-7.7017016906211211e-06,1.9018077952045662,,
1320,0.02,307.26653105752035,307.26654143962725,-1.0382106893302989e-05,1.6250323365209478,,
1330,0,304.29857753160445,304.29857720333217,3.2827227869347553e-07,2.5499998858898332,,
1330,0.001,304.30571171285686,304.30571141024302,3.0261384154073312e-07,2.5499998068344634,,
1330,0.002,304.32712783939422,304.32712761909448,2.2029973933967995e-07,2.5499994276810081,,
1330,0.0030000000000000001,304.36286636829431,304.36286628289997,8.5394333382282639e-08,2.5499980930156441,,
1330,0.0040000000000000001,304.41299377825703,304.41299387647086,-9.8213831734028645e-08,2.549993651678518,,
1330,0.0050000000000000001,304.47760124133708,304.4776015659703,-3.2463321986142546e-07,2.5499795866650543,,
1330,0.0060000000000000001,304.55680298461215,304.55680357036471,-5.857525593455648e-07,2.549937446021016,,
1330,0.0070000000000000001,304.65073462560133,304.65073549700276,-8.7140142568387091e-07,2.5498185308092958,,
1330,0.0080000000000000002,304.75955191890102,304.75955308907368,-1.1701726521096134e-06,2.5495034087472912,,
1330,0.0090000000000000011,304.88343052777918,304.88343199896775,-1.4711885683027504e-06,2.5487206631517325,,
1330,0.01,305.02256759984789,305.02256936677435,-1.7669264593678236e-06,2.5469002118625848,,
1330,0.010999999999999999,305.17718602576747,305.17718808271235,-2.05694487931396e-06,2.5429381603481707,,
1330,0.012,305.34754222378353,305.34754457579845,-2.3520149170508375e-06,2.534868822875473,,
1330,0.013000000000000001,305.53393804234656,305.53394072020103,-2.6778544679473271e-06,2.5194814275932318,,
1330,0.014,305.7367367883968,305.73673986505759,-3.0766607892473985e-06,2.4919769655498905,,
1330,0.014999999999999999,305.95638204783245,305.95638565299248,-3.60516003183875e-06,2.4458068291138964,,
1330,0.016,306.1934143828509,306.19341871661368,-4.3337627744222118e-06,2.3728268887864066,,
1330,0.017000000000000001,306.44847231454168,306.44847761633372,-5.301792043610476e-06,2.2638020553296858,,
1330,0.018000000000000002,306.72225046244546,306.72225681167777,-6.3492323079117341e-06,2.1090905199408669,,
1330,0.019,307.01538491625854,307.01539195197319,-7.0357146455535258e-06,1.8989829088866925,,
1330,0.02,307.3282744226309,307.3282813331661,-6.9105352054066316e-06,1.6223404456886441,,
1340,0,304.34685799665976,304.34685773960638,2.5705338657644461e-07,2.5499998714246401,,
1340,0.001,304.35402218215586,304.35402194962836,2.3252749770108494e-07,2.5499997838087927,,
1340,0.002,304.37552778052731,304.37552762669719,1.5383011486846954e-07,2.5499993663452822,,
1340,0.0030000000000000001,304.41141368704467,304.41141366145854,2.558613232395146e-08,2.5499979099856827,,
1340,0.0040000000000000001,304.46174399391145,304.46174414146776,-1.4755630672880216e-07,2.5499931081064457,,
1340,0.0050000000000000001,304.52660703051447,304.52660738954825,-3.5903377693102811e-07,2.5499780353675368,,
1340,0.0060000000000000001,304.60611431652302,304.60611491708318,-6.0056015627196757e-07,2.5499332521251561,,
1340,0.0070000000000000001,304.70039975784039,304.70040062061474,-8.6277435684678494e-07,2.5498078694989768,,
1340,0.0080000000000000002,304.80961953851215,304.8096206750551,-1.1365429486431822e-06,2.5494780369269447,,
1340,0.0090000000000000011,304.93395327446154,304.93395468948484,-1.4150232914289518e-06,2.548664303089438,,
1340,0.01,305.07360705787949,305.07360875419965,-1.6963201687758556e-06,2.5467835919491888,,
1340,0.010999999999999999,305.22881896346593,305.22882094977308,-1.986307154311362e-06,2.5427137221670835,,
1340,0.012,305.39986727703126,305.39986957876971,-2.3017384478407621e-06,2.5344675314433025,,
1340,0.013000000000000001,305.58708090304862,305.58708357744649,-2.6743978764898202e-06,2.5188153573809737,,
1340,0.014,305.7908497637851,305.79085291605884,-3.1522737344857887e-06,2.4909512069684068,,
1340,0.014999999999999999,306.011630291583,306.01163407482574,-3.7832427324246964e-06,2.4443417567491692,,
1340,0.016,306.24993790604725,306.24994247028582,-4.5642385657629347e-06,2.3708871630518389,,
1340,0.017000000000000001,306.50631687145091,306.50632225580472,-5.3843538125875057e-06,2.2614238304788299,,
1340,0.018000000000000002,306.78128186665913,306.78128790795114,-6.0412920106500678e-06,2.1063959595718265,,
1340,0.019,307.07523738428335,307.07524370367742,-6.3193940604833188e-06,1.8961729491073076,,
1340,0.02,307.38839695641991,307.3884030555912,-6.0991712871327763e-06,1.6196647558371751,,
1350,0,304.39533756328677,304.39533737203436,1.9125241124129388e-07,2.5499998553746628,,
1350,0.001,304.40253067518404,304.40253050679399,1.6839004501889576e-07,2.5499997584234797,,
1350,0.002,304.42412265608783,304.42412256128478,9.4803056072123582e-08,2.5499992994397687,,
1350,0.0030000000000000001,304.46015129250929,304.46015131712971,-2.4620419480925193e-08,2.5499977123347128,,
1350,0.0040000000000000001,304.51067910662618,304.51067929162002,-1.849938371378812e-07,2.5499925265921921,,
1350,0.0050000000000000001,304.57579283406488,304.57579321390034,-3.7983545553288423e-07,2.549976390302501,,
1350,0.0060000000000000001,304.65560301775838,304.65560361937395,-6.0161556802995619e-07,2.5499288411299732,,
1350,0.0070000000000000001,304.75024404461618,304.75024488734761,-8.4273142419988289e-07,2.5497967418574912,,
1350,0.0080000000000000002,304.85987502579582,304.85987612278046,-1.0969846471198252e-06,2.549451742763408,,
1350,0.0090000000000000011,304.98468193992392,304.98468330156845,-1.3616445357911289e-06,2.5486062752896039,,
1350,0.01,305.12488135711379,305.1248829973045,-1.6401907032559393e-06,2.546664237965055,,
1350,0.010999999999999999,305.28072574239457,305.280727687818,-1.9454234347904276e-06,2.5424852650077607,,
1350,0.012,305.45250968462756,305.45251198585044,-2.3012228780316946e-06,2.5340610338715703,,
1350,0.013000000000000001,305.6405753431855,305.64057808204774,-2.7388622356738779e-06,2.5181435325846784,,
1350,0.014,305.84531406571807,305.8453173490222,-3.2833041245794448e-06,2.4899204229629439,,
1350,0.014999999999999999,306.06715997894588,306.06716390917251,-3.9302266259255703e-06,2.4428741305493644,,
1350,0.016,306.30657127511199,306.30657589916638,-4.6240543838393933e-06,2.3689490692707857,,
1350,0.017000000000000001,306.56399690564575,306.56400216291149,-5.2572657409655221e-06,2.2590524254256605,,
1350,0.018000000000000002,306.83983085573516,306.83983655478056,-5.6990454027072701e-06,2.1037130946345193,,
1350,0.019,307.13436207238345,307.13436790791786,-5.8355344094707107e-06,1.8933777841063753,,
1350,0.02,307.44773283145474,307.44773845226672,-5.6208119758593966e-06,1.617004656104382,,
1360,0,304.44401003934286,304.44400990424737,1.3509549035006785e-07,2.5499998375946107,,
1360,0.001,304.45123135959864,304.45123124537275,1.1422588386267307e-07,2.5499997304777868,,
1360,0.002,304.4729077425917,304.47290769597566,4.6616037252533715e-08,2.5499992265540534,,
1360,0.0030000000000000001,304.50907639442755,304.50907645735236,-6.292481202763156e-08,2.5499974991432137,,
1360,0.0040000000000000001,304.55979916491583,304.55979937472654,-2.0981070747438935e-07,2.5499919051276838,,
1360,0.0050000000000000001,304.62516246257024,304.62516285088032,-3.8831007032058551e-07,2.5499746473760609,,
1360,0.0060000000000000001,304.70527743424009,304.70527802659751,-5.9235742355667753e-07,2.5499242054290936,,
1360,0.0070000000000000001,304.80028067130672,304.80028148812323,-8.1681650954124052e-07,2.5497851352856959,,
1360,0.0080000000000000002,304.91033570288914,304.91033676211379,-1.0592246439955488e-06,2.5494245082049782,,
1360,0.0090000000000000011,305.03563543982773,305.03563676168488,-1.3218571552897629e-06,2.5485465586354521,,
1360,0.01,305.17640548968916,305.1764071031796,-1.613490439922316e-06,2.5465421328533409,,
1360,0.010999999999999999,305.33290783035335,305.33290977993141,-1.9495780634315452e-06,2.5422527879933385,,
1360,0.012,305.50544371319592,305.50544606227885,-2.3490829335059971e-06,2.5336493591514415,,
1360,0.013000000000000001,305.69435397228443,305.69435679899436,-2.826709931014193e-06,2.5174660196548517,,
1360,0.014,305.90001439119487,305.90001777271783,-3.3815229585343332e-06,2.4888847099455682,,
1360,0.014999999999999999,306.12282379714219,306.1228277830088,-3.9858666127656761e-06,2.4414040501119914,,
1360,0.016,306.36318348552851,306.36318806625854,-4.5807300352862512e-06,2.367012670313402,,
1360,0.017000000000000001,306.62146857129574,306.62147365454041,-5.083244673187437e-06,2.2566878292918786,,
1360,0.018000000000000002,306.89799459974063,306.8980000049512,-5.4052105724622379e-06,2.1010418278574328,,
1360,0.019,307.19298536611097,307.19299084313514,-5.4770241604273906e-06,1.8905972938659166,,
1360,0.02,307.50654924212472,307.50655452129513,-5.2791704092669534e-06,1.6143598251526778,,
1370,0,304.4928718176846,304.49287172618858,9.1496019649639493e-08,2.5499998179286423,,
1370,0.001,304.50012102628375,304.50012095358898,7.2694774644332938e-08,2.5499996997576404,,
1370,0.002,304.5218810263346,304.52188101515821,1.1176382486155489e-08,2.5499991472550869,,
1370,0.0030000000000000001,304.55818896078864,304.55818904943106,-8.864242317940807e-08,2.5499972694510622,,
1370,0.0040000000000000001,304.60910683474123,304.60910705772136,-2.2298013391264249e-07,2.5499912416368633,,
1370,0.0050000000000000001,304.67472178651809,304.67472217403673,-3.8751863939978648e-07,2.5499728023957555,,
1370,0.0060000000000000001,304.75514668144586,304.75514725986113,-5.7841526768243057e-07,2.5499193373048383,,
1370,0.0070000000000000001,304.8505211743863,304.8505219680099,-7.936235988381668e-07,2.5497730371183227,,
1370,0.0080000000000000002,304.96101331887769,304.96101435318707,-1.0343093777009926e-06,2.5493963152839001,,
1370,0.0090000000000000011,305.0868216381279,305.08682294401984,-1.3058919421382598e-06,2.5484851323631261,,
1370,0.01,305.22817730126928,305.22817891924365,-1.6179743624888943e-06,2.5464172602202555,,
1370,0.010999999999999999,305.38534568229784,305.38534766463613,-1.9823382899630815e-06,2.542016291061489,,
1370,0.012,305.55862618496661,305.55862859348497,-2.4085183554234391e-06,2.5332325368281929,,
1370,0.013000000000000001,305.74834892329631,305.74835182068836,-2.8973920507269213e-06,2.5167828848057936,,
1370,0.014,305.95486683213272,305.95487026663125,-3.4344985238021764e-06,2.4878441629934547,,
1370,0.014999999999999999,306.17854222009612,306.1785462058391,-3.9857429783296539e-06,2.4399316128677704,,
1370,0.016,306.41972775243198,306.41973225076367,-4.4983316911384463e-06,2.365078026929647,,
1370,0.017000000000000001,306.67874326645193,306.67874817477838,-4.9083264457294717e-06,2.2543300303297129,,
1370,0.018000000000000002,306.95585135356373,306.95585650718175,-5.1536180194489134e-06,2.098382064314392,,
1370,0.019,307.25123579353993,307.25124098270101,-5.1891610723941994e-06,1.8878313524449557,,
1370,0.02,307.56498719804819,307.56499220716023,-5.0091120442630199e-06,1.6117300078820314,,
1380,0,304.5419219279529,304.54192186629581,6.165709010019782e-08,2.5499997962098249,,
1380,0.001,304.54919907361551,304.54919902888133,4.4734179027727805e-08,2.5499996660350233,,
1380,0.002,304.57104298149699,304.571042992873,-1.1376016573194647e-08,2.54999906108642,,
1380,0.0030000000000000001,304.60749114214383,304.60749124510465,-1.0296082564309472e-07,2.5499970222566763,,
1380,0.0040000000000000001,304.6586063169978,304.65860654449568,-2.2749787831344292e-07,2.5499905339751043,,
1380,0.0050000000000000001,304.72447701971612,304.72447740225016,-3.8253403999988222e-07,2.5499708510711194,,
1380,0.0060000000000000001,304.80521828772385,304.80521885434035,-5.6661650660316809e-07,2.5499142289311427,,
1380,0.0070000000000000001,304.90097276562079,304.90097354588443,-7.8026363325989223e-07,2.549760434629913,,
1380,0.0080000000000000002,305.0119120221251,305.01191304878142,-1.0266563208460866e-06,2.5493671461238527,,
1380,0.0090000000000000011,305.13823785546629,305.13823916709123,-1.3116249419908854e-06,2.5484219760658511,,
1380,0.01,305.28018312008487,305.28018476258069,-1.6424958175775828e-06,2.5462896043287242,,
1380,0.010999999999999999,305.43801136873537,305.43801339427421,-2.0255388335499447e-06,2.5417757749433942,,
1380,0.012,305.61201441831116,305.61201688048544,-2.4621742795716273e-06,2.5328105969712893,,
1380,0.013000000000000001,305.80250690853194,305.80250985322573,-2.9446937901411729e-06,2.5160941939948507,,
1380,0.014,306.00981712438636,306.00982057718227,-3.4527959087427007e-06,2.486798875858486,,
1380,0.014999999999999999,306.23427385295889,306.23427780544858,-3.9524896919829189e-06,2.4384569141258505,,
1380,0.016,306.47618982081519,306.47619421943904,-4.3986238438264991e-06,2.3631451978130298,,
1380,0.017000000000000001,306.7358431810141,306.73584792234146,-4.7413273591701e-06,2.2519790160022684,,
1380,0.018000000000000002,307.01345936220099,307.01346429755904,-4.9353580493516347e-06,2.0957337117533306,,
1380,0.019,307.30919608508168,307.30920103558338,-4.9505017045703426e-06,1.8850798262575448,,
1380,0.02,307.62313418121869,307.62313905977157,-4.87855288611172e-06,1.6091149797977387,,
1390,0,304.59116161876477,304.59116157419754,4.4567229906533612e-08,2.5499997722595786,,
1390,0.001,304.59846702156568,304.59846699268024,2.8885438041470479e-08,2.5499996290673583,,
1390,0.002,304.6203958860043,304.62039590939588,-2.3391578451992245e-08,2.5499989675674413,,
1390,0.0030000000000000001,304.65698628427214,304.65698639378758,-1.0951544027193449e-07,2.5499967565161641,,
1390,0.0040000000000000001,304.70830201789846,304.70830224620676,-2.2830829493614146e-07,2.549989779928687,,
1390,0.0050000000000000001,304.77443314744528,304.77443352647282,-3.7902754002061556e-07,2.5499687890143243,,
1390,0.0060000000000000001,304.85549672024234,304.85549728225294,-5.6201059805971454e-07,2.5499088723765233,,
1390,0.0070000000000000001,304.95163761913005,304.95163839830792,-7.7917786711623194e-07,2.5497473150407006,,
1390,0.0080000000000000002,305.06302935443756,305.06303038855441,-1.0341168490413111e-06,2.549336982947211,,
1390,0.0090000000000000011,305.18987448547165,305.18987581694171,-1.3314700595401519e-06,2.5483570696977411,,
1390,0.01,305.33240420824018,305.33240588368824,-1.6754480611780309e-06,2.5461591500918677,,
1390,0.010999999999999999,305.49087652200177,305.49087858950213,-2.0675003611358989e-06,2.5415312411430326,,
1390,0.012,305.66557234111343,305.66557484465011,-2.5035366775227885e-06,2.5323835701454289,,
1390,0.013000000000000001,305.85678900513273,305.85679197663518,-2.9715024538745638e-06,2.5154000129028136,,
1390,0.014,306.06483089264827,306.06483434271752,-3.4500692436267855e-06,2.485748940977115,,
1390,0.014999999999999999,306.2899972284232,306.29000113569487,-3.9072716617738479e-06,2.4369800471177645,,
1390,0.016,306.53256749250664,306.53257179082459,-4.2983179469047172e-06,2.3612142396640379,,
1390,0.017000000000000001,306.79278469490691,306.79278927228677,-4.5773798547088518e-06,2.2496347730765822,,
1390,0.018000000000000002,307.07083608426137,307.07084080169761,-4.7174362407531589e-06,2.093096680397621,,
1390,0.019,307.36683089137017,307.36683556831491,-4.6769447408223641e-06,1.8823425764371851,,
1390,0.02,307.6807778802542,307.68078225127306,-4.3710188606382872e-06,1.6065123796231646,,
1400,0,304.64059354967657,304.64059351360783,3.6068740882910788e-08,2.5499997458871095,,
1400,0.001,304.64792766296785,304.6479276418674,2.1100447611388518e-08,2.5499995885968842,,
1400,0.002,304.66994286856198,304.66994289785271,-2.929073161794804e-08,2.5499988661926105,,
1400,0.0030000000000000001,304.70667786379647,304.70667797686042,-1.130639475377393e-07,2.5499964711425003,,
1400,0.0040000000000000001,304.75819746526975,304.75819769535661,-2.3008686866887729e-07,2.5499889772143027,,
1400,0.0050000000000000001,304.82459305245027,304.82459343322802,-3.8077774888733984e-07,2.5499666117408912,,
1400,0.0060000000000000001,304.9059830920371,304.90598365847319,-5.6643608559170389e-07,2.5499032596071025,,
1400,0.0070000000000000001,305.00251360501687,305.00251439438421,-7.8936733416412608e-07,2.5497336655224365,,
1400,0.0080000000000000002,305.11435835321953,305.11435940583613,-1.0526165965529799e-06,2.549305808082059,,
1400,0.0090000000000000011,305.24171842642357,305.24171978559849,-1.3591749166153022e-06,2.5482903935772012,,
1400,0.01,305.38482082556487,305.38482253618514,-1.710620267658669e-06,2.5460258830661582,,
1400,0.010999999999999999,305.54391559041977,305.54391769561084,-2.1051910721325839e-06,2.5412826919166571,,
1400,0.012,305.71927103718753,305.71927357247614,-2.5352886154905718e-06,2.5319514873824858,,
1400,0.013000000000000001,305.91116676130792,305.91116974622713,-2.9849192060282803e-06,2.5147004069154875,,
1400,0.014,306.1198842023278,306.11988763154346,-3.4292156669835094e-06,2.4846944494806973,,
1400,0.014999999999999999,306.34569472277389,306.34569856088598,-3.8381120930353063e-06,2.4355011030406382,,
1400,0.016,306.58884532184101,306.58884950224962,-4.1804086094998638e-06,2.3592852072535635,,
1400,0.017000000000000001,306.84954239446705,306.84954681585396,-4.4213869045961474e-06,2.2472972877245416,,
1400,0.018000000000000002,307.12793457664122,307.1279390942002,-4.5175589775681146e-06,2.0904708824772538,,
1400,0.019,307.42409681598104,307.42410123824124,-4.422260190040106e-06,1.8796194510006605,,
1400,0.02,307.73801901737784,307.73802313285961,-4.1154817722599546e-06,1.6039222905584638,,
1410,0,304.69022084137214,304.69022080913942,3.223271960450802e-08,2.5499997168888551,,
1410,0.001,304.69758411503557,304.69758409752268,1.7512888916826341e-08,2.5499995443500398,,
1410,0.002,304.71968698129342,304.71968701362312,-3.2329694477084558e-08,2.549998756430738,,
1410,0.0030000000000000001,304.75656864973786,304.75656876552199,-1.157841325039044e-07,2.5499961650048033,,
1410,0.0040000000000000001,304.80829469373333,304.80829492718976,-2.3345643285210826e-07,2.5499881234787654,,
1410,0.0050000000000000001,304.87495731974792,304.87495770625048,-3.8650256328764954e-07,2.5499643146706652,,
1410,0.0060000000000000001,304.95667559943479,304.95667617612719,-5.7669240050017834e-07,2.5498973824898679,,
1410,0.0070000000000000001,305.05359549904318,305.05359630530216,-8.0625898135622265e-07,2.5497194732042243,,
1410,0.0080000000000000002,305.16588947492204,305.16589055230918,-1.0773871395031165e-06,2.5492736039687256,,
1410,0.0090000000000000011,305.29375534099501,305.29375673225564,-1.3912606391386362e-06,2.5482219283892382,,
1410,0.01,305.43741406794516,305.43741581464786,-1.7467027078055253e-06,2.545889789443144,,
1410,0.010999999999999999,305.59710615897029,305.59710829761332,-2.1386430262282374e-06,2.5410301302511811,,
1410,0.012,305.77308627450623,305.77308883130843,-2.5568022010702407e-06,2.5315143801535496,,
1410,0.013000000000000001,305.96561585467356,305.96561883961522,-2.9849416591787303e-06,2.5139954411069869,,
1410,0.014,306.17495362011556,306.17495702089542,-3.4007798603852279e-06,2.4836354912085996,,
1410,0.014999999999999999,306.40134403700273,306.40134781330892,-3.7763061868645309e-06,2.4340201711033842,,
1410,0.016,306.64500414269401,306.6450082210032,-4.0783091890261858e-06,2.3573581534899732,,
1410,0.017000000000000001,306.9061095718302,306.90611384193824,-4.2701080360529886e-06,2.2449665456157462,,
1410,0.018000000000000002,307.18478116920113,307.18478548558318,-4.3163820464542368e-06,2.0878562316966769,,
1410,0.019,307.48107408282823,307.48107827407159,-4.1912433630386658e-06,1.876910257899927,,
1410,0.02,307.79497143982786,307.79497533598544,-3.8961575796747638e-06,1.6013452399315686,,
1420,0,304.74004623834753,304.7400462080758,3.0271735340647865e-08,2.5499996850478581,,
1420,0.001,304.74743901296506,304.7474389975763,1.5388764040835667e-08,2.5499994960367887,,
1420,0.002,304.76963049452513,304.76963052959576,-3.507062729113386e-08,2.549998637724165,,
1420,0.0030000000000000001,304.8066601903447,304.80666031026902,-1.1992432291663135e-07,2.5499958369274474,,
1420,0.0040000000000000001,304.85859403353453,304.85859427372759,-2.4019306010814034e-07,2.5499872162984514,,
1420,0.0050000000000000001,304.92552443416639,304.92552483151144,-3.9734504753141664e-07,2.5499618931284385,,
1420,0.0060000000000000001,305.00757018596914,305.00757077911106,-5.9314191958037554e-07,2.549891232795547,,
1420,0.0070000000000000001,305.10487605792235,305.10487688720644,-8.2928409028681926e-07,2.5497047251781209,,
1420,0.0080000000000000002,305.21761184971683,305.21761295650435,-1.106787522076047e-06,2.5492403531665855,,
1420,0.0090000000000000011,305.34597064849595,305.34597207359582,-1.4250998674469884e-06,2.5481516551890331,,
1420,0.01,305.49016600101959,305.49016778205282,-1.7810332337830914e-06,2.5457508560437101,,
1420,0.010999999999999999,305.65042772103806,305.65042988870005,-2.1676619894606119e-06,2.5407735598459906,,
1420,0.012,305.82699609735801,305.82699867070414,-2.5733461370691657e-06,2.5310722803437247,,
1420,0.013000000000000001,306.02011436550106,306.02011734654144,-2.9810403816554754e-06,2.5132851802226814,,
1420,0.014,306.23001946715061,306.23002283524607,-3.3680954629744519e-06,2.4825721547159931,,
1420,0.014999999999999999,306.45693135613169,306.45693506298824,-3.7068565461595426e-06,2.4325373385636015,,
1420,0.016,306.70104141451452,306.701045380957,-3.9664424775764928e-06,2.3554331294785595,,
1420,0.017000000000000001,306.96250088716101,306.9625050032534,-4.1160923842653574e-06,2.2426425319861045,,
1420,0.018000000000000002,307.24141055752665,307.24141468754328,-4.1300166344626632e-06,2.0852526423784892,,
1420,0.019,307.53781306501941,307.53781705793244,-3.9929130366544996e-06,1.8742147892892147,,
1420,0.02,307.85168919198594,307.85169290533258,-3.7133466435079754e-06,1.5987812917848703,,
1430,0,304.79007152155685,304.79007149472352,2.6833333777176449e-08,2.549999650133179,,
1430,0.001,304.79749396390253,304.79749395242084,1.1481688488856889e-08,2.5499994433499729,,
1430,0.002,304.81977447470121,304.81977451513609,-4.0434883885609452e-08,2.5499985094880193,,
1430,0.0030000000000000001,304.85695259428792,304.85695272214133,-1.2785341141352546e-07,2.5499954856893372,,
1430,0.0040000000000000001,304.90909415908538,304.90909441097205,-2.5188666086251033e-07,2.5499862531790489,,
1430,0.0050000000000000001,304.97629112217209,304.9762915361099,-4.1393781202714308e-07,2.5499593423449824,,
1430,0.0060000000000000001,305.05866113544766,305.05866175085964,-6.1541197737824405e-07,2.5498848022018787,,
1430,0.0070000000000000001,305.15634673003336,305.1563475873017,-8.5726833276567049e-07,2.5496894085048138,,
1430,0.0080000000000000002,305.26951389338939,305.26951503277337,-1.1393839827178454e-06,2.549206038360234,,
1430,0.0090000000000000011,305.39834981631719,305.39835127606705,-1.4597498534385522e-06,2.5480795554038589,,
1430,0.01,305.54305957854348,305.54306139210638,-1.8135629034077283e-06,2.5456090703098733,,
1430,0.010999999999999999,305.7038615673319,305.70386375965774,-2.1923258373135468e-06,2.5405129850924011,,
1430,0.012,305.88098148927622,305.88098407238431,-2.5831080847638077e-06,2.5306252202261676,,
1430,0.013000000000000001,306.07464494949113,306.07464791766904,-2.9681779096790706e-06,2.5125696886642053,,
1430,0.014,306.28506873886573,306.28507206412615,-3.3252604225708637e-06,2.4815045272865297,,
1430,0.014999999999999999,306.51245118368234,306.51245481236174,-3.6286793942963413e-06,2.4310526907710845,,
1430,0.016,306.75696215260467,306.75696600415381,-3.8515491382895561e-06,2.3535101845878375,,
1430,0.017000000000000001,307.01873354485247,307.01873751382561,-3.968973146584176e-06,2.240325231678109,,
1430,0.018000000000000002,307.29785124462097,307.29785520648244,-3.9618614664505003e-06,2.0826600281260532,,
1430,0.019,307.59434955922404,307.5943533798806,-3.8206565591281105e-06,1.8715328516590943,,
1430,0.02,307.90820901526723,307.90821257204817,-3.5567809391068295e-06,1.596230413295102,,
1440,0,304.84029719082741,304.84029717128516,1.9542255813576048e-08,2.5499996118992905,,
1440,0.001,304.84774926490115,304.84774926134224,3.558909611456329e-09,2.549999385964667,,
1440,0.002,304.87011860435354,304.87011865459868,-5.0245148486283142e-08,2.5499983711094782,,
1440,0.0030000000000000001,304.90744450427354,304.90744464503882,-1.4076528032092028e-07,2.5499951100232137,,
1440,0.0040000000000000001,304.95979224091298,304.95979250989257,-2.6897959060079302e-07,2.5499852315553224,,
1440,0.0050000000000000001,305.02725266852309,305.02725310450705,-4.3598396359811886e-07,2.5499566574581167,,
1440,0.0060000000000000001,305.10994149783011,305.10994214046246,-6.4263235799444374e-07,2.5498780822968734,,
1440,0.0070000000000000001,305.20799810804886,305.20799899709198,-8.8904312178783584e-07,2.5496735102192054,,
1440,0.0080000000000000002,305.32158371726609,305.32158489123651,-1.1739704177671229e-06,2.549170642365433,,
1440,0.0090000000000000011,305.45087872476449,305.45088021883475,-1.4940702612875612e-06,2.5480056108347759,,
1440,0.01,305.59607905017219,305.59608089330544,-1.8431332478030527e-06,2.545464420296613,,
1440,0.010999999999999999,305.75739133542095,305.75739354682412,-2.2114031708042603e-06,2.5402484110537022,,
1440,0.012,305.93502695247992,305.93502953761845,-2.5851385316855158e-06,2.5301732324372019,,
1440,0.013000000000000001,306.12919487552426,306.12919782213282,-2.9466085607054993e-06,2.5118490304753962,,
1440,0.014,306.34009362739192,306.34009690209967,-3.2747077511885436e-06,2.4804326949448541,,
1440,0.014999999999999999,306.56790268473912,306.5679062310615,-3.5463223753140483e-06,2.4295663112100971,,
1440,0.016,306.81277390145391,306.81277763991056,-3.7384566553555487e-06,2.3515893665141707,,
1440,0.017000000000000001,307.07482365305907,307.07482748400349,-3.8309444221340527e-06,2.2380146291383847,,
1440,0.018000000000000002,307.35412647858004,307.35413028795102,-3.8093709804343234e-06,2.0800783009898804,,
1440,0.019,307.6507109667113,307.65071463490659,-3.6681952906292281e-06,1.8688642692330029,,
1440,0.02,307.96455761101203,307.96456190544245,-4.2944304254888266e-06,1.5936925316639863,,
1450,0,304.89072235097052,304.89072234297913,7.9913888839655556e-09,2.5499995700854541,,
1450,0.001,304.89820381326456,304.89820382298512,-9.7205656857113354e-09,2.5499993235375036,,
1450,0.002,304.92066116034198,304.92066122589387,-6.5551887473702664e-08,2.5499982219470052,,
1450,0.0030000000000000001,304.95813317313662,304.95813333238777,-1.5925115803838708e-07,2.5499947086149244,,
1450,0.0040000000000000001,305.01068412953617,305.01068442106254,-2.9152636216167593e-07,2.5499841487908794,,
1450,0.0050000000000000001,305.07840319659385,305.07840365961033,-4.6301647671498358e-07,2.549953833513749,,
1450,0.0060000000000000001,305.16140343939708,305.16140411329894,-6.7390186586635537e-07,2.5498710645820286,,
1450,0.0070000000000000001,305.2598203190766,305.25982124247878,-9.2340218316167011e-07,2.5496570173358828,,
1450,0.0080000000000000002,305.37380953550712,305.37381074468948,-1.2091823577975447e-06,2.5491341481349288,,
1450,0.0090000000000000011,305.50354407049326,305.50354559720438,-1.5267111166394898e-06,2.5479298036583291,,
1450,0.01,305.64921030983078,305.64921217848763,-1.8686568523662572e-06,2.5453168946640967,,
1450,0.010999999999999999,305.81100317208575,305.81100539654614,-2.2244603883336822e-06,2.5399798434461078,,
1450,0.012,305.98912025001817,305.98912283036395,-2.5803457788242667e-06,2.5297163499525839,,
1450,0.013000000000000001,306.1837550689786,306.18375798912285,-2.9201442544035672e-06,2.5111232693288068,,
1450,0.014,306.39508962418671,306.39509285034825,-3.2261615388051723e-06,2.4793567424682341,,
1450,0.014999999999999999,306.62328605345357,306.62328953120618,-3.4777526138896064e-06,2.4280782815395709,,
1450,0.016,306.86847548262307,306.86847913972991,-3.6571068449120503e-06,2.3496707213426284,,
1450,0.017000000000000001,307.13073658026696,307.13074032652395,-3.7462569935087231e-06,2.2357107083635634,,
1450,0.018000000000000002,307.41004725483464,307.41005085321848,-3.5983838415631908e-06,2.0775073715926844,,
1450,0.019,307.70619093641272,307.70619378378791,-2.8473751854107832e-06,1.866208880334574,,
1450,0.02,308.01862577219862,308.01862696525643,-1.1930578125429747e-06,1.5911687276974349,,
1460,0,304.94134473143265,304.94134474228156,-1.0848907550098374e-08,2.5499995244150861,,
1460,0.001,304.94885514138355,304.94885517059532,-2.9211776109150378e-08,2.5499992557060027,,
1460,0.002,304.97139909119085,304.97139917811268,-8.6921829733910272e-08,2.549998061329608,,
1460,0.0030000000000000001,305.00901460265044,305.00901478616709,-1.8351664721194538e-07,2.5499942801027489,,
1460,0.0040000000000000001,305.06176456324329,305.06176488257523,-3.1933194577504764e-07,2.5499830021780063,,
1460,0.0050000000000000001,305.12973594074157,305.1297364351995,-4.9445793592894915e-07,2.5499508654670309,,
1460,0.0060000000000000001,305.21303856479534,305.21303927314227,-7.0834693133292603e-07,2.5498637404756015,,
1460,0.0070000000000000001,305.31180337133117,305.31180433067954,-9.59348369633517e-07,2.5496399168545181,,
1460,0.0080000000000000002,305.42617999697546,305.42618124119514,-1.2442196748452261e-06,2.5490965387639872,,
1460,0.0090000000000000011,305.55633361760874,305.55633517528838,-1.5576796386085334e-06,2.547852116427773,,
1460,0.01,305.70244094559905,305.70244283759627,-1.8919972148978559e-06,2.5451664826694702,,
1460,0.010999999999999999,305.86468531554948,305.86468755207409,-2.2365246081790247e-06,2.539707288619701,,
1460,0.012,306.04325073422177,306.04325331198345,-2.5777616770028544e-06,2.5292546060643981,,
1460,0.013000000000000001,306.23831449365946,306.23831739547052,-2.9018110581091605e-06,2.5103924685132539,,
1460,0.014,306.45003719660394,306.45004039425362,-3.1976496757124551e-06,2.4782767533990153,,
1460,0.014999999999999999,306.67854762110858,306.6785510711652,-3.4500566243877984e-06,2.4265886816337794,,
1460,0.016,306.92391808280928,306.92392169256607,-3.609756788591767e-06,2.3477542936045115,,
1460,0.017000000000000001,307.18612532662729,307.18612887641848,-3.5497911881066102e-06,2.233413452812032,,
1460,0.018000000000000002,307.46499498811289,307.46499806578561,-3.0776727157899586e-06,2.074947149766476,,
1460,0.019,307.76013596868546,307.76013800409913,-2.0354136722744443e-06,1.8635665391432106,,
1460,0.02,308.07088211582692,308.07088248627457,-3.7044765122118406e-07,1.5886587469845674,,
1470,0,304.99216078944534,304.99216082556882,-3.6123481095273746e-08,2.5499994745951198,,
1470,0.001,304.99969952959276,304.99969958464476,-5.505199851540965e-08,2.5499991820878907,,
1470,0.002,305.02232815718344,305.02232827155257,-1.1436912927820231e-07,2.5499978885560917,,
1470,0.0030000000000000001,305.06008372301909,305.06008393638882,-2.133697307726834e-07,2.549993823076742,,
1470,0.0040000000000000001,305.11302739095964,305.11302774294558,-3.5198593195673311e-07,2.5499817889375471,,
1470,0.0050000000000000001,305.1812435057642,305.18124403552872,-5.2976452025177423e-07,2.5499477481835418,,
1470,0.0060000000000000001,305.26483819123013,305.26483893674418,-7.4551405759848421e-07,2.5498561013158962,,
1470,0.0070000000000000001,305.36393739398778,305.36393839088345,-9.9689566468441626e-07,2.5496221957651795,,
1470,0.0080000000000000002,305.47868427612474,305.47868555612337,-1.2799986279787845e-06,2.5490577974957143,,
1470,0.0090000000000000011,305.60923584286871,305.60923743191125,-1.5890425402176334e-06,2.5477725320740618,,
1470,0.01,305.75575864368017,305.75576056015717,-1.9164770037605194e-06,2.5450131741586386,,
1470,0.010999999999999999,305.91842325665522,305.91842551023132,-2.2535760990649578e-06,2.5394307535398069,,
1470,0.012,306.09739698904156,306.09739957977905,-2.5907374947564676e-06,2.5287880343587901,,
1470,0.013000000000000001,306.29283375418703,306.2928366692999,-2.9151128728699405e-06,2.5096566909221156,,
1470,0.014,306.50485948321153,306.50486268584274,-3.2026312055677408e-06,2.4771928100570872,,
1470,0.014999999999999999,306.73355099455608,306.73355440010209,-3.4055460105264501e-06,2.4250975896222577,,
1470,0.016,306.97890654860674,306.97890999079578,-3.4421890404701116e-06,2.3458401263285622,,
1470,0.017000000000000001,307.24080799576654,307.24081119542433,-3.1996577831705508e-06,2.231122845316031,,
1470,0.018000000000000002,307.5189776889859,307.5189802496663,-2.5606804001654382e-06,2.072397545277326,,
1470,0.019,307.81293741325374,307.81293885560405,-1.4423503102989343e-06,1.8609371285154754,,
1470,0.02,308.12197959751359,308.12197942474307,1.7277051256314735e-07,1.5861620905113727,,
1480,0,305.04316586656864,305.0431659343011,-6.773245786462212e-08,2.5499994203153573,,
1480,0.001,305.05073216848962,305.05073225560426,-8.7114642610686133e-08,2.5499991022804194,,
1480,0.002,305.0734431081741,305.07344325587781,-1.4770370171390823e-07,2.5499977028943257,,
1480,0.0030000000000000001,305.1113345899505,305.11133483851205,-2.485615482328285e-07,2.5499933360781033,,
1480,0.0040000000000000001,305.16446578006793,305.16446616931353,-3.8924559930819669e-07,2.5499805062188439,,
1480,0.0050000000000000001,305.23291805151479,305.23291862033597,-5.6882117860368453e-07,2.5499444764405625,,
1480,0.0060000000000000001,305.31679341955004,305.31679420513285,-7.855828130232112e-07,2.5498481383645788,,
1480,0.0070000000000000001,305.4162123790656,305.41621341586921,-1.036803610077186e-06,2.5496038410535622,,
1480,0.0080000000000000002,305.53131101607823,305.53131233466655,-1.3185883176447533e-06,2.5490179077261192,,
1480,0.0090000000000000011,305.66223719806845,305.66223882390773,-1.6258392747658945e-06,2.5476910339064762,,
1480,0.01,305.80914552815568,305.80914748026925,-1.9521135641298315e-06,2.5448569595577877,,
1480,0.010999999999999999,305.97219055688998,305.97219284563715,-2.2887471686772187e-06,2.5391502457685231,,
1480,0.012,306.15151749050978,306.15152011284948,-2.6223397071589716e-06,2.5283166686943708,,
1480,0.013000000000000001,306.34724938435704,306.3472523143555,-2.9299984589670203e-06,2.5089159990425043,,
1480,0.014,306.55946972039015,306.5594728936166,-3.173226446051558e-06,2.4761049935528803,,
1480,0.014999999999999999,306.78819956877601,306.78820286228876,-3.293512747859495e-06,2.4236050819295873,,
1480,0.016,307.03336944569958,307.03337265894953,-3.2132499541148718e-06,2.3439282610852499,,
1480,0.017000000000000001,307.2947875533826,307.29479039860695,-2.8452243441279279e-06,2.2288388680215609,,
1480,0.018000000000000002,307.57210805263202,307.5721101635807,-2.1109486851855763e-06,2.0698584686465979,,
1480,0.019,307.86480473792591,307.86480569945962,-9.6153371487162076e-07,1.8583205457667995,,
1480,0.02,308.1721561307279,308.1721555288309,6.0189699979673605e-07,1.5836785121214716,,
1490,0,305.09435436811651,305.09435447352882,-1.0541231176830479e-07,2.5499993612478153,,
1490,0.001,305.1019473380419,305.10194746317831,-1.2513640967881656e-07,2.5499990158596786,,
1490,0.002,305.1247378572856,305.12473804395785,-1.8667225276658428e-07,2.5499975035805176,,
1490,0.0030000000000000001,305.16276053222475,305.16276082111978,-2.8889502345919027e-07,2.5499928175985773,,
1490,0.0040000000000000001,305.21607228333528,305.21607271443361,-4.3109832859045127e-07,2.5499791510997234,,
1490,0.0050000000000000001,305.28475116188787,305.28475177398627,-6.1209840396259096e-07,2.5499410449283815,,
1490,0.0060000000000000001,305.36889459048268,305.36889542055638,-8.3007370221821475e-07,2.5498398428100049,,
1490,0.0070000000000000001,305.46861690758618,305.46861798999112,-1.0824049354596355e-06,2.5495848397061165,,
1490,0.0080000000000000002,305.58404603122852,305.58404739666844,-1.3654399140250462e-06,2.5489768530089671,,
1490,0.0090000000000000011,305.71531896313809,305.71532063713659,-1.6739984971536614e-06,2.5476076056129999,,
1490,0.01,305.86257572954486,305.86257772985118,-2.0003063241347263e-06,2.5446978298648517,,
1490,0.010999999999999999,306.02595121387697,306.02595354592358,-2.3320466198128997e-06,2.5388657734466213,,
1490,0.012,306.20556422467325,306.20556687412483,-2.649451573688566e-06,2.5278405431813984,,
1490,0.013000000000000001,306.40150314018416,306.40150606209528,-2.9219111183920177e-06,2.5081704549451662,,
1490,0.014,306.6138076853403,306.6138107907405,-3.1054001965458156e-06,2.475013383800488,,
1490,0.014999999999999999,306.84244692230874,306.84245006473077,-3.1424220310327655e-06,2.4221112333142454,,
1490,0.016,307.08729439744093,307.08729736344458,-2.9660036489076447e-06,2.3420187380238864,,
1490,0.017000000000000001,307.3481024799093,307.34810498862362,-2.5087143171731441e-06,2.2265615023679683,,
1490,0.018000000000000002,307.62447899333688,307.62448070878878,-1.7154519014184189e-06,2.0673298321162754,,
1490,0.019,307.91586991270884,307.91587046956943,-5.5686058431092533e-07,1.8557166856486036,,
1490,0.02,308.22155182090461,308.22155086448589,9.5641871666884981e-07,1.5812078197710324,,
1500,0,305.14571990049126,305.14572004941522,-1.489239593865932e-07,2.5499992970460612,,
1500,0.001,305.15333853032706,305.15333869925945,-1.6893238807824673e-07,2.549998922379904,,
1500,0.002,305.17620555219338,305.17620578347413,-2.3128075099521084e-07,2.5499972898184908,,
1500,0.0030000000000000001,305.21435411225622,305.21435444703201,-3.3477579108875943e-07,2.5499922660798857,,
1500,0.0040000000000000001,305.26783859735377,305.26783907599167,-4.7863790086921654e-07,2.5499777205865257,,
1500,0.0050000000000000001,305.33673328743225,305.33673394907441,-6.616421615035506e-07,2.5499374482516699,,
1500,0.0060000000000000001,305.4211303345831,305.42113121652295,-8.8193985448015155e-07,2.5498312057705568,,
1500,0.0070000000000000001,305.52113691375195,305.52113805050783,-1.1367558840902348e-06,2.5495651787150941,,
1500,0.0080000000000000002,305.63687131835894,305.6368727402018,-1.4218428532331018e-06,2.548934617060397,,
1500,0.0090000000000000011,305.76845768957372,305.76845942011022,-1.7305364963249303e-06,2.547522231260416,,
1500,0.01,305.91601898357629,305.91602103586632,-2.0522900285868673e-06,2.5445357766408789,,
1500,0.010999999999999999,306.07966772479796,306.079670095501,-2.3707030436526111e-06,2.5385773452757352,,
1500,0.012,306.25949410940308,306.259496770721,-2.661317921592854e-06,2.5273596921616477,,
1500,0.013000000000000001,306.4555511669459,306.45555405677015,-2.8898242590003065e-06,2.507420120275119,,
1500,0.014,306.66783700786988,306.66784001948838,-3.011618503023783e-06,2.4739180595310675,,
1500,0.014999999999999999,306.89627469715754,306.89627767079492,-2.973637379000138e-06,2.4206161169064955,,
1500,0.016,307.1406909576371,307.14069367677678,-2.7191396725356753e-06,2.3401115959042462,,
1500,0.017000000000000001,307.40079560433878,307.40079779974928,-2.1954105022814474e-06,2.2242907291121599,,
1500,0.018000000000000002,307.67616416460038,307.67616552777821,-1.3631778301714803e-06,2.0648115502603792,,
1500,0.019,307.96622634675083,307.96622655256772,-2.0581688886522898e-07,1.853125437766489,,
1500,0.02,308.27026274043556,308.27026146987458,1.2705609719887434e-06,1.5787498451201685,,
1510,0,305.19725526259344,305.19725546320905,-2.0061560235262732e-07,2.5499992273445451,,
1510,0.001,305.20489841377008,305.20489863296569,-2.1919561277172761e-07,2.5499988213727867,,
1510,0.002,305.22783845669306,305.22783873915472,-2.824616558427806e-07,2.5499970607789781,,
1510,0.0030000000000000001,305.26610687141346,305.26610725894966,-3.8753620401621447e-07,2.549991679913175,,
1510,0.0040000000000000001,305.31975513959316,305.31975567317392,-5.3358076002041344e-07,2.5499762116141973,,
1510,0.0050000000000000001,305.38885318948388,305.38885390873196,-7.1924807798495749e-07,2.5499336809308968,,
1510,0.0060000000000000001,305.47348705702251,305.47348799939761,-9.423750952919363e-07,2.5498222182979857,,
1510,0.0070000000000000001,305.57375558851629,305.57375678800537,-1.1994890769528865e-06,2.5495448450834832,,
1510,0.0080000000000000002,305.68976594913971,305.68976743417011,-1.485030395542708e-06,2.548891183763323,,
1510,0.0090000000000000011,305.82162764535985,305.82162943559371,-1.7902338527164829e-06,2.5474348952941508,,
1510,0.01,305.96944473588235,305.96944683756743,-2.101685083744087e-06,2.5443707920013066,,
1510,0.010999999999999999,306.13330592079956,306.13330832050366,-2.3997041012080444e-06,2.5382849705008717,,
1510,0.012,306.31327229456701,306.31327495136088,-2.65679386757256e-06,2.5268741501889913,,
1510,0.013000000000000001,306.50936276485049,306.50936560134255,-2.8364920581225306e-06,2.5066650562430013,,
1510,0.014,306.72153758116815,306.72154047481257,-2.8936444209648471e-06,2.4728190983064384,,
1510,0.014999999999999999,306.94968158733218,306.94968436277327,-2.7754410893976456e-06,2.4191198042449926,,
1510,0.016,307.19359252688929,307.19359494854888,-2.4216595875259372e-06,2.3382068721248932,,
1510,0.017000000000000001,307.45298951985751,307.45299134340291,-1.8235454035675502e-06,2.2220265283965781,,
1510,0.018000000000000002,307.7275725922803,307.72757379180564,-1.1995253430541197e-06,2.0623035400147209,,
1510,0.019,308.01716719288345,308.01716826837281,-1.0754893651210296e-06,1.8505466881285602,,
1510,0.02,308.32194170341961,308.32194371984326,-2.016423650275101e-06,1.5763040563041939,,
1520,0,305.2489522667338,305.24895252445486,-2.5772106937438366e-07,2.5499991517579286,,
1520,0.001,305.25661863499249,305.25661891170284,-2.7671035240928177e-07,2.5499987123467798,,
1520,0.002,305.27962770367708,305.27962804485031,-3.4117323366444907e-07,2.5499968155989174,,
1520,0.0030000000000000001,305.31800903192413,305.31800948009879,-4.4817466005042661e-07,2.5499910574385063,,
1520,0.0040000000000000001,305.37181074920926,305.37181134592691,-5.9671765484381467e-07,2.5499746210464092,,
1520,0.0050000000000000001,305.44109776644251,305.44109855155307,-7.8511055789931561e-07,2.5499297374038004,,
1520,0.0060000000000000001,305.52594909896482,305.525950109495,-1.0105301839757885e-06,2.5498128713807624,,
1520,0.0070000000000000001,305.62645412870359,305.62645539707495,-1.2683713634942251e-06,2.549523825829858,,
1520,0.0080000000000000002,305.74270759075557,305.74270914206522,-1.5513096514041536e-06,2.5488465371716065,,
1520,0.0090000000000000011,305.87480304791893,305.87480489600614,-1.8480872086001909e-06,2.5473455825378539,,
1520,0.01,306.02282464024586,306.02282678247741,-2.1422315512609202e-06,2.5442028686071558,,
1520,0.010999999999999999,306.18683701949726,306.18683943058278,-2.4110855179060309e-06,2.5379886588932146,,
1520,0.012,306.3668737251736,306.3668763499046,-2.624730996103608e-06,2.5263839520106446,,
1520,0.013000000000000001,306.56292508935064,306.56292783265644,-2.743305799413065e-06,2.5059053236171089,,
1520,0.014,306.7749284763554,306.77493119237425,-2.7160188551533793e-06,2.4717165765329026,,
1520,0.014999999999999999,307.00276655572145,307.00276905458645,-2.498865001143713e-06,2.4176223653120168,,
1520,0.016,307.24628274248221,307.24628485509697,-2.1126147657923866e-06,2.3363046027507903,,
1520,0.017000000000000001,307.50532434856433,307.50532605714403,-1.7085797026084037e-06,2.219768879845859,,
1520,0.018000000000000002,307.77981900336039,307.77982055892409,-1.5555636991848587e-06,2.0598057203795803,,
1520,0.019,308.06987576504741,308.06987769611038,-1.9310629681967839e-06,1.8479803191313238,,
1520,0.02,308.37588347342154,308.37588644956946,-2.9761479254375445e-06,1.5738703549887572,,
1530,0,305.30080149615338,305.30080181948966,-3.2333628041669726e-07,2.5499990698804051,,
1530,0.001,305.3084895786443,305.30848992141858,-3.4277428540008259e-07,2.5499985947863975,,
1530,0.002,305.33156307115917,305.33156347967395,-4.0851477933756541e-07,2.5499965533807645,,
1530,0.0030000000000000001,305.37004932903051,305.37004984648661,-5.1745610107900575e-07,2.5499903969443669,,
1530,0.0040000000000000001,305.42399265173452,305.42399331997728,-6.6824276245824876e-07,2.5499729456757487,,
1530,0.0050000000000000001,305.49345226064327,305.49345311917727,-8.5853400833002524e-07,2.5499256120268949,,
1530,0.0060000000000000001,305.57849930593278,305.5785003903793,-1.0844465236914402e-06,2.5498031559474166,,
1530,0.0070000000000000001,305.67921275673979,305.6792140965556,-1.3398158102972957e-06,2.5495021079931095,,
1530,0.0080000000000000002,305.7956740237351,305.79567563900912,-1.6152740158759116e-06,2.5488006615140306,,
1530,0.0090000000000000011,305.92796021701366,305.9279621140916,-1.8970779365190538e-06,2.5472542781927712,,
1530,0.01,306.07613611386591,306.07613827940429,-2.165538376175391e-06,2.5440319996561986,,
1530,0.010999999999999999,306.24024529639797,306.24024768964591,-2.3932479393806716e-06,2.5376884207332684,,
1530,0.012,306.42030163673701,306.42030418160465,-2.5448676410633198e-06,2.5258891325490804,,
1530,0.013000000000000001,306.61628342742762,306.61628601026064,-2.5828330194599403e-06,2.5051409827160591,,
1530,0.014,306.82813384003691,306.82813632375593,-2.4837190153448319e-06,2.4706105694751126,,
1530,0.014999999999999999,307.05577250068478,307.05577476500923,-2.2643244506070914e-06,2.41612386856713,,
1530,0.016,307.29912278078336,307.2991247855789,-2.0047955331392586e-06,2.3344048225422735,,
1530,0.017000000000000001,307.55815677235529,307.55815861909048,-1.8467351878825866e-06,2.2175177626684888,,
1530,0.018000000000000002,307.83295442562553,307.83295638594569,-1.9603201621976041e-06,2.0573180120467045,,
1530,0.019,308.12376627416455,308.12376876301181,-2.4888472580641974e-06,1.8454262058544324,,
1530,0.02,308.43106366019623,308.43106716562392,-3.5054276850132737e-06,1.571448725320099,,
1540,0,305.35279213528179,305.35279253350711,-3.9822532471589511e-07,2.5499989812850159,,
1540,0.001,305.36050021640318,305.36050063445907,-4.1805589034993318e-07,2.5499984681515264,,
1540,0.002,305.38363289229852,305.38363337715344,-4.8485492243344197e-07,2.5499962731918142,,
1540,0.0030000000000000001,305.42221503693423,305.42221563214264,-5.9520840522964136e-07,2.5499896966672111,,
1540,0.0040000000000000001,305.47628667239798,305.47628741957277,-7.4717479492392158e-07,2.5499711822239326,,
1540,0.0050000000000000001,305.54590075126504,305.54590168874819,-9.3748315066477517e-07,2.5499212990770328,,
1540,0.0060000000000000001,305.63111993599131,305.63112109686824,-1.1608769341364678e-06,2.5497930628698846,,
1540,0.0070000000000000001,305.73201230515923,305.7320137143808,-1.4092215678829234e-06,2.5494796786370926,,
1540,0.0080000000000000002,305.84864598161573,305.84864765197733,-1.6703615983715281e-06,2.5487535411980455,,
1540,0.0090000000000000011,305.98108284034976,305.98108476725906,-1.926909305893787e-06,2.5471609678368532,,
1540,0.01,306.12937176314995,306.12937391874914,-2.155599190700741e-06,2.5438581788740486,,
1540,0.010999999999999999,306.29354239996644,306.29354472851003,-2.3285435872821836e-06,2.5373842667942914,,
1540,0.012,306.47360105713,306.47360347534504,-2.4182150468732289e-06,2.5253897268845709,,
1540,0.013000000000000001,306.66953103091413,306.66953343823764,-2.4073235067589849e-06,2.5043720934021012,,
1540,0.014,306.88130015273202,306.88130245495688,-2.302224856975954e-06,2.469501151270094,,
1540,0.014999999999999999,307.10887808366863,307.10888022874758,-2.1450789517984958e-06,2.4146243809795265,,
1540,0.016,307.35226457671564,307.35226659394277,-2.0172271320006985e-06,2.3325075649870506,,
1540,0.017000000000000001,307.61152737751439,307.61152940572578,-2.0282113837311044e-06,2.2152731557450873,,
1540,0.018000000000000002,307.88684507769739,307.88684736945271,-2.2917553224033327e-06,2.054840337005774,,
1540,0.019,308.17854712446103,308.17855001847045,-2.8940094125573523e-06,1.8428842207415306,,
1540,0.02,308.48714170124839,308.48714557944993,-3.8782015394644986e-06,1.5690390739209474,,
1550,0,305.40491195591511,305.40491243827205,-4.8235693839160376e-07,2.5499988855229683,,
1550,0.001,305.41263812107798,305.41263862347688,-5.0239890470038517e-07,2.5499983318767248,,
1550,0.002,305.43582415805895,305.43582472772005,-5.6966109696077183e-07,2.5499959740635312,,
1550,0.0030000000000000001,305.47449223719735,305.47449291746722,-6.802698635510751e-07,2.5499889547910355,,
1550,0.0040000000000000001,305.52867778370944,305.52867861514409,-8.3143464735258021e-07,2.5499693273420863,,
1550,0.0050000000000000001,305.59842716462498,305.59842818317463,-1.0185496535086713e-06,2.5499167927529984,,
1550,0.0060000000000000001,305.68379442900624,305.68379566344186,-1.2344356150606473e-06,2.5497825829668401,,
1550,0.0070000000000000001,305.78483715275206,305.78483862122431,-1.4684722486890678e-06,2.5494565248551546,,
1550,0.0080000000000000002,305.90161156758074,305.90161327344168,-1.7058609387277102e-06,2.5487051608133227,,
1550,0.0090000000000000011,306.03416737509093,306.03416930261056,-1.9275196336820954e-06,2.5470656374236742,,
1550,0.01,306.18254297000692,306.18254508138205,-2.1113751245138701e-06,2.5436814005052151,,
1550,0.010999999999999999,306.3467621961741,306.34676443202136,-2.2358472619998793e-06,2.537076208326051,,
1550,0.012,306.52683415157873,306.52683643747037,-2.285891639530746e-06,2.5248857702383609,,
1550,0.013000000000000001,306.72275779268654,306.72276005356906,-2.2608825247516506e-06,2.5035987150750127,,
1550,0.014,306.93453296059903,306.93453514283073,-2.1822316966790822e-06,2.4683883949412477,,
1550,0.014999999999999999,307.16217877061359,307.16218086812751,-2.0975139136680809e-06,2.4131239680591388,,
1550,0.016,307.40575899534974,307.40576107318259,-2.0778328462256468e-06,2.3306128623354283,,
1550,0.017000000000000001,307.66541227193306,307.66541447912101,-2.2071879470786371e-06,2.2130350376947234,,
1550,0.018000000000000002,307.94138308734392,307.94138565242719,-2.5650832640167209e-06,2.0523726181305286,,
1550,0.019,308.23404814882144,308.23405135542839,-3.2066069479697035e-06,1.8403542391680079,,
1550,0.02,308.54393253100682,308.54393668948819,-4.1584813743611448e-06,1.5666412933058145,,
1560,0,305.45714753497293,305.45714810963591,-5.7466297676000977e-07,2.5499987821229424,,
1560,0.001,305.4648897277292,305.46489032229806,-5.9456885992403841e-07,2.5499981853705305,,
1560,0.002,305.48812291670311,305.48812357788535,-6.611822414015478e-07,2.5499956549908989,,
1560,0.0030000000000000001,305.52686647524365,305.52686724521101,-7.6996735742795863e-07,2.5499881694469795,,
1560,0.0040000000000000001,305.58115116785558,305.58115208484475,-9.1698916548921261e-07,2.5499673776110505,,
1560,0.0050000000000000001,305.65101689652835,305.65101799256666,-1.0960383178826305e-06,2.5499120871771437,,
1560,0.0060000000000000001,305.73650964428123,305.73651094232002,-1.2980387964489637e-06,2.5497717070070198,,
1560,0.0070000000000000001,305.83767779103027,305.83767930165118,-1.5106209048099117e-06,2.549432633774567,,
1560,0.0080000000000000002,305.95456813007911,305.95456984826859,-1.7181894804707554e-06,2.5486555051350912,,
1560,0.0090000000000000011,306.08722212622888,306.08722402915203,-1.9029231452805107e-06,2.5469682732811334,,
1560,0.01,306.23567320913008,306.23567525624736,-2.0471172774705337e-06,2.5435016593041548,,
1560,0.010999999999999999,306.39994613805897,306.39994827509776,-2.1370387912611477e-06,2.5367642570388962,,
1560,0.012,306.58005962289593,306.58006179085521,-2.167959280541254e-06,2.5243772979564438,,
1560,0.013000000000000001,306.7760333329224,306.77603548227631,-2.1493539179573418e-06,2.502820906666583,,
1560,0.014,306.98790006684834,306.98790217549146,-2.108643116116582e-06,2.4672723724123298,,
1560,0.014999999999999999,307.21572314043976,307.21572523206038,-2.0916206153742678e-06,2.4116226938867706,,
1560,0.016,307.45961801639737,307.45962017457714,-2.158179768230184e-06,2.328720745638194,,
1560,0.017000000000000001,307.71977602665083,307.71977839979917,-2.3731483338451653e-06,2.2108033869170161,,
1560,0.018000000000000002,307.99648700625511,307.99648979989473,-2.793639623632771e-06,2.0499147788999807,,
1560,0.019,308.29015710299706,308.29016055887001,-3.455872956692474e-06,1.8378361403578429,,
1560,0.02,308.60131757138026,308.60132259337627,-5.0219960030517541e-06,1.5642552714359186,,
1570,0,305.50948481210361,305.50948548256684,-6.7046323692920851e-07,2.5499986705904094,,
1570,0.001,305.51724094542772,305.51724163664375,-6.9121603019084432e-07,2.5499980280147709,,
1570,0.002,305.54051504560101,305.54051580111485,-7.5551383815763984e-07,2.5499953149317784,,
1570,0.0030000000000000001,305.57932378222381,305.57932464180067,-8.5957685769244563e-07,2.5499873387129592,,
1570,0.0040000000000000001,305.6336935229657,305.63369452134503,-9.9837933476010221e-07,2.5499653295417439,,
1570,0.0050000000000000001,305.7036583008458,305.7036594652601,-1.1644143000921758e-06,2.5499071763970607,,
1570,0.0060000000000000001,305.78925717499277,305.78925852245925,-1.3474664797286096e-06,2.5497604257125333,,
1570,0.0070000000000000001,305.89053125003301,305.89053278475507,-1.5347220596595434e-06,2.5494079925608477,,
1570,0.0080000000000000002,306.00752076364444,306.00752247513532,-1.7114908814619412e-06,2.5486045591272917,,
1570,0.0090000000000000011,306.14026281902642,306.140264681823,-1.8627965800988022e-06,2.5468688621099633,,
1570,0.01,306.28879049965457,306.28879247561554,-1.9759609699576686e-06,2.5433189505262872,,
1570,0.010999999999999999,306.45313420948474,306.45313625354015,-2.0440554067135963e-06,2.5364484250881407,,
1570,0.012,306.63332607005481,306.63332813986852,-2.0698137177532772e-06,2.523864345493934,,
1570,0.013000000000000001,306.8294080051661,306.82941007441224,-2.069246136215952e-06,2.5020387266356128,,
1570,0.014,307.04144363370614,307.04144570679455,-2.0730884102704294e-06,2.4661531545213604,,
1570,0.014999999999999999,307.2695328213922,307.26953494803735,-2.1266451426527055e-06,2.4101206211435446,,
1570,0.016,307.51382413899853,307.51382643302583,-2.2940272970117803e-06,2.3268312447859487,,
1570,0.017000000000000001,307.77451152297886,307.77451412416207,-2.6011832119365863e-06,2.20857818161151,,
1570,0.018000000000000002,308.05178724805705,308.05179011749664,-2.8694395837192133e-06,2.0474667433236364,,
1570,0.019,308.34572044266838,308.34572307935639,-2.636688009260979e-06,1.8353298069274584,,
1570,0.02,308.65607070797932,308.6560721445237,-1.4365443803399103e-06,1.5618810364900264,,
1580,0,305.5619099620377,305.56191073062791,-7.6859021191921784e-07,2.5499985504069325,,
1580,0.001,305.56967806134583,305.56967884937399,-7.880281600591843e-07,2.5499978591638728,,
1580,0.002,305.59298723330909,305.59298808146605,-8.4815695799989044e-07,2.5499949528062853,,
1580,0.0030000000000000001,305.63185172586742,305.63185267051097,-9.4464354560841457e-07,2.5499864606133302,,
1580,0.0040000000000000001,305.68629407285755,305.68629514455728,-1.0716997280724172e-06,2.5499631795755668,,
1580,0.0050000000000000001,305.75634340589107,305.75634462701265,-1.2211215789648122e-06,2.5499020543872843,,
1580,0.0060000000000000001,305.8420333691675,305.84203475160837,-1.3824408711116121e-06,2.5497487297621579,,
1580,0.0070000000000000001,305.94339994757843,305.94340149106938,-1.5434909528266871e-06,2.5493825884219676,,
1580,0.0080000000000000002,306.06047963647467,306.06048132805813,-1.6915834635256033e-06,2.5485523079455152,,
1580,0.0090000000000000011,306.19330849247012,306.19331030787657,-1.815406449168222e-06,2.5467673909820432,,
1580,0.01,306.34192267262881,306.34192458012353,-1.9074947203989723e-06,2.5431332699190006,,
1580,0.010999999999999999,306.50636102670904,306.50636299356393,-1.9668548816298426e-06,2.5361287250587585,,
1580,0.012,306.68667002118593,306.68667202307103,-2.0018850932501664e-06,2.5233469484000124,,
1580,0.013000000000000001,306.88291049589668,306.88291253054336,-2.0346466840237554e-06,2.5012522329634517,,
1580,0.014,307.09516411860523,307.09516622184805,-2.1032428207945486e-06,2.465030811034465,,
1580,0.014999999999999999,307.32353466468851,307.32353691145227,-2.2467637563750031e-06,2.408617811139893,,
1580,0.016,307.56813598689502,307.56813844032888,-2.4534338649573328e-06,2.3249443885485457,,
1580,0.017000000000000001,307.82905705334082,307.82905965430569,-2.6009648763647419e-06,2.2063593997808941,,
1580,0.018000000000000002,308.10629861485967,308.1063010786645,-2.4638048330416495e-06,2.0450284359863695,,
1580,0.019,308.39968837247892,308.39969018128897,-1.8088100546265196e-06,1.8328351249803896,,
1580,0.02,308.70879812791156,308.70879867018226,-5.4227069767875946e-07,1.5595184570371807,,
1590,0,305.61441035130713,305.61441121385212,-8.6254499365168158e-07,2.5499984210294855,,
1590,0.001,305.62218868735135,305.62218956749712,-8.8014576249406673e-07,2.5499976781441753,,
1590,0.002,305.64552787826938,305.64552881290194,-9.3463256689574337e-07,2.5499945674961713,,
1590,0.0030000000000000001,305.68444017441396,305.68444119581068,-1.0213967129857338e-06,2.5499855331185808,,
1590,0.0040000000000000001,305.73894504118351,305.73894617555914,-1.1343756227688573e-06,2.5499609240848371,,
1590,0.0050000000000000001,305.8090678826008,305.80906914797112,-1.2653703151954687e-06,2.5498967150510317,,
1590,0.0060000000000000001,305.8948385613495,305.894839965882,-1.4045324974176765e-06,2.5497366097946115,,
1590,0.0070000000000000001,305.99629002553746,305.99629156678139,-1.5412439324791194e-06,2.5493564086124638,,
1590,0.0080000000000000002,306.11345742522752,306.11345909069968,-1.6654721548547968e-06,2.5484987369397762,,
1590,0.0090000000000000011,306.24637812274307,306.24637989245724,-1.7697141743155953e-06,2.5466638473385523,,
1590,0.01,306.39509290626182,306.3950947579101,-1.851648278261564e-06,2.542944613712693,,
1590,0.010999999999999999,306.55964840774686,306.5596503249551,-1.9172082375007449e-06,2.5358051699504096,,
1590,0.012,306.74010008538363,306.74010206770447,-1.9823208390334912e-06,2.5228251423034358,,
1590,0.013000000000000001,306.93651408601318,306.93651615522668,-2.0692135080935259e-06,2.5004614831500009,,
1590,0.014,307.14896497274037,307.14896716560708,-2.1928667024440074e-06,2.4639054106595681,,
1590,0.014999999999999999,307.37752517539349,307.37752751362984,-2.338236356536072e-06,2.4071143238441484,,
1590,0.016,307.62224201088009,307.62224445031489,-2.4394348088208062e-06,2.3230602046133515,,
1590,0.017000000000000001,307.8831002611829,307.88310264137334,-2.3801904376341554e-06,2.2041470192272707,,
1590,0.018000000000000002,308.15997299484059,308.15997501529614,-2.0204555539748981e-06,2.0425997821292259,,
1590,0.019,308.45256945419914,308.45257069879455,-1.2445954098438961e-06,1.8303519855412527,,
1590,0.02,308.76039370912395,308.76039372260101,-1.3477063021127833e-08,1.557167373540024,,
1600,0,305.66697531923279,305.66697626740881,-9.4817602303010062e-07,2.5499982818897502,,
1600,0.001,305.67476250015289,305.67476346376145,-9.6360855650345911e-07,2.5499974842532511,,
1600,0.002,305.69812769786023,305.69812870943321,-1.0115729764947901e-06,2.5499941578442318,,
1600,0.0030000000000000001,305.73708166283024,305.73708275033567,-1.0875054385905969e-06,2.549984554145055,,
1600,0.0040000000000000001,305.79164163970165,305.79164282527739,-1.185575740692002e-06,2.5499585593732772,,
1600,0.0050000000000000001,305.86183050560021,305.86183180382335,-1.2982231396563293e-06,2.5498911522219623,,
1600,0.0060000000000000001,305.94767584794477,305.94767726484997,-1.4169052064971766e-06,2.5497240564118022,,
1600,0.0070000000000000001,306.04920923161694,306.04921076489012,-1.5332731777562003e-06,2.5493294404374347,,
1600,0.0080000000000000002,306.1664659042608,306.16646754508423,-1.640823427351279e-06,2.5484438316570808,,
1600,0.0090000000000000011,306.29948509482551,306.29948683170323,-1.7368777207593666e-06,2.5465582189879399,,
1600,0.01,306.44831082274032,306.4483126470297,-1.8242893702336005e-06,2.5427529786117882,,
1600,0.010999999999999999,306.61299271102371,306.61299462261456,-1.9115908571620821e-06,2.5354777731627531,,
1600,0.012,306.79358569240742,306.7935877022241,-2.0098166828574904e-06,2.5222989628985863,,
1600,0.013000000000000001,306.99014682258797,306.99014894738002,-2.1247920471978432e-06,2.4996665342101827,,
1600,0.014,307.20272692474634,307.20272917065626,-2.2459099113802949e-06,2.4627770210600439,,
1600,0.014999999999999999,307.43135486827612,307.43135720376142,-2.3354853055934655e-06,2.4056102179109562,,
1600,0.016,307.67601331292428,307.67601563826145,-2.3253371637110831e-06,2.3211787196215825,,
1600,0.017000000000000001,307.93660686966575,307.93660899508126,-2.1254155058159085e-06,2.2019410175488017,,
1600,0.018000000000000002,308.2129264942111,308.21292813790035,-1.6436892451565654e-06,2.040180707748033,,
1600,0.019,308.50461662879718,308.50461744187231,-8.13075132555241e-07,1.8278802828530891,,
1600,0.02,308.81115294234183,308.81115256165322,3.8068861840656609e-07,1.5548276584863288,,
1610,0,305.71959663653109,305.71959765911532,-1.0225842288491549e-06,2.5499981323934393,,
1610,0.001,305.72739164624682,305.72739268199717,-1.0357503583691141e-06,2.5499972767592318,,
1610,0.002,305.75077996838161,305.75078104538682,-1.0770052085717907e-06,2.5499937226537264,,
1610,0.0030000000000000001,305.78977134429635,305.78977248642673,-1.1421303725001053e-06,2.5499835215547075,,
1610,0.0040000000000000001,305.84438158462973,305.84438281064706,-1.226017332101037e-06,2.5499560816765392,,
1610,0.0050000000000000001,305.91463204665087,305.91463336905582,-1.3224049553173245e-06,2.5498853596659723,,
1610,0.0060000000000000001,306.00054910631656,306.00055053115335,-1.4248367961045005e-06,2.5497110601820614,,
1610,0.0070000000000000001,306.10216376299553,306.10216529090206,-1.5279065337381326e-06,2.5493016712564263,,
1610,0.0080000000000000002,306.21951144781929,306.21951307641029,-1.6285910078295274e-06,2.5483875778438212,,
1610,0.0090000000000000011,306.35263194779833,306.35263367500914,-1.7272108152610599e-06,2.5464504941037363,,
1610,0.01,306.50156909320384,306.50157092050227,-1.8272984334544162e-06,2.5425583617857841,,
1610,0.010999999999999999,306.66636950187956,306.66637143545358,-1.9335740262249601e-06,2.5351465484810838,,
1610,0.012,306.84707929976503,306.84708134735507,-2.0475900441851991e-06,2.5217684459320493,,
1610,0.013000000000000001,307.04373747464746,307.04373963618588,-2.1615384184769937e-06,2.4988674426708264,,
1610,0.014,307.25636455212441,307.25636680407348,-2.2519490698869049e-06,2.4616457088682719,,
1610,0.014999999999999999,307.48494578564333,307.48494806170226,-2.2760589217796223e-06,2.4041055507093776,,
1610,0.016,307.72940910706575,307.72941128078338,-2.1737176325586915e-06,2.3192999592022518,,
1610,0.017000000000000001,307.9895995804066,307.98960145637267,-1.8759660633804742e-06,2.1997413721405663,,
1610,0.018000000000000002,308.26525369167007,308.265255011112,-1.319441935265786e-06,2.0377711397091951,,
1610,0.019,308.55597797046283,308.55597843352297,-4.6306013246066868e-07,1.8254199122904999,,
1610,0.02,308.86123664790517,308.86123595414529,6.937598868717032e-07,1.5524991924004139,,
1620,0,305.77226857089374,305.7722696553783,-1.0844845519386581e-06,2.5499979719196033,,
1620,0.001,305.78007074355361,305.78007183910108,-1.0955474749607674e-06,2.5499970549001327,,
1620,0.002,305.80348033012137,305.80348146081502,-1.1306936471555673e-06,2.5499932606878137,,
1620,0.0030000000000000001,305.84250645351864,305.8425076398791,-1.1863604640893755e-06,2.5499824331548906,,
1620,0.0040000000000000001,305.89716406161358,305.8971653202284,-1.2586148159243749e-06,2.5499534871627634,,
1620,0.0050000000000000001,305.96747360315328,305.96747494610082,-1.342947541616013e-06,2.5498793310830119,,
1620,0.0060000000000000001,306.05346066517291,306.05346210032678,-1.4351538766277372e-06,2.5496976116433441,,
1620,0.0070000000000000001,306.15515558931605,306.15515712155212,-1.5322360695790849e-06,2.5492730884872108,,
1620,0.0080000000000000002,306.27259298721117,306.27259462023591,-1.6330247376572515e-06,2.548329961447994,,
1620,0.0090000000000000011,306.40581091412349,306.40581265223159,-1.7381080965606088e-06,2.5463406612222248,,
1620,0.01,306.55484924847224,306.55485109712589,-1.8486536532691389e-06,2.5423607608603302,,
1620,0.010999999999999999,306.71974660289288,306.71974856678605,-1.9638931689769379e-06,2.5348115100622701,,
1620,0.012,306.90053493218807,306.90053700965927,-2.0774712083948543e-06,2.5212336271897051,,
1620,0.013000000000000001,307.09723100028401,307.09723317373613,-2.1734521169491927e-06,2.4980642645679731,,
1620,0.014,307.30982411700217,307.30982634031977,-2.2233176082409045e-06,2.4605115396991213,,
1620,0.014999999999999999,307.53826011049017,307.53826229606477,-2.1855746012988675e-06,2.4026003783506713,,
1620,0.016,307.78242233353268,307.78242434271397,-2.0091812871214643e-06,2.3174239480038072,,
1620,0.017000000000000001,308.04211147103581,308.04211311203233,-1.6409965155617101e-06,2.1975480602012909,,
1620,0.018000000000000002,308.31702677958867,308.3170278158268,-1.0362381317463587e-06,2.0353710058234027,,
1620,0.019,308.60675186322123,308.60675203240885,-1.6918761502893176e-07,1.8229707699890281,,
1620,0.02,308.91074871807507,308.91074698251123,1.7355638419758179e-06,1.5501818601438473,,
1630,0,305.82498749907842,305.82498863524091,-1.1361624956407468e-06,2.5499977998199452,,
1630,0.001,305.83279642658061,305.83279757105208,-1.1444714687058877e-06,2.5499968178831933,,
1630,0.002,305.85622613691424,305.85622731180172,-1.1748874726436043e-06,2.5499927706690029,,
1630,0.0030000000000000001,305.8952853551047,305.89528657869641,-1.2235917097314086e-06,2.5499812866981646,,
1630,0.0040000000000000001,305.94998843109562,305.94998971900566,-1.2879100381724129e-06,2.5499507719331764,,
1630,0.0050000000000000001,306.02035505793469,306.02035642288428,-1.3649495826939528e-06,2.5498730601089177,,
1630,0.0060000000000000001,306.10640986103482,306.1064113132266,-1.4521917819365626e-06,2.5496837013063991,,
1630,0.0070000000000000001,306.20818178189256,306.2081833298289,-1.5479363355552778e-06,2.5492436796094617,,
1630,0.0080000000000000002,306.32570308353871,306.32570473486311,-1.6513243963345303e-06,2.5482709686212472,,
1630,0.0090000000000000011,306.45900767741574,306.45900943910044,-1.761684700340993e-06,2.5462287092399611,,
1630,0.01,306.60812833533214,306.60813021237374,-1.8770415977087396e-06,2.5421601739083424,,
1630,0.010999999999999999,306.77309224604397,306.77309423786625,-1.9918222733394941e-06,2.5344726724210065,,
1630,0.012,306.95391435833398,306.95391645235662,-2.094022647725069e-06,2.520694542484315,,
1630,0.013000000000000001,307.15058808402438,307.15059024633109,-2.1623067141263164e-06,2.4972570554445386,,
1630,0.014,307.36307331057583,307.36307547548773,-2.1649119048561261e-06,2.4593745781633718,,
1630,0.014999999999999999,307.59128261750271,307.59128468120019,-2.0636974795706919e-06,2.4010947557156426,,
1630,0.016,307.83506923525579,307.83507104931118,-1.8140553947887383e-06,2.3155507097237629,,
1630,0.017000000000000001,308.09422676630322,308.09422814466529,-1.3783620715912548e-06,2.1953610587461596,,
1630,0.018000000000000002,308.36852075436121,308.36852161957705,-8.6521583853027551e-07,2.0329802348489485,,
1630,0.019,308.65777435429624,308.65777499125153,-6.3695529206597712e-07,1.8205327529832782,,
1630,0.02,308.96200171709728,308.96200275631514,-1.0392178637630423e-06,1.5478754550629199,,
1640,0,305.87775113279787,305.87775231115666,-1.1783587865465961e-06,2.5499976154181443,,
1640,0.001,305.88556653169553,305.88556771727184,-1.1855763091261906e-06,2.5499965648842209,,
1640,0.002,305.90901553737899,305.90901675034206,-1.2129630704293959e-06,2.5499922512786277,,
1640,0.0030000000000000001,305.94810651379998,305.94810777120813,-1.2574081438287976e-06,2.5499800798821517,,
1640,0.0040000000000000001,306.00285318083803,306.00285449812094,-1.3172829085306148e-06,2.5499479320227332,,
1640,0.0050000000000000001,306.07327424660269,306.07327563746242,-1.3908597225054109e-06,2.5498665403172818,,
1640,0.0060000000000000001,306.15939279851739,306.15939427509909,-1.4765817013540072e-06,2.5496693196579114,,
1640,0.0070000000000000001,306.26123532092157,306.26123689401788,-1.5730963127680297e-06,2.5492134321683069,,
1640,0.0080000000000000002,306.37883012882384,306.37883180766948,-1.6788456491667603e-06,2.5482105857207427,,
1640,0.0090000000000000011,306.51220492435988,306.51220671544257,-1.7910826954903314e-06,2.546114627411137,,
1640,0.01,306.66138312282703,306.66138502722953,-1.9044024952563632e-06,2.5419565994411122,,
1640,0.010999999999999999,306.82637861216494,306.82638062132253,-2.0091575834157993e-06,2.5341300504163411,,
1640,0.012,307.00718880486005,307.00719089453014,-2.089670090299478e-06,2.5201512276435971,,
1640,0.013000000000000001,307.20378639854022,307.20378851962846,-2.1210882437117107e-06,2.4964458703483974,,
1640,0.014,307.41611144487905,307.41611351214408,-2.0672650293818151e-06,2.4582348878811779,,
1640,0.014999999999999999,307.64406731104992,307.64406920244016,-1.8913902408712602e-06,2.399588736481614,,
1640,0.016,307.88752648765575,307.88752808020303,-1.5925472780509153e-06,2.3136802671368426,,
1640,0.017000000000000001,308.14635328802109,308.14635454480759,-1.2567865042001358e-06,2.19318034462394,,
1640,0.018000000000000002,308.4204475528864,308.42044860514522,-1.05225882407467e-06,2.0305987564536281,,
1640,0.019,308.70980469377969,308.70980582949812,-1.1357184348526062e-06,1.8181057589596414,,
1640,0.02,309.01457542001231,309.01457701393133,-1.5939190234348644e-06,1.5455798795744156,,
1650,0,305.93055760236791,305.93055881835113,-1.2159832181168895e-06,2.5499974180091778,,
1650,0.001,305.93837918225915,305.93838040489555,-1.2226363992340339e-06,2.5499962950469381,,
1650,0.002,305.96184658190259,305.96184783041031,-1.24850771499041e-06,2.5499917011563302,,
1650,0.0030000000000000001,306.00096769251763,306.00096898349966,-1.2909820270579075e-06,2.5499788103493999,,
1650,0.0040000000000000001,306.05575535239961,306.05575670149125,-1.3490916330738401e-06,2.5499449634007765,,
1650,0.0050000000000000001,306.1262268128869,306.12622823458656,-1.4216996646609914e-06,2.5498597652213135,,
1650,0.0060000000000000001,306.21240285528796,306.21240436275747,-1.5074695056682685e-06,2.5496544571636113,,
1650,0.0070000000000000001,306.314306409918,306.31430801452603,-1.6046080304477073e-06,2.5491823337777877,,
1650,0.0080000000000000002,306.43196048355611,306.43196219382475,-1.7102686342695961e-06,2.5481487993108893,,
1650,0.0090000000000000011,306.56538518749443,306.56538700699571,-1.8195012785326981e-06,2.545998405344883,,
1650,0.01,306.71459372266798,306.71459564630317,-1.9236351818108233e-06,2.541750036399558,,
1650,0.010999999999999999,306.8795873949702,306.87958940327024,-2.0083000435988652e-06,2.5337836592385634,,
1650,0.012,307.06035019139296,307.06035224372965,-2.052336697033752e-06,2.5196037184987627,,
1650,0.013000000000000001,307.25684420027591,307.25684623082492,-2.0305490124883363e-06,2.4956307638307078,,
1650,0.014,307.46900812370677,307.46901004742278,-1.9237160131524433e-06,2.4570925314953085,,
1650,0.014999999999999999,307.69676195824218,307.69676369319797,-1.7349557879242639e-06,2.3980823731486018,,
1650,0.016,307.94002095191655,307.94002245721475,-1.5052982007546234e-06,2.3118126421218261,,
1650,0.017000000000000001,308.19872043816196,308.19872175450053,-1.3163385688130802e-06,2.1910058945354085,,
1650,0.018000000000000002,308.47284981270059,308.47285108080632,-1.2681057341978885e-06,2.0282265011645988,,
1650,0.019,308.76248951051736,308.76249095396309,-1.443445739823801e-06,1.8156896851529805,,
1650,0.02,309.06784131920978,309.06784321081625,-1.8916064732366067e-06,1.5432950575623441,,
1660,0,305.98340465721935,305.98340590975789,-1.2525385386652488e-06,2.5499972068586469,,
1660,0.001,305.99123202143863,305.99123328045727,-1.259018631571962e-06,2.5499960074823464,,
1660,0.002,306.0147165611736,306.01471784563148,-1.2844578805015772e-06,2.5499911188995679,,
1660,0.0030000000000000001,306.05386549230514,306.05386681877906,-1.3264739209262189e-06,2.5499774756873004,,
1660,0.0040000000000000001,306.10869040290976,306.10869178724948,-1.3843397255186574e-06,2.5499418619717531,,
1660,0.0050000000000000001,306.1792065268242,306.17920798379822,-1.4569740187653224e-06,2.5498527282757424,,
1660,0.0060000000000000001,306.26543159286763,306.26543313554362,-1.5426759887304797e-06,2.5496391042713431,,
1660,0.0070000000000000001,306.36738413282472,306.36738577142523,-1.6386005086133082e-06,2.5491503721241981,,
1660,0.0080000000000000002,306.48508114050821,306.48508288040739,-1.739899175845494e-06,2.5480855961648881,,
1660,0.0090000000000000011,306.61853504561992,306.61853688422354,-1.8386036231277103e-06,2.5458800330023812,,
1660,0.01,306.76775013812261,306.76775206079424,-1.9226716290177137e-06,2.5415404841454312,,
1660,0.010999999999999999,306.93271888393434,306.93272086005368,-1.9761193357226148e-06,2.533433514396326,,
1660,0.012,307.11341900883872,307.11342099035738,-1.9815186647065275e-06,2.5190520508735088,,
1660,0.013000000000000001,307.30981271805706,307.30981464384826,-1.9257911958447949e-06,2.4948117899446633,,
1660,0.014,307.52184978176308,307.5218515903419,-1.8085788155985938e-06,2.4559475706845268,,
1660,0.014999999999999999,307.74947617637582,307.74947782643659,-1.6500607671332546e-06,2.3965757170651489,,
1660,0.016,307.99264925112794,307.99265074524163,-1.4941136896595708e-06,2.3099478556877973,,
1660,0.017000000000000001,308.25135888535573,308.25136028830411,-1.4029483850208635e-06,2.1888376850507516,,
1660,0.018000000000000002,308.52565205441653,308.52565349677928,-1.4423627590076649e-06,2.025863400305389,,
1660,0.019,308.81565627027277,308.81565793359681,-1.6633240420560469e-06,1.8132844293424659,,
1660,0.02,309.12159637435622,309.12159847057097,-2.0962147573300172e-06,1.5410208941510559,,
1670,0,306.03628913267721,306.03629042337855,-1.2907013342555729e-06,2.5499969812021117,,
1670,0.001,306.04412172433302,306.04412302155544,-1.2972224112672848e-06,2.5499957012680929,,
1670,0.002,306.06762165791486,306.06762298069867,-1.3227838167040318e-06,2.5499905030631411,,
1670,0.0030000000000000001,306.10679524813833,306.10679661311968,-1.364981358165096e-06,2.5499760734280166,,
1670,0.0040000000000000001,306.1616524660767,306.16165388899157,-1.4229148632693978e-06,2.5499386235759403,,
1670,0.0050000000000000001,306.23220605796996,306.23220755296973,-1.4949997648727731e-06,2.5498454228787195,,
1670,0.0060000000000000001,306.31847022531815,306.31847180382755,-1.5785093978593068e-06,2.549623251414106,,
1670,0.0070000000000000001,306.420458821995,306.420460490957,-1.6689619997123373e-06,2.5491175349693238,,
1670,0.0080000000000000002,306.53818308148675,306.53818484095103,-1.7594642827134521e-06,2.5480209632661266,,
1670,0.0090000000000000011,306.6716490078328,306.67165084815866,-1.8403258650323551e-06,2.5457595006938987,,
1670,0.01,306.82085475849527,306.82085665793869,-1.8994434185515274e-06,2.5413279424526252,,
1670,0.010999999999999999,306.98578860570012,306.98579052970808,-1.9240079609517124e-06,2.5330796317040938,,
1670,0.012,307.16642833696079,307.16643024081117,-1.9038503751289682e-06,2.5184962605734391,,
1670,0.013000000000000001,307.36274315140048,307.36274498751789,-1.8361174056735763e-06,2.4939890022445068,,
1670,0.014,307.57469909581624,307.57470082583643,-1.7300201875514176e-06,2.4548000661768317,,
1670,0.014999999999999999,307.80226873501022,307.8022703448226,-1.6098123865049274e-06,2.395068818453431,,
1670,0.016,308.04544500456541,308.04544651868957,-1.5141241647143033e-06,2.3080859279996999,,
1670,0.017000000000000001,308.30425812660593,308.30425961686751,-1.4902615816936304e-06,2.1866756926245525,,
1670,0.018000000000000002,308.57879332240645,308.57879490664533,-1.5842388734199631e-06,2.0235093859168147,,
1670,0.019,308.86920620204228,308.86920803133171,-1.8292894310434349e-06,1.8108898911462388,,
1670,0.02,309.17573252600278,309.17573477202063,-2.2460178570327116e-06,1.538757291756073,,
1680,0,306.08920674747844,306.0892080794157,-1.3319372555997688e-06,2.5499967402444366,,
1680,0.001,306.09704384857054,306.09704518706627,-1.3384957355810911e-06,2.5499953754478519,,
1680,0.002,306.12055695974936,306.12055832382612,-1.3640767519973451e-06,2.5499898521587352,,
1680,0.0030000000000000001,306.15975132080956,306.1597527268068,-1.4059972386348818e-06,2.5499746010484485,,
1680,0.0040000000000000001,306.21463504477373,306.21463650758227,-1.4628085409640335e-06,2.5499352439902254,,
1680,0.0050000000000000001,306.28521817136721,306.28521970341359,-1.5320463830903464e-06,2.5498378423737353,,
1680,0.0060000000000000001,306.3715113296247,306.37151293942554,-1.6098008472908987e-06,2.5496068890130505,,
1680,0.0070000000000000001,306.47352404673529,306.47352573705444,-1.6903191522033012e-06,2.5490838101535713,,
1680,0.0080000000000000002,306.59126281996225,306.59126458579311,-1.7658308593127003e-06,2.5479548878094338,,
1680,0.0090000000000000011,306.72472919203165,306.72473101890694,-1.8268752910444164e-06,2.5456367990757158,,
1680,0.01,306.87391822912565,306.87392009254285,-1.8634171965459245e-06,2.5411124114985375,,
1680,0.010999999999999999,307.03881796638569,307.03881983329865,-1.8669129531190265e-06,2.5327220272698696,,
1680,0.012,307.21941050782118,307.21941234102331,-1.8332021340938809e-06,2.5179363833759223,,
1680,0.013000000000000001,307.41567547757279,307.41567724324182,-1.7656690260992036e-06,2.4931624537848611,,
1680,0.014,307.627596349182,307.62759802688993,-1.6777079281382612e-06,2.4536500777626613,,
1680,0.014999999999999999,307.85516978836438,307.85517138178659,-1.5934222119540209e-06,2.3935617264338025,,
1680,0.016,308.09841755171959,308.09841909734303,-1.5456234336852503e-06,2.3062268784033755,,
1680,0.017000000000000001,308.35739978651424,308.357401357333,-1.5708187675045338e-06,2.1845198936076198,,
1680,0.018000000000000002,308.63222794561722,308.63222964764867,-1.7020314544424764e-06,2.0211643907003776,,
1680,0.019,308.92307517054633,308.92307713133738,-1.960791053079447e-06,1.808505972197473,,
1680,0.02,309.23018268419366,309.23018443082668,-1.7466330177740019e-06,1.5365041525487702,,
1690,0,306.14215227152494,306.14215364838822,-1.3768632811661519e-06,2.5499964831591289,,
1690,0.001,306.14999305593091,306.14999443830033,-1.382369418934104e-06,2.549995029030709,,
1690,0.002,306.17351683799541,306.17351824521376,-1.4072183489588497e-06,2.549989164654483,,
1690,0.0030000000000000001,306.21272771746288,306.21272916496309,-1.4475002103608858e-06,2.5499730559702316,,
1690,0.0040000000000000001,306.26763190854291,306.26763340964516,-1.501102246947994e-06,2.5499317189288959,,
1690,0.0050000000000000001,306.33823683259857,306.33823839732673,-1.5647281657038548e-06,2.5498299800515469,,
1690,0.0060000000000000001,306.42454990805754,306.42455154169681,-1.6336392718585557e-06,2.5495900074804378,,
1690,0.0070000000000000001,306.52657713870639,306.52657884026655,-1.7015601656567014e-06,2.5490491855989896,,
1690,0.0080000000000000002,306.64432168080998,306.6443234417203,-1.7609103224458522e-06,2.5478873572021925,,
1690,0.0090000000000000011,306.77778267006892,306.77778447360271,-1.8035337916444405e-06,2.5455119191469615,,
1690,0.01,306.92695469512626,306.92695651715962,-1.8220333686258527e-06,2.5408938918555046,,
1690,0.010999999999999999,307.091828386673,307.09183019831272,-1.8116397200174106e-06,2.5323607174832286,,
1690,0.012,307.27239261244529,307.27239438466302,-1.7722177290124819e-06,2.5173724550203436,,
1690,0.013000000000000001,307.46863869432383,307.46864040396514,-1.7096413102990482e-06,2.4923321971203261,,
1690,0.014,307.68056691066386,307.68056854739353,-1.6367296780117613e-06,2.4524976643079843,,
1690,0.014999999999999999,307.90819556818821,307.90819714473525,-1.576547049353394e-06,2.3920544890487254,,
1690,0.016,308.15157410197418,308.15157566083082,-1.5588566384394653e-06,2.3043707254499557,,
1690,0.017000000000000001,308.41080584853864,308.41080745746342,-1.6089247765194159e-06,2.1823702642553386,,
1690,0.018000000000000002,308.68609330147342,308.68609514872765,-1.8472542251402047e-06,2.0188283480044427,,
1690,0.019,308.9778201122233,308.97782271246541,-2.6002421122939268e-06,1.8061325759933193,,
1690,0.02,309.28666204623391,309.28666620808741,-4.1618534964982246e-06,1.5342615214587059,,
1700,0,306.19512000536622,306.19512142705645,-1.4216902286534605e-06,2.5499962090877055,,
1700,0.001,306.20296362528092,306.20296505197393,-1.4266930179474002e-06,2.5499946609905693,,
1700,0.002,306.22649554753275,306.22649699742641,-1.449893659355439e-06,2.5499884389745526,,
1700,0.0030000000000000001,306.26571878947465,306.26572027649496,-1.4870203131067683e-06,2.5499714355597596,,
1700,0.0040000000000000001,306.32063782572351,306.32063936115964,-1.5354361266872729e-06,2.5499280440444783,,
1700,0.0050000000000000001,306.39125780688852,306.39125939818797,-1.5912994513200829e-06,2.5498218291521213,,
1700,0.0060000000000000001,306.4775835787645,306.47758522827678,-1.6495122849846666e-06,2.5495725972225531,,
1700,0.0070000000000000001,306.57961864080443,306.57962034467971,-1.7038752844200644e-06,2.5490136493121818,,
1700,0.0080000000000000002,306.69736424971694,306.69736599725593,-1.7475389881838055e-06,2.5478183590652694,,
1700,0.0090000000000000011,306.83081894597268,306.83082071978987,-1.7738171891323873e-06,2.5453848522463027,,
1700,0.01,306.97997884624539,306.97998062369788,-1.7774524962987925e-06,2.5406723844822623,,
1700,0.010999999999999999,307.14483909833166,307.14484085475641,-1.756424751420127e-06,2.5319957190035804,,
1700,0.012,307.32539696544961,307.32539867911646,-1.7136668475359329e-06,2.516804511198782,,
1700,0.013000000000000001,307.52165719785859,307.52165885425677,-1.6563981830586272e-06,2.4914982843054236,,
1700,0.014,307.73364085443893,307.7336424479559,-1.5935169699332619e-06,2.4513428837674649,,
1700,0.014999999999999999,307.9613997222263,307.96140126310155,-1.5408752460643882e-06,2.3905471532863269,,
1700,0.016,308.20503970750423,308.20504125193486,-1.5444306313838752e-06,2.302517486919692,,
1700,0.017000000000000001,308.46475684519015,308.46475856346427,-1.7182741203214391e-06,2.1802267807334244,,
1700,0.018000000000000002,308.74088690026491,308.74088914448532,-2.244220411284914e-06,2.0165011918354292,,
1700,0.019,309.03396262846894,309.03396590228203,-3.2738130926190934e-06,1.8037696083392545,,
1700,0.02,309.34476365779153,309.34476850779026,-4.8499987315153703e-06,1.5320292841102181,,
1710,0,306.24810438645034,306.24810585149146,-1.4650411230832106e-06,2.5499959171390443,,
1710,0.001,306.25595006073894,306.25595152997289,-1.4692339505018026e-06,2.5499942702655627,,
1710,0.002,306.27948782772307,306.27948931763001,-1.4899069356033579e-06,2.5499876734987432,,
1710,0.0030000000000000001,306.31871978052521,306.31872130307676,-1.5225515426209313e-06,2.5499697371282317,,
1710,0.0040000000000000001,306.37364896217889,306.37365052640621,-1.5642273183402722e-06,2.5499242149285841,,
1710,0.0050000000000000001,306.44427876533661,306.44428037619514,-1.6108585327856417e-06,2.5498133828665632,,
1710,0.0060000000000000001,306.53061223442438,306.53061389177122,-1.6573468428759952e-06,2.5495546486425829,,
1710,0.0070000000000000001,306.63265142615057,306.63265312405878,-1.69790820336857e-06,2.5489771893871307,,
1710,0.0080000000000000002,306.75039704386211,306.75039877054485,-1.726682739899843e-06,2.5477478812338847,,
1710,0.0090000000000000011,306.8838486302256,306.88385036878901,-1.7385634123456839e-06,2.5452555900486664,,
1710,0.01,307.03300569152015,307.03300742149975,-1.729979601350351e-06,2.5404478907155816,,
1710,0.010999999999999999,307.1978702616139,307.19787196104807,-1.6994341649478883e-06,2.5316270487488084,,
1710,0.012,307.37845163541346,307.37845328369417,-1.6482807154716284e-06,2.5162325875470359,,
1710,0.013000000000000001,307.57477433729474,307.57477592084376,-1.5835490216886683e-06,2.4906607668946572,,
1710,0.014,307.78689078194623,307.78689230730618,-1.5253599485731684e-06,2.4501857931972446,,
1710,0.014999999999999999,308.01490029786851,308.01490181555005,-1.5176815395534504e-06,2.3890397651030977,,
1710,0.016,308.2589757664631,308.2589774015629,-1.6350998066627653e-06,2.3006671798447096,,
1710,0.017000000000000001,308.5193975801194,308.51939955912775,-1.9790083456427965e-06,2.178089419122673,,
1710,0.018000000000000002,308.79659181745956,308.79659447348013,-2.6560205697023775e-06,2.0141828568776909,,
1710,0.019,309.09116613913147,309.09116988007821,-3.7409467381621653e-06,1.8014169790400185,,
1710,0.02,309.40393446473058,309.40393972936562,-5.264635035473475e-06,1.5298072981285393,,
1720,0,306.30110052876955,306.30110203334334,-1.5045737882246613e-06,2.5499956063887677,,
1720,0.001,306.30894761038496,306.3089491181031,-1.5077181387823657e-06,2.5499938557574677,,
1720,0.002,306.33248935213618,306.33249087733253,-1.525196353213687e-06,2.5499868665621159,,
1720,0.0030000000000000001,306.37172714470978,306.3717286971098,-1.5524000218647416e-06,2.5499679579317354,,
1720,0.0040000000000000001,306.4266629942403,306.42666458054458,-1.5863042790442705e-06,2.5499202271128016,,
1720,0.0050000000000000001,306.49729913287626,306.49730075575076,-1.6228744925683714e-06,2.5498046343390723,,
1720,0.0060000000000000001,306.58363763490956,306.58363929219252,-1.6572829508731957e-06,2.5495361521434408,,
1720,0.0070000000000000001,306.68568021263161,306.68568189689711,-1.6842654986248817e-06,2.5489397940078962,,
1720,0.0080000000000000002,306.80342843681177,306.80343013540926,-1.6985974866656761e-06,2.5476759117582728,,
1720,0.0090000000000000011,306.93688471921035,306.93688641489973,-1.6956893773567572e-06,2.5451241245617626,,
1720,0.01,307.08605451963803,307.08605619209436,-1.6724563351999677e-06,2.5402204122618781,,
1720,0.010999999999999999,307.25095040395445,307.25095203284741,-1.628892960070516e-06,2.5312547238840897,,
1720,0.012,307.43159876688225,307.43160033785597,-1.5709737226643483e-06,2.515656719636056,,
1720,0.013000000000000001,307.62805018306864,307.62805169829414,-1.5152255059547315e-06,2.4898196959429577,,
1720,0.014,307.84039433427955,307.8403958284598,-1.4941802533030568e-06,2.4490264487679152,,
1720,0.014999999999999999,308.06878009949128,308.06878165932864,-1.5598373579450708e-06,2.3875323694464163,,
1720,0.016,308.31344052223386,308.31344230403545,-1.781801586275833e-06,2.2988198205311097,,
1720,0.017000000000000001,308.5747209650562,308.57472320344067,-2.2383844680007314e-06,2.175958155424135,,
1720,0.018000000000000002,308.85310707477254,308.85311007515276,-3.0003802180544881e-06,2.0118732785348525,,
1720,0.019,309.14924775417114,309.14925186597361,-4.1118024682873511e-06,1.7990746004434983,,
1720,0.02,309.463967855004,309.46397344459064,-5.5895866353239398e-06,1.5275954534758482,,
1730,0,306.35410459331803,306.35410613159962,-1.5382815945486072e-06,2.5499952758786164,,
1730,0.001,306.36195261033151,306.36195415055545,-1.5402239341710811e-06,2.5499934163311546,,
1730,0.002,306.38549699564834,306.38549854973792,-1.5540895788035414e-06,2.5499860164546306,,
1730,0.0030000000000000001,306.42473869678776,306.42474027206657,-1.5752788158351905e-06,2.549966095171357,,
1730,0.0040000000000000001,306.47967913337112,306.47968073418764,-1.6008165175662725e-06,2.5499160760696018,,
1730,0.0050000000000000001,306.55032004673785,306.55032167352886,-1.626791004127881e-06,2.5497955766688931,,
1730,0.0060000000000000001,306.636663474324,306.63666512290689,-1.6485828950862924e-06,2.5495170981305582,,
1730,0.0070000000000000001,306.73871205071885,306.73871371195588,-1.6612370359325723e-06,2.5489014514512269,,
1730,0.0080000000000000002,306.85646992028427,306.85647158033112,-1.6600468484284647e-06,2.5476024389042582,,
1730,0.0090000000000000011,306.98994464702974,306.98994628852751,-1.6414977608292247e-06,2.5449904481225989,,
1730,0.01,307.13915062199646,307.13915222679282,-1.6047963526943931e-06,2.5399899511889497,,
1730,0.010999999999999999,307.3041145781072,307.30411613227744,-1.5541702396149049e-06,2.5308787618110289,,
1730,0.012,307.48488388550658,307.48488538739826,-1.5018916883491329e-06,2.5150769429637143,,
1730,0.013000000000000001,307.68153824867403,307.68153972019434,-1.471520306495222e-06,2.4889751220063103,,
1730,0.014,307.89420517590628,307.8942066760838,-1.5001775182099664e-06,2.4478649057772515,,
1730,0.014999999999999999,308.12307907205121,308.1230807102823,-1.6382310832341318e-06,2.3860250102764136,,
1730,0.016,308.36844300862379,308.36844495383536,-1.9452115793683333e-06,2.2969754245800487,,
1730,0.017000000000000001,308.63069125425727,308.63069373573558,-2.4814783046167577e-06,2.1738329655655293,,
1730,0.018000000000000002,308.91034973066257,308.91035302714948,-3.2964869092211302e-06,2.0095723930021538,,
1730,0.019,309.20809100784805,309.20809542455936,-4.4167113060211705e-06,1.7967423854862081,,
1730,0.02,309.52474056455571,309.52474641534042,-5.8507847029432014e-06,1.5253936481628165,,
1740,0,306.40711401082751,306.40711557539521,-1.5645676967324107e-06,2.5499949246158482,,
1740,0.001,306.41496269343111,306.41496425863801,-1.5652069009775005e-06,2.5499929508140298,,
1740,0.002,306.438509009239,306.43851058440828,-1.5751692785670457e-06,2.5499851214208178,,
1740,0.0030000000000000001,306.47775375815706,306.47775534804089,-1.5898838228167733e-06,2.5499641459933149,,
1740,0.0040000000000000001,306.53269828826637,306.53269989470795,-1.6064415717664815e-06,2.5499117572132763,,
1740,0.0050000000000000001,306.60334462024463,306.60334624131633,-1.6210717035392008e-06,2.5497862029122587,,
1740,0.0060000000000000001,306.68969583243552,306.68969746188986,-1.6294543456751853e-06,2.5494974770146208,,
1740,0.0070000000000000001,306.79175693205298,306.79175855931214,-1.6272591665256186e-06,2.548862150089064,,
1740,0.0080000000000000002,306.90953651913992,306.90953813013601,-1.6109960938592849e-06,2.5475274511536918,,
1740,0.0090000000000000011,307.04304963369452,307.04305121298756,-1.5792930412317219e-06,2.544854553393904,,
1740,0.01,307.19232224831711,307.19232378297858,-1.5346614645750378e-06,2.5397565099177948,,
1740,0.010999999999999999,307.35739790218332,307.35739938785315,-1.4856698271614732e-06,2.530499180157054,,
1740,0.012,307.53834692838814,307.5383483775941,-1.449205967674061e-06,2.5144932929469417,,
1740,0.013000000000000001,307.73527856107103,307.73528001328856,-1.4522175320053066e-06,2.4881270951425987,,
1740,0.014,307.94835588500649,307.94835741708329,-1.5320767943194369e-06,2.4467012186628572,,
1740,0.014999999999999999,308.17781310181851,308.17781483654124,-1.7347227299069345e-06,2.3845177305873668,,
1740,0.016,308.42397397814551,308.42397608823808,-2.1100925664541137e-06,2.2951340069079746,,
1740,0.017000000000000001,308.68726971848992,308.68727242351008,-2.7050201651945827e-06,2.1717138254098631,,
1740,0.018000000000000002,308.96825402679622,308.96825758143291,-3.5546366916605621e-06,2.0072801373125615,,
1740,0.019,309.26761295727039,309.26761763140331,-4.6741329242649954e-06,1.7944202473859123,,
1740,0.02,309.5861672870148,309.58617350171681,-6.2147020116753993e-06,1.5232017844420087,,
1750,0,306.46012766480123,306.46012924542867,-1.5806274404894793e-06,2.5499945515726381,,
1750,0.001,306.46797697421846,306.46797855513364,-1.5809151818757528e-06,2.5499924579955007,,
1750,0.002,306.49152521449321,306.49152680119283,-1.5866996250224474e-06,2.5499841796594538,,
1750,0.0030000000000000001,306.53077337572228,306.5307749702053,-1.5944830238368013e-06,2.5499621074891192,,
1750,0.0040000000000000001,306.58572331973602,306.58572492126115,-1.6015251276257914e-06,2.5499072659008881,,
1750,0.0050000000000000001,306.65637820953106,306.65637981392217,-1.6043911159613344e-06,2.5497765060843469,,
1750,0.0060000000000000001,306.74274333760559,306.74274493701125,-1.5994056639101473e-06,2.5494772792142606,,
1750,0.0070000000000000001,306.8448275854588,306.84482916882507,-1.5833662700970308e-06,2.5488218783909504,,
1750,0.0080000000000000002,306.96264581321896,306.96264736779267,-1.5545737142019789e-06,2.5474509372047813,,
1750,0.0090000000000000011,307.09622253261006,307.09622404681346,-1.5142034044401953e-06,2.5447164333605241,,
1750,0.01,307.24559724127636,307.24559870923571,-1.4679593505206867e-06,2.5395200912145297,,
1750,0.010999999999999999,307.41083176851168,307.41083319635578,-1.4278440971793316e-06,2.5301159967650815,,
1750,0.012,307.59201987486148,307.59202128869816,-1.4138366850602324e-06,2.5139058049141836,,
1750,0.013000000000000001,307.78929913223806,307.7893005875851,-1.4553470464306884e-06,2.4872756649126511,,
1750,0.014,308.00286472610111,308.00286631710469,-1.5910035813249124e-06,2.4455354410146617,,
1750,0.014999999999999999,308.23298397688302,308.23298583835435,-1.8614713326314813e-06,2.3830105724285615,,
1750,0.016,308.48000798186655,308.48001028204106,-2.3001745148576447e-06,2.2932955817661047,,
1750,0.017000000000000001,308.74437072068361,308.74437364992184,-2.9292382350831758e-06,2.1696007107669328,,
1750,0.018000000000000002,309.02655650307446,309.02656017690992,-3.6738354651788541e-06,2.004996449324651,,
1750,0.019,309.32701486214711,309.32701908121146,-4.2190643512185488e-06,1.7921080998371399,,
1750,0.02,309.64602944473108,309.64603361853733,-4.173806246399181e-06,1.5210198625099378,,
1760,0,306.51314609670317,306.51314768401198,-1.5873088159423787e-06,2.5499941556854999,,
1760,0.001,306.52099625574033,306.52099784185407,-1.5861137399042491e-06,2.5499919366264598,,
1760,0.002,306.54454721119112,306.54454879869121,-1.5875000940468453e-06,2.5499831893232825,,
1760,0.0030000000000000001,306.58380051444726,306.58380210257536,-1.5881281001384195e-06,2.5499599766957766,,
1760,0.0040000000000000001,306.63875917156213,306.63876075714836,-1.5855862329772208e-06,2.549902597433265,,
1760,0.0050000000000000001,306.70942838778222,306.7094299648154,-1.5770331742714916e-06,2.5497664791612329,,
1760,0.0060000000000000001,306.79581683612315,306.79581839589349,-1.5597703395542339e-06,2.5494564951586955,,
1760,0.0070000000000000001,306.8979386697697,306.89794020185298,-1.532083274469187e-06,2.5487806249263212,,
1760,0.0080000000000000002,307.01581654478582,307.01581803915747,-1.4943716450943612e-06,2.5473728859722549,,
1760,0.0090000000000000011,307.1494859422736,307.14948739281613,-1.4505425269817351e-06,2.544576081325669,,
1760,0.01,307.29900105758878,307.29900246703653,-1.4094477478465706e-06,2.5392806981823197,,
1760,0.010999999999999999,307.46444242099517,307.46444380693475,-1.3859395835424948e-06,2.5297292296834,,
1760,0.012,307.6459261504894,307.64592755209566,-1.401606255058141e-06,2.5133145140982229,,
1760,0.013000000000000001,307.84361415639006,307.84361564286854,-1.4864784816381871e-06,2.486420880381595,,
1760,0.014,308.05772348146843,308.05772516116633,-1.6796979025457404e-06,2.4443676255874878,,
1760,0.014999999999999999,308.28853110862588,308.28853312645271,-2.01782683006968e-06,2.3815035769248576,,
1760,0.016,308.53636838940179,308.5363708913693,-2.5019675149451359e-06,2.2914601627594431,,
1760,0.017000000000000001,308.801598331001,308.80160138645772,-3.0554567160834267e-06,2.1674935974068812,,
1760,0.018000000000000002,309.08457194900785,309.08457546436563,-3.515357775540906e-06,2.0027212676763684,,
1760,0.019,309.38556838250656,309.38557208988192,-3.7073753560434852e-06,1.7898058576238693,,
1760,0.02,309.70473498306262,309.70473854713032,-3.5640676969705964e-06,1.5188477777215812,,
1770,0,306.56617168706589,306.56617326913658,-1.5820706948943553e-06,2.5499937358547009,,
1770,0.001,306.5740232001769,306.57402477956873,-1.579391835093702e-06,2.5499913854187692,,
1770,0.002,306.59757851093434,306.59758008735503,-1.5764206864332664e-06,2.5499821485187275,,
1770,0.0030000000000000001,306.63684011195573,306.63684168205134,-1.5700956055297866e-06,2.5499577505959832,,
1770,0.0040000000000000001,306.69181278288295,306.69181434142001,-1.5585370647386299e-06,2.5498977470559852,,
1770,0.0050000000000000001,306.76250463522973,306.76250617500455,-1.5397748143186618e-06,2.5497561150818222,,
1770,0.0060000000000000001,306.84892878228072,306.84893029469424,-1.5124135188671062e-06,2.5494351152903367,,
1770,0.0070000000000000001,306.9511058221716,306.95110729869157,-1.4765199694011244e-06,2.5487383783667337,,
1770,0.0080000000000000002,307.06906733917828,307.06906877386501,-1.4346867374115391e-06,2.5472932865875086,,
1770,0.0090000000000000011,307.20286059725294,307.2028619905185,-1.3932655633652757e-06,2.544433490907263,,
1770,0.01,307.35255448167084,307.3525558454898,-1.3638189670928114e-06,2.5390383342535534,,
1770,0.010999999999999999,307.51824647893233,307.51824784354073,-1.3646084084939503e-06,2.5293388971558914,,
1770,0.012,307.70006999948055,307.70007142049843,-1.4210178846951749e-06,2.5127194556292713,,
1770,0.013000000000000001,307.89820060256011,307.89820216479308,-1.5622329669895407e-06,2.485562790120178,,
1770,0.014,308.11285876630137,308.11286057698953,-1.8106881611856807e-06,2.443197824313128,,
1770,0.014999999999999999,308.34430609496854,308.34430825997629,-2.1650077428603254e-06,2.3799967842963623,,
1770,0.016,308.59283189482636,308.59283448047972,-2.5856533625301381e-06,2.289627762865095,,
1770,0.017000000000000001,308.85872858827508,308.85873158232778,-2.9940526928839972e-06,2.165392461073758,,
1770,0.018000000000000002,309.14225772766838,309.14226101778735,-3.2901189683798293e-06,2.0004545317353251,,
1770,0.019,309.44361264971712,309.44361603639572,-3.3866785997815896e-06,1.7875134379759143,,
1770,0.02,309.76288722260466,309.76289047416725,-3.251562588957313e-06,1.5166854079094165,,
1780,0,306.61920873149433,306.61921029565895,-1.5641646200492687e-06,2.5499932909437151,,
1780,0.001,306.62706238492058,306.62706394502305,-1.5601024756506376e-06,2.5499908030447727,,
1780,0.002,306.65062453107601,306.65062608419873,-1.5531227290921379e-06,2.5499810553056497,,
1780,0.0030000000000000001,306.68989896238264,306.68990050295099,-1.5405683484459587e-06,2.5499554261183817,,
1780,0.0040000000000000001,306.74489280828226,306.74489432956369,-1.5212814332699054e-06,2.5498927099604058,,
1780,0.0050000000000000001,306.81561783724874,306.81561933162459,-1.4943758515073569e-06,2.5497454067498011,,
1780,0.0060000000000000001,306.90209244306237,306.90209390301487,-1.459952500226791e-06,2.5494131300673226,,
1780,0.0070000000000000001,307.00434444058567,307.00434586063585,-1.4200501823324885e-06,2.5486951274879699,,
1780,0.0080000000000000002,307.12241476491721,307.12241614471077,-1.3797935594084265e-06,2.5472121283985532,,
1780,0.0090000000000000011,307.25636206558136,307.25636341417089,-1.3485895351550425e-06,2.5442886560341123,,
1780,0.01,307.40626798271018,307.40626932364233,-1.3409321582003031e-06,2.538793003181965,,
1780,0.010999999999999999,307.57224256140745,307.5722439373377,-1.3759302532889706e-06,2.5289450176124206,,
1780,0.012,307.7544288141587,307.75443028856154,-1.4744028362656536e-06,2.5121206645284024,,
1780,0.013000000000000001,307.95300496033121,307.953006613078,-1.6527467892046843e-06,2.4847014422064828,,
1780,0.014,308.16818253611814,308.16818445032476,-1.9142066207677999e-06,2.4420260883126539,,
1780,0.014999999999999999,308.40019864178987,308.40020088250844,-2.2407185724659939e-06,2.3784902338780212,,
1780,0.016,308.64930133642417,308.64930392643754,-2.5900133664435998e-06,2.2877983944505544,,
1780,0.017000000000000001,308.91572869608274,308.91573159697742,-2.9008946853537054e-06,2.1632972774973909,,
1780,0.018000000000000002,309.19968407337052,309.19968718012757,-3.106757048954023e-06,1.9981961815728511,,
1780,0.019,309.5013120076535,309.50131516192516,-3.1542716669719084e-06,1.7852307597776633,,
1780,0.02,309.82068020479778,309.82068323356481,-3.0287670256257115e-06,1.5145326534283181,,
1790,0,306.67226336961858,306.67226490327073,-1.5336521528297453e-06,2.5499928197786672,,
1790,0.001,306.68012020786699,306.6801217362846,-1.5284176129171101e-06,2.5499901881368188,,
1790,0.002,306.70369242721665,306.70369394531764,-1.5181009871412243e-06,2.5499799076971148,,
1790,0.0030000000000000001,306.74298542033262,306.74298692088911,-1.5005564932835114e-06,2.5499530001378221,,
1790,0.0040000000000000001,306.79800912165751,306.79801059718244,-1.475524925353966e-06,2.5498874812847023,,
1790,0.0050000000000000001,306.86877948329192,306.86878092674681,-1.4434548916142376e-06,2.5497343470355673,,
1790,0.0060000000000000001,306.95532063073767,306.95532203699742,-1.406259741543181e-06,2.5493905299660238,,
1790,0.0070000000000000001,307.05766773335449,307.05766910157047,-1.3682159760719514e-06,2.5486508611720518,,
1790,0.0080000000000000002,307.17587055045595,307.17587188726714,-1.3368111808631511e-06,2.5471294009698999,,
1790,0.0090000000000000011,307.30999747314047,307.30999879633106,-1.3231905882093997e-06,2.5441415709420832,,
1790,0.01,307.46013966754128,307.4601410092265,-1.3416852198133711e-06,2.5385447090349147,,
1790,0.010999999999999999,307.62641465256144,307.62641606043906,-1.4078776189307973e-06,2.5285476096595016,,
1790,0.012,307.8089683658115,307.80896990075217,-1.5349406794484821e-06,2.5115181757012799,,
1790,0.013000000000000001,308.00797458037863,308.00797630898842,-1.7286097886426433e-06,2.483836884227717,,
1790,0.014,308.22363055969214,308.22363254174968,-1.9820575403173279e-06,2.4408524679084276,,
1790,0.014999999999999999,308.45614820020438,308.45615047292517,-2.2727207920070214e-06,2.376983964138577,,
1790,0.016,308.70574066631269,308.70574322932498,-2.5630122877373651e-06,2.285972069291613,,
1790,0.017000000000000001,308.97260558983146,308.97260839563893,-2.8058074690306967e-06,2.1612080224029788,,
1790,0.018000000000000002,309.25690704538937,309.25690999959312,-2.954203750960005e-06,1.9959461579731372,,
1790,0.019,309.55875936121134,309.55876233423959,-2.9730282449236256e-06,1.7829577423704988,,
1790,0.02,309.87821601654343,309.87821887406437,-2.8575209398695733e-06,1.5123894207558946,,
1800,0,306.72534333632751,306.72534482780486,-1.4914773487362254e-06,2.5499923211478031,,
1800,0.001,306.73320460830644,306.73320609370847,-1.48540203781522e-06,2.5499895392868042,,
1800,0.002,306.75679071927658,306.75679219206523,-1.4727886537002632e-06,2.5499787036591854,,
1800,0.0030000000000000001,306.79610885698816,306.79611030911531,-1.4521271509693179e-06,2.5499504694756587,,
1800,0.0040000000000000001,306.85117201473395,306.85117343896644,-1.4242324937185913e-06,2.5498820561149262,,
1800,0.0050000000000000001,306.92200052443729,306.92200191547209,-1.3910348002355022e-06,2.5497229287781566,,
1800,0.0060000000000000001,307.00862420344669,307.00862555965119,-1.3562045069193118e-06,2.5493673054834849,,
1800,0.0070000000000000001,307.11108505928649,307.11108638502651,-1.325740015545307e-06,2.5486055684091697,,
1800,0.0080000000000000002,307.22944040438284,307.22944171264612,-1.3082632790428761e-06,2.5470450940823395,,
1800,0.0090000000000000011,307.36376609527014,307.36376740999049,-1.3147203503649507e-06,2.5439922301702445,,
1800,0.01,307.51415943916646,307.5141607963489,-1.3571824410973932e-06,2.5382934561857668,,
1800,0.010999999999999999,307.68074113567025,307.68074258227728,-1.446607029720326e-06,2.5281466920712146,,
1800,0.012,307.86365549512391,307.8636570848422,-1.5897182947810506e-06,2.5109120239321601,,
1800,0.013000000000000001,308.06306816609913,308.0630699516845,-1.7855853684523026e-06,2.4829691632821622,,
1800,0.014,308.27916077927813,308.27916280217073,-2.0228926018717175e-06,2.4396770126360074,,
1800,0.014999999999999999,308.51212231168398,308.51212459074998,-2.2790659954807779e-06,2.3754780126991064,,
1800,0.016,308.76213757292038,308.76214009504184,-2.5221214627890731e-06,2.2841487985899822,,
1800,0.017000000000000001,309.02937391523176,309.02937663067758,-2.7154458166478435e-06,2.1591246715191286,,
1800,0.018000000000000002,309.31396790297123,309.31397072779663,-2.8248254011487006e-06,1.9937044024383046,,
1800,0.019,309.61601404549702,309.61601687155974,-2.8260627118470438e-06,1.7806943054097695,,
1800,0.02,309.93555763684907,309.93556035702767,-2.7201785997021943e-06,1.5102556198335615,,
